sample_id,subject_id,variable,value,week
1014220_1,Bologna,Acidovorax,0.151027869,61
1014220_1,Bologna,Acinetobacter,0.017902061,61
1014220_1,Bologna,Aeromonas,0.004477809,61
1014220_1,Bologna,Aliarcobacter,0.006024745,61
1014220_1,Bologna,Aquabacterium_A,0.067314551,61
1014220_1,Bologna,Bacteroides,0.000566395,61
1014220_1,Bologna,Brachymonas,0.007622803,61
1014220_1,Bologna,Brevefilum,9.6059e-05,61
1014220_1,Bologna,Brevundimonas,0.002103927,61
1014220_1,Bologna,Cloacibacterium,0.001992027,61
1014220_1,Bologna,Comamonas,0.022012356,61
1014220_1,Bologna,Competibacter_A,0.000179805,61
1014220_1,Bologna,Enterobacter,0.000573086,61
1014220_1,Bologna,Fermentibacter,6.57668e-06,61
1014220_1,Bologna,Flavobacterium,0.004323289,61
1014220_1,Bologna,Giesbergeria,0.023786934,61
1014220_1,Bologna,Hydrogenophaga,0.005680741,61
1014220_1,Bologna,JAGOYM01,0.004577393,61
1014220_1,Bologna,Janthinobacterium,0.001202827,61
1014220_1,Bologna,Kaistella,0.001768094,61
1014220_1,Bologna,Lactococcus_A,0.000172346,61
1014220_1,Bologna,Lenti-01,0.000706069,61
1014220_1,Bologna,Microthrix,0.00860672,61
1014220_1,Bologna,Moraxella_A,0.002891391,61
1014220_1,Bologna,Neisseria,0.005256431,61
1014220_1,Bologna,Novosphingobium,0.005011927,61
1014220_1,Bologna,Ottowia,0.065601206,61
1014220_1,Bologna,Paracoccus,0.002125051,61
1014220_1,Bologna,Phocaeicola,0.00071128,61
1014220_1,Bologna,Prevotella,0.001389768,61
1014220_1,Bologna,Propionivibrio,0.006587944,61
1014220_1,Bologna,Pseudomonas_E,0.022327219,61
1014220_1,Bologna,Pseudoxanthomonas,0.002939546,61
1014220_1,Bologna,Pseudoxanthomonas_A,0.010707754,61
1014220_1,Bologna,Psychrobacter,0.000862418,61
1014220_1,Bologna,Rubrivivax,0.00071515,61
1014220_1,Bologna,Streptococcus,0.001631514,61
1014220_1,Bologna,Telluria,0.000634116,61
1014220_1,Bologna,Thauera,0.010605097,61
1014220_1,Bologna,Thermomonas,0.014746905,61
1014220_1,Bologna,Thiothrix,0.005864157,61
1014220_1,Bologna,Tolumonas,0.000374621,61
1014220_1,Bologna,Trichococcus,0.007356474,61
1014220_1,Bologna,UBA1413,0.000176371,61
1014222_1,Bologna,Acidovorax,0.195504543,63
1014222_1,Bologna,Acinetobacter,0.053401662,63
1014222_1,Bologna,Aeromonas,0.004094759,63
1014222_1,Bologna,Aliarcobacter,0.001273171,63
1014222_1,Bologna,Aquabacterium_A,0.00899824,63
1014222_1,Bologna,Bacteroides,0.002687853,63
1014222_1,Bologna,Brachymonas,0.007944708,63
1014222_1,Bologna,Brevefilum,1.08245e-05,63
1014222_1,Bologna,Brevundimonas,0.007313642,63
1014222_1,Bologna,Cloacibacterium,0.004182589,63
1014222_1,Bologna,Comamonas,0.012189444,63
1014222_1,Bologna,Competibacter_A,0.000227386,63
1014222_1,Bologna,Enterobacter,0.000388857,63
1014222_1,Bologna,Fermentibacter,9.06805e-06,63
1014222_1,Bologna,Flavobacterium,0.009750341,63
1014222_1,Bologna,Giesbergeria,0.029282284,63
1014222_1,Bologna,Hydrogenophaga,0.003616373,63
1014222_1,Bologna,JAGOYM01,0.000346485,63
1014222_1,Bologna,Janthinobacterium,0.084977167,63
1014222_1,Bologna,Kaistella,0.006535612,63
1014222_1,Bologna,Lactococcus_A,0.000128523,63
1014222_1,Bologna,Lenti-01,0.002331563,63
1014222_1,Bologna,Microthrix,0.001459267,63
1014222_1,Bologna,Moraxella_A,0.00508052,63
1014222_1,Bologna,Neisseria,0.004615479,63
1014222_1,Bologna,Novosphingobium,0.002736972,63
1014222_1,Bologna,Ottowia,0.013396631,63
1014222_1,Bologna,Paracoccus,0.013409566,63
1014222_1,Bologna,Phocaeicola,0.006427852,63
1014222_1,Bologna,Prevotella,0.002394261,63
1014222_1,Bologna,Propionivibrio,0.011148428,63
1014222_1,Bologna,Pseudomonas_E,0.079478505,63
1014222_1,Bologna,Pseudoxanthomonas,0.003641181,63
1014222_1,Bologna,Pseudoxanthomonas_A,0.010462803,63
1014222_1,Bologna,Psychrobacter,0.012183902,63
1014222_1,Bologna,Rubrivivax,0.000228415,63
1014222_1,Bologna,Streptococcus,0.000686222,63
1014222_1,Bologna,Telluria,0.003562682,63
1014222_1,Bologna,Thauera,0.008061359,63
1014222_1,Bologna,Thermomonas,0.012298495,63
1014222_1,Bologna,Thiothrix,0.006839921,63
1014222_1,Bologna,Tolumonas,0.001166291,63
1014222_1,Bologna,Trichococcus,0.002077729,63
1014222_1,Bologna,UBA1413,2.5035e-06,63
1014224_1,Bologna,Acidovorax,0.245589852,65
1014224_1,Bologna,Acinetobacter,0.045212214,65
1014224_1,Bologna,Aeromonas,0.002893185,65
1014224_1,Bologna,Aliarcobacter,0.010808943,65
1014224_1,Bologna,Aquabacterium_A,0.000382423,65
1014224_1,Bologna,Bacteroides,0.000837047,65
1014224_1,Bologna,Brachymonas,0.031530515,65
1014224_1,Bologna,Brevefilum,1.00272e-05,65
1014224_1,Bologna,Brevundimonas,0.0017587,65
1014224_1,Bologna,Cloacibacterium,0.014289649,65
1014224_1,Bologna,Comamonas,0.063271708,65
1014224_1,Bologna,Competibacter_A,0.00015444,65
1014224_1,Bologna,Enterobacter,0.000412842,65
1014224_1,Bologna,Fermentibacter,1.61225e-05,65
1014224_1,Bologna,Flavobacterium,0.005424961,65
1014224_1,Bologna,Giesbergeria,0.018825637,65
1014224_1,Bologna,Hydrogenophaga,0.002650055,65
1014224_1,Bologna,JAGOYM01,0.003589034,65
1014224_1,Bologna,Janthinobacterium,0.00145995,65
1014224_1,Bologna,Kaistella,0.003688006,65
1014224_1,Bologna,Lactococcus_A,0.000437556,65
1014224_1,Bologna,Lenti-01,0.000803461,65
1014224_1,Bologna,Microthrix,0.000246909,65
1014224_1,Bologna,Moraxella_A,0.028364005,65
1014224_1,Bologna,Neisseria,0.035069439,65
1014224_1,Bologna,Novosphingobium,0.001957939,65
1014224_1,Bologna,Ottowia,0.02969827,65
1014224_1,Bologna,Paracoccus,0.003231254,65
1014224_1,Bologna,Phocaeicola,0.000457747,65
1014224_1,Bologna,Prevotella,0.0009419,65
1014224_1,Bologna,Propionivibrio,0.014420226,65
1014224_1,Bologna,Pseudomonas_E,0.01548627,65
1014224_1,Bologna,Pseudoxanthomonas,0.005922608,65
1014224_1,Bologna,Pseudoxanthomonas_A,0.027247542,65
1014224_1,Bologna,Psychrobacter,0.002794995,65
1014224_1,Bologna,Rubrivivax,0.000569588,65
1014224_1,Bologna,Streptococcus,0.004663692,65
1014224_1,Bologna,Telluria,0.001590618,65
1014224_1,Bologna,Thauera,0.024526676,65
1014224_1,Bologna,Thermomonas,0.029835902,65
1014224_1,Bologna,Thiothrix,0.00437835,65
1014224_1,Bologna,Tolumonas,0.000991837,65
1014224_1,Bologna,Trichococcus,0.006932527,65
1014224_1,Bologna,UBA1413,5.82056e-06,65
1014226_1,Bologna,Acidovorax,0.176651078,67
1014226_1,Bologna,Acinetobacter,0.042820995,67
1014226_1,Bologna,Aeromonas,0.003628389,67
1014226_1,Bologna,Aliarcobacter,0.017328234,67
1014226_1,Bologna,Aquabacterium_A,0.00066067,67
1014226_1,Bologna,Bacteroides,0.002665971,67
1014226_1,Bologna,Brachymonas,0.032097762,67
1014226_1,Bologna,Brevefilum,1.83713e-05,67
1014226_1,Bologna,Brevundimonas,0.002156973,67
1014226_1,Bologna,Cloacibacterium,0.044363968,67
1014226_1,Bologna,Comamonas,0.032865003,67
1014226_1,Bologna,Competibacter_A,0.000171508,67
1014226_1,Bologna,Enterobacter,0.000899816,67
1014226_1,Bologna,Fermentibacter,7.12585e-06,67
1014226_1,Bologna,Flavobacterium,0.008944153,67
1014226_1,Bologna,Giesbergeria,0.009952964,67
1014226_1,Bologna,Hydrogenophaga,0.001162992,67
1014226_1,Bologna,JAGOYM01,0.004330018,67
1014226_1,Bologna,Janthinobacterium,0.001371038,67
1014226_1,Bologna,Kaistella,0.004122477,67
1014226_1,Bologna,Lactococcus_A,0.003906218,67
1014226_1,Bologna,Lenti-01,0.001200383,67
1014226_1,Bologna,Microthrix,6.46738e-05,67
1014226_1,Bologna,Moraxella_A,0.034738594,67
1014226_1,Bologna,Neisseria,0.024248381,67
1014226_1,Bologna,Novosphingobium,0.000706638,67
1014226_1,Bologna,Ottowia,0.08656957,67
1014226_1,Bologna,Paracoccus,0.002431747,67
1014226_1,Bologna,Phocaeicola,0.004704475,67
1014226_1,Bologna,Prevotella,0.002994371,67
1014226_1,Bologna,Propionivibrio,0.015473745,67
1014226_1,Bologna,Pseudomonas_E,0.008059392,67
1014226_1,Bologna,Pseudoxanthomonas,0.0116709,67
1014226_1,Bologna,Pseudoxanthomonas_A,0.013385417,67
1014226_1,Bologna,Psychrobacter,0.001485819,67
1014226_1,Bologna,Rubrivivax,0.000352935,67
1014226_1,Bologna,Streptococcus,0.019766897,67
1014226_1,Bologna,Telluria,0.001086999,67
1014226_1,Bologna,Thauera,0.010064235,67
1014226_1,Bologna,Thermomonas,0.013007697,67
1014226_1,Bologna,Thiothrix,0.009116247,67
1014226_1,Bologna,Tolumonas,0.001159239,67
1014226_1,Bologna,Trichococcus,0.0079871,67
1014226_1,Bologna,UBA1413,2.44745e-05,67
1014228_1,Bologna,Acidovorax,0.160724584,69
1014228_1,Bologna,Acinetobacter,0.037666304,69
1014228_1,Bologna,Aeromonas,0.008166559,69
1014228_1,Bologna,Aliarcobacter,0.008242963,69
1014228_1,Bologna,Aquabacterium_A,0.000585342,69
1014228_1,Bologna,Bacteroides,0.002437245,69
1014228_1,Bologna,Brachymonas,0.027226956,69
1014228_1,Bologna,Brevefilum,7.43631e-06,69
1014228_1,Bologna,Brevundimonas,0.002389142,69
1014228_1,Bologna,Cloacibacterium,0.012842896,69
1014228_1,Bologna,Comamonas,0.020515145,69
1014228_1,Bologna,Competibacter_A,0.000226789,69
1014228_1,Bologna,Enterobacter,0.001764296,69
1014228_1,Bologna,Fermentibacter,6.5665e-06,69
1014228_1,Bologna,Flavobacterium,0.00291839,69
1014228_1,Bologna,Giesbergeria,0.004588959,69
1014228_1,Bologna,Hydrogenophaga,0.001085929,69
1014228_1,Bologna,JAGOYM01,0.001021849,69
1014228_1,Bologna,Janthinobacterium,0.001084593,69
1014228_1,Bologna,Kaistella,0.001449994,69
1014228_1,Bologna,Lactococcus_A,0.000534079,69
1014228_1,Bologna,Lenti-01,0.001044059,69
1014228_1,Bologna,Microthrix,0.000244947,69
1014228_1,Bologna,Moraxella_A,0.039610373,69
1014228_1,Bologna,Neisseria,0.082155331,69
1014228_1,Bologna,Novosphingobium,0.001190618,69
1014228_1,Bologna,Ottowia,0.037582673,69
1014228_1,Bologna,Paracoccus,0.002339514,69
1014228_1,Bologna,Phocaeicola,0.010077909,69
1014228_1,Bologna,Prevotella,0.004103407,69
1014228_1,Bologna,Propionivibrio,0.008135313,69
1014228_1,Bologna,Pseudomonas_E,0.012832228,69
1014228_1,Bologna,Pseudoxanthomonas,0.010637843,69
1014228_1,Bologna,Pseudoxanthomonas_A,0.011795516,69
1014228_1,Bologna,Psychrobacter,0.00091902,69
1014228_1,Bologna,Rubrivivax,0.000265936,69
1014228_1,Bologna,Streptococcus,0.007168985,69
1014228_1,Bologna,Telluria,0.000645685,69
1014228_1,Bologna,Thauera,0.009232601,69
1014228_1,Bologna,Thermomonas,0.012034292,69
1014228_1,Bologna,Thiothrix,0.002542928,69
1014228_1,Bologna,Tolumonas,0.001777161,69
1014228_1,Bologna,Trichococcus,0.006593164,69
1014228_1,Bologna,UBA1413,3.30561e-06,69
1014231_1,Bologna,Acidovorax,0.017900689,72
1014231_1,Bologna,Acinetobacter,0.00352868,72
1014231_1,Bologna,Aeromonas,0.002955258,72
1014231_1,Bologna,Aliarcobacter,0.003492524,72
1014231_1,Bologna,Aquabacterium_A,3.23346e-05,72
1014231_1,Bologna,Bacteroides,0.000309399,72
1014231_1,Bologna,Brachymonas,0.00618795,72
1014231_1,Bologna,Brevefilum,1.77988e-06,72
1014231_1,Bologna,Brevundimonas,0.001645446,72
1014231_1,Bologna,Cloacibacterium,0.0017673,72
1014231_1,Bologna,Comamonas,0.00204092,72
1014231_1,Bologna,Competibacter_A,0.000290028,72
1014231_1,Bologna,Enterobacter,0.00092741,72
1014231_1,Bologna,Fermentibacter,1.46081e-06,72
1014231_1,Bologna,Flavobacterium,0.00082163,72
1014231_1,Bologna,Giesbergeria,0.001343852,72
1014231_1,Bologna,Hydrogenophaga,6.49473e-05,72
1014231_1,Bologna,JAGOYM01,0.000335014,72
1014231_1,Bologna,Janthinobacterium,0.002005852,72
1014231_1,Bologna,Kaistella,0.00033951,72
1014231_1,Bologna,Lactococcus_A,0.000170645,72
1014231_1,Bologna,Lenti-01,0.000659412,72
1014231_1,Bologna,Microthrix,1.39924e-05,72
1014231_1,Bologna,Moraxella_A,0.001006679,72
1014231_1,Bologna,Neisseria,0.008818751,72
1014231_1,Bologna,Novosphingobium,0.00015294,72
1014231_1,Bologna,Ottowia,0.010600129,72
1014231_1,Bologna,Paracoccus,0.000762117,72
1014231_1,Bologna,Phocaeicola,0.000226138,72
1014231_1,Bologna,Prevotella,0.000430938,72
1014231_1,Bologna,Propionivibrio,0.003456225,72
1014231_1,Bologna,Pseudomonas_E,0.794417164,72
1014231_1,Bologna,Pseudoxanthomonas,0.004349309,72
1014231_1,Bologna,Pseudoxanthomonas_A,0.004866705,72
1014231_1,Bologna,Psychrobacter,6.82181e-05,72
1014231_1,Bologna,Rubrivivax,4.76874e-05,72
1014231_1,Bologna,Streptococcus,0.003613157,72
1014231_1,Bologna,Telluria,0.000605563,72
1014231_1,Bologna,Thauera,0.002776544,72
1014231_1,Bologna,Thermomonas,0.004498516,72
1014231_1,Bologna,Thiothrix,0.000203401,72
1014231_1,Bologna,Tolumonas,0.000407794,72
1014231_1,Bologna,Trichococcus,0.008427915,72
1014231_1,Bologna,UBA1413,1.03254e-07,72
1015033_1,Bologna,Acidovorax,0.082808856,75
1015033_1,Bologna,Acinetobacter,0.013286173,75
1015033_1,Bologna,Aeromonas,0.008152267,75
1015033_1,Bologna,Aliarcobacter,0.005247272,75
1015033_1,Bologna,Aquabacterium_A,0.000293665,75
1015033_1,Bologna,Bacteroides,0.001168886,75
1015033_1,Bologna,Brachymonas,0.027999981,75
1015033_1,Bologna,Brevefilum,3.59169e-05,75
1015033_1,Bologna,Brevundimonas,0.001300588,75
1015033_1,Bologna,Cloacibacterium,0.003570138,75
1015033_1,Bologna,Comamonas,0.013396094,75
1015033_1,Bologna,Competibacter_A,0.00011335,75
1015033_1,Bologna,Enterobacter,0.006150393,75
1015033_1,Bologna,Fermentibacter,4.3013e-06,75
1015033_1,Bologna,Flavobacterium,0.001289532,75
1015033_1,Bologna,Giesbergeria,0.006954507,75
1015033_1,Bologna,Hydrogenophaga,0.002934265,75
1015033_1,Bologna,JAGOYM01,0.000308012,75
1015033_1,Bologna,Janthinobacterium,0.00090201,75
1015033_1,Bologna,Kaistella,0.000525861,75
1015033_1,Bologna,Lactococcus_A,0.000306921,75
1015033_1,Bologna,Lenti-01,0.003045906,75
1015033_1,Bologna,Microthrix,0.000323554,75
1015033_1,Bologna,Moraxella_A,0.010898074,75
1015033_1,Bologna,Neisseria,0.013035611,75
1015033_1,Bologna,Novosphingobium,0.000802618,75
1015033_1,Bologna,Ottowia,0.018961905,75
1015033_1,Bologna,Paracoccus,0.178427089,75
1015033_1,Bologna,Phocaeicola,0.000949689,75
1015033_1,Bologna,Prevotella,0.00735169,75
1015033_1,Bologna,Propionivibrio,0.017223497,75
1015033_1,Bologna,Pseudomonas_E,0.012834479,75
1015033_1,Bologna,Pseudoxanthomonas,0.008838266,75
1015033_1,Bologna,Pseudoxanthomonas_A,0.014197489,75
1015033_1,Bologna,Psychrobacter,0.000682086,75
1015033_1,Bologna,Rubrivivax,0.0003066,75
1015033_1,Bologna,Streptococcus,0.015094214,75
1015033_1,Bologna,Telluria,0.000420322,75
1015033_1,Bologna,Thauera,0.008184416,75
1015033_1,Bologna,Thermomonas,0.010919576,75
1015033_1,Bologna,Thiothrix,0.001826864,75
1015033_1,Bologna,Tolumonas,0.00138984,75
1015033_1,Bologna,Trichococcus,0.002778781,75
1015033_1,Bologna,UBA1413,1.17178e-05,75
1015035_1,Bologna,Acidovorax,0.131894126,77
1015035_1,Bologna,Acinetobacter,0.013006759,77
1015035_1,Bologna,Aeromonas,0.005452264,77
1015035_1,Bologna,Aliarcobacter,0.004784138,77
1015035_1,Bologna,Aquabacterium_A,0.000438082,77
1015035_1,Bologna,Bacteroides,0.00077676,77
1015035_1,Bologna,Brachymonas,0.042501416,77
1015035_1,Bologna,Brevefilum,2.24732e-05,77
1015035_1,Bologna,Brevundimonas,0.00182386,77
1015035_1,Bologna,Cloacibacterium,0.009973519,77
1015035_1,Bologna,Comamonas,0.016991303,77
1015035_1,Bologna,Competibacter_A,0.000436221,77
1015035_1,Bologna,Enterobacter,0.001121806,77
1015035_1,Bologna,Fermentibacter,1.31069e-05,77
1015035_1,Bologna,Flavobacterium,0.00275721,77
1015035_1,Bologna,Giesbergeria,0.011314915,77
1015035_1,Bologna,Hydrogenophaga,0.002372505,77
1015035_1,Bologna,JAGOYM01,0.000855144,77
1015035_1,Bologna,Janthinobacterium,0.00138965,77
1015035_1,Bologna,Kaistella,0.001611822,77
1015035_1,Bologna,Lactococcus_A,0.000153838,77
1015035_1,Bologna,Lenti-01,0.00555418,77
1015035_1,Bologna,Microthrix,9.18077e-05,77
1015035_1,Bologna,Moraxella_A,0.015640021,77
1015035_1,Bologna,Neisseria,0.022895208,77
1015035_1,Bologna,Novosphingobium,0.002766704,77
1015035_1,Bologna,Ottowia,0.046236633,77
1015035_1,Bologna,Paracoccus,0.007196898,77
1015035_1,Bologna,Phocaeicola,0.001125276,77
1015035_1,Bologna,Prevotella,0.001199013,77
1015035_1,Bologna,Propionivibrio,0.022758774,77
1015035_1,Bologna,Pseudomonas_E,0.020248081,77
1015035_1,Bologna,Pseudoxanthomonas,0.016693484,77
1015035_1,Bologna,Pseudoxanthomonas_A,0.013735548,77
1015035_1,Bologna,Psychrobacter,0.007869737,77
1015035_1,Bologna,Rubrivivax,0.001022667,77
1015035_1,Bologna,Streptococcus,0.007169095,77
1015035_1,Bologna,Telluria,0.000658324,77
1015035_1,Bologna,Thauera,0.018719225,77
1015035_1,Bologna,Thermomonas,0.035163371,77
1015035_1,Bologna,Thiothrix,0.00895493,77
1015035_1,Bologna,Tolumonas,0.001649581,77
1015035_1,Bologna,Trichococcus,0.006001755,77
1015035_1,Bologna,UBA1413,3.54711e-05,77
1015037_1,Bologna,Acidovorax,0.097290052,79
1015037_1,Bologna,Acinetobacter,0.012418132,79
1015037_1,Bologna,Aeromonas,0.013641345,79
1015037_1,Bologna,Aliarcobacter,0.029255918,79
1015037_1,Bologna,Aquabacterium_A,0.000209935,79
1015037_1,Bologna,Bacteroides,0.00327308,79
1015037_1,Bologna,Brachymonas,0.034036786,79
1015037_1,Bologna,Brevefilum,1.32886e-05,79
1015037_1,Bologna,Brevundimonas,0.001277973,79
1015037_1,Bologna,Cloacibacterium,0.010775699,79
1015037_1,Bologna,Comamonas,0.019080292,79
1015037_1,Bologna,Competibacter_A,0.000220963,79
1015037_1,Bologna,Enterobacter,0.002976935,79
1015037_1,Bologna,Fermentibacter,7.57718e-06,79
1015037_1,Bologna,Flavobacterium,0.002358406,79
1015037_1,Bologna,Giesbergeria,0.00383536,79
1015037_1,Bologna,Hydrogenophaga,0.000472394,79
1015037_1,Bologna,JAGOYM01,0.001129915,79
1015037_1,Bologna,Janthinobacterium,0.000934484,79
1015037_1,Bologna,Kaistella,0.001160215,79
1015037_1,Bologna,Lactococcus_A,0.000130834,79
1015037_1,Bologna,Lenti-01,0.00469136,79
1015037_1,Bologna,Microthrix,3.53782e-05,79
1015037_1,Bologna,Moraxella_A,0.005533335,79
1015037_1,Bologna,Neisseria,0.022439197,79
1015037_1,Bologna,Novosphingobium,0.001335611,79
1015037_1,Bologna,Ottowia,0.057019296,79
1015037_1,Bologna,Paracoccus,0.002926336,79
1015037_1,Bologna,Phocaeicola,0.010853404,79
1015037_1,Bologna,Prevotella,0.0036776,79
1015037_1,Bologna,Propionivibrio,0.037656907,79
1015037_1,Bologna,Pseudomonas_E,0.024970269,79
1015037_1,Bologna,Pseudoxanthomonas,0.012200648,79
1015037_1,Bologna,Pseudoxanthomonas_A,0.010198738,79
1015037_1,Bologna,Psychrobacter,0.000177507,79
1015037_1,Bologna,Rubrivivax,0.000468438,79
1015037_1,Bologna,Streptococcus,0.00661304,79
1015037_1,Bologna,Telluria,0.001863433,79
1015037_1,Bologna,Thauera,0.015535955,79
1015037_1,Bologna,Thermomonas,0.01651153,79
1015037_1,Bologna,Thiothrix,0.001623437,79
1015037_1,Bologna,Tolumonas,0.008248541,79
1015037_1,Bologna,Trichococcus,0.00206599,79
1015037_1,Bologna,UBA1413,6.18262e-06,79
1015039_1,Bologna,Acidovorax,0.188127212,81
1015039_1,Bologna,Acinetobacter,0.021956649,81
1015039_1,Bologna,Aeromonas,0.006111473,81
1015039_1,Bologna,Aliarcobacter,0.009256471,81
1015039_1,Bologna,Aquabacterium_A,0.00026679,81
1015039_1,Bologna,Bacteroides,0.002811458,81
1015039_1,Bologna,Brachymonas,0.047762019,81
1015039_1,Bologna,Brevefilum,1.94527e-05,81
1015039_1,Bologna,Brevundimonas,0.000975056,81
1015039_1,Bologna,Cloacibacterium,0.010075307,81
1015039_1,Bologna,Comamonas,0.014200649,81
1015039_1,Bologna,Competibacter_A,0.000212407,81
1015039_1,Bologna,Enterobacter,0.002556367,81
1015039_1,Bologna,Fermentibacter,5.23197e-06,81
1015039_1,Bologna,Flavobacterium,0.002683623,81
1015039_1,Bologna,Giesbergeria,0.014308116,81
1015039_1,Bologna,Hydrogenophaga,0.001567556,81
1015039_1,Bologna,JAGOYM01,0.000835404,81
1015039_1,Bologna,Janthinobacterium,0.000733025,81
1015039_1,Bologna,Kaistella,0.00159544,81
1015039_1,Bologna,Lactococcus_A,6.91867e-05,81
1015039_1,Bologna,Lenti-01,0.003167585,81
1015039_1,Bologna,Microthrix,5.32416e-05,81
1015039_1,Bologna,Moraxella_A,0.013051561,81
1015039_1,Bologna,Neisseria,0.016375919,81
1015039_1,Bologna,Novosphingobium,0.001285506,81
1015039_1,Bologna,Ottowia,0.035940061,81
1015039_1,Bologna,Paracoccus,0.00172128,81
1015039_1,Bologna,Phocaeicola,0.000643434,81
1015039_1,Bologna,Prevotella,0.001426182,81
1015039_1,Bologna,Propionivibrio,0.014956333,81
1015039_1,Bologna,Pseudomonas_E,0.146425963,81
1015039_1,Bologna,Pseudoxanthomonas,0.012389069,81
1015039_1,Bologna,Pseudoxanthomonas_A,0.007913776,81
1015039_1,Bologna,Psychrobacter,0.02284246,81
1015039_1,Bologna,Rubrivivax,0.000315788,81
1015039_1,Bologna,Streptococcus,0.006698424,81
1015039_1,Bologna,Telluria,0.000767907,81
1015039_1,Bologna,Thauera,0.008147531,81
1015039_1,Bologna,Thermomonas,0.012964894,81
1015039_1,Bologna,Thiothrix,0.006068267,81
1015039_1,Bologna,Tolumonas,0.000880671,81
1015039_1,Bologna,Trichococcus,0.004830434,81
1015039_1,Bologna,UBA1413,1.40112e-05,81
1015041_1,Bologna,Acidovorax,0.086982657,83
1015041_1,Bologna,Acinetobacter,0.006239025,83
1015041_1,Bologna,Aeromonas,0.003367546,83
1015041_1,Bologna,Aliarcobacter,0.002115883,83
1015041_1,Bologna,Aquabacterium_A,0.000164916,83
1015041_1,Bologna,Bacteroides,0.001088705,83
1015041_1,Bologna,Brachymonas,0.028407312,83
1015041_1,Bologna,Brevefilum,2.42464e-06,83
1015041_1,Bologna,Brevundimonas,0.001073238,83
1015041_1,Bologna,Cloacibacterium,0.00349025,83
1015041_1,Bologna,Comamonas,0.013007956,83
1015041_1,Bologna,Competibacter_A,0.000183091,83
1015041_1,Bologna,Enterobacter,0.001974776,83
1015041_1,Bologna,Fermentibacter,6.12519e-06,83
1015041_1,Bologna,Flavobacterium,0.001768603,83
1015041_1,Bologna,Giesbergeria,0.004297706,83
1015041_1,Bologna,Hydrogenophaga,0.000967199,83
1015041_1,Bologna,JAGOYM01,0.000209842,83
1015041_1,Bologna,Janthinobacterium,0.001083299,83
1015041_1,Bologna,Kaistella,0.000553244,83
1015041_1,Bologna,Lactococcus_A,0.00012629,83
1015041_1,Bologna,Lenti-01,0.003565921,83
1015041_1,Bologna,Microthrix,2.53808e-05,83
1015041_1,Bologna,Moraxella_A,0.006837181,83
1015041_1,Bologna,Neisseria,0.02708236,83
1015041_1,Bologna,Novosphingobium,0.000793774,83
1015041_1,Bologna,Ottowia,0.014532477,83
1015041_1,Bologna,Paracoccus,0.002071918,83
1015041_1,Bologna,Phocaeicola,0.00069813,83
1015041_1,Bologna,Prevotella,0.001239051,83
1015041_1,Bologna,Propionivibrio,0.008505855,83
1015041_1,Bologna,Pseudomonas_E,0.371495403,83
1015041_1,Bologna,Pseudoxanthomonas,0.009315989,83
1015041_1,Bologna,Pseudoxanthomonas_A,0.022629219,83
1015041_1,Bologna,Psychrobacter,0.003510538,83
1015041_1,Bologna,Rubrivivax,0.000189507,83
1015041_1,Bologna,Streptococcus,0.001794078,83
1015041_1,Bologna,Telluria,0.000683356,83
1015041_1,Bologna,Thauera,0.007606764,83
1015041_1,Bologna,Thermomonas,0.01811077,83
1015041_1,Bologna,Thiothrix,0.000960245,83
1015041_1,Bologna,Tolumonas,0.000728237,83
1015041_1,Bologna,Trichococcus,0.00300707,83
1015041_1,Bologna,UBA1413,5.34189e-07,83
1015043_1,Bologna,Acidovorax,0.027825777,85
1015043_1,Bologna,Acinetobacter,0.003469193,85
1015043_1,Bologna,Aeromonas,0.000722008,85
1015043_1,Bologna,Aliarcobacter,0.000296406,85
1015043_1,Bologna,Aquabacterium_A,0.000105034,85
1015043_1,Bologna,Bacteroides,6.33652e-05,85
1015043_1,Bologna,Brachymonas,0.004643409,85
1015043_1,Bologna,Brevefilum,2.44239e-06,85
1015043_1,Bologna,Brevundimonas,0.000396283,85
1015043_1,Bologna,Cloacibacterium,0.001518733,85
1015043_1,Bologna,Comamonas,0.001630264,85
1015043_1,Bologna,Competibacter_A,0.00032566,85
1015043_1,Bologna,Enterobacter,0.000242493,85
1015043_1,Bologna,Fermentibacter,2.2104e-06,85
1015043_1,Bologna,Flavobacterium,0.000424286,85
1015043_1,Bologna,Giesbergeria,0.003637814,85
1015043_1,Bologna,Hydrogenophaga,0.001142448,85
1015043_1,Bologna,JAGOYM01,8.04934e-05,85
1015043_1,Bologna,Janthinobacterium,0.000723699,85
1015043_1,Bologna,Kaistella,0.000288883,85
1015043_1,Bologna,Lactococcus_A,3.66903e-05,85
1015043_1,Bologna,Lenti-01,0.000520871,85
1015043_1,Bologna,Microthrix,5.02613e-06,85
1015043_1,Bologna,Moraxella_A,0.000801462,85
1015043_1,Bologna,Neisseria,0.005719422,85
1015043_1,Bologna,Novosphingobium,0.000486801,85
1015043_1,Bologna,Ottowia,0.004408356,85
1015043_1,Bologna,Paracoccus,0.000734924,85
1015043_1,Bologna,Phocaeicola,6.55785e-05,85
1015043_1,Bologna,Prevotella,0.000268891,85
1015043_1,Bologna,Propionivibrio,0.001777692,85
1015043_1,Bologna,Pseudomonas_E,0.852531041,85
1015043_1,Bologna,Pseudoxanthomonas,0.002756313,85
1015043_1,Bologna,Pseudoxanthomonas_A,0.001780948,85
1015043_1,Bologna,Psychrobacter,0.000208385,85
1015043_1,Bologna,Rubrivivax,0.000128847,85
1015043_1,Bologna,Streptococcus,0.001282881,85
1015043_1,Bologna,Telluria,0.000456673,85
1015043_1,Bologna,Thauera,0.002856359,85
1015043_1,Bologna,Thermomonas,0.002979838,85
1015043_1,Bologna,Thiothrix,0.00037673,85
1015043_1,Bologna,Tolumonas,0.000176735,85
1015043_1,Bologna,Trichococcus,0.001876171,85
1015043_1,Bologna,UBA1413,4.35851e-07,85
1015045_1,Bologna,Acidovorax,0.143123629,88
1015045_1,Bologna,Acinetobacter,0.047074707,88
1015045_1,Bologna,Aeromonas,0.007202506,88
1015045_1,Bologna,Aliarcobacter,0.004172002,88
1015045_1,Bologna,Aquabacterium_A,0.000295184,88
1015045_1,Bologna,Bacteroides,0.001624196,88
1015045_1,Bologna,Brachymonas,0.021969702,88
1015045_1,Bologna,Brevefilum,7.32629e-06,88
1015045_1,Bologna,Brevundimonas,0.004498427,88
1015045_1,Bologna,Cloacibacterium,0.007257356,88
1015045_1,Bologna,Comamonas,0.01215162,88
1015045_1,Bologna,Competibacter_A,0.00130397,88
1015045_1,Bologna,Enterobacter,0.006972807,88
1015045_1,Bologna,Fermentibacter,5.45749e-05,88
1015045_1,Bologna,Flavobacterium,0.004203059,88
1015045_1,Bologna,Giesbergeria,0.003825984,88
1015045_1,Bologna,Hydrogenophaga,0.000681095,88
1015045_1,Bologna,JAGOYM01,0.001007611,88
1015045_1,Bologna,Janthinobacterium,0.001106726,88
1015045_1,Bologna,Kaistella,0.002523183,88
1015045_1,Bologna,Lactococcus_A,0.000184778,88
1015045_1,Bologna,Lenti-01,0.004218807,88
1015045_1,Bologna,Microthrix,2.83335e-05,88
1015045_1,Bologna,Moraxella_A,0.034618537,88
1015045_1,Bologna,Neisseria,0.047610797,88
1015045_1,Bologna,Novosphingobium,0.000795673,88
1015045_1,Bologna,Ottowia,0.06244432,88
1015045_1,Bologna,Paracoccus,0.011989151,88
1015045_1,Bologna,Phocaeicola,0.001510683,88
1015045_1,Bologna,Prevotella,0.002421464,88
1015045_1,Bologna,Propionivibrio,0.007128822,88
1015045_1,Bologna,Pseudomonas_E,0.013077896,88
1015045_1,Bologna,Pseudoxanthomonas,0.015470223,88
1015045_1,Bologna,Pseudoxanthomonas_A,0.012990821,88
1015045_1,Bologna,Psychrobacter,0.000644431,88
1015045_1,Bologna,Rubrivivax,0.000702683,88
1015045_1,Bologna,Streptococcus,0.014328362,88
1015045_1,Bologna,Telluria,0.00236296,88
1015045_1,Bologna,Thauera,0.012380015,88
1015045_1,Bologna,Thermomonas,0.011202781,88
1015045_1,Bologna,Thiothrix,0.001027526,88
1015045_1,Bologna,Tolumonas,0.002018087,88
1015045_1,Bologna,Trichococcus,0.012414479,88
1015045_1,Bologna,UBA1413,4.22486e-07,88
1015047_1,Bologna,Acidovorax,0.015883268,89
1015047_1,Bologna,Acinetobacter,0.001975379,89
1015047_1,Bologna,Aeromonas,0.000303392,89
1015047_1,Bologna,Aliarcobacter,0.000561571,89
1015047_1,Bologna,Aquabacterium_A,2.24983e-05,89
1015047_1,Bologna,Bacteroides,5.58536e-05,89
1015047_1,Bologna,Brachymonas,0.002583844,89
1015047_1,Bologna,Brevefilum,1.76864e-07,89
1015047_1,Bologna,Brevundimonas,0.000128052,89
1015047_1,Bologna,Cloacibacterium,0.000988163,89
1015047_1,Bologna,Comamonas,0.002172783,89
1015047_1,Bologna,Competibacter_A,0.000230378,89
1015047_1,Bologna,Enterobacter,0.000119143,89
1015047_1,Bologna,Fermentibacter,2.1702e-06,89
1015047_1,Bologna,Flavobacterium,0.000454257,89
1015047_1,Bologna,Giesbergeria,0.002017816,89
1015047_1,Bologna,Hydrogenophaga,6.07588e-05,89
1015047_1,Bologna,JAGOYM01,0.000136069,89
1015047_1,Bologna,Janthinobacterium,0.0011361,89
1015047_1,Bologna,Kaistella,0.000144245,89
1015047_1,Bologna,Lactococcus_A,2.07266e-05,89
1015047_1,Bologna,Lenti-01,0.000113684,89
1015047_1,Bologna,Microthrix,4.34197e-06,89
1015047_1,Bologna,Moraxella_A,0.001086555,89
1015047_1,Bologna,Neisseria,0.003908089,89
1015047_1,Bologna,Novosphingobium,5.97835e-05,89
1015047_1,Bologna,Ottowia,0.001873896,89
1015047_1,Bologna,Paracoccus,0.000942501,89
1015047_1,Bologna,Phocaeicola,3.5776e-05,89
1015047_1,Bologna,Prevotella,0.000125141,89
1015047_1,Bologna,Propionivibrio,0.001484089,89
1015047_1,Bologna,Pseudomonas_E,0.912044786,89
1015047_1,Bologna,Pseudoxanthomonas,0.001283518,89
1015047_1,Bologna,Pseudoxanthomonas_A,0.001405015,89
1015047_1,Bologna,Psychrobacter,0.001066485,89
1015047_1,Bologna,Rubrivivax,2.00695e-05,89
1015047_1,Bologna,Streptococcus,0.001196388,89
1015047_1,Bologna,Telluria,0.000278279,89
1015047_1,Bologna,Thauera,0.001831155,89
1015047_1,Bologna,Thermomonas,0.001816753,89
1015047_1,Bologna,Thiothrix,0.00026391,89
1015047_1,Bologna,Tolumonas,7.97893e-05,89
1015047_1,Bologna,Trichococcus,0.006162923,89
1015047_1,Bologna,UBA1413,5.78694e-08,89
1014082_1,Budapest,Acidovorax,0.045217689,67
1014082_1,Budapest,Acinetobacter,0.018943706,67
1014082_1,Budapest,Aeromonas,0.001809338,67
1014082_1,Budapest,Aliarcobacter,0.010735778,67
1014082_1,Budapest,Aquabacterium_A,0.000233025,67
1014082_1,Budapest,Bacteroides,0.000320471,67
1014082_1,Budapest,Brachymonas,0.018538545,67
1014082_1,Budapest,Brevefilum,5.52669e-06,67
1014082_1,Budapest,Brevundimonas,0.003380112,67
1014082_1,Budapest,Cloacibacterium,0.004240889,67
1014082_1,Budapest,Comamonas,0.022621628,67
1014082_1,Budapest,Competibacter_A,0.000141496,67
1014082_1,Budapest,Enterobacter,0.00162238,67
1014082_1,Budapest,Fermentibacter,6.00578e-06,67
1014082_1,Budapest,Flavobacterium,0.004572419,67
1014082_1,Budapest,Giesbergeria,0.003776837,67
1014082_1,Budapest,Hydrogenophaga,0.000845356,67
1014082_1,Budapest,JAGOYM01,0.003726366,67
1014082_1,Budapest,Janthinobacterium,0.001623788,67
1014082_1,Budapest,Kaistella,0.002694426,67
1014082_1,Budapest,Lactococcus_A,0.000475281,67
1014082_1,Budapest,Lenti-01,0.005791666,67
1014082_1,Budapest,Microthrix,0.000273307,67
1014082_1,Budapest,Moraxella_A,0.000541621,67
1014082_1,Budapest,Neisseria,0.057190328,67
1014082_1,Budapest,Novosphingobium,0.005375852,67
1014082_1,Budapest,Ottowia,0.063455176,67
1014082_1,Budapest,Paracoccus,0.010410301,67
1014082_1,Budapest,Phocaeicola,0.000443149,67
1014082_1,Budapest,Prevotella,0.000982007,67
1014082_1,Budapest,Propionivibrio,0.010262023,67
1014082_1,Budapest,Pseudomonas_E,0.009701454,67
1014082_1,Budapest,Pseudoxanthomonas,0.050325209,67
1014082_1,Budapest,Pseudoxanthomonas_A,0.02980598,67
1014082_1,Budapest,Psychrobacter,0.004637499,67
1014082_1,Budapest,Rubrivivax,0.000545577,67
1014082_1,Budapest,Streptococcus,0.013893007,67
1014082_1,Budapest,Telluria,0.001134191,67
1014082_1,Budapest,Thauera,0.025492944,67
1014082_1,Budapest,Thermomonas,0.030891514,67
1014082_1,Budapest,Thiothrix,0.002698215,67
1014082_1,Budapest,Tolumonas,0.000464522,67
1014082_1,Budapest,Trichococcus,0.008658807,67
1014082_1,Budapest,UBA1413,1.84099e-06,67
1014083_1,Budapest,Acidovorax,0.111855034,68
1014083_1,Budapest,Acinetobacter,0.015108029,68
1014083_1,Budapest,Aeromonas,0.002986376,68
1014083_1,Budapest,Aliarcobacter,0.009333883,68
1014083_1,Budapest,Aquabacterium_A,0.000430871,68
1014083_1,Budapest,Bacteroides,0.000744597,68
1014083_1,Budapest,Brachymonas,0.017629901,68
1014083_1,Budapest,Brevefilum,1.03099e-05,68
1014083_1,Budapest,Brevundimonas,0.001953347,68
1014083_1,Budapest,Cloacibacterium,0.004468209,68
1014083_1,Budapest,Comamonas,0.015269992,68
1014083_1,Budapest,Competibacter_A,0.000207143,68
1014083_1,Budapest,Enterobacter,0.0013014,68
1014083_1,Budapest,Fermentibacter,3.62419e-06,68
1014083_1,Budapest,Flavobacterium,0.008547189,68
1014083_1,Budapest,Giesbergeria,0.004673214,68
1014083_1,Budapest,Hydrogenophaga,0.000863083,68
1014083_1,Budapest,JAGOYM01,0.067991523,68
1014083_1,Budapest,Janthinobacterium,0.0024134,68
1014083_1,Budapest,Kaistella,0.002712107,68
1014083_1,Budapest,Lactococcus_A,0.0007315,68
1014083_1,Budapest,Lenti-01,0.011908834,68
1014083_1,Budapest,Microthrix,8.44147e-05,68
1014083_1,Budapest,Moraxella_A,0.000576067,68
1014083_1,Budapest,Neisseria,0.029985059,68
1014083_1,Budapest,Novosphingobium,0.001566923,68
1014083_1,Budapest,Ottowia,0.080328019,68
1014083_1,Budapest,Paracoccus,0.005617639,68
1014083_1,Budapest,Phocaeicola,0.000678442,68
1014083_1,Budapest,Prevotella,0.00306024,68
1014083_1,Budapest,Propionivibrio,0.01230562,68
1014083_1,Budapest,Pseudomonas_E,0.017343116,68
1014083_1,Budapest,Pseudoxanthomonas,0.023155562,68
1014083_1,Budapest,Pseudoxanthomonas_A,0.040860778,68
1014083_1,Budapest,Psychrobacter,0.00225785,68
1014083_1,Budapest,Rubrivivax,0.000715037,68
1014083_1,Budapest,Streptococcus,0.008719028,68
1014083_1,Budapest,Telluria,0.001091958,68
1014083_1,Budapest,Thauera,0.041799616,68
1014083_1,Budapest,Thermomonas,0.01635383,68
1014083_1,Budapest,Thiothrix,0.000670027,68
1014083_1,Budapest,Tolumonas,0.000485625,68
1014083_1,Budapest,Trichococcus,0.012128417,68
1014083_1,Budapest,UBA1413,1.21093e-06,68
1014087_1,Budapest,Acidovorax,0.10946109,69
1014087_1,Budapest,Acinetobacter,0.018920821,69
1014087_1,Budapest,Aeromonas,0.001375523,69
1014087_1,Budapest,Aliarcobacter,0.018756238,69
1014087_1,Budapest,Aquabacterium_A,0.000379183,69
1014087_1,Budapest,Bacteroides,0.000761832,69
1014087_1,Budapest,Brachymonas,0.023362063,69
1014087_1,Budapest,Brevefilum,8.52163e-06,69
1014087_1,Budapest,Brevundimonas,0.001435809,69
1014087_1,Budapest,Cloacibacterium,0.006947092,69
1014087_1,Budapest,Comamonas,0.06398463,69
1014087_1,Budapest,Competibacter_A,9.65985e-05,69
1014087_1,Budapest,Enterobacter,0.000444688,69
1014087_1,Budapest,Fermentibacter,2.73119e-06,69
1014087_1,Budapest,Flavobacterium,0.00474767,69
1014087_1,Budapest,Giesbergeria,0.01400094,69
1014087_1,Budapest,Hydrogenophaga,0.002490438,69
1014087_1,Budapest,JAGOYM01,0.007468844,69
1014087_1,Budapest,Janthinobacterium,0.001343257,69
1014087_1,Budapest,Kaistella,0.002539307,69
1014087_1,Budapest,Lactococcus_A,0.000538656,69
1014087_1,Budapest,Lenti-01,0.005461472,69
1014087_1,Budapest,Microthrix,0.001742067,69
1014087_1,Budapest,Moraxella_A,0.001100578,69
1014087_1,Budapest,Neisseria,0.026905525,69
1014087_1,Budapest,Novosphingobium,0.002184333,69
1014087_1,Budapest,Ottowia,0.125685102,69
1014087_1,Budapest,Paracoccus,0.00357878,69
1014087_1,Budapest,Phocaeicola,0.001323881,69
1014087_1,Budapest,Prevotella,0.000912401,69
1014087_1,Budapest,Propionivibrio,0.018336214,69
1014087_1,Budapest,Pseudomonas_E,0.005629589,69
1014087_1,Budapest,Pseudoxanthomonas,0.01642722,69
1014087_1,Budapest,Pseudoxanthomonas_A,0.021454918,69
1014087_1,Budapest,Psychrobacter,0.005251623,69
1014087_1,Budapest,Rubrivivax,0.000711916,69
1014087_1,Budapest,Streptococcus,0.010771487,69
1014087_1,Budapest,Telluria,0.000555939,69
1014087_1,Budapest,Thauera,0.01684723,69
1014087_1,Budapest,Thermomonas,0.016366536,69
1014087_1,Budapest,Thiothrix,0.002041957,69
1014087_1,Budapest,Tolumonas,0.000217659,69
1014087_1,Budapest,Trichococcus,0.023070495,69
1014087_1,Budapest,UBA1413,4.20459e-06,69
1014086_1,Budapest,Acidovorax,0.066955015,73
1014086_1,Budapest,Acinetobacter,0.036668328,73
1014086_1,Budapest,Aeromonas,0.003285437,73
1014086_1,Budapest,Aliarcobacter,0.008981862,73
1014086_1,Budapest,Aquabacterium_A,0.000248165,73
1014086_1,Budapest,Bacteroides,0.00148426,73
1014086_1,Budapest,Brachymonas,0.04050436,73
1014086_1,Budapest,Brevefilum,1.25231e-05,73
1014086_1,Budapest,Brevundimonas,0.005012386,73
1014086_1,Budapest,Cloacibacterium,0.009234836,73
1014086_1,Budapest,Comamonas,0.021745692,73
1014086_1,Budapest,Competibacter_A,0.000163291,73
1014086_1,Budapest,Enterobacter,0.001063828,73
1014086_1,Budapest,Fermentibacter,3.85825e-06,73
1014086_1,Budapest,Flavobacterium,0.003715992,73
1014086_1,Budapest,Giesbergeria,0.007091111,73
1014086_1,Budapest,Hydrogenophaga,0.001171413,73
1014086_1,Budapest,JAGOYM01,0.002359976,73
1014086_1,Budapest,Janthinobacterium,0.00201224,73
1014086_1,Budapest,Kaistella,0.002328995,73
1014086_1,Budapest,Lactococcus_A,0.000251093,73
1014086_1,Budapest,Lenti-01,0.008459341,73
1014086_1,Budapest,Microthrix,7.85331e-05,73
1014086_1,Budapest,Moraxella_A,0.016176484,73
1014086_1,Budapest,Neisseria,0.043695667,73
1014086_1,Budapest,Novosphingobium,0.001735591,73
1014086_1,Budapest,Ottowia,0.073166322,73
1014086_1,Budapest,Paracoccus,0.006438301,73
1014086_1,Budapest,Phocaeicola,0.000774973,73
1014086_1,Budapest,Prevotella,0.00058242,73
1014086_1,Budapest,Propionivibrio,0.008982323,73
1014086_1,Budapest,Pseudomonas_E,0.012631735,73
1014086_1,Budapest,Pseudoxanthomonas,0.013981456,73
1014086_1,Budapest,Pseudoxanthomonas_A,0.048366037,73
1014086_1,Budapest,Psychrobacter,0.001682515,73
1014086_1,Budapest,Rubrivivax,0.000780664,73
1014086_1,Budapest,Streptococcus,0.007769254,73
1014086_1,Budapest,Telluria,0.001189906,73
1014086_1,Budapest,Thauera,0.015877437,73
1014086_1,Budapest,Thermomonas,0.016467627,73
1014086_1,Budapest,Thiothrix,0.000447961,73
1014086_1,Budapest,Tolumonas,0.000707167,73
1014086_1,Budapest,Trichococcus,0.003430729,73
1014086_1,Budapest,UBA1413,1.77427e-06,73
1014089_1,Budapest,Acidovorax,0.070088526,74
1014089_1,Budapest,Acinetobacter,0.020938981,74
1014089_1,Budapest,Aeromonas,0.009156186,74
1014089_1,Budapest,Aliarcobacter,0.02534875,74
1014089_1,Budapest,Aquabacterium_A,0.000140512,74
1014089_1,Budapest,Bacteroides,0.001225608,74
1014089_1,Budapest,Brachymonas,0.031720075,74
1014089_1,Budapest,Brevefilum,1.30326e-05,74
1014089_1,Budapest,Brevundimonas,0.002158204,74
1014089_1,Budapest,Cloacibacterium,0.012272386,74
1014089_1,Budapest,Comamonas,0.021558177,74
1014089_1,Budapest,Competibacter_A,0.002520808,74
1014089_1,Budapest,Enterobacter,0.000854731,74
1014089_1,Budapest,Fermentibacter,7.45393e-06,74
1014089_1,Budapest,Flavobacterium,0.002787907,74
1014089_1,Budapest,Giesbergeria,0.010670679,74
1014089_1,Budapest,Hydrogenophaga,0.001213535,74
1014089_1,Budapest,JAGOYM01,0.007696451,74
1014089_1,Budapest,Janthinobacterium,0.002048334,74
1014089_1,Budapest,Kaistella,0.002060411,74
1014089_1,Budapest,Lactococcus_A,0.000254057,74
1014089_1,Budapest,Lenti-01,0.007593532,74
1014089_1,Budapest,Microthrix,1.78204e-05,74
1014089_1,Budapest,Moraxella_A,0.004646022,74
1014089_1,Budapest,Neisseria,0.08681309,74
1014089_1,Budapest,Novosphingobium,0.001907754,74
1014089_1,Budapest,Ottowia,0.054230293,74
1014089_1,Budapest,Paracoccus,0.003838625,74
1014089_1,Budapest,Phocaeicola,0.001806427,74
1014089_1,Budapest,Prevotella,0.001328414,74
1014089_1,Budapest,Propionivibrio,0.02299734,74
1014089_1,Budapest,Pseudomonas_E,0.02563686,74
1014089_1,Budapest,Pseudoxanthomonas,0.018808822,74
1014089_1,Budapest,Pseudoxanthomonas_A,0.030376189,74
1014089_1,Budapest,Psychrobacter,0.00070027,74
1014089_1,Budapest,Rubrivivax,0.00092527,74
1014089_1,Budapest,Streptococcus,0.008407562,74
1014089_1,Budapest,Telluria,0.000857993,74
1014089_1,Budapest,Thauera,0.022451587,74
1014089_1,Budapest,Thermomonas,0.015745415,74
1014089_1,Budapest,Thiothrix,0.000695886,74
1014089_1,Budapest,Tolumonas,0.002039812,74
1014089_1,Budapest,Trichococcus,0.003808237,74
1014089_1,Budapest,UBA1413,2.78082e-06,74
1014091_1,Budapest,Acidovorax,0.067820553,77
1014091_1,Budapest,Acinetobacter,0.038387498,77
1014091_1,Budapest,Aeromonas,0.008237394,77
1014091_1,Budapest,Aliarcobacter,0.025444909,77
1014091_1,Budapest,Aquabacterium_A,0.001191671,77
1014091_1,Budapest,Bacteroides,0.001108978,77
1014091_1,Budapest,Brachymonas,0.015287426,77
1014091_1,Budapest,Brevefilum,6.69672e-06,77
1014091_1,Budapest,Brevundimonas,0.000900362,77
1014091_1,Budapest,Cloacibacterium,0.017185828,77
1014091_1,Budapest,Comamonas,0.090259365,77
1014091_1,Budapest,Competibacter_A,0.007269967,77
1014091_1,Budapest,Enterobacter,0.002665516,77
1014091_1,Budapest,Fermentibacter,1.07766e-05,77
1014091_1,Budapest,Flavobacterium,0.004469167,77
1014091_1,Budapest,Giesbergeria,0.004714351,77
1014091_1,Budapest,Hydrogenophaga,0.000346588,77
1014091_1,Budapest,JAGOYM01,0.002280733,77
1014091_1,Budapest,Janthinobacterium,0.000728605,77
1014091_1,Budapest,Kaistella,0.002793813,77
1014091_1,Budapest,Lactococcus_A,0.000494206,77
1014091_1,Budapest,Lenti-01,0.008512015,77
1014091_1,Budapest,Microthrix,0.006121302,77
1014091_1,Budapest,Moraxella_A,0.002815838,77
1014091_1,Budapest,Neisseria,0.051865852,77
1014091_1,Budapest,Novosphingobium,0.002263424,77
1014091_1,Budapest,Ottowia,0.038928134,77
1014091_1,Budapest,Paracoccus,0.002749556,77
1014091_1,Budapest,Phocaeicola,0.003489263,77
1014091_1,Budapest,Prevotella,0.008959962,77
1014091_1,Budapest,Propionivibrio,0.012566148,77
1014091_1,Budapest,Pseudomonas_E,0.038884028,77
1014091_1,Budapest,Pseudoxanthomonas,0.010215682,77
1014091_1,Budapest,Pseudoxanthomonas_A,0.01240648,77
1014091_1,Budapest,Psychrobacter,0.001076537,77
1014091_1,Budapest,Rubrivivax,0.001986266,77
1014091_1,Budapest,Streptococcus,0.015071722,77
1014091_1,Budapest,Telluria,0.000699066,77
1014091_1,Budapest,Thauera,0.016242119,77
1014091_1,Budapest,Thermomonas,0.012780304,77
1014091_1,Budapest,Thiothrix,0.000324767,77
1014091_1,Budapest,Tolumonas,0.001065442,77
1014091_1,Budapest,Trichococcus,0.005592528,77
1014091_1,Budapest,UBA1413,1.86837e-06,77
1014093_1,Budapest,Acidovorax,0.065301614,78
1014093_1,Budapest,Acinetobacter,0.018129525,78
1014093_1,Budapest,Aeromonas,0.005099118,78
1014093_1,Budapest,Aliarcobacter,0.032053984,78
1014093_1,Budapest,Aquabacterium_A,0.000180063,78
1014093_1,Budapest,Bacteroides,0.001426665,78
1014093_1,Budapest,Brachymonas,0.014756465,78
1014093_1,Budapest,Brevefilum,7.81505e-06,78
1014093_1,Budapest,Brevundimonas,0.001462937,78
1014093_1,Budapest,Cloacibacterium,0.033469396,78
1014093_1,Budapest,Comamonas,0.014728868,78
1014093_1,Budapest,Competibacter_A,0.00026608,78
1014093_1,Budapest,Enterobacter,0.000724237,78
1014093_1,Budapest,Fermentibacter,4.40191e-06,78
1014093_1,Budapest,Flavobacterium,0.004948574,78
1014093_1,Budapest,Giesbergeria,0.005209389,78
1014093_1,Budapest,Hydrogenophaga,0.000989462,78
1014093_1,Budapest,JAGOYM01,0.002747068,78
1014093_1,Budapest,Janthinobacterium,0.001376803,78
1014093_1,Budapest,Kaistella,0.007019606,78
1014093_1,Budapest,Lactococcus_A,0.000184899,78
1014093_1,Budapest,Lenti-01,0.009616142,78
1014093_1,Budapest,Microthrix,2.90376e-05,78
1014093_1,Budapest,Moraxella_A,0.003879633,78
1014093_1,Budapest,Neisseria,0.021043235,78
1014093_1,Budapest,Novosphingobium,0.001340817,78
1014093_1,Budapest,Ottowia,0.064205509,78
1014093_1,Budapest,Paracoccus,0.002194427,78
1014093_1,Budapest,Phocaeicola,0.004360887,78
1014093_1,Budapest,Prevotella,0.001679273,78
1014093_1,Budapest,Propionivibrio,0.031775354,78
1014093_1,Budapest,Pseudomonas_E,0.168961776,78
1014093_1,Budapest,Pseudoxanthomonas,0.01307143,78
1014093_1,Budapest,Pseudoxanthomonas_A,0.007390347,78
1014093_1,Budapest,Psychrobacter,0.000620933,78
1014093_1,Budapest,Rubrivivax,0.000241452,78
1014093_1,Budapest,Streptococcus,0.015009526,78
1014093_1,Budapest,Telluria,0.000589315,78
1014093_1,Budapest,Thauera,0.020091842,78
1014093_1,Budapest,Thermomonas,0.009279642,78
1014093_1,Budapest,Thiothrix,0.000899201,78
1014093_1,Budapest,Tolumonas,0.001225239,78
1014093_1,Budapest,Trichococcus,0.010018413,78
1014093_1,Budapest,UBA1413,1.63389e-06,78
1014095_1,Budapest,Acidovorax,0.032367251,80
1014095_1,Budapest,Acinetobacter,0.010741576,80
1014095_1,Budapest,Aeromonas,0.00078757,80
1014095_1,Budapest,Aliarcobacter,0.001503182,80
1014095_1,Budapest,Aquabacterium_A,0.000131712,80
1014095_1,Budapest,Bacteroides,8.21136e-05,80
1014095_1,Budapest,Brachymonas,0.006641569,80
1014095_1,Budapest,Brevefilum,9.8359e-06,80
1014095_1,Budapest,Brevundimonas,0.00068114,80
1014095_1,Budapest,Cloacibacterium,0.00283966,80
1014095_1,Budapest,Comamonas,0.00806012,80
1014095_1,Budapest,Competibacter_A,0.000131665,80
1014095_1,Budapest,Enterobacter,0.000537399,80
1014095_1,Budapest,Fermentibacter,2.8117e-06,80
1014095_1,Budapest,Flavobacterium,0.000888232,80
1014095_1,Budapest,Giesbergeria,0.004351965,80
1014095_1,Budapest,Hydrogenophaga,0.000420447,80
1014095_1,Budapest,JAGOYM01,0.000226422,80
1014095_1,Budapest,Janthinobacterium,0.002385895,80
1014095_1,Budapest,Kaistella,0.00047074,80
1014095_1,Budapest,Lactococcus_A,3.48175e-05,80
1014095_1,Budapest,Lenti-01,0.002359487,80
1014095_1,Budapest,Microthrix,1.08277e-05,80
1014095_1,Budapest,Moraxella_A,0.000531471,80
1014095_1,Budapest,Neisseria,0.017499456,80
1014095_1,Budapest,Novosphingobium,0.000538913,80
1014095_1,Budapest,Ottowia,0.011831323,80
1014095_1,Budapest,Paracoccus,0.001062357,80
1014095_1,Budapest,Phocaeicola,0.000136214,80
1014095_1,Budapest,Prevotella,0.000299403,80
1014095_1,Budapest,Propionivibrio,0.007762017,80
1014095_1,Budapest,Pseudomonas_E,0.730372713,80
1014095_1,Budapest,Pseudoxanthomonas,0.003935687,80
1014095_1,Budapest,Pseudoxanthomonas_A,0.007622305,80
1014095_1,Budapest,Psychrobacter,0.004307357,80
1014095_1,Budapest,Rubrivivax,0.000108127,80
1014095_1,Budapest,Streptococcus,0.001583498,80
1014095_1,Budapest,Telluria,0.002078001,80
1014095_1,Budapest,Thauera,0.004941549,80
1014095_1,Budapest,Thermomonas,0.00559499,80
1014095_1,Budapest,Thiothrix,0.000392136,80
1014095_1,Budapest,Tolumonas,0.000136573,80
1014095_1,Budapest,Trichococcus,0.001830558,80
1014095_1,Budapest,UBA1413,2.42979e-06,80
1014098_1,Budapest,Acidovorax,0.015662156,83
1014098_1,Budapest,Acinetobacter,0.009641882,83
1014098_1,Budapest,Aeromonas,0.001084428,83
1014098_1,Budapest,Aliarcobacter,0.002564137,83
1014098_1,Budapest,Aquabacterium_A,5.23278e-05,83
1014098_1,Budapest,Bacteroides,0.000183532,83
1014098_1,Budapest,Brachymonas,0.014133484,83
1014098_1,Budapest,Brevefilum,1.7902e-06,83
1014098_1,Budapest,Brevundimonas,0.000859641,83
1014098_1,Budapest,Cloacibacterium,0.002529222,83
1014098_1,Budapest,Comamonas,0.004141093,83
1014098_1,Budapest,Competibacter_A,0.000357954,83
1014098_1,Budapest,Enterobacter,0.0005083,83
1014098_1,Budapest,Fermentibacter,2.07333e-06,83
1014098_1,Budapest,Flavobacterium,0.000636381,83
1014098_1,Budapest,Giesbergeria,0.001067025,83
1014098_1,Budapest,Hydrogenophaga,9.50669e-05,83
1014098_1,Budapest,JAGOYM01,0.000941939,83
1014098_1,Budapest,Janthinobacterium,0.000624601,83
1014098_1,Budapest,Kaistella,0.000555212,83
1014098_1,Budapest,Lactococcus_A,3.64303e-05,83
1014098_1,Budapest,Lenti-01,0.00191362,83
1014098_1,Budapest,Microthrix,5.06433e-06,83
1014098_1,Budapest,Moraxella_A,0.000356574,83
1014098_1,Budapest,Neisseria,0.009711455,83
1014098_1,Budapest,Novosphingobium,0.000428387,83
1014098_1,Budapest,Ottowia,0.009884237,83
1014098_1,Budapest,Paracoccus,0.001128262,83
1014098_1,Budapest,Phocaeicola,0.000513516,83
1014098_1,Budapest,Prevotella,0.000267422,83
1014098_1,Budapest,Propionivibrio,0.007690424,83
1014098_1,Budapest,Pseudomonas_E,0.774807017,83
1014098_1,Budapest,Pseudoxanthomonas,0.003752701,83
1014098_1,Budapest,Pseudoxanthomonas_A,0.005557893,83
1014098_1,Budapest,Psychrobacter,0.000125972,83
1014098_1,Budapest,Rubrivivax,7.0633e-05,83
1014098_1,Budapest,Streptococcus,0.003405863,83
1014098_1,Budapest,Telluria,0.000441732,83
1014098_1,Budapest,Thauera,0.003890841,83
1014098_1,Budapest,Thermomonas,0.003524823,83
1014098_1,Budapest,Thiothrix,8.17307e-05,83
1014098_1,Budapest,Tolumonas,0.000392171,83
1014098_1,Budapest,Trichococcus,0.003151928,83
1014098_1,Budapest,UBA1413,1.98912e-07,83
1014099_1,Budapest,Acidovorax,0.020519051,84
1014099_1,Budapest,Acinetobacter,0.005654566,84
1014099_1,Budapest,Aeromonas,0.001408871,84
1014099_1,Budapest,Aliarcobacter,0.004661676,84
1014099_1,Budapest,Aquabacterium_A,7.07803e-05,84
1014099_1,Budapest,Bacteroides,0.000150853,84
1014099_1,Budapest,Brachymonas,0.00679658,84
1014099_1,Budapest,Brevefilum,6.79992e-07,84
1014099_1,Budapest,Brevundimonas,0.000367639,84
1014099_1,Budapest,Cloacibacterium,0.002013575,84
1014099_1,Budapest,Comamonas,0.006281052,84
1014099_1,Budapest,Competibacter_A,0.000243318,84
1014099_1,Budapest,Enterobacter,0.000473024,84
1014099_1,Budapest,Fermentibacter,1.3576e-06,84
1014099_1,Budapest,Flavobacterium,0.000532604,84
1014099_1,Budapest,Giesbergeria,0.003215249,84
1014099_1,Budapest,Hydrogenophaga,0.000169073,84
1014099_1,Budapest,JAGOYM01,0.001800731,84
1014099_1,Budapest,Janthinobacterium,0.000742472,84
1014099_1,Budapest,Kaistella,0.000304133,84
1014099_1,Budapest,Lactococcus_A,2.19381e-05,84
1014099_1,Budapest,Lenti-01,0.001516165,84
1014099_1,Budapest,Microthrix,5.9922e-06,84
1014099_1,Budapest,Moraxella_A,0.000382922,84
1014099_1,Budapest,Neisseria,0.008441931,84
1014099_1,Budapest,Novosphingobium,0.000598923,84
1014099_1,Budapest,Ottowia,0.01678895,84
1014099_1,Budapest,Paracoccus,0.000690713,84
1014099_1,Budapest,Phocaeicola,0.000213997,84
1014099_1,Budapest,Prevotella,0.000225922,84
1014099_1,Budapest,Propionivibrio,0.00948712,84
1014099_1,Budapest,Pseudomonas_E,0.75165879,84
1014099_1,Budapest,Pseudoxanthomonas,0.004405702,84
1014099_1,Budapest,Pseudoxanthomonas_A,0.005336469,84
1014099_1,Budapest,Psychrobacter,6.50159e-05,84
1014099_1,Budapest,Rubrivivax,0.000145875,84
1014099_1,Budapest,Streptococcus,0.001494591,84
1014099_1,Budapest,Telluria,0.000435029,84
1014099_1,Budapest,Thauera,0.004513457,84
1014099_1,Budapest,Thermomonas,0.004477571,84
1014099_1,Budapest,Thiothrix,0.000265712,84
1014099_1,Budapest,Tolumonas,0.000522836,84
1014099_1,Budapest,Trichococcus,0.000691747,84
1014099_1,Budapest,UBA1413,4.7067e-06,84
1014103_1,Budapest,Acidovorax,0.09267191,87
1014103_1,Budapest,Acinetobacter,0.031564913,87
1014103_1,Budapest,Aeromonas,0.018047863,87
1014103_1,Budapest,Aliarcobacter,0.037647545,87
1014103_1,Budapest,Aquabacterium_A,0.003350903,87
1014103_1,Budapest,Bacteroides,0.003537864,87
1014103_1,Budapest,Brachymonas,0.014946938,87
1014103_1,Budapest,Brevefilum,4.02009e-06,87
1014103_1,Budapest,Brevundimonas,0.001120462,87
1014103_1,Budapest,Cloacibacterium,0.017954932,87
1014103_1,Budapest,Comamonas,0.049424405,87
1014103_1,Budapest,Competibacter_A,0.000171952,87
1014103_1,Budapest,Enterobacter,0.001632134,87
1014103_1,Budapest,Fermentibacter,4.88325e-06,87
1014103_1,Budapest,Flavobacterium,0.004421209,87
1014103_1,Budapest,Giesbergeria,0.015724173,87
1014103_1,Budapest,Hydrogenophaga,0.002651942,87
1014103_1,Budapest,JAGOYM01,0.003314519,87
1014103_1,Budapest,Janthinobacterium,0.001291597,87
1014103_1,Budapest,Kaistella,0.003225071,87
1014103_1,Budapest,Lactococcus_A,8.23393e-05,87
1014103_1,Budapest,Lenti-01,0.002581509,87
1014103_1,Budapest,Microthrix,1.99665e-05,87
1014103_1,Budapest,Moraxella_A,0.00423185,87
1014103_1,Budapest,Neisseria,0.031078061,87
1014103_1,Budapest,Novosphingobium,0.004861042,87
1014103_1,Budapest,Ottowia,0.04012623,87
1014103_1,Budapest,Paracoccus,0.002525648,87
1014103_1,Budapest,Phocaeicola,0.005679047,87
1014103_1,Budapest,Prevotella,0.003046273,87
1014103_1,Budapest,Propionivibrio,0.028590804,87
1014103_1,Budapest,Pseudomonas_E,0.025056152,87
1014103_1,Budapest,Pseudoxanthomonas,0.008519786,87
1014103_1,Budapest,Pseudoxanthomonas_A,0.034025278,87
1014103_1,Budapest,Psychrobacter,0.000354248,87
1014103_1,Budapest,Rubrivivax,0.000982644,87
1014103_1,Budapest,Streptococcus,0.008386607,87
1014103_1,Budapest,Telluria,0.000812901,87
1014103_1,Budapest,Thauera,0.019176842,87
1014103_1,Budapest,Thermomonas,0.032891328,87
1014103_1,Budapest,Thiothrix,0.00445421,87
1014103_1,Budapest,Tolumonas,0.001649531,87
1014103_1,Budapest,Trichococcus,0.001972011,87
1014103_1,Budapest,UBA1413,1.65519e-06,87
1014106_1,Budapest,Acidovorax,0.097326923,90
1014106_1,Budapest,Acinetobacter,0.030022722,90
1014106_1,Budapest,Aeromonas,0.004426892,90
1014106_1,Budapest,Aliarcobacter,0.008442666,90
1014106_1,Budapest,Aquabacterium_A,0.003436665,90
1014106_1,Budapest,Bacteroides,0.001228054,90
1014106_1,Budapest,Brachymonas,0.019331584,90
1014106_1,Budapest,Brevefilum,5.60278e-06,90
1014106_1,Budapest,Brevundimonas,0.002117811,90
1014106_1,Budapest,Cloacibacterium,0.007020643,90
1014106_1,Budapest,Comamonas,0.024096411,90
1014106_1,Budapest,Competibacter_A,0.003420766,90
1014106_1,Budapest,Enterobacter,0.001111155,90
1014106_1,Budapest,Fermentibacter,6.33757e-06,90
1014106_1,Budapest,Flavobacterium,0.003104267,90
1014106_1,Budapest,Giesbergeria,0.004696648,90
1014106_1,Budapest,Hydrogenophaga,0.000504165,90
1014106_1,Budapest,JAGOYM01,0.003841519,90
1014106_1,Budapest,Janthinobacterium,0.0021622,90
1014106_1,Budapest,Kaistella,0.002022094,90
1014106_1,Budapest,Lactococcus_A,0.000381577,90
1014106_1,Budapest,Lenti-01,0.011437451,90
1014106_1,Budapest,Microthrix,0.001115497,90
1014106_1,Budapest,Moraxella_A,0.001174862,90
1014106_1,Budapest,Neisseria,0.030662297,90
1014106_1,Budapest,Novosphingobium,0.001789978,90
1014106_1,Budapest,Ottowia,0.062971685,90
1014106_1,Budapest,Paracoccus,0.003494631,90
1014106_1,Budapest,Phocaeicola,0.001829151,90
1014106_1,Budapest,Prevotella,0.003865899,90
1014106_1,Budapest,Propionivibrio,0.012564896,90
1014106_1,Budapest,Pseudomonas_E,0.013438779,90
1014106_1,Budapest,Pseudoxanthomonas,0.0139845,90
1014106_1,Budapest,Pseudoxanthomonas_A,0.025518574,90
1014106_1,Budapest,Psychrobacter,0.000218114,90
1014106_1,Budapest,Rubrivivax,0.001302793,90
1014106_1,Budapest,Streptococcus,0.009600262,90
1014106_1,Budapest,Telluria,0.000898626,90
1014106_1,Budapest,Thauera,0.012408291,90
1014106_1,Budapest,Thermomonas,0.012079593,90
1014106_1,Budapest,Thiothrix,0.000146559,90
1014106_1,Budapest,Tolumonas,0.000454266,90
1014106_1,Budapest,Trichococcus,0.005989438,90
1014106_1,Budapest,UBA1413,6.58772e-06,90
1007225_1,Copenaghen_RD,Acidovorax,0.166986219,60
1007225_1,Copenaghen_RD,Acinetobacter,0.034378154,60
1007225_1,Copenaghen_RD,Aeromonas,0.001464274,60
1007225_1,Copenaghen_RD,Aliarcobacter,0.016640049,60
1007225_1,Copenaghen_RD,Aquabacterium_A,0.000408246,60
1007225_1,Copenaghen_RD,Bacteroides,0.002790574,60
1007225_1,Copenaghen_RD,Brachymonas,0.007292343,60
1007225_1,Copenaghen_RD,Brevefilum,4.88268e-05,60
1007225_1,Copenaghen_RD,Brevundimonas,0.001105841,60
1007225_1,Copenaghen_RD,Cloacibacterium,0.006081339,60
1007225_1,Copenaghen_RD,Comamonas,0.019266444,60
1007225_1,Copenaghen_RD,Competibacter_A,3.91607e-05,60
1007225_1,Copenaghen_RD,Enterobacter,0.000176673,60
1007225_1,Copenaghen_RD,Fermentibacter,1.74318e-05,60
1007225_1,Copenaghen_RD,Flavobacterium,0.013191101,60
1007225_1,Copenaghen_RD,Giesbergeria,0.01710199,60
1007225_1,Copenaghen_RD,Hydrogenophaga,0.000609595,60
1007225_1,Copenaghen_RD,JAGOYM01,0.009612835,60
1007225_1,Copenaghen_RD,Janthinobacterium,0.002236134,60
1007225_1,Copenaghen_RD,Kaistella,0.012443771,60
1007225_1,Copenaghen_RD,Lactococcus_A,0.028658836,60
1007225_1,Copenaghen_RD,Lenti-01,8.64254e-05,60
1007225_1,Copenaghen_RD,Microthrix,0.000244457,60
1007225_1,Copenaghen_RD,Moraxella_A,0.000934559,60
1007225_1,Copenaghen_RD,Neisseria,0.016856432,60
1007225_1,Copenaghen_RD,Novosphingobium,0.000265656,60
1007225_1,Copenaghen_RD,Ottowia,0.047558361,60
1007225_1,Copenaghen_RD,Paracoccus,0.003451628,60
1007225_1,Copenaghen_RD,Phocaeicola,0.003722929,60
1007225_1,Copenaghen_RD,Prevotella,0.004366164,60
1007225_1,Copenaghen_RD,Propionivibrio,0.003929229,60
1007225_1,Copenaghen_RD,Pseudomonas_E,0.051803353,60
1007225_1,Copenaghen_RD,Pseudoxanthomonas,0.007535216,60
1007225_1,Copenaghen_RD,Pseudoxanthomonas_A,0.006220628,60
1007225_1,Copenaghen_RD,Psychrobacter,0.049324333,60
1007225_1,Copenaghen_RD,Rubrivivax,0.000307307,60
1007225_1,Copenaghen_RD,Streptococcus,0.013040235,60
1007225_1,Copenaghen_RD,Telluria,0.000468024,60
1007225_1,Copenaghen_RD,Thauera,0.008522379,60
1007225_1,Copenaghen_RD,Thermomonas,0.007237793,60
1007225_1,Copenaghen_RD,Thiothrix,0.000943388,60
1007225_1,Copenaghen_RD,Tolumonas,0.000225147,60
1007225_1,Copenaghen_RD,Trichococcus,0.066272014,60
1007225_1,Copenaghen_RD,UBA1413,6.62915e-06,60
1007224_1,Copenaghen_RL,Acidovorax,0.225400304,60
1007224_1,Copenaghen_RL,Acinetobacter,0.026420767,60
1007224_1,Copenaghen_RL,Aeromonas,0.002848275,60
1007224_1,Copenaghen_RL,Aliarcobacter,0.014773983,60
1007224_1,Copenaghen_RL,Aquabacterium_A,0.000256031,60
1007224_1,Copenaghen_RL,Bacteroides,0.003486851,60
1007224_1,Copenaghen_RL,Brachymonas,0.013287002,60
1007224_1,Copenaghen_RL,Brevefilum,0.000490732,60
1007224_1,Copenaghen_RL,Brevundimonas,0.000640673,60
1007224_1,Copenaghen_RL,Cloacibacterium,0.012434092,60
1007224_1,Copenaghen_RL,Comamonas,0.094031258,60
1007224_1,Copenaghen_RL,Competibacter_A,2.9563e-05,60
1007224_1,Copenaghen_RL,Enterobacter,0.000187233,60
1007224_1,Copenaghen_RL,Fermentibacter,6.45133e-06,60
1007224_1,Copenaghen_RL,Flavobacterium,0.016676846,60
1007224_1,Copenaghen_RL,Giesbergeria,0.015337422,60
1007224_1,Copenaghen_RL,Hydrogenophaga,0.000822911,60
1007224_1,Copenaghen_RL,JAGOYM01,0.01050997,60
1007224_1,Copenaghen_RL,Janthinobacterium,0.001179084,60
1007224_1,Copenaghen_RL,Kaistella,0.00895033,60
1007224_1,Copenaghen_RL,Lactococcus_A,0.009553102,60
1007224_1,Copenaghen_RL,Lenti-01,0.000125455,60
1007224_1,Copenaghen_RL,Microthrix,0.000102167,60
1007224_1,Copenaghen_RL,Moraxella_A,0.004894704,60
1007224_1,Copenaghen_RL,Neisseria,0.025895319,60
1007224_1,Copenaghen_RL,Novosphingobium,0.000279229,60
1007224_1,Copenaghen_RL,Ottowia,0.027066519,60
1007224_1,Copenaghen_RL,Paracoccus,0.003875792,60
1007224_1,Copenaghen_RL,Phocaeicola,0.003371638,60
1007224_1,Copenaghen_RL,Prevotella,0.005515245,60
1007224_1,Copenaghen_RL,Propionivibrio,0.003955901,60
1007224_1,Copenaghen_RL,Pseudomonas_E,0.034098837,60
1007224_1,Copenaghen_RL,Pseudoxanthomonas,0.005788327,60
1007224_1,Copenaghen_RL,Pseudoxanthomonas_A,0.006865042,60
1007224_1,Copenaghen_RL,Psychrobacter,0.015823266,60
1007224_1,Copenaghen_RL,Rubrivivax,0.000388418,60
1007224_1,Copenaghen_RL,Streptococcus,0.018257539,60
1007224_1,Copenaghen_RL,Telluria,0.001018646,60
1007224_1,Copenaghen_RL,Thauera,0.009747565,60
1007224_1,Copenaghen_RL,Thermomonas,0.010250444,60
1007224_1,Copenaghen_RL,Thiothrix,0.000293477,60
1007224_1,Copenaghen_RL,Tolumonas,0.000361627,60
1007224_1,Copenaghen_RL,Trichococcus,0.038562097,60
1007224_1,Copenaghen_RL,UBA1413,0.000147428,60
1007213_1,Copenaghen_RA,Acidovorax,0.101999681,61
1007213_1,Copenaghen_RA,Acinetobacter,0.057671259,61
1007213_1,Copenaghen_RA,Aeromonas,0.032201614,61
1007213_1,Copenaghen_RA,Aliarcobacter,0.203386545,61
1007213_1,Copenaghen_RA,Aquabacterium_A,0.000251056,61
1007213_1,Copenaghen_RA,Bacteroides,0.052115094,61
1007213_1,Copenaghen_RA,Brachymonas,0.00390056,61
1007213_1,Copenaghen_RA,Brevefilum,0.000158592,61
1007213_1,Copenaghen_RA,Brevundimonas,0.000607228,61
1007213_1,Copenaghen_RA,Cloacibacterium,0.008647448,61
1007213_1,Copenaghen_RA,Comamonas,0.01241297,61
1007213_1,Copenaghen_RA,Competibacter_A,2.36202e-05,61
1007213_1,Copenaghen_RA,Enterobacter,0.000499518,61
1007213_1,Copenaghen_RA,Fermentibacter,2.32875e-05,61
1007213_1,Copenaghen_RA,Flavobacterium,0.014346719,61
1007213_1,Copenaghen_RA,Giesbergeria,0.037545718,61
1007213_1,Copenaghen_RA,Hydrogenophaga,0.001123329,61
1007213_1,Copenaghen_RA,JAGOYM01,0.009697724,61
1007213_1,Copenaghen_RA,Janthinobacterium,0.001193176,61
1007213_1,Copenaghen_RA,Kaistella,0.002766649,61
1007213_1,Copenaghen_RA,Lactococcus_A,0.00142686,61
1007213_1,Copenaghen_RA,Lenti-01,0.000122116,61
1007213_1,Copenaghen_RA,Microthrix,7.0718e-05,61
1007213_1,Copenaghen_RA,Moraxella_A,0.001113573,61
1007213_1,Copenaghen_RA,Neisseria,0.023287722,61
1007213_1,Copenaghen_RA,Novosphingobium,0.000366994,61
1007213_1,Copenaghen_RA,Ottowia,0.008385934,61
1007213_1,Copenaghen_RA,Paracoccus,0.000426016,61
1007213_1,Copenaghen_RA,Phocaeicola,0.032708191,61
1007213_1,Copenaghen_RA,Prevotella,0.017411306,61
1007213_1,Copenaghen_RA,Propionivibrio,0.006232883,61
1007213_1,Copenaghen_RA,Pseudomonas_E,0.014056673,61
1007213_1,Copenaghen_RA,Pseudoxanthomonas,0.001164553,61
1007213_1,Copenaghen_RA,Pseudoxanthomonas_A,0.005126727,61
1007213_1,Copenaghen_RA,Psychrobacter,0.009864186,61
1007213_1,Copenaghen_RA,Rubrivivax,0.000171744,61
1007213_1,Copenaghen_RA,Streptococcus,0.000597207,61
1007213_1,Copenaghen_RA,Telluria,0.000682944,61
1007213_1,Copenaghen_RA,Thauera,0.019171567,61
1007213_1,Copenaghen_RA,Thermomonas,0.003482268,61
1007213_1,Copenaghen_RA,Thiothrix,0.000660449,61
1007213_1,Copenaghen_RA,Tolumonas,0.003531147,61
1007213_1,Copenaghen_RA,Trichococcus,0.001474754,61
1007213_1,Copenaghen_RA,UBA1413,0.000109975,61
1007214_2,Copenaghen_RD,Acidovorax,0.107674905,61
1007214_2,Copenaghen_RD,Acinetobacter,0.057873942,61
1007214_2,Copenaghen_RD,Aeromonas,0.030282085,61
1007214_2,Copenaghen_RD,Aliarcobacter,0.258843736,61
1007214_2,Copenaghen_RD,Aquabacterium_A,0.000151598,61
1007214_2,Copenaghen_RD,Bacteroides,0.027552622,61
1007214_2,Copenaghen_RD,Brachymonas,0.003930972,61
1007214_2,Copenaghen_RD,Brevefilum,1.97417e-05,61
1007214_2,Copenaghen_RD,Brevundimonas,0.000601201,61
1007214_2,Copenaghen_RD,Cloacibacterium,0.008065246,61
1007214_2,Copenaghen_RD,Comamonas,0.009607693,61
1007214_2,Copenaghen_RD,Competibacter_A,3.15392e-05,61
1007214_2,Copenaghen_RD,Enterobacter,0.000507298,61
1007214_2,Copenaghen_RD,Fermentibacter,1.35453e-05,61
1007214_2,Copenaghen_RD,Flavobacterium,0.019189913,61
1007214_2,Copenaghen_RD,Giesbergeria,0.028373547,61
1007214_2,Copenaghen_RD,Hydrogenophaga,0.001903539,61
1007214_2,Copenaghen_RD,JAGOYM01,0.004762494,61
1007214_2,Copenaghen_RD,Janthinobacterium,0.000922873,61
1007214_2,Copenaghen_RD,Kaistella,0.004765324,61
1007214_2,Copenaghen_RD,Lactococcus_A,0.002295289,61
1007214_2,Copenaghen_RD,Lenti-01,9.67942e-05,61
1007214_2,Copenaghen_RD,Microthrix,1.74687e-05,61
1007214_2,Copenaghen_RD,Moraxella_A,0.002711727,61
1007214_2,Copenaghen_RD,Neisseria,0.007771615,61
1007214_2,Copenaghen_RD,Novosphingobium,0.000170611,61
1007214_2,Copenaghen_RD,Ottowia,0.013637344,61
1007214_2,Copenaghen_RD,Paracoccus,0.000509025,61
1007214_2,Copenaghen_RD,Phocaeicola,0.027262994,61
1007214_2,Copenaghen_RD,Prevotella,0.054264783,61
1007214_2,Copenaghen_RD,Propionivibrio,0.005665872,61
1007214_2,Copenaghen_RD,Pseudomonas_E,0.014735728,61
1007214_2,Copenaghen_RD,Pseudoxanthomonas,0.00140723,61
1007214_2,Copenaghen_RD,Pseudoxanthomonas_A,0.002704108,61
1007214_2,Copenaghen_RD,Psychrobacter,0.006383975,61
1007214_2,Copenaghen_RD,Rubrivivax,0.000171344,61
1007214_2,Copenaghen_RD,Streptococcus,0.000720939,61
1007214_2,Copenaghen_RD,Telluria,0.000234136,61
1007214_2,Copenaghen_RD,Thauera,0.010045333,61
1007214_2,Copenaghen_RD,Thermomonas,0.002193348,61
1007214_2,Copenaghen_RD,Thiothrix,0.000417701,61
1007214_2,Copenaghen_RD,Tolumonas,0.001012245,61
1007214_2,Copenaghen_RD,Trichococcus,0.00204044,61
1007214_2,Copenaghen_RD,UBA1413,9.97275e-06,61
1007215_2,Copenaghen_RL,Acidovorax,0.154694816,61
1007215_2,Copenaghen_RL,Acinetobacter,0.083023131,61
1007215_2,Copenaghen_RL,Aeromonas,0.030261079,61
1007215_2,Copenaghen_RL,Aliarcobacter,0.083738956,61
1007215_2,Copenaghen_RL,Aquabacterium_A,0.00026213,61
1007215_2,Copenaghen_RL,Bacteroides,0.016893977,61
1007215_2,Copenaghen_RL,Brachymonas,0.004555997,61
1007215_2,Copenaghen_RL,Brevefilum,3.50038e-05,61
1007215_2,Copenaghen_RL,Brevundimonas,0.000645776,61
1007215_2,Copenaghen_RL,Cloacibacterium,0.01210814,61
1007215_2,Copenaghen_RL,Comamonas,0.060374646,61
1007215_2,Copenaghen_RL,Competibacter_A,3.49562e-05,61
1007215_2,Copenaghen_RL,Enterobacter,0.000432513,61
1007215_2,Copenaghen_RL,Fermentibacter,6.08507e-05,61
1007215_2,Copenaghen_RL,Flavobacterium,0.028904504,61
1007215_2,Copenaghen_RL,Giesbergeria,0.039428545,61
1007215_2,Copenaghen_RL,Hydrogenophaga,0.001195784,61
1007215_2,Copenaghen_RL,JAGOYM01,0.00311577,61
1007215_2,Copenaghen_RL,Janthinobacterium,0.001133639,61
1007215_2,Copenaghen_RL,Kaistella,0.003914357,61
1007215_2,Copenaghen_RL,Lactococcus_A,0.004060724,61
1007215_2,Copenaghen_RL,Lenti-01,0.000189184,61
1007215_2,Copenaghen_RL,Microthrix,2.08234e-05,61
1007215_2,Copenaghen_RL,Moraxella_A,0.00441612,61
1007215_2,Copenaghen_RL,Neisseria,0.014051219,61
1007215_2,Copenaghen_RL,Novosphingobium,0.000359085,61
1007215_2,Copenaghen_RL,Ottowia,0.031115889,61
1007215_2,Copenaghen_RL,Paracoccus,0.000802573,61
1007215_2,Copenaghen_RL,Phocaeicola,0.014946767,61
1007215_2,Copenaghen_RL,Prevotella,0.020155811,61
1007215_2,Copenaghen_RL,Propionivibrio,0.012115552,61
1007215_2,Copenaghen_RL,Pseudomonas_E,0.018571528,61
1007215_2,Copenaghen_RL,Pseudoxanthomonas,0.004069433,61
1007215_2,Copenaghen_RL,Pseudoxanthomonas_A,0.0140655,61
1007215_2,Copenaghen_RL,Psychrobacter,0.008505266,61
1007215_2,Copenaghen_RL,Rubrivivax,0.000389841,61
1007215_2,Copenaghen_RL,Streptococcus,0.002477126,61
1007215_2,Copenaghen_RL,Telluria,0.000530177,61
1007215_2,Copenaghen_RL,Thauera,0.014124891,61
1007215_2,Copenaghen_RL,Thermomonas,0.004862981,61
1007215_2,Copenaghen_RL,Thiothrix,0.000746868,61
1007215_2,Copenaghen_RL,Tolumonas,0.001089108,61
1007215_2,Copenaghen_RL,Trichococcus,0.005769067,61
1007215_2,Copenaghen_RL,UBA1413,8.09347e-05,61
1007226_1,Copenaghen_RL,Acidovorax,0.113853506,63
1007226_1,Copenaghen_RL,Acinetobacter,0.024166308,63
1007226_1,Copenaghen_RL,Aeromonas,0.0102445,63
1007226_1,Copenaghen_RL,Aliarcobacter,0.042683694,63
1007226_1,Copenaghen_RL,Aquabacterium_A,0.000192587,63
1007226_1,Copenaghen_RL,Bacteroides,0.006842237,63
1007226_1,Copenaghen_RL,Brachymonas,0.012642235,63
1007226_1,Copenaghen_RL,Brevefilum,1.76338e-05,63
1007226_1,Copenaghen_RL,Brevundimonas,0.001090325,63
1007226_1,Copenaghen_RL,Cloacibacterium,0.012272922,63
1007226_1,Copenaghen_RL,Comamonas,0.020632628,63
1007226_1,Copenaghen_RL,Competibacter_A,4.38695e-05,63
1007226_1,Copenaghen_RL,Enterobacter,0.000349594,63
1007226_1,Copenaghen_RL,Fermentibacter,4.84958e-05,63
1007226_1,Copenaghen_RL,Flavobacterium,0.011028552,63
1007226_1,Copenaghen_RL,Giesbergeria,0.018733062,63
1007226_1,Copenaghen_RL,Hydrogenophaga,0.000952282,63
1007226_1,Copenaghen_RL,JAGOYM01,0.009238501,63
1007226_1,Copenaghen_RL,Janthinobacterium,0.00095273,63
1007226_1,Copenaghen_RL,Kaistella,0.005090829,63
1007226_1,Copenaghen_RL,Lactococcus_A,0.016872263,63
1007226_1,Copenaghen_RL,Lenti-01,0.000102908,63
1007226_1,Copenaghen_RL,Microthrix,5.93665e-05,63
1007226_1,Copenaghen_RL,Moraxella_A,0.00247992,63
1007226_1,Copenaghen_RL,Neisseria,0.030849461,63
1007226_1,Copenaghen_RL,Novosphingobium,0.000167997,63
1007226_1,Copenaghen_RL,Ottowia,0.040430913,63
1007226_1,Copenaghen_RL,Paracoccus,0.001890835,63
1007226_1,Copenaghen_RL,Phocaeicola,0.005183751,63
1007226_1,Copenaghen_RL,Prevotella,0.005318769,63
1007226_1,Copenaghen_RL,Propionivibrio,0.005765677,63
1007226_1,Copenaghen_RL,Pseudomonas_E,0.011796727,63
1007226_1,Copenaghen_RL,Pseudoxanthomonas,0.006873212,63
1007226_1,Copenaghen_RL,Pseudoxanthomonas_A,0.010336922,63
1007226_1,Copenaghen_RL,Psychrobacter,0.019069868,63
1007226_1,Copenaghen_RL,Rubrivivax,0.000318086,63
1007226_1,Copenaghen_RL,Streptococcus,0.012118291,63
1007226_1,Copenaghen_RL,Telluria,0.00042279,63
1007226_1,Copenaghen_RL,Thauera,0.014625227,63
1007226_1,Copenaghen_RL,Thermomonas,0.005885551,63
1007226_1,Copenaghen_RL,Thiothrix,0.000828356,63
1007226_1,Copenaghen_RL,Tolumonas,0.001156959,63
1007226_1,Copenaghen_RL,Trichococcus,0.150782128,63
1007226_1,Copenaghen_RL,UBA1413,1.06942e-05,63
1007228_1,Copenaghen_RA,Acidovorax,0.177934091,64
1007228_1,Copenaghen_RA,Acinetobacter,0.038700897,64
1007228_1,Copenaghen_RA,Aeromonas,0.015453586,64
1007228_1,Copenaghen_RA,Aliarcobacter,0.109189792,64
1007228_1,Copenaghen_RA,Aquabacterium_A,0.000443412,64
1007228_1,Copenaghen_RA,Bacteroides,0.004126496,64
1007228_1,Copenaghen_RA,Brachymonas,0.008266199,64
1007228_1,Copenaghen_RA,Brevefilum,8.86147e-06,64
1007228_1,Copenaghen_RA,Brevundimonas,0.000930731,64
1007228_1,Copenaghen_RA,Cloacibacterium,0.024157011,64
1007228_1,Copenaghen_RA,Comamonas,0.036134637,64
1007228_1,Copenaghen_RA,Competibacter_A,4.02452e-05,64
1007228_1,Copenaghen_RA,Enterobacter,0.000459261,64
1007228_1,Copenaghen_RA,Fermentibacter,3.92925e-06,64
1007228_1,Copenaghen_RA,Flavobacterium,0.018003572,64
1007228_1,Copenaghen_RA,Giesbergeria,0.015091538,64
1007228_1,Copenaghen_RA,Hydrogenophaga,0.001855107,64
1007228_1,Copenaghen_RA,JAGOYM01,0.011189818,64
1007228_1,Copenaghen_RA,Janthinobacterium,0.00052986,64
1007228_1,Copenaghen_RA,Kaistella,0.011499402,64
1007228_1,Copenaghen_RA,Lactococcus_A,0.007269114,64
1007228_1,Copenaghen_RA,Lenti-01,0.000133228,64
1007228_1,Copenaghen_RA,Microthrix,0.000147105,64
1007228_1,Copenaghen_RA,Moraxella_A,0.000965153,64
1007228_1,Copenaghen_RA,Neisseria,0.017270941,64
1007228_1,Copenaghen_RA,Novosphingobium,0.000188763,64
1007228_1,Copenaghen_RA,Ottowia,0.014292443,64
1007228_1,Copenaghen_RA,Paracoccus,0.002390642,64
1007228_1,Copenaghen_RA,Phocaeicola,0.004608933,64
1007228_1,Copenaghen_RA,Prevotella,0.016646408,64
1007228_1,Copenaghen_RA,Propionivibrio,0.011462668,64
1007228_1,Copenaghen_RA,Pseudomonas_E,0.012655781,64
1007228_1,Copenaghen_RA,Pseudoxanthomonas,0.001913067,64
1007228_1,Copenaghen_RA,Pseudoxanthomonas_A,0.004938189,64
1007228_1,Copenaghen_RA,Psychrobacter,0.019521913,64
1007228_1,Copenaghen_RA,Rubrivivax,0.000320119,64
1007228_1,Copenaghen_RA,Streptococcus,0.039258826,64
1007228_1,Copenaghen_RA,Telluria,0.000482476,64
1007228_1,Copenaghen_RA,Thauera,0.012283589,64
1007228_1,Copenaghen_RA,Thermomonas,0.004759009,64
1007228_1,Copenaghen_RA,Thiothrix,0.001707308,64
1007228_1,Copenaghen_RA,Tolumonas,0.001563747,64
1007228_1,Copenaghen_RA,Trichococcus,0.019695442,64
1007228_1,Copenaghen_RA,UBA1413,5.74219e-06,64
1007229_1,Copenaghen_RD,Acidovorax,0.181489648,64
1007229_1,Copenaghen_RD,Acinetobacter,0.037960346,64
1007229_1,Copenaghen_RD,Aeromonas,0.010242838,64
1007229_1,Copenaghen_RD,Aliarcobacter,0.038157997,64
1007229_1,Copenaghen_RD,Aquabacterium_A,0.000271363,64
1007229_1,Copenaghen_RD,Bacteroides,0.007865256,64
1007229_1,Copenaghen_RD,Brachymonas,0.007404572,64
1007229_1,Copenaghen_RD,Brevefilum,5.96442e-06,64
1007229_1,Copenaghen_RD,Brevundimonas,0.000967471,64
1007229_1,Copenaghen_RD,Cloacibacterium,0.012865382,64
1007229_1,Copenaghen_RD,Comamonas,0.024636186,64
1007229_1,Copenaghen_RD,Competibacter_A,8.85321e-05,64
1007229_1,Copenaghen_RD,Enterobacter,0.000400783,64
1007229_1,Copenaghen_RD,Fermentibacter,1.53316e-05,64
1007229_1,Copenaghen_RD,Flavobacterium,0.02801624,64
1007229_1,Copenaghen_RD,Giesbergeria,0.017930641,64
1007229_1,Copenaghen_RD,Hydrogenophaga,0.000900526,64
1007229_1,Copenaghen_RD,JAGOYM01,0.008029624,64
1007229_1,Copenaghen_RD,Janthinobacterium,0.000774279,64
1007229_1,Copenaghen_RD,Kaistella,0.008353712,64
1007229_1,Copenaghen_RD,Lactococcus_A,0.006724446,64
1007229_1,Copenaghen_RD,Lenti-01,0.000201714,64
1007229_1,Copenaghen_RD,Microthrix,0.000160874,64
1007229_1,Copenaghen_RD,Moraxella_A,0.017083584,64
1007229_1,Copenaghen_RD,Neisseria,0.009901898,64
1007229_1,Copenaghen_RD,Novosphingobium,0.00025708,64
1007229_1,Copenaghen_RD,Ottowia,0.056470004,64
1007229_1,Copenaghen_RD,Paracoccus,0.001681929,64
1007229_1,Copenaghen_RD,Phocaeicola,0.002518706,64
1007229_1,Copenaghen_RD,Prevotella,0.019504115,64
1007229_1,Copenaghen_RD,Propionivibrio,0.009470267,64
1007229_1,Copenaghen_RD,Pseudomonas_E,0.010219282,64
1007229_1,Copenaghen_RD,Pseudoxanthomonas,0.0041746,64
1007229_1,Copenaghen_RD,Pseudoxanthomonas_A,0.006248508,64
1007229_1,Copenaghen_RD,Psychrobacter,0.023264846,64
1007229_1,Copenaghen_RD,Rubrivivax,0.000495734,64
1007229_1,Copenaghen_RD,Streptococcus,0.008769552,64
1007229_1,Copenaghen_RD,Telluria,0.000653272,64
1007229_1,Copenaghen_RD,Thauera,0.010274987,64
1007229_1,Copenaghen_RD,Thermomonas,0.005795064,64
1007229_1,Copenaghen_RD,Thiothrix,0.000245254,64
1007229_1,Copenaghen_RD,Tolumonas,0.000859407,64
1007229_1,Copenaghen_RD,Trichococcus,0.026331317,64
1007229_1,Copenaghen_RD,UBA1413,2.96326e-06,64
1007227_1,Copenaghen_RL,Acidovorax,0.198211886,64
1007227_1,Copenaghen_RL,Acinetobacter,0.043566096,64
1007227_1,Copenaghen_RL,Aeromonas,0.012215556,64
1007227_1,Copenaghen_RL,Aliarcobacter,0.05352864,64
1007227_1,Copenaghen_RL,Aquabacterium_A,0.000340491,64
1007227_1,Copenaghen_RL,Bacteroides,0.002664592,64
1007227_1,Copenaghen_RL,Brachymonas,0.007854597,64
1007227_1,Copenaghen_RL,Brevefilum,2.6639e-05,64
1007227_1,Copenaghen_RL,Brevundimonas,0.000725329,64
1007227_1,Copenaghen_RL,Cloacibacterium,0.011968408,64
1007227_1,Copenaghen_RL,Comamonas,0.034812289,64
1007227_1,Copenaghen_RL,Competibacter_A,1.8958e-05,64
1007227_1,Copenaghen_RL,Enterobacter,0.000360044,64
1007227_1,Copenaghen_RL,Fermentibacter,8.54848e-06,64
1007227_1,Copenaghen_RL,Flavobacterium,0.018748622,64
1007227_1,Copenaghen_RL,Giesbergeria,0.019695765,64
1007227_1,Copenaghen_RL,Hydrogenophaga,0.000713197,64
1007227_1,Copenaghen_RL,JAGOYM01,0.008702947,64
1007227_1,Copenaghen_RL,Janthinobacterium,0.000776077,64
1007227_1,Copenaghen_RL,Kaistella,0.005280342,64
1007227_1,Copenaghen_RL,Lactococcus_A,0.017401482,64
1007227_1,Copenaghen_RL,Lenti-01,0.000113448,64
1007227_1,Copenaghen_RL,Microthrix,5.37093e-05,64
1007227_1,Copenaghen_RL,Moraxella_A,0.001465942,64
1007227_1,Copenaghen_RL,Neisseria,0.01761718,64
1007227_1,Copenaghen_RL,Novosphingobium,0.00016438,64
1007227_1,Copenaghen_RL,Ottowia,0.02472129,64
1007227_1,Copenaghen_RL,Paracoccus,0.001719442,64
1007227_1,Copenaghen_RL,Phocaeicola,0.002727909,64
1007227_1,Copenaghen_RL,Prevotella,0.006276202,64
1007227_1,Copenaghen_RL,Propionivibrio,0.007676132,64
1007227_1,Copenaghen_RL,Pseudomonas_E,0.016969507,64
1007227_1,Copenaghen_RL,Pseudoxanthomonas,0.003632982,64
1007227_1,Copenaghen_RL,Pseudoxanthomonas_A,0.00619324,64
1007227_1,Copenaghen_RL,Psychrobacter,0.043018202,64
1007227_1,Copenaghen_RL,Rubrivivax,0.000245314,64
1007227_1,Copenaghen_RL,Streptococcus,0.009132896,64
1007227_1,Copenaghen_RL,Telluria,0.000492439,64
1007227_1,Copenaghen_RL,Thauera,0.016263924,64
1007227_1,Copenaghen_RL,Thermomonas,0.004237801,64
1007227_1,Copenaghen_RL,Thiothrix,0.000353265,64
1007227_1,Copenaghen_RL,Tolumonas,0.001503072,64
1007227_1,Copenaghen_RL,Trichococcus,0.047697487,64
1007227_1,Copenaghen_RL,UBA1413,6.59766e-06,64
1007231_1,Copenaghen_RA,Acidovorax,0.129472153,65
1007231_1,Copenaghen_RA,Acinetobacter,0.052976036,65
1007231_1,Copenaghen_RA,Aeromonas,0.041328281,65
1007231_1,Copenaghen_RA,Aliarcobacter,0.11436616,65
1007231_1,Copenaghen_RA,Aquabacterium_A,0.000223164,65
1007231_1,Copenaghen_RA,Bacteroides,0.010080346,65
1007231_1,Copenaghen_RA,Brachymonas,0.004412134,65
1007231_1,Copenaghen_RA,Brevefilum,9.92907e-06,65
1007231_1,Copenaghen_RA,Brevundimonas,0.000887459,65
1007231_1,Copenaghen_RA,Cloacibacterium,0.026805921,65
1007231_1,Copenaghen_RA,Comamonas,0.016382822,65
1007231_1,Copenaghen_RA,Competibacter_A,6.0222e-05,65
1007231_1,Copenaghen_RA,Enterobacter,0.001483627,65
1007231_1,Copenaghen_RA,Fermentibacter,6.74475e-06,65
1007231_1,Copenaghen_RA,Flavobacterium,0.028321212,65
1007231_1,Copenaghen_RA,Giesbergeria,0.019831636,65
1007231_1,Copenaghen_RA,Hydrogenophaga,0.002138908,65
1007231_1,Copenaghen_RA,JAGOYM01,0.007828071,65
1007231_1,Copenaghen_RA,Janthinobacterium,0.000362809,65
1007231_1,Copenaghen_RA,Kaistella,0.008116728,65
1007231_1,Copenaghen_RA,Lactococcus_A,0.015876011,65
1007231_1,Copenaghen_RA,Lenti-01,0.000185764,65
1007231_1,Copenaghen_RA,Microthrix,7.95081e-05,65
1007231_1,Copenaghen_RA,Moraxella_A,0.001278494,65
1007231_1,Copenaghen_RA,Neisseria,0.010784763,65
1007231_1,Copenaghen_RA,Novosphingobium,0.000298099,65
1007231_1,Copenaghen_RA,Ottowia,0.007647437,65
1007231_1,Copenaghen_RA,Paracoccus,0.001381444,65
1007231_1,Copenaghen_RA,Phocaeicola,0.009382887,65
1007231_1,Copenaghen_RA,Prevotella,0.015273149,65
1007231_1,Copenaghen_RA,Propionivibrio,0.013061019,65
1007231_1,Copenaghen_RA,Pseudomonas_E,0.025458958,65
1007231_1,Copenaghen_RA,Pseudoxanthomonas,0.001753119,65
1007231_1,Copenaghen_RA,Pseudoxanthomonas_A,0.00501214,65
1007231_1,Copenaghen_RA,Psychrobacter,0.010078103,65
1007231_1,Copenaghen_RA,Rubrivivax,0.000252854,65
1007231_1,Copenaghen_RA,Streptococcus,0.009366678,65
1007231_1,Copenaghen_RA,Telluria,0.000551547,65
1007231_1,Copenaghen_RA,Thauera,0.0466772,65
1007231_1,Copenaghen_RA,Thermomonas,0.002333138,65
1007231_1,Copenaghen_RA,Thiothrix,0.001582485,65
1007231_1,Copenaghen_RA,Tolumonas,0.003177754,65
1007231_1,Copenaghen_RA,Trichococcus,0.016961676,65
1007231_1,Copenaghen_RA,UBA1413,1.78492e-05,65
1007232_2,Copenaghen_RD,Acidovorax,0.170764358,65
1007232_2,Copenaghen_RD,Acinetobacter,0.055274021,65
1007232_2,Copenaghen_RD,Aeromonas,0.014344366,65
1007232_2,Copenaghen_RD,Aliarcobacter,0.074198416,65
1007232_2,Copenaghen_RD,Aquabacterium_A,0.000311907,65
1007232_2,Copenaghen_RD,Bacteroides,0.018504935,65
1007232_2,Copenaghen_RD,Brachymonas,0.007994499,65
1007232_2,Copenaghen_RD,Brevefilum,2.12078e-05,65
1007232_2,Copenaghen_RD,Brevundimonas,0.000698567,65
1007232_2,Copenaghen_RD,Cloacibacterium,0.020196209,65
1007232_2,Copenaghen_RD,Comamonas,0.032045583,65
1007232_2,Copenaghen_RD,Competibacter_A,4.91858e-05,65
1007232_2,Copenaghen_RD,Enterobacter,0.000594077,65
1007232_2,Copenaghen_RD,Fermentibacter,6.24022e-05,65
1007232_2,Copenaghen_RD,Flavobacterium,0.028234809,65
1007232_2,Copenaghen_RD,Giesbergeria,0.020100247,65
1007232_2,Copenaghen_RD,Hydrogenophaga,0.001697987,65
1007232_2,Copenaghen_RD,JAGOYM01,0.011145883,65
1007232_2,Copenaghen_RD,Janthinobacterium,0.000640802,65
1007232_2,Copenaghen_RD,Kaistella,0.016933039,65
1007232_2,Copenaghen_RD,Lactococcus_A,0.011598089,65
1007232_2,Copenaghen_RD,Lenti-01,0.000159172,65
1007232_2,Copenaghen_RD,Microthrix,0.00026036,65
1007232_2,Copenaghen_RD,Moraxella_A,0.002613237,65
1007232_2,Copenaghen_RD,Neisseria,0.017606574,65
1007232_2,Copenaghen_RD,Novosphingobium,0.000250727,65
1007232_2,Copenaghen_RD,Ottowia,0.017412419,65
1007232_2,Copenaghen_RD,Paracoccus,0.001430757,65
1007232_2,Copenaghen_RD,Phocaeicola,0.025094839,65
1007232_2,Copenaghen_RD,Prevotella,0.032231473,65
1007232_2,Copenaghen_RD,Propionivibrio,0.01001541,65
1007232_2,Copenaghen_RD,Pseudomonas_E,0.008703796,65
1007232_2,Copenaghen_RD,Pseudoxanthomonas,0.003014107,65
1007232_2,Copenaghen_RD,Pseudoxanthomonas_A,0.00597366,65
1007232_2,Copenaghen_RD,Psychrobacter,0.010614261,65
1007232_2,Copenaghen_RD,Rubrivivax,0.00022189,65
1007232_2,Copenaghen_RD,Streptococcus,0.00472629,65
1007232_2,Copenaghen_RD,Telluria,0.000439612,65
1007232_2,Copenaghen_RD,Thauera,0.019626463,65
1007232_2,Copenaghen_RD,Thermomonas,0.006345352,65
1007232_2,Copenaghen_RD,Thiothrix,0.000853353,65
1007232_2,Copenaghen_RD,Tolumonas,0.001434998,65
1007232_2,Copenaghen_RD,Trichococcus,0.019100348,65
1007232_2,Copenaghen_RD,UBA1413,5.82439e-05,65
1007230_2,Copenaghen_RL,Acidovorax,0.210107241,65
1007230_2,Copenaghen_RL,Acinetobacter,0.042456244,65
1007230_2,Copenaghen_RL,Aeromonas,0.039325285,65
1007230_2,Copenaghen_RL,Aliarcobacter,0.052412088,65
1007230_2,Copenaghen_RL,Aquabacterium_A,0.000296255,65
1007230_2,Copenaghen_RL,Bacteroides,0.010227398,65
1007230_2,Copenaghen_RL,Brachymonas,0.009129533,65
1007230_2,Copenaghen_RL,Brevefilum,0.001233935,65
1007230_2,Copenaghen_RL,Brevundimonas,0.000756388,65
1007230_2,Copenaghen_RL,Cloacibacterium,0.013583152,65
1007230_2,Copenaghen_RL,Comamonas,0.049315171,65
1007230_2,Copenaghen_RL,Competibacter_A,0.000102505,65
1007230_2,Copenaghen_RL,Enterobacter,0.002903386,65
1007230_2,Copenaghen_RL,Fermentibacter,5.7744e-05,65
1007230_2,Copenaghen_RL,Flavobacterium,0.024527002,65
1007230_2,Copenaghen_RL,Giesbergeria,0.017203409,65
1007230_2,Copenaghen_RL,Hydrogenophaga,0.000748803,65
1007230_2,Copenaghen_RL,JAGOYM01,0.005297064,65
1007230_2,Copenaghen_RL,Janthinobacterium,0.000761585,65
1007230_2,Copenaghen_RL,Kaistella,0.010751296,65
1007230_2,Copenaghen_RL,Lactococcus_A,0.022211059,65
1007230_2,Copenaghen_RL,Lenti-01,0.000106729,65
1007230_2,Copenaghen_RL,Microthrix,9.95738e-05,65
1007230_2,Copenaghen_RL,Moraxella_A,0.001804024,65
1007230_2,Copenaghen_RL,Neisseria,0.016712777,65
1007230_2,Copenaghen_RL,Novosphingobium,0.000334484,65
1007230_2,Copenaghen_RL,Ottowia,0.028206835,65
1007230_2,Copenaghen_RL,Paracoccus,0.00119695,65
1007230_2,Copenaghen_RL,Phocaeicola,0.00670231,65
1007230_2,Copenaghen_RL,Prevotella,0.03793108,65
1007230_2,Copenaghen_RL,Propionivibrio,0.00639536,65
1007230_2,Copenaghen_RL,Pseudomonas_E,0.016360046,65
1007230_2,Copenaghen_RL,Pseudoxanthomonas,0.002715576,65
1007230_2,Copenaghen_RL,Pseudoxanthomonas_A,0.005281306,65
1007230_2,Copenaghen_RL,Psychrobacter,0.015243207,65
1007230_2,Copenaghen_RL,Rubrivivax,0.000303942,65
1007230_2,Copenaghen_RL,Streptococcus,0.010233325,65
1007230_2,Copenaghen_RL,Telluria,0.00061876,65
1007230_2,Copenaghen_RL,Thauera,0.013779255,65
1007230_2,Copenaghen_RL,Thermomonas,0.004171547,65
1007230_2,Copenaghen_RL,Thiothrix,0.00041125,65
1007230_2,Copenaghen_RL,Tolumonas,0.001130834,65
1007230_2,Copenaghen_RL,Trichococcus,0.009222772,65
1007230_2,Copenaghen_RL,UBA1413,0.000376219,65
1007234_1,Copenaghen_RA,Acidovorax,0.114776155,67
1007234_1,Copenaghen_RA,Acinetobacter,0.046635213,67
1007234_1,Copenaghen_RA,Aeromonas,0.005001574,67
1007234_1,Copenaghen_RA,Aliarcobacter,0.022587913,67
1007234_1,Copenaghen_RA,Aquabacterium_A,0.000203666,67
1007234_1,Copenaghen_RA,Bacteroides,0.003870308,67
1007234_1,Copenaghen_RA,Brachymonas,0.008657364,67
1007234_1,Copenaghen_RA,Brevefilum,5.12028e-06,67
1007234_1,Copenaghen_RA,Brevundimonas,0.001599913,67
1007234_1,Copenaghen_RA,Cloacibacterium,0.010328652,67
1007234_1,Copenaghen_RA,Comamonas,0.018141274,67
1007234_1,Copenaghen_RA,Competibacter_A,0.000345481,67
1007234_1,Copenaghen_RA,Enterobacter,0.000805938,67
1007234_1,Copenaghen_RA,Fermentibacter,8.57012e-06,67
1007234_1,Copenaghen_RA,Flavobacterium,0.025926114,67
1007234_1,Copenaghen_RA,Giesbergeria,0.07454903,67
1007234_1,Copenaghen_RA,Hydrogenophaga,0.002768966,67
1007234_1,Copenaghen_RA,JAGOYM01,0.012136744,67
1007234_1,Copenaghen_RA,Janthinobacterium,0.000728528,67
1007234_1,Copenaghen_RA,Kaistella,0.006723213,67
1007234_1,Copenaghen_RA,Lactococcus_A,0.011764844,67
1007234_1,Copenaghen_RA,Lenti-01,0.000154483,67
1007234_1,Copenaghen_RA,Microthrix,8.21525e-05,67
1007234_1,Copenaghen_RA,Moraxella_A,0.002286179,67
1007234_1,Copenaghen_RA,Neisseria,0.023782646,67
1007234_1,Copenaghen_RA,Novosphingobium,0.000254074,67
1007234_1,Copenaghen_RA,Ottowia,0.024528649,67
1007234_1,Copenaghen_RA,Paracoccus,0.005823538,67
1007234_1,Copenaghen_RA,Phocaeicola,0.00520003,67
1007234_1,Copenaghen_RA,Prevotella,0.009342332,67
1007234_1,Copenaghen_RA,Propionivibrio,0.00728697,67
1007234_1,Copenaghen_RA,Pseudomonas_E,0.016482364,67
1007234_1,Copenaghen_RA,Pseudoxanthomonas,0.002972952,67
1007234_1,Copenaghen_RA,Pseudoxanthomonas_A,0.015166208,67
1007234_1,Copenaghen_RA,Psychrobacter,0.0249975,67
1007234_1,Copenaghen_RA,Rubrivivax,0.000345227,67
1007234_1,Copenaghen_RA,Streptococcus,0.006072714,67
1007234_1,Copenaghen_RA,Telluria,0.000529955,67
1007234_1,Copenaghen_RA,Thauera,0.020755458,67
1007234_1,Copenaghen_RA,Thermomonas,0.00476874,67
1007234_1,Copenaghen_RA,Thiothrix,0.002685739,67
1007234_1,Copenaghen_RA,Tolumonas,0.001166362,67
1007234_1,Copenaghen_RA,Trichococcus,0.08831044,67
1007234_1,Copenaghen_RA,UBA1413,3.43173e-05,67
1007235_1,Copenaghen_RD,Acidovorax,0.181976794,67
1007235_1,Copenaghen_RD,Acinetobacter,0.034281257,67
1007235_1,Copenaghen_RD,Aeromonas,0.006249232,67
1007235_1,Copenaghen_RD,Aliarcobacter,0.038353277,67
1007235_1,Copenaghen_RD,Aquabacterium_A,0.000454497,67
1007235_1,Copenaghen_RD,Bacteroides,0.006342301,67
1007235_1,Copenaghen_RD,Brachymonas,0.013432917,67
1007235_1,Copenaghen_RD,Brevefilum,4.79143e-05,67
1007235_1,Copenaghen_RD,Brevundimonas,0.001482661,67
1007235_1,Copenaghen_RD,Cloacibacterium,0.009130501,67
1007235_1,Copenaghen_RD,Comamonas,0.014706065,67
1007235_1,Copenaghen_RD,Competibacter_A,0.000272226,67
1007235_1,Copenaghen_RD,Enterobacter,0.000344925,67
1007235_1,Copenaghen_RD,Fermentibacter,0.000350484,67
1007235_1,Copenaghen_RD,Flavobacterium,0.023226204,67
1007235_1,Copenaghen_RD,Giesbergeria,0.018637974,67
1007235_1,Copenaghen_RD,Hydrogenophaga,0.001140641,67
1007235_1,Copenaghen_RD,JAGOYM01,0.007900159,67
1007235_1,Copenaghen_RD,Janthinobacterium,0.001136664,67
1007235_1,Copenaghen_RD,Kaistella,0.013101278,67
1007235_1,Copenaghen_RD,Lactococcus_A,0.014569201,67
1007235_1,Copenaghen_RD,Lenti-01,0.000200623,67
1007235_1,Copenaghen_RD,Microthrix,0.002367587,67
1007235_1,Copenaghen_RD,Moraxella_A,0.002217539,67
1007235_1,Copenaghen_RD,Neisseria,0.020849875,67
1007235_1,Copenaghen_RD,Novosphingobium,0.000511169,67
1007235_1,Copenaghen_RD,Ottowia,0.026520896,67
1007235_1,Copenaghen_RD,Paracoccus,0.001554709,67
1007235_1,Copenaghen_RD,Phocaeicola,0.008096423,67
1007235_1,Copenaghen_RD,Prevotella,0.029678239,67
1007235_1,Copenaghen_RD,Propionivibrio,0.005863879,67
1007235_1,Copenaghen_RD,Pseudomonas_E,0.010463678,67
1007235_1,Copenaghen_RD,Pseudoxanthomonas,0.005548137,67
1007235_1,Copenaghen_RD,Pseudoxanthomonas_A,0.010961992,67
1007235_1,Copenaghen_RD,Psychrobacter,0.020207842,67
1007235_1,Copenaghen_RD,Rubrivivax,0.000780629,67
1007235_1,Copenaghen_RD,Streptococcus,0.011492996,67
1007235_1,Copenaghen_RD,Telluria,0.00069854,67
1007235_1,Copenaghen_RD,Thauera,0.016230487,67
1007235_1,Copenaghen_RD,Thermomonas,0.00585544,67
1007235_1,Copenaghen_RD,Thiothrix,0.001058347,67
1007235_1,Copenaghen_RD,Tolumonas,0.00065403,67
1007235_1,Copenaghen_RD,Trichococcus,0.012249931,67
1007235_1,Copenaghen_RD,UBA1413,0.000386853,67
1007233_1,Copenaghen_RL,Acidovorax,0.1772029,67
1007233_1,Copenaghen_RL,Acinetobacter,0.039311976,67
1007233_1,Copenaghen_RL,Aeromonas,0.012699126,67
1007233_1,Copenaghen_RL,Aliarcobacter,0.042097013,67
1007233_1,Copenaghen_RL,Aquabacterium_A,0.00029726,67
1007233_1,Copenaghen_RL,Bacteroides,0.006709173,67
1007233_1,Copenaghen_RL,Brachymonas,0.010268647,67
1007233_1,Copenaghen_RL,Brevefilum,3.51618e-05,67
1007233_1,Copenaghen_RL,Brevundimonas,0.000684371,67
1007233_1,Copenaghen_RL,Cloacibacterium,0.017552823,67
1007233_1,Copenaghen_RL,Comamonas,0.052799664,67
1007233_1,Copenaghen_RL,Competibacter_A,3.61313e-05,67
1007233_1,Copenaghen_RL,Enterobacter,0.000544073,67
1007233_1,Copenaghen_RL,Fermentibacter,8.36638e-06,67
1007233_1,Copenaghen_RL,Flavobacterium,0.02157684,67
1007233_1,Copenaghen_RL,Giesbergeria,0.025812859,67
1007233_1,Copenaghen_RL,Hydrogenophaga,0.000896385,67
1007233_1,Copenaghen_RL,JAGOYM01,0.008640062,67
1007233_1,Copenaghen_RL,Janthinobacterium,0.000724259,67
1007233_1,Copenaghen_RL,Kaistella,0.006372124,67
1007233_1,Copenaghen_RL,Lactococcus_A,0.00917584,67
1007233_1,Copenaghen_RL,Lenti-01,0.000158947,67
1007233_1,Copenaghen_RL,Microthrix,7.52246e-05,67
1007233_1,Copenaghen_RL,Moraxella_A,0.003043806,67
1007233_1,Copenaghen_RL,Neisseria,0.032594411,67
1007233_1,Copenaghen_RL,Novosphingobium,0.000268164,67
1007233_1,Copenaghen_RL,Ottowia,0.034524268,67
1007233_1,Copenaghen_RL,Paracoccus,0.002152665,67
1007233_1,Copenaghen_RL,Phocaeicola,0.007522918,67
1007233_1,Copenaghen_RL,Prevotella,0.015316978,67
1007233_1,Copenaghen_RL,Propionivibrio,0.006532787,67
1007233_1,Copenaghen_RL,Pseudomonas_E,0.010764862,67
1007233_1,Copenaghen_RL,Pseudoxanthomonas,0.009531709,67
1007233_1,Copenaghen_RL,Pseudoxanthomonas_A,0.008489748,67
1007233_1,Copenaghen_RL,Psychrobacter,0.016413234,67
1007233_1,Copenaghen_RL,Rubrivivax,0.000260556,67
1007233_1,Copenaghen_RL,Streptococcus,0.01397526,67
1007233_1,Copenaghen_RL,Telluria,0.000588619,67
1007233_1,Copenaghen_RL,Thauera,0.016388324,67
1007233_1,Copenaghen_RL,Thermomonas,0.005520372,67
1007233_1,Copenaghen_RL,Thiothrix,0.000330074,67
1007233_1,Copenaghen_RL,Tolumonas,0.001937513,67
1007233_1,Copenaghen_RL,Trichococcus,0.02157252,67
1007233_1,Copenaghen_RL,UBA1413,1.248e-05,67
1007284_1,Copenaghen_RA,Acidovorax,0.216704125,68
1007284_1,Copenaghen_RA,Acinetobacter,0.044685661,68
1007284_1,Copenaghen_RA,Aeromonas,0.010133635,68
1007284_1,Copenaghen_RA,Aliarcobacter,0.037729219,68
1007284_1,Copenaghen_RA,Aquabacterium_A,0.000283904,68
1007284_1,Copenaghen_RA,Bacteroides,0.002601295,68
1007284_1,Copenaghen_RA,Brachymonas,0.012580636,68
1007284_1,Copenaghen_RA,Brevefilum,5.56135e-05,68
1007284_1,Copenaghen_RA,Brevundimonas,0.001730812,68
1007284_1,Copenaghen_RA,Cloacibacterium,0.015064547,68
1007284_1,Copenaghen_RA,Comamonas,0.033140058,68
1007284_1,Copenaghen_RA,Competibacter_A,4.71704e-05,68
1007284_1,Copenaghen_RA,Enterobacter,0.000445428,68
1007284_1,Copenaghen_RA,Fermentibacter,1.21853e-05,68
1007284_1,Copenaghen_RA,Flavobacterium,0.008487205,68
1007284_1,Copenaghen_RA,Giesbergeria,0.022550837,68
1007284_1,Copenaghen_RA,Hydrogenophaga,0.001946175,68
1007284_1,Copenaghen_RA,JAGOYM01,0.033093507,68
1007284_1,Copenaghen_RA,Janthinobacterium,0.000761974,68
1007284_1,Copenaghen_RA,Kaistella,0.005383104,68
1007284_1,Copenaghen_RA,Lactococcus_A,0.010615194,68
1007284_1,Copenaghen_RA,Lenti-01,0.00030075,68
1007284_1,Copenaghen_RA,Microthrix,0.000120824,68
1007284_1,Copenaghen_RA,Moraxella_A,0.001750761,68
1007284_1,Copenaghen_RA,Neisseria,0.030373916,68
1007284_1,Copenaghen_RA,Novosphingobium,0.000219283,68
1007284_1,Copenaghen_RA,Ottowia,0.022012994,68
1007284_1,Copenaghen_RA,Paracoccus,0.003778921,68
1007284_1,Copenaghen_RA,Phocaeicola,0.003515602,68
1007284_1,Copenaghen_RA,Prevotella,0.005751002,68
1007284_1,Copenaghen_RA,Propionivibrio,0.011334719,68
1007284_1,Copenaghen_RA,Pseudomonas_E,0.016636443,68
1007284_1,Copenaghen_RA,Pseudoxanthomonas,0.004052703,68
1007284_1,Copenaghen_RA,Pseudoxanthomonas_A,0.007733421,68
1007284_1,Copenaghen_RA,Psychrobacter,0.008284264,68
1007284_1,Copenaghen_RA,Rubrivivax,0.000390115,68
1007284_1,Copenaghen_RA,Streptococcus,0.007258678,68
1007284_1,Copenaghen_RA,Telluria,0.000598676,68
1007284_1,Copenaghen_RA,Thauera,0.030874966,68
1007284_1,Copenaghen_RA,Thermomonas,0.00513312,68
1007284_1,Copenaghen_RA,Thiothrix,0.00239675,68
1007284_1,Copenaghen_RA,Tolumonas,0.001026538,68
1007284_1,Copenaghen_RA,Trichococcus,0.022577238,68
1007284_1,Copenaghen_RA,UBA1413,1.1191e-05,68
1007286_1,Copenaghen_RD,Acidovorax,0.156624314,68
1007286_1,Copenaghen_RD,Acinetobacter,0.042608092,68
1007286_1,Copenaghen_RD,Aeromonas,0.003111648,68
1007286_1,Copenaghen_RD,Aliarcobacter,0.026727361,68
1007286_1,Copenaghen_RD,Aquabacterium_A,0.000413676,68
1007286_1,Copenaghen_RD,Bacteroides,0.004092797,68
1007286_1,Copenaghen_RD,Brachymonas,0.02173719,68
1007286_1,Copenaghen_RD,Brevefilum,1.66065e-05,68
1007286_1,Copenaghen_RD,Brevundimonas,0.001180625,68
1007286_1,Copenaghen_RD,Cloacibacterium,0.012275733,68
1007286_1,Copenaghen_RD,Comamonas,0.01675491,68
1007286_1,Copenaghen_RD,Competibacter_A,4.89523e-05,68
1007286_1,Copenaghen_RD,Enterobacter,0.000178532,68
1007286_1,Copenaghen_RD,Fermentibacter,8.39256e-05,68
1007286_1,Copenaghen_RD,Flavobacterium,0.030517466,68
1007286_1,Copenaghen_RD,Giesbergeria,0.027766319,68
1007286_1,Copenaghen_RD,Hydrogenophaga,0.000964187,68
1007286_1,Copenaghen_RD,JAGOYM01,0.011494375,68
1007286_1,Copenaghen_RD,Janthinobacterium,0.004268061,68
1007286_1,Copenaghen_RD,Kaistella,0.01145386,68
1007286_1,Copenaghen_RD,Lactococcus_A,0.008179919,68
1007286_1,Copenaghen_RD,Lenti-01,0.000120711,68
1007286_1,Copenaghen_RD,Microthrix,0.000101949,68
1007286_1,Copenaghen_RD,Moraxella_A,0.003700065,68
1007286_1,Copenaghen_RD,Neisseria,0.010041131,68
1007286_1,Copenaghen_RD,Novosphingobium,0.000358819,68
1007286_1,Copenaghen_RD,Ottowia,0.025795707,68
1007286_1,Copenaghen_RD,Paracoccus,0.001586974,68
1007286_1,Copenaghen_RD,Phocaeicola,0.003665707,68
1007286_1,Copenaghen_RD,Prevotella,0.008678485,68
1007286_1,Copenaghen_RD,Propionivibrio,0.003922087,68
1007286_1,Copenaghen_RD,Pseudomonas_E,0.034645713,68
1007286_1,Copenaghen_RD,Pseudoxanthomonas,0.004126216,68
1007286_1,Copenaghen_RD,Pseudoxanthomonas_A,0.007519103,68
1007286_1,Copenaghen_RD,Psychrobacter,0.034919615,68
1007286_1,Copenaghen_RD,Rubrivivax,0.000393255,68
1007286_1,Copenaghen_RD,Streptococcus,0.006645541,68
1007286_1,Copenaghen_RD,Telluria,0.000830084,68
1007286_1,Copenaghen_RD,Thauera,0.009818644,68
1007286_1,Copenaghen_RD,Thermomonas,0.00584382,68
1007286_1,Copenaghen_RD,Thiothrix,0.001460102,68
1007286_1,Copenaghen_RD,Tolumonas,0.000459049,68
1007286_1,Copenaghen_RD,Trichococcus,0.138264472,68
1007286_1,Copenaghen_RD,UBA1413,8.98028e-05,68
1007282_1,Copenaghen_RL,Acidovorax,0.203149963,68
1007282_1,Copenaghen_RL,Acinetobacter,0.045807329,68
1007282_1,Copenaghen_RL,Aeromonas,0.00512554,68
1007282_1,Copenaghen_RL,Aliarcobacter,0.037894578,68
1007282_1,Copenaghen_RL,Aquabacterium_A,0.000277764,68
1007282_1,Copenaghen_RL,Bacteroides,0.004013616,68
1007282_1,Copenaghen_RL,Brachymonas,0.0156189,68
1007282_1,Copenaghen_RL,Brevefilum,0.000288129,68
1007282_1,Copenaghen_RL,Brevundimonas,0.001093775,68
1007282_1,Copenaghen_RL,Cloacibacterium,0.021535456,68
1007282_1,Copenaghen_RL,Comamonas,0.022528166,68
1007282_1,Copenaghen_RL,Competibacter_A,5.60948e-05,68
1007282_1,Copenaghen_RL,Enterobacter,0.000318777,68
1007282_1,Copenaghen_RL,Fermentibacter,3.51462e-05,68
1007282_1,Copenaghen_RL,Flavobacterium,0.029455653,68
1007282_1,Copenaghen_RL,Giesbergeria,0.015072166,68
1007282_1,Copenaghen_RL,Hydrogenophaga,0.001099618,68
1007282_1,Copenaghen_RL,JAGOYM01,0.008688554,68
1007282_1,Copenaghen_RL,Janthinobacterium,0.00717058,68
1007282_1,Copenaghen_RL,Kaistella,0.017325283,68
1007282_1,Copenaghen_RL,Lactococcus_A,0.008262497,68
1007282_1,Copenaghen_RL,Lenti-01,0.0004461,68
1007282_1,Copenaghen_RL,Microthrix,0.000277908,68
1007282_1,Copenaghen_RL,Moraxella_A,0.001842527,68
1007282_1,Copenaghen_RL,Neisseria,0.032925163,68
1007282_1,Copenaghen_RL,Novosphingobium,0.000350783,68
1007282_1,Copenaghen_RL,Ottowia,0.026614005,68
1007282_1,Copenaghen_RL,Paracoccus,0.002545832,68
1007282_1,Copenaghen_RL,Phocaeicola,0.002724163,68
1007282_1,Copenaghen_RL,Prevotella,0.005601963,68
1007282_1,Copenaghen_RL,Propionivibrio,0.00813566,68
1007282_1,Copenaghen_RL,Pseudomonas_E,0.032678297,68
1007282_1,Copenaghen_RL,Pseudoxanthomonas,0.007275256,68
1007282_1,Copenaghen_RL,Pseudoxanthomonas_A,0.009352937,68
1007282_1,Copenaghen_RL,Psychrobacter,0.034540574,68
1007282_1,Copenaghen_RL,Rubrivivax,0.000319253,68
1007282_1,Copenaghen_RL,Streptococcus,0.023943861,68
1007282_1,Copenaghen_RL,Telluria,0.001564028,68
1007282_1,Copenaghen_RL,Thauera,0.027079082,68
1007282_1,Copenaghen_RL,Thermomonas,0.006942674,68
1007282_1,Copenaghen_RL,Thiothrix,0.0002366,68
1007282_1,Copenaghen_RL,Tolumonas,0.000524847,68
1007282_1,Copenaghen_RL,Trichococcus,0.020550918,68
1007282_1,Copenaghen_RL,UBA1413,7.54405e-05,68
1007237_2,Copenaghen_RA,Acidovorax,0.133513001,69
1007237_2,Copenaghen_RA,Acinetobacter,0.075065702,69
1007237_2,Copenaghen_RA,Aeromonas,0.042418541,69
1007237_2,Copenaghen_RA,Aliarcobacter,0.08616267,69
1007237_2,Copenaghen_RA,Aquabacterium_A,0.000286877,69
1007237_2,Copenaghen_RA,Bacteroides,0.00649937,69
1007237_2,Copenaghen_RA,Brachymonas,0.00734296,69
1007237_2,Copenaghen_RA,Brevefilum,1.49337e-05,69
1007237_2,Copenaghen_RA,Brevundimonas,0.000878738,69
1007237_2,Copenaghen_RA,Cloacibacterium,0.018981336,69
1007237_2,Copenaghen_RA,Comamonas,0.031630255,69
1007237_2,Copenaghen_RA,Competibacter_A,3.639e-05,69
1007237_2,Copenaghen_RA,Enterobacter,0.002032661,69
1007237_2,Copenaghen_RA,Fermentibacter,1.1627e-05,69
1007237_2,Copenaghen_RA,Flavobacterium,0.024222668,69
1007237_2,Copenaghen_RA,Giesbergeria,0.024346105,69
1007237_2,Copenaghen_RA,Hydrogenophaga,0.00114361,69
1007237_2,Copenaghen_RA,JAGOYM01,0.015458041,69
1007237_2,Copenaghen_RA,Janthinobacterium,0.000708716,69
1007237_2,Copenaghen_RA,Kaistella,0.004689383,69
1007237_2,Copenaghen_RA,Lactococcus_A,0.022811283,69
1007237_2,Copenaghen_RA,Lenti-01,0.000152964,69
1007237_2,Copenaghen_RA,Microthrix,2.62182e-05,69
1007237_2,Copenaghen_RA,Moraxella_A,0.003500863,69
1007237_2,Copenaghen_RA,Neisseria,0.013879441,69
1007237_2,Copenaghen_RA,Novosphingobium,0.000272765,69
1007237_2,Copenaghen_RA,Ottowia,0.00725298,69
1007237_2,Copenaghen_RA,Paracoccus,0.001310303,69
1007237_2,Copenaghen_RA,Phocaeicola,0.004023014,69
1007237_2,Copenaghen_RA,Prevotella,0.010611038,69
1007237_2,Copenaghen_RA,Propionivibrio,0.012559506,69
1007237_2,Copenaghen_RA,Pseudomonas_E,0.012960375,69
1007237_2,Copenaghen_RA,Pseudoxanthomonas,0.002393315,69
1007237_2,Copenaghen_RA,Pseudoxanthomonas_A,0.005369113,69
1007237_2,Copenaghen_RA,Psychrobacter,0.010328243,69
1007237_2,Copenaghen_RA,Rubrivivax,0.000176859,69
1007237_2,Copenaghen_RA,Streptococcus,0.011604611,69
1007237_2,Copenaghen_RA,Telluria,0.000486863,69
1007237_2,Copenaghen_RA,Thauera,0.036381974,69
1007237_2,Copenaghen_RA,Thermomonas,0.002152888,69
1007237_2,Copenaghen_RA,Thiothrix,0.002672723,69
1007237_2,Copenaghen_RA,Tolumonas,0.003803352,69
1007237_2,Copenaghen_RA,Trichococcus,0.017669114,69
1007237_2,Copenaghen_RA,UBA1413,1.39662e-05,69
1007238_2,Copenaghen_RD,Acidovorax,0.185174614,69
1007238_2,Copenaghen_RD,Acinetobacter,0.060531666,69
1007238_2,Copenaghen_RD,Aeromonas,0.022720073,69
1007238_2,Copenaghen_RD,Aliarcobacter,0.057971626,69
1007238_2,Copenaghen_RD,Aquabacterium_A,0.000301553,69
1007238_2,Copenaghen_RD,Bacteroides,0.011592093,69
1007238_2,Copenaghen_RD,Brachymonas,0.010241767,69
1007238_2,Copenaghen_RD,Brevefilum,9.31233e-05,69
1007238_2,Copenaghen_RD,Brevundimonas,0.000613478,69
1007238_2,Copenaghen_RD,Cloacibacterium,0.015089881,69
1007238_2,Copenaghen_RD,Comamonas,0.026110996,69
1007238_2,Copenaghen_RD,Competibacter_A,3.50063e-05,69
1007238_2,Copenaghen_RD,Enterobacter,0.001395839,69
1007238_2,Copenaghen_RD,Fermentibacter,1.0008e-05,69
1007238_2,Copenaghen_RD,Flavobacterium,0.019945714,69
1007238_2,Copenaghen_RD,Giesbergeria,0.028678879,69
1007238_2,Copenaghen_RD,Hydrogenophaga,0.000924195,69
1007238_2,Copenaghen_RD,JAGOYM01,0.007075762,69
1007238_2,Copenaghen_RD,Janthinobacterium,0.000723693,69
1007238_2,Copenaghen_RD,Kaistella,0.00473018,69
1007238_2,Copenaghen_RD,Lactococcus_A,0.009893239,69
1007238_2,Copenaghen_RD,Lenti-01,0.000195676,69
1007238_2,Copenaghen_RD,Microthrix,6.54499e-05,69
1007238_2,Copenaghen_RD,Moraxella_A,0.006396997,69
1007238_2,Copenaghen_RD,Neisseria,0.005797803,69
1007238_2,Copenaghen_RD,Novosphingobium,0.000252956,69
1007238_2,Copenaghen_RD,Ottowia,0.015581763,69
1007238_2,Copenaghen_RD,Paracoccus,0.001042788,69
1007238_2,Copenaghen_RD,Phocaeicola,0.039923515,69
1007238_2,Copenaghen_RD,Prevotella,0.039264819,69
1007238_2,Copenaghen_RD,Propionivibrio,0.004681766,69
1007238_2,Copenaghen_RD,Pseudomonas_E,0.008462762,69
1007238_2,Copenaghen_RD,Pseudoxanthomonas,0.002366312,69
1007238_2,Copenaghen_RD,Pseudoxanthomonas_A,0.01036166,69
1007238_2,Copenaghen_RD,Psychrobacter,0.007442353,69
1007238_2,Copenaghen_RD,Rubrivivax,0.000176926,69
1007238_2,Copenaghen_RD,Streptococcus,0.007405802,69
1007238_2,Copenaghen_RD,Telluria,0.000599653,69
1007238_2,Copenaghen_RD,Thauera,0.020645928,69
1007238_2,Copenaghen_RD,Thermomonas,0.003830814,69
1007238_2,Copenaghen_RD,Thiothrix,0.00382586,69
1007238_2,Copenaghen_RD,Tolumonas,0.002297406,69
1007238_2,Copenaghen_RD,Trichococcus,0.007874269,69
1007238_2,Copenaghen_RD,UBA1413,1.28021e-05,69
1007236_2,Copenaghen_RL,Acidovorax,0.15317059,69
1007236_2,Copenaghen_RL,Acinetobacter,0.056467713,69
1007236_2,Copenaghen_RL,Aeromonas,0.01032034,69
1007236_2,Copenaghen_RL,Aliarcobacter,0.020430326,69
1007236_2,Copenaghen_RL,Aquabacterium_A,0.000117465,69
1007236_2,Copenaghen_RL,Bacteroides,0.0045323,69
1007236_2,Copenaghen_RL,Brachymonas,0.011404075,69
1007236_2,Copenaghen_RL,Brevefilum,0.005669473,69
1007236_2,Copenaghen_RL,Brevundimonas,0.001043402,69
1007236_2,Copenaghen_RL,Cloacibacterium,0.017717725,69
1007236_2,Copenaghen_RL,Comamonas,0.159027017,69
1007236_2,Copenaghen_RL,Competibacter_A,4.22947e-05,69
1007236_2,Copenaghen_RL,Enterobacter,0.000707789,69
1007236_2,Copenaghen_RL,Fermentibacter,4.36081e-05,69
1007236_2,Copenaghen_RL,Flavobacterium,0.015861353,69
1007236_2,Copenaghen_RL,Giesbergeria,0.012299761,69
1007236_2,Copenaghen_RL,Hydrogenophaga,0.001115517,69
1007236_2,Copenaghen_RL,JAGOYM01,0.001904855,69
1007236_2,Copenaghen_RL,Janthinobacterium,0.001029867,69
1007236_2,Copenaghen_RL,Kaistella,0.005579537,69
1007236_2,Copenaghen_RL,Lactococcus_A,0.009226938,69
1007236_2,Copenaghen_RL,Lenti-01,0.000217051,69
1007236_2,Copenaghen_RL,Microthrix,0.000170322,69
1007236_2,Copenaghen_RL,Moraxella_A,0.00331553,69
1007236_2,Copenaghen_RL,Neisseria,0.020568388,69
1007236_2,Copenaghen_RL,Novosphingobium,0.000249723,69
1007236_2,Copenaghen_RL,Ottowia,0.018919632,69
1007236_2,Copenaghen_RL,Paracoccus,0.001842177,69
1007236_2,Copenaghen_RL,Phocaeicola,0.010809579,69
1007236_2,Copenaghen_RL,Prevotella,0.005296409,69
1007236_2,Copenaghen_RL,Propionivibrio,0.009183233,69
1007236_2,Copenaghen_RL,Pseudomonas_E,0.026299169,69
1007236_2,Copenaghen_RL,Pseudoxanthomonas,0.005872455,69
1007236_2,Copenaghen_RL,Pseudoxanthomonas_A,0.015122368,69
1007236_2,Copenaghen_RL,Psychrobacter,0.021569554,69
1007236_2,Copenaghen_RL,Rubrivivax,0.000380176,69
1007236_2,Copenaghen_RL,Streptococcus,0.016590053,69
1007236_2,Copenaghen_RL,Telluria,0.00052162,69
1007236_2,Copenaghen_RL,Thauera,0.012684193,69
1007236_2,Copenaghen_RL,Thermomonas,0.005227553,69
1007236_2,Copenaghen_RL,Thiothrix,0.000343228,69
1007236_2,Copenaghen_RL,Tolumonas,0.003336739,69
1007236_2,Copenaghen_RL,Trichococcus,0.020520118,69
1007236_2,Copenaghen_RL,UBA1413,0.001170271,69
1007240_1,Copenaghen_RA,Acidovorax,0.197531668,70
1007240_1,Copenaghen_RA,Acinetobacter,0.043095059,70
1007240_1,Copenaghen_RA,Aeromonas,0.006651684,70
1007240_1,Copenaghen_RA,Aliarcobacter,0.015998374,70
1007240_1,Copenaghen_RA,Aquabacterium_A,0.00046474,70
1007240_1,Copenaghen_RA,Bacteroides,0.003990712,70
1007240_1,Copenaghen_RA,Brachymonas,0.014116606,70
1007240_1,Copenaghen_RA,Brevefilum,0.000146199,70
1007240_1,Copenaghen_RA,Brevundimonas,0.001387866,70
1007240_1,Copenaghen_RA,Cloacibacterium,0.022334112,70
1007240_1,Copenaghen_RA,Comamonas,0.037806601,70
1007240_1,Copenaghen_RA,Competibacter_A,4.68937e-05,70
1007240_1,Copenaghen_RA,Enterobacter,0.000530305,70
1007240_1,Copenaghen_RA,Fermentibacter,6.00162e-06,70
1007240_1,Copenaghen_RA,Flavobacterium,0.015257634,70
1007240_1,Copenaghen_RA,Giesbergeria,0.015513214,70
1007240_1,Copenaghen_RA,Hydrogenophaga,0.000788868,70
1007240_1,Copenaghen_RA,JAGOYM01,0.011592043,70
1007240_1,Copenaghen_RA,Janthinobacterium,0.000989927,70
1007240_1,Copenaghen_RA,Kaistella,0.004988086,70
1007240_1,Copenaghen_RA,Lactococcus_A,0.00933385,70
1007240_1,Copenaghen_RA,Lenti-01,0.000176555,70
1007240_1,Copenaghen_RA,Microthrix,5.95977e-05,70
1007240_1,Copenaghen_RA,Moraxella_A,0.004234245,70
1007240_1,Copenaghen_RA,Neisseria,0.046472378,70
1007240_1,Copenaghen_RA,Novosphingobium,0.000267993,70
1007240_1,Copenaghen_RA,Ottowia,0.046881994,70
1007240_1,Copenaghen_RA,Paracoccus,0.001322471,70
1007240_1,Copenaghen_RA,Phocaeicola,0.006485083,70
1007240_1,Copenaghen_RA,Prevotella,0.006638152,70
1007240_1,Copenaghen_RA,Propionivibrio,0.005001481,70
1007240_1,Copenaghen_RA,Pseudomonas_E,0.009828253,70
1007240_1,Copenaghen_RA,Pseudoxanthomonas,0.003541515,70
1007240_1,Copenaghen_RA,Pseudoxanthomonas_A,0.008350301,70
1007240_1,Copenaghen_RA,Psychrobacter,0.005146335,70
1007240_1,Copenaghen_RA,Rubrivivax,0.000316485,70
1007240_1,Copenaghen_RA,Streptococcus,0.038259846,70
1007240_1,Copenaghen_RA,Telluria,0.000570212,70
1007240_1,Copenaghen_RA,Thauera,0.015454108,70
1007240_1,Copenaghen_RA,Thermomonas,0.007941964,70
1007240_1,Copenaghen_RA,Thiothrix,0.000438312,70
1007240_1,Copenaghen_RA,Tolumonas,0.001225089,70
1007240_1,Copenaghen_RA,Trichococcus,0.01260841,70
1007240_1,Copenaghen_RA,UBA1413,1.54785e-05,70
1007241_2,Copenaghen_RD,Acidovorax,0.200131528,70
1007241_2,Copenaghen_RD,Acinetobacter,0.064038549,70
1007241_2,Copenaghen_RD,Aeromonas,0.035548648,70
1007241_2,Copenaghen_RD,Aliarcobacter,0.047157059,70
1007241_2,Copenaghen_RD,Aquabacterium_A,0.000220562,70
1007241_2,Copenaghen_RD,Bacteroides,0.003408376,70
1007241_2,Copenaghen_RD,Brachymonas,0.008746205,70
1007241_2,Copenaghen_RD,Brevefilum,1.34066e-05,70
1007241_2,Copenaghen_RD,Brevundimonas,0.001321599,70
1007241_2,Copenaghen_RD,Cloacibacterium,0.018699629,70
1007241_2,Copenaghen_RD,Comamonas,0.055860749,70
1007241_2,Copenaghen_RD,Competibacter_A,5.46729e-05,70
1007241_2,Copenaghen_RD,Enterobacter,0.000561626,70
1007241_2,Copenaghen_RD,Fermentibacter,1.35766e-05,70
1007241_2,Copenaghen_RD,Flavobacterium,0.011455538,70
1007241_2,Copenaghen_RD,Giesbergeria,0.015318675,70
1007241_2,Copenaghen_RD,Hydrogenophaga,0.000843949,70
1007241_2,Copenaghen_RD,JAGOYM01,0.012384998,70
1007241_2,Copenaghen_RD,Janthinobacterium,0.00045401,70
1007241_2,Copenaghen_RD,Kaistella,0.006970048,70
1007241_2,Copenaghen_RD,Lactococcus_A,0.012219776,70
1007241_2,Copenaghen_RD,Lenti-01,0.000284259,70
1007241_2,Copenaghen_RD,Microthrix,0.000156538,70
1007241_2,Copenaghen_RD,Moraxella_A,0.001513792,70
1007241_2,Copenaghen_RD,Neisseria,0.01485115,70
1007241_2,Copenaghen_RD,Novosphingobium,0.000269897,70
1007241_2,Copenaghen_RD,Ottowia,0.0172721,70
1007241_2,Copenaghen_RD,Paracoccus,0.001544679,70
1007241_2,Copenaghen_RD,Phocaeicola,0.003897957,70
1007241_2,Copenaghen_RD,Prevotella,0.008842702,70
1007241_2,Copenaghen_RD,Propionivibrio,0.018442964,70
1007241_2,Copenaghen_RD,Pseudomonas_E,0.017646904,70
1007241_2,Copenaghen_RD,Pseudoxanthomonas,0.002818691,70
1007241_2,Copenaghen_RD,Pseudoxanthomonas_A,0.004915417,70
1007241_2,Copenaghen_RD,Psychrobacter,0.007488208,70
1007241_2,Copenaghen_RD,Rubrivivax,0.000200656,70
1007241_2,Copenaghen_RD,Streptococcus,0.013855406,70
1007241_2,Copenaghen_RD,Telluria,0.000515718,70
1007241_2,Copenaghen_RD,Thauera,0.027976067,70
1007241_2,Copenaghen_RD,Thermomonas,0.003088538,70
1007241_2,Copenaghen_RD,Thiothrix,0.003427422,70
1007241_2,Copenaghen_RD,Tolumonas,0.00224541,70
1007241_2,Copenaghen_RD,Trichococcus,0.023853196,70
1007241_2,Copenaghen_RD,UBA1413,2.25135e-05,70
1007239_1,Copenaghen_RL,Acidovorax,0.195477561,70
1007239_1,Copenaghen_RL,Acinetobacter,0.055927912,70
1007239_1,Copenaghen_RL,Aeromonas,0.032351117,70
1007239_1,Copenaghen_RL,Aliarcobacter,0.044909794,70
1007239_1,Copenaghen_RL,Aquabacterium_A,0.000354593,70
1007239_1,Copenaghen_RL,Bacteroides,0.012446541,70
1007239_1,Copenaghen_RL,Brachymonas,0.010825069,70
1007239_1,Copenaghen_RL,Brevefilum,6.48613e-06,70
1007239_1,Copenaghen_RL,Brevundimonas,0.000563422,70
1007239_1,Copenaghen_RL,Cloacibacterium,0.016896554,70
1007239_1,Copenaghen_RL,Comamonas,0.016668311,70
1007239_1,Copenaghen_RL,Competibacter_A,4.08373e-05,70
1007239_1,Copenaghen_RL,Enterobacter,0.001084788,70
1007239_1,Copenaghen_RL,Fermentibacter,4.51599e-05,70
1007239_1,Copenaghen_RL,Flavobacterium,0.014424672,70
1007239_1,Copenaghen_RL,Giesbergeria,0.019442332,70
1007239_1,Copenaghen_RL,Hydrogenophaga,0.001270903,70
1007239_1,Copenaghen_RL,JAGOYM01,0.012731339,70
1007239_1,Copenaghen_RL,Janthinobacterium,0.000467343,70
1007239_1,Copenaghen_RL,Kaistella,0.004622444,70
1007239_1,Copenaghen_RL,Lactococcus_A,0.007948706,70
1007239_1,Copenaghen_RL,Lenti-01,0.000140691,70
1007239_1,Copenaghen_RL,Microthrix,4.144e-05,70
1007239_1,Copenaghen_RL,Moraxella_A,0.007163676,70
1007239_1,Copenaghen_RL,Neisseria,0.017416594,70
1007239_1,Copenaghen_RL,Novosphingobium,0.000323197,70
1007239_1,Copenaghen_RL,Ottowia,0.028022789,70
1007239_1,Copenaghen_RL,Paracoccus,0.00188789,70
1007239_1,Copenaghen_RL,Phocaeicola,0.012858324,70
1007239_1,Copenaghen_RL,Prevotella,0.036453116,70
1007239_1,Copenaghen_RL,Propionivibrio,0.009571187,70
1007239_1,Copenaghen_RL,Pseudomonas_E,0.013525167,70
1007239_1,Copenaghen_RL,Pseudoxanthomonas,0.002636892,70
1007239_1,Copenaghen_RL,Pseudoxanthomonas_A,0.003924258,70
1007239_1,Copenaghen_RL,Psychrobacter,0.00557324,70
1007239_1,Copenaghen_RL,Rubrivivax,0.000269934,70
1007239_1,Copenaghen_RL,Streptococcus,0.008649466,70
1007239_1,Copenaghen_RL,Telluria,0.000402664,70
1007239_1,Copenaghen_RL,Thauera,0.012612187,70
1007239_1,Copenaghen_RL,Thermomonas,0.005409554,70
1007239_1,Copenaghen_RL,Thiothrix,0.000741246,70
1007239_1,Copenaghen_RL,Tolumonas,0.005976539,70
1007239_1,Copenaghen_RL,Trichococcus,0.005584545,70
1007239_1,Copenaghen_RL,UBA1413,1.76447e-05,70
1007243_1,Copenaghen_RA,Acidovorax,0.171825213,71
1007243_1,Copenaghen_RA,Acinetobacter,0.045889755,71
1007243_1,Copenaghen_RA,Aeromonas,0.003661127,71
1007243_1,Copenaghen_RA,Aliarcobacter,0.020777104,71
1007243_1,Copenaghen_RA,Aquabacterium_A,0.000222659,71
1007243_1,Copenaghen_RA,Bacteroides,0.00285052,71
1007243_1,Copenaghen_RA,Brachymonas,0.01933951,71
1007243_1,Copenaghen_RA,Brevefilum,9.82043e-06,71
1007243_1,Copenaghen_RA,Brevundimonas,0.004118888,71
1007243_1,Copenaghen_RA,Cloacibacterium,0.01526484,71
1007243_1,Copenaghen_RA,Comamonas,0.023876231,71
1007243_1,Copenaghen_RA,Competibacter_A,4.67433e-05,71
1007243_1,Copenaghen_RA,Enterobacter,0.000441873,71
1007243_1,Copenaghen_RA,Fermentibacter,1.1185e-05,71
1007243_1,Copenaghen_RA,Flavobacterium,0.006221642,71
1007243_1,Copenaghen_RA,Giesbergeria,0.021548114,71
1007243_1,Copenaghen_RA,Hydrogenophaga,0.001242781,71
1007243_1,Copenaghen_RA,JAGOYM01,0.021239405,71
1007243_1,Copenaghen_RA,Janthinobacterium,0.000602431,71
1007243_1,Copenaghen_RA,Kaistella,0.007659991,71
1007243_1,Copenaghen_RA,Lactococcus_A,0.018610467,71
1007243_1,Copenaghen_RA,Lenti-01,0.000424447,71
1007243_1,Copenaghen_RA,Microthrix,8.37009e-05,71
1007243_1,Copenaghen_RA,Moraxella_A,0.003217922,71
1007243_1,Copenaghen_RA,Neisseria,0.02646378,71
1007243_1,Copenaghen_RA,Novosphingobium,0.00070082,71
1007243_1,Copenaghen_RA,Ottowia,0.032636744,71
1007243_1,Copenaghen_RA,Paracoccus,0.001862905,71
1007243_1,Copenaghen_RA,Phocaeicola,0.002432267,71
1007243_1,Copenaghen_RA,Prevotella,0.005235808,71
1007243_1,Copenaghen_RA,Propionivibrio,0.009256765,71
1007243_1,Copenaghen_RA,Pseudomonas_E,0.019728438,71
1007243_1,Copenaghen_RA,Pseudoxanthomonas,0.003743692,71
1007243_1,Copenaghen_RA,Pseudoxanthomonas_A,0.015574459,71
1007243_1,Copenaghen_RA,Psychrobacter,0.01287748,71
1007243_1,Copenaghen_RA,Rubrivivax,0.000205499,71
1007243_1,Copenaghen_RA,Streptococcus,0.009398491,71
1007243_1,Copenaghen_RA,Telluria,0.000923064,71
1007243_1,Copenaghen_RA,Thauera,0.03454096,71
1007243_1,Copenaghen_RA,Thermomonas,0.007161336,71
1007243_1,Copenaghen_RA,Thiothrix,0.002913396,71
1007243_1,Copenaghen_RA,Tolumonas,0.001925603,71
1007243_1,Copenaghen_RA,Trichococcus,0.01569793,71
1007243_1,Copenaghen_RA,UBA1413,5.40662e-06,71
1007244_1,Copenaghen_RD,Acidovorax,0.223665935,71
1007244_1,Copenaghen_RD,Acinetobacter,0.037592689,71
1007244_1,Copenaghen_RD,Aeromonas,0.008396805,71
1007244_1,Copenaghen_RD,Aliarcobacter,0.027837255,71
1007244_1,Copenaghen_RD,Aquabacterium_A,0.00032952,71
1007244_1,Copenaghen_RD,Bacteroides,0.006804234,71
1007244_1,Copenaghen_RD,Brachymonas,0.027125079,71
1007244_1,Copenaghen_RD,Brevefilum,7.74063e-06,71
1007244_1,Copenaghen_RD,Brevundimonas,0.000603026,71
1007244_1,Copenaghen_RD,Cloacibacterium,0.024009609,71
1007244_1,Copenaghen_RD,Comamonas,0.022800793,71
1007244_1,Copenaghen_RD,Competibacter_A,7.08841e-05,71
1007244_1,Copenaghen_RD,Enterobacter,0.002194607,71
1007244_1,Copenaghen_RD,Fermentibacter,7.85857e-06,71
1007244_1,Copenaghen_RD,Flavobacterium,0.020748428,71
1007244_1,Copenaghen_RD,Giesbergeria,0.02061727,71
1007244_1,Copenaghen_RD,Hydrogenophaga,0.001269365,71
1007244_1,Copenaghen_RD,JAGOYM01,0.010721441,71
1007244_1,Copenaghen_RD,Janthinobacterium,0.000674347,71
1007244_1,Copenaghen_RD,Kaistella,0.008282306,71
1007244_1,Copenaghen_RD,Lactococcus_A,0.013741202,71
1007244_1,Copenaghen_RD,Lenti-01,0.000206257,71
1007244_1,Copenaghen_RD,Microthrix,9.1115e-05,71
1007244_1,Copenaghen_RD,Moraxella_A,0.004000129,71
1007244_1,Copenaghen_RD,Neisseria,0.020260184,71
1007244_1,Copenaghen_RD,Novosphingobium,0.000288462,71
1007244_1,Copenaghen_RD,Ottowia,0.032482657,71
1007244_1,Copenaghen_RD,Paracoccus,0.001130848,71
1007244_1,Copenaghen_RD,Phocaeicola,0.030119695,71
1007244_1,Copenaghen_RD,Prevotella,0.019912521,71
1007244_1,Copenaghen_RD,Propionivibrio,0.005505841,71
1007244_1,Copenaghen_RD,Pseudomonas_E,0.009418941,71
1007244_1,Copenaghen_RD,Pseudoxanthomonas,0.003167353,71
1007244_1,Copenaghen_RD,Pseudoxanthomonas_A,0.009343805,71
1007244_1,Copenaghen_RD,Psychrobacter,0.007632309,71
1007244_1,Copenaghen_RD,Rubrivivax,0.00055432,71
1007244_1,Copenaghen_RD,Streptococcus,0.01505314,71
1007244_1,Copenaghen_RD,Telluria,0.000657421,71
1007244_1,Copenaghen_RD,Thauera,0.014603024,71
1007244_1,Copenaghen_RD,Thermomonas,0.005584813,71
1007244_1,Copenaghen_RD,Thiothrix,0.000740487,71
1007244_1,Copenaghen_RD,Tolumonas,0.001415646,71
1007244_1,Copenaghen_RD,Trichococcus,0.009327801,71
1007244_1,Copenaghen_RD,UBA1413,7.16771e-06,71
1007242_2,Copenaghen_RL,Acidovorax,0.2983798,71
1007242_2,Copenaghen_RL,Acinetobacter,0.043132479,71
1007242_2,Copenaghen_RL,Aeromonas,0.010355105,71
1007242_2,Copenaghen_RL,Aliarcobacter,0.029979447,71
1007242_2,Copenaghen_RL,Aquabacterium_A,0.000218145,71
1007242_2,Copenaghen_RL,Bacteroides,0.003086944,71
1007242_2,Copenaghen_RL,Brachymonas,0.030046118,71
1007242_2,Copenaghen_RL,Brevefilum,0.000161495,71
1007242_2,Copenaghen_RL,Brevundimonas,0.001202282,71
1007242_2,Copenaghen_RL,Cloacibacterium,0.020728423,71
1007242_2,Copenaghen_RL,Comamonas,0.058761003,71
1007242_2,Copenaghen_RL,Competibacter_A,2.35306e-05,71
1007242_2,Copenaghen_RL,Enterobacter,0.000618404,71
1007242_2,Copenaghen_RL,Fermentibacter,8.19744e-06,71
1007242_2,Copenaghen_RL,Flavobacterium,0.008836831,71
1007242_2,Copenaghen_RL,Giesbergeria,0.015309933,71
1007242_2,Copenaghen_RL,Hydrogenophaga,0.000731295,71
1007242_2,Copenaghen_RL,JAGOYM01,0.005524758,71
1007242_2,Copenaghen_RL,Janthinobacterium,0.000699135,71
1007242_2,Copenaghen_RL,Kaistella,0.003544411,71
1007242_2,Copenaghen_RL,Lactococcus_A,0.006818584,71
1007242_2,Copenaghen_RL,Lenti-01,0.000135329,71
1007242_2,Copenaghen_RL,Microthrix,0.000100228,71
1007242_2,Copenaghen_RL,Moraxella_A,0.005477489,71
1007242_2,Copenaghen_RL,Neisseria,0.026734996,71
1007242_2,Copenaghen_RL,Novosphingobium,0.000211696,71
1007242_2,Copenaghen_RL,Ottowia,0.02263545,71
1007242_2,Copenaghen_RL,Paracoccus,0.00111256,71
1007242_2,Copenaghen_RL,Phocaeicola,0.0029763,71
1007242_2,Copenaghen_RL,Prevotella,0.005187269,71
1007242_2,Copenaghen_RL,Propionivibrio,0.007052694,71
1007242_2,Copenaghen_RL,Pseudomonas_E,0.009194862,71
1007242_2,Copenaghen_RL,Pseudoxanthomonas,0.003684146,71
1007242_2,Copenaghen_RL,Pseudoxanthomonas_A,0.005350681,71
1007242_2,Copenaghen_RL,Psychrobacter,0.00521764,71
1007242_2,Copenaghen_RL,Rubrivivax,0.000321863,71
1007242_2,Copenaghen_RL,Streptococcus,0.027122059,71
1007242_2,Copenaghen_RL,Telluria,0.000489597,71
1007242_2,Copenaghen_RL,Thauera,0.018749174,71
1007242_2,Copenaghen_RL,Thermomonas,0.007871931,71
1007242_2,Copenaghen_RL,Thiothrix,0.000255476,71
1007242_2,Copenaghen_RL,Tolumonas,0.001602728,71
1007242_2,Copenaghen_RL,Trichococcus,0.014997907,71
1007242_2,Copenaghen_RL,UBA1413,6.25264e-06,71
1007246_1,Copenaghen_RD,Acidovorax,0.224967264,72
1007246_1,Copenaghen_RD,Acinetobacter,0.026010894,72
1007246_1,Copenaghen_RD,Aeromonas,0.006904385,72
1007246_1,Copenaghen_RD,Aliarcobacter,0.018631651,72
1007246_1,Copenaghen_RD,Aquabacterium_A,0.000329625,72
1007246_1,Copenaghen_RD,Bacteroides,0.002748018,72
1007246_1,Copenaghen_RD,Brachymonas,0.031585807,72
1007246_1,Copenaghen_RD,Brevefilum,2.58467e-05,72
1007246_1,Copenaghen_RD,Brevundimonas,0.001275488,72
1007246_1,Copenaghen_RD,Cloacibacterium,0.017898928,72
1007246_1,Copenaghen_RD,Comamonas,0.041106972,72
1007246_1,Copenaghen_RD,Competibacter_A,0.000122637,72
1007246_1,Copenaghen_RD,Enterobacter,0.000374298,72
1007246_1,Copenaghen_RD,Fermentibacter,3.02411e-05,72
1007246_1,Copenaghen_RD,Flavobacterium,0.00891629,72
1007246_1,Copenaghen_RD,Giesbergeria,0.023714637,72
1007246_1,Copenaghen_RD,Hydrogenophaga,0.001187061,72
1007246_1,Copenaghen_RD,JAGOYM01,0.013036111,72
1007246_1,Copenaghen_RD,Janthinobacterium,0.001343304,72
1007246_1,Copenaghen_RD,Kaistella,0.007347249,72
1007246_1,Copenaghen_RD,Lactococcus_A,0.002749672,72
1007246_1,Copenaghen_RD,Lenti-01,0.000224316,72
1007246_1,Copenaghen_RD,Microthrix,0.000435614,72
1007246_1,Copenaghen_RD,Moraxella_A,0.002023631,72
1007246_1,Copenaghen_RD,Neisseria,0.036098122,72
1007246_1,Copenaghen_RD,Novosphingobium,0.000493437,72
1007246_1,Copenaghen_RD,Ottowia,0.030659295,72
1007246_1,Copenaghen_RD,Paracoccus,0.001292913,72
1007246_1,Copenaghen_RD,Phocaeicola,0.00271227,72
1007246_1,Copenaghen_RD,Prevotella,0.016136306,72
1007246_1,Copenaghen_RD,Propionivibrio,0.007654279,72
1007246_1,Copenaghen_RD,Pseudomonas_E,0.011571818,72
1007246_1,Copenaghen_RD,Pseudoxanthomonas,0.00389602,72
1007246_1,Copenaghen_RD,Pseudoxanthomonas_A,0.010040364,72
1007246_1,Copenaghen_RD,Psychrobacter,0.01081668,72
1007246_1,Copenaghen_RD,Rubrivivax,0.000431424,72
1007246_1,Copenaghen_RD,Streptococcus,0.014340887,72
1007246_1,Copenaghen_RD,Telluria,0.000570558,72
1007246_1,Copenaghen_RD,Thauera,0.015844636,72
1007246_1,Copenaghen_RD,Thermomonas,0.01028177,72
1007246_1,Copenaghen_RD,Thiothrix,0.00121738,72
1007246_1,Copenaghen_RD,Tolumonas,0.000831824,72
1007246_1,Copenaghen_RD,Trichococcus,0.007461685,72
1007246_1,Copenaghen_RD,UBA1413,3.78755e-05,72
1007245_1,Copenaghen_RL,Acidovorax,0.268135738,72
1007245_1,Copenaghen_RL,Acinetobacter,0.042667418,72
1007245_1,Copenaghen_RL,Aeromonas,0.006098347,72
1007245_1,Copenaghen_RL,Aliarcobacter,0.025960386,72
1007245_1,Copenaghen_RL,Aquabacterium_A,0.00033467,72
1007245_1,Copenaghen_RL,Bacteroides,0.002884761,72
1007245_1,Copenaghen_RL,Brachymonas,0.029848776,72
1007245_1,Copenaghen_RL,Brevefilum,8.85836e-05,72
1007245_1,Copenaghen_RL,Brevundimonas,0.00101362,72
1007245_1,Copenaghen_RL,Cloacibacterium,0.02868493,72
1007245_1,Copenaghen_RL,Comamonas,0.046863065,72
1007245_1,Copenaghen_RL,Competibacter_A,2.15911e-05,72
1007245_1,Copenaghen_RL,Enterobacter,0.000345574,72
1007245_1,Copenaghen_RL,Fermentibacter,9.54e-06,72
1007245_1,Copenaghen_RL,Flavobacterium,0.00802829,72
1007245_1,Copenaghen_RL,Giesbergeria,0.013588006,72
1007245_1,Copenaghen_RL,Hydrogenophaga,0.00096378,72
1007245_1,Copenaghen_RL,JAGOYM01,0.013020109,72
1007245_1,Copenaghen_RL,Janthinobacterium,0.000956687,72
1007245_1,Copenaghen_RL,Kaistella,0.004660281,72
1007245_1,Copenaghen_RL,Lactococcus_A,0.012371211,72
1007245_1,Copenaghen_RL,Lenti-01,0.00026191,72
1007245_1,Copenaghen_RL,Microthrix,5.59851e-05,72
1007245_1,Copenaghen_RL,Moraxella_A,0.004841889,72
1007245_1,Copenaghen_RL,Neisseria,0.045004563,72
1007245_1,Copenaghen_RL,Novosphingobium,0.000248601,72
1007245_1,Copenaghen_RL,Ottowia,0.028348109,72
1007245_1,Copenaghen_RL,Paracoccus,0.001055447,72
1007245_1,Copenaghen_RL,Phocaeicola,0.004343701,72
1007245_1,Copenaghen_RL,Prevotella,0.004882207,72
1007245_1,Copenaghen_RL,Propionivibrio,0.007648107,72
1007245_1,Copenaghen_RL,Pseudomonas_E,0.008651062,72
1007245_1,Copenaghen_RL,Pseudoxanthomonas,0.006610476,72
1007245_1,Copenaghen_RL,Pseudoxanthomonas_A,0.008579859,72
1007245_1,Copenaghen_RL,Psychrobacter,0.005321591,72
1007245_1,Copenaghen_RL,Rubrivivax,0.000212672,72
1007245_1,Copenaghen_RL,Streptococcus,0.043657136,72
1007245_1,Copenaghen_RL,Telluria,0.00039109,72
1007245_1,Copenaghen_RL,Thauera,0.018703673,72
1007245_1,Copenaghen_RL,Thermomonas,0.006750582,72
1007245_1,Copenaghen_RL,Thiothrix,0.000356667,72
1007245_1,Copenaghen_RL,Tolumonas,0.000575905,72
1007245_1,Copenaghen_RL,Trichococcus,0.016816077,72
1007245_1,Copenaghen_RL,UBA1413,1.18781e-05,72
1007248_1,Copenaghen_RD,Acidovorax,0.15497495,73
1007248_1,Copenaghen_RD,Acinetobacter,0.014071906,73
1007248_1,Copenaghen_RD,Aeromonas,0.006605966,73
1007248_1,Copenaghen_RD,Aliarcobacter,0.010768862,73
1007248_1,Copenaghen_RD,Aquabacterium_A,0.000436569,73
1007248_1,Copenaghen_RD,Bacteroides,0.002691736,73
1007248_1,Copenaghen_RD,Brachymonas,0.010596248,73
1007248_1,Copenaghen_RD,Brevefilum,1.08087e-05,73
1007248_1,Copenaghen_RD,Brevundimonas,0.000567372,73
1007248_1,Copenaghen_RD,Cloacibacterium,0.01131057,73
1007248_1,Copenaghen_RD,Comamonas,0.032199859,73
1007248_1,Copenaghen_RD,Competibacter_A,5.80355e-05,73
1007248_1,Copenaghen_RD,Enterobacter,0.000406336,73
1007248_1,Copenaghen_RD,Fermentibacter,5.63627e-05,73
1007248_1,Copenaghen_RD,Flavobacterium,0.010804663,73
1007248_1,Copenaghen_RD,Giesbergeria,0.010752964,73
1007248_1,Copenaghen_RD,Hydrogenophaga,0.00050536,73
1007248_1,Copenaghen_RD,JAGOYM01,0.004135744,73
1007248_1,Copenaghen_RD,Janthinobacterium,0.019046865,73
1007248_1,Copenaghen_RD,Kaistella,0.007220012,73
1007248_1,Copenaghen_RD,Lactococcus_A,0.003112475,73
1007248_1,Copenaghen_RD,Lenti-01,0.000104043,73
1007248_1,Copenaghen_RD,Microthrix,0.000248041,73
1007248_1,Copenaghen_RD,Moraxella_A,0.002500319,73
1007248_1,Copenaghen_RD,Neisseria,0.016471981,73
1007248_1,Copenaghen_RD,Novosphingobium,0.000328839,73
1007248_1,Copenaghen_RD,Ottowia,0.024356023,73
1007248_1,Copenaghen_RD,Paracoccus,0.001515992,73
1007248_1,Copenaghen_RD,Phocaeicola,0.002036475,73
1007248_1,Copenaghen_RD,Prevotella,0.007428335,73
1007248_1,Copenaghen_RD,Propionivibrio,0.004626901,73
1007248_1,Copenaghen_RD,Pseudomonas_E,0.180290932,73
1007248_1,Copenaghen_RD,Pseudoxanthomonas,0.004979136,73
1007248_1,Copenaghen_RD,Pseudoxanthomonas_A,0.005174133,73
1007248_1,Copenaghen_RD,Psychrobacter,0.117886405,73
1007248_1,Copenaghen_RD,Rubrivivax,0.000177782,73
1007248_1,Copenaghen_RD,Streptococcus,0.016982289,73
1007248_1,Copenaghen_RD,Telluria,0.000740477,73
1007248_1,Copenaghen_RD,Thauera,0.012708569,73
1007248_1,Copenaghen_RD,Thermomonas,0.007168538,73
1007248_1,Copenaghen_RD,Thiothrix,0.000745838,73
1007248_1,Copenaghen_RD,Tolumonas,0.001155094,73
1007248_1,Copenaghen_RD,Trichococcus,0.009825965,73
1007248_1,Copenaghen_RD,UBA1413,6.01709e-06,73
1007247_1,Copenaghen_RL,Acidovorax,0.152579996,73
1007247_1,Copenaghen_RL,Acinetobacter,0.017868543,73
1007247_1,Copenaghen_RL,Aeromonas,0.005923754,73
1007247_1,Copenaghen_RL,Aliarcobacter,0.016831671,73
1007247_1,Copenaghen_RL,Aquabacterium_A,0.000216138,73
1007247_1,Copenaghen_RL,Bacteroides,0.003212506,73
1007247_1,Copenaghen_RL,Brachymonas,0.022632447,73
1007247_1,Copenaghen_RL,Brevefilum,4.11909e-05,73
1007247_1,Copenaghen_RL,Brevundimonas,0.000742877,73
1007247_1,Copenaghen_RL,Cloacibacterium,0.022011417,73
1007247_1,Copenaghen_RL,Comamonas,0.053011044,73
1007247_1,Copenaghen_RL,Competibacter_A,4.45921e-05,73
1007247_1,Copenaghen_RL,Enterobacter,0.000735988,73
1007247_1,Copenaghen_RL,Fermentibacter,6.99616e-06,73
1007247_1,Copenaghen_RL,Flavobacterium,0.008670423,73
1007247_1,Copenaghen_RL,Giesbergeria,0.013666978,73
1007247_1,Copenaghen_RL,Hydrogenophaga,0.000394,73
1007247_1,Copenaghen_RL,JAGOYM01,0.003971963,73
1007247_1,Copenaghen_RL,Janthinobacterium,0.011754938,73
1007247_1,Copenaghen_RL,Kaistella,0.003082094,73
1007247_1,Copenaghen_RL,Lactococcus_A,0.01436275,73
1007247_1,Copenaghen_RL,Lenti-01,0.000115494,73
1007247_1,Copenaghen_RL,Microthrix,4.94715e-05,73
1007247_1,Copenaghen_RL,Moraxella_A,0.011904046,73
1007247_1,Copenaghen_RL,Neisseria,0.015197888,73
1007247_1,Copenaghen_RL,Novosphingobium,0.000233805,73
1007247_1,Copenaghen_RL,Ottowia,0.024591534,73
1007247_1,Copenaghen_RL,Paracoccus,0.001071998,73
1007247_1,Copenaghen_RL,Phocaeicola,0.001569887,73
1007247_1,Copenaghen_RL,Prevotella,0.004323012,73
1007247_1,Copenaghen_RL,Propionivibrio,0.004819201,73
1007247_1,Copenaghen_RL,Pseudomonas_E,0.18499881,73
1007247_1,Copenaghen_RL,Pseudoxanthomonas,0.005292812,73
1007247_1,Copenaghen_RL,Pseudoxanthomonas_A,0.007512459,73
1007247_1,Copenaghen_RL,Psychrobacter,0.024784145,73
1007247_1,Copenaghen_RL,Rubrivivax,0.000130757,73
1007247_1,Copenaghen_RL,Streptococcus,0.020424388,73
1007247_1,Copenaghen_RL,Telluria,0.001509376,73
1007247_1,Copenaghen_RL,Thauera,0.012357333,73
1007247_1,Copenaghen_RL,Thermomonas,0.005222215,73
1007247_1,Copenaghen_RL,Thiothrix,0.00050512,73
1007247_1,Copenaghen_RL,Tolumonas,0.003049036,73
1007247_1,Copenaghen_RL,Trichococcus,0.015106702,73
1007247_1,Copenaghen_RL,UBA1413,6.37815e-06,73
1007250_1,Copenaghen_RA,Acidovorax,0.18960132,73
1007250_1,Copenaghen_RA,Acinetobacter,0.031488852,73
1007250_1,Copenaghen_RA,Aeromonas,0.009940429,73
1007250_1,Copenaghen_RA,Aliarcobacter,0.029913765,73
1007250_1,Copenaghen_RA,Aquabacterium_A,0.000282376,73
1007250_1,Copenaghen_RA,Bacteroides,0.002552087,73
1007250_1,Copenaghen_RA,Brachymonas,0.013239484,73
1007250_1,Copenaghen_RA,Brevefilum,2.04874e-05,73
1007250_1,Copenaghen_RA,Brevundimonas,0.000909442,73
1007250_1,Copenaghen_RA,Cloacibacterium,0.030137382,73
1007250_1,Copenaghen_RA,Comamonas,0.020674951,73
1007250_1,Copenaghen_RA,Competibacter_A,4.203e-05,73
1007250_1,Copenaghen_RA,Enterobacter,0.000612281,73
1007250_1,Copenaghen_RA,Fermentibacter,1.50712e-05,73
1007250_1,Copenaghen_RA,Flavobacterium,0.013523882,73
1007250_1,Copenaghen_RA,Giesbergeria,0.022741675,73
1007250_1,Copenaghen_RA,Hydrogenophaga,0.001420907,73
1007250_1,Copenaghen_RA,JAGOYM01,0.019942083,73
1007250_1,Copenaghen_RA,Janthinobacterium,0.001937262,73
1007250_1,Copenaghen_RA,Kaistella,0.004111487,73
1007250_1,Copenaghen_RA,Lactococcus_A,0.00823473,73
1007250_1,Copenaghen_RA,Lenti-01,0.00024049,73
1007250_1,Copenaghen_RA,Microthrix,0.000125158,73
1007250_1,Copenaghen_RA,Moraxella_A,0.003942072,73
1007250_1,Copenaghen_RA,Neisseria,0.034569361,73
1007250_1,Copenaghen_RA,Novosphingobium,0.000375513,73
1007250_1,Copenaghen_RA,Ottowia,0.017742331,73
1007250_1,Copenaghen_RA,Paracoccus,0.002906224,73
1007250_1,Copenaghen_RA,Phocaeicola,0.001955818,73
1007250_1,Copenaghen_RA,Prevotella,0.00391319,73
1007250_1,Copenaghen_RA,Propionivibrio,0.01636135,73
1007250_1,Copenaghen_RA,Pseudomonas_E,0.096472145,73
1007250_1,Copenaghen_RA,Pseudoxanthomonas,0.002615556,73
1007250_1,Copenaghen_RA,Pseudoxanthomonas_A,0.008363582,73
1007250_1,Copenaghen_RA,Psychrobacter,0.006153247,73
1007250_1,Copenaghen_RA,Rubrivivax,0.000229281,73
1007250_1,Copenaghen_RA,Streptococcus,0.01330691,73
1007250_1,Copenaghen_RA,Telluria,0.000760976,73
1007250_1,Copenaghen_RA,Thauera,0.023511011,73
1007250_1,Copenaghen_RA,Thermomonas,0.010796694,73
1007250_1,Copenaghen_RA,Thiothrix,0.000889823,73
1007250_1,Copenaghen_RA,Tolumonas,0.002444634,73
1007250_1,Copenaghen_RA,Trichococcus,0.012325974,73
1007250_1,Copenaghen_RA,UBA1413,7.95708e-06,73
1007251_1,Copenaghen_RD,Acidovorax,0.164381077,73
1007251_1,Copenaghen_RD,Acinetobacter,0.034105549,73
1007251_1,Copenaghen_RD,Aeromonas,0.028934273,73
1007251_1,Copenaghen_RD,Aliarcobacter,0.052986986,73
1007251_1,Copenaghen_RD,Aquabacterium_A,0.000503628,73
1007251_1,Copenaghen_RD,Bacteroides,0.007234694,73
1007251_1,Copenaghen_RD,Brachymonas,0.0381492,73
1007251_1,Copenaghen_RD,Brevefilum,4.92033e-05,73
1007251_1,Copenaghen_RD,Brevundimonas,0.000711756,73
1007251_1,Copenaghen_RD,Cloacibacterium,0.031128812,73
1007251_1,Copenaghen_RD,Comamonas,0.019976029,73
1007251_1,Copenaghen_RD,Competibacter_A,0.000106236,73
1007251_1,Copenaghen_RD,Enterobacter,0.000813213,73
1007251_1,Copenaghen_RD,Fermentibacter,1.44501e-05,73
1007251_1,Copenaghen_RD,Flavobacterium,0.013125198,73
1007251_1,Copenaghen_RD,Giesbergeria,0.014811324,73
1007251_1,Copenaghen_RD,Hydrogenophaga,0.001072031,73
1007251_1,Copenaghen_RD,JAGOYM01,0.006555655,73
1007251_1,Copenaghen_RD,Janthinobacterium,0.000907804,73
1007251_1,Copenaghen_RD,Kaistella,0.006902889,73
1007251_1,Copenaghen_RD,Lactococcus_A,0.008543474,73
1007251_1,Copenaghen_RD,Lenti-01,0.000231801,73
1007251_1,Copenaghen_RD,Microthrix,0.000510464,73
1007251_1,Copenaghen_RD,Moraxella_A,0.003986681,73
1007251_1,Copenaghen_RD,Neisseria,0.023952009,73
1007251_1,Copenaghen_RD,Novosphingobium,0.000467488,73
1007251_1,Copenaghen_RD,Ottowia,0.015487661,73
1007251_1,Copenaghen_RD,Paracoccus,0.001105248,73
1007251_1,Copenaghen_RD,Phocaeicola,0.006176192,73
1007251_1,Copenaghen_RD,Prevotella,0.020774249,73
1007251_1,Copenaghen_RD,Propionivibrio,0.011015696,73
1007251_1,Copenaghen_RD,Pseudomonas_E,0.017330783,73
1007251_1,Copenaghen_RD,Pseudoxanthomonas,0.003039316,73
1007251_1,Copenaghen_RD,Pseudoxanthomonas_A,0.021186075,73
1007251_1,Copenaghen_RD,Psychrobacter,0.004848557,73
1007251_1,Copenaghen_RD,Rubrivivax,0.000391328,73
1007251_1,Copenaghen_RD,Streptococcus,0.058874811,73
1007251_1,Copenaghen_RD,Telluria,0.000470396,73
1007251_1,Copenaghen_RD,Thauera,0.013936186,73
1007251_1,Copenaghen_RD,Thermomonas,0.009083414,73
1007251_1,Copenaghen_RD,Thiothrix,0.001208991,73
1007251_1,Copenaghen_RD,Tolumonas,0.001806735,73
1007251_1,Copenaghen_RD,Trichococcus,0.007750164,73
1007251_1,Copenaghen_RD,UBA1413,2.43688e-05,73
1007249_1,Copenaghen_RL,Acidovorax,0.162668248,73
1007249_1,Copenaghen_RL,Acinetobacter,0.032304121,73
1007249_1,Copenaghen_RL,Aeromonas,0.005383241,73
1007249_1,Copenaghen_RL,Aliarcobacter,0.036910063,73
1007249_1,Copenaghen_RL,Aquabacterium_A,0.000184998,73
1007249_1,Copenaghen_RL,Bacteroides,0.00625505,73
1007249_1,Copenaghen_RL,Brachymonas,0.019372833,73
1007249_1,Copenaghen_RL,Brevefilum,2.82572e-05,73
1007249_1,Copenaghen_RL,Brevundimonas,0.00111149,73
1007249_1,Copenaghen_RL,Cloacibacterium,0.02310664,73
1007249_1,Copenaghen_RL,Comamonas,0.047970393,73
1007249_1,Copenaghen_RL,Competibacter_A,5.09814e-05,73
1007249_1,Copenaghen_RL,Enterobacter,0.000624352,73
1007249_1,Copenaghen_RL,Fermentibacter,2.64993e-05,73
1007249_1,Copenaghen_RL,Flavobacterium,0.010159531,73
1007249_1,Copenaghen_RL,Giesbergeria,0.015456508,73
1007249_1,Copenaghen_RL,Hydrogenophaga,0.000957232,73
1007249_1,Copenaghen_RL,JAGOYM01,0.00769146,73
1007249_1,Copenaghen_RL,Janthinobacterium,0.001243777,73
1007249_1,Copenaghen_RL,Kaistella,0.00407645,73
1007249_1,Copenaghen_RL,Lactococcus_A,0.013821903,73
1007249_1,Copenaghen_RL,Lenti-01,0.000182095,73
1007249_1,Copenaghen_RL,Microthrix,3.40247e-05,73
1007249_1,Copenaghen_RL,Moraxella_A,0.00578294,73
1007249_1,Copenaghen_RL,Neisseria,0.036125566,73
1007249_1,Copenaghen_RL,Novosphingobium,0.000312402,73
1007249_1,Copenaghen_RL,Ottowia,0.033841252,73
1007249_1,Copenaghen_RL,Paracoccus,0.000828261,73
1007249_1,Copenaghen_RL,Phocaeicola,0.006790939,73
1007249_1,Copenaghen_RL,Prevotella,0.006543926,73
1007249_1,Copenaghen_RL,Propionivibrio,0.016776443,73
1007249_1,Copenaghen_RL,Pseudomonas_E,0.053951168,73
1007249_1,Copenaghen_RL,Pseudoxanthomonas,0.006561086,73
1007249_1,Copenaghen_RL,Pseudoxanthomonas_A,0.009285276,73
1007249_1,Copenaghen_RL,Psychrobacter,0.031195535,73
1007249_1,Copenaghen_RL,Rubrivivax,0.000353427,73
1007249_1,Copenaghen_RL,Streptococcus,0.010283667,73
1007249_1,Copenaghen_RL,Telluria,0.000763372,73
1007249_1,Copenaghen_RL,Thauera,0.022655316,73
1007249_1,Copenaghen_RL,Thermomonas,0.014204359,73
1007249_1,Copenaghen_RL,Thiothrix,0.000531363,73
1007249_1,Copenaghen_RL,Tolumonas,0.002323173,73
1007249_1,Copenaghen_RL,Trichococcus,0.015569371,73
1007249_1,Copenaghen_RL,UBA1413,1.37784e-05,73
1007253_1,Copenaghen_RA,Acidovorax,0.16341312,74
1007253_1,Copenaghen_RA,Acinetobacter,0.034941068,74
1007253_1,Copenaghen_RA,Aeromonas,0.044580555,74
1007253_1,Copenaghen_RA,Aliarcobacter,0.098171179,74
1007253_1,Copenaghen_RA,Aquabacterium_A,0.00022229,74
1007253_1,Copenaghen_RA,Bacteroides,0.005749652,74
1007253_1,Copenaghen_RA,Brachymonas,0.0124127,74
1007253_1,Copenaghen_RA,Brevefilum,1.90005e-05,74
1007253_1,Copenaghen_RA,Brevundimonas,0.000874938,74
1007253_1,Copenaghen_RA,Cloacibacterium,0.026351031,74
1007253_1,Copenaghen_RA,Comamonas,0.040934412,74
1007253_1,Copenaghen_RA,Competibacter_A,3.99678e-05,74
1007253_1,Copenaghen_RA,Enterobacter,0.001033461,74
1007253_1,Copenaghen_RA,Fermentibacter,2.5397e-05,74
1007253_1,Copenaghen_RA,Flavobacterium,0.02220588,74
1007253_1,Copenaghen_RA,Giesbergeria,0.017997999,74
1007253_1,Copenaghen_RA,Hydrogenophaga,0.000824285,74
1007253_1,Copenaghen_RA,JAGOYM01,0.007168771,74
1007253_1,Copenaghen_RA,Janthinobacterium,0.00071796,74
1007253_1,Copenaghen_RA,Kaistella,0.003146074,74
1007253_1,Copenaghen_RA,Lactococcus_A,0.034830591,74
1007253_1,Copenaghen_RA,Lenti-01,0.000125403,74
1007253_1,Copenaghen_RA,Microthrix,0.000162759,74
1007253_1,Copenaghen_RA,Moraxella_A,0.005226193,74
1007253_1,Copenaghen_RA,Neisseria,0.012634357,74
1007253_1,Copenaghen_RA,Novosphingobium,0.000424195,74
1007253_1,Copenaghen_RA,Ottowia,0.014438556,74
1007253_1,Copenaghen_RA,Paracoccus,0.001005074,74
1007253_1,Copenaghen_RA,Phocaeicola,0.008453186,74
1007253_1,Copenaghen_RA,Prevotella,0.00718182,74
1007253_1,Copenaghen_RA,Propionivibrio,0.010531765,74
1007253_1,Copenaghen_RA,Pseudomonas_E,0.019324012,74
1007253_1,Copenaghen_RA,Pseudoxanthomonas,0.0023689,74
1007253_1,Copenaghen_RA,Pseudoxanthomonas_A,0.005160762,74
1007253_1,Copenaghen_RA,Psychrobacter,0.004812793,74
1007253_1,Copenaghen_RA,Rubrivivax,0.000321158,74
1007253_1,Copenaghen_RA,Streptococcus,0.025888548,74
1007253_1,Copenaghen_RA,Telluria,0.000368053,74
1007253_1,Copenaghen_RA,Thauera,0.032096203,74
1007253_1,Copenaghen_RA,Thermomonas,0.007043793,74
1007253_1,Copenaghen_RA,Thiothrix,0.002084947,74
1007253_1,Copenaghen_RA,Tolumonas,0.005067572,74
1007253_1,Copenaghen_RA,Trichococcus,0.007082129,74
1007253_1,Copenaghen_RA,UBA1413,4.37194e-05,74
1007254_1,Copenaghen_RD,Acidovorax,0.201031085,74
1007254_1,Copenaghen_RD,Acinetobacter,0.032800733,74
1007254_1,Copenaghen_RD,Aeromonas,0.041598548,74
1007254_1,Copenaghen_RD,Aliarcobacter,0.027784591,74
1007254_1,Copenaghen_RD,Aquabacterium_A,0.000975152,74
1007254_1,Copenaghen_RD,Bacteroides,0.005659535,74
1007254_1,Copenaghen_RD,Brachymonas,0.010587592,74
1007254_1,Copenaghen_RD,Brevefilum,0.001464297,74
1007254_1,Copenaghen_RD,Brevundimonas,0.000536319,74
1007254_1,Copenaghen_RD,Cloacibacterium,0.027248363,74
1007254_1,Copenaghen_RD,Comamonas,0.03494017,74
1007254_1,Copenaghen_RD,Competibacter_A,0.000210435,74
1007254_1,Copenaghen_RD,Enterobacter,0.001753004,74
1007254_1,Copenaghen_RD,Fermentibacter,0.003811557,74
1007254_1,Copenaghen_RD,Flavobacterium,0.022904382,74
1007254_1,Copenaghen_RD,Giesbergeria,0.013383185,74
1007254_1,Copenaghen_RD,Hydrogenophaga,0.000842981,74
1007254_1,Copenaghen_RD,JAGOYM01,0.004558162,74
1007254_1,Copenaghen_RD,Janthinobacterium,0.000756199,74
1007254_1,Copenaghen_RD,Kaistella,0.005039383,74
1007254_1,Copenaghen_RD,Lactococcus_A,0.004272932,74
1007254_1,Copenaghen_RD,Lenti-01,0.000256952,74
1007254_1,Copenaghen_RD,Microthrix,0.002428201,74
1007254_1,Copenaghen_RD,Moraxella_A,0.004120911,74
1007254_1,Copenaghen_RD,Neisseria,0.020911998,74
1007254_1,Copenaghen_RD,Novosphingobium,0.000593127,74
1007254_1,Copenaghen_RD,Ottowia,0.02637865,74
1007254_1,Copenaghen_RD,Paracoccus,0.001128779,74
1007254_1,Copenaghen_RD,Phocaeicola,0.008958254,74
1007254_1,Copenaghen_RD,Prevotella,0.023601219,74
1007254_1,Copenaghen_RD,Propionivibrio,0.008089114,74
1007254_1,Copenaghen_RD,Pseudomonas_E,0.012407251,74
1007254_1,Copenaghen_RD,Pseudoxanthomonas,0.003213428,74
1007254_1,Copenaghen_RD,Pseudoxanthomonas_A,0.008675353,74
1007254_1,Copenaghen_RD,Psychrobacter,0.004217056,74
1007254_1,Copenaghen_RD,Rubrivivax,0.001665562,74
1007254_1,Copenaghen_RD,Streptococcus,0.015150664,74
1007254_1,Copenaghen_RD,Telluria,0.000418851,74
1007254_1,Copenaghen_RD,Thauera,0.011093593,74
1007254_1,Copenaghen_RD,Thermomonas,0.006151735,74
1007254_1,Copenaghen_RD,Thiothrix,0.000798032,74
1007254_1,Copenaghen_RD,Tolumonas,0.002220503,74
1007254_1,Copenaghen_RD,Trichococcus,0.003987027,74
1007254_1,Copenaghen_RD,UBA1413,0.010878388,74
1007252_1,Copenaghen_RL,Acidovorax,0.192990177,74
1007252_1,Copenaghen_RL,Acinetobacter,0.051110611,74
1007252_1,Copenaghen_RL,Aeromonas,0.025758374,74
1007252_1,Copenaghen_RL,Aliarcobacter,0.041363083,74
1007252_1,Copenaghen_RL,Aquabacterium_A,0.000317632,74
1007252_1,Copenaghen_RL,Bacteroides,0.008905463,74
1007252_1,Copenaghen_RL,Brachymonas,0.011750931,74
1007252_1,Copenaghen_RL,Brevefilum,0.001460009,74
1007252_1,Copenaghen_RL,Brevundimonas,0.000948599,74
1007252_1,Copenaghen_RL,Cloacibacterium,0.037681276,74
1007252_1,Copenaghen_RL,Comamonas,0.061186576,74
1007252_1,Copenaghen_RL,Competibacter_A,8.80134e-05,74
1007252_1,Copenaghen_RL,Enterobacter,0.000374527,74
1007252_1,Copenaghen_RL,Fermentibacter,0.000652936,74
1007252_1,Copenaghen_RL,Flavobacterium,0.019099563,74
1007252_1,Copenaghen_RL,Giesbergeria,0.035093141,74
1007252_1,Copenaghen_RL,Hydrogenophaga,0.001240041,74
1007252_1,Copenaghen_RL,JAGOYM01,0.00368375,74
1007252_1,Copenaghen_RL,Janthinobacterium,0.001175356,74
1007252_1,Copenaghen_RL,Kaistella,0.006047309,74
1007252_1,Copenaghen_RL,Lactococcus_A,0.004048958,74
1007252_1,Copenaghen_RL,Lenti-01,0.000511875,74
1007252_1,Copenaghen_RL,Microthrix,0.000361718,74
1007252_1,Copenaghen_RL,Moraxella_A,0.006052456,74
1007252_1,Copenaghen_RL,Neisseria,0.015093521,74
1007252_1,Copenaghen_RL,Novosphingobium,0.000321318,74
1007252_1,Copenaghen_RL,Ottowia,0.031886378,74
1007252_1,Copenaghen_RL,Paracoccus,0.001081601,74
1007252_1,Copenaghen_RL,Phocaeicola,0.006349422,74
1007252_1,Copenaghen_RL,Prevotella,0.006040872,74
1007252_1,Copenaghen_RL,Propionivibrio,0.010511108,74
1007252_1,Copenaghen_RL,Pseudomonas_E,0.011484849,74
1007252_1,Copenaghen_RL,Pseudoxanthomonas,0.006838539,74
1007252_1,Copenaghen_RL,Pseudoxanthomonas_A,0.007727606,74
1007252_1,Copenaghen_RL,Psychrobacter,0.003161934,74
1007252_1,Copenaghen_RL,Rubrivivax,0.001772463,74
1007252_1,Copenaghen_RL,Streptococcus,0.022074981,74
1007252_1,Copenaghen_RL,Telluria,0.000570851,74
1007252_1,Copenaghen_RL,Thauera,0.0198573,74
1007252_1,Copenaghen_RL,Thermomonas,0.010899353,74
1007252_1,Copenaghen_RL,Thiothrix,0.000606144,74
1007252_1,Copenaghen_RL,Tolumonas,0.005465036,74
1007252_1,Copenaghen_RL,Trichococcus,0.004840148,74
1007252_1,Copenaghen_RL,UBA1413,0.001702526,74
1007256_1,Copenaghen_RA,Acidovorax,0.115250463,75
1007256_1,Copenaghen_RA,Acinetobacter,0.05865637,75
1007256_1,Copenaghen_RA,Aeromonas,0.028986202,75
1007256_1,Copenaghen_RA,Aliarcobacter,0.120378161,75
1007256_1,Copenaghen_RA,Aquabacterium_A,0.000238015,75
1007256_1,Copenaghen_RA,Bacteroides,0.004769809,75
1007256_1,Copenaghen_RA,Brachymonas,0.010958247,75
1007256_1,Copenaghen_RA,Brevefilum,1.01473e-05,75
1007256_1,Copenaghen_RA,Brevundimonas,0.000693785,75
1007256_1,Copenaghen_RA,Cloacibacterium,0.029114603,75
1007256_1,Copenaghen_RA,Comamonas,0.038389801,75
1007256_1,Copenaghen_RA,Competibacter_A,3.33568e-05,75
1007256_1,Copenaghen_RA,Enterobacter,0.001051535,75
1007256_1,Copenaghen_RA,Fermentibacter,1.86773e-05,75
1007256_1,Copenaghen_RA,Flavobacterium,0.012746324,75
1007256_1,Copenaghen_RA,Giesbergeria,0.023084273,75
1007256_1,Copenaghen_RA,Hydrogenophaga,0.000826873,75
1007256_1,Copenaghen_RA,JAGOYM01,0.017188272,75
1007256_1,Copenaghen_RA,Janthinobacterium,0.000875295,75
1007256_1,Copenaghen_RA,Kaistella,0.003936232,75
1007256_1,Copenaghen_RA,Lactococcus_A,0.014182401,75
1007256_1,Copenaghen_RA,Lenti-01,0.000171966,75
1007256_1,Copenaghen_RA,Microthrix,0.000150653,75
1007256_1,Copenaghen_RA,Moraxella_A,0.003108783,75
1007256_1,Copenaghen_RA,Neisseria,0.01622898,75
1007256_1,Copenaghen_RA,Novosphingobium,0.000471934,75
1007256_1,Copenaghen_RA,Ottowia,0.00860574,75
1007256_1,Copenaghen_RA,Paracoccus,0.001089407,75
1007256_1,Copenaghen_RA,Phocaeicola,0.012866658,75
1007256_1,Copenaghen_RA,Prevotella,0.009131296,75
1007256_1,Copenaghen_RA,Propionivibrio,0.010600544,75
1007256_1,Copenaghen_RA,Pseudomonas_E,0.011392793,75
1007256_1,Copenaghen_RA,Pseudoxanthomonas,0.002585023,75
1007256_1,Copenaghen_RA,Pseudoxanthomonas_A,0.003804732,75
1007256_1,Copenaghen_RA,Psychrobacter,0.004863821,75
1007256_1,Copenaghen_RA,Rubrivivax,0.000126435,75
1007256_1,Copenaghen_RA,Streptococcus,0.010057091,75
1007256_1,Copenaghen_RA,Telluria,0.001181417,75
1007256_1,Copenaghen_RA,Thauera,0.033106536,75
1007256_1,Copenaghen_RA,Thermomonas,0.00548173,75
1007256_1,Copenaghen_RA,Thiothrix,0.001757187,75
1007256_1,Copenaghen_RA,Tolumonas,0.00468184,75
1007256_1,Copenaghen_RA,Trichococcus,0.009755647,75
1007256_1,Copenaghen_RA,UBA1413,3.49292e-05,75
1007257_1,Copenaghen_RD,Acidovorax,0.153780433,75
1007257_1,Copenaghen_RD,Acinetobacter,0.04705939,75
1007257_1,Copenaghen_RD,Aeromonas,0.014240507,75
1007257_1,Copenaghen_RD,Aliarcobacter,0.05830671,75
1007257_1,Copenaghen_RD,Aquabacterium_A,0.000519197,75
1007257_1,Copenaghen_RD,Bacteroides,0.005415733,75
1007257_1,Copenaghen_RD,Brachymonas,0.009078257,75
1007257_1,Copenaghen_RD,Brevefilum,0.001301759,75
1007257_1,Copenaghen_RD,Brevundimonas,0.000894274,75
1007257_1,Copenaghen_RD,Cloacibacterium,0.040724525,75
1007257_1,Copenaghen_RD,Comamonas,0.028261782,75
1007257_1,Copenaghen_RD,Competibacter_A,0.000809824,75
1007257_1,Copenaghen_RD,Enterobacter,0.000407678,75
1007257_1,Copenaghen_RD,Fermentibacter,0.00825345,75
1007257_1,Copenaghen_RD,Flavobacterium,0.01497777,75
1007257_1,Copenaghen_RD,Giesbergeria,0.010175998,75
1007257_1,Copenaghen_RD,Hydrogenophaga,0.000554749,75
1007257_1,Copenaghen_RD,JAGOYM01,0.00495632,75
1007257_1,Copenaghen_RD,Janthinobacterium,0.000286799,75
1007257_1,Copenaghen_RD,Kaistella,0.005872445,75
1007257_1,Copenaghen_RD,Lactococcus_A,0.004781221,75
1007257_1,Copenaghen_RD,Lenti-01,0.00025811,75
1007257_1,Copenaghen_RD,Microthrix,0.003011124,75
1007257_1,Copenaghen_RD,Moraxella_A,0.014728201,75
1007257_1,Copenaghen_RD,Neisseria,0.00778986,75
1007257_1,Copenaghen_RD,Novosphingobium,0.000494014,75
1007257_1,Copenaghen_RD,Ottowia,0.013233264,75
1007257_1,Copenaghen_RD,Paracoccus,0.000894926,75
1007257_1,Copenaghen_RD,Phocaeicola,0.012998345,75
1007257_1,Copenaghen_RD,Prevotella,0.038833726,75
1007257_1,Copenaghen_RD,Propionivibrio,0.00671173,75
1007257_1,Copenaghen_RD,Pseudomonas_E,0.007671662,75
1007257_1,Copenaghen_RD,Pseudoxanthomonas,0.003976396,75
1007257_1,Copenaghen_RD,Pseudoxanthomonas_A,0.006384957,75
1007257_1,Copenaghen_RD,Psychrobacter,0.003116441,75
1007257_1,Copenaghen_RD,Rubrivivax,0.009020598,75
1007257_1,Copenaghen_RD,Streptococcus,0.0309789,75
1007257_1,Copenaghen_RD,Telluria,0.000407993,75
1007257_1,Copenaghen_RD,Thauera,0.014997242,75
1007257_1,Copenaghen_RD,Thermomonas,0.004886365,75
1007257_1,Copenaghen_RD,Thiothrix,0.001093257,75
1007257_1,Copenaghen_RD,Tolumonas,0.001987199,75
1007257_1,Copenaghen_RD,Trichococcus,0.003796013,75
1007257_1,Copenaghen_RD,UBA1413,0.006144742,75
1007255_1,Copenaghen_RL,Acidovorax,0.253551358,75
1007255_1,Copenaghen_RL,Acinetobacter,0.04213664,75
1007255_1,Copenaghen_RL,Aeromonas,0.016353478,75
1007255_1,Copenaghen_RL,Aliarcobacter,0.047691784,75
1007255_1,Copenaghen_RL,Aquabacterium_A,0.000214326,75
1007255_1,Copenaghen_RL,Bacteroides,0.007027445,75
1007255_1,Copenaghen_RL,Brachymonas,0.022086627,75
1007255_1,Copenaghen_RL,Brevefilum,4.12345e-05,75
1007255_1,Copenaghen_RL,Brevundimonas,0.001194121,75
1007255_1,Copenaghen_RL,Cloacibacterium,0.045246222,75
1007255_1,Copenaghen_RL,Comamonas,0.02588885,75
1007255_1,Copenaghen_RL,Competibacter_A,1.91998e-05,75
1007255_1,Copenaghen_RL,Enterobacter,0.001228487,75
1007255_1,Copenaghen_RL,Fermentibacter,0.00016337,75
1007255_1,Copenaghen_RL,Flavobacterium,0.015054005,75
1007255_1,Copenaghen_RL,Giesbergeria,0.019409991,75
1007255_1,Copenaghen_RL,Hydrogenophaga,0.000601828,75
1007255_1,Copenaghen_RL,JAGOYM01,0.004364204,75
1007255_1,Copenaghen_RL,Janthinobacterium,0.000501723,75
1007255_1,Copenaghen_RL,Kaistella,0.005989715,75
1007255_1,Copenaghen_RL,Lactococcus_A,0.007695138,75
1007255_1,Copenaghen_RL,Lenti-01,0.000177224,75
1007255_1,Copenaghen_RL,Microthrix,3.27924e-05,75
1007255_1,Copenaghen_RL,Moraxella_A,0.003129622,75
1007255_1,Copenaghen_RL,Neisseria,0.019091957,75
1007255_1,Copenaghen_RL,Novosphingobium,0.000326031,75
1007255_1,Copenaghen_RL,Ottowia,0.02355723,75
1007255_1,Copenaghen_RL,Paracoccus,0.001049117,75
1007255_1,Copenaghen_RL,Phocaeicola,0.005830935,75
1007255_1,Copenaghen_RL,Prevotella,0.007041848,75
1007255_1,Copenaghen_RL,Propionivibrio,0.012026999,75
1007255_1,Copenaghen_RL,Pseudomonas_E,0.010764527,75
1007255_1,Copenaghen_RL,Pseudoxanthomonas,0.006346054,75
1007255_1,Copenaghen_RL,Pseudoxanthomonas_A,0.01418331,75
1007255_1,Copenaghen_RL,Psychrobacter,0.002530384,75
1007255_1,Copenaghen_RL,Rubrivivax,0.000200564,75
1007255_1,Copenaghen_RL,Streptococcus,0.021832268,75
1007255_1,Copenaghen_RL,Telluria,0.000915967,75
1007255_1,Copenaghen_RL,Thauera,0.016580331,75
1007255_1,Copenaghen_RL,Thermomonas,0.005708621,75
1007255_1,Copenaghen_RL,Thiothrix,0.001152171,75
1007255_1,Copenaghen_RL,Tolumonas,0.004862159,75
1007255_1,Copenaghen_RL,Trichococcus,0.007199927,75
1007255_1,Copenaghen_RL,UBA1413,4.1754e-05,75
1007259_1,Copenaghen_RA,Acidovorax,0.109042368,77
1007259_1,Copenaghen_RA,Acinetobacter,0.066482534,77
1007259_1,Copenaghen_RA,Aeromonas,0.019440527,77
1007259_1,Copenaghen_RA,Aliarcobacter,0.042352537,77
1007259_1,Copenaghen_RA,Aquabacterium_A,0.000156558,77
1007259_1,Copenaghen_RA,Bacteroides,0.003929467,77
1007259_1,Copenaghen_RA,Brachymonas,0.013679078,77
1007259_1,Copenaghen_RA,Brevefilum,1.59702e-05,77
1007259_1,Copenaghen_RA,Brevundimonas,0.002311028,77
1007259_1,Copenaghen_RA,Cloacibacterium,0.047167603,77
1007259_1,Copenaghen_RA,Comamonas,0.031903243,77
1007259_1,Copenaghen_RA,Competibacter_A,4.31045e-05,77
1007259_1,Copenaghen_RA,Enterobacter,0.055800283,77
1007259_1,Copenaghen_RA,Fermentibacter,2.70128e-05,77
1007259_1,Copenaghen_RA,Flavobacterium,0.012219634,77
1007259_1,Copenaghen_RA,Giesbergeria,0.014947686,77
1007259_1,Copenaghen_RA,Hydrogenophaga,0.000710747,77
1007259_1,Copenaghen_RA,JAGOYM01,0.013134435,77
1007259_1,Copenaghen_RA,Janthinobacterium,0.000586207,77
1007259_1,Copenaghen_RA,Kaistella,0.007264435,77
1007259_1,Copenaghen_RA,Lactococcus_A,0.012948799,77
1007259_1,Copenaghen_RA,Lenti-01,0.000233753,77
1007259_1,Copenaghen_RA,Microthrix,8.05454e-05,77
1007259_1,Copenaghen_RA,Moraxella_A,0.001751228,77
1007259_1,Copenaghen_RA,Neisseria,0.013095634,77
1007259_1,Copenaghen_RA,Novosphingobium,0.000559914,77
1007259_1,Copenaghen_RA,Ottowia,0.012971377,77
1007259_1,Copenaghen_RA,Paracoccus,0.001215308,77
1007259_1,Copenaghen_RA,Phocaeicola,0.003928953,77
1007259_1,Copenaghen_RA,Prevotella,0.008415813,77
1007259_1,Copenaghen_RA,Propionivibrio,0.018874094,77
1007259_1,Copenaghen_RA,Pseudomonas_E,0.011695809,77
1007259_1,Copenaghen_RA,Pseudoxanthomonas,0.003020832,77
1007259_1,Copenaghen_RA,Pseudoxanthomonas_A,0.004965811,77
1007259_1,Copenaghen_RA,Psychrobacter,0.003104203,77
1007259_1,Copenaghen_RA,Rubrivivax,0.0001582,77
1007259_1,Copenaghen_RA,Streptococcus,0.023671929,77
1007259_1,Copenaghen_RA,Telluria,0.000505749,77
1007259_1,Copenaghen_RA,Thauera,0.023496649,77
1007259_1,Copenaghen_RA,Thermomonas,0.006259206,77
1007259_1,Copenaghen_RA,Thiothrix,0.001764885,77
1007259_1,Copenaghen_RA,Tolumonas,0.007951831,77
1007259_1,Copenaghen_RA,Trichococcus,0.009531856,77
1007259_1,Copenaghen_RA,UBA1413,1.75242e-05,77
1007260_1,Copenaghen_RD,Acidovorax,0.141480753,77
1007260_1,Copenaghen_RD,Acinetobacter,0.046228842,77
1007260_1,Copenaghen_RD,Aeromonas,0.014757886,77
1007260_1,Copenaghen_RD,Aliarcobacter,0.044646139,77
1007260_1,Copenaghen_RD,Aquabacterium_A,0.000559475,77
1007260_1,Copenaghen_RD,Bacteroides,0.014479032,77
1007260_1,Copenaghen_RD,Brachymonas,0.01245602,77
1007260_1,Copenaghen_RD,Brevefilum,0.000134926,77
1007260_1,Copenaghen_RD,Brevundimonas,0.000762179,77
1007260_1,Copenaghen_RD,Cloacibacterium,0.06373606,77
1007260_1,Copenaghen_RD,Comamonas,0.046196605,77
1007260_1,Copenaghen_RD,Competibacter_A,8.07576e-05,77
1007260_1,Copenaghen_RD,Enterobacter,0.000538813,77
1007260_1,Copenaghen_RD,Fermentibacter,0.000316326,77
1007260_1,Copenaghen_RD,Flavobacterium,0.021693514,77
1007260_1,Copenaghen_RD,Giesbergeria,0.009460648,77
1007260_1,Copenaghen_RD,Hydrogenophaga,0.000984396,77
1007260_1,Copenaghen_RD,JAGOYM01,0.008181669,77
1007260_1,Copenaghen_RD,Janthinobacterium,0.000585048,77
1007260_1,Copenaghen_RD,Kaistella,0.007094716,77
1007260_1,Copenaghen_RD,Lactococcus_A,0.008693998,77
1007260_1,Copenaghen_RD,Lenti-01,0.00011201,77
1007260_1,Copenaghen_RD,Microthrix,0.000342641,77
1007260_1,Copenaghen_RD,Moraxella_A,0.005676464,77
1007260_1,Copenaghen_RD,Neisseria,0.016086059,77
1007260_1,Copenaghen_RD,Novosphingobium,0.000251155,77
1007260_1,Copenaghen_RD,Ottowia,0.029546314,77
1007260_1,Copenaghen_RD,Paracoccus,0.000952463,77
1007260_1,Copenaghen_RD,Phocaeicola,0.007956919,77
1007260_1,Copenaghen_RD,Prevotella,0.021563185,77
1007260_1,Copenaghen_RD,Propionivibrio,0.010074768,77
1007260_1,Copenaghen_RD,Pseudomonas_E,0.00708491,77
1007260_1,Copenaghen_RD,Pseudoxanthomonas,0.004016222,77
1007260_1,Copenaghen_RD,Pseudoxanthomonas_A,0.00555515,77
1007260_1,Copenaghen_RD,Psychrobacter,0.006225,77
1007260_1,Copenaghen_RD,Rubrivivax,0.00024438,77
1007260_1,Copenaghen_RD,Streptococcus,0.02223308,77
1007260_1,Copenaghen_RD,Telluria,0.000416569,77
1007260_1,Copenaghen_RD,Thauera,0.010860443,77
1007260_1,Copenaghen_RD,Thermomonas,0.0052508,77
1007260_1,Copenaghen_RD,Thiothrix,0.000555469,77
1007260_1,Copenaghen_RD,Tolumonas,0.006106983,77
1007260_1,Copenaghen_RD,Trichococcus,0.006573243,77
1007260_1,Copenaghen_RD,UBA1413,0.000935131,77
1007258_1,Copenaghen_RL,Acidovorax,0.195468961,77
1007258_1,Copenaghen_RL,Acinetobacter,0.047504157,77
1007258_1,Copenaghen_RL,Aeromonas,0.014217263,77
1007258_1,Copenaghen_RL,Aliarcobacter,0.0348805,77
1007258_1,Copenaghen_RL,Aquabacterium_A,0.000148336,77
1007258_1,Copenaghen_RL,Bacteroides,0.002834896,77
1007258_1,Copenaghen_RL,Brachymonas,0.037274695,77
1007258_1,Copenaghen_RL,Brevefilum,9.08896e-05,77
1007258_1,Copenaghen_RL,Brevundimonas,0.001795408,77
1007258_1,Copenaghen_RL,Cloacibacterium,0.041077091,77
1007258_1,Copenaghen_RL,Comamonas,0.03934095,77
1007258_1,Copenaghen_RL,Competibacter_A,2.77916e-05,77
1007258_1,Copenaghen_RL,Enterobacter,0.000859442,77
1007258_1,Copenaghen_RL,Fermentibacter,9.32399e-06,77
1007258_1,Copenaghen_RL,Flavobacterium,0.018535744,77
1007258_1,Copenaghen_RL,Giesbergeria,0.01554048,77
1007258_1,Copenaghen_RL,Hydrogenophaga,0.000559456,77
1007258_1,Copenaghen_RL,JAGOYM01,0.00361185,77
1007258_1,Copenaghen_RL,Janthinobacterium,0.000592587,77
1007258_1,Copenaghen_RL,Kaistella,0.007181728,77
1007258_1,Copenaghen_RL,Lactococcus_A,0.008674281,77
1007258_1,Copenaghen_RL,Lenti-01,0.00022289,77
1007258_1,Copenaghen_RL,Microthrix,3.79418e-05,77
1007258_1,Copenaghen_RL,Moraxella_A,0.006157121,77
1007258_1,Copenaghen_RL,Neisseria,0.022941171,77
1007258_1,Copenaghen_RL,Novosphingobium,0.000503543,77
1007258_1,Copenaghen_RL,Ottowia,0.014671338,77
1007258_1,Copenaghen_RL,Paracoccus,0.000988866,77
1007258_1,Copenaghen_RL,Phocaeicola,0.006542984,77
1007258_1,Copenaghen_RL,Prevotella,0.006392932,77
1007258_1,Copenaghen_RL,Propionivibrio,0.010177944,77
1007258_1,Copenaghen_RL,Pseudomonas_E,0.010280153,77
1007258_1,Copenaghen_RL,Pseudoxanthomonas,0.003322073,77
1007258_1,Copenaghen_RL,Pseudoxanthomonas_A,0.009678838,77
1007258_1,Copenaghen_RL,Psychrobacter,0.004200728,77
1007258_1,Copenaghen_RL,Rubrivivax,0.000174404,77
1007258_1,Copenaghen_RL,Streptococcus,0.029521575,77
1007258_1,Copenaghen_RL,Telluria,0.000605986,77
1007258_1,Copenaghen_RL,Thauera,0.018828187,77
1007258_1,Copenaghen_RL,Thermomonas,0.007088195,77
1007258_1,Copenaghen_RL,Thiothrix,0.000501548,77
1007258_1,Copenaghen_RL,Tolumonas,0.004150972,77
1007258_1,Copenaghen_RL,Trichococcus,0.008510985,77
1007258_1,Copenaghen_RL,UBA1413,1.19299e-05,77
1007262_1,Copenaghen_RA,Acidovorax,0.113999864,78
1007262_1,Copenaghen_RA,Acinetobacter,0.058481344,78
1007262_1,Copenaghen_RA,Aeromonas,0.011732883,78
1007262_1,Copenaghen_RA,Aliarcobacter,0.064186168,78
1007262_1,Copenaghen_RA,Aquabacterium_A,0.000261118,78
1007262_1,Copenaghen_RA,Bacteroides,0.003483775,78
1007262_1,Copenaghen_RA,Brachymonas,0.009683138,78
1007262_1,Copenaghen_RA,Brevefilum,1.85051e-05,78
1007262_1,Copenaghen_RA,Brevundimonas,0.001918755,78
1007262_1,Copenaghen_RA,Cloacibacterium,0.036019907,78
1007262_1,Copenaghen_RA,Comamonas,0.046898306,78
1007262_1,Copenaghen_RA,Competibacter_A,0.000115556,78
1007262_1,Copenaghen_RA,Enterobacter,0.000919264,78
1007262_1,Copenaghen_RA,Fermentibacter,0.000580271,78
1007262_1,Copenaghen_RA,Flavobacterium,0.012222925,78
1007262_1,Copenaghen_RA,Giesbergeria,0.011311657,78
1007262_1,Copenaghen_RA,Hydrogenophaga,0.001049271,78
1007262_1,Copenaghen_RA,JAGOYM01,0.025847325,78
1007262_1,Copenaghen_RA,Janthinobacterium,0.000733455,78
1007262_1,Copenaghen_RA,Kaistella,0.004744053,78
1007262_1,Copenaghen_RA,Lactococcus_A,0.01464872,78
1007262_1,Copenaghen_RA,Lenti-01,0.000395984,78
1007262_1,Copenaghen_RA,Microthrix,0.001111874,78
1007262_1,Copenaghen_RA,Moraxella_A,0.015475708,78
1007262_1,Copenaghen_RA,Neisseria,0.02566523,78
1007262_1,Copenaghen_RA,Novosphingobium,0.000414623,78
1007262_1,Copenaghen_RA,Ottowia,0.01838214,78
1007262_1,Copenaghen_RA,Paracoccus,0.001471512,78
1007262_1,Copenaghen_RA,Phocaeicola,0.004994494,78
1007262_1,Copenaghen_RA,Prevotella,0.005581217,78
1007262_1,Copenaghen_RA,Propionivibrio,0.011555742,78
1007262_1,Copenaghen_RA,Pseudomonas_E,0.015207912,78
1007262_1,Copenaghen_RA,Pseudoxanthomonas,0.003125121,78
1007262_1,Copenaghen_RA,Pseudoxanthomonas_A,0.006451856,78
1007262_1,Copenaghen_RA,Psychrobacter,0.004281511,78
1007262_1,Copenaghen_RA,Rubrivivax,0.000686665,78
1007262_1,Copenaghen_RA,Streptococcus,0.014195266,78
1007262_1,Copenaghen_RA,Telluria,0.000525524,78
1007262_1,Copenaghen_RA,Thauera,0.026824268,78
1007262_1,Copenaghen_RA,Thermomonas,0.009216927,78
1007262_1,Copenaghen_RA,Thiothrix,0.001251013,78
1007262_1,Copenaghen_RA,Tolumonas,0.003056024,78
1007262_1,Copenaghen_RA,Trichococcus,0.007817138,78
1007262_1,Copenaghen_RA,UBA1413,0.001002552,78
1007263_1,Copenaghen_RD,Acidovorax,0.147576908,78
1007263_1,Copenaghen_RD,Acinetobacter,0.079362626,78
1007263_1,Copenaghen_RD,Aeromonas,0.019763805,78
1007263_1,Copenaghen_RD,Aliarcobacter,0.041039837,78
1007263_1,Copenaghen_RD,Aquabacterium_A,0.000652893,78
1007263_1,Copenaghen_RD,Bacteroides,0.005300884,78
1007263_1,Copenaghen_RD,Brachymonas,0.018988236,78
1007263_1,Copenaghen_RD,Brevefilum,4.84604e-05,78
1007263_1,Copenaghen_RD,Brevundimonas,0.000718371,78
1007263_1,Copenaghen_RD,Cloacibacterium,0.033590603,78
1007263_1,Copenaghen_RD,Comamonas,0.020849039,78
1007263_1,Copenaghen_RD,Competibacter_A,0.000148293,78
1007263_1,Copenaghen_RD,Enterobacter,0.000521132,78
1007263_1,Copenaghen_RD,Fermentibacter,9.03756e-05,78
1007263_1,Copenaghen_RD,Flavobacterium,0.020899134,78
1007263_1,Copenaghen_RD,Giesbergeria,0.01482508,78
1007263_1,Copenaghen_RD,Hydrogenophaga,0.001082539,78
1007263_1,Copenaghen_RD,JAGOYM01,0.006979557,78
1007263_1,Copenaghen_RD,Janthinobacterium,0.000871872,78
1007263_1,Copenaghen_RD,Kaistella,0.00677624,78
1007263_1,Copenaghen_RD,Lactococcus_A,0.005614657,78
1007263_1,Copenaghen_RD,Lenti-01,0.000164512,78
1007263_1,Copenaghen_RD,Microthrix,0.000140941,78
1007263_1,Copenaghen_RD,Moraxella_A,0.004571699,78
1007263_1,Copenaghen_RD,Neisseria,0.028467413,78
1007263_1,Copenaghen_RD,Novosphingobium,0.000392125,78
1007263_1,Copenaghen_RD,Ottowia,0.021922067,78
1007263_1,Copenaghen_RD,Paracoccus,0.001293979,78
1007263_1,Copenaghen_RD,Phocaeicola,0.022390066,78
1007263_1,Copenaghen_RD,Prevotella,0.024196067,78
1007263_1,Copenaghen_RD,Propionivibrio,0.01017537,78
1007263_1,Copenaghen_RD,Pseudomonas_E,0.008426565,78
1007263_1,Copenaghen_RD,Pseudoxanthomonas,0.003572039,78
1007263_1,Copenaghen_RD,Pseudoxanthomonas_A,0.007757494,78
1007263_1,Copenaghen_RD,Psychrobacter,0.013594592,78
1007263_1,Copenaghen_RD,Rubrivivax,0.00023488,78
1007263_1,Copenaghen_RD,Streptococcus,0.02903246,78
1007263_1,Copenaghen_RD,Telluria,0.000690395,78
1007263_1,Copenaghen_RD,Thauera,0.013494705,78
1007263_1,Copenaghen_RD,Thermomonas,0.005802506,78
1007263_1,Copenaghen_RD,Thiothrix,0.000884546,78
1007263_1,Copenaghen_RD,Tolumonas,0.001817068,78
1007263_1,Copenaghen_RD,Trichococcus,0.005211441,78
1007263_1,Copenaghen_RD,UBA1413,0.000316027,78
1007261_1,Copenaghen_RL,Acidovorax,0.155028922,78
1007261_1,Copenaghen_RL,Acinetobacter,0.034947215,78
1007261_1,Copenaghen_RL,Aeromonas,0.008966207,78
1007261_1,Copenaghen_RL,Aliarcobacter,0.031135784,78
1007261_1,Copenaghen_RL,Aquabacterium_A,0.000332057,78
1007261_1,Copenaghen_RL,Bacteroides,0.003356265,78
1007261_1,Copenaghen_RL,Brachymonas,0.016456482,78
1007261_1,Copenaghen_RL,Brevefilum,1.31803e-05,78
1007261_1,Copenaghen_RL,Brevundimonas,0.002057991,78
1007261_1,Copenaghen_RL,Cloacibacterium,0.07124723,78
1007261_1,Copenaghen_RL,Comamonas,0.191113896,78
1007261_1,Copenaghen_RL,Competibacter_A,2.57073e-05,78
1007261_1,Copenaghen_RL,Enterobacter,0.002633734,78
1007261_1,Copenaghen_RL,Fermentibacter,1.13776e-05,78
1007261_1,Copenaghen_RL,Flavobacterium,0.011980736,78
1007261_1,Copenaghen_RL,Giesbergeria,0.012104075,78
1007261_1,Copenaghen_RL,Hydrogenophaga,0.00077517,78
1007261_1,Copenaghen_RL,JAGOYM01,0.007190448,78
1007261_1,Copenaghen_RL,Janthinobacterium,0.000723849,78
1007261_1,Copenaghen_RL,Kaistella,0.004645661,78
1007261_1,Copenaghen_RL,Lactococcus_A,0.00491668,78
1007261_1,Copenaghen_RL,Lenti-01,0.000190197,78
1007261_1,Copenaghen_RL,Microthrix,6.17978e-05,78
1007261_1,Copenaghen_RL,Moraxella_A,0.011387508,78
1007261_1,Copenaghen_RL,Neisseria,0.031036056,78
1007261_1,Copenaghen_RL,Novosphingobium,0.000330938,78
1007261_1,Copenaghen_RL,Ottowia,0.020669451,78
1007261_1,Copenaghen_RL,Paracoccus,0.001536923,78
1007261_1,Copenaghen_RL,Phocaeicola,0.005660174,78
1007261_1,Copenaghen_RL,Prevotella,0.005051247,78
1007261_1,Copenaghen_RL,Propionivibrio,0.008055235,78
1007261_1,Copenaghen_RL,Pseudomonas_E,0.008768902,78
1007261_1,Copenaghen_RL,Pseudoxanthomonas,0.004287347,78
1007261_1,Copenaghen_RL,Pseudoxanthomonas_A,0.00700069,78
1007261_1,Copenaghen_RL,Psychrobacter,0.00409927,78
1007261_1,Copenaghen_RL,Rubrivivax,0.000208644,78
1007261_1,Copenaghen_RL,Streptococcus,0.019904501,78
1007261_1,Copenaghen_RL,Telluria,0.000541996,78
1007261_1,Copenaghen_RL,Thauera,0.015937883,78
1007261_1,Copenaghen_RL,Thermomonas,0.009791563,78
1007261_1,Copenaghen_RL,Thiothrix,0.000625271,78
1007261_1,Copenaghen_RL,Tolumonas,0.003229665,78
1007261_1,Copenaghen_RL,Trichococcus,0.008768836,78
1007261_1,Copenaghen_RL,UBA1413,1.48885e-05,78
1007265_1,Copenaghen_RA,Acidovorax,0.142561733,78
1007265_1,Copenaghen_RA,Acinetobacter,0.063309488,78
1007265_1,Copenaghen_RA,Aeromonas,0.011872546,78
1007265_1,Copenaghen_RA,Aliarcobacter,0.090659918,78
1007265_1,Copenaghen_RA,Aquabacterium_A,0.000193736,78
1007265_1,Copenaghen_RA,Bacteroides,0.0066465,78
1007265_1,Copenaghen_RA,Brachymonas,0.01853722,78
1007265_1,Copenaghen_RA,Brevefilum,1.06151e-05,78
1007265_1,Copenaghen_RA,Brevundimonas,0.00134098,78
1007265_1,Copenaghen_RA,Cloacibacterium,0.041892088,78
1007265_1,Copenaghen_RA,Comamonas,0.016798684,78
1007265_1,Copenaghen_RA,Competibacter_A,8.27772e-05,78
1007265_1,Copenaghen_RA,Enterobacter,0.001568731,78
1007265_1,Copenaghen_RA,Fermentibacter,1.43939e-05,78
1007265_1,Copenaghen_RA,Flavobacterium,0.009785157,78
1007265_1,Copenaghen_RA,Giesbergeria,0.015403063,78
1007265_1,Copenaghen_RA,Hydrogenophaga,0.001162566,78
1007265_1,Copenaghen_RA,JAGOYM01,0.01468133,78
1007265_1,Copenaghen_RA,Janthinobacterium,0.000679264,78
1007265_1,Copenaghen_RA,Kaistella,0.003268921,78
1007265_1,Copenaghen_RA,Lactococcus_A,0.014555906,78
1007265_1,Copenaghen_RA,Lenti-01,0.000277085,78
1007265_1,Copenaghen_RA,Microthrix,3.50294e-05,78
1007265_1,Copenaghen_RA,Moraxella_A,0.00420244,78
1007265_1,Copenaghen_RA,Neisseria,0.025056649,78
1007265_1,Copenaghen_RA,Novosphingobium,0.000308472,78
1007265_1,Copenaghen_RA,Ottowia,0.012268433,78
1007265_1,Copenaghen_RA,Paracoccus,0.001556516,78
1007265_1,Copenaghen_RA,Phocaeicola,0.008001531,78
1007265_1,Copenaghen_RA,Prevotella,0.009735314,78
1007265_1,Copenaghen_RA,Propionivibrio,0.009451598,78
1007265_1,Copenaghen_RA,Pseudomonas_E,0.009554805,78
1007265_1,Copenaghen_RA,Pseudoxanthomonas,0.005795266,78
1007265_1,Copenaghen_RA,Pseudoxanthomonas_A,0.00529248,78
1007265_1,Copenaghen_RA,Psychrobacter,0.00771117,78
1007265_1,Copenaghen_RA,Rubrivivax,0.000147003,78
1007265_1,Copenaghen_RA,Streptococcus,0.022717507,78
1007265_1,Copenaghen_RA,Telluria,0.000573315,78
1007265_1,Copenaghen_RA,Thauera,0.017674447,78
1007265_1,Copenaghen_RA,Thermomonas,0.004375587,78
1007265_1,Copenaghen_RA,Thiothrix,0.002248855,78
1007265_1,Copenaghen_RA,Tolumonas,0.003840884,78
1007265_1,Copenaghen_RA,Trichococcus,0.013111067,78
1007265_1,Copenaghen_RA,UBA1413,1.21603e-05,78
1007266_1,Copenaghen_RD,Acidovorax,0.126308471,78
1007266_1,Copenaghen_RD,Acinetobacter,0.047182201,78
1007266_1,Copenaghen_RD,Aeromonas,0.013737355,78
1007266_1,Copenaghen_RD,Aliarcobacter,0.05758034,78
1007266_1,Copenaghen_RD,Aquabacterium_A,0.000401191,78
1007266_1,Copenaghen_RD,Bacteroides,0.00537447,78
1007266_1,Copenaghen_RD,Brachymonas,0.01651037,78
1007266_1,Copenaghen_RD,Brevefilum,1.78034e-05,78
1007266_1,Copenaghen_RD,Brevundimonas,0.000557911,78
1007266_1,Copenaghen_RD,Cloacibacterium,0.032223764,78
1007266_1,Copenaghen_RD,Comamonas,0.124491884,78
1007266_1,Copenaghen_RD,Competibacter_A,0.000110932,78
1007266_1,Copenaghen_RD,Enterobacter,0.001138097,78
1007266_1,Copenaghen_RD,Fermentibacter,5.4105e-05,78
1007266_1,Copenaghen_RD,Flavobacterium,0.009237785,78
1007266_1,Copenaghen_RD,Giesbergeria,0.014402694,78
1007266_1,Copenaghen_RD,Hydrogenophaga,0.001115226,78
1007266_1,Copenaghen_RD,JAGOYM01,0.00658757,78
1007266_1,Copenaghen_RD,Janthinobacterium,0.000646418,78
1007266_1,Copenaghen_RD,Kaistella,0.006137409,78
1007266_1,Copenaghen_RD,Lactococcus_A,0.005442719,78
1007266_1,Copenaghen_RD,Lenti-01,0.000189349,78
1007266_1,Copenaghen_RD,Microthrix,5.52576e-05,78
1007266_1,Copenaghen_RD,Moraxella_A,0.003177252,78
1007266_1,Copenaghen_RD,Neisseria,0.012914126,78
1007266_1,Copenaghen_RD,Novosphingobium,0.000263142,78
1007266_1,Copenaghen_RD,Ottowia,0.019710117,78
1007266_1,Copenaghen_RD,Paracoccus,0.001537684,78
1007266_1,Copenaghen_RD,Phocaeicola,0.003166356,78
1007266_1,Copenaghen_RD,Prevotella,0.036429662,78
1007266_1,Copenaghen_RD,Propionivibrio,0.009504175,78
1007266_1,Copenaghen_RD,Pseudomonas_E,0.007790598,78
1007266_1,Copenaghen_RD,Pseudoxanthomonas,0.004965811,78
1007266_1,Copenaghen_RD,Pseudoxanthomonas_A,0.006426671,78
1007266_1,Copenaghen_RD,Psychrobacter,0.00808531,78
1007266_1,Copenaghen_RD,Rubrivivax,0.000386003,78
1007266_1,Copenaghen_RD,Streptococcus,0.049260825,78
1007266_1,Copenaghen_RD,Telluria,0.000521007,78
1007266_1,Copenaghen_RD,Thauera,0.010998822,78
1007266_1,Copenaghen_RD,Thermomonas,0.006462021,78
1007266_1,Copenaghen_RD,Thiothrix,0.001348605,78
1007266_1,Copenaghen_RD,Tolumonas,0.003652077,78
1007266_1,Copenaghen_RD,Trichococcus,0.00706106,78
1007266_1,Copenaghen_RD,UBA1413,5.06316e-05,78
1007264_1,Copenaghen_RL,Acidovorax,0.15723686,78
1007264_1,Copenaghen_RL,Acinetobacter,0.041840141,78
1007264_1,Copenaghen_RL,Aeromonas,0.009117787,78
1007264_1,Copenaghen_RL,Aliarcobacter,0.036607117,78
1007264_1,Copenaghen_RL,Aquabacterium_A,0.000418487,78
1007264_1,Copenaghen_RL,Bacteroides,0.004391825,78
1007264_1,Copenaghen_RL,Brachymonas,0.01924325,78
1007264_1,Copenaghen_RL,Brevefilum,4.50116e-05,78
1007264_1,Copenaghen_RL,Brevundimonas,0.000990799,78
1007264_1,Copenaghen_RL,Cloacibacterium,0.038753186,78
1007264_1,Copenaghen_RL,Comamonas,0.041534599,78
1007264_1,Copenaghen_RL,Competibacter_A,3.11713e-05,78
1007264_1,Copenaghen_RL,Enterobacter,0.000617132,78
1007264_1,Copenaghen_RL,Fermentibacter,2.05525e-05,78
1007264_1,Copenaghen_RL,Flavobacterium,0.012839113,78
1007264_1,Copenaghen_RL,Giesbergeria,0.016078507,78
1007264_1,Copenaghen_RL,Hydrogenophaga,0.000831735,78
1007264_1,Copenaghen_RL,JAGOYM01,0.003842719,78
1007264_1,Copenaghen_RL,Janthinobacterium,0.000819626,78
1007264_1,Copenaghen_RL,Kaistella,0.006590201,78
1007264_1,Copenaghen_RL,Lactococcus_A,0.003716091,78
1007264_1,Copenaghen_RL,Lenti-01,0.000269578,78
1007264_1,Copenaghen_RL,Microthrix,3.20016e-05,78
1007264_1,Copenaghen_RL,Moraxella_A,0.024141358,78
1007264_1,Copenaghen_RL,Neisseria,0.045060584,78
1007264_1,Copenaghen_RL,Novosphingobium,0.000318164,78
1007264_1,Copenaghen_RL,Ottowia,0.018105431,78
1007264_1,Copenaghen_RL,Paracoccus,0.000903146,78
1007264_1,Copenaghen_RL,Phocaeicola,0.009012448,78
1007264_1,Copenaghen_RL,Prevotella,0.006826297,78
1007264_1,Copenaghen_RL,Propionivibrio,0.018664067,78
1007264_1,Copenaghen_RL,Pseudomonas_E,0.014822445,78
1007264_1,Copenaghen_RL,Pseudoxanthomonas,0.007369154,78
1007264_1,Copenaghen_RL,Pseudoxanthomonas_A,0.005711373,78
1007264_1,Copenaghen_RL,Psychrobacter,0.004912699,78
1007264_1,Copenaghen_RL,Rubrivivax,0.000303831,78
1007264_1,Copenaghen_RL,Streptococcus,0.030654296,78
1007264_1,Copenaghen_RL,Telluria,0.000766259,78
1007264_1,Copenaghen_RL,Thauera,0.028122565,78
1007264_1,Copenaghen_RL,Thermomonas,0.007156499,78
1007264_1,Copenaghen_RL,Thiothrix,0.00061525,78
1007264_1,Copenaghen_RL,Tolumonas,0.002387213,78
1007264_1,Copenaghen_RL,Trichococcus,0.008257164,78
1007264_1,Copenaghen_RL,UBA1413,6.43496e-06,78
1007268_1,Copenaghen_RA,Acidovorax,0.108162284,80
1007268_1,Copenaghen_RA,Acinetobacter,0.102304966,80
1007268_1,Copenaghen_RA,Aeromonas,0.024769619,80
1007268_1,Copenaghen_RA,Aliarcobacter,0.047053488,80
1007268_1,Copenaghen_RA,Aquabacterium_A,0.000179817,80
1007268_1,Copenaghen_RA,Bacteroides,0.004368556,80
1007268_1,Copenaghen_RA,Brachymonas,0.020380266,80
1007268_1,Copenaghen_RA,Brevefilum,1.59725e-05,80
1007268_1,Copenaghen_RA,Brevundimonas,0.000579652,80
1007268_1,Copenaghen_RA,Cloacibacterium,0.030811455,80
1007268_1,Copenaghen_RA,Comamonas,0.037063153,80
1007268_1,Copenaghen_RA,Competibacter_A,4.25975e-05,80
1007268_1,Copenaghen_RA,Enterobacter,0.003630639,80
1007268_1,Copenaghen_RA,Fermentibacter,5.06335e-05,80
1007268_1,Copenaghen_RA,Flavobacterium,0.012751214,80
1007268_1,Copenaghen_RA,Giesbergeria,0.012176364,80
1007268_1,Copenaghen_RA,Hydrogenophaga,0.00118895,80
1007268_1,Copenaghen_RA,JAGOYM01,0.020527042,80
1007268_1,Copenaghen_RA,Janthinobacterium,0.000563186,80
1007268_1,Copenaghen_RA,Kaistella,0.002105076,80
1007268_1,Copenaghen_RA,Lactococcus_A,0.012498109,80
1007268_1,Copenaghen_RA,Lenti-01,0.000209028,80
1007268_1,Copenaghen_RA,Microthrix,3.75541e-05,80
1007268_1,Copenaghen_RA,Moraxella_A,0.006069628,80
1007268_1,Copenaghen_RA,Neisseria,0.018002156,80
1007268_1,Copenaghen_RA,Novosphingobium,0.00058213,80
1007268_1,Copenaghen_RA,Ottowia,0.011453774,80
1007268_1,Copenaghen_RA,Paracoccus,0.002031016,80
1007268_1,Copenaghen_RA,Phocaeicola,0.006340875,80
1007268_1,Copenaghen_RA,Prevotella,0.010547332,80
1007268_1,Copenaghen_RA,Propionivibrio,0.018431623,80
1007268_1,Copenaghen_RA,Pseudomonas_E,0.012684725,80
1007268_1,Copenaghen_RA,Pseudoxanthomonas,0.00227815,80
1007268_1,Copenaghen_RA,Pseudoxanthomonas_A,0.004103586,80
1007268_1,Copenaghen_RA,Psychrobacter,0.006084346,80
1007268_1,Copenaghen_RA,Rubrivivax,0.000137699,80
1007268_1,Copenaghen_RA,Streptococcus,0.046494611,80
1007268_1,Copenaghen_RA,Telluria,0.000396187,80
1007268_1,Copenaghen_RA,Thauera,0.013642582,80
1007268_1,Copenaghen_RA,Thermomonas,0.003863527,80
1007268_1,Copenaghen_RA,Thiothrix,0.001882666,80
1007268_1,Copenaghen_RA,Tolumonas,0.008045544,80
1007268_1,Copenaghen_RA,Trichococcus,0.015846099,80
1007268_1,Copenaghen_RA,UBA1413,9.96731e-06,80
1007269_1,Copenaghen_RD,Acidovorax,0.160004664,80
1007269_1,Copenaghen_RD,Acinetobacter,0.076164387,80
1007269_1,Copenaghen_RD,Aeromonas,0.008968255,80
1007269_1,Copenaghen_RD,Aliarcobacter,0.026733408,80
1007269_1,Copenaghen_RD,Aquabacterium_A,0.000185591,80
1007269_1,Copenaghen_RD,Bacteroides,0.007026519,80
1007269_1,Copenaghen_RD,Brachymonas,0.023985069,80
1007269_1,Copenaghen_RD,Brevefilum,7.87152e-06,80
1007269_1,Copenaghen_RD,Brevundimonas,0.000556309,80
1007269_1,Copenaghen_RD,Cloacibacterium,0.025644014,80
1007269_1,Copenaghen_RD,Comamonas,0.034272644,80
1007269_1,Copenaghen_RD,Competibacter_A,5.32733e-05,80
1007269_1,Copenaghen_RD,Enterobacter,0.000585423,80
1007269_1,Copenaghen_RD,Fermentibacter,1.41496e-05,80
1007269_1,Copenaghen_RD,Flavobacterium,0.006913198,80
1007269_1,Copenaghen_RD,Giesbergeria,0.013360791,80
1007269_1,Copenaghen_RD,Hydrogenophaga,0.001359349,80
1007269_1,Copenaghen_RD,JAGOYM01,0.010206203,80
1007269_1,Copenaghen_RD,Janthinobacterium,0.00062891,80
1007269_1,Copenaghen_RD,Kaistella,0.004074005,80
1007269_1,Copenaghen_RD,Lactococcus_A,0.00397695,80
1007269_1,Copenaghen_RD,Lenti-01,0.000272474,80
1007269_1,Copenaghen_RD,Microthrix,4.29026e-05,80
1007269_1,Copenaghen_RD,Moraxella_A,0.002501027,80
1007269_1,Copenaghen_RD,Neisseria,0.016574522,80
1007269_1,Copenaghen_RD,Novosphingobium,0.000373974,80
1007269_1,Copenaghen_RD,Ottowia,0.01918381,80
1007269_1,Copenaghen_RD,Paracoccus,0.001064831,80
1007269_1,Copenaghen_RD,Phocaeicola,0.006664509,80
1007269_1,Copenaghen_RD,Prevotella,0.017993556,80
1007269_1,Copenaghen_RD,Propionivibrio,0.012659664,80
1007269_1,Copenaghen_RD,Pseudomonas_E,0.008419751,80
1007269_1,Copenaghen_RD,Pseudoxanthomonas,0.00747457,80
1007269_1,Copenaghen_RD,Pseudoxanthomonas_A,0.006327327,80
1007269_1,Copenaghen_RD,Psychrobacter,0.005711055,80
1007269_1,Copenaghen_RD,Rubrivivax,0.000376082,80
1007269_1,Copenaghen_RD,Streptococcus,0.026322555,80
1007269_1,Copenaghen_RD,Telluria,0.000940103,80
1007269_1,Copenaghen_RD,Thauera,0.010620471,80
1007269_1,Copenaghen_RD,Thermomonas,0.008193927,80
1007269_1,Copenaghen_RD,Thiothrix,0.000960266,80
1007269_1,Copenaghen_RD,Tolumonas,0.002867144,80
1007269_1,Copenaghen_RD,Trichococcus,0.003247028,80
1007269_1,Copenaghen_RD,UBA1413,1.36695e-05,80
1007267_2,Copenaghen_RL,Acidovorax,0.100082629,80
1007267_2,Copenaghen_RL,Acinetobacter,0.045877437,80
1007267_2,Copenaghen_RL,Aeromonas,0.023836443,80
1007267_2,Copenaghen_RL,Aliarcobacter,0.095561479,80
1007267_2,Copenaghen_RL,Aquabacterium_A,0.000291089,80
1007267_2,Copenaghen_RL,Bacteroides,0.014841548,80
1007267_2,Copenaghen_RL,Brachymonas,0.013911478,80
1007267_2,Copenaghen_RL,Brevefilum,2.00389e-05,80
1007267_2,Copenaghen_RL,Brevundimonas,0.000340079,80
1007267_2,Copenaghen_RL,Cloacibacterium,0.062492073,80
1007267_2,Copenaghen_RL,Comamonas,0.051977663,80
1007267_2,Copenaghen_RL,Competibacter_A,5.38094e-05,80
1007267_2,Copenaghen_RL,Enterobacter,0.001057227,80
1007267_2,Copenaghen_RL,Fermentibacter,8.16187e-06,80
1007267_2,Copenaghen_RL,Flavobacterium,0.008486817,80
1007267_2,Copenaghen_RL,Giesbergeria,0.011160926,80
1007267_2,Copenaghen_RL,Hydrogenophaga,0.001152785,80
1007267_2,Copenaghen_RL,JAGOYM01,0.003527052,80
1007267_2,Copenaghen_RL,Janthinobacterium,0.000472823,80
1007267_2,Copenaghen_RL,Kaistella,0.002618957,80
1007267_2,Copenaghen_RL,Lactococcus_A,0.005238935,80
1007267_2,Copenaghen_RL,Lenti-01,0.000203274,80
1007267_2,Copenaghen_RL,Microthrix,4.01758e-05,80
1007267_2,Copenaghen_RL,Moraxella_A,0.00268916,80
1007267_2,Copenaghen_RL,Neisseria,0.013559411,80
1007267_2,Copenaghen_RL,Novosphingobium,0.000195408,80
1007267_2,Copenaghen_RL,Ottowia,0.01681969,80
1007267_2,Copenaghen_RL,Paracoccus,0.000551414,80
1007267_2,Copenaghen_RL,Phocaeicola,0.013513057,80
1007267_2,Copenaghen_RL,Prevotella,0.01567189,80
1007267_2,Copenaghen_RL,Propionivibrio,0.023462289,80
1007267_2,Copenaghen_RL,Pseudomonas_E,0.012931971,80
1007267_2,Copenaghen_RL,Pseudoxanthomonas,0.00240192,80
1007267_2,Copenaghen_RL,Pseudoxanthomonas_A,0.005480137,80
1007267_2,Copenaghen_RL,Psychrobacter,0.002854702,80
1007267_2,Copenaghen_RL,Rubrivivax,0.000100757,80
1007267_2,Copenaghen_RL,Streptococcus,0.012562251,80
1007267_2,Copenaghen_RL,Telluria,0.000446648,80
1007267_2,Copenaghen_RL,Thauera,0.024350853,80
1007267_2,Copenaghen_RL,Thermomonas,0.004940676,80
1007267_2,Copenaghen_RL,Thiothrix,0.000581801,80
1007267_2,Copenaghen_RL,Tolumonas,0.007476415,80
1007267_2,Copenaghen_RL,Trichococcus,0.010156889,80
1007267_2,Copenaghen_RL,UBA1413,6.25871e-07,80
1007271_2,Copenaghen_RA,Acidovorax,0.091671603,81
1007271_2,Copenaghen_RA,Acinetobacter,0.04601815,81
1007271_2,Copenaghen_RA,Aeromonas,0.031130813,81
1007271_2,Copenaghen_RA,Aliarcobacter,0.047009322,81
1007271_2,Copenaghen_RA,Aquabacterium_A,0.000123612,81
1007271_2,Copenaghen_RA,Bacteroides,0.018920113,81
1007271_2,Copenaghen_RA,Brachymonas,0.043577488,81
1007271_2,Copenaghen_RA,Brevefilum,7.95463e-05,81
1007271_2,Copenaghen_RA,Brevundimonas,0.000735122,81
1007271_2,Copenaghen_RA,Cloacibacterium,0.036916712,81
1007271_2,Copenaghen_RA,Comamonas,0.048909329,81
1007271_2,Copenaghen_RA,Competibacter_A,5.33829e-05,81
1007271_2,Copenaghen_RA,Enterobacter,0.001180856,81
1007271_2,Copenaghen_RA,Fermentibacter,3.70077e-05,81
1007271_2,Copenaghen_RA,Flavobacterium,0.007947411,81
1007271_2,Copenaghen_RA,Giesbergeria,0.013336574,81
1007271_2,Copenaghen_RA,Hydrogenophaga,0.001410821,81
1007271_2,Copenaghen_RA,JAGOYM01,0.008117684,81
1007271_2,Copenaghen_RA,Janthinobacterium,0.000285902,81
1007271_2,Copenaghen_RA,Kaistella,0.004875598,81
1007271_2,Copenaghen_RA,Lactococcus_A,0.014929091,81
1007271_2,Copenaghen_RA,Lenti-01,0.000208074,81
1007271_2,Copenaghen_RA,Microthrix,3.82017e-05,81
1007271_2,Copenaghen_RA,Moraxella_A,0.007581734,81
1007271_2,Copenaghen_RA,Neisseria,0.015161576,81
1007271_2,Copenaghen_RA,Novosphingobium,0.0002705,81
1007271_2,Copenaghen_RA,Ottowia,0.010476616,81
1007271_2,Copenaghen_RA,Paracoccus,0.001066487,81
1007271_2,Copenaghen_RA,Phocaeicola,0.009476007,81
1007271_2,Copenaghen_RA,Prevotella,0.018104056,81
1007271_2,Copenaghen_RA,Propionivibrio,0.015229945,81
1007271_2,Copenaghen_RA,Pseudomonas_E,0.020723323,81
1007271_2,Copenaghen_RA,Pseudoxanthomonas,0.004039131,81
1007271_2,Copenaghen_RA,Pseudoxanthomonas_A,0.00419993,81
1007271_2,Copenaghen_RA,Psychrobacter,0.006833303,81
1007271_2,Copenaghen_RA,Rubrivivax,0.000141286,81
1007271_2,Copenaghen_RA,Streptococcus,0.026278265,81
1007271_2,Copenaghen_RA,Telluria,0.000424121,81
1007271_2,Copenaghen_RA,Thauera,0.022490925,81
1007271_2,Copenaghen_RA,Thermomonas,0.004456945,81
1007271_2,Copenaghen_RA,Thiothrix,0.002187723,81
1007271_2,Copenaghen_RA,Tolumonas,0.007705221,81
1007271_2,Copenaghen_RA,Trichococcus,0.009727545,81
1007271_2,Copenaghen_RA,UBA1413,2.80616e-06,81
1007270_2,Copenaghen_RL,Acidovorax,0.135507258,81
1007270_2,Copenaghen_RL,Acinetobacter,0.033068757,81
1007270_2,Copenaghen_RL,Aeromonas,0.025341009,81
1007270_2,Copenaghen_RL,Aliarcobacter,0.063206625,81
1007270_2,Copenaghen_RL,Aquabacterium_A,0.000189925,81
1007270_2,Copenaghen_RL,Bacteroides,0.010397099,81
1007270_2,Copenaghen_RL,Brachymonas,0.029064769,81
1007270_2,Copenaghen_RL,Brevefilum,1.10489e-05,81
1007270_2,Copenaghen_RL,Brevundimonas,0.000434697,81
1007270_2,Copenaghen_RL,Cloacibacterium,0.069733925,81
1007270_2,Copenaghen_RL,Comamonas,0.045046606,81
1007270_2,Copenaghen_RL,Competibacter_A,4.36566e-05,81
1007270_2,Copenaghen_RL,Enterobacter,0.001549685,81
1007270_2,Copenaghen_RL,Fermentibacter,1.13237e-05,81
1007270_2,Copenaghen_RL,Flavobacterium,0.004747302,81
1007270_2,Copenaghen_RL,Giesbergeria,0.009554277,81
1007270_2,Copenaghen_RL,Hydrogenophaga,0.000775296,81
1007270_2,Copenaghen_RL,JAGOYM01,0.007135128,81
1007270_2,Copenaghen_RL,Janthinobacterium,0.00048733,81
1007270_2,Copenaghen_RL,Kaistella,0.002793737,81
1007270_2,Copenaghen_RL,Lactococcus_A,0.002075483,81
1007270_2,Copenaghen_RL,Lenti-01,0.000324057,81
1007270_2,Copenaghen_RL,Microthrix,2.59289e-05,81
1007270_2,Copenaghen_RL,Moraxella_A,0.001940951,81
1007270_2,Copenaghen_RL,Neisseria,0.019790632,81
1007270_2,Copenaghen_RL,Novosphingobium,0.000412954,81
1007270_2,Copenaghen_RL,Ottowia,0.01254396,81
1007270_2,Copenaghen_RL,Paracoccus,0.0008548,81
1007270_2,Copenaghen_RL,Phocaeicola,0.006931396,81
1007270_2,Copenaghen_RL,Prevotella,0.009424105,81
1007270_2,Copenaghen_RL,Propionivibrio,0.013196052,81
1007270_2,Copenaghen_RL,Pseudomonas_E,0.012530049,81
1007270_2,Copenaghen_RL,Pseudoxanthomonas,0.008868675,81
1007270_2,Copenaghen_RL,Pseudoxanthomonas_A,0.006603965,81
1007270_2,Copenaghen_RL,Psychrobacter,0.003402129,81
1007270_2,Copenaghen_RL,Rubrivivax,0.00020679,81
1007270_2,Copenaghen_RL,Streptococcus,0.015221172,81
1007270_2,Copenaghen_RL,Telluria,0.000636267,81
1007270_2,Copenaghen_RL,Thauera,0.021490864,81
1007270_2,Copenaghen_RL,Thermomonas,0.006604579,81
1007270_2,Copenaghen_RL,Thiothrix,0.000523873,81
1007270_2,Copenaghen_RL,Tolumonas,0.008676242,81
1007270_2,Copenaghen_RL,Trichococcus,0.005062872,81
1007270_2,Copenaghen_RL,UBA1413,1.4113e-06,81
1007273_2,Copenaghen_RA,Acidovorax,0.181764936,82
1007273_2,Copenaghen_RA,Acinetobacter,0.046663301,82
1007273_2,Copenaghen_RA,Aeromonas,0.015432623,82
1007273_2,Copenaghen_RA,Aliarcobacter,0.05826527,82
1007273_2,Copenaghen_RA,Aquabacterium_A,0.000211356,82
1007273_2,Copenaghen_RA,Bacteroides,0.004581781,82
1007273_2,Copenaghen_RA,Brachymonas,0.028240764,82
1007273_2,Copenaghen_RA,Brevefilum,8.33411e-06,82
1007273_2,Copenaghen_RA,Brevundimonas,0.001464194,82
1007273_2,Copenaghen_RA,Cloacibacterium,0.029490251,82
1007273_2,Copenaghen_RA,Comamonas,0.060358067,82
1007273_2,Copenaghen_RA,Competibacter_A,3.13556e-05,82
1007273_2,Copenaghen_RA,Enterobacter,0.000877281,82
1007273_2,Copenaghen_RA,Fermentibacter,1.60998e-05,82
1007273_2,Copenaghen_RA,Flavobacterium,0.013244293,82
1007273_2,Copenaghen_RA,Giesbergeria,0.009980611,82
1007273_2,Copenaghen_RA,Hydrogenophaga,0.001446027,82
1007273_2,Copenaghen_RA,JAGOYM01,0.013259566,82
1007273_2,Copenaghen_RA,Janthinobacterium,0.000825759,82
1007273_2,Copenaghen_RA,Kaistella,0.003081638,82
1007273_2,Copenaghen_RA,Lactococcus_A,0.00897138,82
1007273_2,Copenaghen_RA,Lenti-01,0.000315334,82
1007273_2,Copenaghen_RA,Microthrix,2.06497e-05,82
1007273_2,Copenaghen_RA,Moraxella_A,0.004514645,82
1007273_2,Copenaghen_RA,Neisseria,0.016512776,82
1007273_2,Copenaghen_RA,Novosphingobium,0.000342335,82
1007273_2,Copenaghen_RA,Ottowia,0.014664912,82
1007273_2,Copenaghen_RA,Paracoccus,0.000824895,82
1007273_2,Copenaghen_RA,Phocaeicola,0.007061384,82
1007273_2,Copenaghen_RA,Prevotella,0.009156249,82
1007273_2,Copenaghen_RA,Propionivibrio,0.0141351,82
1007273_2,Copenaghen_RA,Pseudomonas_E,0.015083604,82
1007273_2,Copenaghen_RA,Pseudoxanthomonas,0.004385577,82
1007273_2,Copenaghen_RA,Pseudoxanthomonas_A,0.00425934,82
1007273_2,Copenaghen_RA,Psychrobacter,0.003223097,82
1007273_2,Copenaghen_RA,Rubrivivax,0.000238536,82
1007273_2,Copenaghen_RA,Streptococcus,0.022424539,82
1007273_2,Copenaghen_RA,Telluria,0.000401566,82
1007273_2,Copenaghen_RA,Thauera,0.035342252,82
1007273_2,Copenaghen_RA,Thermomonas,0.004215952,82
1007273_2,Copenaghen_RA,Thiothrix,0.001211466,82
1007273_2,Copenaghen_RA,Tolumonas,0.00743141,82
1007273_2,Copenaghen_RA,Trichococcus,0.004463343,82
1007273_2,Copenaghen_RA,UBA1413,5.21843e-06,82
1007274_1,Copenaghen_RD,Acidovorax,0.183810658,82
1007274_1,Copenaghen_RD,Acinetobacter,0.129619362,82
1007274_1,Copenaghen_RD,Aeromonas,0.011765942,82
1007274_1,Copenaghen_RD,Aliarcobacter,0.027668678,82
1007274_1,Copenaghen_RD,Aquabacterium_A,0.000303806,82
1007274_1,Copenaghen_RD,Bacteroides,0.011307744,82
1007274_1,Copenaghen_RD,Brachymonas,0.015941264,82
1007274_1,Copenaghen_RD,Brevefilum,1.01092e-05,82
1007274_1,Copenaghen_RD,Brevundimonas,0.000756697,82
1007274_1,Copenaghen_RD,Cloacibacterium,0.024226042,82
1007274_1,Copenaghen_RD,Comamonas,0.022211617,82
1007274_1,Copenaghen_RD,Competibacter_A,6.27492e-05,82
1007274_1,Copenaghen_RD,Enterobacter,0.000418372,82
1007274_1,Copenaghen_RD,Fermentibacter,8.20148e-06,82
1007274_1,Copenaghen_RD,Flavobacterium,0.012665551,82
1007274_1,Copenaghen_RD,Giesbergeria,0.012265567,82
1007274_1,Copenaghen_RD,Hydrogenophaga,0.000773739,82
1007274_1,Copenaghen_RD,JAGOYM01,0.003441246,82
1007274_1,Copenaghen_RD,Janthinobacterium,0.000713423,82
1007274_1,Copenaghen_RD,Kaistella,0.006771462,82
1007274_1,Copenaghen_RD,Lactococcus_A,0.003002359,82
1007274_1,Copenaghen_RD,Lenti-01,0.000184581,82
1007274_1,Copenaghen_RD,Microthrix,5.61059e-05,82
1007274_1,Copenaghen_RD,Moraxella_A,0.004255535,82
1007274_1,Copenaghen_RD,Neisseria,0.00680121,82
1007274_1,Copenaghen_RD,Novosphingobium,0.000397513,82
1007274_1,Copenaghen_RD,Ottowia,0.020108411,82
1007274_1,Copenaghen_RD,Paracoccus,0.001024675,82
1007274_1,Copenaghen_RD,Phocaeicola,0.011066839,82
1007274_1,Copenaghen_RD,Prevotella,0.025307721,82
1007274_1,Copenaghen_RD,Propionivibrio,0.009770339,82
1007274_1,Copenaghen_RD,Pseudomonas_E,0.009270831,82
1007274_1,Copenaghen_RD,Pseudoxanthomonas,0.003689361,82
1007274_1,Copenaghen_RD,Pseudoxanthomonas_A,0.005338254,82
1007274_1,Copenaghen_RD,Psychrobacter,0.007755275,82
1007274_1,Copenaghen_RD,Rubrivivax,0.000200855,82
1007274_1,Copenaghen_RD,Streptococcus,0.020852802,82
1007274_1,Copenaghen_RD,Telluria,0.000507663,82
1007274_1,Copenaghen_RD,Thauera,0.013443181,82
1007274_1,Copenaghen_RD,Thermomonas,0.006244868,82
1007274_1,Copenaghen_RD,Thiothrix,0.000789216,82
1007274_1,Copenaghen_RD,Tolumonas,0.002843346,82
1007274_1,Copenaghen_RD,Trichococcus,0.009603297,82
1007274_1,Copenaghen_RD,UBA1413,1.38721e-05,82
1007272_2,Copenaghen_RL,Acidovorax,0.126378618,82
1007272_2,Copenaghen_RL,Acinetobacter,0.051301898,82
1007272_2,Copenaghen_RL,Aeromonas,0.005809655,82
1007272_2,Copenaghen_RL,Aliarcobacter,0.023907165,82
1007272_2,Copenaghen_RL,Aquabacterium_A,0.000375567,82
1007272_2,Copenaghen_RL,Bacteroides,0.006794254,82
1007272_2,Copenaghen_RL,Brachymonas,0.047878914,82
1007272_2,Copenaghen_RL,Brevefilum,2.71757e-05,82
1007272_2,Copenaghen_RL,Brevundimonas,0.000909343,82
1007272_2,Copenaghen_RL,Cloacibacterium,0.028868268,82
1007272_2,Copenaghen_RL,Comamonas,0.050994254,82
1007272_2,Copenaghen_RL,Competibacter_A,6.86746e-05,82
1007272_2,Copenaghen_RL,Enterobacter,0.001177212,82
1007272_2,Copenaghen_RL,Fermentibacter,7.37269e-06,82
1007272_2,Copenaghen_RL,Flavobacterium,0.011160911,82
1007272_2,Copenaghen_RL,Giesbergeria,0.012555496,82
1007272_2,Copenaghen_RL,Hydrogenophaga,0.001062891,82
1007272_2,Copenaghen_RL,JAGOYM01,0.002216358,82
1007272_2,Copenaghen_RL,Janthinobacterium,0.001132973,82
1007272_2,Copenaghen_RL,Kaistella,0.003924179,82
1007272_2,Copenaghen_RL,Lactococcus_A,0.006982853,82
1007272_2,Copenaghen_RL,Lenti-01,0.000364895,82
1007272_2,Copenaghen_RL,Microthrix,6.26245e-05,82
1007272_2,Copenaghen_RL,Moraxella_A,0.011743923,82
1007272_2,Copenaghen_RL,Neisseria,0.033344039,82
1007272_2,Copenaghen_RL,Novosphingobium,0.000382493,82
1007272_2,Copenaghen_RL,Ottowia,0.021947318,82
1007272_2,Copenaghen_RL,Paracoccus,0.001083644,82
1007272_2,Copenaghen_RL,Phocaeicola,0.009493324,82
1007272_2,Copenaghen_RL,Prevotella,0.007220652,82
1007272_2,Copenaghen_RL,Propionivibrio,0.016232707,82
1007272_2,Copenaghen_RL,Pseudomonas_E,0.011196328,82
1007272_2,Copenaghen_RL,Pseudoxanthomonas,0.005737469,82
1007272_2,Copenaghen_RL,Pseudoxanthomonas_A,0.006775099,82
1007272_2,Copenaghen_RL,Psychrobacter,0.005770212,82
1007272_2,Copenaghen_RL,Rubrivivax,0.000269672,82
1007272_2,Copenaghen_RL,Streptococcus,0.039049218,82
1007272_2,Copenaghen_RL,Telluria,0.000666795,82
1007272_2,Copenaghen_RL,Thauera,0.041997365,82
1007272_2,Copenaghen_RL,Thermomonas,0.008232913,82
1007272_2,Copenaghen_RL,Thiothrix,0.000975543,82
1007272_2,Copenaghen_RL,Tolumonas,0.00214904,82
1007272_2,Copenaghen_RL,Trichococcus,0.01100425,82
1007272_2,Copenaghen_RL,UBA1413,5.40411e-06,82
1007278_1,Copenaghen_RA,Acidovorax,0.074898364,86
1007278_1,Copenaghen_RA,Acinetobacter,0.017878433,86
1007278_1,Copenaghen_RA,Aeromonas,0.00182419,86
1007278_1,Copenaghen_RA,Aliarcobacter,0.004116477,86
1007278_1,Copenaghen_RA,Aquabacterium_A,0.000169266,86
1007278_1,Copenaghen_RA,Bacteroides,0.001194587,86
1007278_1,Copenaghen_RA,Brachymonas,0.009800359,86
1007278_1,Copenaghen_RA,Brevefilum,1.65928e-05,86
1007278_1,Copenaghen_RA,Brevundimonas,0.000646577,86
1007278_1,Copenaghen_RA,Cloacibacterium,0.007708371,86
1007278_1,Copenaghen_RA,Comamonas,0.009874139,86
1007278_1,Copenaghen_RA,Competibacter_A,0.0001969,86
1007278_1,Copenaghen_RA,Enterobacter,0.000411411,86
1007278_1,Copenaghen_RA,Fermentibacter,3.04882e-05,86
1007278_1,Copenaghen_RA,Flavobacterium,0.004598099,86
1007278_1,Copenaghen_RA,Giesbergeria,0.009905714,86
1007278_1,Copenaghen_RA,Hydrogenophaga,0.000346231,86
1007278_1,Copenaghen_RA,JAGOYM01,0.00289622,86
1007278_1,Copenaghen_RA,Janthinobacterium,0.064587346,86
1007278_1,Copenaghen_RA,Kaistella,0.00138467,86
1007278_1,Copenaghen_RA,Lactococcus_A,0.007125586,86
1007278_1,Copenaghen_RA,Lenti-01,0.000228847,86
1007278_1,Copenaghen_RA,Microthrix,2.62693e-05,86
1007278_1,Copenaghen_RA,Moraxella_A,0.000989059,86
1007278_1,Copenaghen_RA,Neisseria,0.008308946,86
1007278_1,Copenaghen_RA,Novosphingobium,0.000746178,86
1007278_1,Copenaghen_RA,Ottowia,0.020264766,86
1007278_1,Copenaghen_RA,Paracoccus,0.000832936,86
1007278_1,Copenaghen_RA,Phocaeicola,0.001758589,86
1007278_1,Copenaghen_RA,Prevotella,0.001791152,86
1007278_1,Copenaghen_RA,Propionivibrio,0.007169657,86
1007278_1,Copenaghen_RA,Pseudomonas_E,0.445387523,86
1007278_1,Copenaghen_RA,Pseudoxanthomonas,0.010835299,86
1007278_1,Copenaghen_RA,Pseudoxanthomonas_A,0.003830551,86
1007278_1,Copenaghen_RA,Psychrobacter,0.00544533,86
1007278_1,Copenaghen_RA,Rubrivivax,0.000240844,86
1007278_1,Copenaghen_RA,Streptococcus,0.004878393,86
1007278_1,Copenaghen_RA,Telluria,0.000917282,86
1007278_1,Copenaghen_RA,Thauera,0.010055882,86
1007278_1,Copenaghen_RA,Thermomonas,0.008799233,86
1007278_1,Copenaghen_RA,Thiothrix,0.000931317,86
1007278_1,Copenaghen_RA,Tolumonas,0.000477258,86
1007278_1,Copenaghen_RA,Trichococcus,0.004108361,86
1007278_1,Copenaghen_RA,UBA1413,2.50461e-05,86
1007280_2,Copenaghen_RD,Acidovorax,0.107192811,86
1007280_2,Copenaghen_RD,Acinetobacter,0.027835053,86
1007280_2,Copenaghen_RD,Aeromonas,0.0007474,86
1007280_2,Copenaghen_RD,Aliarcobacter,0.003692795,86
1007280_2,Copenaghen_RD,Aquabacterium_A,0.000317026,86
1007280_2,Copenaghen_RD,Bacteroides,0.003847838,86
1007280_2,Copenaghen_RD,Brachymonas,0.008297041,86
1007280_2,Copenaghen_RD,Brevefilum,1.70781e-05,86
1007280_2,Copenaghen_RD,Brevundimonas,0.000917322,86
1007280_2,Copenaghen_RD,Cloacibacterium,0.007673988,86
1007280_2,Copenaghen_RD,Comamonas,0.005990961,86
1007280_2,Copenaghen_RD,Competibacter_A,0.000504139,86
1007280_2,Copenaghen_RD,Enterobacter,0.000198518,86
1007280_2,Copenaghen_RD,Fermentibacter,6.70958e-05,86
1007280_2,Copenaghen_RD,Flavobacterium,0.023441154,86
1007280_2,Copenaghen_RD,Giesbergeria,0.008506533,86
1007280_2,Copenaghen_RD,Hydrogenophaga,0.000773437,86
1007280_2,Copenaghen_RD,JAGOYM01,0.000984799,86
1007280_2,Copenaghen_RD,Janthinobacterium,0.060002806,86
1007280_2,Copenaghen_RD,Kaistella,0.008617732,86
1007280_2,Copenaghen_RD,Lactococcus_A,0.001212894,86
1007280_2,Copenaghen_RD,Lenti-01,0.000144112,86
1007280_2,Copenaghen_RD,Microthrix,7.587e-05,86
1007280_2,Copenaghen_RD,Moraxella_A,0.004081843,86
1007280_2,Copenaghen_RD,Neisseria,0.012686205,86
1007280_2,Copenaghen_RD,Novosphingobium,0.00058133,86
1007280_2,Copenaghen_RD,Ottowia,0.015717625,86
1007280_2,Copenaghen_RD,Paracoccus,0.001006642,86
1007280_2,Copenaghen_RD,Phocaeicola,0.002546996,86
1007280_2,Copenaghen_RD,Prevotella,0.012906407,86
1007280_2,Copenaghen_RD,Propionivibrio,0.00378207,86
1007280_2,Copenaghen_RD,Pseudomonas_E,0.274654611,86
1007280_2,Copenaghen_RD,Pseudoxanthomonas,0.003285483,86
1007280_2,Copenaghen_RD,Pseudoxanthomonas_A,0.005058127,86
1007280_2,Copenaghen_RD,Psychrobacter,0.005020343,86
1007280_2,Copenaghen_RD,Rubrivivax,0.000181788,86
1007280_2,Copenaghen_RD,Streptococcus,0.030257975,86
1007280_2,Copenaghen_RD,Telluria,0.005210309,86
1007280_2,Copenaghen_RD,Thauera,0.008340115,86
1007280_2,Copenaghen_RD,Thermomonas,0.00625336,86
1007280_2,Copenaghen_RD,Thiothrix,0.00069616,86
1007280_2,Copenaghen_RD,Tolumonas,0.000262177,86
1007280_2,Copenaghen_RD,Trichococcus,0.003410888,86
1007280_2,Copenaghen_RD,UBA1413,0.000134843,86
1007276_1,Copenaghen_RL,Acidovorax,0.162635443,86
1007276_1,Copenaghen_RL,Acinetobacter,0.101982563,86
1007276_1,Copenaghen_RL,Aeromonas,0.001422154,86
1007276_1,Copenaghen_RL,Aliarcobacter,0.011436972,86
1007276_1,Copenaghen_RL,Aquabacterium_A,0.00022254,86
1007276_1,Copenaghen_RL,Bacteroides,0.003332306,86
1007276_1,Copenaghen_RL,Brachymonas,0.015722484,86
1007276_1,Copenaghen_RL,Brevefilum,7.83427e-05,86
1007276_1,Copenaghen_RL,Brevundimonas,0.000833249,86
1007276_1,Copenaghen_RL,Cloacibacterium,0.013139031,86
1007276_1,Copenaghen_RL,Comamonas,0.026593251,86
1007276_1,Copenaghen_RL,Competibacter_A,6.32023e-05,86
1007276_1,Copenaghen_RL,Enterobacter,0.000211118,86
1007276_1,Copenaghen_RL,Fermentibacter,2.46566e-05,86
1007276_1,Copenaghen_RL,Flavobacterium,0.006606326,86
1007276_1,Copenaghen_RL,Giesbergeria,0.008651143,86
1007276_1,Copenaghen_RL,Hydrogenophaga,0.000530005,86
1007276_1,Copenaghen_RL,JAGOYM01,0.003231435,86
1007276_1,Copenaghen_RL,Janthinobacterium,0.022174227,86
1007276_1,Copenaghen_RL,Kaistella,0.00174412,86
1007276_1,Copenaghen_RL,Lactococcus_A,0.002071367,86
1007276_1,Copenaghen_RL,Lenti-01,0.000172121,86
1007276_1,Copenaghen_RL,Microthrix,3.91391e-05,86
1007276_1,Copenaghen_RL,Moraxella_A,0.002637189,86
1007276_1,Copenaghen_RL,Neisseria,0.009518584,86
1007276_1,Copenaghen_RL,Novosphingobium,0.000272802,86
1007276_1,Copenaghen_RL,Ottowia,0.023248546,86
1007276_1,Copenaghen_RL,Paracoccus,0.001132932,86
1007276_1,Copenaghen_RL,Phocaeicola,0.002404335,86
1007276_1,Copenaghen_RL,Prevotella,0.005972053,86
1007276_1,Copenaghen_RL,Propionivibrio,0.01092191,86
1007276_1,Copenaghen_RL,Pseudomonas_E,0.201414193,86
1007276_1,Copenaghen_RL,Pseudoxanthomonas,0.003883809,86
1007276_1,Copenaghen_RL,Pseudoxanthomonas_A,0.00562378,86
1007276_1,Copenaghen_RL,Psychrobacter,0.002896214,86
1007276_1,Copenaghen_RL,Rubrivivax,0.000249878,86
1007276_1,Copenaghen_RL,Streptococcus,0.020561421,86
1007276_1,Copenaghen_RL,Telluria,0.004308292,86
1007276_1,Copenaghen_RL,Thauera,0.020348304,86
1007276_1,Copenaghen_RL,Thermomonas,0.005826722,86
1007276_1,Copenaghen_RL,Thiothrix,0.000349977,86
1007276_1,Copenaghen_RL,Tolumonas,0.000457364,86
1007276_1,Copenaghen_RL,Trichococcus,0.005715633,86
1007276_1,Copenaghen_RL,UBA1413,0.000393202,86
1015075_1,Rome,Acidovorax,0.205810998,60
1015075_1,Rome,Acinetobacter,0.069455426,60
1015075_1,Rome,Aeromonas,0.005669589,60
1015075_1,Rome,Aliarcobacter,0.003748395,60
1015075_1,Rome,Aquabacterium_A,0.000351211,60
1015075_1,Rome,Bacteroides,0.001207082,60
1015075_1,Rome,Brachymonas,0.005954325,60
1015075_1,Rome,Brevefilum,2.25465e-05,60
1015075_1,Rome,Brevundimonas,0.000795167,60
1015075_1,Rome,Cloacibacterium,0.014484289,60
1015075_1,Rome,Comamonas,0.06472636,60
1015075_1,Rome,Competibacter_A,0.000203001,60
1015075_1,Rome,Enterobacter,0.000187232,60
1015075_1,Rome,Fermentibacter,1.60695e-05,60
1015075_1,Rome,Flavobacterium,0.025425653,60
1015075_1,Rome,Giesbergeria,0.012186655,60
1015075_1,Rome,Hydrogenophaga,0.001293458,60
1015075_1,Rome,JAGOYM01,0.002018049,60
1015075_1,Rome,Janthinobacterium,0.001283719,60
1015075_1,Rome,Kaistella,0.017831103,60
1015075_1,Rome,Lactococcus_A,0.000575119,60
1015075_1,Rome,Lenti-01,0.004952296,60
1015075_1,Rome,Microthrix,0.005017523,60
1015075_1,Rome,Moraxella_A,0.072465755,60
1015075_1,Rome,Neisseria,0.008816488,60
1015075_1,Rome,Novosphingobium,0.002232034,60
1015075_1,Rome,Ottowia,0.010198026,60
1015075_1,Rome,Paracoccus,0.006198184,60
1015075_1,Rome,Phocaeicola,0.002329552,60
1015075_1,Rome,Prevotella,0.003176444,60
1015075_1,Rome,Propionivibrio,0.005929333,60
1015075_1,Rome,Pseudomonas_E,0.020021036,60
1015075_1,Rome,Pseudoxanthomonas,0.002795802,60
1015075_1,Rome,Pseudoxanthomonas_A,0.004090754,60
1015075_1,Rome,Psychrobacter,0.003806302,60
1015075_1,Rome,Rubrivivax,0.000311807,60
1015075_1,Rome,Streptococcus,0.001158391,60
1015075_1,Rome,Telluria,0.00069286,60
1015075_1,Rome,Thauera,0.006333821,60
1015075_1,Rome,Thermomonas,0.005321299,60
1015075_1,Rome,Thiothrix,0.002744915,60
1015075_1,Rome,Tolumonas,0.00092284,60
1015075_1,Rome,Trichococcus,0.001606998,60
1015075_1,Rome,UBA1413,5.81453e-06,60
1015077_1,Rome,Acidovorax,0.255617029,62
1015077_1,Rome,Acinetobacter,0.050893234,62
1015077_1,Rome,Aeromonas,0.001495695,62
1015077_1,Rome,Aliarcobacter,0.001258231,62
1015077_1,Rome,Aquabacterium_A,0.000209032,62
1015077_1,Rome,Bacteroides,0.000230788,62
1015077_1,Rome,Brachymonas,0.007291973,62
1015077_1,Rome,Brevefilum,3.9889e-06,62
1015077_1,Rome,Brevundimonas,0.064486016,62
1015077_1,Rome,Cloacibacterium,0.004416272,62
1015077_1,Rome,Comamonas,0.021908781,62
1015077_1,Rome,Competibacter_A,0.000173118,62
1015077_1,Rome,Enterobacter,0.000282756,62
1015077_1,Rome,Fermentibacter,3.49288e-06,62
1015077_1,Rome,Flavobacterium,0.034040064,62
1015077_1,Rome,Giesbergeria,0.007761559,62
1015077_1,Rome,Hydrogenophaga,0.000718143,62
1015077_1,Rome,JAGOYM01,0.002229326,62
1015077_1,Rome,Janthinobacterium,0.001667426,62
1015077_1,Rome,Kaistella,0.018691452,62
1015077_1,Rome,Lactococcus_A,0.00031538,62
1015077_1,Rome,Lenti-01,0.000887406,62
1015077_1,Rome,Microthrix,0.000383562,62
1015077_1,Rome,Moraxella_A,0.016366368,62
1015077_1,Rome,Neisseria,0.009241243,62
1015077_1,Rome,Novosphingobium,0.000734383,62
1015077_1,Rome,Ottowia,0.007475856,62
1015077_1,Rome,Paracoccus,0.014034917,62
1015077_1,Rome,Phocaeicola,0.000561149,62
1015077_1,Rome,Prevotella,0.000452995,62
1015077_1,Rome,Propionivibrio,0.007325098,62
1015077_1,Rome,Pseudomonas_E,0.14152161,62
1015077_1,Rome,Pseudoxanthomonas,0.005858639,62
1015077_1,Rome,Pseudoxanthomonas_A,0.011298625,62
1015077_1,Rome,Psychrobacter,0.015583109,62
1015077_1,Rome,Rubrivivax,0.00015562,62
1015077_1,Rome,Streptococcus,0.00155961,62
1015077_1,Rome,Telluria,0.002852444,62
1015077_1,Rome,Thauera,0.005843866,62
1015077_1,Rome,Thermomonas,0.006623308,62
1015077_1,Rome,Thiothrix,0.001789275,62
1015077_1,Rome,Tolumonas,0.000205432,62
1015077_1,Rome,Trichococcus,0.00290573,62
1015077_1,Rome,UBA1413,4.83034e-07,62
1015078_1,Rome,Acidovorax,0.244870587,63
1015078_1,Rome,Acinetobacter,0.071296222,63
1015078_1,Rome,Aeromonas,0.001228514,63
1015078_1,Rome,Aliarcobacter,0.001498694,63
1015078_1,Rome,Aquabacterium_A,0.000517434,63
1015078_1,Rome,Bacteroides,0.000251139,63
1015078_1,Rome,Brachymonas,0.011656047,63
1015078_1,Rome,Brevefilum,4.89505e-06,63
1015078_1,Rome,Brevundimonas,0.018349965,63
1015078_1,Rome,Cloacibacterium,0.01156722,63
1015078_1,Rome,Comamonas,0.017725399,63
1015078_1,Rome,Competibacter_A,0.000102823,63
1015078_1,Rome,Enterobacter,0.000132933,63
1015078_1,Rome,Fermentibacter,4.48672e-05,63
1015078_1,Rome,Flavobacterium,0.02339804,63
1015078_1,Rome,Giesbergeria,0.008357127,63
1015078_1,Rome,Hydrogenophaga,0.000955426,63
1015078_1,Rome,JAGOYM01,0.002348929,63
1015078_1,Rome,Janthinobacterium,0.00272447,63
1015078_1,Rome,Kaistella,0.015630152,63
1015078_1,Rome,Lactococcus_A,0.000531773,63
1015078_1,Rome,Lenti-01,0.00194787,63
1015078_1,Rome,Microthrix,0.000176952,63
1015078_1,Rome,Moraxella_A,0.018785856,63
1015078_1,Rome,Neisseria,0.007062737,63
1015078_1,Rome,Novosphingobium,0.001026416,63
1015078_1,Rome,Ottowia,0.015536876,63
1015078_1,Rome,Paracoccus,0.013344402,63
1015078_1,Rome,Phocaeicola,0.000201282,63
1015078_1,Rome,Prevotella,0.000707754,63
1015078_1,Rome,Propionivibrio,0.010414039,63
1015078_1,Rome,Pseudomonas_E,0.064557363,63
1015078_1,Rome,Pseudoxanthomonas,0.008687305,63
1015078_1,Rome,Pseudoxanthomonas_A,0.026141742,63
1015078_1,Rome,Psychrobacter,0.004946218,63
1015078_1,Rome,Rubrivivax,0.000368408,63
1015078_1,Rome,Streptococcus,0.000660525,63
1015078_1,Rome,Telluria,0.030761117,63
1015078_1,Rome,Thauera,0.010648822,63
1015078_1,Rome,Thermomonas,0.010760346,63
1015078_1,Rome,Thiothrix,0.002229779,63
1015078_1,Rome,Tolumonas,0.00025307,63
1015078_1,Rome,Trichococcus,0.002521617,63
1015078_1,Rome,UBA1413,5.40701e-07,63
1015081_1,Rome,Acidovorax,0.096903792,66
1015081_1,Rome,Acinetobacter,0.089188154,66
1015081_1,Rome,Aeromonas,0.002623768,66
1015081_1,Rome,Aliarcobacter,0.001938948,66
1015081_1,Rome,Aquabacterium_A,0.000227666,66
1015081_1,Rome,Bacteroides,0.000421626,66
1015081_1,Rome,Brachymonas,0.003436831,66
1015081_1,Rome,Brevefilum,7.33966e-06,66
1015081_1,Rome,Brevundimonas,0.035241359,66
1015081_1,Rome,Cloacibacterium,0.002883085,66
1015081_1,Rome,Comamonas,0.008434784,66
1015081_1,Rome,Competibacter_A,0.000827138,66
1015081_1,Rome,Enterobacter,0.000229965,66
1015081_1,Rome,Fermentibacter,2.05985e-05,66
1015081_1,Rome,Flavobacterium,0.035711302,66
1015081_1,Rome,Giesbergeria,0.004739367,66
1015081_1,Rome,Hydrogenophaga,0.000415222,66
1015081_1,Rome,JAGOYM01,0.001805922,66
1015081_1,Rome,Janthinobacterium,0.002439775,66
1015081_1,Rome,Kaistella,0.018431859,66
1015081_1,Rome,Lactococcus_A,0.000335075,66
1015081_1,Rome,Lenti-01,0.000298133,66
1015081_1,Rome,Microthrix,0.000159905,66
1015081_1,Rome,Moraxella_A,0.011707408,66
1015081_1,Rome,Neisseria,0.002402718,66
1015081_1,Rome,Novosphingobium,0.000548719,66
1015081_1,Rome,Ottowia,0.002912592,66
1015081_1,Rome,Paracoccus,0.023376036,66
1015081_1,Rome,Phocaeicola,0.001260257,66
1015081_1,Rome,Prevotella,0.00078346,66
1015081_1,Rome,Propionivibrio,0.002433072,66
1015081_1,Rome,Pseudomonas_E,0.240639732,66
1015081_1,Rome,Pseudoxanthomonas,0.001816354,66
1015081_1,Rome,Pseudoxanthomonas_A,0.016267939,66
1015081_1,Rome,Psychrobacter,0.079972223,66
1015081_1,Rome,Rubrivivax,0.000149094,66
1015081_1,Rome,Streptococcus,0.000395256,66
1015081_1,Rome,Telluria,0.058300131,66
1015081_1,Rome,Thauera,0.002543931,66
1015081_1,Rome,Thermomonas,0.004946473,66
1015081_1,Rome,Thiothrix,0.0005724,66
1015081_1,Rome,Tolumonas,0.000351437,66
1015081_1,Rome,Trichococcus,0.001988499,66
1015081_1,Rome,UBA1413,6.09477e-07,66
1015083_1,Rome,Acidovorax,0.290561785,68
1015083_1,Rome,Acinetobacter,0.051891736,68
1015083_1,Rome,Aeromonas,0.001846151,68
1015083_1,Rome,Aliarcobacter,0.002235632,68
1015083_1,Rome,Aquabacterium_A,0.000272164,68
1015083_1,Rome,Bacteroides,0.000231318,68
1015083_1,Rome,Brachymonas,0.010659847,68
1015083_1,Rome,Brevefilum,8.08568e-06,68
1015083_1,Rome,Brevundimonas,0.005551865,68
1015083_1,Rome,Cloacibacterium,0.007823115,68
1015083_1,Rome,Comamonas,0.01950386,68
1015083_1,Rome,Competibacter_A,7.42505e-05,68
1015083_1,Rome,Enterobacter,0.000189021,68
1015083_1,Rome,Fermentibacter,1.09731e-05,68
1015083_1,Rome,Flavobacterium,0.026063692,68
1015083_1,Rome,Giesbergeria,0.011561859,68
1015083_1,Rome,Hydrogenophaga,0.00048562,68
1015083_1,Rome,JAGOYM01,0.001718323,68
1015083_1,Rome,Janthinobacterium,0.004539939,68
1015083_1,Rome,Kaistella,0.017025011,68
1015083_1,Rome,Lactococcus_A,0.000273089,68
1015083_1,Rome,Lenti-01,0.000926182,68
1015083_1,Rome,Microthrix,0.000758099,68
1015083_1,Rome,Moraxella_A,0.019022667,68
1015083_1,Rome,Neisseria,0.007539549,68
1015083_1,Rome,Novosphingobium,0.000547933,68
1015083_1,Rome,Ottowia,0.012233414,68
1015083_1,Rome,Paracoccus,0.009461459,68
1015083_1,Rome,Phocaeicola,0.000124923,68
1015083_1,Rome,Prevotella,0.000389595,68
1015083_1,Rome,Propionivibrio,0.006050779,68
1015083_1,Rome,Pseudomonas_E,0.137521756,68
1015083_1,Rome,Pseudoxanthomonas,0.0074292,68
1015083_1,Rome,Pseudoxanthomonas_A,0.007856292,68
1015083_1,Rome,Psychrobacter,0.06344461,68
1015083_1,Rome,Rubrivivax,0.000197757,68
1015083_1,Rome,Streptococcus,0.002699624,68
1015083_1,Rome,Telluria,0.006359283,68
1015083_1,Rome,Thauera,0.004219878,68
1015083_1,Rome,Thermomonas,0.010977718,68
1015083_1,Rome,Thiothrix,0.003899246,68
1015083_1,Rome,Tolumonas,0.000204961,68
1015083_1,Rome,Trichococcus,0.002158227,68
1015083_1,Rome,UBA1413,6.24438e-07,68
1015085_1,Rome,Acidovorax,0.263746444,71
1015085_1,Rome,Acinetobacter,0.112779833,71
1015085_1,Rome,Aeromonas,0.004548894,71
1015085_1,Rome,Aliarcobacter,0.001287927,71
1015085_1,Rome,Aquabacterium_A,0.000184276,71
1015085_1,Rome,Bacteroides,0.000803064,71
1015085_1,Rome,Brachymonas,0.007339889,71
1015085_1,Rome,Brevefilum,7.36266e-06,71
1015085_1,Rome,Brevundimonas,0.00416942,71
1015085_1,Rome,Cloacibacterium,0.015706233,71
1015085_1,Rome,Comamonas,0.039991553,71
1015085_1,Rome,Competibacter_A,6.51172e-05,71
1015085_1,Rome,Enterobacter,0.000344929,71
1015085_1,Rome,Fermentibacter,2.0964e-05,71
1015085_1,Rome,Flavobacterium,0.035094258,71
1015085_1,Rome,Giesbergeria,0.011097276,71
1015085_1,Rome,Hydrogenophaga,0.000714987,71
1015085_1,Rome,JAGOYM01,0.003266665,71
1015085_1,Rome,Janthinobacterium,0.001149362,71
1015085_1,Rome,Kaistella,0.024716389,71
1015085_1,Rome,Lactococcus_A,0.000242856,71
1015085_1,Rome,Lenti-01,0.003313481,71
1015085_1,Rome,Microthrix,5.53949e-05,71
1015085_1,Rome,Moraxella_A,0.044698871,71
1015085_1,Rome,Neisseria,0.010601239,71
1015085_1,Rome,Novosphingobium,0.000303361,71
1015085_1,Rome,Ottowia,0.006476249,71
1015085_1,Rome,Paracoccus,0.005712787,71
1015085_1,Rome,Phocaeicola,0.000349812,71
1015085_1,Rome,Prevotella,0.000777989,71
1015085_1,Rome,Propionivibrio,0.00361145,71
1015085_1,Rome,Pseudomonas_E,0.063198472,71
1015085_1,Rome,Pseudoxanthomonas,0.002635174,71
1015085_1,Rome,Pseudoxanthomonas_A,0.01076388,71
1015085_1,Rome,Psychrobacter,0.028700008,71
1015085_1,Rome,Rubrivivax,0.000118803,71
1015085_1,Rome,Streptococcus,0.002759721,71
1015085_1,Rome,Telluria,0.004894396,71
1015085_1,Rome,Thauera,0.003645292,71
1015085_1,Rome,Thermomonas,0.004914866,71
1015085_1,Rome,Thiothrix,0.000686255,71
1015085_1,Rome,Tolumonas,0.000685766,71
1015085_1,Rome,Trichococcus,0.002714001,71
1015085_1,Rome,UBA1413,8.84267e-05,71
1015087_1,Rome,Acidovorax,0.299259847,73
1015087_1,Rome,Acinetobacter,0.08325883,73
1015087_1,Rome,Aeromonas,0.002054364,73
1015087_1,Rome,Aliarcobacter,0.001437386,73
1015087_1,Rome,Aquabacterium_A,0.000207588,73
1015087_1,Rome,Bacteroides,0.000358943,73
1015087_1,Rome,Brachymonas,0.00989642,73
1015087_1,Rome,Brevefilum,5.1266e-06,73
1015087_1,Rome,Brevundimonas,0.002838507,73
1015087_1,Rome,Cloacibacterium,0.01903122,73
1015087_1,Rome,Comamonas,0.038957381,73
1015087_1,Rome,Competibacter_A,6.70386e-05,73
1015087_1,Rome,Enterobacter,0.000114625,73
1015087_1,Rome,Fermentibacter,3.46088e-05,73
1015087_1,Rome,Flavobacterium,0.052978818,73
1015087_1,Rome,Giesbergeria,0.010318237,73
1015087_1,Rome,Hydrogenophaga,0.000664099,73
1015087_1,Rome,JAGOYM01,0.000245928,73
1015087_1,Rome,Janthinobacterium,0.038011189,73
1015087_1,Rome,Kaistella,0.014283295,73
1015087_1,Rome,Lactococcus_A,0.000116965,73
1015087_1,Rome,Lenti-01,0.001137095,73
1015087_1,Rome,Microthrix,0.000793789,73
1015087_1,Rome,Moraxella_A,0.04600898,73
1015087_1,Rome,Neisseria,0.00289086,73
1015087_1,Rome,Novosphingobium,0.000549224,73
1015087_1,Rome,Ottowia,0.002806803,73
1015087_1,Rome,Paracoccus,0.003767991,73
1015087_1,Rome,Phocaeicola,0.000123429,73
1015087_1,Rome,Prevotella,0.000377783,73
1015087_1,Rome,Propionivibrio,0.007372718,73
1015087_1,Rome,Pseudomonas_E,0.096593611,73
1015087_1,Rome,Pseudoxanthomonas,0.005691081,73
1015087_1,Rome,Pseudoxanthomonas_A,0.003048113,73
1015087_1,Rome,Psychrobacter,0.026204522,73
1015087_1,Rome,Rubrivivax,0.000136638,73
1015087_1,Rome,Streptococcus,0.000683163,73
1015087_1,Rome,Telluria,0.050431702,73
1015087_1,Rome,Thauera,0.004863764,73
1015087_1,Rome,Thermomonas,0.004231896,73
1015087_1,Rome,Thiothrix,0.001883338,73
1015087_1,Rome,Tolumonas,0.00017623,73
1015087_1,Rome,Trichococcus,0.000671629,73
1015087_1,Rome,UBA1413,2.00078e-05,73
1015089_1,Rome,Acidovorax,0.170577341,75
1015089_1,Rome,Acinetobacter,0.044422576,75
1015089_1,Rome,Aeromonas,0.000676289,75
1015089_1,Rome,Aliarcobacter,0.000505703,75
1015089_1,Rome,Aquabacterium_A,7.68627e-05,75
1015089_1,Rome,Bacteroides,9.55086e-05,75
1015089_1,Rome,Brachymonas,0.005129267,75
1015089_1,Rome,Brevefilum,1.47173e-06,75
1015089_1,Rome,Brevundimonas,0.001628463,75
1015089_1,Rome,Cloacibacterium,0.003653564,75
1015089_1,Rome,Comamonas,0.007458238,75
1015089_1,Rome,Competibacter_A,8.79151e-05,75
1015089_1,Rome,Enterobacter,6.72089e-05,75
1015089_1,Rome,Fermentibacter,5.76653e-06,75
1015089_1,Rome,Flavobacterium,0.024265027,75
1015089_1,Rome,Giesbergeria,0.00385228,75
1015089_1,Rome,Hydrogenophaga,0.000442122,75
1015089_1,Rome,JAGOYM01,0.00025368,75
1015089_1,Rome,Janthinobacterium,0.027279344,75
1015089_1,Rome,Kaistella,0.018929263,75
1015089_1,Rome,Lactococcus_A,7.29934e-05,75
1015089_1,Rome,Lenti-01,0.000811097,75
1015089_1,Rome,Microthrix,1.96131e-05,75
1015089_1,Rome,Moraxella_A,0.053503159,75
1015089_1,Rome,Neisseria,0.002837496,75
1015089_1,Rome,Novosphingobium,0.000489934,75
1015089_1,Rome,Ottowia,0.003768752,75
1015089_1,Rome,Paracoccus,0.004479681,75
1015089_1,Rome,Phocaeicola,9.6106e-05,75
1015089_1,Rome,Prevotella,0.000191134,75
1015089_1,Rome,Propionivibrio,0.003590837,75
1015089_1,Rome,Pseudomonas_E,0.355459427,75
1015089_1,Rome,Pseudoxanthomonas,0.002790607,75
1015089_1,Rome,Pseudoxanthomonas_A,0.007101074,75
1015089_1,Rome,Psychrobacter,0.087078166,75
1015089_1,Rome,Rubrivivax,7.74833e-05,75
1015089_1,Rome,Streptococcus,0.000517711,75
1015089_1,Rome,Telluria,0.019711533,75
1015089_1,Rome,Thauera,0.002533945,75
1015089_1,Rome,Thermomonas,0.004376602,75
1015089_1,Rome,Thiothrix,0.000943657,75
1015089_1,Rome,Tolumonas,0.000224508,75
1015089_1,Rome,Trichococcus,0.000576685,75
1015089_1,Rome,UBA1413,1.39653e-06,75
1015091_1,Rome,Acidovorax,0.121070117,78
1015091_1,Rome,Acinetobacter,0.108506983,78
1015091_1,Rome,Aeromonas,0.000581556,78
1015091_1,Rome,Aliarcobacter,0.000881113,78
1015091_1,Rome,Aquabacterium_A,0.000101736,78
1015091_1,Rome,Bacteroides,3.26164e-05,78
1015091_1,Rome,Brachymonas,0.005223183,78
1015091_1,Rome,Brevefilum,1.1521e-06,78
1015091_1,Rome,Brevundimonas,0.000700144,78
1015091_1,Rome,Cloacibacterium,0.006625856,78
1015091_1,Rome,Comamonas,0.006752619,78
1015091_1,Rome,Competibacter_A,0.000101126,78
1015091_1,Rome,Enterobacter,9.83896e-05,78
1015091_1,Rome,Fermentibacter,9.72686e-06,78
1015091_1,Rome,Flavobacterium,0.019341009,78
1015091_1,Rome,Giesbergeria,0.003696715,78
1015091_1,Rome,Hydrogenophaga,0.000256053,78
1015091_1,Rome,JAGOYM01,0.000271237,78
1015091_1,Rome,Janthinobacterium,0.008379603,78
1015091_1,Rome,Kaistella,0.009376807,78
1015091_1,Rome,Lactococcus_A,0.000106756,78
1015091_1,Rome,Lenti-01,0.000591567,78
1015091_1,Rome,Microthrix,1.06792e-05,78
1015091_1,Rome,Moraxella_A,0.024127079,78
1015091_1,Rome,Neisseria,0.004723241,78
1015091_1,Rome,Novosphingobium,0.000476715,78
1015091_1,Rome,Ottowia,0.004624438,78
1015091_1,Rome,Paracoccus,0.003982654,78
1015091_1,Rome,Phocaeicola,2.94853e-05,78
1015091_1,Rome,Prevotella,7.47195e-05,78
1015091_1,Rome,Propionivibrio,0.005658855,78
1015091_1,Rome,Pseudomonas_E,0.460280804,78
1015091_1,Rome,Pseudoxanthomonas,0.002317612,78
1015091_1,Rome,Pseudoxanthomonas_A,0.003478658,78
1015091_1,Rome,Psychrobacter,0.063821255,78
1015091_1,Rome,Rubrivivax,8.71489e-05,78
1015091_1,Rome,Streptococcus,0.00039221,78
1015091_1,Rome,Telluria,0.002731854,78
1015091_1,Rome,Thauera,0.002868364,78
1015091_1,Rome,Thermomonas,0.002360852,78
1015091_1,Rome,Thiothrix,0.002262869,78
1015091_1,Rome,Tolumonas,0.000157601,78
1015091_1,Rome,Trichococcus,0.000628037,78
1015091_1,Rome,UBA1413,5.42607e-08,78
1015093_1,Rome,Acidovorax,0.008698257,80
1015093_1,Rome,Acinetobacter,0.001356189,80
1015093_1,Rome,Aeromonas,0.000236567,80
1015093_1,Rome,Aliarcobacter,8.95993e-05,80
1015093_1,Rome,Aquabacterium_A,3.38783e-05,80
1015093_1,Rome,Bacteroides,2.2139e-05,80
1015093_1,Rome,Brachymonas,0.003210041,80
1015093_1,Rome,Brevefilum,1.26145e-07,80
1015093_1,Rome,Brevundimonas,0.000247954,80
1015093_1,Rome,Cloacibacterium,9.84594e-05,80
1015093_1,Rome,Comamonas,0.002435701,80
1015093_1,Rome,Competibacter_A,0.000181262,80
1015093_1,Rome,Enterobacter,0.000348769,80
1015093_1,Rome,Fermentibacter,1.40562e-06,80
1015093_1,Rome,Flavobacterium,7.10374e-05,80
1015093_1,Rome,Giesbergeria,0.001034388,80
1015093_1,Rome,Hydrogenophaga,5.8641e-05,80
1015093_1,Rome,JAGOYM01,3.60501e-05,80
1015093_1,Rome,Janthinobacterium,0.002312868,80
1015093_1,Rome,Kaistella,8.33074e-05,80
1015093_1,Rome,Lactococcus_A,3.57436e-06,80
1015093_1,Rome,Lenti-01,0.000973203,80
1015093_1,Rome,Microthrix,6.06532e-06,80
1015093_1,Rome,Moraxella_A,0.000276943,80
1015093_1,Rome,Neisseria,0.000933433,80
1015093_1,Rome,Novosphingobium,6.59705e-05,80
1015093_1,Rome,Ottowia,0.00115724,80
1015093_1,Rome,Paracoccus,0.000333157,80
1015093_1,Rome,Phocaeicola,1.95616e-05,80
1015093_1,Rome,Prevotella,6.25608e-05,80
1015093_1,Rome,Propionivibrio,0.001500451,80
1015093_1,Rome,Pseudomonas_E,0.899228742,80
1015093_1,Rome,Pseudoxanthomonas,0.002486058,80
1015093_1,Rome,Pseudoxanthomonas_A,0.001964871,80
1015093_1,Rome,Psychrobacter,0.026636308,80
1015093_1,Rome,Rubrivivax,1.74283e-05,80
1015093_1,Rome,Streptococcus,7.60689e-05,80
1015093_1,Rome,Telluria,0.001285789,80
1015093_1,Rome,Thauera,0.002021335,80
1015093_1,Rome,Thermomonas,0.00150843,80
1015093_1,Rome,Thiothrix,2.33931e-05,80
1015093_1,Rome,Tolumonas,6.01463e-05,80
1015093_1,Rome,Trichococcus,8.95337e-05,80
1015093_1,Rome,UBA1413,5.89419e-08,80
1015094_1,Rome,Acidovorax,0.121022449,82
1015094_1,Rome,Acinetobacter,0.051709675,82
1015094_1,Rome,Aeromonas,0.000414927,82
1015094_1,Rome,Aliarcobacter,0.00046293,82
1015094_1,Rome,Aquabacterium_A,0.000223696,82
1015094_1,Rome,Bacteroides,5.84231e-05,82
1015094_1,Rome,Brachymonas,0.004297751,82
1015094_1,Rome,Brevefilum,2.5527e-06,82
1015094_1,Rome,Brevundimonas,0.001341217,82
1015094_1,Rome,Cloacibacterium,0.005145344,82
1015094_1,Rome,Comamonas,0.006096484,82
1015094_1,Rome,Competibacter_A,0.000182491,82
1015094_1,Rome,Enterobacter,9.61015e-05,82
1015094_1,Rome,Fermentibacter,2.08925e-05,82
1015094_1,Rome,Flavobacterium,0.016503208,82
1015094_1,Rome,Giesbergeria,0.005140284,82
1015094_1,Rome,Hydrogenophaga,0.00031467,82
1015094_1,Rome,JAGOYM01,0.000225715,82
1015094_1,Rome,Janthinobacterium,0.045625029,82
1015094_1,Rome,Kaistella,0.008513539,82
1015094_1,Rome,Lactococcus_A,9.311e-05,82
1015094_1,Rome,Lenti-01,0.001307579,82
1015094_1,Rome,Microthrix,9.1738e-06,82
1015094_1,Rome,Moraxella_A,0.01425997,82
1015094_1,Rome,Neisseria,0.002627679,82
1015094_1,Rome,Novosphingobium,0.001117136,82
1015094_1,Rome,Ottowia,0.003307179,82
1015094_1,Rome,Paracoccus,0.002872838,82
1015094_1,Rome,Phocaeicola,5.66175e-05,82
1015094_1,Rome,Prevotella,0.000116191,82
1015094_1,Rome,Propionivibrio,0.004566567,82
1015094_1,Rome,Pseudomonas_E,0.491547254,82
1015094_1,Rome,Pseudoxanthomonas,0.005084778,82
1015094_1,Rome,Pseudoxanthomonas_A,0.004753941,82
1015094_1,Rome,Psychrobacter,0.047099073,82
1015094_1,Rome,Rubrivivax,0.000100228,82
1015094_1,Rome,Streptococcus,0.000338602,82
1015094_1,Rome,Telluria,0.005455411,82
1015094_1,Rome,Thauera,0.003352464,82
1015094_1,Rome,Thermomonas,0.010561775,82
1015094_1,Rome,Thiothrix,0.000517956,82
1015094_1,Rome,Tolumonas,7.02187e-05,82
1015094_1,Rome,Trichococcus,0.001036208,82
1015094_1,Rome,UBA1413,7.4474e-07,82
1015096_1,Rome,Acidovorax,0.132690968,83
1015096_1,Rome,Acinetobacter,0.057513723,83
1015096_1,Rome,Aeromonas,0.001549048,83
1015096_1,Rome,Aliarcobacter,0.001358449,83
1015096_1,Rome,Aquabacterium_A,0.00036665,83
1015096_1,Rome,Bacteroides,0.00025091,83
1015096_1,Rome,Brachymonas,0.004547775,83
1015096_1,Rome,Brevefilum,1.17787e-05,83
1015096_1,Rome,Brevundimonas,0.000695202,83
1015096_1,Rome,Cloacibacterium,0.006021722,83
1015096_1,Rome,Comamonas,0.009420499,83
1015096_1,Rome,Competibacter_A,0.000128295,83
1015096_1,Rome,Enterobacter,9.14716e-05,83
1015096_1,Rome,Fermentibacter,0.001331331,83
1015096_1,Rome,Flavobacterium,0.078094134,83
1015096_1,Rome,Giesbergeria,0.006364016,83
1015096_1,Rome,Hydrogenophaga,0.000366323,83
1015096_1,Rome,JAGOYM01,0.000114157,83
1015096_1,Rome,Janthinobacterium,0.066297645,83
1015096_1,Rome,Kaistella,0.028060088,83
1015096_1,Rome,Lactococcus_A,0.000106629,83
1015096_1,Rome,Lenti-01,0.002973392,83
1015096_1,Rome,Microthrix,1.578e-05,83
1015096_1,Rome,Moraxella_A,0.023602861,83
1015096_1,Rome,Neisseria,0.006787268,83
1015096_1,Rome,Novosphingobium,0.000389179,83
1015096_1,Rome,Ottowia,0.002894499,83
1015096_1,Rome,Paracoccus,0.001984748,83
1015096_1,Rome,Phocaeicola,0.000547091,83
1015096_1,Rome,Prevotella,0.000428731,83
1015096_1,Rome,Propionivibrio,0.005367589,83
1015096_1,Rome,Pseudomonas_E,0.338669074,83
1015096_1,Rome,Pseudoxanthomonas,0.002257096,83
1015096_1,Rome,Pseudoxanthomonas_A,0.004244738,83
1015096_1,Rome,Psychrobacter,0.069282569,83
1015096_1,Rome,Rubrivivax,5.70157e-05,83
1015096_1,Rome,Streptococcus,0.000731594,83
1015096_1,Rome,Telluria,0.00831445,83
1015096_1,Rome,Thauera,0.004505077,83
1015096_1,Rome,Thermomonas,0.005052192,83
1015096_1,Rome,Thiothrix,0.000312158,83
1015096_1,Rome,Tolumonas,0.000168563,83
1015096_1,Rome,Trichococcus,0.000744002,83
1015096_1,Rome,UBA1413,4.69875e-05,83
1015098_1,Rome,Acidovorax,0.136282042,85
1015098_1,Rome,Acinetobacter,0.038235353,85
1015098_1,Rome,Aeromonas,0.000577155,85
1015098_1,Rome,Aliarcobacter,0.000793329,85
1015098_1,Rome,Aquabacterium_A,9.41014e-05,85
1015098_1,Rome,Bacteroides,0.000125313,85
1015098_1,Rome,Brachymonas,0.011816451,85
1015098_1,Rome,Brevefilum,4.13212e-06,85
1015098_1,Rome,Brevundimonas,0.004104843,85
1015098_1,Rome,Cloacibacterium,0.006672698,85
1015098_1,Rome,Comamonas,0.009049791,85
1015098_1,Rome,Competibacter_A,0.000116667,85
1015098_1,Rome,Enterobacter,0.000167631,85
1015098_1,Rome,Fermentibacter,4.00827e-05,85
1015098_1,Rome,Flavobacterium,0.014364419,85
1015098_1,Rome,Giesbergeria,0.009261089,85
1015098_1,Rome,Hydrogenophaga,0.000477274,85
1015098_1,Rome,JAGOYM01,0.000279736,85
1015098_1,Rome,Janthinobacterium,0.002616762,85
1015098_1,Rome,Kaistella,0.010279375,85
1015098_1,Rome,Lactococcus_A,4.38959e-05,85
1015098_1,Rome,Lenti-01,0.001257093,85
1015098_1,Rome,Microthrix,9.98126e-06,85
1015098_1,Rome,Moraxella_A,0.013041558,85
1015098_1,Rome,Neisseria,0.003407159,85
1015098_1,Rome,Novosphingobium,0.000479541,85
1015098_1,Rome,Ottowia,0.003926129,85
1015098_1,Rome,Paracoccus,0.002550045,85
1015098_1,Rome,Phocaeicola,0.000141269,85
1015098_1,Rome,Prevotella,0.000215957,85
1015098_1,Rome,Propionivibrio,0.005664525,85
1015098_1,Rome,Pseudomonas_E,0.466805154,85
1015098_1,Rome,Pseudoxanthomonas,0.005988338,85
1015098_1,Rome,Pseudoxanthomonas_A,0.021594883,85
1015098_1,Rome,Psychrobacter,0.034205064,85
1015098_1,Rome,Rubrivivax,0.000110938,85
1015098_1,Rome,Streptococcus,0.000590047,85
1015098_1,Rome,Telluria,0.010479611,85
1015098_1,Rome,Thauera,0.005120746,85
1015098_1,Rome,Thermomonas,0.005321605,85
1015098_1,Rome,Thiothrix,0.000469658,85
1015098_1,Rome,Tolumonas,8.7615e-05,85
1015098_1,Rome,Trichococcus,0.000778264,85
1015098_1,Rome,UBA1413,5.65504e-06,85
1015100_1,Rome,Acidovorax,0.143490669,87
1015100_1,Rome,Acinetobacter,0.05102285,87
1015100_1,Rome,Aeromonas,0.001213864,87
1015100_1,Rome,Aliarcobacter,0.000666967,87
1015100_1,Rome,Aquabacterium_A,0.000176327,87
1015100_1,Rome,Bacteroides,0.001042622,87
1015100_1,Rome,Brachymonas,0.004375714,87
1015100_1,Rome,Brevefilum,1.95204e-06,87
1015100_1,Rome,Brevundimonas,0.003303178,87
1015100_1,Rome,Cloacibacterium,0.002392827,87
1015100_1,Rome,Comamonas,0.017647264,87
1015100_1,Rome,Competibacter_A,6.36672e-05,87
1015100_1,Rome,Enterobacter,0.000290588,87
1015100_1,Rome,Fermentibacter,6.26134e-06,87
1015100_1,Rome,Flavobacterium,0.062994696,87
1015100_1,Rome,Giesbergeria,0.018985762,87
1015100_1,Rome,Hydrogenophaga,0.003181238,87
1015100_1,Rome,JAGOYM01,9.43248e-05,87
1015100_1,Rome,Janthinobacterium,0.00453808,87
1015100_1,Rome,Kaistella,0.009039778,87
1015100_1,Rome,Lactococcus_A,4.37763e-05,87
1015100_1,Rome,Lenti-01,0.000333018,87
1015100_1,Rome,Microthrix,8.20964e-06,87
1015100_1,Rome,Moraxella_A,0.0108218,87
1015100_1,Rome,Neisseria,0.001624692,87
1015100_1,Rome,Novosphingobium,0.000863346,87
1015100_1,Rome,Ottowia,0.002297391,87
1015100_1,Rome,Paracoccus,0.002568173,87
1015100_1,Rome,Phocaeicola,0.000202673,87
1015100_1,Rome,Prevotella,0.000467487,87
1015100_1,Rome,Propionivibrio,0.003171725,87
1015100_1,Rome,Pseudomonas_E,0.155081781,87
1015100_1,Rome,Pseudoxanthomonas,0.001202857,87
1015100_1,Rome,Pseudoxanthomonas_A,0.039693897,87
1015100_1,Rome,Psychrobacter,0.010880095,87
1015100_1,Rome,Rubrivivax,0.000128932,87
1015100_1,Rome,Streptococcus,0.000236977,87
1015100_1,Rome,Telluria,0.017903752,87
1015100_1,Rome,Thauera,0.005562411,87
1015100_1,Rome,Thermomonas,0.030047676,87
1015100_1,Rome,Thiothrix,0.000224602,87
1015100_1,Rome,Tolumonas,0.000477856,87
1015100_1,Rome,Trichococcus,0.000131395,87
1015100_1,Rome,UBA1413,3.33781e-07,87
1015103_1,Rome,Acidovorax,0.259314062,90
1015103_1,Rome,Acinetobacter,0.081983994,90
1015103_1,Rome,Aeromonas,0.001878753,90
1015103_1,Rome,Aliarcobacter,0.001394005,90
1015103_1,Rome,Aquabacterium_A,0.000219415,90
1015103_1,Rome,Bacteroides,0.000164926,90
1015103_1,Rome,Brachymonas,0.010806463,90
1015103_1,Rome,Brevefilum,3.31483e-06,90
1015103_1,Rome,Brevundimonas,0.002719707,90
1015103_1,Rome,Cloacibacterium,0.006739282,90
1015103_1,Rome,Comamonas,0.014364639,90
1015103_1,Rome,Competibacter_A,6.20971e-05,90
1015103_1,Rome,Enterobacter,7.44211e-05,90
1015103_1,Rome,Fermentibacter,0.000207321,90
1015103_1,Rome,Flavobacterium,0.032420158,90
1015103_1,Rome,Giesbergeria,0.007733487,90
1015103_1,Rome,Hydrogenophaga,0.000701374,90
1015103_1,Rome,JAGOYM01,0.000740307,90
1015103_1,Rome,Janthinobacterium,0.004242467,90
1015103_1,Rome,Kaistella,0.026665693,90
1015103_1,Rome,Lactococcus_A,0.000275952,90
1015103_1,Rome,Lenti-01,0.001132042,90
1015103_1,Rome,Microthrix,1.4165e-05,90
1015103_1,Rome,Moraxella_A,0.035455353,90
1015103_1,Rome,Neisseria,0.01805257,90
1015103_1,Rome,Novosphingobium,0.000682231,90
1015103_1,Rome,Ottowia,0.003491274,90
1015103_1,Rome,Paracoccus,0.00524972,90
1015103_1,Rome,Phocaeicola,0.000314537,90
1015103_1,Rome,Prevotella,0.000247796,90
1015103_1,Rome,Propionivibrio,0.003320082,90
1015103_1,Rome,Pseudomonas_E,0.235650441,90
1015103_1,Rome,Pseudoxanthomonas,0.009595428,90
1015103_1,Rome,Pseudoxanthomonas_A,0.01131519,90
1015103_1,Rome,Psychrobacter,0.021883788,90
1015103_1,Rome,Rubrivivax,0.000212659,90
1015103_1,Rome,Streptococcus,0.000415132,90
1015103_1,Rome,Telluria,0.006786446,90
1015103_1,Rome,Thauera,0.006978291,90
1015103_1,Rome,Thermomonas,0.005766052,90
1015103_1,Rome,Thiothrix,0.000424648,90
1015103_1,Rome,Tolumonas,0.000176579,90
1015103_1,Rome,Trichococcus,0.001477774,90
1015103_1,Rome,UBA1413,1.35109e-05,90
1014139_1,Rotterdam,Acidovorax,0.116991846,62
1014139_1,Rotterdam,Acinetobacter,0.024420544,62
1014139_1,Rotterdam,Aeromonas,0.011880321,62
1014139_1,Rotterdam,Aliarcobacter,0.014875503,62
1014139_1,Rotterdam,Aquabacterium_A,0.000421683,62
1014139_1,Rotterdam,Bacteroides,0.003988099,62
1014139_1,Rotterdam,Brachymonas,0.018044334,62
1014139_1,Rotterdam,Brevefilum,1.30594e-05,62
1014139_1,Rotterdam,Brevundimonas,0.001783221,62
1014139_1,Rotterdam,Cloacibacterium,0.014098819,62
1014139_1,Rotterdam,Comamonas,0.014948155,62
1014139_1,Rotterdam,Competibacter_A,7.96279e-05,62
1014139_1,Rotterdam,Enterobacter,0.002185934,62
1014139_1,Rotterdam,Fermentibacter,8.16335e-06,62
1014139_1,Rotterdam,Flavobacterium,0.007720471,62
1014139_1,Rotterdam,Giesbergeria,0.01513959,62
1014139_1,Rotterdam,Hydrogenophaga,0.001525912,62
1014139_1,Rotterdam,JAGOYM01,0.004895996,62
1014139_1,Rotterdam,Janthinobacterium,0.000639618,62
1014139_1,Rotterdam,Kaistella,0.001927273,62
1014139_1,Rotterdam,Lactococcus_A,0.030830763,62
1014139_1,Rotterdam,Lenti-01,0.003899289,62
1014139_1,Rotterdam,Microthrix,1.38892e-05,62
1014139_1,Rotterdam,Moraxella_A,0.001177911,62
1014139_1,Rotterdam,Neisseria,0.005660484,62
1014139_1,Rotterdam,Novosphingobium,0.000573121,62
1014139_1,Rotterdam,Ottowia,0.020965236,62
1014139_1,Rotterdam,Paracoccus,0.003631546,62
1014139_1,Rotterdam,Phocaeicola,0.011685068,62
1014139_1,Rotterdam,Prevotella,0.032874927,62
1014139_1,Rotterdam,Propionivibrio,0.025760635,62
1014139_1,Rotterdam,Pseudomonas_E,0.014761413,62
1014139_1,Rotterdam,Pseudoxanthomonas,0.002327394,62
1014139_1,Rotterdam,Pseudoxanthomonas_A,0.024832927,62
1014139_1,Rotterdam,Psychrobacter,0.001117283,62
1014139_1,Rotterdam,Rubrivivax,0.000195707,62
1014139_1,Rotterdam,Streptococcus,0.004971815,62
1014139_1,Rotterdam,Telluria,0.000705579,62
1014139_1,Rotterdam,Thauera,0.012390036,62
1014139_1,Rotterdam,Thermomonas,0.00602192,62
1014139_1,Rotterdam,Thiothrix,0.002421497,62
1014139_1,Rotterdam,Tolumonas,0.006871664,62
1014139_1,Rotterdam,Trichococcus,0.043432293,62
1014139_1,Rotterdam,UBA1413,7.56545e-07,62
1014141_1,Rotterdam,Acidovorax,0.114493738,64
1014141_1,Rotterdam,Acinetobacter,0.015609889,64
1014141_1,Rotterdam,Aeromonas,0.027986777,64
1014141_1,Rotterdam,Aliarcobacter,0.019896713,64
1014141_1,Rotterdam,Aquabacterium_A,0.000662978,64
1014141_1,Rotterdam,Bacteroides,0.006133589,64
1014141_1,Rotterdam,Brachymonas,0.021948515,64
1014141_1,Rotterdam,Brevefilum,7.1369e-06,64
1014141_1,Rotterdam,Brevundimonas,0.00269054,64
1014141_1,Rotterdam,Cloacibacterium,0.028714096,64
1014141_1,Rotterdam,Comamonas,0.013405508,64
1014141_1,Rotterdam,Competibacter_A,9.42149e-05,64
1014141_1,Rotterdam,Enterobacter,0.001310256,64
1014141_1,Rotterdam,Fermentibacter,3.69128e-06,64
1014141_1,Rotterdam,Flavobacterium,0.004059191,64
1014141_1,Rotterdam,Giesbergeria,0.016259298,64
1014141_1,Rotterdam,Hydrogenophaga,0.00119091,64
1014141_1,Rotterdam,JAGOYM01,0.003300678,64
1014141_1,Rotterdam,Janthinobacterium,0.000502161,64
1014141_1,Rotterdam,Kaistella,0.002632272,64
1014141_1,Rotterdam,Lactococcus_A,0.021017036,64
1014141_1,Rotterdam,Lenti-01,0.002081294,64
1014141_1,Rotterdam,Microthrix,6.7832e-06,64
1014141_1,Rotterdam,Moraxella_A,0.000859895,64
1014141_1,Rotterdam,Neisseria,0.002588228,64
1014141_1,Rotterdam,Novosphingobium,0.001278241,64
1014141_1,Rotterdam,Ottowia,0.017624168,64
1014141_1,Rotterdam,Paracoccus,0.004577588,64
1014141_1,Rotterdam,Phocaeicola,0.008308264,64
1014141_1,Rotterdam,Prevotella,0.017864232,64
1014141_1,Rotterdam,Propionivibrio,0.019261305,64
1014141_1,Rotterdam,Pseudomonas_E,0.01130257,64
1014141_1,Rotterdam,Pseudoxanthomonas,0.002360351,64
1014141_1,Rotterdam,Pseudoxanthomonas_A,0.012218828,64
1014141_1,Rotterdam,Psychrobacter,0.000450026,64
1014141_1,Rotterdam,Rubrivivax,0.000255214,64
1014141_1,Rotterdam,Streptococcus,0.001848968,64
1014141_1,Rotterdam,Telluria,0.001154708,64
1014141_1,Rotterdam,Thauera,0.009329268,64
1014141_1,Rotterdam,Thermomonas,0.005839637,64
1014141_1,Rotterdam,Thiothrix,0.001109204,64
1014141_1,Rotterdam,Tolumonas,0.016313269,64
1014141_1,Rotterdam,Trichococcus,0.042104674,64
1014141_1,Rotterdam,UBA1413,2.10601e-06,64
1014143_1,Rotterdam,Acidovorax,0.202235567,65
1014143_1,Rotterdam,Acinetobacter,0.017101703,65
1014143_1,Rotterdam,Aeromonas,0.013337768,65
1014143_1,Rotterdam,Aliarcobacter,0.009358939,65
1014143_1,Rotterdam,Aquabacterium_A,0.001908,65
1014143_1,Rotterdam,Bacteroides,0.001865174,65
1014143_1,Rotterdam,Brachymonas,0.008988495,65
1014143_1,Rotterdam,Brevefilum,6.53688e-06,65
1014143_1,Rotterdam,Brevundimonas,0.001765006,65
1014143_1,Rotterdam,Cloacibacterium,0.006399893,65
1014143_1,Rotterdam,Comamonas,0.006056786,65
1014143_1,Rotterdam,Competibacter_A,0.000238541,65
1014143_1,Rotterdam,Enterobacter,0.001360124,65
1014143_1,Rotterdam,Fermentibacter,6.23334e-06,65
1014143_1,Rotterdam,Flavobacterium,0.004500043,65
1014143_1,Rotterdam,Giesbergeria,0.023794727,65
1014143_1,Rotterdam,Hydrogenophaga,0.003726881,65
1014143_1,Rotterdam,JAGOYM01,0.002539103,65
1014143_1,Rotterdam,Janthinobacterium,0.00036139,65
1014143_1,Rotterdam,Kaistella,0.001790024,65
1014143_1,Rotterdam,Lactococcus_A,0.001182301,65
1014143_1,Rotterdam,Lenti-01,0.007815692,65
1014143_1,Rotterdam,Microthrix,8.74348e-06,65
1014143_1,Rotterdam,Moraxella_A,0.00035783,65
1014143_1,Rotterdam,Neisseria,0.0021057,65
1014143_1,Rotterdam,Novosphingobium,0.05901469,65
1014143_1,Rotterdam,Ottowia,0.016262192,65
1014143_1,Rotterdam,Paracoccus,0.002494838,65
1014143_1,Rotterdam,Phocaeicola,0.001683745,65
1014143_1,Rotterdam,Prevotella,0.003572491,65
1014143_1,Rotterdam,Propionivibrio,0.013867037,65
1014143_1,Rotterdam,Pseudomonas_E,0.012663868,65
1014143_1,Rotterdam,Pseudoxanthomonas,0.001470571,65
1014143_1,Rotterdam,Pseudoxanthomonas_A,0.017462673,65
1014143_1,Rotterdam,Psychrobacter,0.000238057,65
1014143_1,Rotterdam,Rubrivivax,0.000274961,65
1014143_1,Rotterdam,Streptococcus,0.000623095,65
1014143_1,Rotterdam,Telluria,0.001211166,65
1014143_1,Rotterdam,Thauera,0.018538898,65
1014143_1,Rotterdam,Thermomonas,0.021084962,65
1014143_1,Rotterdam,Thiothrix,0.061410735,65
1014143_1,Rotterdam,Tolumonas,0.012280775,65
1014143_1,Rotterdam,Trichococcus,0.002112919,65
1014143_1,Rotterdam,UBA1413,7.96948e-07,65
1014145_1,Rotterdam,Acidovorax,0.109116643,68
1014145_1,Rotterdam,Acinetobacter,0.018569952,68
1014145_1,Rotterdam,Aeromonas,0.025231275,68
1014145_1,Rotterdam,Aliarcobacter,0.029906794,68
1014145_1,Rotterdam,Aquabacterium_A,0.000183167,68
1014145_1,Rotterdam,Bacteroides,0.004019515,68
1014145_1,Rotterdam,Brachymonas,0.020408929,68
1014145_1,Rotterdam,Brevefilum,1.71359e-05,68
1014145_1,Rotterdam,Brevundimonas,0.001298152,68
1014145_1,Rotterdam,Cloacibacterium,0.011456951,68
1014145_1,Rotterdam,Comamonas,0.010953053,68
1014145_1,Rotterdam,Competibacter_A,0.000234887,68
1014145_1,Rotterdam,Enterobacter,0.002707852,68
1014145_1,Rotterdam,Fermentibacter,9.38136e-06,68
1014145_1,Rotterdam,Flavobacterium,0.003345927,68
1014145_1,Rotterdam,Giesbergeria,0.024378933,68
1014145_1,Rotterdam,Hydrogenophaga,0.004639623,68
1014145_1,Rotterdam,JAGOYM01,0.001445815,68
1014145_1,Rotterdam,Janthinobacterium,0.000776758,68
1014145_1,Rotterdam,Kaistella,0.003421554,68
1014145_1,Rotterdam,Lactococcus_A,0.008236888,68
1014145_1,Rotterdam,Lenti-01,0.002492759,68
1014145_1,Rotterdam,Microthrix,9.4488e-06,68
1014145_1,Rotterdam,Moraxella_A,0.001306014,68
1014145_1,Rotterdam,Neisseria,0.005473843,68
1014145_1,Rotterdam,Novosphingobium,0.001617437,68
1014145_1,Rotterdam,Ottowia,0.013994526,68
1014145_1,Rotterdam,Paracoccus,0.001918551,68
1014145_1,Rotterdam,Phocaeicola,0.007323644,68
1014145_1,Rotterdam,Prevotella,0.011837557,68
1014145_1,Rotterdam,Propionivibrio,0.033727816,68
1014145_1,Rotterdam,Pseudomonas_E,0.011683706,68
1014145_1,Rotterdam,Pseudoxanthomonas,0.002577765,68
1014145_1,Rotterdam,Pseudoxanthomonas_A,0.004710176,68
1014145_1,Rotterdam,Psychrobacter,0.000344427,68
1014145_1,Rotterdam,Rubrivivax,0.000277228,68
1014145_1,Rotterdam,Streptococcus,0.002712909,68
1014145_1,Rotterdam,Telluria,0.001110877,68
1014145_1,Rotterdam,Thauera,0.012932327,68
1014145_1,Rotterdam,Thermomonas,0.006467898,68
1014145_1,Rotterdam,Thiothrix,0.001084595,68
1014145_1,Rotterdam,Tolumonas,0.026001133,68
1014145_1,Rotterdam,Trichococcus,0.012727751,68
1014145_1,Rotterdam,UBA1413,1.08505e-06,68
1014146_1,Rotterdam,Acidovorax,0.125846465,70
1014146_1,Rotterdam,Acinetobacter,0.017000815,70
1014146_1,Rotterdam,Aeromonas,0.031027453,70
1014146_1,Rotterdam,Aliarcobacter,0.011869885,70
1014146_1,Rotterdam,Aquabacterium_A,0.000340541,70
1014146_1,Rotterdam,Bacteroides,0.003200935,70
1014146_1,Rotterdam,Brachymonas,0.019315765,70
1014146_1,Rotterdam,Brevefilum,2.54765e-05,70
1014146_1,Rotterdam,Brevundimonas,0.007567453,70
1014146_1,Rotterdam,Cloacibacterium,0.005939681,70
1014146_1,Rotterdam,Comamonas,0.023623776,70
1014146_1,Rotterdam,Competibacter_A,0.000192661,70
1014146_1,Rotterdam,Enterobacter,0.001988639,70
1014146_1,Rotterdam,Fermentibacter,1.70963e-05,70
1014146_1,Rotterdam,Flavobacterium,0.003599233,70
1014146_1,Rotterdam,Giesbergeria,0.041659636,70
1014146_1,Rotterdam,Hydrogenophaga,0.012673624,70
1014146_1,Rotterdam,JAGOYM01,0.001134191,70
1014146_1,Rotterdam,Janthinobacterium,0.000905102,70
1014146_1,Rotterdam,Kaistella,0.00109909,70
1014146_1,Rotterdam,Lactococcus_A,0.002476986,70
1014146_1,Rotterdam,Lenti-01,0.005201994,70
1014146_1,Rotterdam,Microthrix,1.06252e-05,70
1014146_1,Rotterdam,Moraxella_A,0.000651469,70
1014146_1,Rotterdam,Neisseria,0.004670614,70
1014146_1,Rotterdam,Novosphingobium,0.002549401,70
1014146_1,Rotterdam,Ottowia,0.021132615,70
1014146_1,Rotterdam,Paracoccus,0.006440767,70
1014146_1,Rotterdam,Phocaeicola,0.005016494,70
1014146_1,Rotterdam,Prevotella,0.01261637,70
1014146_1,Rotterdam,Propionivibrio,0.037121195,70
1014146_1,Rotterdam,Pseudomonas_E,0.014823269,70
1014146_1,Rotterdam,Pseudoxanthomonas,0.004124395,70
1014146_1,Rotterdam,Pseudoxanthomonas_A,0.007259302,70
1014146_1,Rotterdam,Psychrobacter,0.000472271,70
1014146_1,Rotterdam,Rubrivivax,0.00019531,70
1014146_1,Rotterdam,Streptococcus,0.002255935,70
1014146_1,Rotterdam,Telluria,0.000785546,70
1014146_1,Rotterdam,Thauera,0.008103991,70
1014146_1,Rotterdam,Thermomonas,0.008976031,70
1014146_1,Rotterdam,Thiothrix,0.001994067,70
1014146_1,Rotterdam,Tolumonas,0.033594423,70
1014146_1,Rotterdam,Trichococcus,0.006354836,70
1014146_1,Rotterdam,UBA1413,7.26128e-07,70
1014149_1,Rotterdam,Acidovorax,0.077049877,73
1014149_1,Rotterdam,Acinetobacter,0.013451972,73
1014149_1,Rotterdam,Aeromonas,0.030665995,73
1014149_1,Rotterdam,Aliarcobacter,0.034839912,73
1014149_1,Rotterdam,Aquabacterium_A,0.000141206,73
1014149_1,Rotterdam,Bacteroides,0.003185522,73
1014149_1,Rotterdam,Brachymonas,0.021124251,73
1014149_1,Rotterdam,Brevefilum,5.47815e-06,73
1014149_1,Rotterdam,Brevundimonas,0.001783567,73
1014149_1,Rotterdam,Cloacibacterium,0.005876969,73
1014149_1,Rotterdam,Comamonas,0.013143683,73
1014149_1,Rotterdam,Competibacter_A,0.000115024,73
1014149_1,Rotterdam,Enterobacter,0.002679573,73
1014149_1,Rotterdam,Fermentibacter,3.52242e-05,73
1014149_1,Rotterdam,Flavobacterium,0.002783662,73
1014149_1,Rotterdam,Giesbergeria,0.051634059,73
1014149_1,Rotterdam,Hydrogenophaga,0.029216563,73
1014149_1,Rotterdam,JAGOYM01,0.000521628,73
1014149_1,Rotterdam,Janthinobacterium,0.004835309,73
1014149_1,Rotterdam,Kaistella,0.00106323,73
1014149_1,Rotterdam,Lactococcus_A,0.001517223,73
1014149_1,Rotterdam,Lenti-01,0.002304968,73
1014149_1,Rotterdam,Microthrix,5.79748e-06,73
1014149_1,Rotterdam,Moraxella_A,0.000895294,73
1014149_1,Rotterdam,Neisseria,0.005487893,73
1014149_1,Rotterdam,Novosphingobium,0.000996543,73
1014149_1,Rotterdam,Ottowia,0.016356346,73
1014149_1,Rotterdam,Paracoccus,0.00118527,73
1014149_1,Rotterdam,Phocaeicola,0.004422334,73
1014149_1,Rotterdam,Prevotella,0.008238175,73
1014149_1,Rotterdam,Propionivibrio,0.037107073,73
1014149_1,Rotterdam,Pseudomonas_E,0.124956169,73
1014149_1,Rotterdam,Pseudoxanthomonas,0.003367282,73
1014149_1,Rotterdam,Pseudoxanthomonas_A,0.00768689,73
1014149_1,Rotterdam,Psychrobacter,0.003988314,73
1014149_1,Rotterdam,Rubrivivax,0.000129624,73
1014149_1,Rotterdam,Streptococcus,0.000618601,73
1014149_1,Rotterdam,Telluria,0.001042102,73
1014149_1,Rotterdam,Thauera,0.010693378,73
1014149_1,Rotterdam,Thermomonas,0.012126846,73
1014149_1,Rotterdam,Thiothrix,0.000683637,73
1014149_1,Rotterdam,Tolumonas,0.018668119,73
1014149_1,Rotterdam,Trichococcus,0.004133815,73
1014149_1,Rotterdam,UBA1413,8.91042e-07,73
1014151_1,Rotterdam,Acidovorax,0.081182167,74
1014151_1,Rotterdam,Acinetobacter,0.017388994,74
1014151_1,Rotterdam,Aeromonas,0.029168859,74
1014151_1,Rotterdam,Aliarcobacter,0.006574074,74
1014151_1,Rotterdam,Aquabacterium_A,0.000255299,74
1014151_1,Rotterdam,Bacteroides,0.003819545,74
1014151_1,Rotterdam,Brachymonas,0.010720233,74
1014151_1,Rotterdam,Brevefilum,8.17468e-06,74
1014151_1,Rotterdam,Brevundimonas,0.002338393,74
1014151_1,Rotterdam,Cloacibacterium,0.006435852,74
1014151_1,Rotterdam,Comamonas,0.015340002,74
1014151_1,Rotterdam,Competibacter_A,0.000705519,74
1014151_1,Rotterdam,Enterobacter,0.002758656,74
1014151_1,Rotterdam,Fermentibacter,8.07924e-06,74
1014151_1,Rotterdam,Flavobacterium,0.003370294,74
1014151_1,Rotterdam,Giesbergeria,0.010773834,74
1014151_1,Rotterdam,Hydrogenophaga,0.077333948,74
1014151_1,Rotterdam,JAGOYM01,0.000244981,74
1014151_1,Rotterdam,Janthinobacterium,0.001442752,74
1014151_1,Rotterdam,Kaistella,0.001121187,74
1014151_1,Rotterdam,Lactococcus_A,0.000347001,74
1014151_1,Rotterdam,Lenti-01,0.003824299,74
1014151_1,Rotterdam,Microthrix,1.04298e-05,74
1014151_1,Rotterdam,Moraxella_A,0.002104351,74
1014151_1,Rotterdam,Neisseria,0.003712365,74
1014151_1,Rotterdam,Novosphingobium,0.003945206,74
1014151_1,Rotterdam,Ottowia,0.011494601,74
1014151_1,Rotterdam,Paracoccus,0.001864232,74
1014151_1,Rotterdam,Phocaeicola,0.004799852,74
1014151_1,Rotterdam,Prevotella,0.010447994,74
1014151_1,Rotterdam,Propionivibrio,0.017570073,74
1014151_1,Rotterdam,Pseudomonas_E,0.014289718,74
1014151_1,Rotterdam,Pseudoxanthomonas,0.002848918,74
1014151_1,Rotterdam,Pseudoxanthomonas_A,0.014025296,74
1014151_1,Rotterdam,Psychrobacter,0.001292259,74
1014151_1,Rotterdam,Rubrivivax,0.000267618,74
1014151_1,Rotterdam,Streptococcus,0.000801616,74
1014151_1,Rotterdam,Telluria,0.001120588,74
1014151_1,Rotterdam,Thauera,0.011259708,74
1014151_1,Rotterdam,Thermomonas,0.01166842,74
1014151_1,Rotterdam,Thiothrix,0.001439262,74
1014151_1,Rotterdam,Tolumonas,0.106762038,74
1014151_1,Rotterdam,Trichococcus,0.000597796,74
1014151_1,Rotterdam,UBA1413,2.91359e-06,74
1014154_1,Rotterdam,Acidovorax,0.086126103,77
1014154_1,Rotterdam,Acinetobacter,0.014416349,77
1014154_1,Rotterdam,Aeromonas,0.012281045,77
1014154_1,Rotterdam,Aliarcobacter,0.031033474,77
1014154_1,Rotterdam,Aquabacterium_A,0.000140592,77
1014154_1,Rotterdam,Bacteroides,0.003448297,77
1014154_1,Rotterdam,Brachymonas,0.011126395,77
1014154_1,Rotterdam,Brevefilum,1.37129e-05,77
1014154_1,Rotterdam,Brevundimonas,0.00109313,77
1014154_1,Rotterdam,Cloacibacterium,0.015137747,77
1014154_1,Rotterdam,Comamonas,0.013607595,77
1014154_1,Rotterdam,Competibacter_A,0.005029515,77
1014154_1,Rotterdam,Enterobacter,0.001094473,77
1014154_1,Rotterdam,Fermentibacter,7.03776e-06,77
1014154_1,Rotterdam,Flavobacterium,0.003541725,77
1014154_1,Rotterdam,Giesbergeria,0.016231168,77
1014154_1,Rotterdam,Hydrogenophaga,0.00908002,77
1014154_1,Rotterdam,JAGOYM01,0.000635958,77
1014154_1,Rotterdam,Janthinobacterium,0.001485731,77
1014154_1,Rotterdam,Kaistella,0.001691935,77
1014154_1,Rotterdam,Lactococcus_A,0.011706778,77
1014154_1,Rotterdam,Lenti-01,0.005773843,77
1014154_1,Rotterdam,Microthrix,8.78662e-06,77
1014154_1,Rotterdam,Moraxella_A,0.000714619,77
1014154_1,Rotterdam,Neisseria,0.002596926,77
1014154_1,Rotterdam,Novosphingobium,0.00430767,77
1014154_1,Rotterdam,Ottowia,0.011496803,77
1014154_1,Rotterdam,Paracoccus,0.000514147,77
1014154_1,Rotterdam,Phocaeicola,0.005229847,77
1014154_1,Rotterdam,Prevotella,0.011209769,77
1014154_1,Rotterdam,Propionivibrio,0.02777236,77
1014154_1,Rotterdam,Pseudomonas_E,0.026622312,77
1014154_1,Rotterdam,Pseudoxanthomonas,0.00289633,77
1014154_1,Rotterdam,Pseudoxanthomonas_A,0.009847357,77
1014154_1,Rotterdam,Psychrobacter,0.010218797,77
1014154_1,Rotterdam,Rubrivivax,0.000130108,77
1014154_1,Rotterdam,Streptococcus,0.00179572,77
1014154_1,Rotterdam,Telluria,0.000760573,77
1014154_1,Rotterdam,Thauera,0.007566104,77
1014154_1,Rotterdam,Thermomonas,0.007283101,77
1014154_1,Rotterdam,Thiothrix,0.003442378,77
1014154_1,Rotterdam,Tolumonas,0.021335048,77
1014154_1,Rotterdam,Trichococcus,0.006413238,77
1014154_1,Rotterdam,UBA1413,1.86919e-06,77
1014156_1,Rotterdam,Acidovorax,0.138493494,79
1014156_1,Rotterdam,Acinetobacter,0.011906093,79
1014156_1,Rotterdam,Aeromonas,0.025122409,79
1014156_1,Rotterdam,Aliarcobacter,0.010043188,79
1014156_1,Rotterdam,Aquabacterium_A,0.000300291,79
1014156_1,Rotterdam,Bacteroides,0.002726674,79
1014156_1,Rotterdam,Brachymonas,0.009628245,79
1014156_1,Rotterdam,Brevefilum,1.11798e-05,79
1014156_1,Rotterdam,Brevundimonas,0.002238188,79
1014156_1,Rotterdam,Cloacibacterium,0.005700223,79
1014156_1,Rotterdam,Comamonas,0.008233331,79
1014156_1,Rotterdam,Competibacter_A,0.004652208,79
1014156_1,Rotterdam,Enterobacter,0.002019144,79
1014156_1,Rotterdam,Fermentibacter,2.66027e-05,79
1014156_1,Rotterdam,Flavobacterium,0.003104333,79
1014156_1,Rotterdam,Giesbergeria,0.010014838,79
1014156_1,Rotterdam,Hydrogenophaga,0.00287633,79
1014156_1,Rotterdam,JAGOYM01,0.00028308,79
1014156_1,Rotterdam,Janthinobacterium,0.000801089,79
1014156_1,Rotterdam,Kaistella,0.001327237,79
1014156_1,Rotterdam,Lactococcus_A,0.001734044,79
1014156_1,Rotterdam,Lenti-01,0.005282172,79
1014156_1,Rotterdam,Microthrix,7.28208e-06,79
1014156_1,Rotterdam,Moraxella_A,0.000561861,79
1014156_1,Rotterdam,Neisseria,0.002811112,79
1014156_1,Rotterdam,Novosphingobium,0.017962708,79
1014156_1,Rotterdam,Ottowia,0.008386878,79
1014156_1,Rotterdam,Paracoccus,0.000624843,79
1014156_1,Rotterdam,Phocaeicola,0.002872133,79
1014156_1,Rotterdam,Prevotella,0.005690361,79
1014156_1,Rotterdam,Propionivibrio,0.022285057,79
1014156_1,Rotterdam,Pseudomonas_E,0.01743448,79
1014156_1,Rotterdam,Pseudoxanthomonas,0.004593787,79
1014156_1,Rotterdam,Pseudoxanthomonas_A,0.013303792,79
1014156_1,Rotterdam,Psychrobacter,0.00086077,79
1014156_1,Rotterdam,Rubrivivax,0.000530332,79
1014156_1,Rotterdam,Streptococcus,0.001244778,79
1014156_1,Rotterdam,Telluria,0.000955973,79
1014156_1,Rotterdam,Thauera,0.007591928,79
1014156_1,Rotterdam,Thermomonas,0.077786062,79
1014156_1,Rotterdam,Thiothrix,0.003590975,79
1014156_1,Rotterdam,Tolumonas,0.035293908,79
1014156_1,Rotterdam,Trichococcus,0.001645207,79
1014156_1,Rotterdam,UBA1413,1.1201e-06,79
1014158_1,Rotterdam,Acidovorax,0.105995723,81
1014158_1,Rotterdam,Acinetobacter,0.015630702,81
1014158_1,Rotterdam,Aeromonas,0.035313411,81
1014158_1,Rotterdam,Aliarcobacter,0.025516536,81
1014158_1,Rotterdam,Aquabacterium_A,0.000258633,81
1014158_1,Rotterdam,Bacteroides,0.001467941,81
1014158_1,Rotterdam,Brachymonas,0.016307988,81
1014158_1,Rotterdam,Brevefilum,2.07099e-05,81
1014158_1,Rotterdam,Brevundimonas,0.001543351,81
1014158_1,Rotterdam,Cloacibacterium,0.011940786,81
1014158_1,Rotterdam,Comamonas,0.022134935,81
1014158_1,Rotterdam,Competibacter_A,0.002296776,81
1014158_1,Rotterdam,Enterobacter,0.002952162,81
1014158_1,Rotterdam,Fermentibacter,8.81452e-06,81
1014158_1,Rotterdam,Flavobacterium,0.003077225,81
1014158_1,Rotterdam,Giesbergeria,0.013644106,81
1014158_1,Rotterdam,Hydrogenophaga,0.000855353,81
1014158_1,Rotterdam,JAGOYM01,0.000283723,81
1014158_1,Rotterdam,Janthinobacterium,0.000539779,81
1014158_1,Rotterdam,Kaistella,0.001433531,81
1014158_1,Rotterdam,Lactococcus_A,0.004970457,81
1014158_1,Rotterdam,Lenti-01,0.005311426,81
1014158_1,Rotterdam,Microthrix,7.52528e-06,81
1014158_1,Rotterdam,Moraxella_A,0.001374305,81
1014158_1,Rotterdam,Neisseria,0.004512124,81
1014158_1,Rotterdam,Novosphingobium,0.002546271,81
1014158_1,Rotterdam,Ottowia,0.014537173,81
1014158_1,Rotterdam,Paracoccus,0.000986716,81
1014158_1,Rotterdam,Phocaeicola,0.004910047,81
1014158_1,Rotterdam,Prevotella,0.007165313,81
1014158_1,Rotterdam,Propionivibrio,0.035510816,81
1014158_1,Rotterdam,Pseudomonas_E,0.021339435,81
1014158_1,Rotterdam,Pseudoxanthomonas,0.004503417,81
1014158_1,Rotterdam,Pseudoxanthomonas_A,0.007108837,81
1014158_1,Rotterdam,Psychrobacter,0.000880715,81
1014158_1,Rotterdam,Rubrivivax,0.000180264,81
1014158_1,Rotterdam,Streptococcus,0.001473374,81
1014158_1,Rotterdam,Telluria,0.000660787,81
1014158_1,Rotterdam,Thauera,0.009190804,81
1014158_1,Rotterdam,Thermomonas,0.007535159,81
1014158_1,Rotterdam,Thiothrix,0.011103695,81
1014158_1,Rotterdam,Tolumonas,0.044986495,81
1014158_1,Rotterdam,Trichococcus,0.003053242,81
1014158_1,Rotterdam,UBA1413,9.9551e-07,81
1014159_1,Rotterdam,Acidovorax,0.105785419,83
1014159_1,Rotterdam,Acinetobacter,0.015965815,83
1014159_1,Rotterdam,Aeromonas,0.053811671,83
1014159_1,Rotterdam,Aliarcobacter,0.005354213,83
1014159_1,Rotterdam,Aquabacterium_A,0.000793559,83
1014159_1,Rotterdam,Bacteroides,0.002660505,83
1014159_1,Rotterdam,Brachymonas,0.035748605,83
1014159_1,Rotterdam,Brevefilum,2.37395e-05,83
1014159_1,Rotterdam,Brevundimonas,0.001215633,83
1014159_1,Rotterdam,Cloacibacterium,0.00575753,83
1014159_1,Rotterdam,Comamonas,0.012563314,83
1014159_1,Rotterdam,Competibacter_A,0.000169876,83
1014159_1,Rotterdam,Enterobacter,0.004182148,83
1014159_1,Rotterdam,Fermentibacter,2.7628e-05,83
1014159_1,Rotterdam,Flavobacterium,0.002692222,83
1014159_1,Rotterdam,Giesbergeria,0.023608563,83
1014159_1,Rotterdam,Hydrogenophaga,0.006642815,83
1014159_1,Rotterdam,JAGOYM01,0.000241554,83
1014159_1,Rotterdam,Janthinobacterium,0.000787002,83
1014159_1,Rotterdam,Kaistella,0.001092459,83
1014159_1,Rotterdam,Lactococcus_A,0.006214623,83
1014159_1,Rotterdam,Lenti-01,0.003788605,83
1014159_1,Rotterdam,Microthrix,1.33363e-05,83
1014159_1,Rotterdam,Moraxella_A,0.000971163,83
1014159_1,Rotterdam,Neisseria,0.006683703,83
1014159_1,Rotterdam,Novosphingobium,0.002121786,83
1014159_1,Rotterdam,Ottowia,0.01531885,83
1014159_1,Rotterdam,Paracoccus,0.001126303,83
1014159_1,Rotterdam,Phocaeicola,0.006579558,83
1014159_1,Rotterdam,Prevotella,0.009946052,83
1014159_1,Rotterdam,Propionivibrio,0.023294576,83
1014159_1,Rotterdam,Pseudomonas_E,0.013761412,83
1014159_1,Rotterdam,Pseudoxanthomonas,0.003381763,83
1014159_1,Rotterdam,Pseudoxanthomonas_A,0.004129128,83
1014159_1,Rotterdam,Psychrobacter,0.000396429,83
1014159_1,Rotterdam,Rubrivivax,0.000194222,83
1014159_1,Rotterdam,Streptococcus,0.001966499,83
1014159_1,Rotterdam,Telluria,0.000809802,83
1014159_1,Rotterdam,Thauera,0.0094168,83
1014159_1,Rotterdam,Thermomonas,0.009874968,83
1014159_1,Rotterdam,Thiothrix,0.006490705,83
1014159_1,Rotterdam,Tolumonas,0.041901215,83
1014159_1,Rotterdam,Trichococcus,0.006661915,83
1014159_1,Rotterdam,UBA1413,8.49352e-07,83
1014162_1,Rotterdam,Acidovorax,0.091636222,86
1014162_1,Rotterdam,Acinetobacter,0.018642221,86
1014162_1,Rotterdam,Aeromonas,0.020534889,86
1014162_1,Rotterdam,Aliarcobacter,0.053226329,86
1014162_1,Rotterdam,Aquabacterium_A,0.000308656,86
1014162_1,Rotterdam,Bacteroides,0.009597409,86
1014162_1,Rotterdam,Brachymonas,0.015569053,86
1014162_1,Rotterdam,Brevefilum,6.70461e-06,86
1014162_1,Rotterdam,Brevundimonas,0.000987727,86
1014162_1,Rotterdam,Cloacibacterium,0.00628709,86
1014162_1,Rotterdam,Comamonas,0.015926666,86
1014162_1,Rotterdam,Competibacter_A,0.000215362,86
1014162_1,Rotterdam,Enterobacter,0.001662262,86
1014162_1,Rotterdam,Fermentibacter,8.49734e-06,86
1014162_1,Rotterdam,Flavobacterium,0.001861672,86
1014162_1,Rotterdam,Giesbergeria,0.021142645,86
1014162_1,Rotterdam,Hydrogenophaga,0.001338322,86
1014162_1,Rotterdam,JAGOYM01,0.000434277,86
1014162_1,Rotterdam,Janthinobacterium,0.010252324,86
1014162_1,Rotterdam,Kaistella,0.000935727,86
1014162_1,Rotterdam,Lactococcus_A,0.00417816,86
1014162_1,Rotterdam,Lenti-01,0.004224331,86
1014162_1,Rotterdam,Microthrix,8.97718e-06,86
1014162_1,Rotterdam,Moraxella_A,0.000475167,86
1014162_1,Rotterdam,Neisseria,0.004466957,86
1014162_1,Rotterdam,Novosphingobium,0.004374982,86
1014162_1,Rotterdam,Ottowia,0.011884842,86
1014162_1,Rotterdam,Paracoccus,0.000762858,86
1014162_1,Rotterdam,Phocaeicola,0.011799226,86
1014162_1,Rotterdam,Prevotella,0.009443076,86
1014162_1,Rotterdam,Propionivibrio,0.032809094,86
1014162_1,Rotterdam,Pseudomonas_E,0.140776727,86
1014162_1,Rotterdam,Pseudoxanthomonas,0.002521215,86
1014162_1,Rotterdam,Pseudoxanthomonas_A,0.004264519,86
1014162_1,Rotterdam,Psychrobacter,0.004161189,86
1014162_1,Rotterdam,Rubrivivax,0.000217928,86
1014162_1,Rotterdam,Streptococcus,0.001472501,86
1014162_1,Rotterdam,Telluria,0.000810615,86
1014162_1,Rotterdam,Thauera,0.008465352,86
1014162_1,Rotterdam,Thermomonas,0.011715868,86
1014162_1,Rotterdam,Thiothrix,0.008237382,86
1014162_1,Rotterdam,Tolumonas,0.025953158,86
1014162_1,Rotterdam,Trichococcus,0.005578494,86
1014162_1,Rotterdam,UBA1413,1.28488e-06,86
1014164_1,Rotterdam,Acidovorax,0.179892912,88
1014164_1,Rotterdam,Acinetobacter,0.048067837,88
1014164_1,Rotterdam,Aeromonas,0.015812213,88
1014164_1,Rotterdam,Aliarcobacter,0.007985929,88
1014164_1,Rotterdam,Aquabacterium_A,0.000467563,88
1014164_1,Rotterdam,Bacteroides,0.005611296,88
1014164_1,Rotterdam,Brachymonas,0.013625081,88
1014164_1,Rotterdam,Brevefilum,8.5422e-06,88
1014164_1,Rotterdam,Brevundimonas,0.001488085,88
1014164_1,Rotterdam,Cloacibacterium,0.011668491,88
1014164_1,Rotterdam,Comamonas,0.008862326,88
1014164_1,Rotterdam,Competibacter_A,0.000237911,88
1014164_1,Rotterdam,Enterobacter,0.000725576,88
1014164_1,Rotterdam,Fermentibacter,1.17841e-05,88
1014164_1,Rotterdam,Flavobacterium,0.010176781,88
1014164_1,Rotterdam,Giesbergeria,0.014807523,88
1014164_1,Rotterdam,Hydrogenophaga,0.002204511,88
1014164_1,Rotterdam,JAGOYM01,0.000705207,88
1014164_1,Rotterdam,Janthinobacterium,0.001179,88
1014164_1,Rotterdam,Kaistella,0.001998911,88
1014164_1,Rotterdam,Lactococcus_A,0.002150275,88
1014164_1,Rotterdam,Lenti-01,0.004167489,88
1014164_1,Rotterdam,Microthrix,8.07337e-06,88
1014164_1,Rotterdam,Moraxella_A,0.005550457,88
1014164_1,Rotterdam,Neisseria,0.005388365,88
1014164_1,Rotterdam,Novosphingobium,0.006182023,88
1014164_1,Rotterdam,Ottowia,0.019986154,88
1014164_1,Rotterdam,Paracoccus,0.001371156,88
1014164_1,Rotterdam,Phocaeicola,0.015046301,88
1014164_1,Rotterdam,Prevotella,0.021301491,88
1014164_1,Rotterdam,Propionivibrio,0.034396814,88
1014164_1,Rotterdam,Pseudomonas_E,0.017031162,88
1014164_1,Rotterdam,Pseudoxanthomonas,0.011723466,88
1014164_1,Rotterdam,Pseudoxanthomonas_A,0.007123671,88
1014164_1,Rotterdam,Psychrobacter,0.000632806,88
1014164_1,Rotterdam,Rubrivivax,0.000404868,88
1014164_1,Rotterdam,Streptococcus,0.002930229,88
1014164_1,Rotterdam,Telluria,0.000808765,88
1014164_1,Rotterdam,Thauera,0.013374366,88
1014164_1,Rotterdam,Thermomonas,0.017956367,88
1014164_1,Rotterdam,Thiothrix,0.005514655,88
1014164_1,Rotterdam,Tolumonas,0.012432759,88
1014164_1,Rotterdam,Trichococcus,0.005761413,88
1014164_1,Rotterdam,UBA1413,1.42489e-06,88
1014166_1,Rotterdam,Acidovorax,0.143163584,90
1014166_1,Rotterdam,Acinetobacter,0.02233097,90
1014166_1,Rotterdam,Aeromonas,0.028447805,90
1014166_1,Rotterdam,Aliarcobacter,0.007901664,90
1014166_1,Rotterdam,Aquabacterium_A,0.000217335,90
1014166_1,Rotterdam,Bacteroides,0.00346539,90
1014166_1,Rotterdam,Brachymonas,0.019110236,90
1014166_1,Rotterdam,Brevefilum,5.02267e-06,90
1014166_1,Rotterdam,Brevundimonas,0.005588943,90
1014166_1,Rotterdam,Cloacibacterium,0.010350787,90
1014166_1,Rotterdam,Comamonas,0.021818734,90
1014166_1,Rotterdam,Competibacter_A,6.3953e-05,90
1014166_1,Rotterdam,Enterobacter,0.002345298,90
1014166_1,Rotterdam,Fermentibacter,6.8733e-06,90
1014166_1,Rotterdam,Flavobacterium,0.003875242,90
1014166_1,Rotterdam,Giesbergeria,0.014407412,90
1014166_1,Rotterdam,Hydrogenophaga,0.002284647,90
1014166_1,Rotterdam,JAGOYM01,0.001894975,90
1014166_1,Rotterdam,Janthinobacterium,0.000765001,90
1014166_1,Rotterdam,Kaistella,0.001424623,90
1014166_1,Rotterdam,Lactococcus_A,0.00034171,90
1014166_1,Rotterdam,Lenti-01,0.007375649,90
1014166_1,Rotterdam,Microthrix,6.35881e-06,90
1014166_1,Rotterdam,Moraxella_A,0.004715735,90
1014166_1,Rotterdam,Neisseria,0.008516153,90
1014166_1,Rotterdam,Novosphingobium,0.001353806,90
1014166_1,Rotterdam,Ottowia,0.026414323,90
1014166_1,Rotterdam,Paracoccus,0.00336741,90
1014166_1,Rotterdam,Phocaeicola,0.003898843,90
1014166_1,Rotterdam,Prevotella,0.008059337,90
1014166_1,Rotterdam,Propionivibrio,0.026689908,90
1014166_1,Rotterdam,Pseudomonas_E,0.014516217,90
1014166_1,Rotterdam,Pseudoxanthomonas,0.006077374,90
1014166_1,Rotterdam,Pseudoxanthomonas_A,0.009760251,90
1014166_1,Rotterdam,Psychrobacter,0.000382773,90
1014166_1,Rotterdam,Rubrivivax,0.000279074,90
1014166_1,Rotterdam,Streptococcus,0.00082075,90
1014166_1,Rotterdam,Telluria,0.001197999,90
1014166_1,Rotterdam,Thauera,0.0090621,90
1014166_1,Rotterdam,Thermomonas,0.010926304,90
1014166_1,Rotterdam,Thiothrix,0.004041822,90
1014166_1,Rotterdam,Tolumonas,0.026275913,90
1014166_1,Rotterdam,Trichococcus,0.003334942,90
1014166_1,Rotterdam,UBA1413,1.21414e-06,90
