,subject_id,variable,week,value,source
0,Bologna,Acidovorax,60,,forecasted
1,Budapest,Acidovorax,60,,forecasted
2,Copenaghen_RA,Acidovorax,60,,forecasted
3,Copenaghen_RD,Acidovorax,60,0.16808035974596153,forecasted
4,Copenaghen_RL,Acidovorax,60,0.22427695621153845,forecasted
5,Rome,Acidovorax,60,0.20630339159615385,forecasted
6,Rotterdam,Acidovorax,60,,forecasted
7,Bologna,Acidovorax,61,0.15165471205769232,forecasted
8,Budapest,Acidovorax,61,,forecasted
9,Copenaghen_RA,Acidovorax,61,0.10298670141326922,forecasted
10,Copenaghen_RD,Acidovorax,61,0.10706652090384615,forecasted
11,Copenaghen_RL,Acidovorax,61,0.15368144801923078,forecasted
12,Rome,Acidovorax,61,,forecasted
13,Rotterdam,Acidovorax,61,,forecasted
14,Bologna,Acidovorax,62,,forecasted
15,Budapest,Acidovorax,62,,forecasted
16,Copenaghen_RA,Acidovorax,62,,forecasted
17,Copenaghen_RD,Acidovorax,62,,forecasted
18,Copenaghen_RL,Acidovorax,62,,forecasted
19,Rome,Acidovorax,62,0.2529511600961538,forecasted
20,Rotterdam,Acidovorax,62,0.11958840231234616,forecasted
21,Bologna,Acidovorax,63,0.19699896125,forecasted
22,Budapest,Acidovorax,63,,forecasted
23,Copenaghen_RA,Acidovorax,63,,forecasted
24,Copenaghen_RD,Acidovorax,63,,forecasted
25,Copenaghen_RL,Acidovorax,63,0.11630755670949999,forecasted
26,Rome,Acidovorax,63,0.24235102775,forecasted
27,Rotterdam,Acidovorax,63,,forecasted
28,Bologna,Acidovorax,64,,forecasted
29,Budapest,Acidovorax,64,,forecasted
30,Copenaghen_RA,Acidovorax,64,0.177282349,forecasted
31,Copenaghen_RD,Acidovorax,64,0.18050227776923075,forecasted
32,Copenaghen_RL,Acidovorax,64,0.19660192161538462,forecasted
33,Rome,Acidovorax,64,,forecasted
34,Rotterdam,Acidovorax,64,0.11606184331061539,forecasted
35,Bologna,Acidovorax,65,0.24335681932692307,forecasted
36,Budapest,Acidovorax,65,,forecasted
37,Copenaghen_RA,Acidovorax,65,0.13164712682357693,forecasted
38,Copenaghen_RD,Acidovorax,65,0.17189977378846155,forecasted
39,Copenaghen_RL,Acidovorax,65,0.21209436190384615,forecasted
40,Rome,Acidovorax,65,,forecasted
41,Rotterdam,Acidovorax,65,0.20316223121153845,forecasted
42,Bologna,Acidovorax,66,,forecasted
43,Budapest,Acidovorax,66,,forecasted
44,Copenaghen_RA,Acidovorax,66,,forecasted
45,Copenaghen_RD,Acidovorax,66,,forecasted
46,Copenaghen_RL,Acidovorax,66,,forecasted
47,Rome,Acidovorax,66,0.09690006493107692,forecasted
48,Rotterdam,Acidovorax,66,,forecasted
49,Bologna,Acidovorax,67,0.17408684563461535,forecasted
50,Budapest,Acidovorax,67,0.047779292235961536,forecasted
51,Copenaghen_RA,Acidovorax,67,0.11622722428846154,forecasted
52,Copenaghen_RD,Acidovorax,67,0.17934681121153845,forecasted
53,Copenaghen_RL,Acidovorax,67,0.17934681121153845,forecasted
54,Rome,Acidovorax,67,,forecasted
55,Rotterdam,Acidovorax,67,,forecasted
56,Bologna,Acidovorax,68,,forecasted
57,Budapest,Acidovorax,68,0.11251525008284616,forecasted
58,Copenaghen_RA,Acidovorax,68,0.21728586226923077,forecasted
59,Copenaghen_RD,Acidovorax,68,0.1544779285,forecasted
60,Copenaghen_RL,Acidovorax,68,0.20332854365384614,forecasted
61,Rome,Acidovorax,68,0.2870724553461539,forecasted
62,Rotterdam,Acidovorax,68,0.11251525008284616,forecasted
63,Bologna,Acidovorax,69,0.16042211576923077,forecasted
64,Budapest,Acidovorax,69,0.1108792625456923,forecasted
65,Copenaghen_RA,Acidovorax,69,0.13421358823076923,forecasted
66,Copenaghen_RD,Acidovorax,69,0.18371858469230767,forecasted
67,Copenaghen_RL,Acidovorax,69,0.15459799853846154,forecasted
68,Rome,Acidovorax,69,,forecasted
69,Rotterdam,Acidovorax,69,,forecasted
70,Bologna,Acidovorax,70,0.1787031444423077,forecasted
71,Budapest,Acidovorax,70,0.17584602663461538,forecasted
72,Copenaghen_RA,Acidovorax,70,0.1787031444423077,forecasted
73,Copenaghen_RD,Acidovorax,70,0.1787031444423077,forecasted
74,Copenaghen_RL,Acidovorax,70,0.18441738005769232,forecasted
75,Rome,Acidovorax,70,0.1787031444423077,forecasted
76,Rotterdam,Acidovorax,70,0.1787031444423077,forecasted
77,Bologna,Acidovorax,71,0.23266876444230766,forecasted
78,Budapest,Acidovorax,71,0.23266876444230766,forecasted
79,Copenaghen_RA,Acidovorax,71,0.2424037326730769,forecasted
80,Copenaghen_RD,Acidovorax,71,0.24727121678846153,forecasted
81,Copenaghen_RL,Acidovorax,71,0.24727121678846153,forecasted
82,Rome,Acidovorax,71,0.2424037326730769,forecasted
83,Rotterdam,Acidovorax,71,0.23266876444230766,forecasted
84,Bologna,Acidovorax,72,0.18632812582692307,forecasted
85,Budapest,Acidovorax,72,0.15745485094230768,forecasted
86,Copenaghen_RA,Acidovorax,72,0.15745485094230768,forecasted
87,Copenaghen_RD,Acidovorax,72,0.17670370086538462,forecasted
88,Copenaghen_RL,Acidovorax,72,0.17670370086538462,forecasted
89,Rome,Acidovorax,72,0.16707927590384614,forecasted
90,Rotterdam,Acidovorax,72,0.16707927590384614,forecasted
91,Bologna,Acidovorax,73,0.16077042792307691,forecasted
92,Budapest,Acidovorax,73,0.15183562669230768,forecasted
93,Copenaghen_RA,Acidovorax,73,0.16077042792307691,forecasted
94,Copenaghen_RD,Acidovorax,73,0.16077042792307691,forecasted
95,Copenaghen_RL,Acidovorax,73,0.16077042792307691,forecasted
96,Rome,Acidovorax,73,0.16077042792307691,forecasted
97,Rotterdam,Acidovorax,73,0.16970522915384617,forecasted
98,Bologna,Acidovorax,74,0.14311418390384617,forecasted
99,Budapest,Acidovorax,74,0.14815043617307694,forecasted
100,Copenaghen_RA,Acidovorax,74,0.14311418390384617,forecasted
101,Copenaghen_RD,Acidovorax,74,0.14311418390384617,forecasted
102,Copenaghen_RL,Acidovorax,74,0.1380779316346154,forecasted
103,Rome,Acidovorax,74,0.14311418390384617,forecasted
104,Rotterdam,Acidovorax,74,0.13304167936538464,forecasted
105,Bologna,Acidovorax,75,0.15832957803846154,forecasted
106,Budapest,Acidovorax,75,0.17146361665384618,forecasted
107,Copenaghen_RA,Acidovorax,75,0.15176255873076921,forecasted
108,Copenaghen_RD,Acidovorax,75,0.15832957803846154,forecasted
109,Copenaghen_RL,Acidovorax,75,0.15832957803846154,forecasted
110,Rome,Acidovorax,75,0.15176255873076921,forecasted
111,Rotterdam,Acidovorax,75,0.15176255873076921,forecasted
112,Bologna,Acidovorax,77,0.11446131746153847,forecasted
113,Budapest,Acidovorax,77,0.11937087161538462,forecasted
114,Copenaghen_RA,Acidovorax,77,0.12428042576923078,forecasted
115,Copenaghen_RD,Acidovorax,77,0.12428042576923078,forecasted
116,Copenaghen_RL,Acidovorax,77,0.11937087161538462,forecasted
117,Rome,Acidovorax,77,0.12428042576923078,forecasted
118,Rotterdam,Acidovorax,77,0.12428042576923078,forecasted
119,Bologna,Acidovorax,78,0.11945102913461537,forecasted
120,Budapest,Acidovorax,78,0.12294453978846154,forecasted
121,Copenaghen_RA,Acidovorax,78,0.11945102913461537,forecasted
122,Copenaghen_RD,Acidovorax,78,0.11945102913461537,forecasted
123,Copenaghen_RL,Acidovorax,78,0.11945102913461537,forecasted
124,Rome,Acidovorax,78,0.12294453978846154,forecasted
125,Rotterdam,Acidovorax,78,0.12294453978846154,forecasted
126,Bologna,Acidovorax,79,0.11868414688461539,forecasted
127,Budapest,Acidovorax,79,0.11709939911538461,forecasted
128,Copenaghen_RA,Acidovorax,79,0.11392990357692308,forecasted
129,Copenaghen_RD,Acidovorax,79,0.11551465134615385,forecasted
130,Copenaghen_RL,Acidovorax,79,0.11709939911538461,forecasted
131,Rome,Acidovorax,79,0.11709939911538461,forecasted
132,Rotterdam,Acidovorax,79,0.11868414688461539,forecasted
133,Bologna,Acidovorax,80,0.09890015348076923,forecasted
134,Budapest,Acidovorax,80,0.07562224471153846,forecasted
135,Copenaghen_RA,Acidovorax,80,0.09308067628846153,forecasted
136,Copenaghen_RD,Acidovorax,80,0.07562224471153846,forecasted
137,Copenaghen_RL,Acidovorax,80,0.08726119909615385,forecasted
138,Rome,Acidovorax,80,0.07562224471153846,forecasted
139,Rotterdam,Acidovorax,80,0.08726119909615385,forecasted
140,Bologna,Acidovorax,81,0.12691499859615385,forecasted
141,Budapest,Acidovorax,81,0.13062482971153844,forecasted
142,Copenaghen_RA,Acidovorax,81,0.13433466082692308,forecasted
143,Copenaghen_RD,Acidovorax,81,0.13433466082692308,forecasted
144,Copenaghen_RL,Acidovorax,81,0.13062482971153844,forecasted
145,Rome,Acidovorax,81,0.13433466082692308,forecasted
146,Rotterdam,Acidovorax,81,0.13062482971153844,forecasted
147,Bologna,Acidovorax,82,0.1536240190576923,forecasted
148,Budapest,Acidovorax,82,0.1560389501730769,forecasted
149,Copenaghen_RA,Acidovorax,82,0.1560389501730769,forecasted
150,Copenaghen_RD,Acidovorax,82,0.15845388128846155,forecasted
151,Copenaghen_RL,Acidovorax,82,0.1536240190576923,forecasted
152,Rome,Acidovorax,82,0.15845388128846155,forecasted
153,Rotterdam,Acidovorax,82,0.1512090879423077,forecasted
154,Bologna,Acidovorax,83,0.08993044053846153,forecasted
155,Budapest,Acidovorax,83,0.08542933238461539,forecasted
156,Copenaghen_RA,Acidovorax,83,0.08993044053846153,forecasted
157,Copenaghen_RD,Acidovorax,83,0.08542933238461539,forecasted
158,Copenaghen_RL,Acidovorax,83,0.08542933238461539,forecasted
159,Rome,Acidovorax,83,0.08542933238461539,forecasted
160,Rotterdam,Acidovorax,83,0.08993044053846153,forecasted
161,Bologna,Acidovorax,84,0.02051826180573077,forecasted
162,Budapest,Acidovorax,84,0.02051826180573077,forecasted
163,Copenaghen_RA,Acidovorax,84,0.02051826180573077,forecasted
164,Copenaghen_RD,Acidovorax,84,0.02051826180573077,forecasted
165,Copenaghen_RL,Acidovorax,84,0.02051826180573077,forecasted
166,Rome,Acidovorax,84,0.02051826180573077,forecasted
167,Rotterdam,Acidovorax,84,0.02051826180573077,forecasted
168,Bologna,Acidovorax,85,0.08413960690384614,forecasted
169,Budapest,Acidovorax,85,0.07996821209615385,forecasted
170,Copenaghen_RA,Acidovorax,85,0.07579681728846152,forecasted
171,Copenaghen_RD,Acidovorax,85,0.07996821209615385,forecasted
172,Copenaghen_RL,Acidovorax,85,0.07996821209615385,forecasted
173,Rome,Acidovorax,85,0.07579681728846152,forecasted
174,Rotterdam,Acidovorax,85,0.07162542248076922,forecasted
175,Bologna,Acidovorax,86,0.1069561428653846,forecasted
176,Budapest,Acidovorax,86,0.1069561428653846,forecasted
177,Copenaghen_RA,Acidovorax,86,0.11033064590384614,forecasted
178,Copenaghen_RD,Acidovorax,86,0.1069561428653846,forecasted
179,Copenaghen_RL,Acidovorax,86,0.11033064590384614,forecasted
180,Rome,Acidovorax,86,0.11033064590384614,forecasted
181,Rotterdam,Acidovorax,86,0.11033064590384614,forecasted
182,Bologna,Acidovorax,87,0.11905857332692307,forecasted
183,Budapest,Acidovorax,87,0.11710400567307691,forecasted
184,Copenaghen_RA,Acidovorax,87,0.11905857332692307,forecasted
185,Copenaghen_RD,Acidovorax,87,0.11905857332692307,forecasted
186,Copenaghen_RL,Acidovorax,87,0.12101314098076921,forecasted
187,Rome,Acidovorax,87,0.11514943801923075,forecasted
188,Rotterdam,Acidovorax,87,0.12101314098076921,forecasted
189,Bologna,Acidovorax,88,0.16221537209615383,forecasted
190,Budapest,Acidovorax,88,0.16080116890384616,forecasted
191,Copenaghen_RA,Acidovorax,88,0.16080116890384616,forecasted
192,Copenaghen_RD,Acidovorax,88,0.16080116890384616,forecasted
193,Copenaghen_RL,Acidovorax,88,0.15938696571153846,forecasted
194,Rome,Acidovorax,88,0.16362957528846153,forecasted
195,Rotterdam,Acidovorax,88,0.16221537209615383,forecasted
196,Bologna,Acidovorax,89,0.01588265710507692,forecasted
197,Budapest,Acidovorax,89,0.01588265710507692,forecasted
198,Copenaghen_RA,Acidovorax,89,0.01588265710507692,forecasted
199,Copenaghen_RD,Acidovorax,89,0.01588265710507692,forecasted
200,Copenaghen_RL,Acidovorax,89,0.01588265710507692,forecasted
201,Rome,Acidovorax,89,0.01588265710507692,forecasted
202,Rotterdam,Acidovorax,89,0.01588265710507692,forecasted
203,Bologna,Acidovorax,90,0.16274480605769232,forecasted
204,Budapest,Acidovorax,90,0.1689750806346154,forecasted
205,Copenaghen_RA,Acidovorax,90,0.16274480605769232,forecasted
206,Copenaghen_RD,Acidovorax,90,0.16274480605769232,forecasted
207,Copenaghen_RL,Acidovorax,90,0.1689750806346154,forecasted
208,Rome,Acidovorax,90,0.17520535521153846,forecasted
209,Rotterdam,Acidovorax,90,0.16274480605769232,forecasted
210,Bologna,Acinetobacter,60,,forecasted
211,Budapest,Acinetobacter,60,,forecasted
212,Copenaghen_RA,Acinetobacter,60,,forecasted
213,Copenaghen_RD,Acinetobacter,60,0.03386907336538462,forecasted
214,Copenaghen_RL,Acinetobacter,60,0.027226839266653848,forecasted
215,Rome,Acinetobacter,60,0.06862783640384615,forecasted
216,Rotterdam,Acinetobacter,60,,forecasted
217,Bologna,Acinetobacter,61,0.019121828734230767,forecasted
218,Budapest,Acinetobacter,61,,forecasted
219,Copenaghen_RA,Acinetobacter,61,0.056724237346153845,forecasted
220,Copenaghen_RD,Acinetobacter,61,0.056724237346153845,forecasted
221,Copenaghen_RL,Acinetobacter,61,0.08177080273076923,forecasted
222,Rome,Acinetobacter,61,,forecasted
223,Rotterdam,Acinetobacter,61,,forecasted
224,Bologna,Acinetobacter,62,,forecasted
225,Budapest,Acinetobacter,62,,forecasted
226,Copenaghen_RA,Acinetobacter,62,,forecasted
227,Copenaghen_RD,Acinetobacter,62,,forecasted
228,Copenaghen_RL,Acinetobacter,62,,forecasted
229,Rome,Acinetobacter,62,0.05038414380769231,forecasted
230,Rotterdam,Acinetobacter,62,0.02491639784730769,forecasted
231,Bologna,Acinetobacter,63,0.0540756765,forecasted
232,Budapest,Acinetobacter,63,,forecasted
233,Copenaghen_RA,Acinetobacter,63,,forecasted
234,Copenaghen_RD,Acinetobacter,63,,forecasted
235,Copenaghen_RL,Acinetobacter,63,0.025049087543,forecasted
236,Rome,Acinetobacter,63,0.0703898775,forecasted
237,Rotterdam,Acinetobacter,63,,forecasted
238,Bologna,Acinetobacter,64,,forecasted
239,Budapest,Acinetobacter,64,,forecasted
240,Copenaghen_RA,Acinetobacter,64,0.038727521711538454,forecasted
241,Copenaghen_RD,Acinetobacter,64,0.037652282980769225,forecasted
242,Copenaghen_RL,Acinetobacter,64,0.043028476634615384,forecasted
243,Rome,Acinetobacter,64,,forecasted
244,Rotterdam,Acinetobacter,64,0.016133530261884615,forecasted
245,Bologna,Acinetobacter,65,0.0457309415,forecasted
246,Budapest,Acinetobacter,65,,forecasted
247,Copenaghen_RA,Acinetobacter,65,0.05307177188461538,forecasted
248,Copenaghen_RD,Acinetobacter,65,0.05453993796153846,forecasted
249,Copenaghen_RL,Acinetobacter,65,0.04279460934615384,forecasted
250,Rome,Acinetobacter,65,,forecasted
251,Rotterdam,Acinetobacter,65,0.017816699879461537,forecasted
252,Bologna,Acinetobacter,66,,forecasted
253,Budapest,Acinetobacter,66,,forecasted
254,Copenaghen_RA,Acinetobacter,66,,forecasted
255,Copenaghen_RD,Acinetobacter,66,,forecasted
256,Copenaghen_RL,Acinetobacter,66,,forecasted
257,Rome,Acinetobacter,66,0.08918472368638462,forecasted
258,Rotterdam,Acinetobacter,66,,forecasted
259,Bologna,Acinetobacter,67,0.042907510134615384,forecasted
260,Budapest,Acinetobacter,67,0.01946238922726923,forecasted
261,Copenaghen_RA,Acinetobacter,67,0.046102684019230775,forecasted
262,Copenaghen_RD,Acinetobacter,67,0.034387046442307695,forecasted
263,Copenaghen_RL,Acinetobacter,67,0.03971233625,forecasted
264,Rome,Acinetobacter,67,,forecasted
265,Rotterdam,Acinetobacter,67,,forecasted
266,Bologna,Acinetobacter,68,,forecasted
267,Budapest,Acinetobacter,68,0.01579701612726923,forecasted
268,Copenaghen_RA,Acinetobacter,68,0.04411056721153846,forecasted
269,Copenaghen_RD,Acinetobacter,68,0.04269580925,forecasted
270,Copenaghen_RL,Acinetobacter,68,0.04552532517307692,forecasted
271,Rome,Acinetobacter,68,0.05118435701923077,forecasted
272,Rotterdam,Acinetobacter,68,0.01864492390384615,forecasted
273,Bologna,Acinetobacter,69,0.03727587825,forecasted
274,Budapest,Acinetobacter,69,0.0199724578095,forecasted
275,Copenaghen_RA,Acinetobacter,69,0.07398599275000001,forecasted
276,Copenaghen_RD,Acinetobacter,69,0.061029481749999996,forecasted
277,Copenaghen_RL,Acinetobacter,69,0.056710644750000004,forecasted
278,Rome,Acinetobacter,69,,forecasted
279,Rotterdam,Acinetobacter,69,,forecasted
280,Bologna,Acinetobacter,70,0.04685168465384615,forecasted
281,Budapest,Acinetobacter,70,0.04323339742307692,forecasted
282,Copenaghen_RA,Acinetobacter,70,0.04685168465384615,forecasted
283,Copenaghen_RD,Acinetobacter,70,0.04504254103846153,forecasted
284,Copenaghen_RL,Acinetobacter,70,0.04504254103846153,forecasted
285,Rome,Acinetobacter,70,0.04504254103846153,forecasted
286,Rotterdam,Acinetobacter,70,0.04685168465384615,forecasted
287,Bologna,Acinetobacter,71,0.062173101461538455,forecasted
288,Budapest,Acinetobacter,71,0.056389474999999994,forecasted
289,Copenaghen_RA,Acinetobacter,71,0.062173101461538455,forecasted
290,Copenaghen_RD,Acinetobacter,71,0.056389474999999994,forecasted
291,Copenaghen_RL,Acinetobacter,71,0.059281288230769225,forecasted
292,Rome,Acinetobacter,71,0.062173101461538455,forecasted
293,Rotterdam,Acinetobacter,71,0.059281288230769225,forecasted
294,Bologna,Acinetobacter,72,0.02385071703846154,forecasted
295,Budapest,Acinetobacter,72,0.02385071703846154,forecasted
296,Copenaghen_RA,Acinetobacter,72,0.025356053115384615,forecasted
297,Copenaghen_RD,Acinetobacter,72,0.02234538096153846,forecasted
298,Copenaghen_RL,Acinetobacter,72,0.025356053115384615,forecasted
299,Rome,Acinetobacter,72,0.02385071703846154,forecasted
300,Rotterdam,Acinetobacter,72,0.02686138919230769,forecasted
301,Bologna,Acinetobacter,73,0.036273444807692304,forecasted
302,Budapest,Acinetobacter,73,0.03358856565384616,forecasted
303,Copenaghen_RA,Acinetobacter,73,0.03358856565384616,forecasted
304,Copenaghen_RD,Acinetobacter,73,0.03358856565384616,forecasted
305,Copenaghen_RL,Acinetobacter,73,0.03358856565384616,forecasted
306,Rome,Acinetobacter,73,0.036273444807692304,forecasted
307,Rotterdam,Acinetobacter,73,0.036273444807692304,forecasted
308,Bologna,Acinetobacter,74,0.028413368788461537,forecasted
309,Budapest,Acinetobacter,74,0.029710354057692307,forecasted
310,Copenaghen_RA,Acinetobacter,74,0.031007339326923077,forecasted
311,Copenaghen_RD,Acinetobacter,74,0.031007339326923077,forecasted
312,Copenaghen_RL,Acinetobacter,74,0.031007339326923077,forecasted
313,Rome,Acinetobacter,74,0.032304324596153844,forecasted
314,Rotterdam,Acinetobacter,74,0.031007339326923077,forecasted
315,Bologna,Acinetobacter,75,0.04207879801923077,forecasted
316,Budapest,Acinetobacter,75,0.0403337904423077,forecasted
317,Copenaghen_RA,Acinetobacter,75,0.04207879801923077,forecasted
318,Copenaghen_RD,Acinetobacter,75,0.04207879801923077,forecasted
319,Copenaghen_RL,Acinetobacter,75,0.04382380559615385,forecasted
320,Rome,Acinetobacter,75,0.0403337904423077,forecasted
321,Rotterdam,Acinetobacter,75,0.04382380559615385,forecasted
322,Bologna,Acinetobacter,77,0.014008401400961538,forecasted
323,Budapest,Acinetobacter,77,0.040773026788461536,forecasted
324,Copenaghen_RA,Acinetobacter,77,0.03665950563461538,forecasted
325,Copenaghen_RD,Acinetobacter,77,0.04694330851923077,forecasted
326,Copenaghen_RL,Acinetobacter,77,0.04694330851923077,forecasted
327,Rome,Acinetobacter,77,0.03665950563461538,forecasted
328,Rotterdam,Acinetobacter,77,0.014008401400961538,forecasted
329,Bologna,Acinetobacter,78,0.05462811380769231,forecasted
330,Budapest,Acinetobacter,78,0.06853233811538462,forecasted
331,Copenaghen_RA,Acinetobacter,78,0.051152057730769224,forecasted
332,Copenaghen_RD,Acinetobacter,78,0.051152057730769224,forecasted
333,Copenaghen_RL,Acinetobacter,78,0.05462811380769231,forecasted
334,Rome,Acinetobacter,78,0.06505628203846153,forecasted
335,Rotterdam,Acinetobacter,78,0.05810416988461538,forecasted
336,Bologna,Acinetobacter,79,0.012171959403846154,forecasted
337,Budapest,Acinetobacter,79,0.012152265596153846,forecasted
338,Copenaghen_RA,Acinetobacter,79,0.012171959403846154,forecasted
339,Copenaghen_RD,Acinetobacter,79,0.012152265596153846,forecasted
340,Copenaghen_RL,Acinetobacter,79,0.012152265596153846,forecasted
341,Rome,Acinetobacter,79,0.012171959403846154,forecasted
342,Rotterdam,Acinetobacter,79,0.012152265596153846,forecasted
343,Bologna,Acinetobacter,80,0.04212396432692308,forecasted
344,Budapest,Acinetobacter,80,0.04988925486538462,forecasted
345,Copenaghen_RA,Acinetobacter,80,0.04988925486538462,forecasted
346,Copenaghen_RD,Acinetobacter,80,0.04988925486538462,forecasted
347,Copenaghen_RL,Acinetobacter,80,0.04988925486538462,forecasted
348,Rome,Acinetobacter,80,0.04988925486538462,forecasted
349,Rotterdam,Acinetobacter,80,0.04988925486538462,forecasted
350,Bologna,Acinetobacter,81,0.027902556000000002,forecasted
351,Budapest,Acinetobacter,81,0.027902556000000002,forecasted
352,Copenaghen_RA,Acinetobacter,81,0.026733807999999998,forecasted
353,Copenaghen_RD,Acinetobacter,81,0.027902556000000002,forecasted
354,Copenaghen_RL,Acinetobacter,81,0.030240052000000003,forecasted
355,Rome,Acinetobacter,81,0.029071304,forecasted
356,Rotterdam,Acinetobacter,81,0.027902556000000002,forecasted
357,Bologna,Acinetobacter,82,0.07378355171153846,forecasted
358,Budapest,Acinetobacter,82,0.07697416944230769,forecasted
359,Copenaghen_RA,Acinetobacter,82,0.09611787582692308,forecasted
360,Copenaghen_RD,Acinetobacter,82,0.09611787582692308,forecasted
361,Copenaghen_RL,Acinetobacter,82,0.05144922759615384,forecasted
362,Rome,Acinetobacter,82,0.05144922759615384,forecasted
363,Rotterdam,Acinetobacter,82,0.07697416944230769,forecasted
364,Bologna,Acinetobacter,83,0.02102980326923077,forecasted
365,Budapest,Acinetobacter,83,0.02102980326923077,forecasted
366,Copenaghen_RA,Acinetobacter,83,0.019057699499999997,forecasted
367,Copenaghen_RD,Acinetobacter,83,0.02102980326923077,forecasted
368,Copenaghen_RL,Acinetobacter,83,0.019057699499999997,forecasted
369,Rome,Acinetobacter,83,0.019057699499999997,forecasted
370,Rotterdam,Acinetobacter,83,0.02102980326923077,forecasted
371,Bologna,Acinetobacter,84,0.005654348516692307,forecasted
372,Budapest,Acinetobacter,84,0.005654348516692307,forecasted
373,Copenaghen_RA,Acinetobacter,84,0.005654348516692307,forecasted
374,Copenaghen_RD,Acinetobacter,84,0.005654348516692307,forecasted
375,Copenaghen_RL,Acinetobacter,84,0.005654348516692307,forecasted
376,Rome,Acinetobacter,84,0.005654348516692307,forecasted
377,Rotterdam,Acinetobacter,84,0.005654348516692307,forecasted
378,Bologna,Acinetobacter,85,0.017509373,forecasted
379,Budapest,Acinetobacter,85,0.020183692999999996,forecasted
380,Copenaghen_RA,Acinetobacter,85,0.024195173,forecasted
381,Copenaghen_RD,Acinetobacter,85,0.022858012999999996,forecasted
382,Copenaghen_RL,Acinetobacter,85,0.020183692999999996,forecasted
383,Rome,Acinetobacter,85,0.020183692999999996,forecasted
384,Rotterdam,Acinetobacter,85,0.020183692999999996,forecasted
385,Bologna,Acinetobacter,86,0.04213923973076923,forecasted
386,Budapest,Acinetobacter,86,0.045374013961538465,forecasted
387,Copenaghen_RA,Acinetobacter,86,0.0389044655,forecasted
388,Copenaghen_RD,Acinetobacter,86,0.0389044655,forecasted
389,Copenaghen_RL,Acinetobacter,86,0.045374013961538465,forecasted
390,Rome,Acinetobacter,86,0.04860878819230769,forecasted
391,Rotterdam,Acinetobacter,86,0.0389044655,forecasted
392,Bologna,Acinetobacter,87,0.04091969040384616,forecasted
393,Budapest,Acinetobacter,87,0.04091969040384616,forecasted
394,Copenaghen_RA,Acinetobacter,87,0.04017130821153846,forecasted
395,Copenaghen_RD,Acinetobacter,87,0.04166807259615385,forecasted
396,Copenaghen_RL,Acinetobacter,87,0.04241645478846154,forecasted
397,Rome,Acinetobacter,87,0.04091969040384616,forecasted
398,Rotterdam,Acinetobacter,87,0.04017130821153846,forecasted
399,Bologna,Acinetobacter,88,0.047552173346153845,forecasted
400,Budapest,Acinetobacter,88,0.047552173346153845,forecasted
401,Copenaghen_RA,Acinetobacter,88,0.04759037065384615,forecasted
402,Copenaghen_RD,Acinetobacter,88,0.04766676526923077,forecasted
403,Copenaghen_RL,Acinetobacter,88,0.04759037065384615,forecasted
404,Rome,Acinetobacter,88,0.04759037065384615,forecasted
405,Rotterdam,Acinetobacter,88,0.047552173346153845,forecasted
406,Bologna,Acinetobacter,89,0.0019753030238846155,forecasted
407,Budapest,Acinetobacter,89,0.0019753030238846155,forecasted
408,Copenaghen_RA,Acinetobacter,89,0.0019753030238846155,forecasted
409,Copenaghen_RD,Acinetobacter,89,0.0019753030238846155,forecasted
410,Copenaghen_RL,Acinetobacter,89,0.0019753030238846155,forecasted
411,Rome,Acinetobacter,89,0.0019753030238846155,forecasted
412,Rotterdam,Acinetobacter,89,0.0019753030238846155,forecasted
413,Bologna,Acinetobacter,90,0.046421614307692316,forecasted
414,Budapest,Acinetobacter,90,0.044127267230769235,forecasted
415,Copenaghen_RA,Acinetobacter,90,0.04871596138461538,forecasted
416,Copenaghen_RD,Acinetobacter,90,0.044127267230769235,forecasted
417,Copenaghen_RL,Acinetobacter,90,0.041832920153846154,forecasted
418,Rome,Acinetobacter,90,0.046421614307692316,forecasted
419,Rotterdam,Acinetobacter,90,0.044127267230769235,forecasted
420,Bologna,Aeromonas,60,,forecasted
421,Budapest,Aeromonas,60,,forecasted
422,Copenaghen_RA,Aeromonas,60,,forecasted
423,Copenaghen_RD,Aeromonas,60,0.0015430427848076923,forecasted
424,Copenaghen_RL,Aeromonas,60,0.002839088519230769,forecasted
425,Rome,Aeromonas,60,0.005588717557692307,forecasted
426,Rotterdam,Aeromonas,60,,forecasted
427,Bologna,Aeromonas,61,0.004997097193653846,forecasted
428,Budapest,Aeromonas,61,,forecasted
429,Copenaghen_RA,Aeromonas,61,0.03166846390384616,forecasted
430,Copenaghen_RD,Aeromonas,61,0.030602163711538462,forecasted
431,Copenaghen_RL,Aeromonas,61,0.030602163711538462,forecasted
432,Rome,Aeromonas,61,,forecasted
433,Rotterdam,Aeromonas,61,,forecasted
434,Bologna,Aeromonas,62,,forecasted
435,Budapest,Aeromonas,62,,forecasted
436,Copenaghen_RA,Aeromonas,62,,forecasted
437,Copenaghen_RD,Aeromonas,62,,forecasted
438,Copenaghen_RL,Aeromonas,62,,forecasted
439,Rome,Aeromonas,62,0.001690207033153846,forecasted
440,Rotterdam,Aeromonas,62,0.011680616653846152,forecasted
441,Bologna,Aeromonas,63,0.004176047884615385,forecasted
442,Budapest,Aeromonas,63,,forecasted
443,Copenaghen_RA,Aeromonas,63,,forecasted
444,Copenaghen_RD,Aeromonas,63,,forecasted
445,Copenaghen_RL,Aeromonas,63,0.010071115653846153,forecasted
446,Rome,Aeromonas,63,0.001397390353153846,forecasted
447,Rotterdam,Aeromonas,63,,forecasted
448,Bologna,Aeromonas,64,,forecasted
449,Budapest,Aeromonas,64,,forecasted
450,Copenaghen_RA,Aeromonas,64,0.015361281942307693,forecasted
451,Copenaghen_RD,Aeromonas,64,0.010575195626653846,forecasted
452,Copenaghen_RL,Aeromonas,64,0.011948985980769232,forecasted
453,Rome,Aeromonas,64,,forecasted
454,Rotterdam,Aeromonas,64,0.027645547403846154,forecasted
455,Bologna,Aeromonas,65,0.0036131039135384613,forecasted
456,Budapest,Aeromonas,65,,forecasted
457,Copenaghen_RA,Aeromonas,65,0.04058914453846154,forecasted
458,Copenaghen_RD,Aeromonas,65,0.013980231923076923,forecasted
459,Copenaghen_RL,Aeromonas,65,0.03911087161538462,forecasted
460,Rome,Aeromonas,65,,forecasted
461,Rotterdam,Aeromonas,65,0.013980231923076923,forecasted
462,Bologna,Aeromonas,66,,forecasted
463,Budapest,Aeromonas,66,,forecasted
464,Copenaghen_RA,Aeromonas,66,,forecasted
465,Copenaghen_RD,Aeromonas,66,,forecasted
466,Copenaghen_RL,Aeromonas,66,,forecasted
467,Rome,Aeromonas,66,0.0026236670858461536,forecasted
468,Rotterdam,Aeromonas,66,,forecasted
469,Bologna,Aeromonas,67,0.003694109,forecasted
470,Budapest,Aeromonas,67,0.002013312106,forecasted
471,Copenaghen_RA,Aeromonas,67,0.0049506229999999995,forecasted
472,Copenaghen_RD,Aeromonas,67,0.006207137,forecasted
473,Copenaghen_RL,Aeromonas,67,0.012489707,forecasted
474,Rome,Aeromonas,67,,forecasted
475,Rotterdam,Aeromonas,67,,forecasted
476,Bologna,Aeromonas,68,,forecasted
477,Budapest,Aeromonas,68,0.003195292769230769,forecasted
478,Copenaghen_RA,Aeromonas,68,0.01039071553846154,forecasted
479,Copenaghen_RD,Aeromonas,68,0.003195292769230769,forecasted
480,Copenaghen_RL,Aeromonas,68,0.004994148461538461,forecasted
481,Rome,Aeromonas,68,0.002284172361076923,forecasted
482,Rotterdam,Aeromonas,68,0.02478156107692308,forecasted
483,Bologna,Aeromonas,69,0.00847912226923077,forecasted
484,Budapest,Aeromonas,69,0.002144290298692308,forecasted
485,Copenaghen_RA,Aeromonas,69,0.04162925219230769,forecasted
486,Copenaghen_RD,Aeromonas,69,0.02268632080769231,forecasted
487,Copenaghen_RL,Aeromonas,69,0.010057699884615384,forecasted
488,Rome,Aeromonas,69,,forecasted
489,Rotterdam,Aeromonas,69,,forecasted
490,Bologna,Aeromonas,70,0.02721298530769231,forecasted
491,Budapest,Aeromonas,70,0.026101563615384616,forecasted
492,Copenaghen_RA,Aeromonas,70,0.026101563615384616,forecasted
493,Copenaghen_RD,Aeromonas,70,0.026101563615384616,forecasted
494,Copenaghen_RL,Aeromonas,70,0.029435828692307698,forecasted
495,Rome,Aeromonas,70,0.02721298530769231,forecasted
496,Rotterdam,Aeromonas,70,0.024990141923076924,forecasted
497,Bologna,Aeromonas,71,0.006879385653846154,forecasted
498,Budapest,Aeromonas,71,0.006364464269230769,forecasted
499,Copenaghen_RA,Aeromonas,71,0.006621924961538461,forecasted
500,Copenaghen_RD,Aeromonas,71,0.006364464269230769,forecasted
501,Copenaghen_RL,Aeromonas,71,0.006879385653846154,forecasted
502,Rome,Aeromonas,71,0.006879385653846154,forecasted
503,Rotterdam,Aeromonas,71,0.006621924961538461,forecasted
504,Bologna,Aeromonas,72,0.0053095452500000005,forecasted
505,Budapest,Aeromonas,72,0.0053095452500000005,forecasted
506,Copenaghen_RA,Aeromonas,72,0.00515765575,forecasted
507,Copenaghen_RD,Aeromonas,72,0.00515765575,forecasted
508,Copenaghen_RL,Aeromonas,72,0.0053095452500000005,forecasted
509,Rome,Aeromonas,72,0.0053095452500000005,forecasted
510,Rotterdam,Aeromonas,72,0.0053095452500000005,forecasted
511,Bologna,Aeromonas,73,0.011408166442307693,forecasted
512,Budapest,Aeromonas,73,0.011408166442307693,forecasted
513,Copenaghen_RA,Aeromonas,73,0.011408166442307693,forecasted
514,Copenaghen_RD,Aeromonas,73,0.010307719096153847,forecasted
515,Copenaghen_RL,Aeromonas,73,0.010307719096153847,forecasted
516,Rome,Aeromonas,73,0.011408166442307693,forecasted
517,Rotterdam,Aeromonas,73,0.010307719096153847,forecasted
518,Bologna,Aeromonas,74,0.030274559826923075,forecasted
519,Budapest,Aeromonas,74,0.030274559826923075,forecasted
520,Copenaghen_RA,Aeromonas,74,0.030274559826923075,forecasted
521,Copenaghen_RD,Aeromonas,74,0.028912084096153846,forecasted
522,Copenaghen_RL,Aeromonas,74,0.030274559826923075,forecasted
523,Rome,Aeromonas,74,0.030274559826923075,forecasted
524,Rotterdam,Aeromonas,74,0.030274559826923075,forecasted
525,Bologna,Aeromonas,75,0.015375666903846152,forecasted
526,Budapest,Aeromonas,75,0.013197981288461537,forecasted
527,Copenaghen_RA,Aeromonas,75,0.013197981288461537,forecasted
528,Copenaghen_RD,Aeromonas,75,0.014286824096153845,forecasted
529,Copenaghen_RL,Aeromonas,75,0.013197981288461537,forecasted
530,Rome,Aeromonas,75,0.014286824096153845,forecasted
531,Rotterdam,Aeromonas,75,0.013197981288461537,forecasted
532,Bologna,Aeromonas,77,0.012715400557692307,forecasted
533,Budapest,Aeromonas,77,0.011639380326923077,forecasted
534,Copenaghen_RA,Aeromonas,77,0.012715400557692307,forecasted
535,Copenaghen_RD,Aeromonas,77,0.012715400557692307,forecasted
536,Copenaghen_RL,Aeromonas,77,0.011639380326923077,forecasted
537,Rome,Aeromonas,77,0.011639380326923077,forecasted
538,Rotterdam,Aeromonas,77,0.012715400557692307,forecasted
539,Bologna,Aeromonas,78,0.008355125230769232,forecasted
540,Budapest,Aeromonas,78,0.008355125230769232,forecasted
541,Copenaghen_RA,Aeromonas,78,0.00897701076923077,forecasted
542,Copenaghen_RD,Aeromonas,78,0.00897701076923077,forecasted
543,Copenaghen_RL,Aeromonas,78,0.00897701076923077,forecasted
544,Rome,Aeromonas,78,0.00897701076923077,forecasted
545,Rotterdam,Aeromonas,78,0.008355125230769232,forecasted
546,Bologna,Aeromonas,79,0.017836349153846152,forecasted
547,Budapest,Aeromonas,79,0.019161087307692306,forecasted
548,Copenaghen_RA,Aeromonas,79,0.020044246076923074,forecasted
549,Copenaghen_RD,Aeromonas,79,0.01960266669230769,forecasted
550,Copenaghen_RL,Aeromonas,79,0.019161087307692306,forecasted
551,Rome,Aeromonas,79,0.019161087307692306,forecasted
552,Rotterdam,Aeromonas,79,0.01960266669230769,forecasted
553,Bologna,Aeromonas,80,0.011087724615384615,forecasted
554,Budapest,Aeromonas,80,0.011087724615384615,forecasted
555,Copenaghen_RA,Aeromonas,80,0.01203130353846154,forecasted
556,Copenaghen_RD,Aeromonas,80,0.01203130353846154,forecasted
557,Copenaghen_RL,Aeromonas,80,0.012974882461538462,forecasted
558,Rome,Aeromonas,80,0.011087724615384615,forecasted
559,Rotterdam,Aeromonas,80,0.011087724615384615,forecasted
560,Bologna,Aeromonas,81,0.023520320653846155,forecasted
561,Budapest,Aeromonas,81,0.02688977503846154,forecasted
562,Copenaghen_RA,Aeromonas,81,0.024643472115384618,forecasted
563,Copenaghen_RD,Aeromonas,81,0.024643472115384618,forecasted
564,Copenaghen_RL,Aeromonas,81,0.024643472115384618,forecasted
565,Rome,Aeromonas,81,0.022397169192307692,forecasted
566,Rotterdam,Aeromonas,81,0.024643472115384618,forecasted
567,Bologna,Aeromonas,82,0.007634973153846153,forecasted
568,Budapest,Aeromonas,82,0.008212576846153846,forecasted
569,Copenaghen_RA,Aeromonas,82,0.008790180538461539,forecasted
570,Copenaghen_RD,Aeromonas,82,0.007634973153846153,forecasted
571,Copenaghen_RL,Aeromonas,82,0.007634973153846153,forecasted
572,Rome,Aeromonas,82,0.007057369461538461,forecasted
573,Rotterdam,Aeromonas,82,0.007634973153846153,forecasted
574,Bologna,Aeromonas,83,0.014266238749999998,forecasted
575,Budapest,Aeromonas,83,0.014266238749999998,forecasted
576,Copenaghen_RA,Aeromonas,83,0.01629420963461538,forecasted
577,Copenaghen_RD,Aeromonas,83,0.01629420963461538,forecasted
578,Copenaghen_RL,Aeromonas,83,0.012238267865384615,forecasted
579,Rome,Aeromonas,83,0.014266238749999998,forecasted
580,Rotterdam,Aeromonas,83,0.014266238749999998,forecasted
581,Bologna,Aeromonas,84,0.001408816812653846,forecasted
582,Budapest,Aeromonas,84,0.001408816812653846,forecasted
583,Copenaghen_RA,Aeromonas,84,0.001408816812653846,forecasted
584,Copenaghen_RD,Aeromonas,84,0.001408816812653846,forecasted
585,Copenaghen_RL,Aeromonas,84,0.001408816812653846,forecasted
586,Rome,Aeromonas,84,0.001408816812653846,forecasted
587,Rotterdam,Aeromonas,84,0.001408816812653846,forecasted
588,Bologna,Aeromonas,85,0.0006523671346153846,forecasted
589,Budapest,Aeromonas,85,0.0006412245961538461,forecasted
590,Copenaghen_RA,Aeromonas,85,0.0006467958653846153,forecasted
591,Copenaghen_RD,Aeromonas,85,0.000663509673076923,forecasted
592,Copenaghen_RL,Aeromonas,85,0.0006579384038461538,forecasted
593,Rome,Aeromonas,85,0.0006467958653846153,forecasted
594,Rotterdam,Aeromonas,85,0.0006412245961538461,forecasted
595,Bologna,Aeromonas,86,0.004933214980769231,forecasted
596,Budapest,Aeromonas,86,0.00569427225,forecasted
597,Copenaghen_RA,Aeromonas,86,0.010260615865384615,forecasted
598,Copenaghen_RD,Aeromonas,86,0.0011180348901153846,forecasted
599,Copenaghen_RL,Aeromonas,86,0.0011180348901153846,forecasted
600,Rome,Aeromonas,86,0.00569427225,forecasted
601,Rotterdam,Aeromonas,86,0.012543787673076925,forecasted
602,Bologna,Aeromonas,87,0.010602055750000002,forecasted
603,Budapest,Aeromonas,87,0.00995459425,forecasted
604,Copenaghen_RA,Aeromonas,87,0.00995459425,forecasted
605,Copenaghen_RD,Aeromonas,87,0.009307132750000002,forecasted
606,Copenaghen_RL,Aeromonas,87,0.009307132750000002,forecasted
607,Rome,Aeromonas,87,0.009307132750000002,forecasted
608,Rotterdam,Aeromonas,87,0.01124951725,forecasted
609,Bologna,Aeromonas,88,0.01134178821153846,forecasted
610,Budapest,Aeromonas,88,0.011010645634615384,forecasted
611,Copenaghen_RA,Aeromonas,88,0.01233521594230769,forecasted
612,Copenaghen_RD,Aeromonas,88,0.01134178821153846,forecasted
613,Copenaghen_RL,Aeromonas,88,0.01134178821153846,forecasted
614,Rome,Aeromonas,88,0.011010645634615384,forecasted
615,Rotterdam,Aeromonas,88,0.01134178821153846,forecasted
616,Bologna,Aeromonas,89,0.00030338033107692305,forecasted
617,Budapest,Aeromonas,89,0.00030338033107692305,forecasted
618,Copenaghen_RA,Aeromonas,89,0.00030338033107692305,forecasted
619,Copenaghen_RD,Aeromonas,89,0.00030338033107692305,forecasted
620,Copenaghen_RL,Aeromonas,89,0.00030338033107692305,forecasted
621,Rome,Aeromonas,89,0.00030338033107692305,forecasted
622,Rotterdam,Aeromonas,89,0.00030338033107692305,forecasted
623,Bologna,Aeromonas,90,0.009542902615384614,forecasted
624,Budapest,Aeromonas,90,0.011586675846153846,forecasted
625,Copenaghen_RA,Aeromonas,90,0.011586675846153846,forecasted
626,Copenaghen_RD,Aeromonas,90,0.01260856246153846,forecasted
627,Copenaghen_RL,Aeromonas,90,0.01056478923076923,forecasted
628,Rome,Aeromonas,90,0.011586675846153846,forecasted
629,Rotterdam,Aeromonas,90,0.01260856246153846,forecasted
630,Bologna,Aliarcobacter,60,,forecasted
631,Budapest,Aliarcobacter,60,,forecasted
632,Copenaghen_RA,Aliarcobacter,60,,forecasted
633,Copenaghen_RD,Aliarcobacter,60,0.016392132576923076,forecasted
634,Copenaghen_RL,Aliarcobacter,60,0.01490463403846154,forecasted
635,Rome,Aliarcobacter,60,0.003989865596076923,forecasted
636,Rotterdam,Aliarcobacter,60,,forecasted
637,Bologna,Aliarcobacter,61,0.010760239177576923,forecasted
638,Budapest,Aliarcobacter,61,,forecasted
639,Copenaghen_RA,Aliarcobacter,61,0.20536279559615384,forecasted
640,Copenaghen_RD,Aliarcobacter,61,0.25398183232692306,forecasted
641,Copenaghen_RL,Aliarcobacter,61,0.07895330009615384,forecasted
642,Rome,Aliarcobacter,61,,forecasted
643,Rotterdam,Aliarcobacter,61,,forecasted
644,Bologna,Aliarcobacter,62,,forecasted
645,Budapest,Aliarcobacter,62,,forecasted
646,Copenaghen_RA,Aliarcobacter,62,,forecasted
647,Copenaghen_RD,Aliarcobacter,62,,forecasted
648,Copenaghen_RL,Aliarcobacter,62,,forecasted
649,Rome,Aliarcobacter,62,0.0015132929793846154,forecasted
650,Rotterdam,Aliarcobacter,62,0.014613632384615384,forecasted
651,Bologna,Aliarcobacter,63,0.0020488219500384617,forecasted
652,Budapest,Aliarcobacter,63,,forecasted
653,Copenaghen_RA,Aliarcobacter,63,,forecasted
654,Copenaghen_RD,Aliarcobacter,63,,forecasted
655,Copenaghen_RL,Aliarcobacter,63,0.04188733778846154,forecasted
656,Rome,Aliarcobacter,63,0.0020488219500384617,forecasted
657,Rotterdam,Aliarcobacter,63,,forecasted
658,Bologna,Aliarcobacter,64,,forecasted
659,Budapest,Aliarcobacter,64,,forecasted
660,Copenaghen_RA,Aliarcobacter,64,0.10747261740384614,forecasted
661,Copenaghen_RD,Aliarcobacter,64,0.03878563355769231,forecasted
662,Copenaghen_RL,Aliarcobacter,64,0.05252303032692308,forecasted
663,Rome,Aliarcobacter,64,,forecasted
664,Rotterdam,Aliarcobacter,64,0.021569241056653844,forecasted
665,Bologna,Aliarcobacter,65,0.011325805024115385,forecasted
666,Budapest,Aliarcobacter,65,,forecasted
667,Copenaghen_RA,Aliarcobacter,65,0.11234679036538461,forecasted
668,Copenaghen_RD,Aliarcobacter,65,0.07599813694230768,forecasted
669,Copenaghen_RL,Aliarcobacter,65,0.051765701326923076,forecasted
670,Rome,Aliarcobacter,65,,forecasted
671,Rotterdam,Aliarcobacter,65,0.011325805024115385,forecasted
672,Bologna,Aliarcobacter,66,,forecasted
673,Budapest,Aliarcobacter,66,,forecasted
674,Copenaghen_RA,Aliarcobacter,66,,forecasted
675,Copenaghen_RD,Aliarcobacter,66,,forecasted
676,Copenaghen_RL,Aliarcobacter,66,,forecasted
677,Rome,Aliarcobacter,66,0.0019388734250769231,forecasted
678,Rotterdam,Aliarcobacter,66,,forecasted
679,Bologna,Aliarcobacter,67,0.017369885403846153,forecasted
680,Budapest,Aliarcobacter,67,0.011323198055576923,forecasted
681,Copenaghen_RA,Aliarcobacter,67,0.022194690788461535,forecasted
682,Copenaghen_RD,Aliarcobacter,67,0.037875308288461536,forecasted
683,Copenaghen_RL,Aliarcobacter,67,0.04149391232692308,forecasted
684,Rome,Aliarcobacter,67,,forecasted
685,Rotterdam,Aliarcobacter,67,,forecasted
686,Bologna,Aliarcobacter,68,,forecasted
687,Budapest,Aliarcobacter,68,0.009778870576923077,forecasted
688,Copenaghen_RA,Aliarcobacter,68,0.03720882903846154,forecasted
689,Copenaghen_RD,Aliarcobacter,68,0.026236845653846153,forecasted
690,Copenaghen_RL,Aliarcobacter,68,0.03720882903846154,forecasted
691,Rome,Aliarcobacter,68,0.0029035514885384613,forecasted
692,Rotterdam,Aliarcobacter,68,0.030351339423076926,forecasted
693,Bologna,Aliarcobacter,69,0.009702459050346154,forecasted
694,Budapest,Aliarcobacter,69,0.018732154326923076,forecasted
695,Copenaghen_RA,Aliarcobacter,69,0.08466421409615385,forecasted
696,Copenaghen_RD,Aliarcobacter,69,0.05769200782692307,forecasted
697,Copenaghen_RL,Aliarcobacter,69,0.021729066134615383,forecasted
698,Rome,Aliarcobacter,69,,forecasted
699,Rotterdam,Aliarcobacter,69,,forecasted
700,Bologna,Aliarcobacter,70,0.028834872500000004,forecasted
701,Budapest,Aliarcobacter,70,0.0274776735,forecasted
702,Copenaghen_RA,Aliarcobacter,70,0.028834872500000004,forecasted
703,Copenaghen_RD,Aliarcobacter,70,0.0301920715,forecasted
704,Copenaghen_RL,Aliarcobacter,70,0.031549270500000004,forecasted
705,Rome,Aliarcobacter,70,0.028834872500000004,forecasted
706,Rotterdam,Aliarcobacter,70,0.028834872500000004,forecasted
707,Bologna,Aliarcobacter,71,0.020599527,forecasted
708,Budapest,Aliarcobacter,71,0.019496007000000003,forecasted
709,Copenaghen_RA,Aliarcobacter,71,0.020599527,forecasted
710,Copenaghen_RD,Aliarcobacter,71,0.018392487,forecasted
711,Copenaghen_RL,Aliarcobacter,71,0.020599527,forecasted
712,Rome,Aliarcobacter,71,0.019496007000000003,forecasted
713,Rotterdam,Aliarcobacter,71,0.020599527,forecasted
714,Bologna,Aliarcobacter,72,0.016022677807692308,forecasted
715,Budapest,Aliarcobacter,72,0.015158529269230768,forecasted
716,Copenaghen_RA,Aliarcobacter,72,0.016022677807692308,forecasted
717,Copenaghen_RD,Aliarcobacter,72,0.016022677807692308,forecasted
718,Copenaghen_RL,Aliarcobacter,72,0.016886826346153842,forecasted
719,Rome,Aliarcobacter,72,0.016022677807692308,forecasted
720,Rotterdam,Aliarcobacter,72,0.017750974884615384,forecasted
721,Bologna,Aliarcobacter,73,0.020065717807692306,forecasted
722,Budapest,Aliarcobacter,73,0.022635142884615385,forecasted
723,Copenaghen_RA,Aliarcobacter,73,0.021350430346153845,forecasted
724,Copenaghen_RD,Aliarcobacter,73,0.022635142884615385,forecasted
725,Copenaghen_RL,Aliarcobacter,73,0.022635142884615385,forecasted
726,Rome,Aliarcobacter,73,0.022635142884615385,forecasted
727,Rotterdam,Aliarcobacter,73,0.022635142884615385,forecasted
728,Bologna,Aliarcobacter,74,0.04708817813461538,forecasted
729,Budapest,Aliarcobacter,74,0.0435652125576923,forecasted
730,Copenaghen_RA,Aliarcobacter,74,0.0435652125576923,forecasted
731,Copenaghen_RD,Aliarcobacter,74,0.03651928140384615,forecasted
732,Copenaghen_RL,Aliarcobacter,74,0.0435652125576923,forecasted
733,Rome,Aliarcobacter,74,0.04004224698076923,forecasted
734,Rotterdam,Aliarcobacter,74,0.0435652125576923,forecasted
735,Bologna,Aliarcobacter,75,0.053526213269230766,forecasted
736,Budapest,Aliarcobacter,75,0.039694775807692304,forecasted
737,Copenaghen_RA,Aliarcobacter,75,0.053526213269230766,forecasted
738,Copenaghen_RD,Aliarcobacter,75,0.04430525496153846,forecasted
739,Copenaghen_RL,Aliarcobacter,75,0.053526213269230766,forecasted
740,Rome,Aliarcobacter,75,0.048915734115384614,forecasted
741,Rotterdam,Aliarcobacter,75,0.04430525496153846,forecasted
742,Bologna,Aliarcobacter,77,0.030081177096153846,forecasted
743,Budapest,Aliarcobacter,77,0.028548023211538463,forecasted
744,Copenaghen_RA,Aliarcobacter,77,0.030081177096153846,forecasted
745,Copenaghen_RD,Aliarcobacter,77,0.030081177096153846,forecasted
746,Copenaghen_RL,Aliarcobacter,77,0.031614330980769226,forecasted
747,Rome,Aliarcobacter,77,0.031614330980769226,forecasted
748,Rotterdam,Aliarcobacter,77,0.031614330980769226,forecasted
749,Bologna,Aliarcobacter,78,0.043567958576923076,forecasted
750,Budapest,Aliarcobacter,78,0.03768011780769231,forecasted
751,Copenaghen_RA,Aliarcobacter,78,0.03768011780769231,forecasted
752,Copenaghen_RD,Aliarcobacter,78,0.04062403819230769,forecasted
753,Copenaghen_RL,Aliarcobacter,78,0.034736197423076924,forecasted
754,Rome,Aliarcobacter,78,0.03768011780769231,forecasted
755,Rotterdam,Aliarcobacter,78,0.03768011780769231,forecasted
756,Bologna,Aliarcobacter,79,0.020019028576923076,forecasted
757,Budapest,Aliarcobacter,79,0.020019028576923076,forecasted
758,Copenaghen_RA,Aliarcobacter,79,0.017802175115384615,forecasted
759,Copenaghen_RD,Aliarcobacter,79,0.020019028576923076,forecasted
760,Copenaghen_RL,Aliarcobacter,79,0.019280077423076924,forecasted
761,Rome,Aliarcobacter,79,0.020019028576923076,forecasted
762,Rotterdam,Aliarcobacter,79,0.018541126269230768,forecasted
763,Bologna,Aliarcobacter,80,0.031301559971153844,forecasted
764,Budapest,Aliarcobacter,80,0.031301559971153844,forecasted
765,Copenaghen_RA,Aliarcobacter,80,0.03497355534423077,forecasted
766,Copenaghen_RD,Aliarcobacter,80,0.03497355534423077,forecasted
767,Copenaghen_RL,Aliarcobacter,80,0.03497355534423077,forecasted
768,Rome,Aliarcobacter,80,0.03497355534423077,forecasted
769,Rotterdam,Aliarcobacter,80,0.03497355534423077,forecasted
770,Bologna,Aliarcobacter,81,0.03519404503846154,forecasted
771,Budapest,Aliarcobacter,81,0.03934405688461538,forecasted
772,Copenaghen_RA,Aliarcobacter,81,0.03726905096153846,forecasted
773,Copenaghen_RD,Aliarcobacter,81,0.03519404503846154,forecasted
774,Copenaghen_RL,Aliarcobacter,81,0.03519404503846154,forecasted
775,Rome,Aliarcobacter,81,0.031044033192307693,forecasted
776,Rotterdam,Aliarcobacter,81,0.03519404503846154,forecasted
777,Bologna,Aliarcobacter,82,0.030475683461538464,forecasted
778,Budapest,Aliarcobacter,82,0.028252516538461538,forecasted
779,Copenaghen_RA,Aliarcobacter,82,0.026029349615384615,forecasted
780,Copenaghen_RD,Aliarcobacter,82,0.028252516538461538,forecasted
781,Copenaghen_RL,Aliarcobacter,82,0.026029349615384615,forecasted
782,Rome,Aliarcobacter,82,0.026029349615384615,forecasted
783,Rotterdam,Aliarcobacter,82,0.026029349615384615,forecasted
784,Bologna,Aliarcobacter,83,0.0028184396923076924,forecasted
785,Budapest,Aliarcobacter,83,0.002511073230769231,forecasted
786,Copenaghen_RA,Aliarcobacter,83,0.0026647564615384614,forecasted
787,Copenaghen_RD,Aliarcobacter,83,0.0029721229230769233,forecasted
788,Copenaghen_RL,Aliarcobacter,83,0.0029721229230769233,forecasted
789,Rome,Aliarcobacter,83,0.0026647564615384614,forecasted
790,Rotterdam,Aliarcobacter,83,0.0026647564615384614,forecasted
791,Bologna,Aliarcobacter,84,0.00466149670476923,forecasted
792,Budapest,Aliarcobacter,84,0.00466149670476923,forecasted
793,Copenaghen_RA,Aliarcobacter,84,0.00466149670476923,forecasted
794,Copenaghen_RD,Aliarcobacter,84,0.00466149670476923,forecasted
795,Copenaghen_RL,Aliarcobacter,84,0.00466149670476923,forecasted
796,Rome,Aliarcobacter,84,0.00466149670476923,forecasted
797,Rotterdam,Aliarcobacter,84,0.00466149670476923,forecasted
798,Bologna,Aliarcobacter,85,0.0005544237115384616,forecasted
799,Budapest,Aliarcobacter,85,0.0005353112884615384,forecasted
800,Copenaghen_RA,Aliarcobacter,85,0.0005161988653846154,forecasted
801,Copenaghen_RD,Aliarcobacter,85,0.0005353112884615384,forecasted
802,Copenaghen_RL,Aliarcobacter,85,0.0005735361346153846,forecasted
803,Rome,Aliarcobacter,85,0.0005735361346153846,forecasted
804,Rotterdam,Aliarcobacter,85,0.0005161988653846154,forecasted
805,Bologna,Aliarcobacter,86,0.019886450346153845,forecasted
806,Budapest,Aliarcobacter,86,0.017981314423076922,forecasted
807,Copenaghen_RA,Aliarcobacter,86,0.017981314423076922,forecasted
808,Copenaghen_RD,Aliarcobacter,86,0.017981314423076922,forecasted
809,Copenaghen_RL,Aliarcobacter,86,0.019886450346153845,forecasted
810,Rome,Aliarcobacter,86,0.017981314423076922,forecasted
811,Rotterdam,Aliarcobacter,86,0.02369672219230769,forecasted
812,Bologna,Aliarcobacter,87,0.018446091038461537,forecasted
813,Budapest,Aliarcobacter,87,0.018446091038461537,forecasted
814,Copenaghen_RA,Aliarcobacter,87,0.021290750884615385,forecasted
815,Copenaghen_RD,Aliarcobacter,87,0.017023761115384617,forecasted
816,Copenaghen_RL,Aliarcobacter,87,0.018446091038461537,forecasted
817,Rome,Aliarcobacter,87,0.01986842096153846,forecasted
818,Rotterdam,Aliarcobacter,87,0.018446091038461537,forecasted
819,Bologna,Aliarcobacter,88,0.00600562075,forecasted
820,Budapest,Aliarcobacter,88,0.00629899975,forecasted
821,Copenaghen_RA,Aliarcobacter,88,0.00600562075,forecasted
822,Copenaghen_RD,Aliarcobacter,88,0.005858931249999999,forecasted
823,Copenaghen_RL,Aliarcobacter,88,0.005858931249999999,forecasted
824,Rome,Aliarcobacter,88,0.00600562075,forecasted
825,Rotterdam,Aliarcobacter,88,0.005858931249999999,forecasted
826,Bologna,Aliarcobacter,89,0.0005615494011153846,forecasted
827,Budapest,Aliarcobacter,89,0.0005615494011153846,forecasted
828,Copenaghen_RA,Aliarcobacter,89,0.0005615494011153846,forecasted
829,Copenaghen_RD,Aliarcobacter,89,0.0005615494011153846,forecasted
830,Copenaghen_RL,Aliarcobacter,89,0.0005615494011153846,forecasted
831,Rome,Aliarcobacter,89,0.0005615494011153846,forecasted
832,Rotterdam,Aliarcobacter,89,0.0005615494011153846,forecasted
833,Bologna,Aliarcobacter,90,0.00668050075,forecasted
834,Budapest,Aliarcobacter,90,0.005596091365384616,forecasted
835,Copenaghen_RA,Aliarcobacter,90,0.006138296057692308,forecasted
836,Copenaghen_RD,Aliarcobacter,90,0.0058671937115384615,forecasted
837,Copenaghen_RL,Aliarcobacter,90,0.006409398403846155,forecasted
838,Rome,Aliarcobacter,90,0.0058671937115384615,forecasted
839,Rotterdam,Aliarcobacter,90,0.0058671937115384615,forecasted
840,Bologna,Aquabacterium_A,60,,forecasted
841,Budapest,Aquabacterium_A,60,,forecasted
842,Copenaghen_RA,Aquabacterium_A,60,,forecasted
843,Copenaghen_RD,Aquabacterium_A,60,0.00040531878846153846,forecasted
844,Copenaghen_RL,Aquabacterium_A,60,0.00025888210403846154,forecasted
845,Rome,Aquabacterium_A,60,0.0003526289807692308,forecasted
846,Rotterdam,Aquabacterium_A,60,,forecasted
847,Bologna,Aquabacterium_A,61,0.06602295575,forecasted
848,Budapest,Aquabacterium_A,61,,forecasted
849,Copenaghen_RA,Aquabacterium_A,61,0.0014096117735,forecasted
850,Copenaghen_RD,Aquabacterium_A,61,0.0014096117735,forecasted
851,Copenaghen_RL,Aquabacterium_A,61,0.0014096117735,forecasted
852,Rome,Aquabacterium_A,61,,forecasted
853,Rotterdam,Aquabacterium_A,61,,forecasted
854,Bologna,Aquabacterium_A,62,,forecasted
855,Budapest,Aquabacterium_A,62,,forecasted
856,Copenaghen_RA,Aquabacterium_A,62,,forecasted
857,Copenaghen_RD,Aquabacterium_A,62,,forecasted
858,Copenaghen_RL,Aquabacterium_A,62,,forecasted
859,Rome,Aquabacterium_A,62,0.0002130151168076923,forecasted
860,Rotterdam,Aquabacterium_A,62,0.00041759355769230766,forecasted
861,Bologna,Aquabacterium_A,63,0.00882890051923077,forecasted
862,Budapest,Aquabacterium_A,63,,forecasted
863,Copenaghen_RA,Aquabacterium_A,63,,forecasted
864,Copenaghen_RD,Aquabacterium_A,63,,forecasted
865,Copenaghen_RL,Aquabacterium_A,63,0.0003575236542692308,forecasted
866,Rome,Aquabacterium_A,63,0.0003575236542692308,forecasted
867,Rotterdam,Aquabacterium_A,63,,forecasted
868,Bologna,Aquabacterium_A,64,,forecasted
869,Budapest,Aquabacterium_A,64,,forecasted
870,Copenaghen_RA,Aquabacterium_A,64,0.00044457732692307697,forecasted
871,Copenaghen_RD,Aquabacterium_A,64,0.0002786982501923077,forecasted
872,Copenaghen_RL,Aquabacterium_A,64,0.00033914251923076923,forecasted
873,Rome,Aquabacterium_A,64,,forecasted
874,Rotterdam,Aquabacterium_A,64,0.0006554469423076923,forecasted
875,Bologna,Aquabacterium_A,65,0.0003851674615384616,forecasted
876,Budapest,Aquabacterium_A,65,,forecasted
877,Copenaghen_RA,Aquabacterium_A,65,0.0002547222743076923,forecasted
878,Copenaghen_RD,Aquabacterium_A,65,0.00032036607692307695,forecasted
879,Copenaghen_RL,Aquabacterium_A,65,0.00032036607692307695,forecasted
880,Rome,Aquabacterium_A,65,,forecasted
881,Rotterdam,Aquabacterium_A,65,0.0018755993076923078,forecasted
882,Bologna,Aquabacterium_A,66,,forecasted
883,Budapest,Aquabacterium_A,66,,forecasted
884,Copenaghen_RA,Aquabacterium_A,66,,forecasted
885,Copenaghen_RD,Aquabacterium_A,66,,forecasted
886,Copenaghen_RL,Aquabacterium_A,66,,forecasted
887,Rome,Aquabacterium_A,66,0.00022765724361538463,forecasted
888,Rotterdam,Aquabacterium_A,66,,forecasted
889,Bologna,Aquabacterium_A,67,0.0006518814615384615,forecasted
890,Budapest,Aquabacterium_A,67,0.0002300316153846154,forecasted
891,Copenaghen_RA,Aquabacterium_A,67,0.00021222603646153847,forecasted
892,Copenaghen_RD,Aquabacterium_A,67,0.0004585336153846154,forecasted
893,Copenaghen_RL,Aquabacterium_A,67,0.00030033992307692306,forecasted
894,Rome,Aquabacterium_A,67,,forecasted
895,Rotterdam,Aquabacterium_A,67,,forecasted
896,Bologna,Aquabacterium_A,68,,forecasted
897,Budapest,Aquabacterium_A,68,0.00042610746153846153,forecasted
898,Copenaghen_RA,Aquabacterium_A,68,0.0002832013076923077,forecasted
899,Copenaghen_RD,Aquabacterium_A,68,0.0004165803846153845,forecasted
900,Copenaghen_RL,Aquabacterium_A,68,0.0002736742307692308,forecasted
901,Rome,Aquabacterium_A,68,0.0002736742307692308,forecasted
902,Rotterdam,Aquabacterium_A,68,0.00018780668646153846,forecasted
903,Bologna,Aquabacterium_A,69,0.0005763443653846154,forecasted
904,Budapest,Aquabacterium_A,69,0.0003783964038461538,forecasted
905,Copenaghen_RA,Aquabacterium_A,69,0.0002884200576923077,forecasted
906,Copenaghen_RD,Aquabacterium_A,69,0.0003064153269230769,forecasted
907,Copenaghen_RL,Aquabacterium_A,69,0.0001262286961153846,forecasted
908,Rome,Aquabacterium_A,69,,forecasted
909,Rotterdam,Aquabacterium_A,69,,forecasted
910,Bologna,Aquabacterium_A,70,0.0003473467307692308,forecasted
911,Budapest,Aquabacterium_A,70,0.0003379552692307692,forecasted
912,Copenaghen_RA,Aquabacterium_A,70,0.0003473467307692308,forecasted
913,Copenaghen_RD,Aquabacterium_A,70,0.0003567381923076923,forecasted
914,Copenaghen_RL,Aquabacterium_A,70,0.0003473467307692308,forecasted
915,Rome,Aquabacterium_A,70,0.0003473467307692308,forecasted
916,Rotterdam,Aquabacterium_A,70,0.0003473467307692308,forecasted
917,Bologna,Aquabacterium_A,71,0.0002317596153846154,forecasted
918,Budapest,Aquabacterium_A,71,0.00023734592307692308,forecasted
919,Copenaghen_RA,Aquabacterium_A,71,0.00024293223076923078,forecasted
920,Copenaghen_RD,Aquabacterium_A,71,0.00023734592307692308,forecasted
921,Copenaghen_RL,Aquabacterium_A,71,0.00023734592307692308,forecasted
922,Rome,Aquabacterium_A,71,0.00024293223076923078,forecasted
923,Rotterdam,Aquabacterium_A,71,0.00024293223076923078,forecasted
924,Bologna,Aquabacterium_A,72,0.00023582958076923078,forecasted
925,Budapest,Aquabacterium_A,72,0.00022420129615384617,forecasted
926,Copenaghen_RA,Aquabacterium_A,72,0.00023582958076923078,forecasted
927,Copenaghen_RD,Aquabacterium_A,72,0.0002474578653846154,forecasted
928,Copenaghen_RL,Aquabacterium_A,72,0.00022420129615384617,forecasted
929,Rome,Aquabacterium_A,72,0.00023582958076923078,forecasted
930,Rotterdam,Aquabacterium_A,72,0.00023582958076923078,forecasted
931,Bologna,Aquabacterium_A,73,0.00026137825961538463,forecasted
932,Budapest,Aquabacterium_A,73,0.0002487285480769231,forecasted
933,Copenaghen_RA,Aquabacterium_A,73,0.00026137825961538463,forecasted
934,Copenaghen_RD,Aquabacterium_A,73,0.00026137825961538463,forecasted
935,Copenaghen_RL,Aquabacterium_A,73,0.00026137825961538463,forecasted
936,Rome,Aquabacterium_A,73,0.00026137825961538463,forecasted
937,Rotterdam,Aquabacterium_A,73,0.0002740279711538462,forecasted
938,Bologna,Aquabacterium_A,74,0.0003812735384615385,forecasted
939,Budapest,Aquabacterium_A,74,0.00041337507692307696,forecasted
940,Copenaghen_RA,Aquabacterium_A,74,0.0003812735384615385,forecasted
941,Copenaghen_RD,Aquabacterium_A,74,0.0003812735384615385,forecasted
942,Copenaghen_RL,Aquabacterium_A,74,0.000349172,forecasted
943,Rome,Aquabacterium_A,74,0.00041337507692307696,forecasted
944,Rotterdam,Aquabacterium_A,74,0.000349172,forecasted
945,Bologna,Aquabacterium_A,75,0.0002725105634615385,forecasted
946,Budapest,Aquabacterium_A,75,0.0002725105634615385,forecasted
947,Copenaghen_RA,Aquabacterium_A,75,0.00028952342115384614,forecasted
948,Copenaghen_RD,Aquabacterium_A,75,0.0002725105634615385,forecasted
949,Copenaghen_RL,Aquabacterium_A,75,0.00025549770576923075,forecasted
950,Rome,Aquabacterium_A,75,0.0002725105634615385,forecasted
951,Rotterdam,Aquabacterium_A,75,0.00030653627884615384,forecasted
952,Bologna,Aquabacterium_A,77,0.00036293563461538465,forecasted
953,Budapest,Aquabacterium_A,77,0.0004437878653846155,forecasted
954,Copenaghen_RA,Aquabacterium_A,77,0.0004437878653846155,forecasted
955,Copenaghen_RD,Aquabacterium_A,77,0.0004437878653846155,forecasted
956,Copenaghen_RL,Aquabacterium_A,77,0.00036293563461538465,forecasted
957,Rome,Aquabacterium_A,77,0.00040336175000000007,forecasted
958,Rotterdam,Aquabacterium_A,77,0.00048421398076923085,forecasted
959,Bologna,Aquabacterium_A,78,0.00028985211538461544,forecasted
960,Budapest,Aquabacterium_A,78,0.00028985211538461544,forecasted
961,Copenaghen_RA,Aquabacterium_A,78,0.00028985211538461544,forecasted
962,Copenaghen_RD,Aquabacterium_A,78,0.00027349419230769233,forecasted
963,Copenaghen_RL,Aquabacterium_A,78,0.00025713626923076923,forecasted
964,Rome,Aquabacterium_A,78,0.00025713626923076923,forecasted
965,Rotterdam,Aquabacterium_A,78,0.00027349419230769233,forecasted
966,Bologna,Aquabacterium_A,79,0.00024990015384615386,forecasted
967,Budapest,Aquabacterium_A,79,0.0002568506153846154,forecasted
968,Copenaghen_RA,Aquabacterium_A,79,0.0002638010769230769,forecasted
969,Copenaghen_RD,Aquabacterium_A,79,0.0002568506153846154,forecasted
970,Copenaghen_RL,Aquabacterium_A,79,0.0002533753846153846,forecasted
971,Rome,Aquabacterium_A,79,0.0002568506153846154,forecasted
972,Rotterdam,Aquabacterium_A,79,0.0002533753846153846,forecasted
973,Bologna,Aquabacterium_A,80,0.00015753729038461538,forecasted
974,Budapest,Aquabacterium_A,80,0.00017732272884615386,forecasted
975,Copenaghen_RA,Aquabacterium_A,80,0.00016743000961538462,forecasted
976,Copenaghen_RD,Aquabacterium_A,80,0.00017732272884615386,forecasted
977,Copenaghen_RL,Aquabacterium_A,80,0.00017732272884615386,forecasted
978,Rome,Aquabacterium_A,80,0.00016743000961538462,forecasted
979,Rotterdam,Aquabacterium_A,80,0.00016743000961538462,forecasted
980,Bologna,Aquabacterium_A,81,0.00020346126923076924,forecasted
981,Budapest,Aquabacterium_A,81,0.00021447496153846152,forecasted
982,Copenaghen_RA,Aquabacterium_A,81,0.00021447496153846152,forecasted
983,Copenaghen_RD,Aquabacterium_A,81,0.00020896811538461535,forecasted
984,Copenaghen_RL,Aquabacterium_A,81,0.00020896811538461535,forecasted
985,Rome,Aquabacterium_A,81,0.00020346126923076924,forecasted
986,Rotterdam,Aquabacterium_A,81,0.00020896811538461535,forecasted
987,Bologna,Aquabacterium_A,82,0.00028398778846153844,forecasted
988,Budapest,Aquabacterium_A,82,0.00028398778846153844,forecasted
989,Copenaghen_RA,Aquabacterium_A,82,0.00027767198076923075,forecasted
990,Copenaghen_RD,Aquabacterium_A,82,0.00028398778846153844,forecasted
991,Copenaghen_RL,Aquabacterium_A,82,0.00027767198076923075,forecasted
992,Rome,Aquabacterium_A,82,0.00027135617307692307,forecasted
993,Rotterdam,Aquabacterium_A,82,0.00028398778846153844,forecasted
994,Bologna,Aquabacterium_A,83,0.00029465338461538465,forecasted
995,Budapest,Aquabacterium_A,83,0.0003231622769230769,forecasted
996,Copenaghen_RA,Aquabacterium_A,83,0.0003516711692307693,forecasted
997,Copenaghen_RD,Aquabacterium_A,83,0.0003516711692307693,forecasted
998,Copenaghen_RL,Aquabacterium_A,83,0.0003231622769230769,forecasted
999,Rome,Aquabacterium_A,83,0.0003231622769230769,forecasted
1000,Rotterdam,Aquabacterium_A,83,0.0003231622769230769,forecasted
1001,Bologna,Aquabacterium_A,84,7.077757768076923e-05,forecasted
1002,Budapest,Aquabacterium_A,84,7.077757768076923e-05,forecasted
1003,Copenaghen_RA,Aquabacterium_A,84,7.077757768076923e-05,forecasted
1004,Copenaghen_RD,Aquabacterium_A,84,7.077757768076923e-05,forecasted
1005,Copenaghen_RL,Aquabacterium_A,84,7.077757768076923e-05,forecasted
1006,Rome,Aquabacterium_A,84,7.077757768076923e-05,forecasted
1007,Rotterdam,Aquabacterium_A,84,7.077757768076923e-05,forecasted
1008,Bologna,Aquabacterium_A,85,9.93574576923077e-05,forecasted
1009,Budapest,Aquabacterium_A,85,9.93574576923077e-05,forecasted
1010,Copenaghen_RA,Aquabacterium_A,85,9.93574576923077e-05,forecasted
1011,Copenaghen_RD,Aquabacterium_A,85,9.97779423076923e-05,forecasted
1012,Copenaghen_RL,Aquabacterium_A,85,9.893697307692306e-05,forecasted
1013,Rome,Aquabacterium_A,85,9.97779423076923e-05,forecasted
1014,Rotterdam,Aquabacterium_A,85,9.97779423076923e-05,forecasted
1015,Bologna,Aquabacterium_A,86,0.0002516706153846154,forecasted
1016,Budapest,Aquabacterium_A,86,0.00026303676923076927,forecasted
1017,Copenaghen_RA,Aquabacterium_A,86,0.0002573536923076923,forecasted
1018,Copenaghen_RD,Aquabacterium_A,86,0.0002573536923076923,forecasted
1019,Copenaghen_RL,Aquabacterium_A,86,0.00026303676923076927,forecasted
1020,Rome,Aquabacterium_A,86,0.0002573536923076923,forecasted
1021,Rotterdam,Aquabacterium_A,86,0.0002516706153846154,forecasted
1022,Bologna,Aquabacterium_A,87,0.0014583673076923077,forecasted
1023,Budapest,Aquabacterium_A,87,0.0017025654615384616,forecasted
1024,Copenaghen_RA,Aquabacterium_A,87,0.0019467636153846155,forecasted
1025,Copenaghen_RD,Aquabacterium_A,87,0.0019467636153846155,forecasted
1026,Copenaghen_RL,Aquabacterium_A,87,0.0017025654615384616,forecasted
1027,Rome,Aquabacterium_A,87,0.0017025654615384616,forecasted
1028,Rotterdam,Aquabacterium_A,87,0.0015804663846153847,forecasted
1029,Bologna,Aquabacterium_A,88,0.0003714285576923077,forecasted
1030,Budapest,Aquabacterium_A,88,0.00040457836538461536,forecasted
1031,Copenaghen_RA,Aquabacterium_A,88,0.00039794840384615386,forecasted
1032,Copenaghen_RD,Aquabacterium_A,88,0.0003647985961538461,forecasted
1033,Copenaghen_RL,Aquabacterium_A,88,0.00037805851923076924,forecasted
1034,Rome,Aquabacterium_A,88,0.00038468848076923074,forecasted
1035,Rotterdam,Aquabacterium_A,88,0.0003714285576923077,forecasted
1036,Bologna,Aquabacterium_A,89,2.249743468076923e-05,forecasted
1037,Budapest,Aquabacterium_A,89,2.249743468076923e-05,forecasted
1038,Copenaghen_RA,Aquabacterium_A,89,2.249743468076923e-05,forecasted
1039,Copenaghen_RD,Aquabacterium_A,89,2.249743468076923e-05,forecasted
1040,Copenaghen_RL,Aquabacterium_A,89,2.249743468076923e-05,forecasted
1041,Rome,Aquabacterium_A,89,2.249743468076923e-05,forecasted
1042,Rotterdam,Aquabacterium_A,89,2.249743468076923e-05,forecasted
1043,Bologna,Aquabacterium_A,90,0.0015174490384615383,forecasted
1044,Budapest,Aquabacterium_A,90,0.001269808269230769,forecasted
1045,Copenaghen_RA,Aquabacterium_A,90,0.001641269423076923,forecasted
1046,Copenaghen_RD,Aquabacterium_A,90,0.001641269423076923,forecasted
1047,Copenaghen_RL,Aquabacterium_A,90,0.001269808269230769,forecasted
1048,Rome,Aquabacterium_A,90,0.0010221675,forecasted
1049,Rotterdam,Aquabacterium_A,90,0.001269808269230769,forecasted
1050,Bologna,Bacteroides,60,,forecasted
1051,Budapest,Bacteroides,60,,forecasted
1052,Copenaghen_RA,Bacteroides,60,,forecasted
1053,Copenaghen_RD,Bacteroides,60,0.002829225326923077,forecasted
1054,Copenaghen_RL,Bacteroides,60,0.003443009288461539,forecasted
1055,Rome,Bacteroides,60,0.0012497838270384616,forecasted
1056,Rotterdam,Bacteroides,60,,forecasted
1057,Bologna,Bacteroides,61,0.0015319417851153846,forecasted
1058,Budapest,Bacteroides,61,,forecasted
1059,Copenaghen_RA,Bacteroides,61,0.051123772865384616,forecasted
1060,Copenaghen_RD,Bacteroides,61,0.027332065634615387,forecasted
1061,Copenaghen_RL,Bacteroides,61,0.01741885428846154,forecasted
1062,Rome,Bacteroides,61,,forecasted
1063,Rotterdam,Bacteroides,61,,forecasted
1064,Bologna,Bacteroides,62,,forecasted
1065,Budapest,Bacteroides,62,,forecasted
1066,Copenaghen_RA,Bacteroides,62,,forecasted
1067,Copenaghen_RD,Bacteroides,62,,forecasted
1068,Copenaghen_RL,Bacteroides,62,,forecasted
1069,Rome,Bacteroides,62,0.00030116532526923076,forecasted
1070,Rotterdam,Bacteroides,62,0.003915843019230769,forecasted
1071,Bologna,Bacteroides,63,0.0026594248076923076,forecasted
1072,Budapest,Bacteroides,63,,forecasted
1073,Copenaghen_RA,Bacteroides,63,,forecasted
1074,Copenaghen_RD,Bacteroides,63,,forecasted
1075,Copenaghen_RL,Bacteroides,63,0.006715485115384615,forecasted
1076,Rome,Bacteroides,63,0.0003745953356153846,forecasted
1077,Rotterdam,Bacteroides,63,,forecasted
1078,Bologna,Bacteroides,64,,forecasted
1079,Budapest,Bacteroides,64,,forecasted
1080,Copenaghen_RA,Bacteroides,64,0.0041647835384615375,forecasted
1081,Copenaghen_RD,Bacteroides,64,0.00776524323076923,forecasted
1082,Copenaghen_RL,Bacteroides,64,0.002762004437230769,forecasted
1083,Rome,Bacteroides,64,,forecasted
1084,Rotterdam,Bacteroides,64,0.006165038923076922,forecasted
1085,Bologna,Bacteroides,65,0.001167980132923077,forecasted
1086,Budapest,Bacteroides,65,,forecasted
1087,Copenaghen_RA,Bacteroides,65,0.010010758076923077,forecasted
1088,Copenaghen_RD,Bacteroides,65,0.018165167923076923,forecasted
1089,Copenaghen_RL,Bacteroides,65,0.010010758076923077,forecasted
1090,Rome,Bacteroides,65,,forecasted
1091,Rotterdam,Bacteroides,65,0.0018563482307692308,forecasted
1092,Bologna,Bacteroides,66,,forecasted
1093,Budapest,Bacteroides,66,,forecasted
1094,Copenaghen_RA,Bacteroides,66,,forecasted
1095,Copenaghen_RD,Bacteroides,66,,forecasted
1096,Copenaghen_RL,Bacteroides,66,,forecasted
1097,Rome,Bacteroides,66,0.0004216097836153846,forecasted
1098,Rotterdam,Bacteroides,66,,forecasted
1099,Bologna,Bacteroides,67,0.0026548044230769226,forecasted
1100,Budapest,Bacteroides,67,0.00044013630284615385,forecasted
1101,Copenaghen_RA,Bacteroides,67,0.0038834009615384612,forecasted
1102,Copenaghen_RD,Bacteroides,67,0.0063405940384615375,forecasted
1103,Copenaghen_RL,Bacteroides,67,0.006586313346153845,forecasted
1104,Rome,Bacteroides,67,,forecasted
1105,Rotterdam,Bacteroides,67,,forecasted
1106,Bologna,Bacteroides,68,,forecasted
1107,Budapest,Bacteroides,68,0.0007511324807692307,forecasted
1108,Copenaghen_RA,Bacteroides,68,0.0025333535576923076,forecasted
1109,Copenaghen_RD,Bacteroides,68,0.004018537788461538,forecasted
1110,Copenaghen_RL,Bacteroides,68,0.004018537788461538,forecasted
1111,Rome,Bacteroides,68,0.0003036464720384615,forecasted
1112,Rotterdam,Bacteroides,68,0.004018537788461538,forecasted
1113,Bologna,Bacteroides,69,0.0026363002499999997,forecasted
1114,Budapest,Bacteroides,69,0.0009646911194999999,forecasted
1115,Copenaghen_RA,Bacteroides,69,0.0063852367499999995,forecasted
1116,Copenaghen_RD,Bacteroides,69,0.01138381875,forecasted
1117,Copenaghen_RL,Bacteroides,69,0.004719042749999999,forecasted
1118,Rome,Bacteroides,69,,forecasted
1119,Rotterdam,Bacteroides,69,,forecasted
1120,Bologna,Bacteroides,70,0.005512336499999999,forecasted
1121,Budapest,Bacteroides,70,0.0058679367307692305,forecasted
1122,Copenaghen_RA,Bacteroides,70,0.008357138346153845,forecasted
1123,Copenaghen_RD,Bacteroides,70,0.003374112312384615,forecasted
1124,Copenaghen_RL,Bacteroides,70,0.007645937884615385,forecasted
1125,Rome,Bacteroides,70,0.005512336499999999,forecasted
1126,Rotterdam,Bacteroides,70,0.003374112312384615,forecasted
1127,Bologna,Bacteroides,71,0.003226613423076923,forecasted
1128,Budapest,Bacteroides,71,0.0029957991923076927,forecasted
1129,Copenaghen_RA,Bacteroides,71,0.003457427653846154,forecasted
1130,Copenaghen_RD,Bacteroides,71,0.0029957991923076927,forecasted
1131,Copenaghen_RL,Bacteroides,71,0.0029957991923076927,forecasted
1132,Rome,Bacteroides,71,0.003226613423076923,forecasted
1133,Rotterdam,Bacteroides,71,0.003226613423076923,forecasted
1134,Bologna,Bacteroides,72,0.0020428157307692306,forecasted
1135,Budapest,Bacteroides,72,0.001943763346153846,forecasted
1136,Copenaghen_RA,Bacteroides,72,0.0021418681153846154,forecasted
1137,Copenaghen_RD,Bacteroides,72,0.0021418681153846154,forecasted
1138,Copenaghen_RL,Bacteroides,72,0.0020428157307692306,forecasted
1139,Rome,Bacteroides,72,0.0021418681153846154,forecasted
1140,Rotterdam,Bacteroides,72,0.0018447109615384615,forecasted
1141,Bologna,Bacteroides,73,0.0027496226923076923,forecasted
1142,Budapest,Bacteroides,73,0.0031037974615384612,forecasted
1143,Copenaghen_RA,Bacteroides,73,0.002926710076923077,forecasted
1144,Copenaghen_RD,Bacteroides,73,0.0027496226923076923,forecasted
1145,Copenaghen_RL,Bacteroides,73,0.0031037974615384612,forecasted
1146,Rome,Bacteroides,73,0.0031037974615384612,forecasted
1147,Rotterdam,Bacteroides,73,0.0031037974615384612,forecasted
1148,Bologna,Bacteroides,74,0.00521322501923077,forecasted
1149,Budapest,Bacteroides,74,0.0043270879038461545,forecasted
1150,Copenaghen_RA,Bacteroides,74,0.0043270879038461545,forecasted
1151,Copenaghen_RD,Bacteroides,74,0.004622466942307692,forecasted
1152,Copenaghen_RL,Bacteroides,74,0.006099362134615385,forecasted
1153,Rome,Bacteroides,74,0.004917845980769231,forecasted
1154,Rotterdam,Bacteroides,74,0.006099362134615385,forecasted
1155,Bologna,Bacteroides,75,0.0036947832692307693,forecasted
1156,Budapest,Bacteroides,75,0.003961396207692308,forecasted
1157,Copenaghen_RA,Bacteroides,75,0.003961396207692308,forecasted
1158,Copenaghen_RD,Bacteroides,75,0.003961396207692308,forecasted
1159,Copenaghen_RL,Bacteroides,75,0.003961396207692308,forecasted
1160,Rome,Bacteroides,75,0.003961396207692308,forecasted
1161,Rotterdam,Bacteroides,75,0.003961396207692308,forecasted
1162,Bologna,Bacteroides,77,0.0031483070769230768,forecasted
1163,Budapest,Bacteroides,77,0.004202328,forecasted
1164,Copenaghen_RA,Bacteroides,77,0.0031483070769230768,forecasted
1165,Copenaghen_RD,Bacteroides,77,0.005256348923076923,forecasted
1166,Copenaghen_RL,Bacteroides,77,0.004202328,forecasted
1167,Rome,Bacteroides,77,0.004202328,forecasted
1168,Rotterdam,Bacteroides,77,0.0031483070769230768,forecasted
1169,Bologna,Bacteroides,78,0.003195248680769231,forecasted
1170,Budapest,Bacteroides,78,0.0029912078884615388,forecasted
1171,Copenaghen_RA,Bacteroides,78,0.0029912078884615388,forecasted
1172,Copenaghen_RD,Bacteroides,78,0.0029912078884615388,forecasted
1173,Copenaghen_RL,Bacteroides,78,0.0033992894730769233,forecasted
1174,Rome,Bacteroides,78,0.003195248680769231,forecasted
1175,Rotterdam,Bacteroides,78,0.0029912078884615388,forecasted
1176,Bologna,Bacteroides,79,0.0030314004230769234,forecasted
1177,Budapest,Bacteroides,79,0.0029263223461538463,forecasted
1178,Copenaghen_RA,Bacteroides,79,0.0030314004230769234,forecasted
1179,Copenaghen_RD,Bacteroides,79,0.0029263223461538463,forecasted
1180,Copenaghen_RL,Bacteroides,79,0.0029473379615384612,forecasted
1181,Rome,Bacteroides,79,0.0030103848076923076,forecasted
1182,Rotterdam,Bacteroides,79,0.002989369192307692,forecasted
1183,Bologna,Bacteroides,80,0.004866945788461538,forecasted
1184,Budapest,Bacteroides,80,0.006006900326923077,forecasted
1185,Copenaghen_RA,Bacteroides,80,0.006006900326923077,forecasted
1186,Copenaghen_RD,Bacteroides,80,0.005436923057692307,forecasted
1187,Copenaghen_RL,Bacteroides,80,0.004866945788461538,forecasted
1188,Rome,Bacteroides,80,0.005436923057692307,forecasted
1189,Rotterdam,Bacteroides,80,0.004866945788461538,forecasted
1190,Bologna,Bacteroides,81,0.009187170923076922,forecasted
1191,Budapest,Bacteroides,81,0.008515933538461539,forecasted
1192,Copenaghen_RA,Bacteroides,81,0.007173458769230769,forecasted
1193,Copenaghen_RD,Bacteroides,81,0.008515933538461539,forecasted
1194,Copenaghen_RL,Bacteroides,81,0.007844696153846153,forecasted
1195,Rome,Bacteroides,81,0.007844696153846153,forecasted
1196,Rotterdam,Bacteroides,81,0.007844696153846153,forecasted
1197,Bologna,Bacteroides,82,0.005899416644230769,forecasted
1198,Budapest,Bacteroides,82,0.005466750455769231,forecasted
1199,Copenaghen_RA,Bacteroides,82,0.005466750455769231,forecasted
1200,Copenaghen_RD,Bacteroides,82,0.005466750455769231,forecasted
1201,Copenaghen_RL,Bacteroides,82,0.005034084267307693,forecasted
1202,Rome,Bacteroides,82,0.005034084267307693,forecasted
1203,Rotterdam,Bacteroides,82,0.005034084267307693,forecasted
1204,Bologna,Bacteroides,83,0.0009933116346153845,forecasted
1205,Budapest,Bacteroides,83,0.0009933116346153845,forecasted
1206,Copenaghen_RA,Bacteroides,83,0.001088579826923077,forecasted
1207,Copenaghen_RD,Bacteroides,83,0.0009933116346153845,forecasted
1208,Copenaghen_RL,Bacteroides,83,0.0009933116346153845,forecasted
1209,Rome,Bacteroides,83,0.0009933116346153845,forecasted
1210,Rotterdam,Bacteroides,83,0.0009933116346153845,forecasted
1211,Bologna,Bacteroides,84,0.00015084719796153845,forecasted
1212,Budapest,Bacteroides,84,0.00015084719796153845,forecasted
1213,Copenaghen_RA,Bacteroides,84,0.00015084719796153845,forecasted
1214,Copenaghen_RD,Bacteroides,84,0.00015084719796153845,forecasted
1215,Copenaghen_RL,Bacteroides,84,0.00015084719796153845,forecasted
1216,Rome,Bacteroides,84,0.00015084719796153845,forecasted
1217,Rotterdam,Bacteroides,84,0.00015084719796153845,forecasted
1218,Bologna,Bacteroides,85,9.076518846153845e-05,forecasted
1219,Budapest,Bacteroides,85,9.314779615384616e-05,forecasted
1220,Copenaghen_RA,Bacteroides,85,0.00010029561923076923,forecasted
1221,Copenaghen_RD,Bacteroides,85,9.791301153846153e-05,forecasted
1222,Copenaghen_RL,Bacteroides,85,9.314779615384616e-05,forecasted
1223,Rome,Bacteroides,85,9.314779615384616e-05,forecasted
1224,Rotterdam,Bacteroides,85,9.791301153846153e-05,forecasted
1225,Bologna,Bacteroides,86,0.0045880343461538456,forecasted
1226,Budapest,Bacteroides,86,0.0045880343461538456,forecasted
1227,Copenaghen_RA,Bacteroides,86,0.004264848884615384,forecasted
1228,Copenaghen_RD,Bacteroides,86,0.0045880343461538456,forecasted
1229,Copenaghen_RL,Bacteroides,86,0.004264848884615384,forecasted
1230,Rome,Bacteroides,86,0.003941663423076923,forecasted
1231,Rotterdam,Bacteroides,86,0.004264848884615384,forecasted
1232,Bologna,Bacteroides,87,0.0020503158846153845,forecasted
1233,Budapest,Bacteroides,87,0.0021462867307692306,forecasted
1234,Copenaghen_RA,Bacteroides,87,0.002530170115384615,forecasted
1235,Copenaghen_RD,Bacteroides,87,0.002530170115384615,forecasted
1236,Copenaghen_RL,Bacteroides,87,0.0024341992692307694,forecasted
1237,Rome,Bacteroides,87,0.0019543450384615383,forecasted
1238,Rotterdam,Bacteroides,87,0.002242257576923077,forecasted
1239,Bologna,Bacteroides,88,0.004001121,forecasted
1240,Budapest,Bacteroides,88,0.0035410710000000002,forecasted
1241,Copenaghen_RA,Bacteroides,88,0.0036944210000000002,forecasted
1242,Copenaghen_RD,Bacteroides,88,0.0036944210000000002,forecasted
1243,Copenaghen_RL,Bacteroides,88,0.0033877210000000002,forecasted
1244,Rome,Bacteroides,88,0.0033877210000000002,forecasted
1245,Rotterdam,Bacteroides,88,0.0036944210000000002,forecasted
1246,Bologna,Bacteroides,89,5.585145178461538e-05,forecasted
1247,Budapest,Bacteroides,89,5.585145178461538e-05,forecasted
1248,Copenaghen_RA,Bacteroides,89,5.585145178461538e-05,forecasted
1249,Copenaghen_RD,Bacteroides,89,5.585145178461538e-05,forecasted
1250,Copenaghen_RL,Bacteroides,89,5.585145178461538e-05,forecasted
1251,Rome,Bacteroides,89,5.585145178461538e-05,forecasted
1252,Rotterdam,Bacteroides,89,5.585145178461538e-05,forecasted
1253,Bologna,Bacteroides,90,0.0014978056923076924,forecasted
1254,Budapest,Bacteroides,90,0.0017516875384615384,forecasted
1255,Copenaghen_RA,Bacteroides,90,0.0018786284615384616,forecasted
1256,Copenaghen_RD,Bacteroides,90,0.0013708647692307692,forecasted
1257,Copenaghen_RL,Bacteroides,90,0.0016247466153846155,forecasted
1258,Rome,Bacteroides,90,0.0014978056923076924,forecasted
1259,Rotterdam,Bacteroides,90,0.0020055693846153847,forecasted
1260,Bologna,Brachymonas,60,,forecasted
1261,Budapest,Brachymonas,60,,forecasted
1262,Copenaghen_RA,Brachymonas,60,,forecasted
1263,Copenaghen_RD,Brachymonas,60,0.007223442173076923,forecasted
1264,Copenaghen_RL,Brachymonas,60,0.01314598898076923,forecasted
1265,Rome,Brachymonas,60,0.0060916716807307685,forecasted
1266,Rotterdam,Brachymonas,60,,forecasted
1267,Bologna,Brachymonas,61,0.007551221403846154,forecasted
1268,Budapest,Brachymonas,61,,forecasted
1269,Copenaghen_RA,Brachymonas,61,0.003970280474653846,forecasted
1270,Copenaghen_RD,Brachymonas,61,0.003970280474653846,forecasted
1271,Copenaghen_RL,Brachymonas,61,0.004544794365384615,forecasted
1272,Rome,Brachymonas,61,,forecasted
1273,Rotterdam,Brachymonas,61,,forecasted
1274,Bologna,Brachymonas,62,,forecasted
1275,Budapest,Brachymonas,62,,forecasted
1276,Copenaghen_RA,Brachymonas,62,,forecasted
1277,Copenaghen_RD,Brachymonas,62,,forecasted
1278,Copenaghen_RL,Brachymonas,62,,forecasted
1279,Rome,Brachymonas,62,0.007493372992576923,forecasted
1280,Rotterdam,Brachymonas,62,0.017837557826923076,forecasted
1281,Bologna,Brachymonas,63,0.008032696294192308,forecasted
1282,Budapest,Brachymonas,63,,forecasted
1283,Copenaghen_RA,Brachymonas,63,,forecasted
1284,Copenaghen_RD,Brachymonas,63,,forecasted
1285,Copenaghen_RL,Brachymonas,63,0.012551897942307693,forecasted
1286,Rome,Brachymonas,63,0.011648527365384615,forecasted
1287,Rotterdam,Brachymonas,63,,forecasted
1288,Bologna,Brachymonas,64,,forecasted
1289,Budapest,Brachymonas,64,,forecasted
1290,Copenaghen_RA,Brachymonas,64,0.008243645634615385,forecasted
1291,Copenaghen_RD,Brachymonas,64,0.0076769912400384615,forecasted
1292,Copenaghen_RL,Brachymonas,64,0.0076769912400384615,forecasted
1293,Rome,Brachymonas,64,,forecasted
1294,Rotterdam,Brachymonas,64,0.021668823788461536,forecasted
1295,Bologna,Brachymonas,65,0.031009007673076926,forecasted
1296,Budapest,Brachymonas,65,,forecasted
1297,Copenaghen_RA,Brachymonas,65,0.004920082136423077,forecasted
1298,Copenaghen_RD,Brachymonas,65,0.00806268528846154,forecasted
1299,Copenaghen_RL,Brachymonas,65,0.009105699942307692,forecasted
1300,Rome,Brachymonas,65,,forecasted
1301,Rotterdam,Brachymonas,65,0.009105699942307692,forecasted
1302,Bologna,Brachymonas,66,,forecasted
1303,Budapest,Brachymonas,66,,forecasted
1304,Copenaghen_RA,Brachymonas,66,,forecasted
1305,Copenaghen_RD,Brachymonas,66,,forecasted
1306,Copenaghen_RL,Brachymonas,66,,forecasted
1307,Rome,Brachymonas,66,0.0034366988141923075,forecasted
1308,Rotterdam,Brachymonas,66,,forecasted
1309,Bologna,Brachymonas,67,0.03164698511538462,forecasted
1310,Budapest,Brachymonas,67,0.01812367857692308,forecasted
1311,Copenaghen_RA,Brachymonas,67,0.009096420685615385,forecasted
1312,Copenaghen_RD,Brachymonas,67,0.013615909730769232,forecasted
1313,Copenaghen_RL,Brachymonas,67,0.010009694653846154,forecasted
1314,Rome,Brachymonas,67,,forecasted
1315,Rotterdam,Brachymonas,67,,forecasted
1316,Bologna,Brachymonas,68,,forecasted
1317,Budapest,Brachymonas,68,0.01768969928846154,forecasted
1318,Copenaghen_RA,Brachymonas,68,0.012577079442307692,forecasted
1319,Copenaghen_RD,Brachymonas,68,0.021524164173076926,forecasted
1320,Copenaghen_RL,Brachymonas,68,0.01555944101923077,forecasted
1321,Rome,Brachymonas,68,0.010867334155423077,forecasted
1322,Rotterdam,Brachymonas,68,0.020246009211538463,forecasted
1323,Bologna,Brachymonas,69,0.02684457146153846,forecasted
1324,Budapest,Brachymonas,69,0.023020726076923077,forecasted
1325,Copenaghen_RA,Brachymonas,69,0.007715402540461538,forecasted
1326,Copenaghen_RD,Brachymonas,69,0.01001965176923077,forecasted
1327,Copenaghen_RL,Brachymonas,69,0.011549189923076922,forecasted
1328,Rome,Brachymonas,69,,forecasted
1329,Rotterdam,Brachymonas,69,,forecasted
1330,Bologna,Brachymonas,70,0.01342120269230769,forecasted
1331,Budapest,Brachymonas,70,0.01382772423076923,forecasted
1332,Copenaghen_RA,Brachymonas,70,0.01342120269230769,forecasted
1333,Copenaghen_RD,Brachymonas,70,0.012608159615384616,forecasted
1334,Copenaghen_RL,Brachymonas,70,0.01382772423076923,forecasted
1335,Rome,Brachymonas,70,0.01342120269230769,forecasted
1336,Rotterdam,Brachymonas,70,0.012608159615384616,forecasted
1337,Bologna,Brachymonas,71,0.02087629475,forecasted
1338,Budapest,Brachymonas,71,0.021749611250000002,forecasted
1339,Copenaghen_RA,Brachymonas,71,0.02087629475,forecasted
1340,Copenaghen_RD,Brachymonas,71,0.02087629475,forecasted
1341,Copenaghen_RL,Brachymonas,71,0.020002978249999998,forecasted
1342,Rome,Brachymonas,71,0.02262292775,forecasted
1343,Rotterdam,Brachymonas,71,0.020002978249999998,forecasted
1344,Bologna,Brachymonas,72,0.023282661442307694,forecasted
1345,Budapest,Brachymonas,72,0.023282661442307694,forecasted
1346,Copenaghen_RA,Brachymonas,72,0.024259502096153844,forecasted
1347,Copenaghen_RD,Brachymonas,72,0.023282661442307694,forecasted
1348,Copenaghen_RL,Brachymonas,72,0.023282661442307694,forecasted
1349,Rome,Brachymonas,72,0.024259502096153844,forecasted
1350,Rotterdam,Brachymonas,72,0.023282661442307694,forecasted
1351,Bologna,Brachymonas,73,0.02343454730769231,forecasted
1352,Budapest,Brachymonas,73,0.024611775769230772,forecasted
1353,Copenaghen_RA,Brachymonas,73,0.02343454730769231,forecasted
1354,Copenaghen_RD,Brachymonas,73,0.017548405000000003,forecasted
1355,Copenaghen_RL,Brachymonas,73,0.02343454730769231,forecasted
1356,Rome,Brachymonas,73,0.017548405000000003,forecasted
1357,Rotterdam,Brachymonas,73,0.024611775769230772,forecasted
1358,Bologna,Brachymonas,74,0.014245137134615385,forecasted
1359,Budapest,Brachymonas,74,0.01587071275,forecasted
1360,Copenaghen_RA,Brachymonas,74,0.020747439596153848,forecasted
1361,Copenaghen_RD,Brachymonas,74,0.01587071275,forecasted
1362,Copenaghen_RL,Brachymonas,74,0.022373015211538463,forecasted
1363,Rome,Brachymonas,74,0.015057924942307692,forecasted
1364,Rotterdam,Brachymonas,74,0.020747439596153848,forecasted
1365,Bologna,Brachymonas,75,0.01524515973076923,forecasted
1366,Budapest,Brachymonas,75,0.01524515973076923,forecasted
1367,Copenaghen_RA,Brachymonas,75,0.01524515973076923,forecasted
1368,Copenaghen_RD,Brachymonas,75,0.016124802576923076,forecasted
1369,Copenaghen_RL,Brachymonas,75,0.01524515973076923,forecasted
1370,Rome,Brachymonas,75,0.01524515973076923,forecasted
1371,Rotterdam,Brachymonas,75,0.014365516884615384,forecasted
1372,Bologna,Brachymonas,77,0.02379707655769231,forecasted
1373,Budapest,Brachymonas,77,0.021383613403846154,forecasted
1374,Copenaghen_RA,Brachymonas,77,0.02259034498076923,forecasted
1375,Copenaghen_RD,Brachymonas,77,0.02259034498076923,forecasted
1376,Copenaghen_RL,Brachymonas,77,0.02017688182692308,forecasted
1377,Rome,Brachymonas,77,0.02259034498076923,forecasted
1378,Rotterdam,Brachymonas,77,0.02259034498076923,forecasted
1379,Bologna,Brachymonas,78,0.013721911942307694,forecasted
1380,Budapest,Brachymonas,78,0.014693195249999999,forecasted
1381,Copenaghen_RA,Brachymonas,78,0.014693195249999999,forecasted
1382,Copenaghen_RD,Brachymonas,78,0.013721911942307694,forecasted
1383,Copenaghen_RL,Brachymonas,78,0.013721911942307694,forecasted
1384,Rome,Brachymonas,78,0.012750628634615385,forecasted
1385,Rotterdam,Brachymonas,78,0.014207553596153846,forecasted
1386,Bologna,Brachymonas,79,0.02136312048076923,forecasted
1387,Budapest,Brachymonas,79,0.02136312048076923,forecasted
1388,Copenaghen_RA,Brachymonas,79,0.019485540403846154,forecasted
1389,Copenaghen_RD,Brachymonas,79,0.02230191051923077,forecasted
1390,Copenaghen_RL,Brachymonas,79,0.02230191051923077,forecasted
1391,Rome,Brachymonas,79,0.02042433044230769,forecasted
1392,Rotterdam,Brachymonas,79,0.02230191051923077,forecasted
1393,Bologna,Brachymonas,80,0.01319803523076923,forecasted
1394,Budapest,Brachymonas,80,0.01319803523076923,forecasted
1395,Copenaghen_RA,Brachymonas,80,0.01399707476923077,forecasted
1396,Copenaghen_RD,Brachymonas,80,0.01399707476923077,forecasted
1397,Copenaghen_RL,Brachymonas,80,0.012398995692307693,forecasted
1398,Rome,Brachymonas,80,0.01319803523076923,forecasted
1399,Rotterdam,Brachymonas,80,0.014796114307692308,forecasted
1400,Bologna,Brachymonas,81,0.03626919998076923,forecasted
1401,Budapest,Brachymonas,81,0.03505942955769231,forecasted
1402,Copenaghen_RA,Brachymonas,81,0.033849659134615386,forecasted
1403,Copenaghen_RD,Brachymonas,81,0.03626919998076923,forecasted
1404,Copenaghen_RL,Brachymonas,81,0.03505942955769231,forecasted
1405,Rome,Brachymonas,81,0.032639888711538466,forecasted
1406,Rotterdam,Brachymonas,81,0.033849659134615386,forecasted
1407,Bologna,Brachymonas,82,0.02357403463461538,forecasted
1408,Budapest,Brachymonas,82,0.02357403463461538,forecasted
1409,Copenaghen_RA,Brachymonas,82,0.02357403463461538,forecasted
1410,Copenaghen_RD,Brachymonas,82,0.025250233211538457,forecasted
1411,Copenaghen_RL,Brachymonas,82,0.02357403463461538,forecasted
1412,Rome,Brachymonas,82,0.02357403463461538,forecasted
1413,Rotterdam,Brachymonas,82,0.02357403463461538,forecasted
1414,Bologna,Brachymonas,83,0.01954817403846154,forecasted
1415,Budapest,Brachymonas,83,0.01954817403846154,forecasted
1416,Copenaghen_RA,Brachymonas,83,0.01954817403846154,forecasted
1417,Copenaghen_RD,Brachymonas,83,0.020748205961538466,forecasted
1418,Copenaghen_RL,Brachymonas,83,0.023148269807692308,forecasted
1419,Rome,Brachymonas,83,0.021948237884615383,forecasted
1420,Rotterdam,Brachymonas,83,0.020748205961538466,forecasted
1421,Bologna,Brachymonas,84,0.0067963185930769235,forecasted
1422,Budapest,Brachymonas,84,0.0067963185930769235,forecasted
1423,Copenaghen_RA,Brachymonas,84,0.0067963185930769235,forecasted
1424,Copenaghen_RD,Brachymonas,84,0.0067963185930769235,forecasted
1425,Copenaghen_RL,Brachymonas,84,0.0067963185930769235,forecasted
1426,Rome,Brachymonas,84,0.0067963185930769235,forecasted
1427,Rotterdam,Brachymonas,84,0.0067963185930769235,forecasted
1428,Bologna,Brachymonas,85,0.008367873115384616,forecasted
1429,Budapest,Brachymonas,85,0.008091986884615385,forecasted
1430,Copenaghen_RA,Brachymonas,85,0.008367873115384616,forecasted
1431,Copenaghen_RD,Brachymonas,85,0.008091986884615385,forecasted
1432,Copenaghen_RL,Brachymonas,85,0.007816100653846154,forecasted
1433,Rome,Brachymonas,85,0.008091986884615385,forecasted
1434,Rotterdam,Brachymonas,85,0.007816100653846154,forecasted
1435,Bologna,Brachymonas,86,0.01215255948076923,forecasted
1436,Budapest,Brachymonas,86,0.01215255948076923,forecasted
1437,Copenaghen_RA,Brachymonas,86,0.009011025903846153,forecasted
1438,Copenaghen_RD,Brachymonas,86,0.009296619865384614,forecasted
1439,Copenaghen_RL,Brachymonas,86,0.015579687019230768,forecasted
1440,Rome,Brachymonas,86,0.01215255948076923,forecasted
1441,Rotterdam,Brachymonas,86,0.015579687019230768,forecasted
1442,Bologna,Brachymonas,87,0.010271204307692308,forecasted
1443,Budapest,Brachymonas,87,0.009458033230769231,forecasted
1444,Copenaghen_RA,Brachymonas,87,0.00986461876923077,forecasted
1445,Copenaghen_RD,Brachymonas,87,0.009458033230769231,forecasted
1446,Copenaghen_RL,Brachymonas,87,0.010677789846153847,forecasted
1447,Rome,Brachymonas,87,0.008644862153846154,forecasted
1448,Rotterdam,Brachymonas,87,0.009051447692307693,forecasted
1449,Bologna,Brachymonas,88,0.01763691801923077,forecasted
1450,Budapest,Brachymonas,88,0.01763691801923077,forecasted
1451,Copenaghen_RA,Brachymonas,88,0.017957864980769234,forecasted
1452,Copenaghen_RD,Brachymonas,88,0.01763691801923077,forecasted
1453,Copenaghen_RL,Brachymonas,88,0.01731597105769231,forecasted
1454,Rome,Brachymonas,88,0.017957864980769234,forecasted
1455,Rotterdam,Brachymonas,88,0.01731597105769231,forecasted
1456,Bologna,Brachymonas,89,0.0025837446213846154,forecasted
1457,Budapest,Brachymonas,89,0.0025837446213846154,forecasted
1458,Copenaghen_RA,Brachymonas,89,0.0025837446213846154,forecasted
1459,Copenaghen_RD,Brachymonas,89,0.0025837446213846154,forecasted
1460,Copenaghen_RL,Brachymonas,89,0.0025837446213846154,forecasted
1461,Rome,Brachymonas,89,0.0025837446213846154,forecasted
1462,Rotterdam,Brachymonas,89,0.0025837446213846154,forecasted
1463,Bologna,Brachymonas,90,0.015888746673076923,forecasted
1464,Budapest,Brachymonas,90,0.01654452521153846,forecasted
1465,Copenaghen_RA,Brachymonas,90,0.015888746673076923,forecasted
1466,Copenaghen_RD,Brachymonas,90,0.016872414480769232,forecasted
1467,Copenaghen_RL,Brachymonas,90,0.015888746673076923,forecasted
1468,Rome,Brachymonas,90,0.01654452521153846,forecasted
1469,Rotterdam,Brachymonas,90,0.016872414480769232,forecasted
1470,Bologna,Brevefilum,60,,forecasted
1471,Budapest,Brevefilum,60,,forecasted
1472,Copenaghen_RA,Brevefilum,60,,forecasted
1473,Copenaghen_RD,Brevefilum,60,4.9557201923076926e-05,forecasted
1474,Copenaghen_RL,Brevefilum,60,0.0004817284326923077,forecasted
1475,Rome,Brevefilum,60,3.131597455769231e-05,forecasted
1476,Rotterdam,Brevefilum,60,,forecasted
1477,Bologna,Brevefilum,61,9.717744423076923e-05,forecasted
1478,Budapest,Brevefilum,61,,forecasted
1479,Copenaghen_RA,Brevefilum,61,0.00015592180192307693,forecasted
1480,Copenaghen_RD,Brevefilum,61,2.2342472926923077e-05,forecasted
1481,Copenaghen_RL,Brevefilum,61,3.309269038461538e-05,forecasted
1482,Rome,Brevefilum,61,,forecasted
1483,Rotterdam,Brevefilum,61,,forecasted
1484,Bologna,Brevefilum,62,,forecasted
1485,Budapest,Brevefilum,62,,forecasted
1486,Copenaghen_RA,Brevefilum,62,,forecasted
1487,Copenaghen_RD,Brevefilum,62,,forecasted
1488,Copenaghen_RL,Brevefilum,62,,forecasted
1489,Rome,Brevefilum,62,4.158797442307693e-06,forecasted
1490,Rotterdam,Brevefilum,62,1.2884967307692308e-05,forecasted
1491,Bologna,Brevefilum,63,1.1019449038461539e-05,forecasted
1492,Budapest,Brevefilum,63,,forecasted
1493,Copenaghen_RA,Brevefilum,63,,forecasted
1494,Copenaghen_RD,Brevefilum,63,,forecasted
1495,Copenaghen_RL,Brevefilum,63,1.738882403846154e-05,forecasted
1496,Rome,Brevefilum,63,5.133656586538462e-06,forecasted
1497,Rotterdam,Brevefilum,63,,forecasted
1498,Bologna,Brevefilum,64,,forecasted
1499,Budapest,Brevefilum,64,,forecasted
1500,Copenaghen_RA,Brevefilum,64,8.747536538461539e-06,forecasted
1501,Copenaghen_RD,Brevefilum,64,6.351670786923076e-06,forecasted
1502,Copenaghen_RL,Brevefilum,64,2.6241411923076922e-05,forecasted
1503,Rome,Brevefilum,64,,forecasted
1504,Rotterdam,Brevefilum,64,7.15718423076923e-06,forecasted
1505,Bologna,Brevefilum,65,2.952699094e-05,forecasted
1506,Budapest,Brevefilum,65,,forecasted
1507,Copenaghen_RA,Brevefilum,65,2.952699094e-05,forecasted
1508,Copenaghen_RD,Brevefilum,65,2.952699094e-05,forecasted
1509,Copenaghen_RL,Brevefilum,65,0.00121033119,forecasted
1510,Rome,Brevefilum,65,,forecasted
1511,Rotterdam,Brevefilum,65,2.952699094e-05,forecasted
1512,Bologna,Brevefilum,66,,forecasted
1513,Budapest,Brevefilum,66,,forecasted
1514,Copenaghen_RA,Brevefilum,66,,forecasted
1515,Copenaghen_RD,Brevefilum,66,,forecasted
1516,Copenaghen_RL,Brevefilum,66,,forecasted
1517,Rome,Brevefilum,66,7.339377705384615e-06,forecasted
1518,Rotterdam,Brevefilum,66,,forecasted
1519,Bologna,Brevefilum,67,1.9110632692307696e-05,forecasted
1520,Budapest,Brevefilum,67,5.921844913076924e-06,forecasted
1521,Copenaghen_RA,Brevefilum,67,5.921844913076924e-06,forecasted
1522,Copenaghen_RD,Brevefilum,67,4.709133807692308e-05,forecasted
1523,Copenaghen_RL,Brevefilum,67,3.5569871153846154e-05,forecasted
1524,Rome,Brevefilum,67,,forecasted
1525,Rotterdam,Brevefilum,67,,forecasted
1526,Bologna,Brevefilum,68,,forecasted
1527,Budapest,Brevefilum,68,1.333110680153846e-05,forecasted
1528,Copenaghen_RA,Brevefilum,68,5.6554716153846147e-05,forecasted
1529,Copenaghen_RD,Brevefilum,68,1.333110680153846e-05,forecasted
1530,Copenaghen_RL,Brevefilum,68,0.0002827435515384615,forecasted
1531,Rome,Brevefilum,68,1.333110680153846e-05,forecasted
1532,Rotterdam,Brevefilum,68,1.333110680153846e-05,forecasted
1533,Bologna,Brevefilum,69,0.00011349061261653847,forecasted
1534,Budapest,Brevefilum,69,0.00011349061261653847,forecasted
1535,Copenaghen_RA,Brevefilum,69,0.00011349061261653847,forecasted
1536,Copenaghen_RD,Brevefilum,69,0.00011349061261653847,forecasted
1537,Copenaghen_RL,Brevefilum,69,0.005560587679038462,forecasted
1538,Rome,Brevefilum,69,,forecasted
1539,Rotterdam,Brevefilum,69,,forecasted
1540,Bologna,Brevefilum,70,4.678791942307692e-05,forecasted
1541,Budapest,Brevefilum,70,4.678791942307692e-05,forecasted
1542,Copenaghen_RA,Brevefilum,70,4.678791942307692e-05,forecasted
1543,Copenaghen_RD,Brevefilum,70,4.14143475e-05,forecasted
1544,Copenaghen_RL,Brevefilum,70,4.678791942307692e-05,forecasted
1545,Rome,Brevefilum,70,6.290863519230769e-05,forecasted
1546,Rotterdam,Brevefilum,70,4.678791942307692e-05,forecasted
1547,Bologna,Brevefilum,71,4.5895745e-05,forecasted
1548,Budapest,Brevefilum,71,4.5895745e-05,forecasted
1549,Copenaghen_RA,Brevefilum,71,5.182391192307692e-05,forecasted
1550,Copenaghen_RD,Brevefilum,71,3.996757807692307e-05,forecasted
1551,Copenaghen_RL,Brevefilum,71,4.5895745e-05,forecasted
1552,Rome,Brevefilum,71,5.182391192307692e-05,forecasted
1553,Rotterdam,Brevefilum,71,5.182391192307692e-05,forecasted
1554,Bologna,Brevefilum,72,3.683522846153846e-05,forecasted
1555,Budapest,Brevefilum,72,4.351243769230769e-05,forecasted
1556,Copenaghen_RA,Brevefilum,72,4.351243769230769e-05,forecasted
1557,Copenaghen_RD,Brevefilum,72,3.683522846153846e-05,forecasted
1558,Copenaghen_RL,Brevefilum,72,3.3496623846153846e-05,forecasted
1559,Rome,Brevefilum,72,3.3496623846153846e-05,forecasted
1560,Rotterdam,Brevefilum,72,3.683522846153846e-05,forecasted
1561,Bologna,Brevefilum,73,1.9356143269230768e-05,forecasted
1562,Budapest,Brevefilum,73,1.9356143269230768e-05,forecasted
1563,Copenaghen_RA,Brevefilum,73,1.7079416346153846e-05,forecasted
1564,Copenaghen_RD,Brevefilum,73,1.821777980769231e-05,forecasted
1565,Copenaghen_RL,Brevefilum,73,1.821777980769231e-05,forecasted
1566,Rome,Brevefilum,73,1.821777980769231e-05,forecasted
1567,Rotterdam,Brevefilum,73,1.7079416346153846e-05,forecasted
1568,Bologna,Brevefilum,74,0.0005962240784615385,forecasted
1569,Budapest,Brevefilum,74,3.54489711476923e-05,forecasted
1570,Copenaghen_RA,Brevefilum,74,3.54489711476923e-05,forecasted
1571,Copenaghen_RD,Brevefilum,74,0.0014362946476923076,forecasted
1572,Copenaghen_RL,Brevefilum,74,0.0014362946476923076,forecasted
1573,Rome,Brevefilum,74,0.0006522287830769231,forecasted
1574,Rotterdam,Brevefilum,74,3.54489711476923e-05,forecasted
1575,Bologna,Brevefilum,75,0.00032654354750000003,forecasted
1576,Budapest,Brevefilum,75,0.00022652144980769232,forecasted
1577,Copenaghen_RA,Brevefilum,75,0.0002765324986538462,forecasted
1578,Copenaghen_RD,Brevefilum,75,0.00017651040096153844,forecasted
1579,Copenaghen_RL,Brevefilum,75,0.0002765324986538462,forecasted
1580,Rome,Brevefilum,75,0.00037655459634615385,forecasted
1581,Rotterdam,Brevefilum,75,0.00032654354750000003,forecasted
1582,Bologna,Brevefilum,77,5.8481621538461545e-05,forecasted
1583,Budapest,Brevefilum,77,1.4094563076923078e-05,forecasted
1584,Copenaghen_RA,Brevefilum,77,1.4094563076923078e-05,forecasted
1585,Copenaghen_RD,Brevefilum,77,8.314109846153847e-05,forecasted
1586,Copenaghen_RL,Brevefilum,77,7.820920307692309e-05,forecasted
1587,Rome,Brevefilum,77,4.861783076923078e-05,forecasted
1588,Rotterdam,Brevefilum,77,1.4094563076923078e-05,forecasted
1589,Bologna,Brevefilum,78,1.529701153846154e-05,forecasted
1590,Budapest,Brevefilum,78,1.7756996153846156e-05,forecasted
1591,Copenaghen_RA,Brevefilum,78,1.6527003846153847e-05,forecasted
1592,Copenaghen_RD,Brevefilum,78,1.6527003846153847e-05,forecasted
1593,Copenaghen_RL,Brevefilum,78,1.898698846153846e-05,forecasted
1594,Rome,Brevefilum,78,1.529701153846154e-05,forecasted
1595,Rotterdam,Brevefilum,78,1.898698846153846e-05,forecasted
1596,Bologna,Brevefilum,79,1.2355861538461538e-05,forecasted
1597,Budapest,Brevefilum,79,1.2031430769230769e-05,forecasted
1598,Copenaghen_RA,Brevefilum,79,1.2193646153846154e-05,forecasted
1599,Copenaghen_RD,Brevefilum,79,1.2274753846153845e-05,forecasted
1600,Copenaghen_RL,Brevefilum,79,1.2193646153846154e-05,forecasted
1601,Rome,Brevefilum,79,1.243696923076923e-05,forecasted
1602,Rotterdam,Brevefilum,79,1.2355861538461538e-05,forecasted
1603,Bologna,Brevefilum,80,1.0465460096153846e-05,forecasted
1604,Budapest,Brevefilum,80,1.0465460096153846e-05,forecasted
1605,Copenaghen_RA,Brevefilum,80,1.1231335288461537e-05,forecasted
1606,Copenaghen_RD,Brevefilum,80,9.699584903846155e-06,forecasted
1607,Copenaghen_RL,Brevefilum,80,1.1231335288461537e-05,forecasted
1608,Rome,Brevefilum,80,1.1231335288461537e-05,forecasted
1609,Rotterdam,Brevefilum,80,1.1231335288461537e-05,forecasted
1610,Bologna,Brevefilum,81,2.0269703846153844e-05,forecasted
1611,Budapest,Brevefilum,81,3.344228076923077e-05,forecasted
1612,Copenaghen_RA,Brevefilum,81,4.3980342307692305e-05,forecasted
1613,Copenaghen_RD,Brevefilum,81,3.0807765384615385e-05,forecasted
1614,Copenaghen_RL,Brevefilum,81,4.661485769230769e-05,forecasted
1615,Rome,Brevefilum,81,3.0807765384615385e-05,forecasted
1616,Rotterdam,Brevefilum,81,2.0269703846153844e-05,forecasted
1617,Bologna,Brevefilum,82,1.2496603846153847e-05,forecasted
1618,Budapest,Brevefilum,82,1.2496603846153847e-05,forecasted
1619,Copenaghen_RA,Brevefilum,82,1.2496603846153847e-05,forecasted
1620,Copenaghen_RD,Brevefilum,82,1.2496603846153847e-05,forecasted
1621,Copenaghen_RL,Brevefilum,82,1.1549565384615386e-05,forecasted
1622,Rome,Brevefilum,82,1.2496603846153847e-05,forecasted
1623,Rotterdam,Brevefilum,82,1.3443642307692309e-05,forecasted
1624,Bologna,Brevefilum,83,8.965932692307691e-06,forecasted
1625,Budapest,Brevefilum,83,8.965932692307691e-06,forecasted
1626,Copenaghen_RA,Brevefilum,83,8.965932692307691e-06,forecasted
1627,Copenaghen_RD,Brevefilum,83,1.0654340384615384e-05,forecasted
1628,Copenaghen_RL,Brevefilum,83,1.0654340384615384e-05,forecasted
1629,Rome,Brevefilum,83,8.965932692307691e-06,forecasted
1630,Rotterdam,Brevefilum,83,1.0654340384615384e-05,forecasted
1631,Bologna,Brevefilum,84,6.799658464615386e-07,forecasted
1632,Budapest,Brevefilum,84,6.799658464615386e-07,forecasted
1633,Copenaghen_RA,Brevefilum,84,6.799658464615386e-07,forecasted
1634,Copenaghen_RD,Brevefilum,84,6.799658464615386e-07,forecasted
1635,Copenaghen_RL,Brevefilum,84,6.799658464615386e-07,forecasted
1636,Rome,Brevefilum,84,6.799658464615386e-07,forecasted
1637,Rotterdam,Brevefilum,84,6.799658464615386e-07,forecasted
1638,Bologna,Brevefilum,85,3.3847394230769237e-06,forecasted
1639,Budapest,Brevefilum,85,3.1247809615384614e-06,forecasted
1640,Copenaghen_RA,Brevefilum,85,3.449729038461539e-06,forecasted
1641,Copenaghen_RD,Brevefilum,85,3.3197498076923077e-06,forecasted
1642,Copenaghen_RL,Brevefilum,85,3.1897705769230774e-06,forecasted
1643,Rome,Brevefilum,85,3.3197498076923077e-06,forecasted
1644,Rotterdam,Brevefilum,85,3.2547601923076925e-06,forecasted
1645,Bologna,Brevefilum,86,3.288006596153846e-05,forecasted
1646,Budapest,Brevefilum,86,2.7369443653846155e-05,forecasted
1647,Copenaghen_RA,Brevefilum,86,1.6348199038461538e-05,forecasted
1648,Copenaghen_RD,Brevefilum,86,1.6348199038461538e-05,forecasted
1649,Copenaghen_RL,Brevefilum,86,4.114599942307692e-05,forecasted
1650,Rome,Brevefilum,86,3.012475480769231e-05,forecasted
1651,Rotterdam,Brevefilum,86,4.114599942307692e-05,forecasted
1652,Bologna,Brevefilum,87,2.9462948076923075e-06,forecasted
1653,Budapest,Brevefilum,87,3.105375576923077e-06,forecasted
1654,Copenaghen_RA,Brevefilum,87,2.9462948076923075e-06,forecasted
1655,Copenaghen_RD,Brevefilum,87,3.1849159615384614e-06,forecasted
1656,Copenaghen_RL,Brevefilum,87,2.866754423076923e-06,forecasted
1657,Rome,Brevefilum,87,2.9462948076923075e-06,forecasted
1658,Rotterdam,Brevefilum,87,2.9462948076923075e-06,forecasted
1659,Bologna,Brevefilum,88,7.957627884615383e-06,forecasted
1660,Budapest,Brevefilum,88,7.957627884615383e-06,forecasted
1661,Copenaghen_RA,Brevefilum,88,7.770564807692307e-06,forecasted
1662,Copenaghen_RD,Brevefilum,88,7.957627884615383e-06,forecasted
1663,Copenaghen_RL,Brevefilum,88,7.910862115384615e-06,forecasted
1664,Rome,Brevefilum,88,7.910862115384615e-06,forecasted
1665,Rotterdam,Brevefilum,88,7.910862115384615e-06,forecasted
1666,Bologna,Brevefilum,89,1.7685719753846152e-07,forecasted
1667,Budapest,Brevefilum,89,1.7685719753846152e-07,forecasted
1668,Copenaghen_RA,Brevefilum,89,1.7685719753846152e-07,forecasted
1669,Copenaghen_RD,Brevefilum,89,1.7685719753846152e-07,forecasted
1670,Copenaghen_RL,Brevefilum,89,1.7685719753846152e-07,forecasted
1671,Rome,Brevefilum,89,1.7685719753846152e-07,forecasted
1672,Rotterdam,Brevefilum,89,1.7685719753846152e-07,forecasted
1673,Bologna,Brevefilum,90,4.678800192307692e-06,forecasted
1674,Budapest,Brevefilum,90,4.590802115384616e-06,forecasted
1675,Copenaghen_RA,Brevefilum,90,4.590802115384616e-06,forecasted
1676,Copenaghen_RD,Brevefilum,90,4.678800192307692e-06,forecasted
1677,Copenaghen_RL,Brevefilum,90,4.766798269230769e-06,forecasted
1678,Rome,Brevefilum,90,4.766798269230769e-06,forecasted
1679,Rotterdam,Brevefilum,90,4.766798269230769e-06,forecasted
1680,Bologna,Brevundimonas,60,,forecasted
1681,Budapest,Brevundimonas,60,,forecasted
1682,Copenaghen_RA,Brevundimonas,60,,forecasted
1683,Copenaghen_RD,Brevundimonas,60,0.0010968954615384616,forecasted
1684,Copenaghen_RL,Brevundimonas,60,0.0006493859544615384,forecasted
1685,Rome,Brevundimonas,60,0.0007927471538461538,forecasted
1686,Rotterdam,Brevundimonas,60,,forecasted
1687,Bologna,Brevundimonas,61,0.002075028423076923,forecasted
1688,Budapest,Brevundimonas,61,,forecasted
1689,Copenaghen_RA,Brevundimonas,61,0.0006293482139230769,forecasted
1690,Copenaghen_RD,Brevundimonas,61,0.0006293482139230769,forecasted
1691,Copenaghen_RL,Brevundimonas,61,0.0006293482139230769,forecasted
1692,Rome,Brevundimonas,61,,forecasted
1693,Rotterdam,Brevundimonas,61,,forecasted
1694,Bologna,Brevundimonas,62,,forecasted
1695,Budapest,Brevundimonas,62,,forecasted
1696,Copenaghen_RA,Brevundimonas,62,,forecasted
1697,Copenaghen_RD,Brevundimonas,62,,forecasted
1698,Copenaghen_RL,Brevundimonas,62,,forecasted
1699,Rome,Brevundimonas,62,0.06328019301923077,forecasted
1700,Rotterdam,Brevundimonas,62,0.0029576925832692303,forecasted
1701,Bologna,Brevundimonas,63,0.007396731923076923,forecasted
1702,Budapest,Brevundimonas,63,,forecasted
1703,Copenaghen_RA,Brevundimonas,63,,forecasted
1704,Copenaghen_RD,Brevundimonas,63,,forecasted
1705,Copenaghen_RL,Brevundimonas,63,0.0014136113338461538,forecasted
1706,Rome,Brevundimonas,63,0.018018048846153843,forecasted
1707,Rotterdam,Brevundimonas,63,,forecasted
1708,Bologna,Brevundimonas,64,,forecasted
1709,Budapest,Brevundimonas,64,,forecasted
1710,Copenaghen_RA,Brevundimonas,64,0.0009142915961538461,forecasted
1711,Copenaghen_RD,Brevundimonas,64,0.0009898766346153848,forecasted
1712,Copenaghen_RL,Brevundimonas,64,0.0007621389137307693,forecasted
1713,Rome,Brevundimonas,64,,forecasted
1714,Rotterdam,Brevundimonas,64,0.0026527474807692304,forecasted
1715,Bologna,Brevundimonas,65,0.0017444975576923075,forecasted
1716,Budapest,Brevundimonas,65,,forecasted
1717,Copenaghen_RA,Brevundimonas,65,0.0008831429807692308,forecasted
1718,Copenaghen_RD,Brevundimonas,65,0.0007185422228076923,forecasted
1719,Copenaghen_RL,Brevundimonas,65,0.0007600923269230769,forecasted
1720,Rome,Brevundimonas,65,,forecasted
1721,Rotterdam,Brevundimonas,65,0.0017444975576923075,forecasted
1722,Bologna,Brevundimonas,66,,forecasted
1723,Budapest,Brevundimonas,66,,forecasted
1724,Copenaghen_RA,Brevundimonas,66,,forecasted
1725,Copenaghen_RD,Brevundimonas,66,,forecasted
1726,Copenaghen_RL,Brevundimonas,66,,forecasted
1727,Rome,Brevundimonas,66,0.03524000356311538,forecasted
1728,Rotterdam,Brevundimonas,66,,forecasted
1729,Bologna,Brevundimonas,67,0.0021877650192307693,forecasted
1730,Budapest,Brevundimonas,67,0.003328270826923077,forecasted
1731,Copenaghen_RA,Brevundimonas,67,0.0015656709423076923,forecasted
1732,Copenaghen_RD,Brevundimonas,67,0.0014619885961538461,forecasted
1733,Copenaghen_RL,Brevundimonas,67,0.0007348643025769232,forecasted
1734,Rome,Brevundimonas,67,,forecasted
1735,Rotterdam,Brevundimonas,67,,forecasted
1736,Bologna,Brevundimonas,68,,forecasted
1737,Budapest,Brevundimonas,68,0.0020368325,forecasted
1738,Copenaghen_RA,Brevundimonas,68,0.0016939025,forecasted
1739,Copenaghen_RD,Brevundimonas,68,0.0011772784549999998,forecasted
1740,Copenaghen_RL,Brevundimonas,68,0.0011772784549999998,forecasted
1741,Rome,Brevundimonas,68,0.0054661325,forecasted
1742,Rotterdam,Brevundimonas,68,0.0013509725,forecasted
1743,Bologna,Brevundimonas,69,0.0023549946153846157,forecasted
1744,Budapest,Brevundimonas,69,0.0014671626153846154,forecasted
1745,Copenaghen_RA,Brevundimonas,69,0.0008525096923076923,forecasted
1746,Copenaghen_RD,Brevundimonas,69,0.0006467375526153845,forecasted
1747,Copenaghen_RL,Brevundimonas,69,0.0010573940000000001,forecasted
1748,Rome,Brevundimonas,69,,forecasted
1749,Rotterdam,Brevundimonas,69,,forecasted
1750,Bologna,Brevundimonas,70,0.002583815557692308,forecasted
1751,Budapest,Brevundimonas,70,0.0028532013653846154,forecasted
1752,Copenaghen_RA,Brevundimonas,70,0.002583815557692308,forecasted
1753,Copenaghen_RD,Brevundimonas,70,0.0028532013653846154,forecasted
1754,Copenaghen_RL,Brevundimonas,70,0.0023144297500000003,forecasted
1755,Rome,Brevundimonas,70,0.002583815557692308,forecasted
1756,Rotterdam,Brevundimonas,70,0.0028532013653846154,forecasted
1757,Bologna,Brevundimonas,71,0.0025919765,forecasted
1758,Budapest,Brevundimonas,71,0.0025919765,forecasted
1759,Copenaghen_RA,Brevundimonas,71,0.0041008355,forecasted
1760,Copenaghen_RD,Brevundimonas,71,0.0009459485,forecasted
1761,Copenaghen_RL,Brevundimonas,71,0.0009459485,forecasted
1762,Rome,Brevundimonas,71,0.0041008355,forecasted
1763,Rotterdam,Brevundimonas,71,0.0025919765,forecasted
1764,Bologna,Brevundimonas,72,0.0013173825,forecasted
1765,Budapest,Brevundimonas,72,0.0012687805000000001,forecasted
1766,Copenaghen_RA,Brevundimonas,72,0.0013173825,forecasted
1767,Copenaghen_RD,Brevundimonas,72,0.0013173825,forecasted
1768,Copenaghen_RL,Brevundimonas,72,0.0013416835,forecasted
1769,Rome,Brevundimonas,72,0.0012930815,forecasted
1770,Rotterdam,Brevundimonas,72,0.0012687805000000001,forecasted
1771,Bologna,Brevundimonas,73,0.002069140423076923,forecasted
1772,Budapest,Brevundimonas,73,0.0022373258846153845,forecasted
1773,Copenaghen_RA,Brevundimonas,73,0.0025736968076923075,forecasted
1774,Copenaghen_RD,Brevundimonas,73,0.0017327695,forecasted
1775,Copenaghen_RL,Brevundimonas,73,0.0019009549615384615,forecasted
1776,Rome,Brevundimonas,73,0.0017327695,forecasted
1777,Rotterdam,Brevundimonas,73,0.0019009549615384615,forecasted
1778,Bologna,Brevundimonas,74,0.0014720112692307693,forecasted
1779,Budapest,Brevundimonas,74,0.0012640796538461539,forecasted
1780,Copenaghen_RA,Brevundimonas,74,0.0013333901923076924,forecasted
1781,Copenaghen_RD,Brevundimonas,74,0.0014027007307692307,forecasted
1782,Copenaghen_RL,Brevundimonas,74,0.0013333901923076924,forecasted
1783,Rome,Brevundimonas,74,0.0014027007307692307,forecasted
1784,Rotterdam,Brevundimonas,74,0.0013333901923076924,forecasted
1785,Bologna,Brevundimonas,75,0.001179098576923077,forecasted
1786,Budapest,Brevundimonas,75,0.0010712511153846153,forecasted
1787,Copenaghen_RA,Brevundimonas,75,0.0011431494230769229,forecasted
1788,Copenaghen_RD,Brevundimonas,75,0.001179098576923077,forecasted
1789,Copenaghen_RL,Brevundimonas,75,0.0011431494230769229,forecasted
1790,Rome,Brevundimonas,75,0.0011072002692307692,forecasted
1791,Rotterdam,Brevundimonas,75,0.0010712511153846153,forecasted
1792,Bologna,Brevundimonas,77,0.001447246826923077,forecasted
1793,Budapest,Brevundimonas,77,0.001447246826923077,forecasted
1794,Copenaghen_RA,Brevundimonas,77,0.001328104596153846,forecasted
1795,Copenaghen_RD,Brevundimonas,77,0.0015663890576923076,forecasted
1796,Copenaghen_RL,Brevundimonas,77,0.001447246826923077,forecasted
1797,Rome,Brevundimonas,77,0.001447246826923077,forecasted
1798,Rotterdam,Brevundimonas,77,0.0015068179423076925,forecasted
1799,Bologna,Brevundimonas,78,0.0011149325865384616,forecasted
1800,Budapest,Brevundimonas,78,0.0012293625673076925,forecasted
1801,Copenaghen_RA,Brevundimonas,78,0.0011530759134615385,forecasted
1802,Copenaghen_RD,Brevundimonas,78,0.0011912192403846155,forecasted
1803,Copenaghen_RL,Brevundimonas,78,0.0011149325865384616,forecasted
1804,Rome,Brevundimonas,78,0.0011912192403846155,forecasted
1805,Rotterdam,Brevundimonas,78,0.0012293625673076925,forecasted
1806,Bologna,Brevundimonas,79,0.001776546173076923,forecasted
1807,Budapest,Brevundimonas,79,0.001739614826923077,forecasted
1808,Copenaghen_RA,Brevundimonas,79,0.001739614826923077,forecasted
1809,Copenaghen_RD,Brevundimonas,79,0.001776546173076923,forecasted
1810,Copenaghen_RL,Brevundimonas,79,0.001739614826923077,forecasted
1811,Rome,Brevundimonas,79,0.001776546173076923,forecasted
1812,Rotterdam,Brevundimonas,79,0.001776546173076923,forecasted
1813,Bologna,Brevundimonas,80,0.00047287750000000003,forecasted
1814,Budapest,Brevundimonas,80,0.00047287750000000003,forecasted
1815,Copenaghen_RA,Brevundimonas,80,0.0004395555,forecasted
1816,Copenaghen_RD,Brevundimonas,80,0.00047287750000000003,forecasted
1817,Copenaghen_RL,Brevundimonas,80,0.00047287750000000003,forecasted
1818,Rome,Brevundimonas,80,0.00047287750000000003,forecasted
1819,Rotterdam,Brevundimonas,80,0.00047287750000000003,forecasted
1820,Bologna,Brevundimonas,81,0.0009250631923076924,forecasted
1821,Budapest,Brevundimonas,81,0.0009677037307692308,forecasted
1822,Copenaghen_RA,Brevundimonas,81,0.0009250631923076924,forecasted
1823,Copenaghen_RD,Brevundimonas,81,0.0008397821153846153,forecasted
1824,Copenaghen_RL,Brevundimonas,81,0.0009677037307692308,forecasted
1825,Rome,Brevundimonas,81,0.0010103442692307692,forecasted
1826,Rotterdam,Brevundimonas,81,0.0008397821153846153,forecasted
1827,Bologna,Brevundimonas,82,0.0010696283653846153,forecasted
1828,Budapest,Brevundimonas,82,0.0010968397884615385,forecasted
1829,Copenaghen_RA,Brevundimonas,82,0.0011240512115384615,forecasted
1830,Copenaghen_RD,Brevundimonas,82,0.0011240512115384615,forecasted
1831,Copenaghen_RL,Brevundimonas,82,0.0010968397884615385,forecasted
1832,Rome,Brevundimonas,82,0.0011512626346153847,forecasted
1833,Rotterdam,Brevundimonas,82,0.0011240512115384615,forecasted
1834,Bologna,Brevundimonas,83,0.0009654257884615385,forecasted
1835,Budapest,Brevundimonas,83,0.0009654257884615385,forecasted
1836,Copenaghen_RA,Brevundimonas,83,0.0009654257884615385,forecasted
1837,Copenaghen_RD,Brevundimonas,83,0.0009654257884615385,forecasted
1838,Copenaghen_RL,Brevundimonas,83,0.0009654257884615385,forecasted
1839,Rome,Brevundimonas,83,0.0009654257884615385,forecasted
1840,Rotterdam,Brevundimonas,83,0.0009454092115384616,forecasted
1841,Bologna,Brevundimonas,84,0.00036762486003846155,forecasted
1842,Budapest,Brevundimonas,84,0.00036762486003846155,forecasted
1843,Copenaghen_RA,Brevundimonas,84,0.00036762486003846155,forecasted
1844,Copenaghen_RD,Brevundimonas,84,0.00036762486003846155,forecasted
1845,Copenaghen_RL,Brevundimonas,84,0.00036762486003846155,forecasted
1846,Rome,Brevundimonas,84,0.00036762486003846155,forecasted
1847,Rotterdam,Brevundimonas,84,0.00036762486003846155,forecasted
1848,Bologna,Brevundimonas,85,0.002321881461538462,forecasted
1849,Budapest,Brevundimonas,85,0.0021792445384615387,forecasted
1850,Copenaghen_RA,Brevundimonas,85,0.002321881461538462,forecasted
1851,Copenaghen_RD,Brevundimonas,85,0.0021792445384615387,forecasted
1852,Copenaghen_RL,Brevundimonas,85,0.002464518384615385,forecasted
1853,Rome,Brevundimonas,85,0.0021792445384615387,forecasted
1854,Rotterdam,Brevundimonas,85,0.0018939706923076925,forecasted
1855,Bologna,Brevundimonas,86,0.0008499548846153846,forecasted
1856,Budapest,Brevundimonas,86,0.0008499548846153846,forecasted
1857,Copenaghen_RA,Brevundimonas,86,0.0008499548846153846,forecasted
1858,Copenaghen_RD,Brevundimonas,86,0.0008630760384615386,forecasted
1859,Copenaghen_RL,Brevundimonas,86,0.0008368337307692309,forecasted
1860,Rome,Brevundimonas,86,0.0008499548846153846,forecasted
1861,Rotterdam,Brevundimonas,86,0.0008368337307692309,forecasted
1862,Bologna,Brevundimonas,87,0.0022537953076923077,forecasted
1863,Budapest,Brevundimonas,87,0.0021698446923076923,forecasted
1864,Copenaghen_RA,Brevundimonas,87,0.0021698446923076923,forecasted
1865,Copenaghen_RD,Brevundimonas,87,0.0021698446923076923,forecasted
1866,Copenaghen_RL,Brevundimonas,87,0.002085894076923077,forecasted
1867,Rome,Brevundimonas,87,0.0022537953076923077,forecasted
1868,Rotterdam,Brevundimonas,87,0.0021698446923076923,forecasted
1869,Bologna,Brevundimonas,88,0.002935364807692308,forecasted
1870,Budapest,Brevundimonas,88,0.002935364807692308,forecasted
1871,Copenaghen_RA,Brevundimonas,88,0.0031669295769230768,forecasted
1872,Copenaghen_RD,Brevundimonas,88,0.0027038000384615388,forecasted
1873,Copenaghen_RL,Brevundimonas,88,0.002935364807692308,forecasted
1874,Rome,Brevundimonas,88,0.002935364807692308,forecasted
1875,Rotterdam,Brevundimonas,88,0.0028195824230769235,forecasted
1876,Bologna,Brevundimonas,89,0.00012804707492307691,forecasted
1877,Budapest,Brevundimonas,89,0.00012804707492307691,forecasted
1878,Copenaghen_RA,Brevundimonas,89,0.00012804707492307691,forecasted
1879,Copenaghen_RD,Brevundimonas,89,0.00012804707492307691,forecasted
1880,Copenaghen_RL,Brevundimonas,89,0.00012804707492307691,forecasted
1881,Rome,Brevundimonas,89,0.00012804707492307691,forecasted
1882,Rotterdam,Brevundimonas,89,0.00012804707492307691,forecasted
1883,Bologna,Brevundimonas,90,0.0035196143076923073,forecasted
1884,Budapest,Brevundimonas,90,0.0033861092307692305,forecasted
1885,Copenaghen_RA,Brevundimonas,90,0.0035196143076923073,forecasted
1886,Copenaghen_RD,Brevundimonas,90,0.0031190990769230766,forecasted
1887,Copenaghen_RL,Brevundimonas,90,0.0033861092307692305,forecasted
1888,Rome,Brevundimonas,90,0.0035196143076923073,forecasted
1889,Rotterdam,Brevundimonas,90,0.0036531193846153845,forecasted
1890,Bologna,Cloacibacterium,60,,forecasted
1891,Budapest,Cloacibacterium,60,,forecasted
1892,Copenaghen_RA,Cloacibacterium,60,,forecasted
1893,Copenaghen_RD,Cloacibacterium,60,0.006238732717307693,forecasted
1894,Copenaghen_RL,Cloacibacterium,60,0.0123835515,forecasted
1895,Rome,Cloacibacterium,60,0.014322693807692306,forecasted
1896,Rotterdam,Cloacibacterium,60,,forecasted
1897,Bologna,Cloacibacterium,61,0.0021815095781153844,forecasted
1898,Budapest,Cloacibacterium,61,,forecasted
1899,Copenaghen_RA,Cloacibacterium,61,0.008800949211538461,forecasted
1900,Copenaghen_RD,Cloacibacterium,61,0.008022786673076923,forecasted
1901,Copenaghen_RL,Cloacibacterium,61,0.011913599365384615,forecasted
1902,Rome,Cloacibacterium,61,,forecasted
1903,Rotterdam,Cloacibacterium,61,,forecasted
1904,Bologna,Cloacibacterium,62,,forecasted
1905,Budapest,Cloacibacterium,62,,forecasted
1906,Copenaghen_RA,Cloacibacterium,62,,forecasted
1907,Copenaghen_RD,Cloacibacterium,62,,forecasted
1908,Copenaghen_RL,Cloacibacterium,62,,forecasted
1909,Rome,Cloacibacterium,62,0.004597633553423077,forecasted
1910,Rotterdam,Cloacibacterium,62,0.013912616173076923,forecasted
1911,Bologna,Cloacibacterium,63,0.004334127160423077,forecasted
1912,Budapest,Cloacibacterium,63,,forecasted
1913,Copenaghen_RA,Cloacibacterium,63,,forecasted
1914,Copenaghen_RD,Cloacibacterium,63,,forecasted
1915,Copenaghen_RL,Cloacibacterium,63,0.012117338673076922,forecasted
1916,Rome,Cloacibacterium,63,0.011495005365384618,forecasted
1917,Rotterdam,Cloacibacterium,63,,forecasted
1918,Bologna,Cloacibacterium,64,,forecasted
1919,Budapest,Cloacibacterium,64,,forecasted
1920,Copenaghen_RA,Cloacibacterium,64,0.02388360907692308,forecasted
1921,Copenaghen_RD,Cloacibacterium,64,0.012934505384615384,forecasted
1922,Copenaghen_RL,Cloacibacterium,64,0.012282067617538462,forecasted
1923,Rome,Cloacibacterium,64,,forecasted
1924,Rotterdam,Cloacibacterium,64,0.02839206353846154,forecasted
1925,Bologna,Cloacibacterium,65,0.014640788923076922,forecasted
1926,Budapest,Cloacibacterium,65,,forecasted
1927,Copenaghen_RA,Cloacibacterium,65,0.026413497384615382,forecasted
1928,Copenaghen_RD,Cloacibacterium,65,0.020134719538461538,forecasted
1929,Copenaghen_RL,Cloacibacterium,65,0.013855941692307692,forecasted
1930,Rome,Cloacibacterium,65,,forecasted
1931,Rotterdam,Cloacibacterium,65,0.006782113601384616,forecasted
1932,Bologna,Cloacibacterium,66,,forecasted
1933,Budapest,Cloacibacterium,66,,forecasted
1934,Copenaghen_RA,Cloacibacterium,66,,forecasted
1935,Copenaghen_RD,Cloacibacterium,66,,forecasted
1936,Copenaghen_RL,Cloacibacterium,66,,forecasted
1937,Rome,Cloacibacterium,66,0.0028829741121153846,forecasted
1938,Rotterdam,Cloacibacterium,66,,forecasted
1939,Bologna,Cloacibacterium,67,0.04359237032692308,forecasted
1940,Budapest,Cloacibacterium,67,0.004992425133576924,forecasted
1941,Copenaghen_RA,Cloacibacterium,67,0.009642072711538462,forecasted
1942,Copenaghen_RD,Cloacibacterium,67,0.009642072711538462,forecasted
1943,Copenaghen_RL,Cloacibacterium,67,0.01735804944230769,forecasted
1944,Rome,Cloacibacterium,67,,forecasted
1945,Rotterdam,Cloacibacterium,67,,forecasted
1946,Bologna,Cloacibacterium,68,,forecasted
1947,Budapest,Cloacibacterium,68,0.004787891664961538,forecasted
1948,Copenaghen_RA,Cloacibacterium,68,0.015299346519230771,forecasted
1949,Copenaghen_RD,Cloacibacterium,68,0.012017183634615385,forecasted
1950,Copenaghen_RL,Cloacibacterium,68,0.021207239711538463,forecasted
1951,Rome,Cloacibacterium,68,0.008078588173076922,forecasted
1952,Rotterdam,Cloacibacterium,68,0.011360751057692308,forecasted
1953,Bologna,Cloacibacterium,69,0.012732786230769233,forecasted
1954,Budapest,Cloacibacterium,69,0.00717250264723077,forecasted
1955,Copenaghen_RA,Cloacibacterium,69,0.018749908230769233,forecasted
1956,Copenaghen_RD,Cloacibacterium,69,0.015047063923076923,forecasted
1957,Copenaghen_RL,Cloacibacterium,69,0.017824197153846158,forecasted
1958,Rome,Cloacibacterium,69,,forecasted
1959,Rotterdam,Cloacibacterium,69,,forecasted
1960,Bologna,Cloacibacterium,70,0.015713284096153846,forecasted
1961,Budapest,Cloacibacterium,70,0.016974394173076925,forecasted
1962,Copenaghen_RA,Cloacibacterium,70,0.016343839134615387,forecasted
1963,Copenaghen_RD,Cloacibacterium,70,0.016343839134615387,forecasted
1964,Copenaghen_RL,Cloacibacterium,70,0.016343839134615387,forecasted
1965,Rome,Cloacibacterium,70,0.015082729057692309,forecasted
1966,Rotterdam,Cloacibacterium,70,0.016343839134615387,forecasted
1967,Bologna,Cloacibacterium,71,0.019469055865384617,forecasted
1968,Budapest,Cloacibacterium,71,0.019469055865384617,forecasted
1969,Copenaghen_RA,Cloacibacterium,71,0.018796381326923076,forecasted
1970,Copenaghen_RD,Cloacibacterium,71,0.019469055865384617,forecasted
1971,Copenaghen_RL,Cloacibacterium,71,0.019469055865384617,forecasted
1972,Rome,Cloacibacterium,71,0.018460044057692308,forecasted
1973,Rotterdam,Cloacibacterium,71,0.01913271859615385,forecasted
1974,Bologna,Cloacibacterium,72,0.014708468269230768,forecasted
1975,Budapest,Cloacibacterium,72,0.01677905519230769,forecasted
1976,Copenaghen_RA,Cloacibacterium,72,0.015743761730769232,forecasted
1977,Copenaghen_RD,Cloacibacterium,72,0.012637881346153845,forecasted
1978,Copenaghen_RL,Cloacibacterium,72,0.014708468269230768,forecasted
1979,Rome,Cloacibacterium,72,0.01677905519230769,forecasted
1980,Rotterdam,Cloacibacterium,72,0.015743761730769232,forecasted
1981,Bologna,Cloacibacterium,73,0.017540629096153844,forecasted
1982,Budapest,Cloacibacterium,73,0.017540629096153844,forecasted
1983,Copenaghen_RA,Cloacibacterium,73,0.017540629096153844,forecasted
1984,Copenaghen_RD,Cloacibacterium,73,0.017540629096153844,forecasted
1985,Copenaghen_RL,Cloacibacterium,73,0.017540629096153844,forecasted
1986,Rome,Cloacibacterium,73,0.017540629096153844,forecasted
1987,Rotterdam,Cloacibacterium,73,0.01940681471153846,forecasted
1988,Bologna,Cloacibacterium,74,0.023861184615384615,forecasted
1989,Budapest,Cloacibacterium,74,0.02265943753846154,forecasted
1990,Copenaghen_RA,Cloacibacterium,74,0.02145769046153846,forecasted
1991,Copenaghen_RD,Cloacibacterium,74,0.020255943384615387,forecasted
1992,Copenaghen_RL,Cloacibacterium,74,0.02265943753846154,forecasted
1993,Rome,Cloacibacterium,74,0.020255943384615387,forecasted
1994,Rotterdam,Cloacibacterium,74,0.02145769046153846,forecasted
1995,Bologna,Cloacibacterium,75,0.025209643153846155,forecasted
1996,Budapest,Cloacibacterium,75,0.025209643153846155,forecasted
1997,Copenaghen_RA,Cloacibacterium,75,0.02200379053846154,forecasted
1998,Copenaghen_RD,Cloacibacterium,75,0.023606716846153848,forecasted
1999,Copenaghen_RL,Cloacibacterium,75,0.023606716846153848,forecasted
2000,Rome,Cloacibacterium,75,0.02681256946153846,forecasted
2001,Rotterdam,Cloacibacterium,75,0.023606716846153848,forecasted
2002,Bologna,Cloacibacterium,77,0.03375310444230769,forecasted
2003,Budapest,Cloacibacterium,77,0.03375310444230769,forecasted
2004,Copenaghen_RA,Cloacibacterium,77,0.03582089448076923,forecasted
2005,Copenaghen_RD,Cloacibacterium,77,0.03375310444230769,forecasted
2006,Copenaghen_RL,Cloacibacterium,77,0.03168531440384616,forecasted
2007,Rome,Cloacibacterium,77,0.029617524365384618,forecasted
2008,Rotterdam,Cloacibacterium,77,0.03375310444230769,forecasted
2009,Bologna,Cloacibacterium,78,0.035464412,forecasted
2010,Budapest,Cloacibacterium,78,0.035464412,forecasted
2011,Copenaghen_RA,Cloacibacterium,78,0.035464412,forecasted
2012,Copenaghen_RD,Cloacibacterium,78,0.035464412,forecasted
2013,Copenaghen_RL,Cloacibacterium,78,0.031743308,forecasted
2014,Rome,Cloacibacterium,78,0.03360386,forecasted
2015,Rotterdam,Cloacibacterium,78,0.03360386,forecasted
2016,Bologna,Cloacibacterium,79,0.008335566307692308,forecasted
2017,Budapest,Cloacibacterium,79,0.007945145076923076,forecasted
2018,Copenaghen_RA,Cloacibacterium,79,0.008140355692307692,forecasted
2019,Copenaghen_RD,Cloacibacterium,79,0.008335566307692308,forecasted
2020,Copenaghen_RL,Cloacibacterium,79,0.008530776923076923,forecasted
2021,Rome,Cloacibacterium,79,0.008140355692307692,forecasted
2022,Rotterdam,Cloacibacterium,79,0.007749934461538462,forecasted
2023,Bologna,Cloacibacterium,80,0.025295880276923078,forecasted
2024,Budapest,Cloacibacterium,80,0.025295880276923078,forecasted
2025,Copenaghen_RA,Cloacibacterium,80,0.027695634646153846,forecasted
2026,Copenaghen_RD,Cloacibacterium,80,0.02049637153846154,forecasted
2027,Copenaghen_RL,Cloacibacterium,80,0.022896125907692307,forecasted
2028,Rome,Cloacibacterium,80,0.030095389015384614,forecasted
2029,Rotterdam,Cloacibacterium,80,0.022896125907692307,forecasted
2030,Bologna,Cloacibacterium,81,0.011192758806384616,forecasted
2031,Budapest,Cloacibacterium,81,0.034168210423076925,forecasted
2032,Copenaghen_RA,Cloacibacterium,81,0.03187364819230769,forecasted
2033,Copenaghen_RD,Cloacibacterium,81,0.05023014603846154,forecasted
2034,Copenaghen_RL,Cloacibacterium,81,0.052524708269230766,forecasted
2035,Rome,Cloacibacterium,81,0.02957908596153846,forecasted
2036,Rotterdam,Cloacibacterium,81,0.011192758806384616,forecasted
2037,Bologna,Cloacibacterium,82,0.019658653942307692,forecasted
2038,Budapest,Cloacibacterium,82,0.021531339096153845,forecasted
2039,Copenaghen_RA,Cloacibacterium,82,0.014976941057692306,forecasted
2040,Copenaghen_RD,Cloacibacterium,82,0.022467681673076924,forecasted
2041,Copenaghen_RL,Cloacibacterium,82,0.022467681673076924,forecasted
2042,Rome,Cloacibacterium,82,0.022467681673076924,forecasted
2043,Rotterdam,Cloacibacterium,82,0.015913283634615385,forecasted
2044,Bologna,Cloacibacterium,83,0.004342635461538462,forecasted
2045,Budapest,Cloacibacterium,83,0.004476962384615385,forecasted
2046,Copenaghen_RA,Cloacibacterium,83,0.004476962384615385,forecasted
2047,Copenaghen_RD,Cloacibacterium,83,0.004611289307692308,forecasted
2048,Copenaghen_RL,Cloacibacterium,83,0.004611289307692308,forecasted
2049,Rome,Cloacibacterium,83,0.004476962384615385,forecasted
2050,Rotterdam,Cloacibacterium,83,0.004476962384615385,forecasted
2051,Bologna,Cloacibacterium,84,0.0020134975548076924,forecasted
2052,Budapest,Cloacibacterium,84,0.0020134975548076924,forecasted
2053,Copenaghen_RA,Cloacibacterium,84,0.0020134975548076924,forecasted
2054,Copenaghen_RD,Cloacibacterium,84,0.0020134975548076924,forecasted
2055,Copenaghen_RL,Cloacibacterium,84,0.0020134975548076924,forecasted
2056,Rome,Cloacibacterium,84,0.0020134975548076924,forecasted
2057,Rotterdam,Cloacibacterium,84,0.0020134975548076924,forecasted
2058,Bologna,Cloacibacterium,85,0.003996600788461539,forecasted
2059,Budapest,Cloacibacterium,85,0.003996600788461539,forecasted
2060,Copenaghen_RA,Cloacibacterium,85,0.004393059634615384,forecasted
2061,Copenaghen_RD,Cloacibacterium,85,0.003798371365384615,forecasted
2062,Copenaghen_RL,Cloacibacterium,85,0.003798371365384615,forecasted
2063,Rome,Cloacibacterium,85,0.003996600788461539,forecasted
2064,Rotterdam,Cloacibacterium,85,0.003996600788461539,forecasted
2065,Bologna,Cloacibacterium,86,0.008790683826923077,forecasted
2066,Budapest,Cloacibacterium,86,0.008790683826923077,forecasted
2067,Copenaghen_RA,Cloacibacterium,86,0.007736539057692308,forecasted
2068,Copenaghen_RD,Cloacibacterium,86,0.007736539057692308,forecasted
2069,Copenaghen_RL,Cloacibacterium,86,0.008790683826923077,forecasted
2070,Rome,Cloacibacterium,86,0.008790683826923077,forecasted
2071,Rotterdam,Cloacibacterium,86,0.008527147634615385,forecasted
2072,Bologna,Cloacibacterium,87,0.01167023575,forecasted
2073,Budapest,Cloacibacterium,87,0.01107169325,forecasted
2074,Copenaghen_RA,Cloacibacterium,87,0.01047315075,forecasted
2075,Copenaghen_RD,Cloacibacterium,87,0.00987460825,forecasted
2076,Copenaghen_RL,Cloacibacterium,87,0.00987460825,forecasted
2077,Rome,Cloacibacterium,87,0.00927606575,forecasted
2078,Rotterdam,Cloacibacterium,87,0.00987460825,forecasted
2079,Bologna,Cloacibacterium,88,0.009208434942307693,forecasted
2080,Budapest,Cloacibacterium,88,0.00937809398076923,forecasted
2081,Copenaghen_RA,Cloacibacterium,88,0.00937809398076923,forecasted
2082,Copenaghen_RD,Cloacibacterium,88,0.00937809398076923,forecasted
2083,Copenaghen_RL,Cloacibacterium,88,0.00937809398076923,forecasted
2084,Rome,Cloacibacterium,88,0.009208434942307693,forecasted
2085,Rotterdam,Cloacibacterium,88,0.009547753019230769,forecasted
2086,Bologna,Cloacibacterium,89,0.0009881249937307693,forecasted
2087,Budapest,Cloacibacterium,89,0.0009881249937307693,forecasted
2088,Copenaghen_RA,Cloacibacterium,89,0.0009881249937307693,forecasted
2089,Copenaghen_RD,Cloacibacterium,89,0.0009881249937307693,forecasted
2090,Copenaghen_RL,Cloacibacterium,89,0.0009881249937307693,forecasted
2091,Rome,Cloacibacterium,89,0.0009881249937307693,forecasted
2092,Rotterdam,Cloacibacterium,89,0.0009881249937307693,forecasted
2093,Bologna,Cloacibacterium,90,0.008197774403846154,forecasted
2094,Budapest,Cloacibacterium,90,0.008058870365384616,forecasted
2095,Copenaghen_RA,Cloacibacterium,90,0.007919966326923078,forecasted
2096,Copenaghen_RD,Cloacibacterium,90,0.008336678442307692,forecasted
2097,Copenaghen_RL,Cloacibacterium,90,0.008197774403846154,forecasted
2098,Rome,Cloacibacterium,90,0.007919966326923078,forecasted
2099,Rotterdam,Cloacibacterium,90,0.007919966326923078,forecasted
2100,Bologna,Comamonas,60,,forecasted
2101,Budapest,Comamonas,60,,forecasted
2102,Copenaghen_RA,Comamonas,60,,forecasted
2103,Copenaghen_RD,Comamonas,60,0.020666846477615387,forecasted
2104,Copenaghen_RL,Comamonas,60,0.09259347311538463,forecasted
2105,Rome,Comamonas,60,0.06383777542307693,forecasted
2106,Rotterdam,Comamonas,60,,forecasted
2107,Bologna,Comamonas,61,0.02229943125,forecasted
2108,Budapest,Comamonas,61,,forecasted
2109,Copenaghen_RA,Comamonas,61,0.012536555673076922,forecasted
2110,Copenaghen_RD,Comamonas,61,0.010558597081192308,forecasted
2111,Copenaghen_RL,Comamonas,61,0.05939835844230769,forecasted
2112,Rome,Comamonas,61,,forecasted
2113,Rotterdam,Comamonas,61,,forecasted
2114,Bologna,Comamonas,62,,forecasted
2115,Budapest,Comamonas,62,,forecasted
2116,Copenaghen_RA,Comamonas,62,,forecasted
2117,Copenaghen_RD,Comamonas,62,,forecasted
2118,Copenaghen_RL,Comamonas,62,,forecasted
2119,Rome,Comamonas,62,0.021774922807692304,forecasted
2120,Rotterdam,Comamonas,62,0.015078532879307691,forecasted
2121,Bologna,Comamonas,63,0.012347591331076924,forecasted
2122,Budapest,Comamonas,63,,forecasted
2123,Copenaghen_RA,Comamonas,63,,forecasted
2124,Copenaghen_RD,Comamonas,63,,forecasted
2125,Copenaghen_RL,Comamonas,63,0.020470259076923077,forecasted
2126,Rome,Comamonas,63,0.017872356307692308,forecasted
2127,Rotterdam,Comamonas,63,,forecasted
2128,Bologna,Comamonas,64,,forecasted
2129,Budapest,Comamonas,64,,forecasted
2130,Copenaghen_RA,Comamonas,64,0.03569753836538461,forecasted
2131,Copenaghen_RD,Comamonas,64,0.024332973865384612,forecasted
2132,Copenaghen_RL,Comamonas,64,0.03482334109615384,forecasted
2133,Rome,Comamonas,64,,forecasted
2134,Rotterdam,Comamonas,64,0.013831242070115385,forecasted
2135,Bologna,Comamonas,65,0.06217142103846154,forecasted
2136,Budapest,Comamonas,65,,forecasted
2137,Copenaghen_RA,Comamonas,65,0.015959368653846152,forecasted
2138,Copenaghen_RD,Comamonas,65,0.03136338611538461,forecasted
2139,Copenaghen_RL,Comamonas,65,0.048967977499999996,forecasted
2140,Rome,Comamonas,65,,forecasted
2141,Rotterdam,Comamonas,65,0.007128465500538462,forecasted
2142,Bologna,Comamonas,66,,forecasted
2143,Budapest,Comamonas,66,,forecasted
2144,Copenaghen_RA,Comamonas,66,,forecasted
2145,Copenaghen_RD,Comamonas,66,,forecasted
2146,Copenaghen_RL,Comamonas,66,,forecasted
2147,Rome,Comamonas,66,0.00843445958523077,forecasted
2148,Rotterdam,Comamonas,66,,forecasted
2149,Bologna,Comamonas,67,0.033020295288461544,forecasted
2150,Budapest,Comamonas,67,0.02276432632692308,forecasted
2151,Copenaghen_RA,Comamonas,67,0.01836891105769231,forecasted
2152,Copenaghen_RD,Comamonas,67,0.01541958741203846,forecasted
2153,Copenaghen_RL,Comamonas,67,0.05206709478846154,forecasted
2154,Rome,Comamonas,67,,forecasted
2155,Rotterdam,Comamonas,67,,forecasted
2156,Bologna,Comamonas,68,,forecasted
2157,Budapest,Comamonas,68,0.015646457903846153,forecasted
2158,Copenaghen_RA,Comamonas,68,0.03271338482692308,forecasted
2159,Copenaghen_RD,Comamonas,68,0.01649980425,forecasted
2160,Copenaghen_RL,Comamonas,68,0.022473228673076925,forecasted
2161,Rome,Comamonas,68,0.019913189634615386,forecasted
2162,Rotterdam,Comamonas,68,0.011368632670576924,forecasted
2163,Bologna,Comamonas,69,0.023109578910153843,forecasted
2164,Budapest,Comamonas,69,0.06579787238461537,forecasted
2165,Copenaghen_RA,Comamonas,69,0.033833594230769225,forecasted
2166,Copenaghen_RD,Comamonas,69,0.028506214538461534,forecasted
2167,Copenaghen_RL,Comamonas,69,0.15636332715384613,forecasted
2168,Rome,Comamonas,69,,forecasted
2169,Rotterdam,Comamonas,69,,forecasted
2170,Bologna,Comamonas,70,0.03701823073076923,forecasted
2171,Budapest,Comamonas,70,0.03551082926923077,forecasted
2172,Copenaghen_RA,Comamonas,70,0.03551082926923077,forecasted
2173,Copenaghen_RD,Comamonas,70,0.03249602634615384,forecasted
2174,Copenaghen_RL,Comamonas,70,0.03249602634615384,forecasted
2175,Rome,Comamonas,70,0.034003427807692305,forecasted
2176,Rotterdam,Comamonas,70,0.03551082926923077,forecasted
2177,Bologna,Comamonas,71,0.037323185499999995,forecasted
2178,Budapest,Comamonas,71,0.033173930500000004,forecasted
2179,Copenaghen_RA,Comamonas,71,0.0359401005,forecasted
2180,Copenaghen_RD,Comamonas,71,0.033173930500000004,forecasted
2181,Copenaghen_RL,Comamonas,71,0.0387062705,forecasted
2182,Rome,Comamonas,71,0.0359401005,forecasted
2183,Rotterdam,Comamonas,71,0.0359401005,forecasted
2184,Bologna,Comamonas,72,0.03220967144230769,forecasted
2185,Budapest,Comamonas,72,0.028761814134615385,forecasted
2186,Copenaghen_RA,Comamonas,72,0.03048574278846154,forecasted
2187,Copenaghen_RD,Comamonas,72,0.02703788548076923,forecasted
2188,Copenaghen_RL,Comamonas,72,0.03220967144230769,forecasted
2189,Rome,Comamonas,72,0.028761814134615385,forecasted
2190,Rotterdam,Comamonas,72,0.03048574278846154,forecasted
2191,Bologna,Comamonas,73,0.02966256408653846,forecasted
2192,Budapest,Comamonas,73,0.021044017432692307,forecasted
2193,Copenaghen_RA,Comamonas,73,0.021044017432692307,forecasted
2194,Copenaghen_RD,Comamonas,73,0.021044017432692307,forecasted
2195,Copenaghen_RL,Comamonas,73,0.02966256408653846,forecasted
2196,Rome,Comamonas,73,0.02966256408653846,forecasted
2197,Rotterdam,Comamonas,73,0.021044017432692307,forecasted
2198,Bologna,Comamonas,74,0.03561829434615385,forecasted
2199,Budapest,Comamonas,74,0.03385496457692308,forecasted
2200,Copenaghen_RA,Comamonas,74,0.03561829434615385,forecasted
2201,Copenaghen_RD,Comamonas,74,0.03209163480769231,forecasted
2202,Copenaghen_RL,Comamonas,74,0.03561829434615385,forecasted
2203,Rome,Comamonas,74,0.03561829434615385,forecasted
2204,Rotterdam,Comamonas,74,0.03561829434615385,forecasted
2205,Bologna,Comamonas,75,0.024708532749999998,forecasted
2206,Budapest,Comamonas,75,0.02113950625,forecasted
2207,Copenaghen_RA,Comamonas,75,0.024708532749999998,forecasted
2208,Copenaghen_RD,Comamonas,75,0.02232918175,forecasted
2209,Copenaghen_RL,Comamonas,75,0.02232918175,forecasted
2210,Rome,Comamonas,75,0.02113950625,forecasted
2211,Rotterdam,Comamonas,75,0.023518857249999997,forecasted
2212,Bologna,Comamonas,77,0.038666827499999994,forecasted
2213,Budapest,Comamonas,77,0.035718682499999994,forecasted
2214,Copenaghen_RA,Comamonas,77,0.035718682499999994,forecasted
2215,Copenaghen_RD,Comamonas,77,0.035718682499999994,forecasted
2216,Copenaghen_RL,Comamonas,77,0.038666827499999994,forecasted
2217,Rome,Comamonas,77,0.038666827499999994,forecasted
2218,Rotterdam,Comamonas,77,0.038666827499999994,forecasted
2219,Bologna,Comamonas,78,0.04257411293269231,forecasted
2220,Budapest,Comamonas,78,0.046788406336538454,forecasted
2221,Copenaghen_RA,Comamonas,78,0.04257411293269231,forecasted
2222,Copenaghen_RD,Comamonas,78,0.046788406336538454,forecasted
2223,Copenaghen_RL,Comamonas,78,0.04257411293269231,forecasted
2224,Rome,Comamonas,78,0.04257411293269231,forecasted
2225,Rotterdam,Comamonas,78,0.046788406336538454,forecasted
2226,Bologna,Comamonas,79,0.013031025288461538,forecasted
2227,Budapest,Comamonas,79,0.013865406903846154,forecasted
2228,Copenaghen_RA,Comamonas,79,0.013031025288461538,forecasted
2229,Copenaghen_RD,Comamonas,79,0.014282597711538461,forecasted
2230,Copenaghen_RL,Comamonas,79,0.013448216096153844,forecasted
2231,Rome,Comamonas,79,0.013865406903846154,forecasted
2232,Rotterdam,Comamonas,79,0.013448216096153844,forecasted
2233,Bologna,Comamonas,80,0.02815941203846154,forecasted
2234,Budapest,Comamonas,80,0.026253951961538464,forecasted
2235,Copenaghen_RA,Comamonas,80,0.02815941203846154,forecasted
2236,Copenaghen_RD,Comamonas,80,0.026253951961538464,forecasted
2237,Copenaghen_RL,Comamonas,80,0.026253951961538464,forecasted
2238,Rome,Comamonas,80,0.02815941203846154,forecasted
2239,Rotterdam,Comamonas,80,0.02815941203846154,forecasted
2240,Bologna,Comamonas,81,0.03222246361538462,forecasted
2241,Budapest,Comamonas,81,0.03222246361538462,forecasted
2242,Copenaghen_RA,Comamonas,81,0.03355741284615385,forecasted
2243,Copenaghen_RD,Comamonas,81,0.030887514384615386,forecasted
2244,Copenaghen_RL,Comamonas,81,0.03222246361538462,forecasted
2245,Rome,Comamonas,81,0.03355741284615385,forecasted
2246,Rotterdam,Comamonas,81,0.029552565153846154,forecasted
2247,Bologna,Comamonas,82,0.03218378351923077,forecasted
2248,Budapest,Comamonas,82,0.03218378351923077,forecasted
2249,Copenaghen_RA,Comamonas,82,0.030096799557692306,forecasted
2250,Copenaghen_RD,Comamonas,82,0.03635775144230769,forecasted
2251,Copenaghen_RL,Comamonas,82,0.03635775144230769,forecasted
2252,Rome,Comamonas,82,0.030096799557692306,forecasted
2253,Rotterdam,Comamonas,82,0.03635775144230769,forecasted
2254,Bologna,Comamonas,83,0.009768140673076922,forecasted
2255,Budapest,Comamonas,83,0.009768140673076922,forecasted
2256,Copenaghen_RA,Comamonas,83,0.010109173865384615,forecasted
2257,Copenaghen_RD,Comamonas,83,0.009768140673076922,forecasted
2258,Copenaghen_RL,Comamonas,83,0.009768140673076922,forecasted
2259,Rome,Comamonas,83,0.010109173865384615,forecasted
2260,Rotterdam,Comamonas,83,0.009768140673076922,forecasted
2261,Bologna,Comamonas,84,0.006280810421076923,forecasted
2262,Budapest,Comamonas,84,0.006280810421076923,forecasted
2263,Copenaghen_RA,Comamonas,84,0.006280810421076923,forecasted
2264,Copenaghen_RD,Comamonas,84,0.006280810421076923,forecasted
2265,Copenaghen_RL,Comamonas,84,0.006280810421076923,forecasted
2266,Rome,Comamonas,84,0.006280810421076923,forecasted
2267,Rotterdam,Comamonas,84,0.006280810421076923,forecasted
2268,Bologna,Comamonas,85,0.005482710711538462,forecasted
2269,Budapest,Comamonas,85,0.005197344288461538,forecasted
2270,Copenaghen_RA,Comamonas,85,0.005768077134615385,forecasted
2271,Copenaghen_RD,Comamonas,85,0.005482710711538462,forecasted
2272,Copenaghen_RL,Comamonas,85,0.005197344288461538,forecasted
2273,Rome,Comamonas,85,0.004911977865384615,forecasted
2274,Rotterdam,Comamonas,85,0.004911977865384615,forecasted
2275,Bologna,Comamonas,86,0.015103512346153845,forecasted
2276,Budapest,Comamonas,86,0.015103512346153845,forecasted
2277,Copenaghen_RA,Comamonas,86,0.013518720807692307,forecasted
2278,Copenaghen_RD,Comamonas,86,0.015103512346153845,forecasted
2279,Copenaghen_RL,Comamonas,86,0.015103512346153845,forecasted
2280,Rome,Comamonas,86,0.015103512346153845,forecasted
2281,Rotterdam,Comamonas,86,0.015103512346153845,forecasted
2282,Bologna,Comamonas,87,0.030480340173076922,forecasted
2283,Budapest,Comamonas,87,0.034146933365384616,forecasted
2284,Copenaghen_RA,Comamonas,87,0.031702537903846154,forecasted
2285,Copenaghen_RD,Comamonas,87,0.034146933365384616,forecasted
2286,Copenaghen_RL,Comamonas,87,0.031702537903846154,forecasted
2287,Rome,Comamonas,87,0.034146933365384616,forecasted
2288,Rotterdam,Comamonas,87,0.032924735634615385,forecasted
2289,Bologna,Comamonas,88,0.01019069473076923,forecasted
2290,Budapest,Comamonas,88,0.010443717346153847,forecasted
2291,Copenaghen_RA,Comamonas,88,0.010317206038461538,forecasted
2292,Copenaghen_RD,Comamonas,88,0.010317206038461538,forecasted
2293,Copenaghen_RL,Comamonas,88,0.010443717346153847,forecasted
2294,Rome,Comamonas,88,0.010443717346153847,forecasted
2295,Rotterdam,Comamonas,88,0.010443717346153847,forecasted
2296,Bologna,Comamonas,89,0.002172699431423077,forecasted
2297,Budapest,Comamonas,89,0.002172699431423077,forecasted
2298,Copenaghen_RA,Comamonas,89,0.002172699431423077,forecasted
2299,Copenaghen_RD,Comamonas,89,0.002172699431423077,forecasted
2300,Copenaghen_RL,Comamonas,89,0.002172699431423077,forecasted
2301,Rome,Comamonas,89,0.002172699431423077,forecasted
2302,Rotterdam,Comamonas,89,0.002172699431423077,forecasted
2303,Bologna,Comamonas,90,0.019417674461538463,forecasted
2304,Budapest,Comamonas,90,0.02054057123076923,forecasted
2305,Copenaghen_RA,Comamonas,90,0.019791973384615386,forecasted
2306,Copenaghen_RD,Comamonas,90,0.020166272307692308,forecasted
2307,Copenaghen_RL,Comamonas,90,0.02054057123076923,forecasted
2308,Rome,Comamonas,90,0.020166272307692308,forecasted
2309,Rotterdam,Comamonas,90,0.019791973384615386,forecasted
2310,Bologna,Competibacter_A,60,,forecasted
2311,Budapest,Competibacter_A,60,,forecasted
2312,Copenaghen_RA,Competibacter_A,60,,forecasted
2313,Copenaghen_RD,Competibacter_A,60,3.9569038461538465e-05,forecasted
2314,Copenaghen_RL,Competibacter_A,60,3.281162715384616e-05,forecasted
2315,Rome,Competibacter_A,60,0.00019966565384615384,forecasted
2316,Rotterdam,Competibacter_A,60,,forecasted
2317,Bologna,Competibacter_A,61,0.00017680144615384616,forecasted
2318,Budapest,Competibacter_A,61,,forecasted
2319,Copenaghen_RA,Competibacter_A,61,2.6545661446153848e-05,forecasted
2320,Copenaghen_RD,Competibacter_A,61,3.263086153846154e-05,forecasted
2321,Copenaghen_RL,Competibacter_A,61,3.263086153846154e-05,forecasted
2322,Rome,Competibacter_A,61,,forecasted
2323,Rotterdam,Competibacter_A,61,,forecasted
2324,Bologna,Competibacter_A,62,,forecasted
2325,Budapest,Competibacter_A,62,,forecasted
2326,Copenaghen_RA,Competibacter_A,62,,forecasted
2327,Copenaghen_RD,Competibacter_A,62,,forecasted
2328,Copenaghen_RL,Competibacter_A,62,,forecasted
2329,Rome,Competibacter_A,62,0.00017132011346153846,forecasted
2330,Rotterdam,Competibacter_A,62,8.137904148846153e-05,forecasted
2331,Bologna,Competibacter_A,63,0.00022385683653846153,forecasted
2332,Budapest,Competibacter_A,63,,forecasted
2333,Copenaghen_RA,Competibacter_A,63,,forecasted
2334,Copenaghen_RD,Competibacter_A,63,,forecasted
2335,Copenaghen_RL,Competibacter_A,63,4.730690521153846e-05,forecasted
2336,Rome,Competibacter_A,63,0.00010386527884615385,forecasted
2337,Rotterdam,Competibacter_A,63,,forecasted
2338,Bologna,Competibacter_A,64,,forecasted
2339,Budapest,Competibacter_A,64,,forecasted
2340,Copenaghen_RA,Competibacter_A,64,4.066672115384615e-05,forecasted
2341,Copenaghen_RD,Competibacter_A,64,8.987315576923076e-05,forecasted
2342,Copenaghen_RL,Competibacter_A,64,2.0367619626923077e-05,forecasted
2343,Rome,Competibacter_A,64,,forecasted
2344,Rotterdam,Competibacter_A,64,9.276765192307691e-05,forecasted
2345,Bologna,Competibacter_A,65,0.00015478773846153848,forecasted
2346,Budapest,Competibacter_A,65,,forecasted
2347,Copenaghen_RA,Competibacter_A,65,6.0110138461538464e-05,forecasted
2348,Copenaghen_RD,Competibacter_A,65,5.2732568553846157e-05,forecasted
2349,Copenaghen_RL,Competibacter_A,65,0.00010380749230769231,forecasted
2350,Rome,Competibacter_A,65,,forecasted
2351,Rotterdam,Competibacter_A,65,0.00023489955384615384,forecasted
2352,Bologna,Competibacter_A,66,,forecasted
2353,Budapest,Competibacter_A,66,,forecasted
2354,Copenaghen_RA,Competibacter_A,66,,forecasted
2355,Copenaghen_RD,Competibacter_A,66,,forecasted
2356,Copenaghen_RL,Competibacter_A,66,,forecasted
2357,Rome,Competibacter_A,66,0.0008271061870000001,forecasted
2358,Rotterdam,Competibacter_A,66,,forecasted
2359,Bologna,Competibacter_A,67,0.00017295905192307693,forecasted
2360,Budapest,Competibacter_A,67,0.00013726485576923077,forecasted
2361,Copenaghen_RA,Competibacter_A,67,0.00033953196730769235,forecasted
2362,Copenaghen_RD,Competibacter_A,67,0.000268143575,forecasted
2363,Copenaghen_RL,Competibacter_A,67,4.192565784230769e-05,forecasted
2364,Rome,Competibacter_A,67,,forecasted
2365,Rotterdam,Competibacter_A,67,,forecasted
2366,Bologna,Competibacter_A,68,,forecasted
2367,Budapest,Competibacter_A,68,0.00020961745769230771,forecasted
2368,Copenaghen_RA,Competibacter_A,68,5.068647631538462e-05,forecasted
2369,Copenaghen_RD,Competibacter_A,68,5.068647631538462e-05,forecasted
2370,Copenaghen_RL,Competibacter_A,68,5.8000203846153845e-05,forecasted
2371,Rome,Competibacter_A,68,7.243994230769231e-05,forecasted
2372,Rotterdam,Competibacter_A,68,0.00023127706538461537,forecasted
2373,Bologna,Competibacter_A,69,0.00022310087115384617,forecasted
2374,Budapest,Competibacter_A,69,9.770449038461539e-05,forecasted
2375,Copenaghen_RA,Competibacter_A,69,3.859853749615384e-05,forecasted
2376,Copenaghen_RD,Competibacter_A,69,3.859853749615384e-05,forecasted
2377,Copenaghen_RL,Competibacter_A,69,3.859853749615384e-05,forecasted
2378,Rome,Competibacter_A,69,,forecasted
2379,Rotterdam,Competibacter_A,69,,forecasted
2380,Bologna,Competibacter_A,70,7.879322500000001e-05,forecasted
2381,Budapest,Competibacter_A,70,9.047197115384615e-05,forecasted
2382,Copenaghen_RA,Competibacter_A,70,8.46325980769231e-05,forecasted
2383,Copenaghen_RD,Competibacter_A,70,8.46325980769231e-05,forecasted
2384,Copenaghen_RL,Competibacter_A,70,7.879322500000001e-05,forecasted
2385,Rome,Competibacter_A,70,8.46325980769231e-05,forecasted
2386,Rotterdam,Competibacter_A,70,7.879322500000001e-05,forecasted
2387,Bologna,Competibacter_A,71,4.99392826923077e-05,forecasted
2388,Budapest,Competibacter_A,71,4.811799423076923e-05,forecasted
2389,Copenaghen_RA,Competibacter_A,71,4.99392826923077e-05,forecasted
2390,Copenaghen_RD,Competibacter_A,71,5.5403148076923076e-05,forecasted
2391,Copenaghen_RL,Competibacter_A,71,5.358185961538462e-05,forecasted
2392,Rome,Competibacter_A,71,4.99392826923077e-05,forecasted
2393,Rotterdam,Competibacter_A,71,5.1760571153846155e-05,forecasted
2394,Bologna,Competibacter_A,72,0.00014032280576923081,forecasted
2395,Budapest,Competibacter_A,72,0.00012999830961538464,forecasted
2396,Copenaghen_RA,Competibacter_A,72,0.00014032280576923081,forecasted
2397,Copenaghen_RD,Competibacter_A,72,0.0001712962942307693,forecasted
2398,Copenaghen_RL,Competibacter_A,72,0.00012999830961538464,forecasted
2399,Rome,Competibacter_A,72,0.00014032280576923081,forecasted
2400,Rotterdam,Competibacter_A,72,0.00014032280576923081,forecasted
2401,Bologna,Competibacter_A,73,9.100078846153847e-05,forecasted
2402,Budapest,Competibacter_A,73,8.167301923076923e-05,forecasted
2403,Copenaghen_RA,Competibacter_A,73,8.167301923076923e-05,forecasted
2404,Copenaghen_RD,Competibacter_A,73,9.100078846153847e-05,forecasted
2405,Copenaghen_RL,Competibacter_A,73,8.633690384615385e-05,forecasted
2406,Rome,Competibacter_A,73,9.100078846153847e-05,forecasted
2407,Rotterdam,Competibacter_A,73,9.100078846153847e-05,forecasted
2408,Bologna,Competibacter_A,74,0.0007555947807692308,forecasted
2409,Budapest,Competibacter_A,74,0.0007555947807692308,forecasted
2410,Copenaghen_RA,Competibacter_A,74,0.0006601778499999999,forecasted
2411,Copenaghen_RD,Competibacter_A,74,0.0006601778499999999,forecasted
2412,Copenaghen_RL,Competibacter_A,74,0.0007555947807692308,forecasted
2413,Rome,Competibacter_A,74,0.0006601778499999999,forecasted
2414,Rotterdam,Competibacter_A,74,0.0008510117115384614,forecasted
2415,Bologna,Competibacter_A,75,0.00021685585,forecasted
2416,Budapest,Competibacter_A,75,0.0002472644730769231,forecasted
2417,Copenaghen_RA,Competibacter_A,75,0.0001864472269230769,forecasted
2418,Copenaghen_RD,Competibacter_A,75,0.00027767309615384615,forecasted
2419,Copenaghen_RL,Competibacter_A,75,0.0001864472269230769,forecasted
2420,Rome,Competibacter_A,75,0.0001864472269230769,forecasted
2421,Rotterdam,Competibacter_A,75,0.00021685585,forecasted
2422,Bologna,Competibacter_A,77,0.002395425865384615,forecasted
2423,Budapest,Competibacter_A,77,0.002395425865384615,forecasted
2424,Copenaghen_RA,Competibacter_A,77,0.002395425865384615,forecasted
2425,Copenaghen_RD,Competibacter_A,77,0.002395425865384615,forecasted
2426,Copenaghen_RL,Competibacter_A,77,0.0021168806576923075,forecasted
2427,Rome,Competibacter_A,77,0.0021168806576923075,forecasted
2428,Rotterdam,Competibacter_A,77,0.00183833545,forecasted
2429,Bologna,Competibacter_A,78,0.0001244095826923077,forecasted
2430,Budapest,Competibacter_A,78,0.0001244095826923077,forecasted
2431,Copenaghen_RA,Competibacter_A,78,0.00010612952884615384,forecasted
2432,Copenaghen_RD,Competibacter_A,78,0.00011526955576923076,forecasted
2433,Copenaghen_RL,Competibacter_A,78,0.00014268963653846152,forecasted
2434,Rome,Competibacter_A,78,0.00010612952884615384,forecasted
2435,Rotterdam,Competibacter_A,78,0.0001244095826923077,forecasted
2436,Bologna,Competibacter_A,79,0.00269223425,forecasted
2437,Budapest,Competibacter_A,79,0.0021809367499999997,forecasted
2438,Copenaghen_RA,Competibacter_A,79,0.0023513692499999997,forecasted
2439,Copenaghen_RD,Competibacter_A,79,0.0023513692499999997,forecasted
2440,Copenaghen_RL,Competibacter_A,79,0.0023513692499999997,forecasted
2441,Rome,Competibacter_A,79,0.00269223425,forecasted
2442,Rotterdam,Competibacter_A,79,0.00269223425,forecasted
2443,Bologna,Competibacter_A,80,9.326337500000001e-05,forecasted
2444,Budapest,Competibacter_A,80,8.793012500000001e-05,forecasted
2445,Copenaghen_RA,Competibacter_A,80,0.000103929875,forecasted
2446,Copenaghen_RD,Competibacter_A,80,0.000103929875,forecasted
2447,Copenaghen_RL,Competibacter_A,80,9.8596625e-05,forecasted
2448,Rome,Competibacter_A,80,9.326337500000001e-05,forecasted
2449,Rotterdam,Competibacter_A,80,9.8596625e-05,forecasted
2450,Bologna,Competibacter_A,81,0.0007802533269230768,forecasted
2451,Budapest,Competibacter_A,81,0.0005202780115384615,forecasted
2452,Copenaghen_RA,Competibacter_A,81,0.0006935948884615383,forecasted
2453,Copenaghen_RD,Competibacter_A,81,0.0006935948884615383,forecasted
2454,Copenaghen_RL,Competibacter_A,81,0.0006935948884615383,forecasted
2455,Rome,Competibacter_A,81,0.0006935948884615383,forecasted
2456,Rotterdam,Competibacter_A,81,0.000433619573076923,forecasted
2457,Bologna,Competibacter_A,82,8.657815000000001e-05,forecasted
2458,Budapest,Competibacter_A,82,9.239105000000001e-05,forecasted
2459,Copenaghen_RA,Competibacter_A,82,8.657815000000001e-05,forecasted
2460,Copenaghen_RD,Competibacter_A,82,8.076525000000001e-05,forecasted
2461,Copenaghen_RL,Competibacter_A,82,8.657815000000001e-05,forecasted
2462,Rome,Competibacter_A,82,9.239105000000001e-05,forecasted
2463,Rotterdam,Competibacter_A,82,8.076525000000001e-05,forecasted
2464,Bologna,Competibacter_A,83,0.00019454278846153846,forecasted
2465,Budapest,Competibacter_A,83,0.0002122088653846154,forecasted
2466,Copenaghen_RA,Competibacter_A,83,0.00020337582692307694,forecasted
2467,Copenaghen_RD,Competibacter_A,83,0.0002122088653846154,forecasted
2468,Copenaghen_RL,Competibacter_A,83,0.00022104190384615385,forecasted
2469,Rome,Competibacter_A,83,0.00020337582692307694,forecasted
2470,Rotterdam,Competibacter_A,83,0.0002122088653846154,forecasted
2471,Bologna,Competibacter_A,84,0.0002433086416153846,forecasted
2472,Budapest,Competibacter_A,84,0.0002433086416153846,forecasted
2473,Copenaghen_RA,Competibacter_A,84,0.0002433086416153846,forecasted
2474,Copenaghen_RD,Competibacter_A,84,0.0002433086416153846,forecasted
2475,Copenaghen_RL,Competibacter_A,84,0.0002433086416153846,forecasted
2476,Rome,Competibacter_A,84,0.0002433086416153846,forecasted
2477,Rotterdam,Competibacter_A,84,0.0002433086416153846,forecasted
2478,Bologna,Competibacter_A,85,0.0002412589807692308,forecasted
2479,Budapest,Competibacter_A,85,0.00023322078846153848,forecasted
2480,Copenaghen_RA,Competibacter_A,85,0.0002412589807692308,forecasted
2481,Copenaghen_RD,Competibacter_A,85,0.0002412589807692308,forecasted
2482,Copenaghen_RL,Competibacter_A,85,0.00020910621153846155,forecasted
2483,Rome,Competibacter_A,85,0.00021714440384615387,forecasted
2484,Rotterdam,Competibacter_A,85,0.0002251825961538462,forecasted
2485,Bologna,Competibacter_A,86,0.0002412728903846154,forecasted
2486,Budapest,Competibacter_A,86,0.00022431378653846158,forecasted
2487,Copenaghen_RA,Competibacter_A,86,0.00025823199423076926,forecasted
2488,Copenaghen_RD,Competibacter_A,86,0.00022431378653846158,forecasted
2489,Copenaghen_RL,Competibacter_A,86,0.00025823199423076926,forecasted
2490,Rome,Competibacter_A,86,0.00027519109807692314,forecasted
2491,Rotterdam,Competibacter_A,86,0.00027519109807692314,forecasted
2492,Bologna,Competibacter_A,87,0.0001157272,forecasted
2493,Budapest,Competibacter_A,87,0.00011989200000000001,forecasted
2494,Copenaghen_RA,Competibacter_A,87,0.0001240568,forecasted
2495,Copenaghen_RD,Competibacter_A,87,0.0001157272,forecasted
2496,Copenaghen_RL,Competibacter_A,87,0.0001073976,forecasted
2497,Rome,Competibacter_A,87,0.0001157272,forecasted
2498,Rotterdam,Competibacter_A,87,0.00011989200000000001,forecasted
2499,Bologna,Competibacter_A,88,0.0007504393653846155,forecasted
2500,Budapest,Competibacter_A,88,0.0008734461730769232,forecasted
2501,Copenaghen_RA,Competibacter_A,88,0.0007504393653846155,forecasted
2502,Copenaghen_RD,Competibacter_A,88,0.0007094370961538462,forecasted
2503,Copenaghen_RL,Competibacter_A,88,0.0007094370961538462,forecasted
2504,Rome,Competibacter_A,88,0.0007504393653846155,forecasted
2505,Rotterdam,Competibacter_A,88,0.0007094370961538462,forecasted
2506,Bologna,Competibacter_A,89,0.0002303691393076923,forecasted
2507,Budapest,Competibacter_A,89,0.0002303691393076923,forecasted
2508,Copenaghen_RA,Competibacter_A,89,0.0002303691393076923,forecasted
2509,Copenaghen_RD,Competibacter_A,89,0.0002303691393076923,forecasted
2510,Copenaghen_RL,Competibacter_A,89,0.0002303691393076923,forecasted
2511,Rome,Competibacter_A,89,0.0002303691393076923,forecasted
2512,Rotterdam,Competibacter_A,89,0.0002303691393076923,forecasted
2513,Bologna,Competibacter_A,90,0.001030943898076923,forecasted
2514,Budapest,Competibacter_A,90,0.0012893030442307691,forecasted
2515,Copenaghen_RA,Competibacter_A,90,0.001030943898076923,forecasted
2516,Copenaghen_RD,Competibacter_A,90,0.0011601234711538459,forecasted
2517,Copenaghen_RL,Competibacter_A,90,0.000772584751923077,forecasted
2518,Rome,Competibacter_A,90,0.0012893030442307691,forecasted
2519,Rotterdam,Competibacter_A,90,0.0012893030442307691,forecasted
2520,Bologna,Enterobacter,60,,forecasted
2521,Budapest,Enterobacter,60,,forecasted
2522,Copenaghen_RA,Enterobacter,60,,forecasted
2523,Copenaghen_RD,Enterobacter,60,0.00017687079692307693,forecasted
2524,Copenaghen_RL,Enterobacter,60,0.00018702992307692307,forecasted
2525,Rome,Enterobacter,60,0.00018702992307692307,forecasted
2526,Rotterdam,Enterobacter,60,,forecasted
2527,Bologna,Enterobacter,61,0.0005703826730769231,forecasted
2528,Budapest,Enterobacter,61,,forecasted
2529,Copenaghen_RA,Enterobacter,61,0.000500096173076923,forecasted
2530,Copenaghen_RD,Enterobacter,61,0.000505502826923077,forecasted
2531,Copenaghen_RL,Enterobacter,61,0.00043514604042307686,forecasted
2532,Rome,Enterobacter,61,,forecasted
2533,Rotterdam,Enterobacter,61,,forecasted
2534,Bologna,Enterobacter,62,,forecasted
2535,Budapest,Enterobacter,62,,forecasted
2536,Copenaghen_RA,Enterobacter,62,,forecasted
2537,Copenaghen_RD,Enterobacter,62,,forecasted
2538,Copenaghen_RL,Enterobacter,62,,forecasted
2539,Rome,Enterobacter,62,0.00031840398792307693,forecasted
2540,Rotterdam,Enterobacter,62,0.0021493344230769235,forecasted
2541,Bologna,Enterobacter,63,0.00038393538461538464,forecasted
2542,Budapest,Enterobacter,63,,forecasted
2543,Copenaghen_RA,Enterobacter,63,,forecasted
2544,Copenaghen_RD,Enterobacter,63,,forecasted
2545,Copenaghen_RL,Enterobacter,63,0.0003544056923076923,forecasted
2546,Rome,Enterobacter,63,0.0001377266533846154,forecasted
2547,Rotterdam,Enterobacter,63,,forecasted
2548,Bologna,Enterobacter,64,,forecasted
2549,Budapest,Enterobacter,64,,forecasted
2550,Copenaghen_RA,Enterobacter,64,0.00045141053846153845,forecasted
2551,Copenaghen_RD,Enterobacter,64,0.0004148639230769231,forecasted
2552,Copenaghen_RL,Enterobacter,64,0.0003778422016923077,forecasted
2553,Rome,Enterobacter,64,,forecasted
2554,Rotterdam,Enterobacter,64,0.0012919826923076924,forecasted
2555,Bologna,Enterobacter,65,0.00045949180492307694,forecasted
2556,Budapest,Enterobacter,65,,forecasted
2557,Copenaghen_RA,Enterobacter,65,0.0015144287692307693,forecasted
2558,Copenaghen_RD,Enterobacter,65,0.0005565272307692308,forecasted
2559,Copenaghen_RL,Enterobacter,65,0.002855490923076923,forecasted
2560,Rome,Enterobacter,65,,forecasted
2561,Rotterdam,Enterobacter,65,0.0013228484615384615,forecasted
2562,Bologna,Enterobacter,66,,forecasted
2563,Budapest,Enterobacter,66,,forecasted
2564,Copenaghen_RA,Enterobacter,66,,forecasted
2565,Copenaghen_RD,Enterobacter,66,,forecasted
2566,Copenaghen_RL,Enterobacter,66,,forecasted
2567,Rome,Enterobacter,66,0.0002299561551923077,forecasted
2568,Rotterdam,Enterobacter,66,,forecasted
2569,Bologna,Enterobacter,67,0.0009099531730769231,forecasted
2570,Budapest,Enterobacter,67,0.0015978135576923077,forecasted
2571,Copenaghen_RA,Enterobacter,67,0.0008116874038461538,forecasted
2572,Copenaghen_RD,Enterobacter,67,0.0003688527148076923,forecasted
2573,Copenaghen_RL,Enterobacter,67,0.0005660229807692308,forecasted
2574,Rome,Enterobacter,67,,forecasted
2575,Rotterdam,Enterobacter,67,,forecasted
2576,Bologna,Enterobacter,68,,forecasted
2577,Budapest,Enterobacter,68,0.0012972696923076923,forecasted
2578,Copenaghen_RA,Enterobacter,68,0.00042173584615384617,forecasted
2579,Copenaghen_RD,Enterobacter,68,0.0002259081092307692,forecasted
2580,Copenaghen_RL,Enterobacter,68,0.0003244543076923077,forecasted
2581,Rome,Enterobacter,68,0.0002259081092307692,forecasted
2582,Rotterdam,Enterobacter,68,0.002659211230769231,forecasted
2583,Bologna,Enterobacter,69,0.0017578195192307691,forecasted
2584,Budapest,Enterobacter,69,0.0004744319558076923,forecasted
2585,Copenaghen_RA,Enterobacter,69,0.0020021230576923077,forecasted
2586,Copenaghen_RD,Enterobacter,69,0.0013913642115384616,forecasted
2587,Copenaghen_RL,Enterobacter,69,0.0007195294807692307,forecasted
2588,Rome,Enterobacter,69,,forecasted
2589,Rotterdam,Enterobacter,69,,forecasted
2590,Bologna,Enterobacter,70,0.0010631578076923077,forecasted
2591,Budapest,Enterobacter,70,0.0010070680384615385,forecasted
2592,Copenaghen_RA,Enterobacter,70,0.0005576207176153846,forecasted
2593,Copenaghen_RD,Enterobacter,70,0.0005576207176153846,forecasted
2594,Copenaghen_RL,Enterobacter,70,0.0015118759615384615,forecasted
2595,Rome,Enterobacter,70,0.0010631578076923077,forecasted
2596,Rotterdam,Enterobacter,70,0.0015679657307692309,forecasted
2597,Bologna,Enterobacter,71,0.0009496314230769231,forecasted
2598,Budapest,Enterobacter,71,0.0009496314230769231,forecasted
2599,Copenaghen_RA,Enterobacter,71,0.0008784899615384616,forecasted
2600,Copenaghen_RD,Enterobacter,71,0.0008784899615384616,forecasted
2601,Copenaghen_RL,Enterobacter,71,0.0010207728846153847,forecasted
2602,Rome,Enterobacter,71,0.0009496314230769231,forecasted
2603,Rotterdam,Enterobacter,71,0.0009496314230769231,forecasted
2604,Bologna,Enterobacter,72,0.0005805462307692309,forecasted
2605,Budapest,Enterobacter,72,0.0005581679230769231,forecasted
2606,Copenaghen_RA,Enterobacter,72,0.0005134113076923077,forecasted
2607,Copenaghen_RD,Enterobacter,72,0.0006253028461538462,forecasted
2608,Copenaghen_RL,Enterobacter,72,0.0005805462307692309,forecasted
2609,Rome,Enterobacter,72,0.0005581679230769231,forecasted
2610,Rotterdam,Enterobacter,72,0.0005581679230769231,forecasted
2611,Bologna,Enterobacter,73,0.0009531656923076923,forecasted
2612,Budapest,Enterobacter,73,0.0005585583076923077,forecasted
2613,Copenaghen_RA,Enterobacter,73,0.0011504693846153846,forecasted
2614,Copenaghen_RD,Enterobacter,73,0.0012491212307692307,forecasted
2615,Copenaghen_RL,Enterobacter,73,0.0010518175384615384,forecasted
2616,Rome,Enterobacter,73,0.0005585583076923077,forecasted
2617,Rotterdam,Enterobacter,73,0.0010518175384615384,forecasted
2618,Bologna,Enterobacter,74,0.001429045596153846,forecasted
2619,Budapest,Enterobacter,74,0.0013373483269230769,forecasted
2620,Copenaghen_RA,Enterobacter,74,0.0013373483269230769,forecasted
2621,Copenaghen_RD,Enterobacter,74,0.001429045596153846,forecasted
2622,Copenaghen_RL,Enterobacter,74,0.0013373483269230769,forecasted
2623,Rome,Enterobacter,74,0.0013373483269230769,forecasted
2624,Rotterdam,Enterobacter,74,0.0012456510576923077,forecasted
2625,Bologna,Enterobacter,75,0.0018219735442307691,forecasted
2626,Budapest,Enterobacter,75,0.0018219735442307691,forecasted
2627,Copenaghen_RA,Enterobacter,75,0.0015880049249999998,forecasted
2628,Copenaghen_RD,Enterobacter,75,0.0020559421634615384,forecasted
2629,Copenaghen_RL,Enterobacter,75,0.0018219735442307691,forecasted
2630,Rome,Enterobacter,75,0.0018219735442307691,forecasted
2631,Rotterdam,Enterobacter,75,0.0015880049249999998,forecasted
2632,Bologna,Enterobacter,77,0.010103298192307692,forecasted
2633,Budapest,Enterobacter,77,0.02710682742307692,forecasted
2634,Copenaghen_RA,Enterobacter,77,0.029232268576923078,forecasted
2635,Copenaghen_RD,Enterobacter,77,0.001573902841923077,forecasted
2636,Copenaghen_RL,Enterobacter,77,0.001573902841923077,forecasted
2637,Rome,Enterobacter,77,0.010103298192307692,forecasted
2638,Rotterdam,Enterobacter,77,0.001573902841923077,forecasted
2639,Bologna,Enterobacter,78,0.0009500099576923075,forecasted
2640,Budapest,Enterobacter,78,0.0008912775192307693,forecasted
2641,Copenaghen_RA,Enterobacter,78,0.0008912775192307693,forecasted
2642,Copenaghen_RD,Enterobacter,78,0.0008325450807692308,forecasted
2643,Copenaghen_RL,Enterobacter,78,0.0007150802038461538,forecasted
2644,Rome,Enterobacter,78,0.0009500099576923075,forecasted
2645,Rotterdam,Enterobacter,78,0.0008325450807692308,forecasted
2646,Bologna,Enterobacter,79,0.0025164585576923078,forecasted
2647,Budapest,Enterobacter,79,0.0024427823269230773,forecasted
2648,Copenaghen_RA,Enterobacter,79,0.0024059442115384614,forecasted
2649,Copenaghen_RD,Enterobacter,79,0.0025164585576923078,forecasted
2650,Copenaghen_RL,Enterobacter,79,0.0025164585576923078,forecasted
2651,Rome,Enterobacter,79,0.0024427823269230773,forecasted
2652,Rotterdam,Enterobacter,79,0.0024427823269230773,forecasted
2653,Bologna,Enterobacter,80,0.0011692365,forecasted
2654,Budapest,Enterobacter,80,0.0011692365,forecasted
2655,Copenaghen_RA,Enterobacter,80,0.0014216880384615386,forecasted
2656,Copenaghen_RD,Enterobacter,80,0.0012954622692307695,forecasted
2657,Copenaghen_RL,Enterobacter,80,0.0014216880384615386,forecasted
2658,Rome,Enterobacter,80,0.0005381076538461539,forecasted
2659,Rotterdam,Enterobacter,80,0.0005381076538461539,forecasted
2660,Bologna,Enterobacter,81,0.0021686997307692308,forecasted
2661,Budapest,Enterobacter,81,0.0022368268846153843,forecasted
2662,Copenaghen_RA,Enterobacter,81,0.0020324454230769232,forecasted
2663,Copenaghen_RD,Enterobacter,81,0.0021005725769230772,forecasted
2664,Copenaghen_RL,Enterobacter,81,0.0019643182692307692,forecasted
2665,Rome,Enterobacter,81,0.0018961911153846153,forecasted
2666,Rotterdam,Enterobacter,81,0.0019643182692307692,forecasted
2667,Bologna,Enterobacter,82,0.0006158661634615384,forecasted
2668,Budapest,Enterobacter,82,0.0006574473365384614,forecasted
2669,Copenaghen_RA,Enterobacter,82,0.0006158661634615384,forecasted
2670,Copenaghen_RD,Enterobacter,82,0.0005742849903846153,forecasted
2671,Copenaghen_RL,Enterobacter,82,0.0006574473365384614,forecasted
2672,Rome,Enterobacter,82,0.0006990285096153846,forecasted
2673,Rotterdam,Enterobacter,82,0.0006158661634615384,forecasted
2674,Bologna,Enterobacter,83,0.001900809238461538,forecasted
2675,Budapest,Enterobacter,83,0.001900809238461538,forecasted
2676,Copenaghen_RA,Enterobacter,83,0.0015861418230769231,forecasted
2677,Copenaghen_RD,Enterobacter,83,0.0015861418230769231,forecasted
2678,Copenaghen_RL,Enterobacter,83,0.0015861418230769231,forecasted
2679,Rome,Enterobacter,83,0.001900809238461538,forecasted
2680,Rotterdam,Enterobacter,83,0.0014288081153846152,forecasted
2681,Bologna,Enterobacter,84,0.00047300580676923077,forecasted
2682,Budapest,Enterobacter,84,0.00047300580676923077,forecasted
2683,Copenaghen_RA,Enterobacter,84,0.00047300580676923077,forecasted
2684,Copenaghen_RD,Enterobacter,84,0.00047300580676923077,forecasted
2685,Copenaghen_RL,Enterobacter,84,0.00047300580676923077,forecasted
2686,Rome,Enterobacter,84,0.00047300580676923077,forecasted
2687,Rotterdam,Enterobacter,84,0.00047300580676923077,forecasted
2688,Bologna,Enterobacter,85,0.00020362234615384616,forecasted
2689,Budapest,Enterobacter,85,0.00020074303846153848,forecasted
2690,Copenaghen_RA,Enterobacter,85,0.00020650165384615386,forecasted
2691,Copenaghen_RD,Enterobacter,85,0.00020650165384615386,forecasted
2692,Copenaghen_RL,Enterobacter,85,0.00020362234615384616,forecasted
2693,Rome,Enterobacter,85,0.00020074303846153848,forecasted
2694,Rotterdam,Enterobacter,85,0.00019786373076923077,forecasted
2695,Bologna,Enterobacter,86,0.000564454,forecasted
2696,Budapest,Enterobacter,86,0.0006770496923076924,forecasted
2697,Copenaghen_RA,Enterobacter,86,0.0009585389230769232,forecasted
2698,Copenaghen_RD,Enterobacter,86,0.0002259350510769231,forecasted
2699,Copenaghen_RL,Enterobacter,86,0.0002259350510769231,forecasted
2700,Rome,Enterobacter,86,0.0006207518461538462,forecasted
2701,Rotterdam,Enterobacter,86,0.000902241076923077,forecasted
2702,Bologna,Enterobacter,87,0.0009355620384615385,forecasted
2703,Budapest,Enterobacter,87,0.0009871599615384615,forecasted
2704,Copenaghen_RA,Enterobacter,87,0.0009355620384615385,forecasted
2705,Copenaghen_RD,Enterobacter,87,0.0009355620384615385,forecasted
2706,Copenaghen_RL,Enterobacter,87,0.0010387578846153846,forecasted
2707,Rome,Enterobacter,87,0.0009871599615384615,forecasted
2708,Rotterdam,Enterobacter,87,0.0009871599615384615,forecasted
2709,Bologna,Enterobacter,88,0.0037290524423076923,forecasted
2710,Budapest,Enterobacter,88,0.0037290524423076923,forecasted
2711,Copenaghen_RA,Enterobacter,88,0.003969330557692307,forecasted
2712,Copenaghen_RD,Enterobacter,88,0.004209608673076923,forecasted
2713,Copenaghen_RL,Enterobacter,88,0.0037290524423076923,forecasted
2714,Rome,Enterobacter,88,0.004209608673076923,forecasted
2715,Rotterdam,Enterobacter,88,0.0037290524423076923,forecasted
2716,Bologna,Enterobacter,89,0.00011913841757692307,forecasted
2717,Budapest,Enterobacter,89,0.00011913841757692307,forecasted
2718,Copenaghen_RA,Enterobacter,89,0.00011913841757692307,forecasted
2719,Copenaghen_RD,Enterobacter,89,0.00011913841757692307,forecasted
2720,Copenaghen_RL,Enterobacter,89,0.00011913841757692307,forecasted
2721,Rome,Enterobacter,89,0.00011913841757692307,forecasted
2722,Rotterdam,Enterobacter,89,0.00011913841757692307,forecasted
2723,Bologna,Enterobacter,90,0.0010788474211538461,forecasted
2724,Budapest,Enterobacter,90,0.0012535302596153846,forecasted
2725,Copenaghen_RA,Enterobacter,90,0.0010788474211538461,forecasted
2726,Copenaghen_RD,Enterobacter,90,0.0009915060019230768,forecasted
2727,Copenaghen_RL,Enterobacter,90,0.0013408716788461538,forecasted
2728,Rome,Enterobacter,90,0.0011661888403846155,forecasted
2729,Rotterdam,Enterobacter,90,0.0012535302596153846,forecasted
2730,Bologna,Fermentibacter,60,,forecasted
2731,Budapest,Fermentibacter,60,,forecasted
2732,Copenaghen_RA,Fermentibacter,60,,forecasted
2733,Copenaghen_RD,Fermentibacter,60,1.7220637115384617e-05,forecasted
2734,Copenaghen_RL,Fermentibacter,60,6.657002649615384e-06,forecasted
2735,Rome,Fermentibacter,60,1.595365980769231e-05,forecasted
2736,Rotterdam,Fermentibacter,60,,forecasted
2737,Bologna,Fermentibacter,61,7.593274143846154e-06,forecasted
2738,Budapest,Fermentibacter,61,,forecasted
2739,Copenaghen_RA,Fermentibacter,61,2.4320109615384614e-05,forecasted
2740,Copenaghen_RD,Fermentibacter,61,1.3882798076923077e-05,forecasted
2741,Copenaghen_RL,Fermentibacter,61,5.9806968846153847e-05,forecasted
2742,Rome,Fermentibacter,61,,forecasted
2743,Rotterdam,Fermentibacter,61,,forecasted
2744,Bologna,Fermentibacter,62,,forecasted
2745,Budapest,Fermentibacter,62,,forecasted
2746,Copenaghen_RA,Fermentibacter,62,,forecasted
2747,Copenaghen_RD,Fermentibacter,62,,forecasted
2748,Copenaghen_RL,Fermentibacter,62,,forecasted
2749,Rome,Fermentibacter,62,3.5803614957692307e-06,forecasted
2750,Rotterdam,Fermentibacter,62,8.07353326923077e-06,forecasted
2751,Bologna,Fermentibacter,63,9.806562086538462e-06,forecasted
2752,Budapest,Fermentibacter,63,,forecasted
2753,Copenaghen_RA,Fermentibacter,63,,forecasted
2754,Copenaghen_RD,Fermentibacter,63,,forecasted
2755,Copenaghen_RL,Fermentibacter,63,4.7737574038461534e-05,forecasted
2756,Rome,Fermentibacter,63,4.4704670192307694e-05,forecasted
2757,Rotterdam,Fermentibacter,63,,forecasted
2758,Bologna,Fermentibacter,64,,forecasted
2759,Budapest,Fermentibacter,64,,forecasted
2760,Copenaghen_RA,Fermentibacter,64,3.909312147692307e-06,forecasted
2761,Copenaghen_RD,Fermentibacter,64,1.5107747692307693e-05,forecasted
2762,Copenaghen_RL,Fermentibacter,64,8.392178461538462e-06,forecasted
2763,Rome,Fermentibacter,64,,forecasted
2764,Rotterdam,Fermentibacter,64,3.909312147692307e-06,forecasted
2765,Bologna,Fermentibacter,65,1.595487346153846e-05,forecasted
2766,Budapest,Fermentibacter,65,,forecasted
2767,Copenaghen_RA,Fermentibacter,65,7.285425954615385e-06,forecasted
2768,Copenaghen_RD,Fermentibacter,65,6.132202961538463e-05,forecasted
2769,Copenaghen_RL,Fermentibacter,65,5.7001348076923084e-05,forecasted
2770,Rome,Fermentibacter,65,,forecasted
2771,Rotterdam,Fermentibacter,65,7.285425954615385e-06,forecasted
2772,Bologna,Fermentibacter,66,,forecasted
2773,Budapest,Fermentibacter,66,,forecasted
2774,Copenaghen_RA,Fermentibacter,66,,forecasted
2775,Copenaghen_RD,Fermentibacter,66,,forecasted
2776,Copenaghen_RL,Fermentibacter,66,,forecasted
2777,Rome,Fermentibacter,66,2.0597707749999997e-05,forecasted
2778,Rotterdam,Fermentibacter,66,,forecasted
2779,Bologna,Fermentibacter,67,1.2458122043846153e-05,forecasted
2780,Budapest,Fermentibacter,67,1.2458122043846153e-05,forecasted
2781,Copenaghen_RA,Fermentibacter,67,1.2458122043846153e-05,forecasted
2782,Copenaghen_RD,Fermentibacter,67,0.0003438594188461538,forecasted
2783,Copenaghen_RL,Fermentibacter,67,1.2458122043846153e-05,forecasted
2784,Rome,Fermentibacter,67,,forecasted
2785,Rotterdam,Fermentibacter,67,,forecasted
2786,Bologna,Fermentibacter,68,,forecasted
2787,Budapest,Fermentibacter,68,5.128297179615384e-06,forecasted
2788,Copenaghen_RA,Fermentibacter,68,1.1345479423076922e-05,forecasted
2789,Copenaghen_RD,Fermentibacter,68,8.23813421153846e-05,forecasted
2790,Copenaghen_RL,Fermentibacter,68,3.605360557692307e-05,forecasted
2791,Rome,Fermentibacter,68,1.1345479423076922e-05,forecasted
2792,Rotterdam,Fermentibacter,68,8.256963653846153e-06,forecasted
2793,Bologna,Fermentibacter,69,6.661662115384616e-06,forecasted
2794,Budapest,Fermentibacter,69,3.4968459680769233e-06,forecasted
2795,Copenaghen_RA,Fermentibacter,69,1.1378228653846154e-05,forecasted
2796,Copenaghen_RD,Fermentibacter,69,9.80603980769231e-06,forecasted
2797,Copenaghen_RL,Fermentibacter,69,4.282200557692308e-05,forecasted
2798,Rome,Fermentibacter,69,,forecasted
2799,Rotterdam,Fermentibacter,69,,forecasted
2800,Bologna,Fermentibacter,70,2.332162846153846e-05,forecasted
2801,Budapest,Fermentibacter,70,2.181554076923077e-05,forecasted
2802,Copenaghen_RA,Fermentibacter,70,2.181554076923077e-05,forecasted
2803,Copenaghen_RD,Fermentibacter,70,2.0309453076923078e-05,forecasted
2804,Copenaghen_RL,Fermentibacter,70,2.0309453076923078e-05,forecasted
2805,Rome,Fermentibacter,70,2.181554076923077e-05,forecasted
2806,Rotterdam,Fermentibacter,70,2.0309453076923078e-05,forecasted
2807,Bologna,Fermentibacter,71,1.16389825e-05,forecasted
2808,Budapest,Fermentibacter,71,1.61754775e-05,forecasted
2809,Copenaghen_RA,Fermentibacter,71,1.56714225e-05,forecasted
2810,Copenaghen_RD,Fermentibacter,71,8.104044784999999e-06,forecasted
2811,Copenaghen_RL,Fermentibacter,71,8.104044784999999e-06,forecasted
2812,Rome,Fermentibacter,71,1.56714225e-05,forecasted
2813,Rotterdam,Fermentibacter,71,1.21430375e-05,forecasted
2814,Bologna,Fermentibacter,72,1.3083619423076924e-05,forecasted
2815,Budapest,Fermentibacter,72,1.1976685192307693e-05,forecasted
2816,Copenaghen_RA,Fermentibacter,72,1.3083619423076924e-05,forecasted
2817,Copenaghen_RD,Fermentibacter,72,1.4190553653846156e-05,forecasted
2818,Copenaghen_RL,Fermentibacter,72,1.1976685192307693e-05,forecasted
2819,Rome,Fermentibacter,72,1.4190553653846156e-05,forecasted
2820,Rotterdam,Fermentibacter,72,1.3083619423076924e-05,forecasted
2821,Bologna,Fermentibacter,73,2.509258173076923e-05,forecasted
2822,Budapest,Fermentibacter,73,2.3879191346153846e-05,forecasted
2823,Copenaghen_RA,Fermentibacter,73,1.659884903846154e-05,forecasted
2824,Copenaghen_RD,Fermentibacter,73,2.8732752884615385e-05,forecasted
2825,Copenaghen_RL,Fermentibacter,73,2.509258173076923e-05,forecasted
2826,Rome,Fermentibacter,73,2.509258173076923e-05,forecasted
2827,Rotterdam,Fermentibacter,73,2.8732752884615385e-05,forecasted
2828,Bologna,Fermentibacter,74,0.0009584796975000001,forecasted
2829,Budapest,Fermentibacter,74,0.0008121680409615385,forecasted
2830,Copenaghen_RA,Fermentibacter,74,0.0009584796975000001,forecasted
2831,Copenaghen_RD,Fermentibacter,74,0.0008121680409615385,forecasted
2832,Copenaghen_RL,Fermentibacter,74,0.0008121680409615385,forecasted
2833,Rome,Fermentibacter,74,0.0011047913540384617,forecasted
2834,Rotterdam,Fermentibacter,74,0.0008121680409615385,forecasted
2835,Bologna,Fermentibacter,75,0.0017493135249999998,forecasted
2836,Budapest,Fermentibacter,75,0.0017493135249999998,forecasted
2837,Copenaghen_RA,Fermentibacter,75,0.001114763625,forecasted
2838,Copenaghen_RD,Fermentibacter,75,0.002066588475,forecasted
2839,Copenaghen_RL,Fermentibacter,75,0.002383863425,forecasted
2840,Rome,Fermentibacter,75,0.001432038575,forecasted
2841,Rotterdam,Fermentibacter,75,0.001432038575,forecasted
2842,Bologna,Fermentibacter,77,7.246411846153847e-05,forecasted
2843,Budapest,Fermentibacter,77,4.867271538461539e-05,forecasted
2844,Copenaghen_RA,Fermentibacter,77,6.0568416923076934e-05,forecasted
2845,Copenaghen_RD,Fermentibacter,77,6.0568416923076934e-05,forecasted
2846,Copenaghen_RL,Fermentibacter,77,6.0568416923076934e-05,forecasted
2847,Rome,Fermentibacter,77,7.246411846153847e-05,forecasted
2848,Rotterdam,Fermentibacter,77,6.0568416923076934e-05,forecasted
2849,Bologna,Fermentibacter,78,8.890110423076923e-05,forecasted
2850,Budapest,Fermentibacter,78,7.7634545e-05,forecasted
2851,Copenaghen_RA,Fermentibacter,78,7.7634545e-05,forecasted
2852,Copenaghen_RD,Fermentibacter,78,7.7634545e-05,forecasted
2853,Copenaghen_RL,Fermentibacter,78,7.7634545e-05,forecasted
2854,Rome,Fermentibacter,78,8.890110423076923e-05,forecasted
2855,Rotterdam,Fermentibacter,78,8.890110423076923e-05,forecasted
2856,Bologna,Fermentibacter,79,1.7455815384615385e-05,forecasted
2857,Budapest,Fermentibacter,79,1.6724064615384615e-05,forecasted
2858,Copenaghen_RA,Fermentibacter,79,1.5992313846153844e-05,forecasted
2859,Copenaghen_RD,Fermentibacter,79,1.6724064615384615e-05,forecasted
2860,Copenaghen_RL,Fermentibacter,79,1.7455815384615385e-05,forecasted
2861,Rome,Fermentibacter,79,1.6724064615384615e-05,forecasted
2862,Rotterdam,Fermentibacter,79,1.8187566153846153e-05,forecasted
2863,Bologna,Fermentibacter,80,1.371259e-05,forecasted
2864,Budapest,Fermentibacter,80,1.371259e-05,forecasted
2865,Copenaghen_RA,Fermentibacter,80,1.560597e-05,forecasted
2866,Copenaghen_RD,Fermentibacter,80,1.560597e-05,forecasted
2867,Copenaghen_RL,Fermentibacter,80,1.371259e-05,forecasted
2868,Rome,Fermentibacter,80,1.560597e-05,forecasted
2869,Rotterdam,Fermentibacter,80,1.749935e-05,forecasted
2870,Bologna,Fermentibacter,81,1.6842332884615386e-05,forecasted
2871,Budapest,Fermentibacter,81,1.4398045961538462e-05,forecasted
2872,Copenaghen_RA,Fermentibacter,81,1.5620189423076924e-05,forecasted
2873,Copenaghen_RD,Fermentibacter,81,1.31759025e-05,forecasted
2874,Copenaghen_RL,Fermentibacter,81,1.4398045961538462e-05,forecasted
2875,Rome,Fermentibacter,81,1.4398045961538462e-05,forecasted
2876,Rotterdam,Fermentibacter,81,1.6842332884615386e-05,forecasted
2877,Bologna,Fermentibacter,82,1.2312620576923076e-05,forecasted
2878,Budapest,Fermentibacter,82,1.3872598653846155e-05,forecasted
2879,Copenaghen_RA,Fermentibacter,82,1.3352605961538461e-05,forecasted
2880,Copenaghen_RD,Fermentibacter,82,1.3352605961538461e-05,forecasted
2881,Copenaghen_RL,Fermentibacter,82,1.3352605961538461e-05,forecasted
2882,Rome,Fermentibacter,82,1.3872598653846155e-05,forecasted
2883,Rotterdam,Fermentibacter,82,1.283261326923077e-05,forecasted
2884,Bologna,Fermentibacter,83,0.0004366383375,forecasted
2885,Budapest,Fermentibacter,83,0.0003855130425,forecasted
2886,Copenaghen_RA,Fermentibacter,83,0.0003343877475,forecasted
2887,Copenaghen_RD,Fermentibacter,83,0.0002321371575,forecasted
2888,Copenaghen_RL,Fermentibacter,83,0.0003343877475,forecasted
2889,Rome,Fermentibacter,83,0.0003855130425,forecasted
2890,Rotterdam,Fermentibacter,83,0.0003343877475,forecasted
2891,Bologna,Fermentibacter,84,1.3575477846153845e-06,forecasted
2892,Budapest,Fermentibacter,84,1.3575477846153845e-06,forecasted
2893,Copenaghen_RA,Fermentibacter,84,1.3575477846153845e-06,forecasted
2894,Copenaghen_RD,Fermentibacter,84,1.3575477846153845e-06,forecasted
2895,Copenaghen_RL,Fermentibacter,84,1.3575477846153845e-06,forecasted
2896,Rome,Fermentibacter,84,1.3575477846153845e-06,forecasted
2897,Rotterdam,Fermentibacter,84,1.3575477846153845e-06,forecasted
2898,Bologna,Fermentibacter,85,2.041823653846154e-05,forecasted
2899,Budapest,Fermentibacter,85,1.8961609615384614e-05,forecasted
2900,Copenaghen_RA,Fermentibacter,85,1.8961609615384614e-05,forecasted
2901,Copenaghen_RD,Fermentibacter,85,1.8961609615384614e-05,forecasted
2902,Copenaghen_RL,Fermentibacter,85,2.1874863461538463e-05,forecasted
2903,Rome,Fermentibacter,85,2.1874863461538463e-05,forecasted
2904,Rotterdam,Fermentibacter,85,2.041823653846154e-05,forecasted
2905,Bologna,Fermentibacter,86,3.4415889615384615e-05,forecasted
2906,Budapest,Fermentibacter,86,3.216210269230769e-05,forecasted
2907,Copenaghen_RA,Fermentibacter,86,3.216210269230769e-05,forecasted
2908,Copenaghen_RD,Fermentibacter,86,2.990831576923077e-05,forecasted
2909,Copenaghen_RL,Fermentibacter,86,3.4415889615384615e-05,forecasted
2910,Rome,Fermentibacter,86,3.216210269230769e-05,forecasted
2911,Rotterdam,Fermentibacter,86,3.216210269230769e-05,forecasted
2912,Bologna,Fermentibacter,87,5.492789807692308e-06,forecasted
2913,Budapest,Fermentibacter,87,5.492789807692308e-06,forecasted
2914,Copenaghen_RA,Fermentibacter,87,5.439786346153846e-06,forecasted
2915,Copenaghen_RD,Fermentibacter,87,5.651800192307693e-06,forecasted
2916,Copenaghen_RL,Fermentibacter,87,5.492789807692308e-06,forecasted
2917,Rome,Fermentibacter,87,5.439786346153846e-06,forecasted
2918,Rotterdam,Fermentibacter,87,5.598796730769231e-06,forecasted
2919,Bologna,Fermentibacter,88,3.7294e-05,forecasted
2920,Budapest,Fermentibacter,88,3.23566e-05,forecasted
2921,Copenaghen_RA,Fermentibacter,88,3.07108e-05,forecasted
2922,Copenaghen_RD,Fermentibacter,88,3.23566e-05,forecasted
2923,Copenaghen_RL,Fermentibacter,88,3.23566e-05,forecasted
2924,Rome,Fermentibacter,88,3.40024e-05,forecasted
2925,Rotterdam,Fermentibacter,88,3.5648199999999995e-05,forecasted
2926,Bologna,Fermentibacter,89,2.1701165307692307e-06,forecasted
2927,Budapest,Fermentibacter,89,2.1701165307692307e-06,forecasted
2928,Copenaghen_RA,Fermentibacter,89,2.1701165307692307e-06,forecasted
2929,Copenaghen_RD,Fermentibacter,89,2.1701165307692307e-06,forecasted
2930,Copenaghen_RL,Fermentibacter,89,2.1701165307692307e-06,forecasted
2931,Rome,Fermentibacter,89,2.1701165307692307e-06,forecasted
2932,Rotterdam,Fermentibacter,89,2.1701165307692307e-06,forecasted
2933,Bologna,Fermentibacter,90,6.431355942307693e-05,forecasted
2934,Budapest,Fermentibacter,90,8.750395519230769e-05,forecasted
2935,Copenaghen_RA,Fermentibacter,90,8.750395519230769e-05,forecasted
2936,Copenaghen_RD,Fermentibacter,90,6.431355942307693e-05,forecasted
2937,Copenaghen_RL,Fermentibacter,90,7.204369134615384e-05,forecasted
2938,Rome,Fermentibacter,90,7.977382326923078e-05,forecasted
2939,Rotterdam,Fermentibacter,90,7.977382326923078e-05,forecasted
2940,Bologna,Flavobacterium,60,,forecasted
2941,Budapest,Flavobacterium,60,,forecasted
2942,Copenaghen_RA,Flavobacterium,60,,forecasted
2943,Copenaghen_RD,Flavobacterium,60,0.013420263570153846,forecasted
2944,Copenaghen_RL,Flavobacterium,60,0.016720298692307692,forecasted
2945,Rome,Flavobacterium,60,0.025190373153846153,forecasted
2946,Rotterdam,Flavobacterium,60,,forecasted
2947,Bologna,Flavobacterium,61,0.004783714065576924,forecasted
2948,Budapest,Flavobacterium,61,,forecasted
2949,Copenaghen_RA,Flavobacterium,61,0.014250318134615386,forecasted
2950,Copenaghen_RD,Flavobacterium,61,0.018977474865384616,forecasted
2951,Copenaghen_RL,Flavobacterium,61,0.02843178832692308,forecasted
2952,Rome,Flavobacterium,61,,forecasted
2953,Rotterdam,Flavobacterium,61,,forecasted
2954,Bologna,Flavobacterium,62,,forecasted
2955,Budapest,Flavobacterium,62,,forecasted
2956,Copenaghen_RA,Flavobacterium,62,,forecasted
2957,Copenaghen_RD,Flavobacterium,62,,forecasted
2958,Copenaghen_RL,Flavobacterium,62,,forecasted
2959,Rome,Flavobacterium,62,0.03353391798076923,forecasted
2960,Rotterdam,Flavobacterium,62,0.008213457222730768,forecasted
2961,Bologna,Flavobacterium,63,0.0100059729005,forecasted
2962,Budapest,Flavobacterium,63,,forecasted
2963,Copenaghen_RA,Flavobacterium,63,,forecasted
2964,Copenaghen_RD,Flavobacterium,63,,forecasted
2965,Copenaghen_RL,Flavobacterium,63,0.011062619749999999,forecasted
2966,Rome,Flavobacterium,63,0.02313558425,forecasted
2967,Rotterdam,Flavobacterium,63,,forecasted
2968,Bologna,Flavobacterium,64,,forecasted
2969,Budapest,Flavobacterium,64,,forecasted
2970,Copenaghen_RA,Flavobacterium,64,0.018341277903846154,forecasted
2971,Copenaghen_RD,Flavobacterium,64,0.027555527519230773,forecasted
2972,Copenaghen_RL,Flavobacterium,64,0.018341277903846154,forecasted
2973,Rome,Flavobacterium,64,,forecasted
2974,Rotterdam,Flavobacterium,64,0.00450792495626923,forecasted
2975,Bologna,Flavobacterium,65,0.005874341211538461,forecasted
2976,Budapest,Flavobacterium,65,,forecasted
2977,Copenaghen_RA,Flavobacterium,65,0.027863112596153844,forecasted
2978,Copenaghen_RD,Flavobacterium,65,0.027863112596153844,forecasted
2979,Copenaghen_RL,Flavobacterium,65,0.024198317365384615,forecasted
2980,Rome,Flavobacterium,65,,forecasted
2981,Rotterdam,Flavobacterium,65,0.004946231819346154,forecasted
2982,Bologna,Flavobacterium,66,,forecasted
2983,Budapest,Flavobacterium,66,,forecasted
2984,Copenaghen_RA,Flavobacterium,66,,forecasted
2985,Copenaghen_RD,Flavobacterium,66,,forecasted
2986,Copenaghen_RL,Flavobacterium,66,,forecasted
2987,Rome,Flavobacterium,66,0.03570992848838461,forecasted
2988,Rotterdam,Flavobacterium,66,,forecasted
2989,Bologna,Flavobacterium,67,0.00908954678846154,forecasted
2990,Budapest,Flavobacterium,67,0.004972390133269231,forecasted
2991,Copenaghen_RA,Flavobacterium,67,0.02551546601923077,forecasted
2992,Copenaghen_RD,Flavobacterium,67,0.023051578134615384,forecasted
2993,Copenaghen_RL,Flavobacterium,67,0.021408986211538462,forecasted
2994,Rome,Flavobacterium,67,,forecasted
2995,Rotterdam,Flavobacterium,67,,forecasted
2996,Bologna,Flavobacterium,68,,forecasted
2997,Budapest,Flavobacterium,68,0.008048693365384616,forecasted
2998,Copenaghen_RA,Flavobacterium,68,0.008048693365384616,forecasted
2999,Copenaghen_RD,Flavobacterium,68,0.029994936403846154,forecasted
3000,Copenaghen_RL,Flavobacterium,68,0.028949877211538463,forecasted
3001,Rome,Flavobacterium,68,0.025814699634615385,forecasted
3002,Rotterdam,Flavobacterium,68,0.003854870826653846,forecasted
3003,Bologna,Flavobacterium,69,0.003317435514846154,forecasted
3004,Budapest,Flavobacterium,69,0.004966878269230769,forecasted
3005,Copenaghen_RA,Flavobacterium,69,0.023812970346153844,forecasted
3006,Copenaghen_RD,Flavobacterium,69,0.01971599380769231,forecasted
3007,Copenaghen_RL,Flavobacterium,69,0.015619017269230769,forecasted
3008,Rome,Flavobacterium,69,,forecasted
3009,Rotterdam,Flavobacterium,69,,forecasted
3010,Bologna,Flavobacterium,70,0.011446233673076924,forecasted
3011,Budapest,Flavobacterium,70,0.010997833634615385,forecasted
3012,Copenaghen_RA,Flavobacterium,70,0.010549433596153845,forecasted
3013,Copenaghen_RD,Flavobacterium,70,0.010997833634615385,forecasted
3014,Copenaghen_RL,Flavobacterium,70,0.011446233673076924,forecasted
3015,Rome,Flavobacterium,70,0.010549433596153845,forecasted
3016,Rotterdam,Flavobacterium,70,0.010997833634615385,forecasted
3017,Bologna,Flavobacterium,71,0.016771251692307695,forecasted
3018,Budapest,Flavobacterium,71,0.017881736923076926,forecasted
3019,Copenaghen_RA,Flavobacterium,71,0.017881736923076926,forecasted
3020,Copenaghen_RD,Flavobacterium,71,0.017881736923076926,forecasted
3021,Copenaghen_RL,Flavobacterium,71,0.018992222153846158,forecasted
3022,Rome,Flavobacterium,71,0.02010270738461539,forecasted
3023,Rotterdam,Flavobacterium,71,0.02010270738461539,forecasted
3024,Bologna,Flavobacterium,72,0.005335959615384616,forecasted
3025,Budapest,Flavobacterium,72,0.005335959615384616,forecasted
3026,Copenaghen_RA,Flavobacterium,72,0.0065812919230769235,forecasted
3027,Copenaghen_RD,Flavobacterium,72,0.00595862576923077,forecasted
3028,Copenaghen_RL,Flavobacterium,72,0.006269958846153846,forecasted
3029,Rome,Flavobacterium,72,0.006269958846153846,forecasted
3030,Rotterdam,Flavobacterium,72,0.00595862576923077,forecasted
3031,Bologna,Flavobacterium,73,0.017263033923076924,forecasted
3032,Budapest,Flavobacterium,73,0.0056795363846153845,forecasted
3033,Copenaghen_RA,Flavobacterium,73,0.0056795363846153845,forecasted
3034,Copenaghen_RD,Flavobacterium,73,0.024985365615384614,forecasted
3035,Copenaghen_RL,Flavobacterium,73,0.023054782692307693,forecasted
3036,Rome,Flavobacterium,73,0.023054782692307693,forecasted
3037,Rotterdam,Flavobacterium,73,0.007610119307692307,forecasted
3038,Bologna,Flavobacterium,74,0.014006710365384615,forecasted
3039,Budapest,Flavobacterium,74,0.014006710365384615,forecasted
3040,Copenaghen_RA,Flavobacterium,74,0.013232999788461538,forecasted
3041,Copenaghen_RD,Flavobacterium,74,0.014006710365384615,forecasted
3042,Copenaghen_RL,Flavobacterium,74,0.014780420942307693,forecasted
3043,Rome,Flavobacterium,74,0.014006710365384615,forecasted
3044,Rotterdam,Flavobacterium,74,0.014780420942307693,forecasted
3045,Bologna,Flavobacterium,75,0.014102788826923077,forecasted
3046,Budapest,Flavobacterium,75,0.013219115942307694,forecasted
3047,Copenaghen_RA,Flavobacterium,75,0.013219115942307694,forecasted
3048,Copenaghen_RD,Flavobacterium,75,0.014102788826923077,forecasted
3049,Copenaghen_RL,Flavobacterium,75,0.014986461711538463,forecasted
3050,Rome,Flavobacterium,75,0.013219115942307694,forecasted
3051,Rotterdam,Flavobacterium,75,0.012335443057692307,forecasted
3052,Bologna,Flavobacterium,77,0.010404563538461538,forecasted
3053,Budapest,Flavobacterium,77,0.010404563538461538,forecasted
3054,Copenaghen_RA,Flavobacterium,77,0.009676244153846155,forecasted
3055,Copenaghen_RD,Flavobacterium,77,0.010404563538461538,forecasted
3056,Copenaghen_RL,Flavobacterium,77,0.010404563538461538,forecasted
3057,Rome,Flavobacterium,77,0.011132882923076924,forecasted
3058,Rotterdam,Flavobacterium,77,0.009676244153846155,forecasted
3059,Bologna,Flavobacterium,78,0.012421569096153846,forecasted
3060,Budapest,Flavobacterium,78,0.012421569096153846,forecasted
3061,Copenaghen_RA,Flavobacterium,78,0.012421569096153846,forecasted
3062,Copenaghen_RD,Flavobacterium,78,0.012975124288461539,forecasted
3063,Copenaghen_RL,Flavobacterium,78,0.011868013903846154,forecasted
3064,Rome,Flavobacterium,78,0.012975124288461539,forecasted
3065,Rotterdam,Flavobacterium,78,0.012975124288461539,forecasted
3066,Bologna,Flavobacterium,79,0.0027170247499999998,forecasted
3067,Budapest,Flavobacterium,79,0.0027457142499999997,forecasted
3068,Copenaghen_RA,Flavobacterium,79,0.00268833525,forecasted
3069,Copenaghen_RD,Flavobacterium,79,0.0027457142499999997,forecasted
3070,Copenaghen_RL,Flavobacterium,79,0.00265964575,forecasted
3071,Rome,Flavobacterium,79,0.0027457142499999997,forecasted
3072,Rotterdam,Flavobacterium,79,0.0027457142499999997,forecasted
3073,Bologna,Flavobacterium,80,0.00567957705,forecasted
3074,Budapest,Flavobacterium,80,0.00519187795,forecasted
3075,Copenaghen_RA,Flavobacterium,80,0.00616727615,forecasted
3076,Copenaghen_RD,Flavobacterium,80,0.00567957705,forecasted
3077,Copenaghen_RL,Flavobacterium,80,0.00616727615,forecasted
3078,Rome,Flavobacterium,80,0.00616727615,forecasted
3079,Rotterdam,Flavobacterium,80,0.00519187795,forecasted
3080,Bologna,Flavobacterium,81,0.004809383538461539,forecasted
3081,Budapest,Flavobacterium,81,0.004606930153846154,forecasted
3082,Copenaghen_RA,Flavobacterium,81,0.004606930153846154,forecasted
3083,Copenaghen_RD,Flavobacterium,81,0.004606930153846154,forecasted
3084,Copenaghen_RL,Flavobacterium,81,0.004606930153846154,forecasted
3085,Rome,Flavobacterium,81,0.004809383538461539,forecasted
3086,Rotterdam,Flavobacterium,81,0.004606930153846154,forecasted
3087,Bologna,Flavobacterium,82,0.013112904134615385,forecasted
3088,Budapest,Flavobacterium,82,0.013318377096153846,forecasted
3089,Copenaghen_RA,Flavobacterium,82,0.013523850057692308,forecasted
3090,Copenaghen_RD,Flavobacterium,82,0.013318377096153846,forecasted
3091,Copenaghen_RL,Flavobacterium,82,0.01372932301923077,forecasted
3092,Rome,Flavobacterium,82,0.013318377096153846,forecasted
3093,Rotterdam,Flavobacterium,82,0.013112904134615385,forecasted
3094,Bologna,Flavobacterium,83,0.02297996359615384,forecasted
3095,Budapest,Flavobacterium,83,0.014042530557692305,forecasted
3096,Copenaghen_RA,Flavobacterium,83,0.01702167490384615,forecasted
3097,Copenaghen_RD,Flavobacterium,83,0.020000819249999996,forecasted
3098,Copenaghen_RL,Flavobacterium,83,0.02297996359615384,forecasted
3099,Rome,Flavobacterium,83,0.020000819249999996,forecasted
3100,Rotterdam,Flavobacterium,83,0.01702167490384615,forecasted
3101,Bologna,Flavobacterium,84,0.0005325835152307692,forecasted
3102,Budapest,Flavobacterium,84,0.0005325835152307692,forecasted
3103,Copenaghen_RA,Flavobacterium,84,0.0005325835152307692,forecasted
3104,Copenaghen_RD,Flavobacterium,84,0.0005325835152307692,forecasted
3105,Copenaghen_RL,Flavobacterium,84,0.0005325835152307692,forecasted
3106,Rome,Flavobacterium,84,0.0005325835152307692,forecasted
3107,Rotterdam,Flavobacterium,84,0.0005325835152307692,forecasted
3108,Bologna,Flavobacterium,85,0.00712627301923077,forecasted
3109,Budapest,Flavobacterium,85,0.008198590942307692,forecasted
3110,Copenaghen_RA,Flavobacterium,85,0.008198590942307692,forecasted
3111,Copenaghen_RD,Flavobacterium,85,0.006053955096153847,forecasted
3112,Copenaghen_RL,Flavobacterium,85,0.006053955096153847,forecasted
3113,Rome,Flavobacterium,85,0.007662431980769231,forecasted
3114,Rotterdam,Flavobacterium,85,0.007662431980769231,forecasted
3115,Bologna,Flavobacterium,86,0.008916502653846152,forecasted
3116,Budapest,Flavobacterium,86,0.009746482730769229,forecasted
3117,Copenaghen_RA,Flavobacterium,86,0.008916502653846152,forecasted
3118,Copenaghen_RD,Flavobacterium,86,0.007256542499999999,forecasted
3119,Copenaghen_RL,Flavobacterium,86,0.009746482730769229,forecasted
3120,Rome,Flavobacterium,86,0.008086522576923076,forecasted
3121,Rotterdam,Flavobacterium,86,0.009746482730769229,forecasted
3122,Bologna,Flavobacterium,87,0.03708719213461539,forecasted
3123,Budapest,Flavobacterium,87,0.03258153928846154,forecasted
3124,Copenaghen_RA,Flavobacterium,87,0.03483436571153846,forecasted
3125,Copenaghen_RD,Flavobacterium,87,0.03483436571153846,forecasted
3126,Copenaghen_RL,Flavobacterium,87,0.03483436571153846,forecasted
3127,Rome,Flavobacterium,87,0.03483436571153846,forecasted
3128,Rotterdam,Flavobacterium,87,0.03258153928846154,forecasted
3129,Bologna,Flavobacterium,88,0.007534557807692308,forecasted
3130,Budapest,Flavobacterium,88,0.007075040730769231,forecasted
3131,Copenaghen_RA,Flavobacterium,88,0.006845282192307692,forecasted
3132,Copenaghen_RD,Flavobacterium,88,0.006845282192307692,forecasted
3133,Copenaghen_RL,Flavobacterium,88,0.007075040730769231,forecasted
3134,Rome,Flavobacterium,88,0.007304799269230769,forecasted
3135,Rotterdam,Flavobacterium,88,0.007075040730769231,forecasted
3136,Bologna,Flavobacterium,89,0.00045423952857692306,forecasted
3137,Budapest,Flavobacterium,89,0.00045423952857692306,forecasted
3138,Copenaghen_RA,Flavobacterium,89,0.00045423952857692306,forecasted
3139,Copenaghen_RD,Flavobacterium,89,0.00045423952857692306,forecasted
3140,Copenaghen_RL,Flavobacterium,89,0.00045423952857692306,forecasted
3141,Rome,Flavobacterium,89,0.00045423952857692306,forecasted
3142,Rotterdam,Flavobacterium,89,0.00045423952857692306,forecasted
3143,Bologna,Flavobacterium,90,0.011560774019230769,forecasted
3144,Budapest,Flavobacterium,90,0.011560774019230769,forecasted
3145,Copenaghen_RA,Flavobacterium,90,0.012688308288461538,forecasted
3146,Copenaghen_RD,Flavobacterium,90,0.013815842557692307,forecasted
3147,Copenaghen_RL,Flavobacterium,90,0.011560774019230769,forecasted
3148,Rome,Flavobacterium,90,0.013815842557692307,forecasted
3149,Rotterdam,Flavobacterium,90,0.012688308288461538,forecasted
3150,Bologna,Giesbergeria,60,,forecasted
3151,Budapest,Giesbergeria,60,,forecasted
3152,Copenaghen_RA,Giesbergeria,60,,forecasted
3153,Copenaghen_RD,Giesbergeria,60,0.01700746432692308,forecasted
3154,Copenaghen_RL,Giesbergeria,60,0.015306002211538463,forecasted
3155,Rome,Giesbergeria,60,0.012278723005576923,forecasted
3156,Rotterdam,Giesbergeria,60,,forecasted
3157,Bologna,Giesbergeria,61,0.02407991340603846,forecasted
3158,Budapest,Giesbergeria,61,,forecasted
3159,Copenaghen_RA,Giesbergeria,61,0.03732294351923077,forecasted
3160,Copenaghen_RD,Giesbergeria,61,0.028298937173076924,forecasted
3161,Copenaghen_RL,Giesbergeria,61,0.03912774478846154,forecasted
3162,Rome,Giesbergeria,61,,forecasted
3163,Rotterdam,Giesbergeria,61,,forecasted
3164,Bologna,Giesbergeria,62,,forecasted
3165,Budapest,Giesbergeria,62,,forecasted
3166,Copenaghen_RA,Giesbergeria,62,,forecasted
3167,Copenaghen_RD,Giesbergeria,62,,forecasted
3168,Copenaghen_RL,Giesbergeria,62,,forecasted
3169,Rome,Giesbergeria,62,0.007899755196038461,forecasted
3170,Rotterdam,Giesbergeria,62,0.014997704788461538,forecasted
3171,Bologna,Giesbergeria,63,0.028879877134615383,forecasted
3172,Budapest,Giesbergeria,63,,forecasted
3173,Copenaghen_RA,Giesbergeria,63,,forecasted
3174,Copenaghen_RD,Giesbergeria,63,,forecasted
3175,Copenaghen_RL,Giesbergeria,63,0.018417298634615383,forecasted
3176,Rome,Giesbergeria,63,0.008749071286884617,forecasted
3177,Rotterdam,Giesbergeria,63,,forecasted
3178,Bologna,Giesbergeria,64,,forecasted
3179,Budapest,Giesbergeria,64,,forecasted
3180,Copenaghen_RA,Giesbergeria,64,0.015177778713423077,forecasted
3181,Copenaghen_RD,Giesbergeria,64,0.01801345128846154,forecasted
3182,Copenaghen_RL,Giesbergeria,64,0.01960722217307692,forecasted
3183,Rome,Giesbergeria,64,,forecasted
3184,Rotterdam,Giesbergeria,64,0.01624259475,forecasted
3185,Bologna,Giesbergeria,65,0.0188512385,forecasted
3186,Budapest,Giesbergeria,65,,forecasted
3187,Copenaghen_RA,Giesbergeria,65,0.019865287423076923,forecasted
3188,Copenaghen_RD,Giesbergeria,65,0.020118799653846157,forecasted
3189,Copenaghen_RL,Giesbergeria,65,0.017326869456384612,forecasted
3190,Rome,Giesbergeria,65,,forecasted
3191,Rotterdam,Giesbergeria,65,0.023667970884615384,forecasted
3192,Bologna,Giesbergeria,66,,forecasted
3193,Budapest,Giesbergeria,66,,forecasted
3194,Copenaghen_RA,Giesbergeria,66,,forecasted
3195,Copenaghen_RD,Giesbergeria,66,,forecasted
3196,Copenaghen_RL,Giesbergeria,66,,forecasted
3197,Rome,Giesbergeria,66,0.004739184716653846,forecasted
3198,Rotterdam,Giesbergeria,66,,forecasted
3199,Bologna,Giesbergeria,67,0.010581855557692308,forecasted
3200,Budapest,Giesbergeria,67,0.005102454615038461,forecasted
3201,Copenaghen_RA,Giesbergeria,67,0.07318802628846155,forecasted
3202,Copenaghen_RD,Giesbergeria,67,0.018747877826923078,forecasted
3203,Copenaghen_RL,Giesbergeria,67,0.026913900096153846,forecasted
3204,Rome,Giesbergeria,67,,forecasted
3205,Rotterdam,Giesbergeria,67,,forecasted
3206,Bologna,Giesbergeria,68,,forecasted
3207,Budapest,Giesbergeria,68,0.005105765620576923,forecasted
3208,Copenaghen_RA,Giesbergeria,68,0.022881239096153846,forecasted
3209,Copenaghen_RD,Giesbergeria,68,0.02732222082692308,forecasted
3210,Copenaghen_RL,Giesbergeria,68,0.014887471980769233,forecasted
3211,Rome,Giesbergeria,68,0.011334686596153847,forecasted
3212,Rotterdam,Giesbergeria,68,0.02465763178846154,forecasted
3213,Bologna,Giesbergeria,69,0.005040181732307692,forecasted
3214,Budapest,Giesbergeria,69,0.01431758053846154,forecasted
3215,Copenaghen_RA,Giesbergeria,69,0.02450946976923077,forecasted
3216,Copenaghen_RD,Giesbergeria,69,0.028215611307692307,forecasted
3217,Copenaghen_RL,Giesbergeria,69,0.01246450976923077,forecasted
3218,Rome,Giesbergeria,69,,forecasted
3219,Rotterdam,Giesbergeria,69,,forecasted
3220,Bologna,Giesbergeria,70,0.022917029134615383,forecasted
3221,Budapest,Giesbergeria,70,0.023930143019230767,forecasted
3222,Copenaghen_RA,Giesbergeria,70,0.022917029134615383,forecasted
3223,Copenaghen_RD,Giesbergeria,70,0.022917029134615383,forecasted
3224,Copenaghen_RL,Giesbergeria,70,0.022917029134615383,forecasted
3225,Rome,Giesbergeria,70,0.023930143019230767,forecasted
3226,Rotterdam,Giesbergeria,70,0.023930143019230767,forecasted
3227,Bologna,Giesbergeria,71,0.016925627961538462,forecasted
3228,Budapest,Giesbergeria,71,0.016925627961538462,forecasted
3229,Copenaghen_RA,Giesbergeria,71,0.01732758326923077,forecasted
3230,Copenaghen_RD,Giesbergeria,71,0.01732758326923077,forecasted
3231,Copenaghen_RL,Giesbergeria,71,0.01732758326923077,forecasted
3232,Rome,Giesbergeria,71,0.016523672653846154,forecasted
3233,Rotterdam,Giesbergeria,71,0.016925627961538462,forecasted
3234,Bologna,Giesbergeria,72,0.012099037096153845,forecasted
3235,Budapest,Giesbergeria,72,0.012959451903846154,forecasted
3236,Copenaghen_RA,Giesbergeria,72,0.012099037096153845,forecasted
3237,Copenaghen_RD,Giesbergeria,72,0.01381986671153846,forecasted
3238,Copenaghen_RL,Giesbergeria,72,0.012959451903846154,forecasted
3239,Rome,Giesbergeria,72,0.01381986671153846,forecasted
3240,Rotterdam,Giesbergeria,72,0.012959451903846154,forecasted
3241,Bologna,Giesbergeria,73,0.01994003830769231,forecasted
3242,Budapest,Giesbergeria,73,0.018226848000000004,forecasted
3243,Copenaghen_RA,Giesbergeria,73,0.018226848000000004,forecasted
3244,Copenaghen_RD,Giesbergeria,73,0.021653228615384615,forecasted
3245,Copenaghen_RL,Giesbergeria,73,0.018226848000000004,forecasted
3246,Rome,Giesbergeria,73,0.021653228615384615,forecasted
3247,Rotterdam,Giesbergeria,73,0.018226848000000004,forecasted
3248,Bologna,Giesbergeria,74,0.017715619961538462,forecasted
3249,Budapest,Giesbergeria,74,0.011128130499769231,forecasted
3250,Copenaghen_RA,Giesbergeria,74,0.02241224726923077,forecasted
3251,Copenaghen_RD,Giesbergeria,74,0.02335157273076923,forecasted
3252,Copenaghen_RL,Giesbergeria,74,0.02241224726923077,forecasted
3253,Rome,Giesbergeria,74,0.0167762945,forecasted
3254,Rotterdam,Giesbergeria,74,0.011128130499769231,forecasted
3255,Bologna,Giesbergeria,75,0.014577814557692307,forecasted
3256,Budapest,Giesbergeria,75,0.013838122519230767,forecasted
3257,Copenaghen_RA,Giesbergeria,75,0.013098430480769231,forecasted
3258,Copenaghen_RD,Giesbergeria,75,0.012358738442307692,forecasted
3259,Copenaghen_RL,Giesbergeria,75,0.013098430480769231,forecasted
3260,Rome,Giesbergeria,75,0.013098430480769231,forecasted
3261,Rotterdam,Giesbergeria,75,0.012358738442307692,forecasted
3262,Bologna,Giesbergeria,77,0.01290900925,forecasted
3263,Budapest,Giesbergeria,77,0.012023100250000002,forecasted
3264,Copenaghen_RA,Giesbergeria,77,0.012023100250000002,forecasted
3265,Copenaghen_RD,Giesbergeria,77,0.01290900925,forecasted
3266,Copenaghen_RL,Giesbergeria,77,0.012023100250000002,forecasted
3267,Rome,Giesbergeria,77,0.012023100250000002,forecasted
3268,Rotterdam,Giesbergeria,77,0.012023100250000002,forecasted
3269,Bologna,Giesbergeria,78,0.009785137846153846,forecasted
3270,Budapest,Giesbergeria,78,0.010624920307692309,forecasted
3271,Copenaghen_RA,Giesbergeria,78,0.009785137846153846,forecasted
3272,Copenaghen_RD,Giesbergeria,78,0.010624920307692309,forecasted
3273,Copenaghen_RL,Giesbergeria,78,0.009785137846153846,forecasted
3274,Rome,Giesbergeria,78,0.010205029076923076,forecasted
3275,Rotterdam,Giesbergeria,78,0.010205029076923076,forecasted
3276,Bologna,Giesbergeria,79,0.006806262884615385,forecasted
3277,Budapest,Giesbergeria,79,0.007043935115384616,forecasted
3278,Copenaghen_RA,Giesbergeria,79,0.006330918423076924,forecasted
3279,Copenaghen_RD,Giesbergeria,79,0.007043935115384616,forecasted
3280,Copenaghen_RL,Giesbergeria,79,0.007281607346153846,forecasted
3281,Rome,Giesbergeria,79,0.0065685906538461535,forecasted
3282,Rotterdam,Giesbergeria,79,0.0065685906538461535,forecasted
3283,Bologna,Giesbergeria,80,0.008382820557692308,forecasted
3284,Budapest,Giesbergeria,80,0.007908728134615385,forecasted
3285,Copenaghen_RA,Giesbergeria,80,0.007908728134615385,forecasted
3286,Copenaghen_RD,Giesbergeria,80,0.007908728134615385,forecasted
3287,Copenaghen_RL,Giesbergeria,80,0.008382820557692308,forecasted
3288,Rome,Giesbergeria,80,0.008856912980769231,forecasted
3289,Rotterdam,Giesbergeria,80,0.007908728134615385,forecasted
3290,Bologna,Giesbergeria,81,0.012753976326923076,forecasted
3291,Budapest,Giesbergeria,81,0.012753976326923076,forecasted
3292,Copenaghen_RA,Giesbergeria,81,0.012753976326923076,forecasted
3293,Copenaghen_RD,Giesbergeria,81,0.013119656249999999,forecasted
3294,Copenaghen_RL,Giesbergeria,81,0.013119656249999999,forecasted
3295,Rome,Giesbergeria,81,0.012571136365384615,forecasted
3296,Rotterdam,Giesbergeria,81,0.012571136365384615,forecasted
3297,Bologna,Giesbergeria,82,0.010131292076923076,forecasted
3298,Budapest,Giesbergeria,82,0.009560891153846153,forecasted
3299,Copenaghen_RA,Giesbergeria,82,0.009846091615384616,forecasted
3300,Copenaghen_RD,Giesbergeria,82,0.009846091615384616,forecasted
3301,Copenaghen_RL,Giesbergeria,82,0.009846091615384616,forecasted
3302,Rome,Giesbergeria,82,0.009560891153846153,forecasted
3303,Rotterdam,Giesbergeria,82,0.010416492538461539,forecasted
3304,Bologna,Giesbergeria,83,0.007569391730769231,forecasted
3305,Budapest,Giesbergeria,83,0.007569391730769231,forecasted
3306,Copenaghen_RA,Giesbergeria,83,0.00843637396153846,forecasted
3307,Copenaghen_RD,Giesbergeria,83,0.00843637396153846,forecasted
3308,Copenaghen_RL,Giesbergeria,83,0.010170338423076923,forecasted
3309,Rome,Giesbergeria,83,0.009303356192307693,forecasted
3310,Rotterdam,Giesbergeria,83,0.007569391730769231,forecasted
3311,Bologna,Giesbergeria,84,0.0032151253365769227,forecasted
3312,Budapest,Giesbergeria,84,0.0032151253365769227,forecasted
3313,Copenaghen_RA,Giesbergeria,84,0.0032151253365769227,forecasted
3314,Copenaghen_RD,Giesbergeria,84,0.0032151253365769227,forecasted
3315,Copenaghen_RL,Giesbergeria,84,0.0032151253365769227,forecasted
3316,Rome,Giesbergeria,84,0.0032151253365769227,forecasted
3317,Rotterdam,Giesbergeria,84,0.0032151253365769227,forecasted
3318,Bologna,Giesbergeria,85,0.006125031788461539,forecasted
3319,Budapest,Giesbergeria,85,0.006125031788461539,forecasted
3320,Copenaghen_RA,Giesbergeria,85,0.006341311596153846,forecasted
3321,Copenaghen_RD,Giesbergeria,85,0.005908751980769232,forecasted
3322,Copenaghen_RL,Giesbergeria,85,0.006125031788461539,forecasted
3323,Rome,Giesbergeria,85,0.006341311596153846,forecasted
3324,Rotterdam,Giesbergeria,85,0.006341311596153846,forecasted
3325,Bologna,Giesbergeria,86,0.012151565307692309,forecasted
3326,Budapest,Giesbergeria,86,0.012637569615384616,forecasted
3327,Copenaghen_RA,Giesbergeria,86,0.015067591153846155,forecasted
3328,Copenaghen_RD,Giesbergeria,86,0.008743217097846154,forecasted
3329,Copenaghen_RL,Giesbergeria,86,0.008743217097846154,forecasted
3330,Rome,Giesbergeria,86,0.012151565307692309,forecasted
3331,Rotterdam,Giesbergeria,86,0.014581586846153845,forecasted
3332,Bologna,Giesbergeria,87,0.017292244634615386,forecasted
3333,Budapest,Giesbergeria,87,0.017292244634615386,forecasted
3334,Copenaghen_RA,Giesbergeria,87,0.017292244634615386,forecasted
3335,Copenaghen_RD,Giesbergeria,87,0.017417690365384618,forecasted
3336,Copenaghen_RL,Giesbergeria,87,0.017543136096153846,forecasted
3337,Rome,Giesbergeria,87,0.017041353173076923,forecasted
3338,Rotterdam,Giesbergeria,87,0.017668581826923078,forecasted
3339,Bologna,Giesbergeria,88,0.009527936942307693,forecasted
3340,Budapest,Giesbergeria,88,0.01037267071153846,forecasted
3341,Copenaghen_RA,Giesbergeria,88,0.009105570057692308,forecasted
3342,Copenaghen_RD,Giesbergeria,88,0.009527936942307693,forecasted
3343,Copenaghen_RL,Giesbergeria,88,0.009527936942307693,forecasted
3344,Rome,Giesbergeria,88,0.009527936942307693,forecasted
3345,Rotterdam,Giesbergeria,88,0.009527936942307693,forecasted
3346,Bologna,Giesbergeria,89,0.0020177383916923078,forecasted
3347,Budapest,Giesbergeria,89,0.0020177383916923078,forecasted
3348,Copenaghen_RA,Giesbergeria,89,0.0020177383916923078,forecasted
3349,Copenaghen_RD,Giesbergeria,89,0.0020177383916923078,forecasted
3350,Copenaghen_RL,Giesbergeria,89,0.0020177383916923078,forecasted
3351,Rome,Giesbergeria,89,0.0020177383916923078,forecasted
3352,Rotterdam,Giesbergeria,89,0.0020177383916923078,forecasted
3353,Bologna,Giesbergeria,90,0.009738775461538462,forecasted
3354,Budapest,Giesbergeria,90,0.009738775461538462,forecasted
3355,Copenaghen_RA,Giesbergeria,90,0.008991793615384616,forecasted
3356,Copenaghen_RD,Giesbergeria,90,0.009738775461538462,forecasted
3357,Copenaghen_RL,Giesbergeria,90,0.009365284538461539,forecasted
3358,Rome,Giesbergeria,90,0.008991793615384616,forecasted
3359,Rotterdam,Giesbergeria,90,0.008618302692307692,forecasted
3360,Bologna,Hydrogenophaga,60,,forecasted
3361,Budapest,Hydrogenophaga,60,,forecasted
3362,Copenaghen_RA,Hydrogenophaga,60,,forecasted
3363,Copenaghen_RD,Hydrogenophaga,60,0.0006224042800384615,forecasted
3364,Copenaghen_RL,Hydrogenophaga,60,0.0008331655961538461,forecasted
3365,Rome,Hydrogenophaga,60,0.0012803067884615384,forecasted
3366,Rotterdam,Hydrogenophaga,60,,forecasted
3367,Bologna,Hydrogenophaga,61,0.0055930984615384614,forecasted
3368,Budapest,Hydrogenophaga,61,,forecasted
3369,Copenaghen_RA,Hydrogenophaga,61,0.0012086928324615384,forecasted
3370,Copenaghen_RD,Hydrogenophaga,61,0.001912111846153846,forecasted
3371,Copenaghen_RL,Hydrogenophaga,61,0.0012086928324615384,forecasted
3372,Rome,Hydrogenophaga,61,,forecasted
3373,Rotterdam,Hydrogenophaga,61,,forecasted
3374,Bologna,Hydrogenophaga,62,,forecasted
3375,Budapest,Hydrogenophaga,62,,forecasted
3376,Copenaghen_RA,Hydrogenophaga,62,,forecasted
3377,Copenaghen_RD,Hydrogenophaga,62,,forecasted
3378,Copenaghen_RL,Hydrogenophaga,62,,forecasted
3379,Rome,Hydrogenophaga,62,0.0007332731347307693,forecasted
3380,Rotterdam,Hydrogenophaga,62,0.0015103779807692306,forecasted
3381,Bologna,Hydrogenophaga,63,0.0035651404807692305,forecasted
3382,Budapest,Hydrogenophaga,63,,forecasted
3383,Copenaghen_RA,Hydrogenophaga,63,,forecasted
3384,Copenaghen_RD,Hydrogenophaga,63,,forecasted
3385,Copenaghen_RL,Hydrogenophaga,63,0.0010021824737307694,forecasted
3386,Rome,Hydrogenophaga,63,0.0010021824737307694,forecasted
3387,Rotterdam,Hydrogenophaga,63,,forecasted
3388,Bologna,Hydrogenophaga,64,,forecasted
3389,Budapest,Hydrogenophaga,64,,forecasted
3390,Copenaghen_RA,Hydrogenophaga,64,0.0018331471923076922,forecasted
3391,Copenaghen_RD,Hydrogenophaga,64,0.0009108352692307692,forecasted
3392,Copenaghen_RL,Hydrogenophaga,64,0.0007345858526923077,forecasted
3393,Rome,Hydrogenophaga,64,,forecasted
3394,Rotterdam,Hydrogenophaga,64,0.0011743529615384617,forecasted
3395,Bologna,Hydrogenophaga,65,0.0026387371153846154,forecasted
3396,Budapest,Hydrogenophaga,65,,forecasted
3397,Copenaghen_RA,Hydrogenophaga,65,0.002180571269230769,forecasted
3398,Copenaghen_RD,Hydrogenophaga,65,0.001722405423076923,forecasted
3399,Copenaghen_RL,Hydrogenophaga,65,0.0008045846917692308,forecasted
3400,Rome,Hydrogenophaga,65,,forecasted
3401,Rotterdam,Hydrogenophaga,65,0.003669610269230769,forecasted
3402,Bologna,Hydrogenophaga,66,,forecasted
3403,Budapest,Hydrogenophaga,66,,forecasted
3404,Copenaghen_RA,Hydrogenophaga,66,,forecasted
3405,Copenaghen_RD,Hydrogenophaga,66,,forecasted
3406,Copenaghen_RL,Hydrogenophaga,66,,forecasted
3407,Rome,Hydrogenophaga,66,0.0004152060299230769,forecasted
3408,Rotterdam,Hydrogenophaga,66,,forecasted
3409,Bologna,Hydrogenophaga,67,0.0011782885,forecasted
3410,Budapest,Hydrogenophaga,67,0.000881386695,forecasted
3411,Copenaghen_RA,Hydrogenophaga,67,0.0027319735,forecasted
3412,Copenaghen_RD,Hydrogenophaga,67,0.0011043035,forecasted
3413,Copenaghen_RL,Hydrogenophaga,67,0.000881386695,forecasted
3414,Rome,Hydrogenophaga,67,,forecasted
3415,Rotterdam,Hydrogenophaga,67,,forecasted
3416,Bologna,Hydrogenophaga,68,,forecasted
3417,Budapest,Hydrogenophaga,68,0.0008850433653846154,forecasted
3418,Copenaghen_RA,Hydrogenophaga,68,0.0020034287884615385,forecasted
3419,Copenaghen_RD,Hydrogenophaga,68,0.0008850433653846154,forecasted
3420,Copenaghen_RL,Hydrogenophaga,68,0.0010448127115384616,forecasted
3421,Rome,Hydrogenophaga,68,0.000563427671576923,forecasted
3422,Rotterdam,Hydrogenophaga,68,0.004559738326923077,forecasted
3423,Bologna,Hydrogenophaga,69,0.0010747952884615384,forecasted
3424,Budapest,Hydrogenophaga,69,0.0024603179423076924,forecasted
3425,Copenaghen_RA,Hydrogenophaga,69,0.001135035403846154,forecasted
3426,Copenaghen_RD,Hydrogenophaga,69,0.0009535319361923077,forecasted
3427,Copenaghen_RL,Hydrogenophaga,69,0.001135035403846154,forecasted
3428,Rome,Hydrogenophaga,69,,forecasted
3429,Rotterdam,Hydrogenophaga,69,,forecasted
3430,Bologna,Hydrogenophaga,70,0.003760057,forecasted
3431,Budapest,Hydrogenophaga,70,0.0028458449999999996,forecasted
3432,Copenaghen_RA,Hydrogenophaga,70,0.001011478622,forecasted
3433,Copenaghen_RD,Hydrogenophaga,70,0.001011478622,forecasted
3434,Copenaghen_RL,Hydrogenophaga,70,0.007874011,forecasted
3435,Rome,Hydrogenophaga,70,0.004674269,forecasted
3436,Rotterdam,Hydrogenophaga,70,0.006959798999999999,forecasted
3437,Bologna,Hydrogenophaga,71,0.0010028371153846154,forecasted
3438,Budapest,Hydrogenophaga,71,0.0010028371153846154,forecasted
3439,Copenaghen_RA,Hydrogenophaga,71,0.001237381653846154,forecasted
3440,Copenaghen_RD,Hydrogenophaga,71,0.001237381653846154,forecasted
3441,Copenaghen_RL,Hydrogenophaga,71,0.0007253709263846154,forecasted
3442,Rome,Hydrogenophaga,71,0.0007253709263846154,forecasted
3443,Rotterdam,Hydrogenophaga,71,0.0009815148846153846,forecasted
3444,Bologna,Hydrogenophaga,72,0.0006907414788461538,forecasted
3445,Budapest,Hydrogenophaga,72,0.0007338996980769232,forecasted
3446,Copenaghen_RA,Hydrogenophaga,72,0.0007770579173076923,forecasted
3447,Copenaghen_RD,Hydrogenophaga,72,0.0007338996980769232,forecasted
3448,Copenaghen_RL,Hydrogenophaga,72,0.0007770579173076923,forecasted
3449,Rome,Hydrogenophaga,72,0.0006475832596153847,forecasted
3450,Rotterdam,Hydrogenophaga,72,0.0006907414788461538,forecasted
3451,Bologna,Hydrogenophaga,73,0.006704043307692307,forecasted
3452,Budapest,Hydrogenophaga,73,0.006704043307692307,forecasted
3453,Copenaghen_RA,Hydrogenophaga,73,0.006704043307692307,forecasted
3454,Copenaghen_RD,Hydrogenophaga,73,0.008900386692307692,forecasted
3455,Copenaghen_RL,Hydrogenophaga,73,0.0078022149999999995,forecasted
3456,Rome,Hydrogenophaga,73,0.0078022149999999995,forecasted
3457,Rotterdam,Hydrogenophaga,73,0.004507699923076923,forecasted
3458,Bologna,Hydrogenophaga,74,0.014066342057692307,forecasted
3459,Budapest,Hydrogenophaga,74,0.002257369841576923,forecasted
3460,Copenaghen_RA,Hydrogenophaga,74,0.002257369841576923,forecasted
3461,Copenaghen_RD,Hydrogenophaga,74,0.019951700750000002,forecasted
3462,Copenaghen_RL,Hydrogenophaga,74,0.022894380096153848,forecasted
3463,Rome,Hydrogenophaga,74,0.019951700750000002,forecasted
3464,Rotterdam,Hydrogenophaga,74,0.02877973878846154,forecasted
3465,Bologna,Hydrogenophaga,75,0.00106515775,forecasted
3466,Budapest,Hydrogenophaga,75,0.00106515775,forecasted
3467,Copenaghen_RA,Hydrogenophaga,75,0.00106515775,forecasted
3468,Copenaghen_RD,Hydrogenophaga,75,0.0009693060961538461,forecasted
3469,Copenaghen_RL,Hydrogenophaga,75,0.0012568610576923077,forecasted
3470,Rome,Hydrogenophaga,75,0.00106515775,forecasted
3471,Rotterdam,Hydrogenophaga,75,0.00106515775,forecasted
3472,Bologna,Hydrogenophaga,77,0.0021940447692307694,forecasted
3473,Budapest,Hydrogenophaga,77,0.0015222423076923077,forecasted
3474,Copenaghen_RA,Hydrogenophaga,77,0.002865847230769231,forecasted
3475,Copenaghen_RD,Hydrogenophaga,77,0.0021940447692307694,forecasted
3476,Copenaghen_RL,Hydrogenophaga,77,0.0021940447692307694,forecasted
3477,Rome,Hydrogenophaga,77,0.0021940447692307694,forecasted
3478,Rotterdam,Hydrogenophaga,77,0.0021940447692307694,forecasted
3479,Bologna,Hydrogenophaga,78,0.0008280778557692308,forecasted
3480,Budapest,Hydrogenophaga,78,0.0008280778557692308,forecasted
3481,Copenaghen_RA,Hydrogenophaga,78,0.0007953907211538463,forecasted
3482,Copenaghen_RD,Hydrogenophaga,78,0.0009261392596153848,forecasted
3483,Copenaghen_RL,Hydrogenophaga,78,0.0008280778557692308,forecasted
3484,Rome,Hydrogenophaga,78,0.0008607649903846155,forecasted
3485,Rotterdam,Hydrogenophaga,78,0.0007953907211538463,forecasted
3486,Bologna,Hydrogenophaga,79,0.0016281324615384615,forecasted
3487,Budapest,Hydrogenophaga,79,0.0013507552307692305,forecasted
3488,Copenaghen_RA,Hydrogenophaga,79,0.0016281324615384615,forecasted
3489,Copenaghen_RD,Hydrogenophaga,79,0.0015356733846153844,forecasted
3490,Copenaghen_RL,Hydrogenophaga,79,0.0015356733846153844,forecasted
3491,Rome,Hydrogenophaga,79,0.0017205915384615384,forecasted
3492,Rotterdam,Hydrogenophaga,79,0.0016281324615384615,forecasted
3493,Bologna,Hydrogenophaga,80,0.000834063076923077,forecasted
3494,Budapest,Hydrogenophaga,80,0.0007840358461538462,forecasted
3495,Copenaghen_RA,Hydrogenophaga,80,0.0006839813846153846,forecasted
3496,Copenaghen_RD,Hydrogenophaga,80,0.0007340086153846154,forecasted
3497,Copenaghen_RL,Hydrogenophaga,80,0.000834063076923077,forecasted
3498,Rome,Hydrogenophaga,80,0.0008840903076923077,forecasted
3499,Rotterdam,Hydrogenophaga,80,0.0008840903076923077,forecasted
3500,Bologna,Hydrogenophaga,81,0.0011866617692307692,forecasted
3501,Budapest,Hydrogenophaga,81,0.0011866617692307692,forecasted
3502,Copenaghen_RA,Hydrogenophaga,81,0.0011561902307692306,forecasted
3503,Copenaghen_RD,Hydrogenophaga,81,0.0011561902307692306,forecasted
3504,Copenaghen_RL,Hydrogenophaga,81,0.0011561902307692306,forecasted
3505,Rome,Hydrogenophaga,81,0.0011866617692307692,forecasted
3506,Rotterdam,Hydrogenophaga,81,0.0011257186923076922,forecasted
3507,Bologna,Hydrogenophaga,82,0.0008585916346153846,forecasted
3508,Budapest,Hydrogenophaga,82,0.0009021053653846153,forecasted
3509,Copenaghen_RA,Hydrogenophaga,82,0.0009456190961538461,forecasted
3510,Copenaghen_RD,Hydrogenophaga,82,0.0009456190961538461,forecasted
3511,Copenaghen_RL,Hydrogenophaga,82,0.0009021053653846153,forecasted
3512,Rome,Hydrogenophaga,82,0.0008585916346153846,forecasted
3513,Rotterdam,Hydrogenophaga,82,0.0009021053653846153,forecasted
3514,Bologna,Hydrogenophaga,83,0.001732003925,forecasted
3515,Budapest,Hydrogenophaga,83,0.001732003925,forecasted
3516,Copenaghen_RA,Hydrogenophaga,83,0.001983840390384615,forecasted
3517,Copenaghen_RD,Hydrogenophaga,83,0.001983840390384615,forecasted
3518,Copenaghen_RL,Hydrogenophaga,83,0.001983840390384615,forecasted
3519,Rome,Hydrogenophaga,83,0.001983840390384615,forecasted
3520,Rotterdam,Hydrogenophaga,83,0.001983840390384615,forecasted
3521,Bologna,Hydrogenophaga,84,0.0001690664971923077,forecasted
3522,Budapest,Hydrogenophaga,84,0.0001690664971923077,forecasted
3523,Copenaghen_RA,Hydrogenophaga,84,0.0001690664971923077,forecasted
3524,Copenaghen_RD,Hydrogenophaga,84,0.0001690664971923077,forecasted
3525,Copenaghen_RL,Hydrogenophaga,84,0.0001690664971923077,forecasted
3526,Rome,Hydrogenophaga,84,0.0001690664971923077,forecasted
3527,Rotterdam,Hydrogenophaga,84,0.0001690664971923077,forecasted
3528,Bologna,Hydrogenophaga,85,0.0007970691923076923,forecasted
3529,Budapest,Hydrogenophaga,85,0.0008226528076923077,forecasted
3530,Copenaghen_RA,Hydrogenophaga,85,0.000848236423076923,forecasted
3531,Copenaghen_RD,Hydrogenophaga,85,0.0008226528076923077,forecasted
3532,Copenaghen_RL,Hydrogenophaga,85,0.000848236423076923,forecasted
3533,Rome,Hydrogenophaga,85,0.0008226528076923077,forecasted
3534,Rotterdam,Hydrogenophaga,85,0.0008226528076923077,forecasted
3535,Bologna,Hydrogenophaga,86,0.0007468831346153846,forecasted
3536,Budapest,Hydrogenophaga,86,0.0006705684423076923,forecasted
3537,Copenaghen_RA,Hydrogenophaga,86,0.0007468831346153846,forecasted
3538,Copenaghen_RD,Hydrogenophaga,86,0.000823197826923077,forecasted
3539,Copenaghen_RL,Hydrogenophaga,86,0.0007087257884615386,forecasted
3540,Rome,Hydrogenophaga,86,0.0007850404807692307,forecasted
3541,Rotterdam,Hydrogenophaga,86,0.0007850404807692307,forecasted
3542,Bologna,Hydrogenophaga,87,0.002926768769230769,forecasted
3543,Budapest,Hydrogenophaga,87,0.002906411230769231,forecasted
3544,Copenaghen_RA,Hydrogenophaga,87,0.0028860536923076925,forecasted
3545,Copenaghen_RD,Hydrogenophaga,87,0.002926768769230769,forecasted
3546,Copenaghen_RL,Hydrogenophaga,87,0.0028860536923076925,forecasted
3547,Rome,Hydrogenophaga,87,0.0028860536923076925,forecasted
3548,Rotterdam,Hydrogenophaga,87,0.002947126307692308,forecasted
3549,Bologna,Hydrogenophaga,88,0.0015892853076923078,forecasted
3550,Budapest,Hydrogenophaga,88,0.0013549136153846156,forecasted
3551,Copenaghen_RA,Hydrogenophaga,88,0.0014135065384615385,forecasted
3552,Copenaghen_RD,Hydrogenophaga,88,0.0014720994615384617,forecasted
3553,Copenaghen_RL,Hydrogenophaga,88,0.0015306923846153848,forecasted
3554,Rome,Hydrogenophaga,88,0.0014720994615384617,forecasted
3555,Rotterdam,Hydrogenophaga,88,0.0013549136153846156,forecasted
3556,Bologna,Hydrogenophaga,89,6.075646312307692e-05,forecasted
3557,Budapest,Hydrogenophaga,89,6.075646312307692e-05,forecasted
3558,Copenaghen_RA,Hydrogenophaga,89,6.075646312307692e-05,forecasted
3559,Copenaghen_RD,Hydrogenophaga,89,6.075646312307692e-05,forecasted
3560,Copenaghen_RL,Hydrogenophaga,89,6.075646312307692e-05,forecasted
3561,Rome,Hydrogenophaga,89,6.075646312307692e-05,forecasted
3562,Rotterdam,Hydrogenophaga,89,6.075646312307692e-05,forecasted
3563,Bologna,Hydrogenophaga,90,0.0011547257307692308,forecasted
3564,Budapest,Hydrogenophaga,90,0.0012916858846153845,forecasted
3565,Copenaghen_RA,Hydrogenophaga,90,0.0011547257307692308,forecasted
3566,Copenaghen_RD,Hydrogenophaga,90,0.0013601659615384615,forecasted
3567,Copenaghen_RL,Hydrogenophaga,90,0.0012916858846153845,forecasted
3568,Rome,Hydrogenophaga,90,0.0010862456538461539,forecasted
3569,Rotterdam,Hydrogenophaga,90,0.0012916858846153845,forecasted
3570,Bologna,JAGOYM01,60,,forecasted
3571,Budapest,JAGOYM01,60,,forecasted
3572,Copenaghen_RA,JAGOYM01,60,,forecasted
3573,Copenaghen_RD,JAGOYM01,60,0.009693439134615385,forecasted
3574,Copenaghen_RL,JAGOYM01,60,0.010346663826923078,forecasted
3575,Rome,JAGOYM01,60,0.002177109212576923,forecasted
3576,Rotterdam,JAGOYM01,60,,forecasted
3577,Bologna,JAGOYM01,61,0.004508106423076923,forecasted
3578,Budapest,JAGOYM01,61,,forecasted
3579,Copenaghen_RA,JAGOYM01,61,0.009571147961538462,forecasted
3580,Copenaghen_RD,JAGOYM01,61,0.0047612585,forecasted
3581,Copenaghen_RL,JAGOYM01,61,0.0032390550614615383,forecasted
3582,Rome,JAGOYM01,61,,forecasted
3583,Rotterdam,JAGOYM01,61,,forecasted
3584,Bologna,JAGOYM01,62,,forecasted
3585,Budapest,JAGOYM01,62,,forecasted
3586,Copenaghen_RA,JAGOYM01,62,,forecasted
3587,Copenaghen_RD,JAGOYM01,62,,forecasted
3588,Copenaghen_RL,JAGOYM01,62,,forecasted
3589,Rome,JAGOYM01,62,0.002279274780384615,forecasted
3590,Rotterdam,JAGOYM01,62,0.004844713884615384,forecasted
3591,Bologna,JAGOYM01,63,0.0005130392996923077,forecasted
3592,Budapest,JAGOYM01,63,,forecasted
3593,Copenaghen_RA,JAGOYM01,63,,forecasted
3594,Copenaghen_RD,JAGOYM01,63,,forecasted
3595,Copenaghen_RL,JAGOYM01,63,0.009067500692307693,forecasted
3596,Rome,JAGOYM01,63,0.0022274883846153844,forecasted
3597,Rotterdam,JAGOYM01,63,,forecasted
3598,Bologna,JAGOYM01,64,,forecasted
3599,Budapest,JAGOYM01,64,,forecasted
3600,Copenaghen_RA,JAGOYM01,64,0.01103810376923077,forecasted
3601,Copenaghen_RD,JAGOYM01,64,0.008003819153846155,forecasted
3602,Copenaghen_RL,JAGOYM01,64,0.008610676076923078,forecasted
3603,Rome,JAGOYM01,64,,forecasted
3604,Rotterdam,JAGOYM01,64,0.003448447660769231,forecasted
3605,Bologna,JAGOYM01,65,0.003697708,forecasted
3606,Budapest,JAGOYM01,65,,forecasted
3607,Copenaghen_RA,JAGOYM01,65,0.007670068,forecasted
3608,Copenaghen_RD,JAGOYM01,65,0.010980368,forecasted
3609,Copenaghen_RL,JAGOYM01,65,0.005352858,forecasted
3610,Rome,JAGOYM01,65,,forecasted
3611,Rotterdam,JAGOYM01,65,0.00270031461,forecasted
3612,Bologna,JAGOYM01,66,,forecasted
3613,Budapest,JAGOYM01,66,,forecasted
3614,Copenaghen_RA,JAGOYM01,66,,forecasted
3615,Copenaghen_RD,JAGOYM01,66,,forecasted
3616,Copenaghen_RL,JAGOYM01,66,,forecasted
3617,Rome,JAGOYM01,66,0.0018058525414615385,forecasted
3618,Rotterdam,JAGOYM01,66,,forecasted
3619,Bologna,JAGOYM01,67,0.004211580115384615,forecasted
3620,Budapest,JAGOYM01,67,0.0038838988494615386,forecasted
3621,Copenaghen_RA,JAGOYM01,67,0.01197500596153846,forecasted
3622,Copenaghen_RD,JAGOYM01,67,0.007769816961538461,forecasted
3623,Copenaghen_RL,JAGOYM01,67,0.008740245192307691,forecasted
3624,Rome,JAGOYM01,67,,forecasted
3625,Rotterdam,JAGOYM01,67,,forecasted
3626,Bologna,JAGOYM01,68,,forecasted
3627,Budapest,JAGOYM01,68,0.06671179784615384,forecasted
3628,Copenaghen_RA,JAGOYM01,68,0.03343894384615385,forecasted
3629,Copenaghen_RD,JAGOYM01,68,0.010403891076923076,forecasted
3630,Copenaghen_RL,JAGOYM01,68,0.007844440769230769,forecasted
3631,Rome,JAGOYM01,68,0.002692267299846154,forecasted
3632,Rotterdam,JAGOYM01,68,0.002692267299846154,forecasted
3633,Bologna,JAGOYM01,69,0.001292249980923077,forecasted
3634,Budapest,JAGOYM01,69,0.00740708776923077,forecasted
3635,Copenaghen_RA,JAGOYM01,69,0.015180421923076923,forecasted
3636,Copenaghen_RD,JAGOYM01,69,0.006851849615384617,forecasted
3637,Copenaghen_RL,JAGOYM01,69,0.0018547062307692308,forecasted
3638,Rome,JAGOYM01,69,,forecasted
3639,Rotterdam,JAGOYM01,69,,forecasted
3640,Bologna,JAGOYM01,70,0.009386007846153847,forecasted
3641,Budapest,JAGOYM01,70,0.009386007846153847,forecasted
3642,Copenaghen_RA,JAGOYM01,70,0.009386007846153847,forecasted
3643,Copenaghen_RD,JAGOYM01,70,0.009386007846153847,forecasted
3644,Copenaghen_RL,JAGOYM01,70,0.009832051999999999,forecasted
3645,Rome,JAGOYM01,70,0.010278096153846153,forecasted
3646,Rotterdam,JAGOYM01,70,0.009386007846153847,forecasted
3647,Bologna,JAGOYM01,71,0.010524886923076925,forecasted
3648,Budapest,JAGOYM01,71,0.010524886923076925,forecasted
3649,Copenaghen_RA,JAGOYM01,71,0.010524886923076925,forecasted
3650,Copenaghen_RD,JAGOYM01,71,0.009142368461538462,forecasted
3651,Copenaghen_RL,JAGOYM01,71,0.010524886923076925,forecasted
3652,Rome,JAGOYM01,71,0.009833627692307691,forecasted
3653,Rotterdam,JAGOYM01,71,0.009833627692307691,forecasted
3654,Bologna,JAGOYM01,72,0.008883829288461539,forecasted
3655,Budapest,JAGOYM01,72,0.008395325557692308,forecasted
3656,Copenaghen_RA,JAGOYM01,72,0.007906821826923077,forecasted
3657,Copenaghen_RD,JAGOYM01,72,0.008883829288461539,forecasted
3658,Copenaghen_RL,JAGOYM01,72,0.008395325557692308,forecasted
3659,Rome,JAGOYM01,72,0.0074183180961538454,forecasted
3660,Rotterdam,JAGOYM01,72,0.008883829288461539,forecasted
3661,Bologna,JAGOYM01,73,0.005927511173076923,forecasted
3662,Budapest,JAGOYM01,73,0.005927511173076923,forecasted
3663,Copenaghen_RA,JAGOYM01,73,0.005927511173076923,forecasted
3664,Copenaghen_RD,JAGOYM01,73,0.005927511173076923,forecasted
3665,Copenaghen_RL,JAGOYM01,73,0.00516996675,forecasted
3666,Rome,JAGOYM01,73,0.00516996675,forecasted
3667,Rotterdam,JAGOYM01,73,0.005927511173076923,forecasted
3668,Bologna,JAGOYM01,74,0.0044006085,forecasted
3669,Budapest,JAGOYM01,74,0.0044006085,forecasted
3670,Copenaghen_RA,JAGOYM01,74,0.0049737984999999995,forecasted
3671,Copenaghen_RD,JAGOYM01,74,0.0049737984999999995,forecasted
3672,Copenaghen_RL,JAGOYM01,74,0.004687203500000001,forecasted
3673,Rome,JAGOYM01,74,0.0044006085,forecasted
3674,Rotterdam,JAGOYM01,74,0.0044006085,forecasted
3675,Bologna,JAGOYM01,75,0.005789988923076923,forecasted
3676,Budapest,JAGOYM01,75,0.006441319384615386,forecasted
3677,Copenaghen_RA,JAGOYM01,75,0.005138658461538463,forecasted
3678,Copenaghen_RD,JAGOYM01,75,0.005138658461538463,forecasted
3679,Copenaghen_RL,JAGOYM01,75,0.005789988923076923,forecasted
3680,Rome,JAGOYM01,75,0.005789988923076923,forecasted
3681,Rotterdam,JAGOYM01,75,0.005789988923076923,forecasted
3682,Bologna,JAGOYM01,77,0.0008700640884230768,forecasted
3683,Budapest,JAGOYM01,77,0.005202709211538462,forecasted
3684,Copenaghen_RA,JAGOYM01,77,0.007125551826923076,forecasted
3685,Copenaghen_RD,JAGOYM01,77,0.007125551826923076,forecasted
3686,Copenaghen_RL,JAGOYM01,77,0.006644841173076923,forecasted
3687,Rome,JAGOYM01,77,0.004241287903846154,forecasted
3688,Rotterdam,JAGOYM01,77,0.0008700640884230768,forecasted
3689,Bologna,JAGOYM01,78,0.006038474644230768,forecasted
3690,Budapest,JAGOYM01,78,0.006807439663461538,forecasted
3691,Copenaghen_RA,JAGOYM01,78,0.006038474644230768,forecasted
3692,Copenaghen_RD,JAGOYM01,78,0.006807439663461538,forecasted
3693,Copenaghen_RL,JAGOYM01,78,0.008345369701923077,forecasted
3694,Rome,JAGOYM01,78,0.006807439663461538,forecasted
3695,Rotterdam,JAGOYM01,78,0.006807439663461538,forecasted
3696,Bologna,JAGOYM01,79,0.0006576416346153846,forecasted
3697,Budapest,JAGOYM01,79,0.0007879239423076922,forecasted
3698,Copenaghen_RA,JAGOYM01,79,0.0007227827884615384,forecasted
3699,Copenaghen_RD,JAGOYM01,79,0.0006576416346153846,forecasted
3700,Copenaghen_RL,JAGOYM01,79,0.0007553533653846154,forecasted
3701,Rome,JAGOYM01,79,0.0007553533653846154,forecasted
3702,Rotterdam,JAGOYM01,79,0.0007227827884615384,forecasted
3703,Bologna,JAGOYM01,80,0.008311258367307693,forecasted
3704,Budapest,JAGOYM01,80,0.006735028221153846,forecasted
3705,Copenaghen_RA,JAGOYM01,80,0.008311258367307693,forecasted
3706,Copenaghen_RD,JAGOYM01,80,0.011463718659615384,forecasted
3707,Copenaghen_RL,JAGOYM01,80,0.005946913148076922,forecasted
3708,Rome,JAGOYM01,80,0.008311258367307693,forecasted
3709,Rotterdam,JAGOYM01,80,0.006735028221153846,forecasted
3710,Bologna,JAGOYM01,81,0.0034474380192307695,forecasted
3711,Budapest,JAGOYM01,81,0.004351356596153846,forecasted
3712,Copenaghen_RA,JAGOYM01,81,0.004050050403846154,forecasted
3713,Copenaghen_RD,JAGOYM01,81,0.004351356596153846,forecasted
3714,Copenaghen_RL,JAGOYM01,81,0.003748744211538462,forecasted
3715,Rome,JAGOYM01,81,0.0034474380192307695,forecasted
3716,Rotterdam,JAGOYM01,81,0.003748744211538462,forecasted
3717,Bologna,JAGOYM01,82,0.004486781673076923,forecasted
3718,Budapest,JAGOYM01,82,0.005489385596153846,forecasted
3719,Copenaghen_RA,JAGOYM01,82,0.004486781673076923,forecasted
3720,Copenaghen_RD,JAGOYM01,82,0.004486781673076923,forecasted
3721,Copenaghen_RL,JAGOYM01,82,0.004486781673076923,forecasted
3722,Rome,JAGOYM01,82,0.004486781673076923,forecasted
3723,Rotterdam,JAGOYM01,82,0.004988083634615385,forecasted
3724,Bologna,JAGOYM01,83,0.0004166158076923077,forecasted
3725,Budapest,JAGOYM01,83,0.00032110250000000004,forecasted
3726,Copenaghen_RA,JAGOYM01,83,0.00038477803846153843,forecasted
3727,Copenaghen_RD,JAGOYM01,83,0.00038477803846153843,forecasted
3728,Copenaghen_RL,JAGOYM01,83,0.00038477803846153843,forecasted
3729,Rome,JAGOYM01,83,0.0004166158076923077,forecasted
3730,Rotterdam,JAGOYM01,83,0.00035294026923076924,forecasted
3731,Bologna,JAGOYM01,84,0.0018006617411153846,forecasted
3732,Budapest,JAGOYM01,84,0.0018006617411153846,forecasted
3733,Copenaghen_RA,JAGOYM01,84,0.0018006617411153846,forecasted
3734,Copenaghen_RD,JAGOYM01,84,0.0018006617411153846,forecasted
3735,Copenaghen_RL,JAGOYM01,84,0.0018006617411153846,forecasted
3736,Rome,JAGOYM01,84,0.0018006617411153846,forecasted
3737,Rotterdam,JAGOYM01,84,0.0018006617411153846,forecasted
3738,Bologna,JAGOYM01,85,0.00018394628846153847,forecasted
3739,Budapest,JAGOYM01,85,0.00018394628846153847,forecasted
3740,Copenaghen_RA,JAGOYM01,85,0.00016861993461538463,forecasted
3741,Copenaghen_RD,JAGOYM01,85,0.00018394628846153847,forecasted
3742,Copenaghen_RL,JAGOYM01,85,0.00018394628846153847,forecasted
3743,Rome,JAGOYM01,85,0.00017628311153846155,forecasted
3744,Rotterdam,JAGOYM01,85,0.00018394628846153847,forecasted
3745,Bologna,JAGOYM01,86,0.0017790645,forecasted
3746,Budapest,JAGOYM01,86,0.0021018135,forecasted
3747,Copenaghen_RA,JAGOYM01,86,0.0016714815,forecasted
3748,Copenaghen_RD,JAGOYM01,86,0.0017790645,forecasted
3749,Copenaghen_RL,JAGOYM01,86,0.0019942305000000002,forecasted
3750,Rome,JAGOYM01,86,0.0017790645,forecasted
3751,Rotterdam,JAGOYM01,86,0.0017790645,forecasted
3752,Bologna,JAGOYM01,87,0.0018902023346153848,forecasted
3753,Budapest,JAGOYM01,87,0.0013947878423076925,forecasted
3754,Copenaghen_RA,JAGOYM01,87,0.0018902023346153848,forecasted
3755,Copenaghen_RD,JAGOYM01,87,0.0017663487115384617,forecasted
3756,Copenaghen_RL,JAGOYM01,87,0.0016424950884615386,forecasted
3757,Rome,JAGOYM01,87,0.0018902023346153848,forecasted
3758,Rotterdam,JAGOYM01,87,0.0016424950884615386,forecasted
3759,Bologna,JAGOYM01,88,0.0008622244615384615,forecasted
3760,Budapest,JAGOYM01,88,0.0008854863076923077,forecasted
3761,Copenaghen_RA,JAGOYM01,88,0.0008505935384615386,forecasted
3762,Copenaghen_RD,JAGOYM01,88,0.0008505935384615386,forecasted
3763,Copenaghen_RL,JAGOYM01,88,0.0008622244615384615,forecasted
3764,Rome,JAGOYM01,88,0.0008389626153846154,forecasted
3765,Rotterdam,JAGOYM01,88,0.0008854863076923077,forecasted
3766,Bologna,JAGOYM01,89,0.00013606376657692308,forecasted
3767,Budapest,JAGOYM01,89,0.00013606376657692308,forecasted
3768,Copenaghen_RA,JAGOYM01,89,0.00013606376657692308,forecasted
3769,Copenaghen_RD,JAGOYM01,89,0.00013606376657692308,forecasted
3770,Copenaghen_RL,JAGOYM01,89,0.00013606376657692308,forecasted
3771,Rome,JAGOYM01,89,0.00013606376657692308,forecasted
3772,Rotterdam,JAGOYM01,89,0.00013606376657692308,forecasted
3773,Bologna,JAGOYM01,90,0.0023505516923076923,forecasted
3774,Budapest,JAGOYM01,90,0.002111996923076923,forecasted
3775,Copenaghen_RA,JAGOYM01,90,0.002111996923076923,forecasted
3776,Copenaghen_RD,JAGOYM01,90,0.002111996923076923,forecasted
3777,Copenaghen_RL,JAGOYM01,90,0.0019927195384615384,forecasted
3778,Rome,JAGOYM01,90,0.002111996923076923,forecasted
3779,Rotterdam,JAGOYM01,90,0.002111996923076923,forecasted
3780,Bologna,Janthinobacterium,60,,forecasted
3781,Budapest,Janthinobacterium,60,,forecasted
3782,Copenaghen_RA,Janthinobacterium,60,,forecasted
3783,Copenaghen_RD,Janthinobacterium,60,0.0022158061153846153,forecasted
3784,Copenaghen_RL,Janthinobacterium,60,0.0011988833596153845,forecasted
3785,Rome,Janthinobacterium,60,0.001280723423076923,forecasted
3786,Rotterdam,Janthinobacterium,60,,forecasted
3787,Bologna,Janthinobacterium,61,0.0011974432692307693,forecasted
3788,Budapest,Janthinobacterium,61,,forecasted
3789,Copenaghen_RA,Janthinobacterium,61,0.0011974432692307693,forecasted
3790,Copenaghen_RD,Janthinobacterium,61,0.0009281167537692307,forecasted
3791,Copenaghen_RL,Janthinobacterium,61,0.0011328385000000001,forecasted
3792,Rome,Janthinobacterium,61,,forecasted
3793,Rotterdam,Janthinobacterium,61,,forecasted
3794,Bologna,Janthinobacterium,62,,forecasted
3795,Budapest,Janthinobacterium,62,,forecasted
3796,Copenaghen_RA,Janthinobacterium,62,,forecasted
3797,Copenaghen_RD,Janthinobacterium,62,,forecasted
3798,Copenaghen_RL,Janthinobacterium,62,,forecasted
3799,Rome,Janthinobacterium,62,0.0016476604615384615,forecasted
3800,Rotterdam,Janthinobacterium,62,0.0006588696344615385,forecasted
3801,Bologna,Janthinobacterium,63,0.0833613124423077,forecasted
3802,Budapest,Janthinobacterium,63,,forecasted
3803,Copenaghen_RA,Janthinobacterium,63,,forecasted
3804,Copenaghen_RD,Janthinobacterium,63,,forecasted
3805,Copenaghen_RL,Janthinobacterium,63,0.002526572339192308,forecasted
3806,Rome,Janthinobacterium,63,0.002526572339192308,forecasted
3807,Rotterdam,Janthinobacterium,63,,forecasted
3808,Bologna,Janthinobacterium,64,,forecasted
3809,Budapest,Janthinobacterium,64,,forecasted
3810,Copenaghen_RA,Janthinobacterium,64,0.0005284990769230768,forecasted
3811,Copenaghen_RD,Janthinobacterium,64,0.0007708093846153846,forecasted
3812,Copenaghen_RL,Janthinobacterium,64,0.0007708093846153846,forecasted
3813,Rome,Janthinobacterium,64,,forecasted
3814,Rotterdam,Janthinobacterium,64,0.0005072916573846154,forecasted
3815,Bologna,Janthinobacterium,65,0.0014388238461538463,forecasted
3816,Budapest,Janthinobacterium,65,,forecasted
3817,Copenaghen_RA,Janthinobacterium,65,0.0003819668738461538,forecasted
3818,Copenaghen_RD,Janthinobacterium,65,0.00063603,forecasted
3819,Copenaghen_RL,Janthinobacterium,65,0.0007627869230769231,forecasted
3820,Rome,Janthinobacterium,65,,forecasted
3821,Rotterdam,Janthinobacterium,65,0.0003819668738461538,forecasted
3822,Bologna,Janthinobacterium,66,,forecasted
3823,Budapest,Janthinobacterium,66,,forecasted
3824,Copenaghen_RA,Janthinobacterium,66,,forecasted
3825,Copenaghen_RD,Janthinobacterium,66,,forecasted
3826,Copenaghen_RL,Janthinobacterium,66,,forecasted
3827,Rome,Janthinobacterium,66,0.0024396811625,forecasted
3828,Rotterdam,Janthinobacterium,66,,forecasted
3829,Bologna,Janthinobacterium,67,0.0013643084807692307,forecasted
3830,Budapest,Janthinobacterium,67,0.0016064893653846154,forecasted
3831,Copenaghen_RA,Janthinobacterium,67,0.0007411078701153847,forecasted
3832,Copenaghen_RD,Janthinobacterium,67,0.001122127596153846,forecasted
3833,Copenaghen_RL,Janthinobacterium,67,0.0007411078701153847,forecasted
3834,Rome,Janthinobacterium,67,,forecasted
3835,Rotterdam,Janthinobacterium,67,,forecasted
3836,Bologna,Janthinobacterium,68,,forecasted
3837,Budapest,Janthinobacterium,68,0.0023641254999999996,forecasted
3838,Copenaghen_RA,Janthinobacterium,68,0.000882012120076923,forecasted
3839,Copenaghen_RD,Janthinobacterium,68,0.004336004269230769,forecasted
3840,Copenaghen_RL,Janthinobacterium,68,0.007047337576923078,forecasted
3841,Rome,Janthinobacterium,68,0.004582489115384615,forecasted
3842,Rotterdam,Janthinobacterium,68,0.000882012120076923,forecasted
3843,Bologna,Janthinobacterium,69,0.0010870000576923078,forecasted
3844,Budapest,Janthinobacterium,69,0.0013310542884615384,forecasted
3845,Copenaghen_RA,Janthinobacterium,69,0.0007206014410384616,forecasted
3846,Copenaghen_RD,Janthinobacterium,69,0.0007206014410384616,forecasted
3847,Copenaghen_RL,Janthinobacterium,69,0.0010381892115384614,forecasted
3848,Rome,Janthinobacterium,69,,forecasted
3849,Rotterdam,Janthinobacterium,69,,forecasted
3850,Bologna,Janthinobacterium,70,0.0007116624038461538,forecasted
3851,Budapest,Janthinobacterium,70,0.0006910502115384616,forecasted
3852,Copenaghen_RA,Janthinobacterium,70,0.0007528867884615385,forecasted
3853,Copenaghen_RD,Janthinobacterium,70,0.0007322745961538462,forecasted
3854,Copenaghen_RL,Janthinobacterium,70,0.0006498258269230769,forecasted
3855,Rome,Janthinobacterium,70,0.0007322745961538462,forecasted
3856,Rotterdam,Janthinobacterium,70,0.0007322745961538462,forecasted
3857,Bologna,Janthinobacterium,71,0.0007812353653846153,forecasted
3858,Budapest,Janthinobacterium,71,0.000802271173076923,forecasted
3859,Copenaghen_RA,Janthinobacterium,71,0.0007601995576923076,forecasted
3860,Copenaghen_RD,Janthinobacterium,71,0.0007601995576923076,forecasted
3861,Copenaghen_RL,Janthinobacterium,71,0.0008233069807692307,forecasted
3862,Rome,Janthinobacterium,71,0.0007601995576923076,forecasted
3863,Rotterdam,Janthinobacterium,71,0.0007812353653846153,forecasted
3864,Bologna,Janthinobacterium,72,0.0014207407499999998,forecasted
3865,Budapest,Janthinobacterium,72,0.0014207407499999998,forecasted
3866,Copenaghen_RA,Janthinobacterium,72,0.0014207407499999998,forecasted
3867,Copenaghen_RD,Janthinobacterium,72,0.00146109325,forecasted
3868,Copenaghen_RL,Janthinobacterium,72,0.00146109325,forecasted
3869,Rome,Janthinobacterium,72,0.0014207407499999998,forecasted
3870,Rotterdam,Janthinobacterium,72,0.00150144575,forecasted
3871,Bologna,Janthinobacterium,73,0.01095574375,forecasted
3872,Budapest,Janthinobacterium,73,0.004018450096153846,forecasted
3873,Copenaghen_RA,Janthinobacterium,73,0.0026129544018846152,forecasted
3874,Copenaghen_RD,Janthinobacterium,73,0.016505578673076924,forecasted
3875,Copenaghen_RL,Janthinobacterium,73,0.01789303740384615,forecasted
3876,Rome,Janthinobacterium,73,0.01789303740384615,forecasted
3877,Rotterdam,Janthinobacterium,73,0.004018450096153846,forecasted
3878,Bologna,Janthinobacterium,74,0.0012040581923076924,forecasted
3879,Budapest,Janthinobacterium,74,0.0016134040384615383,forecasted
3880,Copenaghen_RA,Janthinobacterium,74,0.0009993852692307692,forecasted
3881,Copenaghen_RD,Janthinobacterium,74,0.0009993852692307692,forecasted
3882,Copenaghen_RL,Janthinobacterium,74,0.001562235807692308,forecasted
3883,Rome,Janthinobacterium,74,0.0012552264230769232,forecasted
3884,Rotterdam,Janthinobacterium,74,0.0010505535,forecasted
3885,Bologna,Janthinobacterium,75,0.004958585634615385,forecasted
3886,Budapest,Janthinobacterium,75,0.003920410826923077,forecasted
3887,Copenaghen_RA,Janthinobacterium,75,0.0059967604423076925,forecasted
3888,Copenaghen_RD,Janthinobacterium,75,0.004958585634615385,forecasted
3889,Copenaghen_RL,Janthinobacterium,75,0.004958585634615385,forecasted
3890,Rome,Janthinobacterium,75,0.004958585634615385,forecasted
3891,Rotterdam,Janthinobacterium,75,0.003920410826923077,forecasted
3892,Bologna,Janthinobacterium,77,0.0009834270192307691,forecasted
3893,Budapest,Janthinobacterium,77,0.0009487853653846154,forecasted
3894,Copenaghen_RA,Janthinobacterium,77,0.0008795020576923077,forecasted
3895,Copenaghen_RD,Janthinobacterium,77,0.0009141437115384616,forecasted
3896,Copenaghen_RL,Janthinobacterium,77,0.0008795020576923077,forecasted
3897,Rome,Janthinobacterium,77,0.0009141437115384616,forecasted
3898,Rotterdam,Janthinobacterium,77,0.0008795020576923077,forecasted
3899,Bologna,Janthinobacterium,78,0.0023295456250000002,forecasted
3900,Budapest,Janthinobacterium,78,0.0023295456250000002,forecasted
3901,Copenaghen_RA,Janthinobacterium,78,0.0023295456250000002,forecasted
3902,Copenaghen_RD,Janthinobacterium,78,0.0026246703749999998,forecasted
3903,Copenaghen_RL,Janthinobacterium,78,0.0026246703749999998,forecasted
3904,Rome,Janthinobacterium,78,0.002034420875,forecasted
3905,Rotterdam,Janthinobacterium,78,0.002034420875,forecasted
3906,Bologna,Janthinobacterium,79,0.0008600906346153845,forecasted
3907,Budapest,Janthinobacterium,79,0.0008652212115384614,forecasted
3908,Copenaghen_RA,Janthinobacterium,79,0.0008652212115384614,forecasted
3909,Copenaghen_RD,Janthinobacterium,79,0.0008703517884615384,forecasted
3910,Copenaghen_RL,Janthinobacterium,79,0.0008652212115384614,forecasted
3911,Rome,Janthinobacterium,79,0.0008652212115384614,forecasted
3912,Rotterdam,Janthinobacterium,79,0.0008652212115384614,forecasted
3913,Bologna,Janthinobacterium,80,0.0013925691538461539,forecasted
3914,Budapest,Janthinobacterium,80,0.0013189894615384615,forecasted
3915,Copenaghen_RA,Janthinobacterium,80,0.0012454097692307692,forecasted
3916,Copenaghen_RD,Janthinobacterium,80,0.0010982503846153845,forecasted
3917,Copenaghen_RL,Janthinobacterium,80,0.0013189894615384615,forecasted
3918,Rome,Janthinobacterium,80,0.0011718300769230769,forecasted
3919,Rotterdam,Janthinobacterium,80,0.0012454097692307692,forecasted
3920,Bologna,Janthinobacterium,81,0.0005180620192307692,forecasted
3921,Budapest,Janthinobacterium,81,0.0005180620192307692,forecasted
3922,Copenaghen_RA,Janthinobacterium,81,0.0005180620192307692,forecasted
3923,Copenaghen_RD,Janthinobacterium,81,0.0005008649807692308,forecasted
3924,Copenaghen_RL,Janthinobacterium,81,0.0005008649807692308,forecasted
3925,Rome,Janthinobacterium,81,0.0005008649807692308,forecasted
3926,Rotterdam,Janthinobacterium,81,0.0005008649807692308,forecasted
3927,Bologna,Janthinobacterium,82,0.0119413245,forecasted
3928,Budapest,Janthinobacterium,82,0.013668693961538463,forecasted
3929,Copenaghen_RA,Janthinobacterium,82,0.0119413245,forecasted
3930,Copenaghen_RD,Janthinobacterium,82,0.013668693961538463,forecasted
3931,Copenaghen_RL,Janthinobacterium,82,0.01021395503846154,forecasted
3932,Rome,Janthinobacterium,82,0.013668693961538463,forecasted
3933,Rotterdam,Janthinobacterium,82,0.0119413245,forecasted
3934,Bologna,Janthinobacterium,83,0.017042862,forecasted
3935,Budapest,Janthinobacterium,83,0.014516975692307692,forecasted
3936,Copenaghen_RA,Janthinobacterium,83,0.022094634615384613,forecasted
3937,Copenaghen_RD,Janthinobacterium,83,0.017042862,forecasted
3938,Copenaghen_RL,Janthinobacterium,83,0.019568748307692306,forecasted
3939,Rome,Janthinobacterium,83,0.014516975692307692,forecasted
3940,Rotterdam,Janthinobacterium,83,0.017042862,forecasted
3941,Bologna,Janthinobacterium,84,0.0007424434433846154,forecasted
3942,Budapest,Janthinobacterium,84,0.0007424434433846154,forecasted
3943,Copenaghen_RA,Janthinobacterium,84,0.0007424434433846154,forecasted
3944,Copenaghen_RD,Janthinobacterium,84,0.0007424434433846154,forecasted
3945,Copenaghen_RL,Janthinobacterium,84,0.0007424434433846154,forecasted
3946,Rome,Janthinobacterium,84,0.0007424434433846154,forecasted
3947,Rotterdam,Janthinobacterium,84,0.0007424434433846154,forecasted
3948,Bologna,Janthinobacterium,85,0.001561015326923077,forecasted
3949,Budapest,Janthinobacterium,85,0.0016338254423076924,forecasted
3950,Copenaghen_RA,Janthinobacterium,85,0.0016338254423076924,forecasted
3951,Copenaghen_RD,Janthinobacterium,85,0.0016338254423076924,forecasted
3952,Copenaghen_RL,Janthinobacterium,85,0.001779445673076923,forecasted
3953,Rome,Janthinobacterium,85,0.0017066355576923077,forecasted
3954,Rotterdam,Janthinobacterium,85,0.001779445673076923,forecasted
3955,Bologna,Janthinobacterium,86,0.04055454780769231,forecasted
3956,Budapest,Janthinobacterium,86,0.04055454780769231,forecasted
3957,Copenaghen_RA,Janthinobacterium,86,0.04473416488461539,forecasted
3958,Copenaghen_RD,Janthinobacterium,86,0.03637493073076923,forecasted
3959,Copenaghen_RL,Janthinobacterium,86,0.038464739269230774,forecasted
3960,Rome,Janthinobacterium,86,0.038464739269230774,forecasted
3961,Rotterdam,Janthinobacterium,86,0.03637493073076923,forecasted
3962,Bologna,Janthinobacterium,87,0.0029772708653846153,forecasted
3963,Budapest,Janthinobacterium,87,0.002602676673076923,forecasted
3964,Copenaghen_RA,Janthinobacterium,87,0.0032270003269230766,forecasted
3965,Copenaghen_RD,Janthinobacterium,87,0.0029772708653846153,forecasted
3966,Copenaghen_RL,Janthinobacterium,87,0.0029772708653846153,forecasted
3967,Rome,Janthinobacterium,87,0.0027275414038461536,forecasted
3968,Rotterdam,Janthinobacterium,87,0.002477811942307692,forecasted
3969,Bologna,Janthinobacterium,88,0.0011414731153846153,forecasted
3970,Budapest,Janthinobacterium,88,0.001147032653846154,forecasted
3971,Copenaghen_RA,Janthinobacterium,88,0.0011414731153846153,forecasted
3972,Copenaghen_RD,Janthinobacterium,88,0.0011442528846153845,forecasted
3973,Copenaghen_RL,Janthinobacterium,88,0.0011359135769230767,forecasted
3974,Rome,Janthinobacterium,88,0.0011442528846153845,forecasted
3975,Rotterdam,Janthinobacterium,88,0.0011414731153846153,forecasted
3976,Bologna,Janthinobacterium,89,0.0011360563038461538,forecasted
3977,Budapest,Janthinobacterium,89,0.0011360563038461538,forecasted
3978,Copenaghen_RA,Janthinobacterium,89,0.0011360563038461538,forecasted
3979,Copenaghen_RD,Janthinobacterium,89,0.0011360563038461538,forecasted
3980,Copenaghen_RL,Janthinobacterium,89,0.0011360563038461538,forecasted
3981,Rome,Janthinobacterium,89,0.0011360563038461538,forecasted
3982,Rotterdam,Janthinobacterium,89,0.0011360563038461538,forecasted
3983,Bologna,Janthinobacterium,90,0.0024368596538461534,forecasted
3984,Budapest,Janthinobacterium,90,0.0023031109615384614,forecasted
3985,Copenaghen_RA,Janthinobacterium,90,0.0024368596538461534,forecasted
3986,Copenaghen_RD,Janthinobacterium,90,0.0023031109615384614,forecasted
3987,Copenaghen_RL,Janthinobacterium,90,0.0024368596538461534,forecasted
3988,Rome,Janthinobacterium,90,0.0023031109615384614,forecasted
3989,Rotterdam,Janthinobacterium,90,0.0024368596538461534,forecasted
3990,Bologna,Kaistella,60,,forecasted
3991,Budapest,Kaistella,60,,forecasted
3992,Copenaghen_RA,Kaistella,60,,forecasted
3993,Copenaghen_RD,Kaistella,60,0.012536796019230769,forecasted
3994,Copenaghen_RL,Kaistella,60,0.009116673709653845,forecasted
3995,Rome,Kaistella,60,0.017660318903846155,forecasted
3996,Rotterdam,Kaistella,60,,forecasted
3997,Bologna,Kaistella,61,0.0018242344234615385,forecasted
3998,Budapest,Kaistella,61,,forecasted
3999,Copenaghen_RA,Kaistella,61,0.002747957653846154,forecasted
4000,Copenaghen_RD,Kaistella,61,0.004707684961538461,forecasted
4001,Copenaghen_RL,Kaistella,61,0.0039007384230769224,forecasted
4002,Rome,Kaistella,61,,forecasted
4003,Rotterdam,Kaistella,61,,forecasted
4004,Bologna,Kaistella,62,,forecasted
4005,Budapest,Kaistella,62,,forecasted
4006,Copenaghen_RA,Kaistella,62,,forecasted
4007,Copenaghen_RD,Kaistella,62,,forecasted
4008,Copenaghen_RL,Kaistella,62,,forecasted
4009,Rome,Kaistella,62,0.018369063942307695,forecasted
4010,Rotterdam,Kaistella,62,0.0022412789681923078,forecasted
4011,Bologna,Kaistella,63,0.0065095840192307694,forecasted
4012,Budapest,Kaistella,63,,forecasted
4013,Copenaghen_RA,Kaistella,63,,forecasted
4014,Copenaghen_RD,Kaistella,63,,forecasted
4015,Copenaghen_RL,Kaistella,63,0.005288238626961538,forecasted
4016,Rome,Kaistella,63,0.015427472711538463,forecasted
4017,Rotterdam,Kaistella,63,,forecasted
4018,Bologna,Kaistella,64,,forecasted
4019,Budapest,Kaistella,64,,forecasted
4020,Copenaghen_RA,Kaistella,64,0.011328880269230769,forecasted
4021,Copenaghen_RD,Kaistella,64,0.008259489115384617,forecasted
4022,Copenaghen_RL,Kaistella,64,0.005190097961538462,forecasted
4023,Rome,Kaistella,64,,forecasted
4024,Rotterdam,Kaistella,64,0.002798360165769231,forecasted
4025,Bologna,Kaistella,65,0.0038285067884615384,forecasted
4026,Budapest,Kaistella,65,,forecasted
4027,Copenaghen_RA,Kaistella,65,0.007905472365384615,forecasted
4028,Copenaghen_RD,Kaistella,65,0.016641827173076926,forecasted
4029,Copenaghen_RL,Kaistella,65,0.010817590634615383,forecasted
4030,Rome,Kaistella,65,,forecasted
4031,Rotterdam,Kaistella,65,0.002073664319423077,forecasted
4032,Bologna,Kaistella,66,,forecasted
4033,Budapest,Kaistella,66,,forecasted
4034,Copenaghen_RA,Kaistella,66,,forecasted
4035,Copenaghen_RD,Kaistella,66,,forecasted
4036,Copenaghen_RL,Kaistella,66,,forecasted
4037,Rome,Kaistella,66,0.01843115008234615,forecasted
4038,Rotterdam,Kaistella,66,,forecasted
4039,Bologna,Kaistella,67,0.004095348384615385,forecasted
4040,Budapest,Kaistella,67,0.0028893543432307696,forecasted
4041,Copenaghen_RA,Kaistella,67,0.006897193153846153,forecasted
4042,Copenaghen_RD,Kaistella,67,0.012901146230769229,forecasted
4043,Copenaghen_RL,Kaistella,67,0.006496929615384615,forecasted
4044,Rome,Kaistella,67,,forecasted
4045,Rotterdam,Kaistella,67,,forecasted
4046,Bologna,Kaistella,68,,forecasted
4047,Budapest,Kaistella,68,0.0029858230273846157,forecasted
4048,Copenaghen_RA,Kaistella,68,0.005241310538461538,forecasted
4049,Copenaghen_RD,Kaistella,68,0.011423808076923078,forecasted
4050,Copenaghen_RL,Kaistella,68,0.017044260384615387,forecasted
4051,Rome,Kaistella,68,0.017044260384615387,forecasted
4052,Rotterdam,Kaistella,68,0.003555174846153846,forecasted
4053,Bologna,Kaistella,69,0.0015273435169615385,forecasted
4054,Budapest,Kaistella,69,0.00248237975,forecasted
4055,Copenaghen_RA,Kaistella,69,0.004705979826923077,forecasted
4056,Copenaghen_RD,Kaistella,69,0.004705979826923077,forecasted
4057,Copenaghen_RL,Kaistella,69,0.0055001227115384615,forecasted
4058,Rome,Kaistella,69,,forecasted
4059,Rotterdam,Kaistella,69,,forecasted
4060,Bologna,Kaistella,70,0.004599084192307692,forecasted
4061,Budapest,Kaistella,70,0.004147472038461539,forecasted
4062,Copenaghen_RA,Kaistella,70,0.004599084192307692,forecasted
4063,Copenaghen_RD,Kaistella,70,0.004373278115384616,forecasted
4064,Copenaghen_RL,Kaistella,70,0.004373278115384616,forecasted
4065,Rome,Kaistella,70,0.004599084192307692,forecasted
4066,Rotterdam,Kaistella,70,0.00482489026923077,forecasted
4067,Bologna,Kaistella,71,0.010466019192307692,forecasted
4068,Budapest,Kaistella,71,0.010466019192307692,forecasted
4069,Copenaghen_RA,Kaistella,71,0.009651712346153847,forecasted
4070,Copenaghen_RD,Kaistella,71,0.010466019192307692,forecasted
4071,Copenaghen_RL,Kaistella,71,0.011280326038461538,forecasted
4072,Rome,Kaistella,71,0.012094632884615384,forecasted
4073,Rotterdam,Kaistella,71,0.011280326038461538,forecasted
4074,Bologna,Kaistella,72,0.003978143711538461,forecasted
4075,Budapest,Kaistella,72,0.003978143711538461,forecasted
4076,Copenaghen_RA,Kaistella,72,0.004517200557692308,forecasted
4077,Copenaghen_RD,Kaistella,72,0.004247672134615384,forecasted
4078,Copenaghen_RL,Kaistella,72,0.003708615288461538,forecasted
4079,Rome,Kaistella,72,0.003708615288461538,forecasted
4080,Rotterdam,Kaistella,72,0.003708615288461538,forecasted
4081,Bologna,Kaistella,73,0.005385174326923077,forecasted
4082,Budapest,Kaistella,73,0.0058936383653846154,forecasted
4083,Copenaghen_RA,Kaistella,73,0.005385174326923077,forecasted
4084,Copenaghen_RD,Kaistella,73,0.004876710288461539,forecasted
4085,Copenaghen_RL,Kaistella,73,0.004876710288461539,forecasted
4086,Rome,Kaistella,73,0.004876710288461539,forecasted
4087,Rotterdam,Kaistella,73,0.004876710288461539,forecasted
4088,Bologna,Kaistella,74,0.0027316499615384618,forecasted
4089,Budapest,Kaistella,74,0.0038684473461538466,forecasted
4090,Copenaghen_RA,Kaistella,74,0.003300048653846154,forecasted
4091,Copenaghen_RD,Kaistella,74,0.0036789811153846155,forecasted
4092,Copenaghen_RL,Kaistella,74,0.0034895148846153844,forecasted
4093,Rome,Kaistella,74,0.0034895148846153844,forecasted
4094,Rotterdam,Kaistella,74,0.0036789811153846155,forecasted
4095,Bologna,Kaistella,75,0.007250180961538462,forecasted
4096,Budapest,Kaistella,75,0.005834534653846154,forecasted
4097,Copenaghen_RA,Kaistella,75,0.006542357807692308,forecasted
4098,Copenaghen_RD,Kaistella,75,0.007250180961538462,forecasted
4099,Copenaghen_RL,Kaistella,75,0.006542357807692308,forecasted
4100,Rome,Kaistella,75,0.00866582726923077,forecasted
4101,Rotterdam,Kaistella,75,0.007250180961538462,forecasted
4102,Bologna,Kaistella,77,0.004546832596153846,forecasted
4103,Budapest,Kaistella,77,0.0021553424807692306,forecasted
4104,Copenaghen_RA,Kaistella,77,0.007155730903846153,forecasted
4105,Copenaghen_RD,Kaistella,77,0.007155730903846153,forecasted
4106,Copenaghen_RL,Kaistella,77,0.007155730903846153,forecasted
4107,Rome,Kaistella,77,0.004546832596153846,forecasted
4108,Rotterdam,Kaistella,77,0.0021553424807692306,forecasted
4109,Bologna,Kaistella,78,0.006588371615384615,forecasted
4110,Budapest,Kaistella,78,0.006588371615384615,forecasted
4111,Copenaghen_RA,Kaistella,78,0.006381820846153845,forecasted
4112,Copenaghen_RD,Kaistella,78,0.006588371615384615,forecasted
4113,Copenaghen_RL,Kaistella,78,0.006381820846153845,forecasted
4114,Rome,Kaistella,78,0.006794922384615384,forecasted
4115,Rotterdam,Kaistella,78,0.006588371615384615,forecasted
4116,Bologna,Kaistella,79,0.0012469379615384617,forecasted
4117,Budapest,Kaistella,79,0.0012405140384615385,forecasted
4118,Copenaghen_RA,Kaistella,79,0.0012276661923076924,forecasted
4119,Copenaghen_RD,Kaistella,79,0.0012533618846153846,forecasted
4120,Copenaghen_RL,Kaistella,79,0.0012533618846153846,forecasted
4121,Rome,Kaistella,79,0.0012340901153846152,forecasted
4122,Rotterdam,Kaistella,79,0.0012469379615384617,forecasted
4123,Bologna,Kaistella,80,0.0016949352769230772,forecasted
4124,Budapest,Kaistella,80,0.0015414469076923082,forecasted
4125,Copenaghen_RA,Kaistella,80,0.002155400384615385,forecasted
4126,Copenaghen_RD,Kaistella,80,0.002001912015384616,forecasted
4127,Copenaghen_RL,Kaistella,80,0.002001912015384616,forecasted
4128,Rome,Kaistella,80,0.0018484236461538467,forecasted
4129,Rotterdam,Kaistella,80,0.0018484236461538467,forecasted
4130,Bologna,Kaistella,81,0.002691209326923077,forecasted
4131,Budapest,Kaistella,81,0.0025588221346153845,forecasted
4132,Copenaghen_RA,Kaistella,81,0.0028235965192307693,forecasted
4133,Copenaghen_RD,Kaistella,81,0.002691209326923077,forecasted
4134,Copenaghen_RL,Kaistella,81,0.002691209326923077,forecasted
4135,Rome,Kaistella,81,0.002691209326923077,forecasted
4136,Rotterdam,Kaistella,81,0.0025588221346153845,forecasted
4137,Bologna,Kaistella,82,0.005902048134615385,forecasted
4138,Budapest,Kaistella,82,0.005275290326923077,forecasted
4139,Copenaghen_RA,Kaistella,82,0.005484209596153846,forecasted
4140,Copenaghen_RD,Kaistella,82,0.005902048134615385,forecasted
4141,Copenaghen_RL,Kaistella,82,0.005275290326923077,forecasted
4142,Rome,Kaistella,82,0.005693128865384616,forecasted
4143,Rotterdam,Kaistella,82,0.005693128865384616,forecasted
4144,Bologna,Kaistella,83,0.0074299549999999985,forecasted
4145,Budapest,Kaistella,83,0.0074299549999999985,forecasted
4146,Copenaghen_RA,Kaistella,83,0.008487910538461537,forecasted
4147,Copenaghen_RD,Kaistella,83,0.0074299549999999985,forecasted
4148,Copenaghen_RL,Kaistella,83,0.0074299549999999985,forecasted
4149,Rome,Kaistella,83,0.008487910538461537,forecasted
4150,Rotterdam,Kaistella,83,0.0074299549999999985,forecasted
4151,Bologna,Kaistella,84,0.00030412130257692307,forecasted
4152,Budapest,Kaistella,84,0.00030412130257692307,forecasted
4153,Copenaghen_RA,Kaistella,84,0.00030412130257692307,forecasted
4154,Copenaghen_RD,Kaistella,84,0.00030412130257692307,forecasted
4155,Copenaghen_RL,Kaistella,84,0.00030412130257692307,forecasted
4156,Rome,Kaistella,84,0.00030412130257692307,forecasted
4157,Rotterdam,Kaistella,84,0.00030412130257692307,forecasted
4158,Bologna,Kaistella,85,0.005476253846153847,forecasted
4159,Budapest,Kaistella,85,0.005092004153846154,forecasted
4160,Copenaghen_RA,Kaistella,85,0.005476253846153847,forecasted
4161,Copenaghen_RD,Kaistella,85,0.005092004153846154,forecasted
4162,Copenaghen_RL,Kaistella,85,0.004707754461538462,forecasted
4163,Rome,Kaistella,85,0.005092004153846154,forecasted
4164,Rotterdam,Kaistella,85,0.005476253846153847,forecasted
4165,Bologna,Kaistella,86,0.0031516899807692306,forecasted
4166,Budapest,Kaistella,86,0.0031516899807692306,forecasted
4167,Copenaghen_RA,Kaistella,86,0.003447151711538461,forecasted
4168,Copenaghen_RD,Kaistella,86,0.0031516899807692306,forecasted
4169,Copenaghen_RL,Kaistella,86,0.002560766519230769,forecasted
4170,Rome,Kaistella,86,0.0031516899807692306,forecasted
4171,Rotterdam,Kaistella,86,0.0028562282499999996,forecasted
4172,Bologna,Kaistella,87,0.0060206032115384615,forecasted
4173,Budapest,Kaistella,87,0.005796960634615385,forecasted
4174,Copenaghen_RA,Kaistella,87,0.0060206032115384615,forecasted
4175,Copenaghen_RD,Kaistella,87,0.006244245788461539,forecasted
4176,Copenaghen_RL,Kaistella,87,0.0060206032115384615,forecasted
4177,Rome,Kaistella,87,0.005573318057692307,forecasted
4178,Rotterdam,Kaistella,87,0.0064678883653846156,forecasted
4179,Bologna,Kaistella,88,0.0022912934615384618,forecasted
4180,Budapest,Kaistella,88,0.002230800538461538,forecasted
4181,Copenaghen_RA,Kaistella,88,0.002271129153846154,forecasted
4182,Copenaghen_RD,Kaistella,88,0.002271129153846154,forecasted
4183,Copenaghen_RL,Kaistella,88,0.002271129153846154,forecasted
4184,Rome,Kaistella,88,0.002250964846153846,forecasted
4185,Rotterdam,Kaistella,88,0.0022106362307692307,forecasted
4186,Bologna,Kaistella,89,0.00014423945211538463,forecasted
4187,Budapest,Kaistella,89,0.00014423945211538463,forecasted
4188,Copenaghen_RA,Kaistella,89,0.00014423945211538463,forecasted
4189,Copenaghen_RD,Kaistella,89,0.00014423945211538463,forecasted
4190,Copenaghen_RL,Kaistella,89,0.00014423945211538463,forecasted
4191,Rome,Kaistella,89,0.00014423945211538463,forecasted
4192,Rotterdam,Kaistella,89,0.00014423945211538463,forecasted
4193,Bologna,Kaistella,90,0.00967651126923077,forecasted
4194,Budapest,Kaistella,90,0.010647321653846156,forecasted
4195,Copenaghen_RA,Kaistella,90,0.010647321653846156,forecasted
4196,Copenaghen_RD,Kaistella,90,0.00967651126923077,forecasted
4197,Copenaghen_RL,Kaistella,90,0.010647321653846156,forecasted
4198,Rome,Kaistella,90,0.00967651126923077,forecasted
4199,Rotterdam,Kaistella,90,0.00967651126923077,forecasted
4200,Bologna,Lactococcus_A,60,,forecasted
4201,Budapest,Lactococcus_A,60,,forecasted
4202,Copenaghen_RA,Lactococcus_A,60,,forecasted
4203,Copenaghen_RD,Lactococcus_A,60,0.028118764519230767,forecasted
4204,Copenaghen_RL,Lactococcus_A,60,0.009756334173076923,forecasted
4205,Rome,Lactococcus_A,60,0.0011011486222692309,forecasted
4206,Rotterdam,Lactococcus_A,60,,forecasted
4207,Bologna,Lactococcus_A,61,0.00024517831100000003,forecasted
4208,Budapest,Lactococcus_A,61,,forecasted
4209,Copenaghen_RA,Lactococcus_A,61,0.0014435465000000001,forecasted
4210,Copenaghen_RD,Lactococcus_A,61,0.0023408644999999995,forecasted
4211,Copenaghen_RL,Lactococcus_A,61,0.0039859475,forecasted
4212,Rome,Lactococcus_A,61,,forecasted
4213,Rotterdam,Lactococcus_A,61,,forecasted
4214,Bologna,Lactococcus_A,62,,forecasted
4215,Budapest,Lactococcus_A,62,,forecasted
4216,Copenaghen_RA,Lactococcus_A,62,,forecasted
4217,Copenaghen_RD,Lactococcus_A,62,,forecasted
4218,Copenaghen_RL,Lactococcus_A,62,,forecasted
4219,Rome,Lactococcus_A,62,0.0008869565969615384,forecasted
4220,Rotterdam,Lactococcus_A,62,0.030243928711538463,forecasted
4221,Bologna,Lactococcus_A,63,0.00044214612999999995,forecasted
4222,Budapest,Lactococcus_A,63,,forecasted
4223,Copenaghen_RA,Lactococcus_A,63,,forecasted
4224,Copenaghen_RD,Lactococcus_A,63,,forecasted
4225,Copenaghen_RL,Lactococcus_A,63,0.016550268,forecasted
4226,Rome,Lactococcus_A,63,0.00044214612999999995,forecasted
4227,Rotterdam,Lactococcus_A,63,,forecasted
4228,Bologna,Lactococcus_A,64,,forecasted
4229,Budapest,Lactococcus_A,64,,forecasted
4230,Copenaghen_RA,Lactococcus_A,64,0.006992157205,forecasted
4231,Copenaghen_RD,Lactococcus_A,64,0.006992157205,forecasted
4232,Copenaghen_RL,Lactococcus_A,64,0.0174438885,forecasted
4233,Rome,Lactococcus_A,64,,forecasted
4234,Rotterdam,Lactococcus_A,64,0.0207421785,forecasted
4235,Bologna,Lactococcus_A,65,0.0008453904600384617,forecasted
4236,Budapest,Lactococcus_A,65,,forecasted
4237,Copenaghen_RA,Lactococcus_A,65,0.015930240826923077,forecasted
4238,Copenaghen_RD,Lactococcus_A,65,0.011743028711538463,forecasted
4239,Copenaghen_RL,Lactococcus_A,65,0.021792337788461538,forecasted
4240,Rome,Lactococcus_A,65,,forecasted
4241,Rotterdam,Lactococcus_A,65,0.0008453904600384617,forecasted
4242,Bologna,Lactococcus_A,66,,forecasted
4243,Budapest,Lactococcus_A,66,,forecasted
4244,Copenaghen_RA,Lactococcus_A,66,,forecasted
4245,Copenaghen_RD,Lactococcus_A,66,,forecasted
4246,Copenaghen_RL,Lactococcus_A,66,,forecasted
4247,Rome,Lactococcus_A,66,0.0003350621125,forecasted
4248,Rotterdam,Lactococcus_A,66,,forecasted
4249,Bologna,Lactococcus_A,67,0.003998761,forecasted
4250,Budapest,Lactococcus_A,67,0.0007392709630769231,forecasted
4251,Copenaghen_RA,Lactococcus_A,67,0.011587794846153847,forecasted
4252,Copenaghen_RD,Lactococcus_A,67,0.014298164076923078,forecasted
4253,Copenaghen_RL,Lactococcus_A,67,0.009419499461538462,forecasted
4254,Rome,Lactococcus_A,67,,forecasted
4255,Rotterdam,Lactococcus_A,67,,forecasted
4256,Bologna,Lactococcus_A,68,,forecasted
4257,Budapest,Lactococcus_A,68,0.0008697489038461538,forecasted
4258,Copenaghen_RA,Lactococcus_A,68,0.010416307365384615,forecasted
4259,Copenaghen_RD,Lactococcus_A,68,0.00802966775,forecasted
4260,Copenaghen_RL,Lactococcus_A,68,0.00842744101923077,forecasted
4261,Rome,Lactococcus_A,68,0.0004668045821153846,forecasted
4262,Rotterdam,Lactococcus_A,68,0.00842744101923077,forecasted
4263,Bologna,Lactococcus_A,69,0.0009513481672307692,forecasted
4264,Budapest,Lactococcus_A,69,0.0009513481672307692,forecasted
4265,Copenaghen_RA,Lactococcus_A,69,0.022382875230769234,forecasted
4266,Copenaghen_RD,Lactococcus_A,69,0.009530642153846153,forecasted
4267,Copenaghen_RL,Lactococcus_A,69,0.009530642153846153,forecasted
4268,Rome,Lactococcus_A,69,,forecasted
4269,Rotterdam,Lactococcus_A,69,,forecasted
4270,Bologna,Lactococcus_A,70,0.007910465038461538,forecasted
4271,Budapest,Lactococcus_A,70,0.007910465038461538,forecasted
4272,Copenaghen_RA,Lactococcus_A,70,0.007910465038461538,forecasted
4273,Copenaghen_RD,Lactococcus_A,70,0.007910465038461538,forecasted
4274,Copenaghen_RL,Lactococcus_A,70,0.007910465038461538,forecasted
4275,Rome,Lactococcus_A,70,0.00828518773076923,forecasted
4276,Rotterdam,Lactococcus_A,70,0.00828518773076923,forecasted
4277,Bologna,Lactococcus_A,71,0.010486331365384616,forecasted
4278,Budapest,Lactococcus_A,71,0.009779884788461538,forecasted
4279,Copenaghen_RA,Lactococcus_A,71,0.010486331365384616,forecasted
4280,Copenaghen_RD,Lactococcus_A,71,0.00907343821153846,forecasted
4281,Copenaghen_RL,Lactococcus_A,71,0.010486331365384616,forecasted
4282,Rome,Lactococcus_A,71,0.010486331365384616,forecasted
4283,Rotterdam,Lactococcus_A,71,0.009779884788461538,forecasted
4284,Bologna,Lactococcus_A,72,0.005567049192307692,forecasted
4285,Budapest,Lactococcus_A,72,0.006036301730769231,forecasted
4286,Copenaghen_RA,Lactococcus_A,72,0.004159291576923076,forecasted
4287,Copenaghen_RD,Lactococcus_A,72,0.004628544115384615,forecasted
4288,Copenaghen_RL,Lactococcus_A,72,0.0036900390384615386,forecasted
4289,Rome,Lactococcus_A,72,0.004159291576923076,forecasted
4290,Rotterdam,Lactococcus_A,72,0.005097796653846153,forecasted
4291,Bologna,Lactococcus_A,73,0.004685833182692308,forecasted
4292,Budapest,Lactococcus_A,73,0.005223347086538462,forecasted
4293,Copenaghen_RA,Lactococcus_A,73,0.005760860990384616,forecasted
4294,Copenaghen_RD,Lactococcus_A,73,0.005223347086538462,forecasted
4295,Copenaghen_RL,Lactococcus_A,73,0.005760860990384616,forecasted
4296,Rome,Lactococcus_A,73,0.005760860990384616,forecasted
4297,Rotterdam,Lactococcus_A,73,0.004685833182692308,forecasted
4298,Bologna,Lactococcus_A,74,0.007568323807692308,forecasted
4299,Budapest,Lactococcus_A,74,0.0088981905,forecasted
4300,Copenaghen_RA,Lactococcus_A,74,0.007568323807692308,forecasted
4301,Copenaghen_RD,Lactococcus_A,74,0.0088981905,forecasted
4302,Copenaghen_RL,Lactococcus_A,74,0.0088981905,forecasted
4303,Rome,Lactococcus_A,74,0.010228057192307693,forecasted
4304,Rotterdam,Lactococcus_A,74,0.007568323807692308,forecasted
4305,Bologna,Lactococcus_A,75,0.005228353869230769,forecasted
4306,Budapest,Lactococcus_A,75,0.005228353869230769,forecasted
4307,Copenaghen_RA,Lactococcus_A,75,0.004685684346153846,forecasted
4308,Copenaghen_RD,Lactococcus_A,75,0.004143014823076923,forecasted
4309,Copenaghen_RL,Lactococcus_A,75,0.006313692915384615,forecasted
4310,Rome,Lactococcus_A,75,0.004685684346153846,forecasted
4311,Rotterdam,Lactococcus_A,75,0.004685684346153846,forecasted
4312,Bologna,Lactococcus_A,77,0.00039349746180769227,forecasted
4313,Budapest,Lactococcus_A,77,0.00039349746180769227,forecasted
4314,Copenaghen_RA,Lactococcus_A,77,0.010242172634615385,forecasted
4315,Copenaghen_RD,Lactococcus_A,77,0.010242172634615385,forecasted
4316,Copenaghen_RL,Lactococcus_A,77,0.010242172634615385,forecasted
4317,Rome,Lactococcus_A,77,0.007781603211538461,forecasted
4318,Rotterdam,Lactococcus_A,77,0.007289489326923077,forecasted
4319,Bologna,Lactococcus_A,78,0.004845688096153848,forecasted
4320,Budapest,Lactococcus_A,78,0.0042881666730769236,forecasted
4321,Copenaghen_RA,Lactococcus_A,78,0.008190816634615385,forecasted
4322,Copenaghen_RD,Lactococcus_A,78,0.00540320951923077,forecasted
4323,Copenaghen_RL,Lactococcus_A,78,0.008190816634615385,forecasted
4324,Rome,Lactococcus_A,78,0.007633295211538462,forecasted
4325,Rotterdam,Lactococcus_A,78,0.005960730942307694,forecasted
4326,Bologna,Lactococcus_A,79,0.0009632699615384615,forecasted
4327,Budapest,Lactococcus_A,79,0.0010865938076923078,forecasted
4328,Copenaghen_RA,Lactococcus_A,79,0.0008399461153846154,forecasted
4329,Copenaghen_RD,Lactococcus_A,79,0.0009016080384615385,forecasted
4330,Copenaghen_RL,Lactococcus_A,79,0.0009632699615384615,forecasted
4331,Rome,Lactococcus_A,79,0.0009632699615384615,forecasted
4332,Rotterdam,Lactococcus_A,79,0.0007782841923076923,forecasted
4333,Bologna,Lactococcus_A,80,0.00312720802,forecasted
4334,Budapest,Lactococcus_A,80,0.006971680216923078,forecasted
4335,Copenaghen_RA,Lactococcus_A,80,0.005530003143076924,forecasted
4336,Copenaghen_RD,Lactococcus_A,80,0.007932798266153847,forecasted
4337,Copenaghen_RL,Lactococcus_A,80,0.00408832606923077,forecasted
4338,Rome,Lactococcus_A,80,0.00408832606923077,forecasted
4339,Rotterdam,Lactococcus_A,80,0.005049444118461539,forecasted
4340,Bologna,Lactococcus_A,81,0.005498767117307693,forecasted
4341,Budapest,Lactococcus_A,81,0.006070301898076924,forecasted
4342,Copenaghen_RA,Lactococcus_A,81,0.006070301898076924,forecasted
4343,Copenaghen_RD,Lactococcus_A,81,0.004355697555769231,forecasted
4344,Copenaghen_RL,Lactococcus_A,81,0.004355697555769231,forecasted
4345,Rome,Lactococcus_A,81,0.004355697555769231,forecasted
4346,Rotterdam,Lactococcus_A,81,0.005498767117307693,forecasted
4347,Bologna,Lactococcus_A,82,0.004361509038461539,forecasted
4348,Budapest,Lactococcus_A,82,0.004361509038461539,forecasted
4349,Copenaghen_RA,Lactococcus_A,82,0.004361509038461539,forecasted
4350,Copenaghen_RD,Lactococcus_A,82,0.005385924807692307,forecasted
4351,Copenaghen_RL,Lactococcus_A,82,0.005385924807692307,forecasted
4352,Rome,Lactococcus_A,82,0.0047029809615384615,forecasted
4353,Rotterdam,Lactococcus_A,82,0.0047029809615384615,forecasted
4354,Bologna,Lactococcus_A,83,0.0018186012711538459,forecasted
4355,Budapest,Lactococcus_A,83,0.0013433556788461538,forecasted
4356,Copenaghen_RA,Lactococcus_A,83,0.0013433556788461538,forecasted
4357,Copenaghen_RD,Lactococcus_A,83,0.0011057328826923076,forecasted
4358,Copenaghen_RL,Lactococcus_A,83,0.0018186012711538459,forecasted
4359,Rome,Lactococcus_A,83,0.0015809784749999996,forecasted
4360,Rotterdam,Lactococcus_A,83,0.0018186012711538459,forecasted
4361,Bologna,Lactococcus_A,84,2.1937256226923078e-05,forecasted
4362,Budapest,Lactococcus_A,84,2.1937256226923078e-05,forecasted
4363,Copenaghen_RA,Lactococcus_A,84,2.1937256226923078e-05,forecasted
4364,Copenaghen_RD,Lactococcus_A,84,2.1937256226923078e-05,forecasted
4365,Copenaghen_RL,Lactococcus_A,84,2.1937256226923078e-05,forecasted
4366,Rome,Lactococcus_A,84,2.1937256226923078e-05,forecasted
4367,Rotterdam,Lactococcus_A,84,2.1937256226923078e-05,forecasted
4368,Bologna,Lactococcus_A,85,3.987739230769231e-05,forecasted
4369,Budapest,Lactococcus_A,85,3.987739230769231e-05,forecasted
4370,Copenaghen_RA,Lactococcus_A,85,4.0431669230769224e-05,forecasted
4371,Copenaghen_RD,Lactococcus_A,85,4.0431669230769224e-05,forecasted
4372,Copenaghen_RL,Lactococcus_A,85,4.0431669230769224e-05,forecasted
4373,Rome,Lactococcus_A,85,4.0431669230769224e-05,forecasted
4374,Rotterdam,Lactococcus_A,85,4.015453076923077e-05,forecasted
4375,Bologna,Lactococcus_A,86,0.0036007119230769234,forecasted
4376,Budapest,Lactococcus_A,86,0.0036007119230769234,forecasted
4377,Copenaghen_RA,Lactococcus_A,86,0.0036007119230769234,forecasted
4378,Copenaghen_RD,Lactococcus_A,86,0.003373300692307692,forecasted
4379,Copenaghen_RL,Lactococcus_A,86,0.003373300692307692,forecasted
4380,Rome,Lactococcus_A,86,0.003828123153846154,forecasted
4381,Rotterdam,Lactococcus_A,86,0.003828123153846154,forecasted
4382,Bologna,Lactococcus_A,87,6.379939615384615e-05,forecasted
4383,Budapest,Lactococcus_A,87,5.934981923076923e-05,forecasted
4384,Copenaghen_RA,Lactococcus_A,87,6.528258846153847e-05,forecasted
4385,Copenaghen_RD,Lactococcus_A,87,6.231620384615386e-05,forecasted
4386,Copenaghen_RL,Lactococcus_A,87,6.0833011538461543e-05,forecasted
4387,Rome,Lactococcus_A,87,6.379939615384615e-05,forecasted
4388,Rotterdam,Lactococcus_A,87,6.379939615384615e-05,forecasted
4389,Bologna,Lactococcus_A,88,0.0012053245192307693,forecasted
4390,Budapest,Lactococcus_A,88,0.0011297284807692308,forecasted
4391,Copenaghen_RA,Lactococcus_A,88,0.0012053245192307693,forecasted
4392,Copenaghen_RD,Lactococcus_A,88,0.0010541324423076924,forecasted
4393,Copenaghen_RL,Lactococcus_A,88,0.0010541324423076924,forecasted
4394,Rome,Lactococcus_A,88,0.0012809205576923078,forecasted
4395,Rotterdam,Lactococcus_A,88,0.0012053245192307693,forecasted
4396,Bologna,Lactococcus_A,89,2.072580282307692e-05,forecasted
4397,Budapest,Lactococcus_A,89,2.072580282307692e-05,forecasted
4398,Copenaghen_RA,Lactococcus_A,89,2.072580282307692e-05,forecasted
4399,Copenaghen_RD,Lactococcus_A,89,2.072580282307692e-05,forecasted
4400,Copenaghen_RL,Lactococcus_A,89,2.072580282307692e-05,forecasted
4401,Rome,Lactococcus_A,89,2.072580282307692e-05,forecasted
4402,Rotterdam,Lactococcus_A,89,2.072580282307692e-05,forecasted
4403,Bologna,Lactococcus_A,90,0.00031454575,forecasted
4404,Budapest,Lactococcus_A,90,0.00033485825000000003,forecasted
4405,Copenaghen_RA,Lactococcus_A,90,0.00033079575,forecasted
4406,Copenaghen_RD,Lactococcus_A,90,0.00033485825000000003,forecasted
4407,Copenaghen_RL,Lactococcus_A,90,0.00033485825000000003,forecasted
4408,Rome,Lactococcus_A,90,0.00033485825000000003,forecasted
4409,Rotterdam,Lactococcus_A,90,0.00033485825000000003,forecasted
4410,Bologna,Lenti-01,60,,forecasted
4411,Budapest,Lenti-01,60,,forecasted
4412,Copenaghen_RA,Lenti-01,60,,forecasted
4413,Copenaghen_RD,Lenti-01,60,0.00017756689931538463,forecasted
4414,Copenaghen_RL,Lenti-01,60,0.00017756689931538463,forecasted
4415,Rome,Lenti-01,60,0.004858721565384616,forecasted
4416,Rotterdam,Lenti-01,60,,forecasted
4417,Bologna,Lenti-01,61,0.000694352176923077,forecasted
4418,Budapest,Lenti-01,61,,forecasted
4419,Copenaghen_RA,Lenti-01,61,0.0001319446692307692,forecasted
4420,Copenaghen_RD,Lenti-01,61,0.00010820638567692307,forecasted
4421,Copenaghen_RL,Lenti-01,61,0.00017881196153846153,forecasted
4422,Rome,Lenti-01,61,,forecasted
4423,Rotterdam,Lenti-01,61,,forecasted
4424,Bologna,Lenti-01,62,,forecasted
4425,Budapest,Lenti-01,62,,forecasted
4426,Copenaghen_RA,Lenti-01,62,,forecasted
4427,Copenaghen_RD,Lenti-01,62,,forecasted
4428,Copenaghen_RL,Lenti-01,62,,forecasted
4429,Rome,Lenti-01,62,0.0009438208854230768,forecasted
4430,Rotterdam,Lenti-01,62,0.003841368173076923,forecasted
4431,Bologna,Lenti-01,63,0.0022887042499999998,forecasted
4432,Budapest,Lenti-01,63,,forecasted
4433,Copenaghen_RA,Lenti-01,63,,forecasted
4434,Copenaghen_RD,Lenti-01,63,,forecasted
4435,Copenaghen_RL,Lenti-01,63,0.0001446524225,forecasted
4436,Rome,Lenti-01,63,0.00194583425,forecasted
4437,Rotterdam,Lenti-01,63,,forecasted
4438,Bologna,Lenti-01,64,,forecasted
4439,Budapest,Lenti-01,64,,forecasted
4440,Copenaghen_RA,Lenti-01,64,0.0001503072693076923,forecasted
4441,Copenaghen_RD,Lenti-01,64,0.00022697757692307692,forecasted
4442,Copenaghen_RL,Lenti-01,64,0.0001503072693076923,forecasted
4443,Rome,Lenti-01,64,,forecasted
4444,Rotterdam,Lenti-01,64,0.0020434508076923076,forecasted
4445,Bologna,Lenti-01,65,0.0008479754423076924,forecasted
4446,Budapest,Lenti-01,65,,forecasted
4447,Copenaghen_RA,Lenti-01,65,0.0002511238069615385,forecasted
4448,Copenaghen_RD,Lenti-01,65,0.0002511238069615385,forecasted
4449,Copenaghen_RL,Lenti-01,65,0.0002511238069615385,forecasted
4450,Rome,Lenti-01,65,,forecasted
4451,Rotterdam,Lenti-01,65,0.007667442711538463,forecasted
4452,Bologna,Lenti-01,66,,forecasted
4453,Budapest,Lenti-01,66,,forecasted
4454,Copenaghen_RA,Lenti-01,66,,forecasted
4455,Copenaghen_RD,Lenti-01,66,,forecasted
4456,Copenaghen_RL,Lenti-01,66,,forecasted
4457,Rome,Lenti-01,66,0.00029812153334615385,forecasted
4458,Rotterdam,Lenti-01,66,,forecasted
4459,Bologna,Lenti-01,67,0.0011301492884615385,forecasted
4460,Budapest,Lenti-01,67,0.005683258634615385,forecasted
4461,Copenaghen_RA,Lenti-01,67,0.00026007177388461536,forecasted
4462,Copenaghen_RD,Lenti-01,67,0.00026007177388461536,forecasted
4463,Copenaghen_RL,Lenti-01,67,0.00026007177388461536,forecasted
4464,Rome,Lenti-01,67,,forecasted
4465,Rotterdam,Lenti-01,67,,forecasted
4466,Bologna,Lenti-01,68,,forecasted
4467,Budapest,Lenti-01,68,0.011682139326923077,forecasted
4468,Copenaghen_RA,Lenti-01,68,0.0003415116115769231,forecasted
4469,Copenaghen_RD,Lenti-01,68,0.0003415116115769231,forecasted
4470,Copenaghen_RL,Lenti-01,68,0.0003415116115769231,forecasted
4471,Rome,Lenti-01,68,0.0008007950192307692,forecasted
4472,Rotterdam,Lenti-01,68,0.002614352403846154,forecasted
4473,Bologna,Lenti-01,69,0.0010717442307692309,forecasted
4474,Budapest,Lenti-01,69,0.005359385307692308,forecasted
4475,Copenaghen_RA,Lenti-01,69,0.00025239643830769233,forecasted
4476,Copenaghen_RD,Lenti-01,69,0.00025239643830769233,forecasted
4477,Copenaghen_RL,Lenti-01,69,0.00025239643830769233,forecasted
4478,Rome,Lenti-01,69,,forecasted
4479,Rotterdam,Lenti-01,69,,forecasted
4480,Bologna,Lenti-01,70,0.0016006822499999998,forecasted
4481,Budapest,Lenti-01,70,0.0012113512500000001,forecasted
4482,Copenaghen_RA,Lenti-01,70,0.0016006822499999998,forecasted
4483,Copenaghen_RD,Lenti-01,70,0.00140601675,forecasted
4484,Copenaghen_RL,Lenti-01,70,0.00140601675,forecasted
4485,Rome,Lenti-01,70,0.0012113512500000001,forecasted
4486,Rotterdam,Lenti-01,70,0.0017953477500000001,forecasted
4487,Bologna,Lenti-01,71,0.0010521036153846152,forecasted
4488,Budapest,Lenti-01,71,0.0009298669999999999,forecasted
4489,Copenaghen_RA,Lenti-01,71,0.0008076303846153846,forecasted
4490,Copenaghen_RD,Lenti-01,71,0.0011743402307692308,forecasted
4491,Copenaghen_RL,Lenti-01,71,0.0010521036153846152,forecasted
4492,Rome,Lenti-01,71,0.0009298669999999999,forecasted
4493,Rotterdam,Lenti-01,71,0.0010521036153846152,forecasted
4494,Bologna,Lenti-01,72,0.0003832933846153846,forecasted
4495,Budapest,Lenti-01,72,0.00041676230769230766,forecasted
4496,Copenaghen_RA,Lenti-01,72,0.0003832933846153846,forecasted
4497,Copenaghen_RD,Lenti-01,72,0.00040002784615384617,forecasted
4498,Copenaghen_RL,Lenti-01,72,0.00040002784615384617,forecasted
4499,Rome,Lenti-01,72,0.00040002784615384617,forecasted
4500,Rotterdam,Lenti-01,72,0.0003832933846153846,forecasted
4501,Bologna,Lenti-01,73,0.002226431125,forecasted
4502,Budapest,Lenti-01,73,0.003824613144230769,forecasted
4503,Copenaghen_RA,Lenti-01,73,0.0003044574286730769,forecasted
4504,Copenaghen_RD,Lenti-01,73,0.0003044574286730769,forecasted
4505,Copenaghen_RL,Lenti-01,73,0.0003044574286730769,forecasted
4506,Rome,Lenti-01,73,0.004463885951923077,forecasted
4507,Rotterdam,Lenti-01,73,0.004144249548076922,forecasted
4508,Bologna,Lenti-01,74,0.0022796709807692307,forecasted
4509,Budapest,Lenti-01,74,0.004003085365384615,forecasted
4510,Copenaghen_RA,Lenti-01,74,0.0022796709807692307,forecasted
4511,Copenaghen_RD,Lenti-01,74,0.0028541424423076927,forecasted
4512,Copenaghen_RL,Lenti-01,74,0.004290321096153845,forecasted
4513,Rome,Lenti-01,74,0.0022796709807692307,forecasted
4514,Rotterdam,Lenti-01,74,0.0019924352499999997,forecasted
4515,Bologna,Lenti-01,75,0.000890451,forecasted
4516,Budapest,Lenti-01,75,0.0011115233076923077,forecasted
4517,Copenaghen_RA,Lenti-01,75,0.0007799148461538461,forecasted
4518,Copenaghen_RD,Lenti-01,75,0.0007799148461538461,forecasted
4519,Copenaghen_RL,Lenti-01,75,0.0011115233076923077,forecasted
4520,Rome,Lenti-01,75,0.0010009871538461538,forecasted
4521,Rotterdam,Lenti-01,75,0.0010009871538461538,forecasted
4522,Bologna,Lenti-01,77,0.0031812425961538463,forecasted
4523,Budapest,Lenti-01,77,0.0035043197115384615,forecasted
4524,Copenaghen_RA,Lenti-01,77,0.0031812425961538463,forecasted
4525,Copenaghen_RD,Lenti-01,77,0.002858165480769231,forecasted
4526,Copenaghen_RL,Lenti-01,77,0.0035043197115384615,forecasted
4527,Rome,Lenti-01,77,0.0035043197115384615,forecasted
4528,Rotterdam,Lenti-01,77,0.003827396826923077,forecasted
4529,Bologna,Lenti-01,78,0.002173686778846154,forecasted
4530,Budapest,Lenti-01,78,0.0018106401826923075,forecasted
4531,Copenaghen_RA,Lenti-01,78,0.002173686778846154,forecasted
4532,Copenaghen_RD,Lenti-01,78,0.002899779971153846,forecasted
4533,Copenaghen_RL,Lenti-01,78,0.0018106401826923075,forecasted
4534,Rome,Lenti-01,78,0.002173686778846154,forecasted
4535,Rotterdam,Lenti-01,78,0.0018106401826923075,forecasted
4536,Bologna,Lenti-01,79,0.005020851307692307,forecasted
4537,Budapest,Lenti-01,79,0.004975404230769231,forecasted
4538,Copenaghen_RA,Lenti-01,79,0.004998127769230769,forecasted
4539,Copenaghen_RD,Lenti-01,79,0.004975404230769231,forecasted
4540,Copenaghen_RL,Lenti-01,79,0.004952680692307693,forecasted
4541,Rome,Lenti-01,79,0.004975404230769231,forecasted
4542,Rotterdam,Lenti-01,79,0.004975404230769231,forecasted
4543,Bologna,Lenti-01,80,0.0008252585192307693,forecasted
4544,Budapest,Lenti-01,80,0.0008252585192307693,forecasted
4545,Copenaghen_RA,Lenti-01,80,0.0006593959807692308,forecasted
4546,Copenaghen_RD,Lenti-01,80,0.0008252585192307693,forecasted
4547,Copenaghen_RL,Lenti-01,80,0.0009911210576923077,forecasted
4548,Rome,Lenti-01,80,0.0007423272500000001,forecasted
4549,Rotterdam,Lenti-01,80,0.0008252585192307693,forecasted
4550,Bologna,Lenti-01,81,0.002269043076923077,forecasted
4551,Budapest,Lenti-01,81,0.002269043076923077,forecasted
4552,Copenaghen_RA,Lenti-01,81,0.0016801947692307692,forecasted
4553,Copenaghen_RD,Lenti-01,81,0.002465325846153846,forecasted
4554,Copenaghen_RL,Lenti-01,81,0.002465325846153846,forecasted
4555,Rome,Lenti-01,81,0.002465325846153846,forecasted
4556,Rotterdam,Lenti-01,81,0.002269043076923077,forecasted
4557,Bologna,Lenti-01,82,0.0005085227307692307,forecasted
4558,Budapest,Lenti-01,82,0.0005085227307692307,forecasted
4559,Copenaghen_RA,Lenti-01,82,0.0005085227307692307,forecasted
4560,Copenaghen_RD,Lenti-01,82,0.0005949071923076922,forecasted
4561,Copenaghen_RL,Lenti-01,82,0.0005949071923076922,forecasted
4562,Rome,Lenti-01,82,0.0005085227307692307,forecasted
4563,Rotterdam,Lenti-01,82,0.0005949071923076922,forecasted
4564,Bologna,Lenti-01,83,0.0030313995192307692,forecasted
4565,Budapest,Lenti-01,83,0.0030313995192307692,forecasted
4566,Copenaghen_RA,Lenti-01,83,0.002959284711538462,forecasted
4567,Copenaghen_RD,Lenti-01,83,0.002959284711538462,forecasted
4568,Copenaghen_RL,Lenti-01,83,0.0030313995192307692,forecasted
4569,Rome,Lenti-01,83,0.002887169903846154,forecasted
4570,Rotterdam,Lenti-01,83,0.0030313995192307692,forecasted
4571,Bologna,Lenti-01,84,0.0015161066859615386,forecasted
4572,Budapest,Lenti-01,84,0.0015161066859615386,forecasted
4573,Copenaghen_RA,Lenti-01,84,0.0015161066859615386,forecasted
4574,Copenaghen_RD,Lenti-01,84,0.0015161066859615386,forecasted
4575,Copenaghen_RL,Lenti-01,84,0.0015161066859615386,forecasted
4576,Rome,Lenti-01,84,0.0015161066859615386,forecasted
4577,Rotterdam,Lenti-01,84,0.0015161066859615386,forecasted
4578,Bologna,Lenti-01,85,0.0008748238846153846,forecasted
4579,Budapest,Lenti-01,85,0.0009314563461538461,forecasted
4580,Copenaghen_RA,Lenti-01,85,0.000818191423076923,forecasted
4581,Copenaghen_RD,Lenti-01,85,0.0008748238846153846,forecasted
4582,Copenaghen_RL,Lenti-01,85,0.0008748238846153846,forecasted
4583,Rome,Lenti-01,85,0.0009031401153846154,forecasted
4584,Rotterdam,Lenti-01,85,0.0008748238846153846,forecasted
4585,Bologna,Lenti-01,86,0.0016349612499999997,forecasted
4586,Budapest,Lenti-01,86,0.00116416675,forecasted
4587,Copenaghen_RA,Lenti-01,86,0.0002205376405,forecasted
4588,Copenaghen_RD,Lenti-01,86,0.0002205376405,forecasted
4589,Copenaghen_RL,Lenti-01,86,0.0024196187499999997,forecasted
4590,Rome,Lenti-01,86,0.0010072352499999999,forecasted
4591,Rotterdam,Lenti-01,86,0.0017918927499999998,forecasted
4592,Bologna,Lenti-01,87,0.0014140232884615384,forecasted
4593,Budapest,Lenti-01,87,0.0015869841346153846,forecasted
4594,Copenaghen_RA,Lenti-01,87,0.0014140232884615384,forecasted
4595,Copenaghen_RD,Lenti-01,87,0.0014140232884615384,forecasted
4596,Copenaghen_RL,Lenti-01,87,0.0015005037115384617,forecasted
4597,Rome,Lenti-01,87,0.0015869841346153846,forecasted
4598,Rotterdam,Lenti-01,87,0.0013275428653846152,forecasted
4599,Bologna,Lenti-01,88,0.004188213576923077,forecasted
4600,Budapest,Lenti-01,88,0.004194134884615385,forecasted
4601,Copenaghen_RA,Lenti-01,88,0.004190187346153847,forecasted
4602,Copenaghen_RD,Lenti-01,88,0.004194134884615385,forecasted
4603,Copenaghen_RL,Lenti-01,88,0.004196108653846153,forecasted
4604,Rome,Lenti-01,88,0.004190187346153847,forecasted
4605,Rotterdam,Lenti-01,88,0.004192161115384615,forecasted
4606,Bologna,Lenti-01,89,0.00011367962753846154,forecasted
4607,Budapest,Lenti-01,89,0.00011367962753846154,forecasted
4608,Copenaghen_RA,Lenti-01,89,0.00011367962753846154,forecasted
4609,Copenaghen_RD,Lenti-01,89,0.00011367962753846154,forecasted
4610,Copenaghen_RL,Lenti-01,89,0.00011367962753846154,forecasted
4611,Rome,Lenti-01,89,0.00011367962753846154,forecasted
4612,Rotterdam,Lenti-01,89,0.00011367962753846154,forecasted
4613,Bologna,Lenti-01,90,0.007275651211538461,forecasted
4614,Budapest,Lenti-01,90,0.007275651211538461,forecasted
4615,Copenaghen_RA,Lenti-01,90,0.0068792893269230765,forecasted
4616,Copenaghen_RD,Lenti-01,90,0.007275651211538461,forecasted
4617,Copenaghen_RL,Lenti-01,90,0.006482927442307692,forecasted
4618,Rome,Lenti-01,90,0.006086565557692308,forecasted
4619,Rotterdam,Lenti-01,90,0.007275651211538461,forecasted
4620,Bologna,Microthrix,60,,forecasted
4621,Budapest,Microthrix,60,,forecasted
4622,Copenaghen_RA,Microthrix,60,,forecasted
4623,Copenaghen_RD,Microthrix,60,0.00019423539892307693,forecasted
4624,Copenaghen_RL,Microthrix,60,0.00019423539892307693,forecasted
4625,Rome,Microthrix,60,0.004922996923076923,forecasted
4626,Rotterdam,Microthrix,60,,forecasted
4627,Bologna,Microthrix,61,0.008441542090384616,forecasted
4628,Budapest,Microthrix,61,,forecasted
4629,Copenaghen_RA,Microthrix,61,0.0001783519839653846,forecasted
4630,Copenaghen_RD,Microthrix,61,0.0001783519839653846,forecasted
4631,Copenaghen_RL,Microthrix,61,0.0001783519839653846,forecasted
4632,Rome,Microthrix,61,,forecasted
4633,Rotterdam,Microthrix,61,,forecasted
4634,Bologna,Microthrix,62,,forecasted
4635,Budapest,Microthrix,62,,forecasted
4636,Copenaghen_RA,Microthrix,62,,forecasted
4637,Copenaghen_RD,Microthrix,62,,forecasted
4638,Copenaghen_RL,Microthrix,62,,forecasted
4639,Rome,Microthrix,62,0.0003764529076923077,forecasted
4640,Rotterdam,Microthrix,62,2.0813455907692307e-05,forecasted
4641,Bologna,Microthrix,63,0.0014323458365384616,forecasted
4642,Budapest,Microthrix,63,,forecasted
4643,Copenaghen_RA,Microthrix,63,,forecasted
4644,Copenaghen_RD,Microthrix,63,,forecasted
4645,Copenaghen_RL,Microthrix,63,8.558771321153846e-05,forecasted
4646,Rome,Microthrix,63,0.0001939723173076923,forecasted
4647,Rotterdam,Microthrix,63,,forecasted
4648,Bologna,Microthrix,64,,forecasted
4649,Budapest,Microthrix,64,,forecasted
4650,Copenaghen_RA,Microthrix,64,0.0001460575769230769,forecasted
4651,Copenaghen_RD,Microthrix,64,0.00015791071538461538,forecasted
4652,Copenaghen_RL,Microthrix,64,5.123246923076923e-05,forecasted
4653,Rome,Microthrix,64,,forecasted
4654,Rotterdam,Microthrix,64,9.669439215384615e-06,forecasted
4655,Bologna,Microthrix,65,0.0002458436623076923,forecasted
4656,Budapest,Microthrix,65,,forecasted
4657,Copenaghen_RA,Microthrix,65,8.132516846153846e-05,forecasted
4658,Copenaghen_RD,Microthrix,65,0.0002555212207692308,forecasted
4659,Copenaghen_RL,Microthrix,65,0.00010068028538461539,forecasted
4660,Rome,Microthrix,65,,forecasted
4661,Rotterdam,Microthrix,65,1.3456450970769233e-05,forecasted
4662,Bologna,Microthrix,66,,forecasted
4663,Budapest,Microthrix,66,,forecasted
4664,Copenaghen_RA,Microthrix,66,,forecasted
4665,Copenaghen_RD,Microthrix,66,,forecasted
4666,Copenaghen_RL,Microthrix,66,,forecasted
4667,Rome,Microthrix,66,0.00015989884980769232,forecasted
4668,Rotterdam,Microthrix,66,,forecasted
4669,Bologna,Microthrix,67,0.00010780913570769229,forecasted
4670,Budapest,Microthrix,67,0.0002861077615384615,forecasted
4671,Copenaghen_RA,Microthrix,67,0.00010780913570769229,forecasted
4672,Copenaghen_RD,Microthrix,67,0.0023233002076923077,forecasted
4673,Copenaghen_RL,Microthrix,67,0.00010780913570769229,forecasted
4674,Rome,Microthrix,67,,forecasted
4675,Rotterdam,Microthrix,67,,forecasted
4676,Bologna,Microthrix,68,,forecasted
4677,Budapest,Microthrix,68,8.143439615384616e-05,forecasted
4678,Copenaghen_RA,Microthrix,68,0.00011022863461538463,forecasted
4679,Copenaghen_RD,Microthrix,68,0.00011022863461538463,forecasted
4680,Copenaghen_RL,Microthrix,68,0.00028299406538461543,forecasted
4681,Rome,Microthrix,68,0.0007437018807692308,forecasted
4682,Rotterdam,Microthrix,68,2.3471594130769233e-05,forecasted
4683,Bologna,Microthrix,69,0.0002571978461538462,forecasted
4684,Budapest,Microthrix,69,0.0017090699076923077,forecasted
4685,Copenaghen_RA,Microthrix,69,5.8357367907692305e-05,forecasted
4686,Copenaghen_RD,Microthrix,69,5.8357367907692305e-05,forecasted
4687,Copenaghen_RL,Microthrix,69,0.00019120366153846155,forecasted
4688,Rome,Microthrix,69,,forecasted
4689,Rotterdam,Microthrix,69,,forecasted
4690,Bologna,Microthrix,70,6.39394923076923e-05,forecasted
4691,Budapest,Microthrix,70,6.955152307692308e-05,forecasted
4692,Copenaghen_RA,Microthrix,70,5.832746153846154e-05,forecasted
4693,Copenaghen_RD,Microthrix,70,6.39394923076923e-05,forecasted
4694,Copenaghen_RL,Microthrix,70,6.955152307692308e-05,forecasted
4695,Rome,Microthrix,70,6.955152307692308e-05,forecasted
4696,Rotterdam,Microthrix,70,6.955152307692308e-05,forecasted
4697,Bologna,Microthrix,71,8.0397975e-05,forecasted
4698,Budapest,Microthrix,71,8.384667500000001e-05,forecasted
4699,Copenaghen_RA,Microthrix,71,8.2122325e-05,forecasted
4700,Copenaghen_RD,Microthrix,71,8.384667500000001e-05,forecasted
4701,Copenaghen_RL,Microthrix,71,8.2122325e-05,forecasted
4702,Rome,Microthrix,71,8.0397975e-05,forecasted
4703,Rotterdam,Microthrix,71,7.8673625e-05,forecasted
4704,Bologna,Microthrix,72,0.00016804644615384616,forecasted
4705,Budapest,Microthrix,72,0.00016804644615384616,forecasted
4706,Copenaghen_RA,Microthrix,72,0.00020047887692307693,forecasted
4707,Copenaghen_RD,Microthrix,72,0.00015183023076923075,forecasted
4708,Copenaghen_RL,Microthrix,72,0.00016804644615384616,forecasted
4709,Rome,Microthrix,72,0.00016804644615384616,forecasted
4710,Rotterdam,Microthrix,72,0.00018426266153846152,forecasted
4711,Bologna,Microthrix,73,0.00020279536,forecasted
4712,Budapest,Microthrix,73,0.00026341009230769236,forecasted
4713,Copenaghen_RA,Microthrix,73,0.00026341009230769236,forecasted
4714,Copenaghen_RD,Microthrix,73,0.00023310272615384615,forecasted
4715,Copenaghen_RL,Microthrix,73,0.00023310272615384615,forecasted
4716,Rome,Microthrix,73,0.00026341009230769236,forecasted
4717,Rotterdam,Microthrix,73,0.00026341009230769236,forecasted
4718,Bologna,Microthrix,74,0.0007078638,forecasted
4719,Budapest,Microthrix,74,0.0005218814,forecasted
4720,Copenaghen_RA,Microthrix,74,0.0006148726,forecasted
4721,Copenaghen_RD,Microthrix,74,0.0005218814,forecasted
4722,Copenaghen_RL,Microthrix,74,0.0006148726,forecasted
4723,Rome,Microthrix,74,0.0006148726,forecasted
4724,Rotterdam,Microthrix,74,0.0005218814,forecasted
4725,Bologna,Microthrix,75,0.000997607048076923,forecasted
4726,Budapest,Microthrix,75,0.0008825489365384615,forecasted
4727,Copenaghen_RA,Microthrix,75,0.0005373746019230769,forecasted
4728,Copenaghen_RD,Microthrix,75,0.0006524327134615384,forecasted
4729,Copenaghen_RL,Microthrix,75,0.0006524327134615384,forecasted
4730,Rome,Microthrix,75,0.0006524327134615384,forecasted
4731,Rotterdam,Microthrix,75,0.0006524327134615384,forecasted
4732,Bologna,Microthrix,77,0.0008316252288461538,forecasted
4733,Budapest,Microthrix,77,0.0020071089557692308,forecasted
4734,Copenaghen_RA,Microthrix,77,0.00012327873500230768,forecasted
4735,Copenaghen_RD,Microthrix,77,0.0022422057011538456,forecasted
4736,Copenaghen_RL,Microthrix,77,0.00012327873500230768,forecasted
4737,Rome,Microthrix,77,0.001066721974230769,forecasted
4738,Rotterdam,Microthrix,77,0.00012327873500230768,forecasted
4739,Bologna,Microthrix,78,0.00019466251730769228,forecasted
4740,Budapest,Microthrix,78,0.00015137232499999996,forecasted
4741,Copenaghen_RA,Microthrix,78,0.0002379527096153846,forecasted
4742,Copenaghen_RD,Microthrix,78,0.00015137232499999996,forecasted
4743,Copenaghen_RL,Microthrix,78,0.00019466251730769228,forecasted
4744,Rome,Microthrix,78,0.00021630761346153843,forecasted
4745,Rotterdam,Microthrix,78,0.00012972722884615383,forecasted
4746,Bologna,Microthrix,79,2.078983e-05,forecasted
4747,Budapest,Microthrix,79,2.078983e-05,forecasted
4748,Copenaghen_RA,Microthrix,79,1.862859e-05,forecasted
4749,Copenaghen_RD,Microthrix,79,1.970921e-05,forecasted
4750,Copenaghen_RL,Microthrix,79,2.078983e-05,forecasted
4751,Rome,Microthrix,79,2.403169e-05,forecasted
4752,Rotterdam,Microthrix,79,1.970921e-05,forecasted
4753,Bologna,Microthrix,80,2.8026006153846152e-05,forecasted
4754,Budapest,Microthrix,80,2.9442824615384613e-05,forecasted
4755,Copenaghen_RA,Microthrix,80,2.9442824615384613e-05,forecasted
4756,Copenaghen_RD,Microthrix,80,2.519236923076923e-05,forecasted
4757,Copenaghen_RL,Microthrix,80,2.9442824615384613e-05,forecasted
4758,Rome,Microthrix,80,2.660918769230769e-05,forecasted
4759,Rotterdam,Microthrix,80,2.519236923076923e-05,forecasted
4760,Bologna,Microthrix,81,2.950428e-05,forecasted
4761,Budapest,Microthrix,81,3.12626e-05,forecasted
4762,Copenaghen_RA,Microthrix,81,3.12626e-05,forecasted
4763,Copenaghen_RD,Microthrix,81,3.12626e-05,forecasted
4764,Copenaghen_RL,Microthrix,81,2.774596e-05,forecasted
4765,Rome,Microthrix,81,3.302092e-05,forecasted
4766,Rotterdam,Microthrix,81,2.950428e-05,forecasted
4767,Bologna,Microthrix,82,3.692704807692307e-05,forecasted
4768,Budapest,Microthrix,82,3.487125192307692e-05,forecasted
4769,Copenaghen_RA,Microthrix,82,3.692704807692307e-05,forecasted
4770,Copenaghen_RD,Microthrix,82,3.692704807692307e-05,forecasted
4771,Copenaghen_RL,Microthrix,82,3.692704807692307e-05,forecasted
4772,Rome,Microthrix,82,3.692704807692307e-05,forecasted
4773,Rotterdam,Microthrix,82,3.487125192307692e-05,forecasted
4774,Bologna,Microthrix,83,1.5613266346153846e-05,forecasted
4775,Budapest,Microthrix,83,1.4831863653846153e-05,forecasted
4776,Copenaghen_RA,Microthrix,83,1.326905826923077e-05,forecasted
4777,Copenaghen_RD,Microthrix,83,1.4831863653846153e-05,forecasted
4778,Copenaghen_RL,Microthrix,83,1.4831863653846153e-05,forecasted
4779,Rome,Microthrix,83,1.4050460961538462e-05,forecasted
4780,Rotterdam,Microthrix,83,1.639466903846154e-05,forecasted
4781,Bologna,Microthrix,84,5.99196953076923e-06,forecasted
4782,Budapest,Microthrix,84,5.99196953076923e-06,forecasted
4783,Copenaghen_RA,Microthrix,84,5.99196953076923e-06,forecasted
4784,Copenaghen_RD,Microthrix,84,5.99196953076923e-06,forecasted
4785,Copenaghen_RL,Microthrix,84,5.99196953076923e-06,forecasted
4786,Rome,Microthrix,84,5.99196953076923e-06,forecasted
4787,Rotterdam,Microthrix,84,5.99196953076923e-06,forecasted
4788,Bologna,Microthrix,85,7.408404038461538e-06,forecasted
4789,Budapest,Microthrix,85,7.980149807692308e-06,forecasted
4790,Copenaghen_RA,Microthrix,85,7.217822115384615e-06,forecasted
4791,Copenaghen_RD,Microthrix,85,6.8366582692307685e-06,forecasted
4792,Copenaghen_RL,Microthrix,85,7.598985961538461e-06,forecasted
4793,Rome,Microthrix,85,7.217822115384615e-06,forecasted
4794,Rotterdam,Microthrix,85,7.408404038461538e-06,forecasted
4795,Bologna,Microthrix,86,3.856438884615385e-05,forecasted
4796,Budapest,Microthrix,86,3.3418787307692305e-05,forecasted
4797,Copenaghen_RA,Microthrix,86,4.1137189615384615e-05,forecasted
4798,Copenaghen_RD,Microthrix,86,3.856438884615385e-05,forecasted
4799,Copenaghen_RL,Microthrix,86,3.856438884615385e-05,forecasted
4800,Rome,Microthrix,86,3.599158807692308e-05,forecasted
4801,Rotterdam,Microthrix,86,3.856438884615385e-05,forecasted
4802,Bologna,Microthrix,87,1.3861976538461538e-05,forecasted
4803,Budapest,Microthrix,87,1.2957602692307692e-05,forecasted
4804,Copenaghen_RA,Microthrix,87,1.3409789615384615e-05,forecasted
4805,Copenaghen_RD,Microthrix,87,1.3861976538461538e-05,forecasted
4806,Copenaghen_RL,Microthrix,87,1.3409789615384615e-05,forecasted
4807,Rome,Microthrix,87,1.3409789615384615e-05,forecasted
4808,Rotterdam,Microthrix,87,1.3861976538461538e-05,forecasted
4809,Bologna,Microthrix,88,1.7813817115384616e-05,forecasted
4810,Budapest,Microthrix,88,1.8593052884615384e-05,forecasted
4811,Copenaghen_RA,Microthrix,88,1.9372288653846157e-05,forecasted
4812,Copenaghen_RD,Microthrix,88,1.8593052884615384e-05,forecasted
4813,Copenaghen_RL,Microthrix,88,1.7813817115384616e-05,forecasted
4814,Rome,Microthrix,88,1.8593052884615384e-05,forecasted
4815,Rotterdam,Microthrix,88,1.7813817115384616e-05,forecasted
4816,Bologna,Microthrix,89,4.3418030011538465e-06,forecasted
4817,Budapest,Microthrix,89,4.3418030011538465e-06,forecasted
4818,Copenaghen_RA,Microthrix,89,4.3418030011538465e-06,forecasted
4819,Copenaghen_RD,Microthrix,89,4.3418030011538465e-06,forecasted
4820,Copenaghen_RL,Microthrix,89,4.3418030011538465e-06,forecasted
4821,Rome,Microthrix,89,4.3418030011538465e-06,forecasted
4822,Rotterdam,Microthrix,89,4.3418030011538465e-06,forecasted
4823,Bologna,Microthrix,90,0.00032630251865384616,forecasted
4824,Budapest,Microthrix,90,0.0003689616798076923,forecasted
4825,Copenaghen_RA,Microthrix,90,0.00045428000211538463,forecasted
4826,Copenaghen_RD,Microthrix,90,0.0002836433575,forecasted
4827,Copenaghen_RL,Microthrix,90,0.00045428000211538463,forecasted
4828,Rome,Microthrix,90,0.0003689616798076923,forecasted
4829,Rotterdam,Microthrix,90,0.00041162084096153844,forecasted
4830,Bologna,Moraxella_A,60,,forecasted
4831,Budapest,Moraxella_A,60,,forecasted
4832,Copenaghen_RA,Moraxella_A,60,,forecasted
4833,Copenaghen_RD,Moraxella_A,60,0.0022743933250769233,forecasted
4834,Copenaghen_RL,Moraxella_A,60,0.0050613587692307695,forecasted
4835,Rome,Moraxella_A,60,0.07109015507692308,forecasted
4836,Rotterdam,Moraxella_A,60,,forecasted
4837,Bologna,Moraxella_A,61,0.0028283570192307694,forecasted
4838,Budapest,Moraxella_A,61,,forecasted
4839,Copenaghen_RA,Moraxella_A,61,0.0011754322457307692,forecasted
4840,Copenaghen_RD,Moraxella_A,61,0.0027013359807692306,forecasted
4841,Copenaghen_RL,Moraxella_A,61,0.00435260948076923,forecasted
4842,Rome,Moraxella_A,61,,forecasted
4843,Rotterdam,Moraxella_A,61,,forecasted
4844,Bologna,Moraxella_A,62,,forecasted
4845,Budapest,Moraxella_A,62,,forecasted
4846,Copenaghen_RA,Moraxella_A,62,,forecasted
4847,Copenaghen_RD,Moraxella_A,62,,forecasted
4848,Copenaghen_RL,Moraxella_A,62,,forecasted
4849,Rome,Moraxella_A,62,0.016074282288461538,forecasted
4850,Rotterdam,Moraxella_A,62,0.0014624024830384615,forecasted
4851,Bologna,Moraxella_A,63,0.00530210123076923,forecasted
4852,Budapest,Moraxella_A,63,,forecasted
4853,Copenaghen_RA,Moraxella_A,63,,forecasted
4854,Copenaghen_RD,Moraxella_A,63,,forecasted
4855,Copenaghen_RL,Moraxella_A,63,0.0027853427243076925,forecasted
4856,Rome,Moraxella_A,63,0.01847228030769231,forecasted
4857,Rotterdam,Moraxella_A,63,,forecasted
4858,Bologna,Moraxella_A,64,,forecasted
4859,Budapest,Moraxella_A,64,,forecasted
4860,Copenaghen_RA,Moraxella_A,64,0.001163777174730769,forecasted
4861,Copenaghen_RD,Moraxella_A,64,0.01677158998076923,forecasted
4862,Copenaghen_RL,Moraxella_A,64,0.001163777174730769,forecasted
4863,Rome,Moraxella_A,64,,forecasted
4864,Rotterdam,Moraxella_A,64,0.001163777174730769,forecasted
4865,Bologna,Moraxella_A,65,0.02782542471153846,forecasted
4866,Budapest,Moraxella_A,65,,forecasted
4867,Copenaghen_RA,Moraxella_A,65,0.0008824072009615384,forecasted
4868,Copenaghen_RD,Moraxella_A,65,0.0030507314423076923,forecasted
4869,Copenaghen_RL,Moraxella_A,65,0.0019735708653846155,forecasted
4870,Rome,Moraxella_A,65,,forecasted
4871,Rotterdam,Moraxella_A,65,0.0008824072009615384,forecasted
4872,Bologna,Moraxella_A,66,,forecasted
4873,Budapest,Moraxella_A,66,,forecasted
4874,Copenaghen_RA,Moraxella_A,66,,forecasted
4875,Copenaghen_RD,Moraxella_A,66,,forecasted
4876,Copenaghen_RL,Moraxella_A,66,,forecasted
4877,Rome,Moraxella_A,66,0.011706957715076923,forecasted
4878,Rotterdam,Moraxella_A,66,,forecasted
4879,Bologna,Moraxella_A,67,0.03408095990384615,forecasted
4880,Budapest,Moraxella_A,67,0.0011821566096538462,forecasted
4881,Copenaghen_RA,Moraxella_A,67,0.0025145232884615384,forecasted
4882,Copenaghen_RD,Moraxella_A,67,0.0025145232884615384,forecasted
4883,Copenaghen_RL,Moraxella_A,67,0.0025145232884615384,forecasted
4884,Rome,Moraxella_A,67,,forecasted
4885,Rotterdam,Moraxella_A,67,,forecasted
4886,Bologna,Moraxella_A,68,,forecasted
4887,Budapest,Moraxella_A,68,0.0009215860076923078,forecasted
4888,Copenaghen_RA,Moraxella_A,68,0.001640293923076923,forecasted
4889,Copenaghen_RD,Moraxella_A,68,0.003768747769230769,forecasted
4890,Copenaghen_RL,Moraxella_A,68,0.001640293923076923,forecasted
4891,Rome,Moraxella_A,68,0.018667924692307693,forecasted
4892,Rotterdam,Moraxella_A,68,0.001640293923076923,forecasted
4893,Bologna,Moraxella_A,69,0.038869800019230766,forecasted
4894,Budapest,Moraxella_A,69,0.0018218960832692309,forecasted
4895,Copenaghen_RA,Moraxella_A,69,0.0033222969423076926,forecasted
4896,Copenaghen_RD,Moraxella_A,69,0.006284588865384616,forecasted
4897,Copenaghen_RL,Moraxella_A,69,0.0033222969423076926,forecasted
4898,Rome,Moraxella_A,69,,forecasted
4899,Rotterdam,Moraxella_A,69,,forecasted
4900,Bologna,Moraxella_A,70,0.00378233775,forecasted
4901,Budapest,Moraxella_A,70,0.00303092925,forecasted
4902,Copenaghen_RA,Moraxella_A,70,0.0032813987499999996,forecasted
4903,Copenaghen_RD,Moraxella_A,70,0.00303092925,forecasted
4904,Copenaghen_RL,Moraxella_A,70,0.0035318682499999995,forecasted
4905,Rome,Moraxella_A,70,0.0032813987499999996,forecasted
4906,Rotterdam,Moraxella_A,70,0.00303092925,forecasted
4907,Bologna,Moraxella_A,71,0.015183580365384617,forecasted
4908,Budapest,Moraxella_A,71,0.013588159250000002,forecasted
4909,Copenaghen_RA,Moraxella_A,71,0.015183580365384617,forecasted
4910,Copenaghen_RD,Moraxella_A,71,0.013588159250000002,forecasted
4911,Copenaghen_RL,Moraxella_A,71,0.013588159250000002,forecasted
4912,Rome,Moraxella_A,71,0.011992738134615384,forecasted
4913,Rotterdam,Moraxella_A,71,0.013588159250000002,forecasted
4914,Bologna,Moraxella_A,72,0.0027030218846153843,forecasted
4915,Budapest,Moraxella_A,72,0.0025555138076923077,forecasted
4916,Copenaghen_RA,Moraxella_A,72,0.0025555138076923077,forecasted
4917,Copenaghen_RD,Moraxella_A,72,0.0025555138076923077,forecasted
4918,Copenaghen_RL,Moraxella_A,72,0.0022604976538461536,forecasted
4919,Rome,Moraxella_A,72,0.0028505299615384618,forecasted
4920,Rotterdam,Moraxella_A,72,0.0027030218846153843,forecasted
4921,Bologna,Moraxella_A,73,0.01043857373076923,forecasted
4922,Budapest,Moraxella_A,73,0.008703431961538461,forecasted
4923,Copenaghen_RA,Moraxella_A,73,0.006968290192307693,forecasted
4924,Copenaghen_RD,Moraxella_A,73,0.006968290192307693,forecasted
4925,Copenaghen_RL,Moraxella_A,73,0.008703431961538461,forecasted
4926,Rome,Moraxella_A,73,0.024319707884615387,forecasted
4927,Rotterdam,Moraxella_A,73,0.026054849653846156,forecasted
4928,Bologna,Moraxella_A,74,0.004609879173076923,forecasted
4929,Budapest,Moraxella_A,74,0.004609879173076923,forecasted
4930,Copenaghen_RA,Moraxella_A,74,0.004609879173076923,forecasted
4931,Copenaghen_RD,Moraxella_A,74,0.004458028980769231,forecasted
4932,Copenaghen_RL,Moraxella_A,74,0.004154328596153846,forecasted
4933,Rome,Moraxella_A,74,0.004306178788461538,forecasted
4934,Rotterdam,Moraxella_A,74,0.004458028980769231,forecasted
4935,Bologna,Moraxella_A,75,0.019583867461538465,forecasted
4936,Budapest,Moraxella_A,75,0.021522112692307693,forecasted
4937,Copenaghen_RA,Moraxella_A,75,0.015707377,forecasted
4938,Copenaghen_RD,Moraxella_A,75,0.019583867461538465,forecasted
4939,Copenaghen_RL,Moraxella_A,75,0.01764562223076923,forecasted
4940,Rome,Moraxella_A,75,0.015707377,forecasted
4941,Rotterdam,Moraxella_A,75,0.01376913176923077,forecasted
4942,Bologna,Moraxella_A,77,0.005020023423076923,forecasted
4943,Budapest,Moraxella_A,77,0.0044459695,forecasted
4944,Copenaghen_RA,Moraxella_A,77,0.005020023423076923,forecasted
4945,Copenaghen_RD,Moraxella_A,77,0.005594077346153846,forecasted
4946,Copenaghen_RL,Moraxella_A,77,0.005594077346153846,forecasted
4947,Rome,Moraxella_A,77,0.006168131269230769,forecasted
4948,Rotterdam,Moraxella_A,77,0.005594077346153846,forecasted
4949,Bologna,Moraxella_A,78,0.012053411528846154,forecasted
4950,Budapest,Moraxella_A,78,0.012832357817307693,forecasted
4951,Copenaghen_RA,Moraxella_A,78,0.010495518951923077,forecasted
4952,Copenaghen_RD,Moraxella_A,78,0.010495518951923077,forecasted
4953,Copenaghen_RL,Moraxella_A,78,0.012832357817307693,forecasted
4954,Rome,Moraxella_A,78,0.011274465240384616,forecasted
4955,Rotterdam,Moraxella_A,78,0.013611304105769231,forecasted
4956,Bologna,Moraxella_A,79,0.002951992730769231,forecasted
4957,Budapest,Moraxella_A,79,0.002951992730769231,forecasted
4958,Copenaghen_RA,Moraxella_A,79,0.0031432032692307694,forecasted
4959,Copenaghen_RD,Moraxella_A,79,0.0031432032692307694,forecasted
4960,Copenaghen_RL,Moraxella_A,79,0.0033344138076923076,forecasted
4961,Rome,Moraxella_A,79,0.002760782192307692,forecasted
4962,Rotterdam,Moraxella_A,79,0.002951992730769231,forecasted
4963,Bologna,Moraxella_A,80,0.0023935009807692304,forecasted
4964,Budapest,Moraxella_A,80,0.001947909826923077,forecasted
4965,Copenaghen_RA,Moraxella_A,80,0.0021707054038461538,forecasted
4966,Copenaghen_RD,Moraxella_A,80,0.0023935009807692304,forecasted
4967,Copenaghen_RL,Moraxella_A,80,0.0021707054038461538,forecasted
4968,Rome,Moraxella_A,80,0.0023935009807692304,forecasted
4969,Rotterdam,Moraxella_A,80,0.0021707054038461538,forecasted
4970,Bologna,Moraxella_A,81,0.006539245153846154,forecasted
4971,Budapest,Moraxella_A,81,0.006539245153846154,forecasted
4972,Copenaghen_RA,Moraxella_A,81,0.005191869461538462,forecasted
4973,Copenaghen_RD,Moraxella_A,81,0.006090119923076924,forecasted
4974,Copenaghen_RL,Moraxella_A,81,0.005640994692307692,forecasted
4975,Rome,Moraxella_A,81,0.006090119923076924,forecasted
4976,Rotterdam,Moraxella_A,81,0.006539245153846154,forecasted
4977,Bologna,Moraxella_A,82,0.008680573557692308,forecasted
4978,Budapest,Moraxella_A,82,0.008680573557692308,forecasted
4979,Copenaghen_RA,Moraxella_A,82,0.008680573557692308,forecasted
4980,Copenaghen_RD,Moraxella_A,82,0.007526215673076923,forecasted
4981,Copenaghen_RL,Moraxella_A,82,0.008680573557692308,forecasted
4982,Rome,Moraxella_A,82,0.00945014548076923,forecasted
4983,Rotterdam,Moraxella_A,82,0.00906535951923077,forecasted
4984,Bologna,Moraxella_A,83,0.007956321673076923,forecasted
4985,Budapest,Moraxella_A,83,0.007062233711538462,forecasted
4986,Copenaghen_RA,Moraxella_A,83,0.007956321673076923,forecasted
4987,Copenaghen_RD,Moraxella_A,83,0.007956321673076923,forecasted
4988,Copenaghen_RL,Moraxella_A,83,0.007956321673076923,forecasted
4989,Rome,Moraxella_A,83,0.007062233711538462,forecasted
4990,Rotterdam,Moraxella_A,83,0.007062233711538462,forecasted
4991,Bologna,Moraxella_A,84,0.0003829072722307692,forecasted
4992,Budapest,Moraxella_A,84,0.0003829072722307692,forecasted
4993,Copenaghen_RA,Moraxella_A,84,0.0003829072722307692,forecasted
4994,Copenaghen_RD,Moraxella_A,84,0.0003829072722307692,forecasted
4995,Copenaghen_RL,Moraxella_A,84,0.0003829072722307692,forecasted
4996,Rome,Moraxella_A,84,0.0003829072722307692,forecasted
4997,Rotterdam,Moraxella_A,84,0.0003829072722307692,forecasted
4998,Bologna,Moraxella_A,85,0.006215350615384616,forecasted
4999,Budapest,Moraxella_A,85,0.007156896461538462,forecasted
5000,Copenaghen_RA,Moraxella_A,85,0.007156896461538462,forecasted
5001,Copenaghen_RD,Moraxella_A,85,0.006215350615384616,forecasted
5002,Copenaghen_RL,Moraxella_A,85,0.00668612353846154,forecasted
5003,Rome,Moraxella_A,85,0.00668612353846154,forecasted
5004,Rotterdam,Moraxella_A,85,0.007627669384615385,forecasted
5005,Bologna,Moraxella_A,86,0.0022091458461538462,forecasted
5006,Budapest,Moraxella_A,86,0.0020704275384615385,forecasted
5007,Copenaghen_RA,Moraxella_A,86,0.0022091458461538462,forecasted
5008,Copenaghen_RD,Moraxella_A,86,0.0020704275384615385,forecasted
5009,Copenaghen_RL,Moraxella_A,86,0.0019317092307692308,forecasted
5010,Rome,Moraxella_A,86,0.0022091458461538462,forecasted
5011,Rotterdam,Moraxella_A,86,0.0019317092307692308,forecasted
5012,Bologna,Moraxella_A,87,0.006893175961538461,forecasted
5013,Budapest,Moraxella_A,87,0.007653554807692307,forecasted
5014,Copenaghen_RA,Moraxella_A,87,0.007653554807692307,forecasted
5015,Copenaghen_RD,Moraxella_A,87,0.007146635576923077,forecasted
5016,Copenaghen_RL,Moraxella_A,87,0.007146635576923077,forecasted
5017,Rome,Moraxella_A,87,0.008160474038461537,forecasted
5018,Rotterdam,Moraxella_A,87,0.007653554807692307,forecasted
5019,Bologna,Moraxella_A,88,0.02064349853846154,forecasted
5020,Budapest,Moraxella_A,88,0.01952549546153846,forecasted
5021,Copenaghen_RA,Moraxella_A,88,0.02064349853846154,forecasted
5022,Copenaghen_RD,Moraxella_A,88,0.02064349853846154,forecasted
5023,Copenaghen_RL,Moraxella_A,88,0.018407492384615382,forecasted
5024,Rome,Moraxella_A,88,0.02064349853846154,forecasted
5025,Rotterdam,Moraxella_A,88,0.02287950469230769,forecasted
5026,Bologna,Moraxella_A,89,0.0010865132094230769,forecasted
5027,Budapest,Moraxella_A,89,0.0010865132094230769,forecasted
5028,Copenaghen_RA,Moraxella_A,89,0.0010865132094230769,forecasted
5029,Copenaghen_RD,Moraxella_A,89,0.0010865132094230769,forecasted
5030,Copenaghen_RL,Moraxella_A,89,0.0010865132094230769,forecasted
5031,Rome,Moraxella_A,89,0.0010865132094230769,forecasted
5032,Rotterdam,Moraxella_A,89,0.0010865132094230769,forecasted
5033,Bologna,Moraxella_A,90,0.013700426019230771,forecasted
5034,Budapest,Moraxella_A,90,0.016337386865384617,forecasted
5035,Copenaghen_RA,Moraxella_A,90,0.011063465173076926,forecasted
5036,Copenaghen_RD,Moraxella_A,90,0.013700426019230771,forecasted
5037,Copenaghen_RL,Moraxella_A,90,0.017655867288461538,forecasted
5038,Rome,Moraxella_A,90,0.015018906442307692,forecasted
5039,Rotterdam,Moraxella_A,90,0.011063465173076926,forecasted
5040,Bologna,Neisseria,60,,forecasted
5041,Budapest,Neisseria,60,,forecasted
5042,Copenaghen_RA,Neisseria,60,,forecasted
5043,Copenaghen_RD,Neisseria,60,0.01702746444230769,forecasted
5044,Copenaghen_RL,Neisseria,60,0.02556687994230769,forecasted
5045,Rome,Neisseria,60,0.009136387642192309,forecasted
5046,Rotterdam,Neisseria,60,,forecasted
5047,Bologna,Neisseria,61,0.005594170950653846,forecasted
5048,Budapest,Neisseria,61,,forecasted
5049,Copenaghen_RA,Neisseria,61,0.022940966403846155,forecasted
5050,Copenaghen_RD,Neisseria,61,0.007683720173076923,forecasted
5051,Copenaghen_RL,Neisseria,61,0.013925320903846156,forecasted
5052,Rome,Neisseria,61,,forecasted
5053,Rotterdam,Neisseria,61,,forecasted
5054,Bologna,Neisseria,62,,forecasted
5055,Budapest,Neisseria,62,,forecasted
5056,Copenaghen_RA,Neisseria,62,,forecasted
5057,Copenaghen_RD,Neisseria,62,,forecasted
5058,Copenaghen_RL,Neisseria,62,,forecasted
5059,Rome,Neisseria,62,0.00917238225,forecasted
5060,Rotterdam,Neisseria,62,0.0057275543705,forecasted
5061,Bologna,Neisseria,63,0.005106861662846154,forecasted
5062,Budapest,Neisseria,63,,forecasted
5063,Copenaghen_RA,Neisseria,63,,forecasted
5064,Copenaghen_RD,Neisseria,63,,forecasted
5065,Copenaghen_RL,Neisseria,63,0.03034496134615385,forecasted
5066,Rome,Neisseria,63,0.007137977269230769,forecasted
5067,Rotterdam,Neisseria,63,,forecasted
5068,Bologna,Neisseria,64,,forecasted
5069,Budapest,Neisseria,64,,forecasted
5070,Copenaghen_RA,Neisseria,64,0.017328161692307692,forecasted
5071,Copenaghen_RD,Neisseria,64,0.009813685692307693,forecasted
5072,Copenaghen_RL,Neisseria,64,0.017328161692307692,forecasted
5073,Rome,Neisseria,64,,forecasted
5074,Rotterdam,Neisseria,64,0.002869731831692308,forecasted
5075,Bologna,Neisseria,65,0.034435520942307694,forecasted
5076,Budapest,Neisseria,65,,forecasted
5077,Copenaghen_RA,Neisseria,65,0.01034663475,forecasted
5078,Copenaghen_RD,Neisseria,65,0.01795365144230769,forecasted
5079,Copenaghen_RL,Neisseria,65,0.016685815326923075,forecasted
5080,Rome,Neisseria,65,,forecasted
5081,Rotterdam,Neisseria,65,0.0027231361881923074,forecasted
5082,Bologna,Neisseria,66,,forecasted
5083,Budapest,Neisseria,66,,forecasted
5084,Copenaghen_RA,Neisseria,66,,forecasted
5085,Copenaghen_RD,Neisseria,66,,forecasted
5086,Copenaghen_RL,Neisseria,66,,forecasted
5087,Rome,Neisseria,66,0.0024026255877692307,forecasted
5088,Rotterdam,Neisseria,66,,forecasted
5089,Bologna,Neisseria,67,0.024344149326923074,forecasted
5090,Budapest,Neisseria,67,0.05649147313461538,forecasted
5091,Copenaghen_RA,Neisseria,67,0.024344149326923074,forecasted
5092,Copenaghen_RD,Neisseria,67,0.021530559638884617,forecasted
5093,Copenaghen_RL,Neisseria,67,0.032730407711538456,forecasted
5094,Rome,Neisseria,67,,forecasted
5095,Rotterdam,Neisseria,67,,forecasted
5096,Bologna,Neisseria,68,,forecasted
5097,Budapest,Neisseria,68,0.030285613000000003,forecasted
5098,Copenaghen_RA,Neisseria,68,0.030285613000000003,forecasted
5099,Copenaghen_RD,Neisseria,68,0.010225033000000001,forecasted
5100,Copenaghen_RL,Neisseria,68,0.032397253,forecasted
5101,Rome,Neisseria,68,0.007057573,forecasted
5102,Rotterdam,Neisseria,68,0.00598802734,forecasted
5103,Bologna,Neisseria,69,0.080686917,forecasted
5104,Budapest,Neisseria,69,0.027824013,forecasted
5105,Copenaghen_RA,Neisseria,69,0.013139873,forecasted
5106,Copenaghen_RD,Neisseria,69,0.007228038236,forecasted
5107,Copenaghen_RL,Neisseria,69,0.021950357,forecasted
5108,Rome,Neisseria,69,,forecasted
5109,Rotterdam,Neisseria,69,,forecasted
5110,Bologna,Neisseria,70,0.019944335461538464,forecasted
5111,Budapest,Neisseria,70,0.02155209561538462,forecasted
5112,Copenaghen_RA,Neisseria,70,0.02155209561538462,forecasted
5113,Copenaghen_RD,Neisseria,70,0.019944335461538464,forecasted
5114,Copenaghen_RL,Neisseria,70,0.019944335461538464,forecasted
5115,Rome,Neisseria,70,0.019944335461538464,forecasted
5116,Rotterdam,Neisseria,70,0.019944335461538464,forecasted
5117,Bologna,Neisseria,71,0.02083996940384615,forecasted
5118,Budapest,Neisseria,71,0.020219440288461538,forecasted
5119,Copenaghen_RA,Neisseria,71,0.02083996940384615,forecasted
5120,Copenaghen_RD,Neisseria,71,0.020219440288461538,forecasted
5121,Copenaghen_RL,Neisseria,71,0.02146049851923077,forecasted
5122,Rome,Neisseria,71,0.022701556749999997,forecasted
5123,Rotterdam,Neisseria,71,0.02083996940384615,forecasted
5124,Bologna,Neisseria,72,0.027607538,forecasted
5125,Budapest,Neisseria,72,0.030391061999999996,forecasted
5126,Copenaghen_RA,Neisseria,72,0.030391061999999996,forecasted
5127,Copenaghen_RD,Neisseria,72,0.027607538,forecasted
5128,Copenaghen_RL,Neisseria,72,0.030391061999999996,forecasted
5129,Rome,Neisseria,72,0.030391061999999996,forecasted
5130,Rotterdam,Neisseria,72,0.030391061999999996,forecasted
5131,Bologna,Neisseria,73,0.02564738698076923,forecasted
5132,Budapest,Neisseria,73,0.02250855567307692,forecasted
5133,Copenaghen_RA,Neisseria,73,0.02250855567307692,forecasted
5134,Copenaghen_RD,Neisseria,73,0.02250855567307692,forecasted
5135,Copenaghen_RL,Neisseria,73,0.024077971326923076,forecasted
5136,Rome,Neisseria,73,0.020939140019230768,forecasted
5137,Rotterdam,Neisseria,73,0.024077971326923076,forecasted
5138,Bologna,Neisseria,74,0.02448754625,forecasted
5139,Budapest,Neisseria,74,0.02768372798076923,forecasted
5140,Copenaghen_RA,Neisseria,74,0.030879909711538464,forecasted
5141,Copenaghen_RD,Neisseria,74,0.030879909711538464,forecasted
5142,Copenaghen_RL,Neisseria,74,0.02768372798076923,forecasted
5143,Rome,Neisseria,74,0.02768372798076923,forecasted
5144,Rotterdam,Neisseria,74,0.030879909711538464,forecasted
5145,Bologna,Neisseria,75,0.01252765544230769,forecasted
5146,Budapest,Neisseria,75,0.011277312288461537,forecasted
5147,Copenaghen_RA,Neisseria,75,0.011902483865384613,forecasted
5148,Copenaghen_RD,Neisseria,75,0.01252765544230769,forecasted
5149,Copenaghen_RL,Neisseria,75,0.011277312288461537,forecasted
5150,Rome,Neisseria,75,0.011277312288461537,forecasted
5151,Rotterdam,Neisseria,75,0.011902483865384613,forecasted
5152,Bologna,Neisseria,77,0.020599033576923075,forecasted
5153,Budapest,Neisseria,77,0.02438895096153846,forecasted
5154,Copenaghen_RA,Neisseria,77,0.022493992269230767,forecasted
5155,Copenaghen_RD,Neisseria,77,0.020599033576923075,forecasted
5156,Copenaghen_RL,Neisseria,77,0.022493992269230767,forecasted
5157,Rome,Neisseria,77,0.020599033576923075,forecasted
5158,Rotterdam,Neisseria,77,0.020599033576923075,forecasted
5159,Bologna,Neisseria,78,0.020744913596153845,forecasted
5160,Budapest,Neisseria,78,0.023308381211538456,forecasted
5161,Copenaghen_RA,Neisseria,78,0.02202664740384615,forecasted
5162,Copenaghen_RD,Neisseria,78,0.02202664740384615,forecasted
5163,Copenaghen_RL,Neisseria,78,0.020744913596153845,forecasted
5164,Rome,Neisseria,78,0.020744913596153845,forecasted
5165,Rotterdam,Neisseria,78,0.024590115019230765,forecasted
5166,Bologna,Neisseria,79,0.01375754401923077,forecasted
5167,Budapest,Neisseria,79,0.011492764980769232,forecasted
5168,Copenaghen_RA,Neisseria,79,0.01375754401923077,forecasted
5169,Copenaghen_RD,Neisseria,79,0.012247691326923077,forecasted
5170,Copenaghen_RL,Neisseria,79,0.010737838634615386,forecasted
5171,Rome,Neisseria,79,0.01375754401923077,forecasted
5172,Rotterdam,Neisseria,79,0.01375754401923077,forecasted
5173,Bologna,Neisseria,80,0.013078485903846152,forecasted
5174,Budapest,Neisseria,80,0.017017421980769228,forecasted
5175,Copenaghen_RA,Neisseria,80,0.017017421980769228,forecasted
5176,Copenaghen_RD,Neisseria,80,0.017017421980769228,forecasted
5177,Copenaghen_RL,Neisseria,80,0.006513592442307691,forecasted
5178,Rome,Neisseria,80,0.007170081788461537,forecasted
5179,Rotterdam,Neisseria,80,0.013734975249999998,forecasted
5180,Bologna,Neisseria,81,0.01420810023076923,forecasted
5181,Budapest,Neisseria,81,0.013032830384615383,forecasted
5182,Copenaghen_RA,Neisseria,81,0.014795735153846152,forecasted
5183,Copenaghen_RD,Neisseria,81,0.013620465307692307,forecasted
5184,Copenaghen_RL,Neisseria,81,0.01420810023076923,forecasted
5185,Rome,Neisseria,81,0.013620465307692307,forecasted
5186,Rotterdam,Neisseria,81,0.015383370076923076,forecasted
5187,Bologna,Neisseria,82,0.015032362846153845,forecasted
5188,Budapest,Neisseria,82,0.015032362846153845,forecasted
5189,Copenaghen_RA,Neisseria,82,0.013850964384615385,forecasted
5190,Copenaghen_RD,Neisseria,82,0.015032362846153845,forecasted
5191,Copenaghen_RL,Neisseria,82,0.015032362846153845,forecasted
5192,Rome,Neisseria,82,0.01739515976923077,forecasted
5193,Rotterdam,Neisseria,82,0.015032362846153845,forecasted
5194,Bologna,Neisseria,83,0.012567930980769231,forecasted
5195,Budapest,Neisseria,83,0.012567930980769231,forecasted
5196,Copenaghen_RA,Neisseria,83,0.012567930980769231,forecasted
5197,Copenaghen_RD,Neisseria,83,0.01178336725,forecasted
5198,Copenaghen_RL,Neisseria,83,0.012567930980769231,forecasted
5199,Rome,Neisseria,83,0.013352494711538463,forecasted
5200,Rotterdam,Neisseria,83,0.012567930980769231,forecasted
5201,Bologna,Neisseria,84,0.008441606310346152,forecasted
5202,Budapest,Neisseria,84,0.008441606310346152,forecasted
5203,Copenaghen_RA,Neisseria,84,0.008441606310346152,forecasted
5204,Copenaghen_RD,Neisseria,84,0.008441606310346152,forecasted
5205,Copenaghen_RL,Neisseria,84,0.008441606310346152,forecasted
5206,Rome,Neisseria,84,0.008441606310346152,forecasted
5207,Rotterdam,Neisseria,84,0.008441606310346152,forecasted
5208,Bologna,Neisseria,85,0.004518823903846154,forecasted
5209,Budapest,Neisseria,85,0.004607757096153846,forecasted
5210,Copenaghen_RA,Neisseria,85,0.004785623480769231,forecasted
5211,Copenaghen_RD,Neisseria,85,0.0044298907115384615,forecasted
5212,Copenaghen_RL,Neisseria,85,0.004607757096153846,forecasted
5213,Rome,Neisseria,85,0.004607757096153846,forecasted
5214,Rotterdam,Neisseria,85,0.004518823903846154,forecasted
5215,Bologna,Neisseria,86,0.009050768384615385,forecasted
5216,Budapest,Neisseria,86,0.009050768384615385,forecasted
5217,Copenaghen_RA,Neisseria,86,0.009050768384615385,forecasted
5218,Copenaghen_RD,Neisseria,86,0.008418518538461539,forecasted
5219,Copenaghen_RL,Neisseria,86,0.009050768384615385,forecasted
5220,Rome,Neisseria,86,0.008734643461538462,forecasted
5221,Rotterdam,Neisseria,86,0.009050768384615385,forecasted
5222,Bologna,Neisseria,87,0.018050609326923078,forecasted
5223,Budapest,Neisseria,87,0.016917787442307694,forecasted
5224,Copenaghen_RA,Neisseria,87,0.018050609326923078,forecasted
5225,Copenaghen_RD,Neisseria,87,0.018050609326923078,forecasted
5226,Copenaghen_RL,Neisseria,87,0.018050609326923078,forecasted
5227,Rome,Neisseria,87,0.016917787442307694,forecasted
5228,Rotterdam,Neisseria,87,0.014652143673076923,forecasted
5229,Bologna,Neisseria,88,0.02731155084615385,forecasted
5230,Budapest,Neisseria,88,0.025687611153846157,forecasted
5231,Copenaghen_RA,Neisseria,88,0.02731155084615385,forecasted
5232,Copenaghen_RD,Neisseria,88,0.02731155084615385,forecasted
5233,Copenaghen_RL,Neisseria,88,0.025687611153846157,forecasted
5234,Rome,Neisseria,88,0.02243973176923077,forecasted
5235,Rotterdam,Neisseria,88,0.02731155084615385,forecasted
5236,Bologna,Neisseria,89,0.003907938688884616,forecasted
5237,Budapest,Neisseria,89,0.003907938688884616,forecasted
5238,Copenaghen_RA,Neisseria,89,0.003907938688884616,forecasted
5239,Copenaghen_RD,Neisseria,89,0.003907938688884616,forecasted
5240,Copenaghen_RL,Neisseria,89,0.003907938688884616,forecasted
5241,Rome,Neisseria,89,0.003907938688884616,forecasted
5242,Rotterdam,Neisseria,89,0.003907938688884616,forecasted
5243,Bologna,Neisseria,90,0.020015112384615386,forecasted
5244,Budapest,Neisseria,90,0.019163337615384617,forecasted
5245,Copenaghen_RA,Neisseria,90,0.018311562846153845,forecasted
5246,Copenaghen_RD,Neisseria,90,0.018311562846153845,forecasted
5247,Copenaghen_RL,Neisseria,90,0.019163337615384617,forecasted
5248,Rome,Neisseria,90,0.019163337615384617,forecasted
5249,Rotterdam,Neisseria,90,0.020015112384615386,forecasted
5250,Bologna,Novosphingobium,60,,forecasted
5251,Budapest,Novosphingobium,60,,forecasted
5252,Copenaghen_RA,Novosphingobium,60,,forecasted
5253,Copenaghen_RD,Novosphingobium,60,0.0003024877725384615,forecasted
5254,Copenaghen_RL,Novosphingobium,60,0.0003024877725384615,forecasted
5255,Rome,Novosphingobium,60,0.0021942190384615385,forecasted
5256,Rotterdam,Novosphingobium,60,,forecasted
5257,Bologna,Novosphingobium,61,0.00491882476923077,forecasted
5258,Budapest,Novosphingobium,61,,forecasted
5259,Copenaghen_RA,Novosphingobium,61,0.00044991769230769233,forecasted
5260,Copenaghen_RD,Novosphingobium,61,0.0002612925727692308,forecasted
5261,Copenaghen_RL,Novosphingobium,61,0.00044991769230769233,forecasted
5262,Rome,Novosphingobium,61,,forecasted
5263,Rotterdam,Novosphingobium,61,,forecasted
5264,Bologna,Novosphingobium,62,,forecasted
5265,Budapest,Novosphingobium,62,,forecasted
5266,Copenaghen_RA,Novosphingobium,62,,forecasted
5267,Copenaghen_RD,Novosphingobium,62,,forecasted
5268,Copenaghen_RL,Novosphingobium,62,,forecasted
5269,Rome,Novosphingobium,62,0.0007312818076923076,forecasted
5270,Rotterdam,Novosphingobium,62,0.0005761415613076923,forecasted
5271,Bologna,Novosphingobium,63,0.0026875686346153845,forecasted
5272,Budapest,Novosphingobium,63,,forecasted
5273,Copenaghen_RA,Novosphingobium,63,,forecasted
5274,Copenaghen_RD,Novosphingobium,63,,forecasted
5275,Copenaghen_RL,Novosphingobium,63,0.00021611587788461538,forecasted
5276,Rome,Novosphingobium,63,0.0010078542115384615,forecasted
5277,Rotterdam,Novosphingobium,63,,forecasted
5278,Bologna,Novosphingobium,64,,forecasted
5279,Budapest,Novosphingobium,64,,forecasted
5280,Copenaghen_RA,Novosphingobium,64,0.00018524347334615386,forecasted
5281,Copenaghen_RD,Novosphingobium,64,0.0002714820192307692,forecasted
5282,Copenaghen_RL,Novosphingobium,64,0.00018524347334615386,forecasted
5283,Rome,Novosphingobium,64,,forecasted
5284,Rotterdam,Novosphingobium,64,0.0012568205961538462,forecasted
5285,Bologna,Novosphingobium,65,0.0013514212300384616,forecasted
5286,Budapest,Novosphingobium,65,,forecasted
5287,Copenaghen_RA,Novosphingobium,65,0.0013514212300384616,forecasted
5288,Copenaghen_RD,Novosphingobium,65,0.0013514212300384616,forecasted
5289,Copenaghen_RL,Novosphingobium,65,0.0013514212300384616,forecasted
5290,Rome,Novosphingobium,65,,forecasted
5291,Rotterdam,Novosphingobium,65,0.057884613788461534,forecasted
5292,Bologna,Novosphingobium,66,,forecasted
5293,Budapest,Novosphingobium,66,,forecasted
5294,Copenaghen_RA,Novosphingobium,66,,forecasted
5295,Copenaghen_RD,Novosphingobium,66,,forecasted
5296,Copenaghen_RL,Novosphingobium,66,,forecasted
5297,Rome,Novosphingobium,66,0.000548697895423077,forecasted
5298,Rotterdam,Novosphingobium,66,,forecasted
5299,Bologna,Novosphingobium,67,0.0007465526538461539,forecasted
5300,Budapest,Novosphingobium,67,0.00527735626923077,forecasted
5301,Copenaghen_RA,Novosphingobium,67,0.0003500088417692308,forecasted
5302,Copenaghen_RD,Novosphingobium,67,0.0005495611923076924,forecasted
5303,Copenaghen_RL,Novosphingobium,67,0.0003500088417692308,forecasted
5304,Rome,Novosphingobium,67,,forecasted
5305,Rotterdam,Novosphingobium,67,,forecasted
5306,Bologna,Novosphingobium,68,,forecasted
5307,Budapest,Novosphingobium,68,0.001590549423076923,forecasted
5308,Copenaghen_RA,Novosphingobium,68,0.00024547149992307693,forecasted
5309,Copenaghen_RD,Novosphingobium,68,0.0003537208846153846,forecasted
5310,Copenaghen_RL,Novosphingobium,68,0.0003537208846153846,forecasted
5311,Rome,Novosphingobium,68,0.0005688214999999999,forecasted
5312,Rotterdam,Novosphingobium,68,0.001590549423076923,forecasted
5313,Bologna,Novosphingobium,69,0.0011798239615384617,forecasted
5314,Budapest,Novosphingobium,69,0.0021471289615384616,forecasted
5315,Copenaghen_RA,Novosphingobium,69,0.0002859597334615385,forecasted
5316,Copenaghen_RD,Novosphingobium,69,0.0002859597334615385,forecasted
5317,Copenaghen_RL,Novosphingobium,69,0.0002859597334615385,forecasted
5318,Rome,Novosphingobium,69,,forecasted
5319,Rotterdam,Novosphingobium,69,,forecasted
5320,Bologna,Novosphingobium,70,0.0008383450000000001,forecasted
5321,Budapest,Novosphingobium,70,0.0007505985384615385,forecasted
5322,Copenaghen_RA,Novosphingobium,70,0.0006628520769230771,forecasted
5323,Copenaghen_RD,Novosphingobium,70,0.0010138379230769231,forecasted
5324,Copenaghen_RL,Novosphingobium,70,0.0009260914615384617,forecasted
5325,Rome,Novosphingobium,70,0.0007505985384615385,forecasted
5326,Rotterdam,Novosphingobium,70,0.0009260914615384617,forecasted
5327,Bologna,Novosphingobium,71,0.0003716019230769231,forecasted
5328,Budapest,Novosphingobium,71,0.0003716019230769231,forecasted
5329,Copenaghen_RA,Novosphingobium,71,0.00039041438461538463,forecasted
5330,Copenaghen_RD,Novosphingobium,71,0.00040922684615384616,forecasted
5331,Copenaghen_RL,Novosphingobium,71,0.00039041438461538463,forecasted
5332,Rome,Novosphingobium,71,0.00039041438461538463,forecasted
5333,Rotterdam,Novosphingobium,71,0.0003527894615384616,forecasted
5334,Bologna,Novosphingobium,72,0.00029044840384615385,forecasted
5335,Budapest,Novosphingobium,72,0.00032973651923076924,forecasted
5336,Copenaghen_RA,Novosphingobium,72,0.0003035444423076923,forecasted
5337,Copenaghen_RD,Novosphingobium,72,0.00029044840384615385,forecasted
5338,Copenaghen_RL,Novosphingobium,72,0.00032973651923076924,forecasted
5339,Rome,Novosphingobium,72,0.00031664048076923077,forecasted
5340,Rotterdam,Novosphingobium,72,0.00029044840384615385,forecasted
5341,Bologna,Novosphingobium,73,0.0007512244134615384,forecasted
5342,Budapest,Novosphingobium,73,0.0006949748942307693,forecasted
5343,Copenaghen_RA,Novosphingobium,73,0.0007512244134615384,forecasted
5344,Copenaghen_RD,Novosphingobium,73,0.0006949748942307693,forecasted
5345,Copenaghen_RL,Novosphingobium,73,0.0007512244134615384,forecasted
5346,Rome,Novosphingobium,73,0.0007512244134615384,forecasted
5347,Rotterdam,Novosphingobium,73,0.0007512244134615384,forecasted
5348,Bologna,Novosphingobium,74,0.0013666703076923076,forecasted
5349,Budapest,Novosphingobium,74,0.0010879096923076923,forecasted
5350,Copenaghen_RA,Novosphingobium,74,0.0015060506153846153,forecasted
5351,Copenaghen_RD,Novosphingobium,74,0.00122729,forecasted
5352,Copenaghen_RL,Novosphingobium,74,0.0013666703076923076,forecasted
5353,Rome,Novosphingobium,74,0.001645430923076923,forecasted
5354,Rotterdam,Novosphingobium,74,0.001645430923076923,forecasted
5355,Bologna,Novosphingobium,75,0.0005001685576923078,forecasted
5356,Budapest,Novosphingobium,75,0.0005184988269230769,forecasted
5357,Copenaghen_RA,Novosphingobium,75,0.0005368290961538461,forecasted
5358,Copenaghen_RD,Novosphingobium,75,0.0005368290961538461,forecasted
5359,Copenaghen_RL,Novosphingobium,75,0.0005184988269230769,forecasted
5360,Rome,Novosphingobium,75,0.0005184988269230769,forecasted
5361,Rotterdam,Novosphingobium,75,0.0005001685576923078,forecasted
5362,Bologna,Novosphingobium,77,0.001733343173076923,forecasted
5363,Budapest,Novosphingobium,77,0.001733343173076923,forecasted
5364,Copenaghen_RA,Novosphingobium,77,0.0015773233653846154,forecasted
5365,Copenaghen_RD,Novosphingobium,77,0.001733343173076923,forecasted
5366,Copenaghen_RL,Novosphingobium,77,0.0015773233653846154,forecasted
5367,Rome,Novosphingobium,77,0.0015773233653846154,forecasted
5368,Rotterdam,Novosphingobium,77,0.001733343173076923,forecasted
5369,Bologna,Novosphingobium,78,0.0005395303461538461,forecasted
5370,Budapest,Novosphingobium,78,0.0005786175,forecasted
5371,Copenaghen_RA,Novosphingobium,78,0.0005786175,forecasted
5372,Copenaghen_RD,Novosphingobium,78,0.0005786175,forecasted
5373,Copenaghen_RL,Novosphingobium,78,0.0008913147307692308,forecasted
5374,Rome,Novosphingobium,78,0.0005395303461538461,forecasted
5375,Rotterdam,Novosphingobium,78,0.0009304018846153846,forecasted
5376,Bologna,Novosphingobium,79,0.009329407634615386,forecasted
5377,Budapest,Novosphingobium,79,0.010608415096153845,forecasted
5378,Copenaghen_RA,Novosphingobium,79,0.009968911365384615,forecasted
5379,Copenaghen_RD,Novosphingobium,79,0.008689903903846153,forecasted
5380,Copenaghen_RL,Novosphingobium,79,0.009968911365384615,forecasted
5381,Rome,Novosphingobium,79,0.010608415096153845,forecasted
5382,Rotterdam,Novosphingobium,79,0.009968911365384615,forecasted
5383,Bologna,Novosphingobium,80,0.0003736809711538462,forecasted
5384,Budapest,Novosphingobium,80,0.0003538286826923077,forecasted
5385,Copenaghen_RA,Novosphingobium,80,0.0003736809711538462,forecasted
5386,Copenaghen_RD,Novosphingobium,80,0.0003736809711538462,forecasted
5387,Copenaghen_RL,Novosphingobium,80,0.0003339763942307693,forecasted
5388,Rome,Novosphingobium,80,0.0003736809711538462,forecasted
5389,Rotterdam,Novosphingobium,80,0.0003736809711538462,forecasted
5390,Bologna,Novosphingobium,81,0.0011020317115384617,forecasted
5391,Budapest,Novosphingobium,81,0.0011020317115384617,forecasted
5392,Copenaghen_RA,Novosphingobium,81,0.0012770910192307693,forecasted
5393,Copenaghen_RD,Novosphingobium,81,0.0009269724038461539,forecasted
5394,Copenaghen_RL,Novosphingobium,81,0.0009269724038461539,forecasted
5395,Rome,Novosphingobium,81,0.0012770910192307693,forecasted
5396,Rotterdam,Novosphingobium,81,0.0011895613653846154,forecasted
5397,Bologna,Novosphingobium,82,0.0005658352884615384,forecasted
5398,Budapest,Novosphingobium,82,0.0005956353269230769,forecasted
5399,Copenaghen_RA,Novosphingobium,82,0.0005360352499999999,forecasted
5400,Copenaghen_RD,Novosphingobium,82,0.0005956353269230769,forecasted
5401,Copenaghen_RL,Novosphingobium,82,0.0005658352884615384,forecasted
5402,Rome,Novosphingobium,82,0.0005062352115384615,forecasted
5403,Rotterdam,Novosphingobium,82,0.0005062352115384615,forecasted
5404,Bologna,Novosphingobium,83,0.0009556082115384617,forecasted
5405,Budapest,Novosphingobium,83,0.0008889694807692309,forecasted
5406,Copenaghen_RA,Novosphingobium,83,0.0009556082115384617,forecasted
5407,Copenaghen_RD,Novosphingobium,83,0.0009556082115384617,forecasted
5408,Copenaghen_RL,Novosphingobium,83,0.0009556082115384617,forecasted
5409,Rome,Novosphingobium,83,0.0010222469423076925,forecasted
5410,Rotterdam,Novosphingobium,83,0.0009556082115384617,forecasted
5411,Bologna,Novosphingobium,84,0.0005988999645,forecasted
5412,Budapest,Novosphingobium,84,0.0005988999645,forecasted
5413,Copenaghen_RA,Novosphingobium,84,0.0005988999645,forecasted
5414,Copenaghen_RD,Novosphingobium,84,0.0005988999645,forecasted
5415,Copenaghen_RL,Novosphingobium,84,0.0005988999645,forecasted
5416,Rome,Novosphingobium,84,0.0005988999645,forecasted
5417,Rotterdam,Novosphingobium,84,0.0005988999645,forecasted
5418,Bologna,Novosphingobium,85,0.00048303138461538455,forecasted
5419,Budapest,Novosphingobium,85,0.0004835898461538462,forecasted
5420,Copenaghen_RA,Novosphingobium,85,0.00048303138461538455,forecasted
5421,Copenaghen_RD,Novosphingobium,85,0.00048275215384615384,forecasted
5422,Copenaghen_RL,Novosphingobium,85,0.00048303138461538455,forecasted
5423,Rome,Novosphingobium,85,0.00048331061538461537,forecasted
5424,Rotterdam,Novosphingobium,85,0.00048303138461538455,forecasted
5425,Bologna,Novosphingobium,86,0.0017716754615384614,forecasted
5426,Budapest,Novosphingobium,86,0.0017716754615384614,forecasted
5427,Copenaghen_RA,Novosphingobium,86,0.0016138993076923076,forecasted
5428,Copenaghen_RD,Novosphingobium,86,0.0016138993076923076,forecasted
5429,Copenaghen_RL,Novosphingobium,86,0.0014561231538461538,forecasted
5430,Rome,Novosphingobium,86,0.0016138993076923076,forecasted
5431,Rotterdam,Novosphingobium,86,0.0014561231538461538,forecasted
5432,Bologna,Novosphingobium,87,0.002785315230769231,forecasted
5433,Budapest,Novosphingobium,87,0.002631557692307692,forecasted
5434,Copenaghen_RA,Novosphingobium,87,0.003092830307692308,forecasted
5435,Copenaghen_RD,Novosphingobium,87,0.002785315230769231,forecasted
5436,Copenaghen_RL,Novosphingobium,87,0.002785315230769231,forecasted
5437,Rome,Novosphingobium,87,0.002785315230769231,forecasted
5438,Rotterdam,Novosphingobium,87,0.002785315230769231,forecasted
5439,Bologna,Novosphingobium,88,0.0031780970384615386,forecasted
5440,Budapest,Novosphingobium,88,0.003592431653846154,forecasted
5441,Copenaghen_RA,Novosphingobium,88,0.003592431653846154,forecasted
5442,Copenaghen_RD,Novosphingobium,88,0.002970929730769231,forecasted
5443,Copenaghen_RL,Novosphingobium,88,0.003592431653846154,forecasted
5444,Rome,Novosphingobium,88,0.003592431653846154,forecasted
5445,Rotterdam,Novosphingobium,88,0.0033852643461538463,forecasted
5446,Bologna,Novosphingobium,89,5.978120063461538e-05,forecasted
5447,Budapest,Novosphingobium,89,5.978120063461538e-05,forecasted
5448,Copenaghen_RA,Novosphingobium,89,5.978120063461538e-05,forecasted
5449,Copenaghen_RD,Novosphingobium,89,5.978120063461538e-05,forecasted
5450,Copenaghen_RL,Novosphingobium,89,5.978120063461538e-05,forecasted
5451,Rome,Novosphingobium,89,5.978120063461538e-05,forecasted
5452,Rotterdam,Novosphingobium,89,5.978120063461538e-05,forecasted
5453,Bologna,Novosphingobium,90,0.001257407326923077,forecasted
5454,Budapest,Novosphingobium,90,0.001257407326923077,forecasted
5455,Copenaghen_RA,Novosphingobium,90,0.0011721960192307692,forecasted
5456,Copenaghen_RD,Novosphingobium,90,0.0011721960192307692,forecasted
5457,Copenaghen_RL,Novosphingobium,90,0.0013000129807692307,forecasted
5458,Rome,Novosphingobium,90,0.0012148016730769234,forecasted
5459,Rotterdam,Novosphingobium,90,0.0013000129807692307,forecasted
5460,Bologna,Ottowia,60,,forecasted
5461,Budapest,Ottowia,60,,forecasted
5462,Copenaghen_RA,Ottowia,60,,forecasted
5463,Copenaghen_RD,Ottowia,60,0.04683989301923077,forecasted
5464,Copenaghen_RL,Ottowia,60,0.026722789557692306,forecasted
5465,Rome,Ottowia,60,0.010897813813269232,forecasted
5466,Rotterdam,Ottowia,60,,forecasted
5467,Bologna,Ottowia,61,0.06450091230769231,forecasted
5468,Budapest,Ottowia,61,,forecasted
5469,Copenaghen_RA,Ottowia,61,0.009457620056307691,forecasted
5470,Copenaghen_RD,Ottowia,61,0.01388740246153846,forecasted
5471,Copenaghen_RL,Ottowia,61,0.03149210153846154,forecasted
5472,Rome,Ottowia,61,,forecasted
5473,Rotterdam,Ottowia,61,,forecasted
5474,Bologna,Ottowia,62,,forecasted
5475,Budapest,Ottowia,62,,forecasted
5476,Copenaghen_RA,Ottowia,62,,forecasted
5477,Copenaghen_RD,Ottowia,62,,forecasted
5478,Copenaghen_RL,Ottowia,62,,forecasted
5479,Rome,Ottowia,62,0.007728522463846154,forecasted
5480,Rotterdam,Ottowia,62,0.020705824846153846,forecasted
5481,Bologna,Ottowia,63,0.01390300389746154,forecasted
5482,Budapest,Ottowia,63,,forecasted
5483,Copenaghen_RA,Ottowia,63,,forecasted
5484,Copenaghen_RD,Ottowia,63,,forecasted
5485,Copenaghen_RL,Ottowia,63,0.039911022961538464,forecasted
5486,Rome,Ottowia,63,0.015996081192307693,forecasted
5487,Rotterdam,Ottowia,63,,forecasted
5488,Bologna,Ottowia,64,,forecasted
5489,Budapest,Ottowia,64,,forecasted
5490,Copenaghen_RA,Ottowia,64,0.01508246116180769,forecasted
5491,Copenaghen_RD,Ottowia,64,0.05565889705769231,forecasted
5492,Copenaghen_RL,Ottowia,64,0.02483683325,forecasted
5493,Rome,Ottowia,64,,forecasted
5494,Rotterdam,Ottowia,64,0.01834797771153846,forecasted
5495,Bologna,Ottowia,65,0.02927421551923077,forecasted
5496,Budapest,Ottowia,65,,forecasted
5497,Copenaghen_RA,Ottowia,65,0.008060466064269231,forecasted
5498,Copenaghen_RD,Ottowia,65,0.017400690057692306,forecasted
5499,Copenaghen_RL,Ottowia,65,0.028426106557692305,forecasted
5500,Rome,Ottowia,65,,forecasted
5501,Rotterdam,Ottowia,65,0.016552581096153846,forecasted
5502,Bologna,Ottowia,66,,forecasted
5503,Budapest,Ottowia,66,,forecasted
5504,Copenaghen_RA,Ottowia,66,,forecasted
5505,Copenaghen_RD,Ottowia,66,,forecasted
5506,Copenaghen_RL,Ottowia,66,,forecasted
5507,Rome,Ottowia,66,0.0029124799772307693,forecasted
5508,Rotterdam,Ottowia,66,,forecasted
5509,Bologna,Ottowia,67,0.08537647536538462,forecasted
5510,Budapest,Ottowia,67,0.06390077194230769,forecasted
5511,Copenaghen_RA,Ottowia,67,0.025690723174115384,forecasted
5512,Copenaghen_RD,Ottowia,67,0.025690723174115384,forecasted
5513,Copenaghen_RL,Ottowia,67,0.03526650071153846,forecasted
5514,Rome,Ottowia,67,,forecasted
5515,Rotterdam,Ottowia,67,,forecasted
5516,Bologna,Ottowia,68,,forecasted
5517,Budapest,Ottowia,68,0.07901850736538463,forecasted
5518,Copenaghen_RA,Ottowia,68,0.021399995442307692,forecasted
5519,Copenaghen_RD,Ottowia,68,0.02663804198076923,forecasted
5520,Copenaghen_RL,Ottowia,68,0.02663804198076923,forecasted
5521,Rome,Ottowia,68,0.013508878332115386,forecasted
5522,Rotterdam,Ottowia,68,0.013508878332115386,forecasted
5523,Bologna,Ottowia,69,0.0368610105,forecasted
5524,Budapest,Ottowia,69,0.12340756119230768,forecasted
5525,Copenaghen_RA,Ottowia,69,0.009471304746692307,forecasted
5526,Copenaghen_RD,Ottowia,69,0.014085602423076923,forecasted
5527,Copenaghen_RL,Ottowia,69,0.018640684038461537,forecasted
5528,Rome,Ottowia,69,,forecasted
5529,Rotterdam,Ottowia,69,,forecasted
5530,Bologna,Ottowia,70,0.029229941807692304,forecasted
5531,Budapest,Ottowia,70,0.02809109973076923,forecasted
5532,Copenaghen_RA,Ottowia,70,0.030368783884615384,forecasted
5533,Copenaghen_RD,Ottowia,70,0.029229941807692304,forecasted
5534,Copenaghen_RL,Ottowia,70,0.02809109973076923,forecasted
5535,Rome,Ottowia,70,0.02809109973076923,forecasted
5536,Rotterdam,Ottowia,70,0.02695225765384615,forecasted
5537,Bologna,Ottowia,71,0.023078101596153845,forecasted
5538,Budapest,Ottowia,71,0.024084274480769233,forecasted
5539,Copenaghen_RA,Ottowia,71,0.023078101596153845,forecasted
5540,Copenaghen_RD,Ottowia,71,0.024084274480769233,forecasted
5541,Copenaghen_RL,Ottowia,71,0.024084274480769233,forecasted
5542,Rome,Ottowia,71,0.023078101596153845,forecasted
5543,Rotterdam,Ottowia,71,0.024084274480769233,forecasted
5544,Bologna,Ottowia,72,0.024872997115384612,forecasted
5545,Budapest,Ottowia,72,0.02255847796153846,forecasted
5546,Copenaghen_RA,Ottowia,72,0.024101490730769233,forecasted
5547,Copenaghen_RD,Ottowia,72,0.02255847796153846,forecasted
5548,Copenaghen_RL,Ottowia,72,0.023329984346153847,forecasted
5549,Rome,Ottowia,72,0.02255847796153846,forecasted
5550,Rotterdam,Ottowia,72,0.021786971576923074,forecasted
5551,Bologna,Ottowia,73,0.02310281809615385,forecasted
5552,Budapest,Ottowia,73,0.028515088788461544,forecasted
5553,Copenaghen_RA,Ottowia,73,0.017690547403846155,forecasted
5554,Copenaghen_RD,Ottowia,73,0.02310281809615385,forecasted
5555,Copenaghen_RL,Ottowia,73,0.02310281809615385,forecasted
5556,Rome,Ottowia,73,0.028515088788461544,forecasted
5557,Rotterdam,Ottowia,73,0.017690547403846155,forecasted
5558,Bologna,Ottowia,74,0.027109565384615383,forecasted
5559,Budapest,Ottowia,74,0.028753245846153845,forecasted
5560,Copenaghen_RA,Ottowia,74,0.030396926307692307,forecasted
5561,Copenaghen_RD,Ottowia,74,0.027109565384615383,forecasted
5562,Copenaghen_RL,Ottowia,74,0.028753245846153845,forecasted
5563,Rome,Ottowia,74,0.027109565384615383,forecasted
5564,Rotterdam,Ottowia,74,0.028753245846153845,forecasted
5565,Bologna,Ottowia,75,0.01556572926923077,forecasted
5566,Budapest,Ottowia,75,0.013282443346153847,forecasted
5567,Copenaghen_RA,Ottowia,75,0.013282443346153847,forecasted
5568,Copenaghen_RD,Ottowia,75,0.014804633961538461,forecasted
5569,Copenaghen_RL,Ottowia,75,0.014043538653846154,forecasted
5570,Rome,Ottowia,75,0.013282443346153847,forecasted
5571,Rotterdam,Ottowia,75,0.013282443346153847,forecasted
5572,Bologna,Ottowia,77,0.02552634973076923,forecasted
5573,Budapest,Ottowia,77,0.02419020242307692,forecasted
5574,Copenaghen_RA,Ottowia,77,0.02686249703846154,forecasted
5575,Copenaghen_RD,Ottowia,77,0.02552634973076923,forecasted
5576,Copenaghen_RL,Ottowia,77,0.02419020242307692,forecasted
5577,Rome,Ottowia,77,0.02552634973076923,forecasted
5578,Rotterdam,Ottowia,77,0.02552634973076923,forecasted
5579,Bologna,Ottowia,78,0.028686024365384612,forecasted
5580,Budapest,Ottowia,78,0.02639444471153846,forecasted
5581,Copenaghen_RA,Ottowia,78,0.02639444471153846,forecasted
5582,Copenaghen_RD,Ottowia,78,0.02639444471153846,forecasted
5583,Copenaghen_RL,Ottowia,78,0.02639444471153846,forecasted
5584,Rome,Ottowia,78,0.024102865057692307,forecasted
5585,Rotterdam,Ottowia,78,0.019519705749999998,forecasted
5586,Bologna,Ottowia,79,0.028026892961538458,forecasted
5587,Budapest,Ottowia,79,0.033638325807692306,forecasted
5588,Copenaghen_RA,Ottowia,79,0.035508803423076926,forecasted
5589,Copenaghen_RD,Ottowia,79,0.029897370576923075,forecasted
5590,Copenaghen_RL,Ottowia,79,0.03176784819230769,forecasted
5591,Rome,Ottowia,79,0.028026892961538458,forecasted
5592,Rotterdam,Ottowia,79,0.03176784819230769,forecasted
5593,Bologna,Ottowia,80,0.011903849038461537,forecasted
5594,Budapest,Ottowia,80,0.012597178653846155,forecasted
5595,Copenaghen_RA,Ottowia,80,0.011903849038461537,forecasted
5596,Copenaghen_RD,Ottowia,80,0.012597178653846155,forecasted
5597,Copenaghen_RL,Ottowia,80,0.012597178653846155,forecasted
5598,Rome,Ottowia,80,0.011903849038461537,forecasted
5599,Rotterdam,Ottowia,80,0.011903849038461537,forecasted
5600,Bologna,Ottowia,81,0.018801203788461538,forecasted
5601,Budapest,Ottowia,81,0.018801203788461538,forecasted
5602,Copenaghen_RA,Ottowia,81,0.018801203788461538,forecasted
5603,Copenaghen_RD,Ottowia,81,0.018801203788461538,forecasted
5604,Copenaghen_RL,Ottowia,81,0.018801203788461538,forecasted
5605,Rome,Ottowia,81,0.017821840519230768,forecasted
5606,Rotterdam,Ottowia,81,0.017821840519230768,forecasted
5607,Bologna,Ottowia,82,0.014419569557692307,forecasted
5608,Budapest,Ottowia,82,0.015853426403846155,forecasted
5609,Copenaghen_RA,Ottowia,82,0.015853426403846155,forecasted
5610,Copenaghen_RD,Ottowia,82,0.014419569557692307,forecasted
5611,Copenaghen_RL,Ottowia,82,0.015853426403846155,forecasted
5612,Rome,Ottowia,82,0.014419569557692307,forecasted
5613,Rotterdam,Ottowia,82,0.014419569557692307,forecasted
5614,Bologna,Ottowia,83,0.01221276225,forecasted
5615,Budapest,Ottowia,83,0.010779183288461537,forecasted
5616,Copenaghen_RA,Ottowia,83,0.010779183288461537,forecasted
5617,Copenaghen_RD,Ottowia,83,0.010779183288461537,forecasted
5618,Copenaghen_RL,Ottowia,83,0.010301323634615386,forecasted
5619,Rome,Ottowia,83,0.011734902596153847,forecasted
5620,Rotterdam,Ottowia,83,0.010301323634615386,forecasted
5621,Bologna,Ottowia,84,0.016788304271153846,forecasted
5622,Budapest,Ottowia,84,0.016788304271153846,forecasted
5623,Copenaghen_RA,Ottowia,84,0.016788304271153846,forecasted
5624,Copenaghen_RD,Ottowia,84,0.016788304271153846,forecasted
5625,Copenaghen_RL,Ottowia,84,0.016788304271153846,forecasted
5626,Rome,Ottowia,84,0.016788304271153846,forecasted
5627,Rotterdam,Ottowia,84,0.016788304271153846,forecasted
5628,Bologna,Ottowia,85,0.004157968903846154,forecasted
5629,Budapest,Ottowia,85,0.004176516096153847,forecasted
5630,Copenaghen_RA,Ottowia,85,0.004195063288461538,forecasted
5631,Copenaghen_RD,Ottowia,85,0.004195063288461538,forecasted
5632,Copenaghen_RL,Ottowia,85,0.004176516096153847,forecasted
5633,Rome,Ottowia,85,0.004176516096153847,forecasted
5634,Rotterdam,Ottowia,85,0.004139421711538463,forecasted
5635,Bologna,Ottowia,86,0.01734816123076923,forecasted
5636,Budapest,Ottowia,86,0.018222292307692307,forecasted
5637,Copenaghen_RA,Ottowia,86,0.01778522676923077,forecasted
5638,Copenaghen_RD,Ottowia,86,0.018659357846153843,forecasted
5639,Copenaghen_RL,Ottowia,86,0.01734816123076923,forecasted
5640,Rome,Ottowia,86,0.01734816123076923,forecasted
5641,Rotterdam,Ottowia,86,0.01778522676923077,forecasted
5642,Bologna,Ottowia,87,0.020484332826923073,forecasted
5643,Budapest,Ottowia,87,0.021939288173076922,forecasted
5644,Copenaghen_RA,Ottowia,87,0.01902937748076923,forecasted
5645,Copenaghen_RD,Ottowia,87,0.020484332826923073,forecasted
5646,Copenaghen_RL,Ottowia,87,0.020484332826923073,forecasted
5647,Rome,Ottowia,87,0.01757442213461538,forecasted
5648,Rotterdam,Ottowia,87,0.021939288173076922,forecasted
5649,Bologna,Ottowia,88,0.04366474657692307,forecasted
5650,Budapest,Ottowia,88,0.04039873380769231,forecasted
5651,Copenaghen_RA,Ottowia,88,0.042031740192307696,forecasted
5652,Copenaghen_RD,Ottowia,88,0.04039873380769231,forecasted
5653,Copenaghen_RL,Ottowia,88,0.04039873380769231,forecasted
5654,Rome,Ottowia,88,0.035499714653846146,forecasted
5655,Rotterdam,Ottowia,88,0.04039873380769231,forecasted
5656,Bologna,Ottowia,89,0.001873823927076923,forecasted
5657,Budapest,Ottowia,89,0.001873823927076923,forecasted
5658,Copenaghen_RA,Ottowia,89,0.001873823927076923,forecasted
5659,Copenaghen_RD,Ottowia,89,0.001873823927076923,forecasted
5660,Copenaghen_RL,Ottowia,89,0.001873823927076923,forecasted
5661,Rome,Ottowia,89,0.001873823927076923,forecasted
5662,Rotterdam,Ottowia,89,0.001873823927076923,forecasted
5663,Bologna,Ottowia,90,0.03437533355769231,forecasted
5664,Budapest,Ottowia,90,0.029799917326923074,forecasted
5665,Copenaghen_RA,Ottowia,90,0.029799917326923074,forecasted
5666,Copenaghen_RD,Ottowia,90,0.03208762544230769,forecasted
5667,Copenaghen_RL,Ottowia,90,0.029799917326923074,forecasted
5668,Rome,Ottowia,90,0.03208762544230769,forecasted
5669,Rotterdam,Ottowia,90,0.029799917326923074,forecasted
5670,Bologna,Paracoccus,60,,forecasted
5671,Budapest,Paracoccus,60,,forecasted
5672,Copenaghen_RA,Paracoccus,60,,forecasted
5673,Copenaghen_RD,Paracoccus,60,0.0035030731066153847,forecasted
5674,Copenaghen_RL,Paracoccus,60,0.003926993461538462,forecasted
5675,Rome,Paracoccus,60,0.006145365615384615,forecasted
5676,Rotterdam,Paracoccus,60,,forecasted
5677,Bologna,Paracoccus,61,0.00209237725,forecasted
5678,Budapest,Paracoccus,61,,forecasted
5679,Copenaghen_RA,Paracoccus,61,0.0004578402325,forecasted
5680,Copenaghen_RD,Paracoccus,61,0.0005240372500000001,forecasted
5681,Copenaghen_RL,Paracoccus,61,0.0007854272500000001,forecasted
5682,Rome,Paracoccus,61,,forecasted
5683,Rotterdam,Paracoccus,61,,forecasted
5684,Bologna,Paracoccus,62,,forecasted
5685,Budapest,Paracoccus,62,,forecasted
5686,Copenaghen_RA,Paracoccus,62,,forecasted
5687,Copenaghen_RD,Paracoccus,62,,forecasted
5688,Copenaghen_RL,Paracoccus,62,,forecasted
5689,Rome,Paracoccus,62,0.013834852173076922,forecasted
5690,Rotterdam,Paracoccus,62,0.0038264091414230766,forecasted
5691,Bologna,Paracoccus,63,0.013188051942307693,forecasted
5692,Budapest,Paracoccus,63,,forecasted
5693,Copenaghen_RA,Paracoccus,63,,forecasted
5694,Copenaghen_RD,Paracoccus,63,,forecasted
5695,Copenaghen_RL,Paracoccus,63,0.0021065896921923077,forecasted
5696,Rome,Paracoccus,63,0.013188051942307693,forecasted
5697,Rotterdam,Paracoccus,63,,forecasted
5698,Bologna,Paracoccus,64,,forecasted
5699,Budapest,Paracoccus,64,,forecasted
5700,Copenaghen_RA,Paracoccus,64,0.00240584375,forecasted
5701,Copenaghen_RD,Paracoccus,64,0.0017361669205,forecasted
5702,Copenaghen_RL,Paracoccus,64,0.0017361669205,forecasted
5703,Rome,Paracoccus,64,,forecasted
5704,Rotterdam,Paracoccus,64,0.004521902249999999,forecasted
5705,Bologna,Paracoccus,65,0.003192132769230769,forecasted
5706,Budapest,Paracoccus,65,,forecasted
5707,Copenaghen_RA,Paracoccus,65,0.0013925561538461538,forecasted
5708,Copenaghen_RD,Paracoccus,65,0.0013925561538461538,forecasted
5709,Copenaghen_RL,Paracoccus,65,0.001235054078769231,forecasted
5710,Rome,Paracoccus,65,,forecasted
5711,Rotterdam,Paracoccus,65,0.0024879506153846153,forecasted
5712,Bologna,Paracoccus,66,,forecasted
5713,Budapest,Paracoccus,66,,forecasted
5714,Copenaghen_RA,Paracoccus,66,,forecasted
5715,Copenaghen_RD,Paracoccus,66,,forecasted
5716,Copenaghen_RL,Paracoccus,66,,forecasted
5717,Rome,Paracoccus,66,0.023375136921692307,forecasted
5718,Rotterdam,Paracoccus,66,,forecasted
5719,Bologna,Paracoccus,67,0.002406208230769231,forecasted
5720,Budapest,Paracoccus,67,0.010240001153846153,forecasted
5721,Copenaghen_RA,Paracoccus,67,0.0058122051538461545,forecasted
5722,Copenaghen_RD,Paracoccus,67,0.0017205810501538462,forecasted
5723,Copenaghen_RL,Paracoccus,67,0.0020656085384615384,forecasted
5724,Rome,Paracoccus,67,,forecasted
5725,Rotterdam,Paracoccus,67,,forecasted
5726,Bologna,Paracoccus,68,,forecasted
5727,Budapest,Paracoccus,68,0.0056756489038461535,forecasted
5728,Copenaghen_RA,Paracoccus,68,0.0038584600576923073,forecasted
5729,Copenaghen_RD,Paracoccus,68,0.0017344691613461537,forecasted
5730,Copenaghen_RL,Paracoccus,68,0.002647000826923077,forecasted
5731,Rome,Paracoccus,68,0.009310026596153848,forecasted
5732,Rotterdam,Paracoccus,68,0.0020412712115384615,forecasted
5733,Bologna,Paracoccus,69,0.0023595530769230768,forecasted
5734,Budapest,Paracoccus,69,0.003530010923076923,forecasted
5735,Copenaghen_RA,Paracoccus,69,0.0012866333846153848,forecasted
5736,Copenaghen_RD,Paracoccus,69,0.0010902890809230768,forecasted
5737,Copenaghen_RL,Paracoccus,69,0.0018718623076923076,forecasted
5738,Rome,Paracoccus,69,,forecasted
5739,Rotterdam,Paracoccus,69,,forecasted
5740,Bologna,Paracoccus,70,0.002798902538461538,forecasted
5741,Budapest,Paracoccus,70,0.0031926176153846153,forecasted
5742,Copenaghen_RA,Paracoccus,70,0.002602045,forecasted
5743,Copenaghen_RD,Paracoccus,70,0.002995760076923077,forecasted
5744,Copenaghen_RL,Paracoccus,70,0.002602045,forecasted
5745,Rome,Paracoccus,70,0.002798902538461538,forecasted
5746,Rotterdam,Paracoccus,70,0.002602045,forecasted
5747,Bologna,Paracoccus,71,0.0026164803653846154,forecasted
5748,Budapest,Paracoccus,71,0.002439548557692308,forecasted
5749,Copenaghen_RA,Paracoccus,71,0.003501139403846154,forecasted
5750,Copenaghen_RD,Paracoccus,71,0.0011987257903461539,forecasted
5751,Copenaghen_RL,Paracoccus,71,0.0011987257903461539,forecasted
5752,Rome,Paracoccus,71,0.004031934826923077,forecasted
5753,Rotterdam,Paracoccus,71,0.0027934121730769233,forecasted
5754,Bologna,Paracoccus,72,0.0010173073846153845,forecasted
5755,Budapest,Paracoccus,72,0.0010581378461538462,forecasted
5756,Copenaghen_RA,Paracoccus,72,0.0010173073846153845,forecasted
5757,Copenaghen_RD,Paracoccus,72,0.0010377226153846153,forecasted
5758,Copenaghen_RL,Paracoccus,72,0.0010173073846153845,forecasted
5759,Rome,Paracoccus,72,0.0010989683076923077,forecasted
5760,Rotterdam,Paracoccus,72,0.0010377226153846153,forecasted
5761,Bologna,Paracoccus,73,0.003166506451923077,forecasted
5762,Budapest,Paracoccus,73,0.0027443394134615386,forecasted
5763,Copenaghen_RA,Paracoccus,73,0.0029554229326923076,forecasted
5764,Copenaghen_RD,Paracoccus,73,0.002533255894230769,forecasted
5765,Copenaghen_RL,Paracoccus,73,0.0029554229326923076,forecasted
5766,Rome,Paracoccus,73,0.0027443394134615386,forecasted
5767,Rotterdam,Paracoccus,73,0.0029554229326923076,forecasted
5768,Bologna,Paracoccus,74,0.0014954962884615385,forecasted
5769,Budapest,Paracoccus,74,0.0018224444807692307,forecasted
5770,Copenaghen_RA,Paracoccus,74,0.0018224444807692307,forecasted
5771,Copenaghen_RD,Paracoccus,74,0.0016044790192307691,forecasted
5772,Copenaghen_RL,Paracoccus,74,0.00171346175,forecasted
5773,Rome,Paracoccus,74,0.0018224444807692307,forecasted
5774,Rotterdam,Paracoccus,74,0.00171346175,forecasted
5775,Bologna,Paracoccus,75,0.024793486403846158,forecasted
5776,Budapest,Paracoccus,75,0.03844980663461539,forecasted
5777,Copenaghen_RA,Paracoccus,75,0.03162164651923077,forecasted
5778,Copenaghen_RD,Paracoccus,75,0.03844980663461539,forecasted
5779,Copenaghen_RL,Paracoccus,75,0.03162164651923077,forecasted
5780,Rome,Paracoccus,75,0.03162164651923077,forecasted
5781,Rotterdam,Paracoccus,75,0.04527796675,forecasted
5782,Bologna,Paracoccus,77,0.0019278058653846154,forecasted
5783,Budapest,Paracoccus,77,0.0019278058653846154,forecasted
5784,Copenaghen_RA,Paracoccus,77,0.0019278058653846154,forecasted
5785,Copenaghen_RD,Paracoccus,77,0.000899690326923077,forecasted
5786,Copenaghen_RL,Paracoccus,77,0.000899690326923077,forecasted
5787,Rome,Paracoccus,77,0.0019278058653846154,forecasted
5788,Rotterdam,Paracoccus,77,0.00218483475,forecasted
5789,Bologna,Paracoccus,78,0.0020169439711538464,forecasted
5790,Budapest,Paracoccus,78,0.0021231985673076928,forecasted
5791,Copenaghen_RA,Paracoccus,78,0.0020169439711538464,forecasted
5792,Copenaghen_RD,Paracoccus,78,0.0020169439711538464,forecasted
5793,Copenaghen_RL,Paracoccus,78,0.0021231985673076928,forecasted
5794,Rome,Paracoccus,78,0.0021231985673076928,forecasted
5795,Rotterdam,Paracoccus,78,0.0020169439711538464,forecasted
5796,Bologna,Paracoccus,79,0.0017313300192307692,forecasted
5797,Budapest,Paracoccus,79,0.0017313300192307692,forecasted
5798,Copenaghen_RA,Paracoccus,79,0.0018198489807692306,forecasted
5799,Copenaghen_RD,Paracoccus,79,0.0016428110576923076,forecasted
5800,Copenaghen_RL,Paracoccus,79,0.001554292096153846,forecasted
5801,Rome,Paracoccus,79,0.001554292096153846,forecasted
5802,Rotterdam,Paracoccus,79,0.0017313300192307692,forecasted
5803,Bologna,Paracoccus,80,0.0009535285576923077,forecasted
5804,Budapest,Paracoccus,80,0.001018830826923077,forecasted
5805,Copenaghen_RA,Paracoccus,80,0.001018830826923077,forecasted
5806,Copenaghen_RD,Paracoccus,80,0.0009535285576923077,forecasted
5807,Copenaghen_RL,Paracoccus,80,0.0011494353653846154,forecasted
5808,Rome,Paracoccus,80,0.0008229240192307693,forecasted
5809,Rotterdam,Paracoccus,80,0.0008882262884615385,forecasted
5810,Bologna,Paracoccus,81,0.0011380723076923078,forecasted
5811,Budapest,Paracoccus,81,0.0012047246153846153,forecasted
5812,Copenaghen_RA,Paracoccus,81,0.0011380723076923078,forecasted
5813,Copenaghen_RD,Paracoccus,81,0.001104746153846154,forecasted
5814,Copenaghen_RL,Paracoccus,81,0.0011380723076923078,forecasted
5815,Rome,Paracoccus,81,0.0011380723076923078,forecasted
5816,Rotterdam,Paracoccus,81,0.0012047246153846153,forecasted
5817,Bologna,Paracoccus,82,0.0014944148269230768,forecasted
5818,Budapest,Paracoccus,82,0.0014156477884615386,forecasted
5819,Copenaghen_RA,Paracoccus,82,0.00133688075,forecasted
5820,Copenaghen_RD,Paracoccus,82,0.0014156477884615386,forecasted
5821,Copenaghen_RL,Paracoccus,82,0.0014944148269230768,forecasted
5822,Rome,Paracoccus,82,0.0014944148269230768,forecasted
5823,Rotterdam,Paracoccus,82,0.0014156477884615386,forecasted
5824,Bologna,Paracoccus,83,0.0016172954038461537,forecasted
5825,Budapest,Paracoccus,83,0.0015809255961538459,forecasted
5826,Copenaghen_RA,Paracoccus,83,0.0015445557884615382,forecasted
5827,Copenaghen_RD,Paracoccus,83,0.0015445557884615382,forecasted
5828,Copenaghen_RL,Paracoccus,83,0.0016172954038461537,forecasted
5829,Rome,Paracoccus,83,0.0015445557884615382,forecasted
5830,Rotterdam,Paracoccus,83,0.0015445557884615382,forecasted
5831,Bologna,Paracoccus,84,0.0006906864341153846,forecasted
5832,Budapest,Paracoccus,84,0.0006906864341153846,forecasted
5833,Copenaghen_RA,Paracoccus,84,0.0006906864341153846,forecasted
5834,Copenaghen_RD,Paracoccus,84,0.0006906864341153846,forecasted
5835,Copenaghen_RL,Paracoccus,84,0.0006906864341153846,forecasted
5836,Rome,Paracoccus,84,0.0006906864341153846,forecasted
5837,Rotterdam,Paracoccus,84,0.0006906864341153846,forecasted
5838,Bologna,Paracoccus,85,0.0016075783269230768,forecasted
5839,Budapest,Paracoccus,85,0.001677390673076923,forecasted
5840,Copenaghen_RA,Paracoccus,85,0.001677390673076923,forecasted
5841,Copenaghen_RD,Paracoccus,85,0.0015377659807692308,forecasted
5842,Copenaghen_RL,Paracoccus,85,0.0016075783269230768,forecasted
5843,Rome,Paracoccus,85,0.0018170153653846153,forecasted
5844,Rotterdam,Paracoccus,85,0.0016075783269230768,forecasted
5845,Bologna,Paracoccus,86,0.0009265445769230769,forecasted
5846,Budapest,Paracoccus,86,0.0009550118076923078,forecasted
5847,Copenaghen_RA,Paracoccus,86,0.0009265445769230769,forecasted
5848,Copenaghen_RD,Paracoccus,86,0.0009407781923076923,forecasted
5849,Copenaghen_RL,Paracoccus,86,0.0009265445769230769,forecasted
5850,Rome,Paracoccus,86,0.0009123109615384615,forecasted
5851,Rotterdam,Paracoccus,86,0.0009407781923076923,forecasted
5852,Bologna,Paracoccus,87,0.0025460927115384616,forecasted
5853,Budapest,Paracoccus,87,0.0025493638653846153,forecasted
5854,Copenaghen_RA,Paracoccus,87,0.0025477282884615385,forecasted
5855,Copenaghen_RD,Paracoccus,87,0.0025460927115384616,forecasted
5856,Copenaghen_RL,Paracoccus,87,0.0025477282884615385,forecasted
5857,Rome,Paracoccus,87,0.002550999442307692,forecasted
5858,Rotterdam,Paracoccus,87,0.002542821557692308,forecasted
5859,Bologna,Paracoccus,88,0.005659192442307693,forecasted
5860,Budapest,Paracoccus,88,0.006475961288461538,forecasted
5861,Copenaghen_RA,Paracoccus,88,0.006884345711538462,forecasted
5862,Copenaghen_RD,Paracoccus,88,0.006475961288461538,forecasted
5863,Copenaghen_RL,Paracoccus,88,0.006884345711538462,forecasted
5864,Rome,Paracoccus,88,0.006475961288461538,forecasted
5865,Rotterdam,Paracoccus,88,0.006067576865384615,forecasted
5866,Bologna,Paracoccus,89,0.0009424647499615385,forecasted
5867,Budapest,Paracoccus,89,0.0009424647499615385,forecasted
5868,Copenaghen_RA,Paracoccus,89,0.0009424647499615385,forecasted
5869,Copenaghen_RD,Paracoccus,89,0.0009424647499615385,forecasted
5870,Copenaghen_RL,Paracoccus,89,0.0009424647499615385,forecasted
5871,Rome,Paracoccus,89,0.0009424647499615385,forecasted
5872,Rotterdam,Paracoccus,89,0.0009424647499615385,forecasted
5873,Bologna,Paracoccus,90,0.003982780576923077,forecasted
5874,Budapest,Paracoccus,90,0.004127573653846153,forecasted
5875,Copenaghen_RA,Paracoccus,90,0.004055177115384615,forecasted
5876,Copenaghen_RD,Paracoccus,90,0.004055177115384615,forecasted
5877,Copenaghen_RL,Paracoccus,90,0.004127573653846153,forecasted
5878,Rome,Paracoccus,90,0.003982780576923077,forecasted
5879,Rotterdam,Paracoccus,90,0.003910384038461539,forecasted
5880,Bologna,Phocaeicola,60,,forecasted
5881,Budapest,Phocaeicola,60,,forecasted
5882,Copenaghen_RA,Phocaeicola,60,,forecasted
5883,Copenaghen_RD,Phocaeicola,60,0.0036961332884615384,forecasted
5884,Copenaghen_RL,Phocaeicola,60,0.0033745847499999995,forecasted
5885,Rome,Phocaeicola,60,0.0023556510230384616,forecasted
5886,Rotterdam,Phocaeicola,60,,forecasted
5887,Bologna,Phocaeicola,61,0.0013106067560384616,forecasted
5888,Budapest,Phocaeicola,61,,forecasted
5889,Copenaghen_RA,Phocaeicola,61,0.03209286578846153,forecasted
5890,Copenaghen_RD,Phocaeicola,61,0.02717026409615384,forecasted
5891,Copenaghen_RL,Phocaeicola,61,0.014863759865384612,forecasted
5892,Rome,Phocaeicola,61,,forecasted
5893,Rotterdam,Phocaeicola,61,,forecasted
5894,Bologna,Phocaeicola,62,,forecasted
5895,Budapest,Phocaeicola,62,,forecasted
5896,Copenaghen_RA,Phocaeicola,62,,forecasted
5897,Copenaghen_RD,Phocaeicola,62,,forecasted
5898,Copenaghen_RL,Phocaeicola,62,,forecasted
5899,Rome,Phocaeicola,62,0.0007695085597307692,forecasted
5900,Rotterdam,Phocaeicola,62,0.011471146480769231,forecasted
5901,Bologna,Phocaeicola,63,0.00630811026923077,forecasted
5902,Budapest,Phocaeicola,63,,forecasted
5903,Copenaghen_RA,Phocaeicola,63,,forecasted
5904,Copenaghen_RD,Phocaeicola,63,,forecasted
5905,Copenaghen_RL,Phocaeicola,63,0.005110692961538462,forecasted
5906,Rome,Phocaeicola,63,0.0003179104457692308,forecasted
5907,Rotterdam,Phocaeicola,63,,forecasted
5908,Bologna,Phocaeicola,64,,forecasted
5909,Budapest,Phocaeicola,64,,forecasted
5910,Copenaghen_RA,Phocaeicola,64,0.004634121423076922,forecasted
5911,Copenaghen_RD,Phocaeicola,64,0.002627148874846154,forecasted
5912,Copenaghen_RL,Phocaeicola,64,0.002627148874846154,forecasted
5913,Rome,Phocaeicola,64,,forecasted
5914,Rotterdam,Phocaeicola,64,0.008196926346153845,forecasted
5915,Bologna,Phocaeicola,65,0.0009192186847692308,forecasted
5916,Budapest,Phocaeicola,65,,forecasted
5917,Copenaghen_RA,Phocaeicola,65,0.009459761384615385,forecasted
5918,Copenaghen_RD,Phocaeicola,65,0.02462104876923077,forecasted
5919,Copenaghen_RL,Phocaeicola,65,0.0066170199999999995,forecasted
5920,Rome,Phocaeicola,65,,forecasted
5921,Rotterdam,Phocaeicola,65,0.0018791176923076923,forecasted
5922,Bologna,Phocaeicola,66,,forecasted
5923,Budapest,Phocaeicola,66,,forecasted
5924,Copenaghen_RA,Phocaeicola,66,,forecasted
5925,Copenaghen_RD,Phocaeicola,66,,forecasted
5926,Copenaghen_RL,Phocaeicola,66,,forecasted
5927,Rome,Phocaeicola,66,0.0012602085285769232,forecasted
5928,Rotterdam,Phocaeicola,66,,forecasted
5929,Bologna,Phocaeicola,67,0.004711321038461539,forecasted
5930,Budapest,Phocaeicola,67,0.0005865007091538462,forecasted
5931,Copenaghen_RA,Phocaeicola,67,0.005300034423076923,forecasted
5932,Copenaghen_RD,Phocaeicola,67,0.007949244653846154,forecasted
5933,Copenaghen_RL,Phocaeicola,67,0.0076548879615384625,forecasted
5934,Rome,Phocaeicola,67,,forecasted
5935,Rotterdam,Phocaeicola,67,,forecasted
5936,Bologna,Phocaeicola,68,,forecasted
5937,Budapest,Phocaeicola,68,0.0005402338269230769,forecasted
5938,Copenaghen_RA,Phocaeicola,68,0.0035858465576923074,forecasted
5939,Copenaghen_RD,Phocaeicola,68,0.0035858465576923074,forecasted
5940,Copenaghen_RL,Phocaeicola,68,0.002755224903846154,forecasted
5941,Rome,Phocaeicola,68,0.0002597605818076923,forecasted
5942,Rotterdam,Phocaeicola,68,0.007185207057692307,forecasted
5943,Bologna,Phocaeicola,69,0.009489188192307693,forecasted
5944,Budapest,Phocaeicola,69,0.002046881836846154,forecasted
5945,Copenaghen_RA,Phocaeicola,69,0.0035507829615384614,forecasted
5946,Copenaghen_RD,Phocaeicola,69,0.03918121434615385,forecasted
5947,Copenaghen_RL,Phocaeicola,69,0.010973789500000001,forecasted
5948,Rome,Phocaeicola,69,,forecasted
5949,Rotterdam,Phocaeicola,69,,forecasted
5950,Bologna,Phocaeicola,70,0.0071719372500000005,forecasted
5951,Budapest,Phocaeicola,70,0.00682730775,forecasted
5952,Copenaghen_RA,Phocaeicola,70,0.00682730775,forecasted
5953,Copenaghen_RD,Phocaeicola,70,0.0071719372500000005,forecasted
5954,Copenaghen_RL,Phocaeicola,70,0.00682730775,forecasted
5955,Rome,Phocaeicola,70,0.0071719372500000005,forecasted
5956,Rotterdam,Phocaeicola,70,0.00751656675,forecasted
5957,Bologna,Phocaeicola,71,0.00779228275,forecasted
5958,Budapest,Phocaeicola,71,0.00893727825,forecasted
5959,Copenaghen_RA,Phocaeicola,71,0.00779228275,forecasted
5960,Copenaghen_RD,Phocaeicola,71,0.00779228275,forecasted
5961,Copenaghen_RL,Phocaeicola,71,0.00893727825,forecasted
5962,Rome,Phocaeicola,71,0.00779228275,forecasted
5963,Rotterdam,Phocaeicola,71,0.00893727825,forecasted
5964,Bologna,Phocaeicola,72,0.0026808390192307693,forecasted
5965,Budapest,Phocaeicola,72,0.0022057355961538462,forecasted
5966,Copenaghen_RA,Phocaeicola,72,0.0022057355961538462,forecasted
5967,Copenaghen_RD,Phocaeicola,72,0.0023641034038461538,forecasted
5968,Copenaghen_RL,Phocaeicola,72,0.0023641034038461538,forecasted
5969,Rome,Phocaeicola,72,0.0023641034038461538,forecasted
5970,Rotterdam,Phocaeicola,72,0.0023641034038461538,forecasted
5971,Bologna,Phocaeicola,73,0.0025208952500000003,forecasted
5972,Budapest,Phocaeicola,73,0.0016941827500000003,forecasted
5973,Copenaghen_RA,Phocaeicola,73,0.0013634977500000002,forecasted
5974,Copenaghen_RD,Phocaeicola,73,0.0035129502500000007,forecasted
5975,Copenaghen_RL,Phocaeicola,73,0.0033476077500000003,forecasted
5976,Rome,Phocaeicola,73,0.0031822652500000004,forecasted
5977,Rotterdam,Phocaeicola,73,0.0033476077500000003,forecasted
5978,Bologna,Phocaeicola,74,0.0057949459038461534,forecasted
5979,Budapest,Phocaeicola,74,0.006345086442307692,forecasted
5980,Copenaghen_RA,Phocaeicola,74,0.005519875634615385,forecasted
5981,Copenaghen_RD,Phocaeicola,74,0.005519875634615385,forecasted
5982,Copenaghen_RL,Phocaeicola,74,0.0057949459038461534,forecasted
5983,Rome,Phocaeicola,74,0.006070016173076924,forecasted
5984,Rotterdam,Phocaeicola,74,0.006070016173076924,forecasted
5985,Bologna,Phocaeicola,75,0.0067953454807692295,forecasted
5986,Budapest,Phocaeicola,75,0.005802865557692307,forecasted
5987,Copenaghen_RA,Phocaeicola,75,0.010269025211538461,forecasted
5988,Copenaghen_RD,Phocaeicola,75,0.008780305326923076,forecasted
5989,Copenaghen_RL,Phocaeicola,75,0.0033216657499999993,forecasted
5990,Rome,Phocaeicola,75,0.0033216657499999993,forecasted
5991,Rotterdam,Phocaeicola,75,0.0067953454807692295,forecasted
5992,Bologna,Phocaeicola,77,0.004146964249999999,forecasted
5993,Budapest,Phocaeicola,77,0.00440971975,forecasted
5994,Copenaghen_RA,Phocaeicola,77,0.00467247525,forecasted
5995,Copenaghen_RD,Phocaeicola,77,0.00440971975,forecasted
5996,Copenaghen_RL,Phocaeicola,77,0.00440971975,forecasted
5997,Rome,Phocaeicola,77,0.00467247525,forecasted
5998,Rotterdam,Phocaeicola,77,0.00467247525,forecasted
5999,Bologna,Phocaeicola,78,0.006158680348076922,forecasted
6000,Budapest,Phocaeicola,78,0.005668344744230769,forecasted
6001,Copenaghen_RA,Phocaeicola,78,0.006158680348076922,forecasted
6002,Copenaghen_RD,Phocaeicola,78,0.005668344744230769,forecasted
6003,Copenaghen_RL,Phocaeicola,78,0.006158680348076922,forecasted
6004,Rome,Phocaeicola,78,0.006158680348076922,forecasted
6005,Rotterdam,Phocaeicola,78,0.006158680348076922,forecasted
6006,Bologna,Phocaeicola,79,0.00670928251923077,forecasted
6007,Budapest,Phocaeicola,79,0.007016254480769231,forecasted
6008,Copenaghen_RA,Phocaeicola,79,0.006402310557692309,forecasted
6009,Copenaghen_RD,Phocaeicola,79,0.007016254480769231,forecasted
6010,Copenaghen_RL,Phocaeicola,79,0.00670928251923077,forecasted
6011,Rome,Phocaeicola,79,0.00670928251923077,forecasted
6012,Rotterdam,Phocaeicola,79,0.006402310557692309,forecasted
6013,Bologna,Phocaeicola,80,0.005468857819230769,forecasted
6014,Budapest,Phocaeicola,80,0.0033929354500000005,forecasted
6015,Copenaghen_RA,Phocaeicola,80,0.006506819003846153,forecasted
6016,Copenaghen_RD,Phocaeicola,80,0.006506819003846153,forecasted
6017,Copenaghen_RL,Phocaeicola,80,0.004430896634615385,forecasted
6018,Rome,Phocaeicola,80,0.004949877226923076,forecasted
6019,Rotterdam,Phocaeicola,80,0.005468857819230769,forecasted
6020,Bologna,Phocaeicola,81,0.005229577673076923,forecasted
6021,Budapest,Phocaeicola,81,0.005909006365384615,forecasted
6022,Copenaghen_RA,Phocaeicola,81,0.005909006365384615,forecasted
6023,Copenaghen_RD,Phocaeicola,81,0.004889863326923077,forecasted
6024,Copenaghen_RL,Phocaeicola,81,0.005909006365384615,forecasted
6025,Rome,Phocaeicola,81,0.005229577673076923,forecasted
6026,Rotterdam,Phocaeicola,81,0.004550148980769231,forecasted
6027,Bologna,Phocaeicola,82,0.006196933336538462,forecasted
6028,Budapest,Phocaeicola,82,0.006620403394230769,forecasted
6029,Copenaghen_RA,Phocaeicola,82,0.006620403394230769,forecasted
6030,Copenaghen_RD,Phocaeicola,82,0.007043873451923077,forecasted
6031,Copenaghen_RL,Phocaeicola,82,0.007043873451923077,forecasted
6032,Rome,Phocaeicola,82,0.006620403394230769,forecasted
6033,Rotterdam,Phocaeicola,82,0.006196933336538462,forecasted
6034,Bologna,Phocaeicola,83,0.0022633358076923076,forecasted
6035,Budapest,Phocaeicola,83,0.0020300264999999996,forecasted
6036,Copenaghen_RA,Phocaeicola,83,0.0022633358076923076,forecasted
6037,Copenaghen_RD,Phocaeicola,83,0.0020300264999999996,forecasted
6038,Copenaghen_RL,Phocaeicola,83,0.0020300264999999996,forecasted
6039,Rome,Phocaeicola,83,0.001796717192307692,forecasted
6040,Rotterdam,Phocaeicola,83,0.0022633358076923076,forecasted
6041,Bologna,Phocaeicola,84,0.00021398876934615387,forecasted
6042,Budapest,Phocaeicola,84,0.00021398876934615387,forecasted
6043,Copenaghen_RA,Phocaeicola,84,0.00021398876934615387,forecasted
6044,Copenaghen_RD,Phocaeicola,84,0.00021398876934615387,forecasted
6045,Copenaghen_RL,Phocaeicola,84,0.00021398876934615387,forecasted
6046,Rome,Phocaeicola,84,0.00021398876934615387,forecasted
6047,Rotterdam,Phocaeicola,84,0.00021398876934615387,forecasted
6048,Bologna,Phocaeicola,85,0.00010487933653846154,forecasted
6049,Budapest,Phocaeicola,85,0.00010779050961538461,forecasted
6050,Copenaghen_RA,Phocaeicola,85,9.905699038461538e-05,forecasted
6051,Copenaghen_RD,Phocaeicola,85,0.00010487933653846154,forecasted
6052,Copenaghen_RL,Phocaeicola,85,0.00010487933653846154,forecasted
6053,Rome,Phocaeicola,85,9.905699038461538e-05,forecasted
6054,Rotterdam,Phocaeicola,85,0.00010779050961538461,forecasted
6055,Bologna,Phocaeicola,86,0.005041104942307692,forecasted
6056,Budapest,Phocaeicola,86,0.004654926596153846,forecasted
6057,Copenaghen_RA,Phocaeicola,86,0.004654926596153846,forecasted
6058,Copenaghen_RD,Phocaeicola,86,0.003882569903846154,forecasted
6059,Copenaghen_RL,Phocaeicola,86,0.005041104942307692,forecasted
6060,Rome,Phocaeicola,86,0.005427283288461538,forecasted
6061,Rotterdam,Phocaeicola,86,0.00426874825,forecasted
6062,Bologna,Phocaeicola,87,0.002835545115384615,forecasted
6063,Budapest,Phocaeicola,87,0.0026249153461538454,forecasted
6064,Copenaghen_RA,Phocaeicola,87,0.002835545115384615,forecasted
6065,Copenaghen_RD,Phocaeicola,87,0.002835545115384615,forecasted
6066,Copenaghen_RL,Phocaeicola,87,0.003256804653846153,forecasted
6067,Rome,Phocaeicola,87,0.0026249153461538454,forecasted
6068,Rotterdam,Phocaeicola,87,0.0026249153461538454,forecasted
6069,Bologna,Phocaeicola,88,0.008018191653846153,forecasted
6070,Budapest,Phocaeicola,88,0.008538792346153845,forecasted
6071,Copenaghen_RA,Phocaeicola,88,0.008018191653846153,forecasted
6072,Copenaghen_RD,Phocaeicola,88,0.008538792346153845,forecasted
6073,Copenaghen_RL,Phocaeicola,88,0.006976990269230769,forecasted
6074,Rome,Phocaeicola,88,0.007497590961538461,forecasted
6075,Rotterdam,Phocaeicola,88,0.008538792346153845,forecasted
6076,Bologna,Phocaeicola,89,3.5774624e-05,forecasted
6077,Budapest,Phocaeicola,89,3.5774624e-05,forecasted
6078,Copenaghen_RA,Phocaeicola,89,3.5774624e-05,forecasted
6079,Copenaghen_RD,Phocaeicola,89,3.5774624e-05,forecasted
6080,Copenaghen_RL,Phocaeicola,89,3.5774624e-05,forecasted
6081,Rome,Phocaeicola,89,3.5774624e-05,forecasted
6082,Rotterdam,Phocaeicola,89,3.5774624e-05,forecasted
6083,Bologna,Phocaeicola,90,0.0018999031153846156,forecasted
6084,Budapest,Phocaeicola,90,0.0021756189615384615,forecasted
6085,Copenaghen_RA,Phocaeicola,90,0.0020377610384615386,forecasted
6086,Copenaghen_RD,Phocaeicola,90,0.0020377610384615386,forecasted
6087,Copenaghen_RL,Phocaeicola,90,0.0016241872692307692,forecasted
6088,Rome,Phocaeicola,90,0.0017620451923076922,forecasted
6089,Rotterdam,Phocaeicola,90,0.0017620451923076922,forecasted
6090,Bologna,Prevotella,60,,forecasted
6091,Budapest,Prevotella,60,,forecasted
6092,Copenaghen_RA,Prevotella,60,,forecasted
6093,Copenaghen_RD,Prevotella,60,0.004390821442307692,forecasted
6094,Copenaghen_RL,Prevotella,60,0.005470268057692308,forecasted
6095,Rome,Prevotella,60,0.0032202515418076924,forecasted
6096,Rotterdam,Prevotella,60,,forecasted
6097,Bologna,Prevotella,61,0.0023801577040384616,forecasted
6098,Budapest,Prevotella,61,,forecasted
6099,Copenaghen_RA,Prevotella,61,0.016642176173076922,forecasted
6100,Copenaghen_RD,Prevotella,61,0.05324795578846153,forecasted
6101,Copenaghen_RL,Prevotella,61,0.02070948501923077,forecasted
6102,Rome,Prevotella,61,,forecasted
6103,Rotterdam,Prevotella,61,,forecasted
6104,Bologna,Prevotella,62,,forecasted
6105,Budapest,Prevotella,62,,forecasted
6106,Copenaghen_RA,Prevotella,62,,forecasted
6107,Copenaghen_RD,Prevotella,62,,forecasted
6108,Copenaghen_RL,Prevotella,62,,forecasted
6109,Rome,Prevotella,62,0.0010602827263076924,forecasted
6110,Rotterdam,Prevotella,62,0.03225142830769231,forecasted
6111,Bologna,Prevotella,63,0.0023925479423076925,forecasted
6112,Budapest,Prevotella,63,,forecasted
6113,Copenaghen_RA,Prevotella,63,,forecasted
6114,Copenaghen_RD,Prevotella,63,,forecasted
6115,Copenaghen_RL,Prevotella,63,0.005230095634615385,forecasted
6116,Rome,Prevotella,63,0.0007941218578846154,forecasted
6117,Rotterdam,Prevotella,63,,forecasted
6118,Bologna,Prevotella,64,,forecasted
6119,Budapest,Prevotella,64,,forecasted
6120,Copenaghen_RA,Prevotella,64,0.016705902634615386,forecasted
6121,Copenaghen_RD,Prevotella,64,0.019249732057692308,forecasted
6122,Copenaghen_RL,Prevotella,64,0.006523970985807693,forecasted
6123,Rome,Prevotella,64,,forecasted
6124,Rotterdam,Prevotella,64,0.017723434403846154,forecasted
6125,Bologna,Prevotella,65,0.0016347357946153844,forecasted
6126,Budapest,Prevotella,65,,forecasted
6127,Copenaghen_RA,Prevotella,65,0.015879838076923072,forecasted
6128,Copenaghen_RD,Prevotella,65,0.031529106538461533,forecasted
6129,Copenaghen_RL,Prevotella,65,0.037219749615384615,forecasted
6130,Rome,Prevotella,65,,forecasted
6131,Rotterdam,Prevotella,65,0.0030758911538461536,forecasted
6132,Bologna,Prevotella,66,,forecasted
6133,Budapest,Prevotella,66,,forecasted
6134,Copenaghen_RA,Prevotella,66,,forecasted
6135,Copenaghen_RD,Prevotella,66,,forecasted
6136,Copenaghen_RL,Prevotella,66,,forecasted
6137,Rome,Prevotella,66,0.0007834298669230769,forecasted
6138,Rotterdam,Prevotella,66,,forecasted
6139,Bologna,Prevotella,67,0.0026375588461538457,forecasted
6140,Budapest,Prevotella,67,0.0015195094993846153,forecasted
6141,Copenaghen_RA,Prevotella,67,0.00925976623076923,forecasted
6142,Copenaghen_RD,Prevotella,67,0.029126388384615384,forecasted
6143,Copenaghen_RL,Prevotella,67,0.014778272384615383,forecasted
6144,Rome,Prevotella,67,,forecasted
6145,Rotterdam,Prevotella,67,,forecasted
6146,Bologna,Prevotella,68,,forecasted
6147,Budapest,Prevotella,68,0.0032515855,forecasted
6148,Copenaghen_RA,Prevotella,68,0.005893422884615385,forecasted
6149,Copenaghen_RD,Prevotella,68,0.008535260269230769,forecasted
6150,Copenaghen_RL,Prevotella,68,0.005453116653846154,forecasted
6151,Rome,Prevotella,68,0.0006040241343846154,forecasted
6152,Rotterdam,Prevotella,68,0.011617403884615385,forecasted
6153,Bologna,Prevotella,69,0.0046001335,forecasted
6154,Budapest,Prevotella,69,0.001630771291,forecasted
6155,Copenaghen_RA,Prevotella,69,0.0105005055,forecasted
6156,Copenaghen_RD,Prevotella,69,0.0385272725,forecasted
6157,Copenaghen_RL,Prevotella,69,0.0046001335,forecasted
6158,Rome,Prevotella,69,,forecasted
6159,Rotterdam,Prevotella,69,,forecasted
6160,Bologna,Prevotella,70,0.01638535176923077,forecasted
6161,Budapest,Prevotella,70,0.017532081153846153,forecasted
6162,Copenaghen_RA,Prevotella,70,0.017532081153846153,forecasted
6163,Copenaghen_RD,Prevotella,70,0.01638535176923077,forecasted
6164,Copenaghen_RL,Prevotella,70,0.01638535176923077,forecasted
6165,Rome,Prevotella,70,0.01638535176923077,forecasted
6166,Rotterdam,Prevotella,70,0.015238622384615385,forecasted
6167,Bologna,Prevotella,71,0.008505396153846153,forecasted
6168,Budapest,Prevotella,71,0.007769452615384616,forecasted
6169,Copenaghen_RA,Prevotella,71,0.008505396153846153,forecasted
6170,Copenaghen_RD,Prevotella,71,0.009241339692307692,forecasted
6171,Copenaghen_RL,Prevotella,71,0.007033509076923077,forecasted
6172,Rome,Prevotella,71,0.006297565538461538,forecasted
6173,Rotterdam,Prevotella,71,0.008505396153846153,forecasted
6174,Bologna,Prevotella,72,0.007377543076923078,forecasted
6175,Budapest,Prevotella,72,0.007377543076923078,forecasted
6176,Copenaghen_RA,Prevotella,72,0.0061694378461538465,forecasted
6177,Copenaghen_RD,Prevotella,72,0.007377543076923078,forecasted
6178,Copenaghen_RL,Prevotella,72,0.007981595692307693,forecasted
6179,Rome,Prevotella,72,0.006773490461538462,forecasted
6180,Rotterdam,Prevotella,72,0.007377543076923078,forecasted
6181,Bologna,Prevotella,73,0.005919969326923079,forecasted
6182,Budapest,Prevotella,73,0.005919969326923079,forecasted
6183,Copenaghen_RA,Prevotella,73,0.005919969326923079,forecasted
6184,Copenaghen_RD,Prevotella,73,0.005392142057692309,forecasted
6185,Copenaghen_RL,Prevotella,73,0.00486431478846154,forecasted
6186,Rome,Prevotella,73,0.005919969326923079,forecasted
6187,Rotterdam,Prevotella,73,0.00486431478846154,forecasted
6188,Bologna,Prevotella,74,0.009466554288461538,forecasted
6189,Budapest,Prevotella,74,0.010323200634615386,forecasted
6190,Copenaghen_RA,Prevotella,74,0.009466554288461538,forecasted
6191,Copenaghen_RD,Prevotella,74,0.008609907942307692,forecasted
6192,Copenaghen_RL,Prevotella,74,0.008609907942307692,forecasted
6193,Rome,Prevotella,74,0.010323200634615386,forecasted
6194,Rotterdam,Prevotella,74,0.010323200634615386,forecasted
6195,Bologna,Prevotella,75,0.012824289076923076,forecasted
6196,Budapest,Prevotella,75,0.011338035538461537,forecasted
6197,Copenaghen_RA,Prevotella,75,0.014310542615384614,forecasted
6198,Copenaghen_RD,Prevotella,75,0.012824289076923076,forecasted
6199,Copenaghen_RL,Prevotella,75,0.009851782,forecasted
6200,Rome,Prevotella,75,0.012824289076923076,forecasted
6201,Rotterdam,Prevotella,75,0.011338035538461537,forecasted
6202,Bologna,Prevotella,77,0.008639768153846154,forecasted
6203,Budapest,Prevotella,77,0.009423005538461537,forecasted
6204,Copenaghen_RA,Prevotella,77,0.009423005538461537,forecasted
6205,Copenaghen_RD,Prevotella,77,0.010989480307692309,forecasted
6206,Copenaghen_RL,Prevotella,77,0.010206242923076923,forecasted
6207,Rome,Prevotella,77,0.009423005538461537,forecasted
6208,Rotterdam,Prevotella,77,0.009423005538461537,forecasted
6209,Bologna,Prevotella,78,0.009960266903846155,forecasted
6210,Budapest,Prevotella,78,0.009960266903846155,forecasted
6211,Copenaghen_RA,Prevotella,78,0.007634255750000001,forecasted
6212,Copenaghen_RD,Prevotella,78,0.007634255750000001,forecasted
6213,Copenaghen_RL,Prevotella,78,0.008797261326923078,forecasted
6214,Rome,Prevotella,78,0.009960266903846155,forecasted
6215,Rotterdam,Prevotella,78,0.009960266903846155,forecasted
6216,Bologna,Prevotella,79,0.004722687442307692,forecasted
6217,Budapest,Prevotella,79,0.004645273557692307,forecasted
6218,Copenaghen_RA,Prevotella,79,0.004722687442307692,forecasted
6219,Copenaghen_RD,Prevotella,79,0.004490445788461538,forecasted
6220,Copenaghen_RL,Prevotella,79,0.004877515211538462,forecasted
6221,Rome,Prevotella,79,0.004490445788461538,forecasted
6222,Rotterdam,Prevotella,79,0.004567859673076923,forecasted
6223,Bologna,Prevotella,80,0.00868323156923077,forecasted
6224,Budapest,Prevotella,80,0.009372885230769231,forecasted
6225,Copenaghen_RA,Prevotella,80,0.007303924246153845,forecasted
6226,Copenaghen_RD,Prevotella,80,0.00868323156923077,forecasted
6227,Copenaghen_RL,Prevotella,80,0.007993577907692308,forecasted
6228,Rome,Prevotella,80,0.009372885230769231,forecasted
6229,Rotterdam,Prevotella,80,0.007993577907692308,forecasted
6230,Bologna,Prevotella,81,0.008802933961538462,forecasted
6231,Budapest,Prevotella,81,0.009444390653846153,forecasted
6232,Copenaghen_RA,Prevotella,81,0.008802933961538462,forecasted
6233,Copenaghen_RD,Prevotella,81,0.010085847346153845,forecasted
6234,Copenaghen_RL,Prevotella,81,0.008802933961538462,forecasted
6235,Rome,Prevotella,81,0.008802933961538462,forecasted
6236,Rotterdam,Prevotella,81,0.009444390653846153,forecasted
6237,Bologna,Prevotella,82,0.012227503499999997,forecasted
6238,Budapest,Prevotella,82,0.011258598499999998,forecasted
6239,Copenaghen_RA,Prevotella,82,0.012227503499999997,forecasted
6240,Copenaghen_RD,Prevotella,82,0.011258598499999998,forecasted
6241,Copenaghen_RL,Prevotella,82,0.010289693499999999,forecasted
6242,Rome,Prevotella,82,0.010289693499999999,forecasted
6243,Rotterdam,Prevotella,82,0.009320788499999998,forecasted
6244,Bologna,Prevotella,83,0.0030593345,forecasted
6245,Budapest,Prevotella,83,0.0030593345,forecasted
6246,Copenaghen_RA,Prevotella,83,0.0030593345,forecasted
6247,Copenaghen_RD,Prevotella,83,0.0026870795,forecasted
6248,Copenaghen_RL,Prevotella,83,0.0034315895000000003,forecasted
6249,Rome,Prevotella,83,0.0026870795,forecasted
6250,Rotterdam,Prevotella,83,0.0030593345,forecasted
6251,Bologna,Prevotella,84,0.00022591331069230771,forecasted
6252,Budapest,Prevotella,84,0.00022591331069230771,forecasted
6253,Copenaghen_RA,Prevotella,84,0.00022591331069230771,forecasted
6254,Copenaghen_RD,Prevotella,84,0.00022591331069230771,forecasted
6255,Copenaghen_RL,Prevotella,84,0.00022591331069230771,forecasted
6256,Rome,Prevotella,84,0.00022591331069230771,forecasted
6257,Rotterdam,Prevotella,84,0.00022591331069230771,forecasted
6258,Bologna,Prevotella,85,0.00023937011538461536,forecasted
6259,Budapest,Prevotella,85,0.0002373341923076923,forecasted
6260,Copenaghen_RA,Prevotella,85,0.00024547788461538466,forecasted
6261,Copenaghen_RD,Prevotella,85,0.00024547788461538466,forecasted
6262,Copenaghen_RL,Prevotella,85,0.0002373341923076923,forecasted
6263,Rome,Prevotella,85,0.00024344196153846154,forecasted
6264,Rotterdam,Prevotella,85,0.00024140603846153845,forecasted
6265,Bologna,Prevotella,86,0.007135024596153845,forecasted
6266,Budapest,Prevotella,86,0.007562534403846154,forecasted
6267,Copenaghen_RA,Prevotella,86,0.007135024596153845,forecasted
6268,Copenaghen_RD,Prevotella,86,0.006707514788461538,forecasted
6269,Copenaghen_RL,Prevotella,86,0.007135024596153845,forecasted
6270,Rome,Prevotella,86,0.007562534403846154,forecasted
6271,Rotterdam,Prevotella,86,0.00799004421153846,forecasted
6272,Bologna,Prevotella,87,0.0019056561153846154,forecasted
6273,Budapest,Prevotella,87,0.0017072879615384613,forecasted
6274,Copenaghen_RA,Prevotella,87,0.0016081038846153845,forecasted
6275,Copenaghen_RD,Prevotella,87,0.0018064720384615384,forecasted
6276,Copenaghen_RL,Prevotella,87,0.0019056561153846154,forecasted
6277,Rome,Prevotella,87,0.0018064720384615384,forecasted
6278,Rotterdam,Prevotella,87,0.0018064720384615384,forecasted
6279,Bologna,Prevotella,88,0.012224554942307692,forecasted
6280,Budapest,Prevotella,88,0.012224554942307692,forecasted
6281,Copenaghen_RA,Prevotella,88,0.012224554942307692,forecasted
6282,Copenaghen_RD,Prevotella,88,0.012224554942307692,forecasted
6283,Copenaghen_RL,Prevotella,88,0.011498400057692308,forecasted
6284,Rome,Prevotella,88,0.012224554942307692,forecasted
6285,Rotterdam,Prevotella,88,0.011498400057692308,forecasted
6286,Bologna,Prevotella,89,0.0001251361868846154,forecasted
6287,Budapest,Prevotella,89,0.0001251361868846154,forecasted
6288,Copenaghen_RA,Prevotella,89,0.0001251361868846154,forecasted
6289,Copenaghen_RD,Prevotella,89,0.0001251361868846154,forecasted
6290,Copenaghen_RL,Prevotella,89,0.0001251361868846154,forecasted
6291,Rome,Prevotella,89,0.0001251361868846154,forecasted
6292,Rotterdam,Prevotella,89,0.0001251361868846154,forecasted
6293,Bologna,Prevotella,90,0.004003344557692308,forecasted
6294,Budapest,Prevotella,90,0.004303788442307692,forecasted
6295,Copenaghen_RA,Prevotella,90,0.004604232326923077,forecasted
6296,Copenaghen_RD,Prevotella,90,0.004303788442307692,forecasted
6297,Copenaghen_RL,Prevotella,90,0.003702900673076923,forecasted
6298,Rome,Prevotella,90,0.004604232326923077,forecasted
6299,Rotterdam,Prevotella,90,0.004303788442307692,forecasted
6300,Bologna,Propionivibrio,60,,forecasted
6301,Budapest,Propionivibrio,60,,forecasted
6302,Copenaghen_RA,Propionivibrio,60,,forecasted
6303,Copenaghen_RD,Propionivibrio,60,0.0039666924864615385,forecasted
6304,Copenaghen_RL,Propionivibrio,60,0.0039666924864615385,forecasted
6305,Rome,Propionivibrio,60,0.005890869461538462,forecasted
6306,Rotterdam,Propionivibrio,60,,forecasted
6307,Bologna,Propionivibrio,61,0.006534098153846153,forecasted
6308,Budapest,Propionivibrio,61,,forecasted
6309,Copenaghen_RA,Propionivibrio,61,0.006286033538461538,forecasted
6310,Copenaghen_RD,Propionivibrio,61,0.005786679467692308,forecasted
6311,Copenaghen_RL,Propionivibrio,61,0.011991519692307693,forecasted
6312,Rome,Propionivibrio,61,,forecasted
6313,Rotterdam,Propionivibrio,61,,forecasted
6314,Bologna,Propionivibrio,62,,forecasted
6315,Budapest,Propionivibrio,62,,forecasted
6316,Copenaghen_RA,Propionivibrio,62,,forecasted
6317,Copenaghen_RD,Propionivibrio,62,,forecasted
6318,Copenaghen_RL,Propionivibrio,62,,forecasted
6319,Rome,Propionivibrio,62,0.007670409789192308,forecasted
6320,Rotterdam,Propionivibrio,62,0.025406105442307696,forecasted
6321,Bologna,Propionivibrio,63,0.011044913557692309,forecasted
6322,Budapest,Propionivibrio,63,,forecasted
6323,Copenaghen_RA,Propionivibrio,63,,forecasted
6324,Copenaghen_RD,Propionivibrio,63,,forecasted
6325,Copenaghen_RL,Propionivibrio,63,0.005866500066807693,forecasted
6326,Rome,Propionivibrio,63,0.010423826903846155,forecasted
6327,Rotterdam,Propionivibrio,63,,forecasted
6328,Bologna,Propionivibrio,64,,forecasted
6329,Budapest,Propionivibrio,64,,forecasted
6330,Copenaghen_RA,Propionivibrio,64,0.011463592403846153,forecasted
6331,Copenaghen_RD,Propionivibrio,64,0.009681258096153847,forecasted
6332,Copenaghen_RL,Propionivibrio,64,0.007893131201961539,forecasted
6333,Rome,Propionivibrio,64,,forecasted
6334,Rotterdam,Propionivibrio,64,0.01903851321153846,forecasted
6335,Bologna,Propionivibrio,65,0.014265901653846152,forecasted
6336,Budapest,Propionivibrio,65,,forecasted
6337,Copenaghen_RA,Propionivibrio,65,0.013031306884615384,forecasted
6338,Copenaghen_RD,Propionivibrio,65,0.00994481996153846,forecasted
6339,Copenaghen_RL,Propionivibrio,65,0.006545671913153846,forecasted
6340,Rome,Propionivibrio,65,,forecasted
6341,Rotterdam,Propionivibrio,65,0.01395725296153846,forecasted
6342,Bologna,Propionivibrio,66,,forecasted
6343,Budapest,Propionivibrio,66,,forecasted
6344,Copenaghen_RA,Propionivibrio,66,,forecasted
6345,Copenaghen_RD,Propionivibrio,66,,forecasted
6346,Copenaghen_RL,Propionivibrio,66,,forecasted
6347,Rome,Propionivibrio,66,0.0024329784203076924,forecasted
6348,Rotterdam,Propionivibrio,66,,forecasted
6349,Bologna,Propionivibrio,67,0.015288939884615386,forecasted
6350,Budapest,Propionivibrio,67,0.010114396653846155,forecasted
6351,Copenaghen_RA,Propionivibrio,67,0.007157514807692307,forecasted
6352,Copenaghen_RD,Propionivibrio,67,0.0060438791823846155,forecasted
6353,Copenaghen_RL,Propionivibrio,67,0.006418294346153847,forecasted
6354,Rome,Propionivibrio,67,,forecasted
6355,Rotterdam,Propionivibrio,67,,forecasted
6356,Bologna,Propionivibrio,68,,forecasted
6357,Budapest,Propionivibrio,68,0.012519893442307693,forecasted
6358,Copenaghen_RA,Propionivibrio,68,0.01137351925,forecasted
6359,Copenaghen_RD,Propionivibrio,68,0.004480371231653846,forecasted
6360,Copenaghen_RL,Propionivibrio,68,0.007934396673076924,forecasted
6361,Rome,Propionivibrio,68,0.0056416482884615385,forecasted
6362,Rotterdam,Propionivibrio,68,0.033154628903846156,forecasted
6363,Bologna,Propionivibrio,69,0.008095378,forecasted
6364,Budapest,Propionivibrio,69,0.01807362846153846,forecasted
6365,Copenaghen_RA,Propionivibrio,69,0.012821917692307692,forecasted
6366,Copenaghen_RD,Propionivibrio,69,0.004937524314461539,forecasted
6367,Copenaghen_RL,Propionivibrio,69,0.009145720153846154,forecasted
6368,Rome,Propionivibrio,69,,forecasted
6369,Rotterdam,Propionivibrio,69,,forecasted
6370,Bologna,Propionivibrio,70,0.015502156730769233,forecasted
6371,Budapest,Propionivibrio,70,0.01797290396153846,forecasted
6372,Copenaghen_RA,Propionivibrio,70,0.01673753034615385,forecasted
6373,Copenaghen_RD,Propionivibrio,70,0.015502156730769233,forecasted
6374,Copenaghen_RL,Propionivibrio,70,0.01797290396153846,forecasted
6375,Rome,Propionivibrio,70,0.01673753034615385,forecasted
6376,Rotterdam,Propionivibrio,70,0.01673753034615385,forecasted
6377,Bologna,Propionivibrio,71,0.00654267125,forecasted
6378,Budapest,Propionivibrio,71,0.00654267125,forecasted
6379,Copenaghen_RA,Propionivibrio,71,0.00632554375,forecasted
6380,Copenaghen_RD,Propionivibrio,71,0.005891288749999999,forecasted
6381,Copenaghen_RL,Propionivibrio,71,0.00654267125,forecasted
6382,Rome,Propionivibrio,71,0.00632554375,forecasted
6383,Rotterdam,Propionivibrio,71,0.00632554375,forecasted
6384,Bologna,Propionivibrio,72,0.006281838269230769,forecasted
6385,Budapest,Propionivibrio,72,0.006281838269230769,forecasted
6386,Copenaghen_RA,Propionivibrio,72,0.006281838269230769,forecasted
6387,Copenaghen_RD,Propionivibrio,72,0.006443301884615385,forecasted
6388,Copenaghen_RL,Propionivibrio,72,0.006443301884615385,forecasted
6389,Rome,Propionivibrio,72,0.006120374653846154,forecasted
6390,Rotterdam,Propionivibrio,72,0.006120374653846154,forecasted
6391,Bologna,Propionivibrio,73,0.012519048673076922,forecasted
6392,Budapest,Propionivibrio,73,0.017093564826923077,forecasted
6393,Copenaghen_RA,Propionivibrio,73,0.017093564826923077,forecasted
6394,Copenaghen_RD,Propionivibrio,73,0.00792966534173077,forecasted
6395,Copenaghen_RL,Propionivibrio,73,0.018237193865384613,forecasted
6396,Rome,Propionivibrio,73,0.00792966534173077,forecasted
6397,Rotterdam,Propionivibrio,73,0.017093564826923077,forecasted
6398,Bologna,Propionivibrio,74,0.013536350423076923,forecasted
6399,Budapest,Propionivibrio,74,0.01410974373076923,forecasted
6400,Copenaghen_RA,Propionivibrio,74,0.013536350423076923,forecasted
6401,Copenaghen_RD,Propionivibrio,74,0.014683137038461538,forecasted
6402,Copenaghen_RL,Propionivibrio,74,0.01410974373076923,forecasted
6403,Rome,Propionivibrio,74,0.013536350423076923,forecasted
6404,Rotterdam,Propionivibrio,74,0.01410974373076923,forecasted
6405,Bologna,Propionivibrio,75,0.010145000461538461,forecasted
6406,Budapest,Propionivibrio,75,0.010145000461538461,forecasted
6407,Copenaghen_RA,Propionivibrio,75,0.010669333538461539,forecasted
6408,Copenaghen_RD,Propionivibrio,75,0.010145000461538461,forecasted
6409,Copenaghen_RL,Propionivibrio,75,0.010145000461538461,forecasted
6410,Rome,Propionivibrio,75,0.009620667384615384,forecasted
6411,Rotterdam,Propionivibrio,75,0.010669333538461539,forecasted
6412,Bologna,Propionivibrio,77,0.01586051923076923,forecasted
6413,Budapest,Propionivibrio,77,0.016541195846153846,forecasted
6414,Copenaghen_RA,Propionivibrio,77,0.01722187246153846,forecasted
6415,Copenaghen_RD,Propionivibrio,77,0.016541195846153846,forecasted
6416,Copenaghen_RL,Propionivibrio,77,0.01722187246153846,forecasted
6417,Rome,Propionivibrio,77,0.01586051923076923,forecasted
6418,Rotterdam,Propionivibrio,77,0.016541195846153846,forecasted
6419,Bologna,Propionivibrio,78,0.01520142194230769,forecasted
6420,Budapest,Propionivibrio,78,0.01419694121153846,forecasted
6421,Copenaghen_RA,Propionivibrio,78,0.01319246048076923,forecasted
6422,Copenaghen_RD,Propionivibrio,78,0.01520142194230769,forecasted
6423,Copenaghen_RL,Propionivibrio,78,0.01419694121153846,forecasted
6424,Rome,Propionivibrio,78,0.01319246048076923,forecasted
6425,Rotterdam,Propionivibrio,78,0.01319246048076923,forecasted
6426,Bologna,Propionivibrio,79,0.0302665945,forecasted
6427,Budapest,Propionivibrio,79,0.0308578195,forecasted
6428,Copenaghen_RA,Propionivibrio,79,0.0296753695,forecasted
6429,Copenaghen_RD,Propionivibrio,79,0.029084144500000002,forecasted
6430,Copenaghen_RL,Propionivibrio,79,0.029084144500000002,forecasted
6431,Rome,Propionivibrio,79,0.0308578195,forecasted
6432,Rotterdam,Propionivibrio,79,0.029084144500000002,forecasted
6433,Bologna,Propionivibrio,80,0.011214340884615384,forecasted
6434,Budapest,Propionivibrio,80,0.01205902696153846,forecasted
6435,Copenaghen_RA,Propionivibrio,80,0.012903713038461538,forecasted
6436,Copenaghen_RD,Propionivibrio,80,0.012903713038461538,forecasted
6437,Copenaghen_RL,Propionivibrio,80,0.012903713038461538,forecasted
6438,Rome,Propionivibrio,80,0.013748399115384616,forecasted
6439,Rotterdam,Propionivibrio,80,0.012903713038461538,forecasted
6440,Bologna,Propionivibrio,81,0.017916482846153846,forecasted
6441,Budapest,Propionivibrio,81,0.02049126330769231,forecasted
6442,Copenaghen_RA,Propionivibrio,81,0.02049126330769231,forecasted
6443,Copenaghen_RD,Propionivibrio,81,0.02049126330769231,forecasted
6444,Copenaghen_RL,Propionivibrio,81,0.021349523461538462,forecasted
6445,Rome,Propionivibrio,81,0.02049126330769231,forecasted
6446,Rotterdam,Propionivibrio,81,0.018774743,forecasted
6447,Bologna,Propionivibrio,82,0.010623985846153846,forecasted
6448,Budapest,Propionivibrio,82,0.011521381230769229,forecasted
6449,Copenaghen_RA,Propionivibrio,82,0.010623985846153846,forecasted
6450,Copenaghen_RD,Propionivibrio,82,0.011970078923076923,forecasted
6451,Copenaghen_RL,Propionivibrio,82,0.010623985846153846,forecasted
6452,Rome,Propionivibrio,82,0.011072683538461537,forecasted
6453,Rotterdam,Propionivibrio,82,0.011072683538461537,forecasted
6454,Bologna,Propionivibrio,83,0.011228334750000001,forecasted
6455,Budapest,Propionivibrio,83,0.01191783425,forecasted
6456,Copenaghen_RA,Propionivibrio,83,0.011228334750000001,forecasted
6457,Copenaghen_RD,Propionivibrio,83,0.01191783425,forecasted
6458,Copenaghen_RL,Propionivibrio,83,0.011228334750000001,forecasted
6459,Rome,Propionivibrio,83,0.011228334750000001,forecasted
6460,Rotterdam,Propionivibrio,83,0.01053883525,forecasted
6461,Bologna,Propionivibrio,84,0.00948675511076923,forecasted
6462,Budapest,Propionivibrio,84,0.00948675511076923,forecasted
6463,Copenaghen_RA,Propionivibrio,84,0.00948675511076923,forecasted
6464,Copenaghen_RD,Propionivibrio,84,0.00948675511076923,forecasted
6465,Copenaghen_RL,Propionivibrio,84,0.00948675511076923,forecasted
6466,Rome,Propionivibrio,84,0.00948675511076923,forecasted
6467,Rotterdam,Propionivibrio,84,0.00948675511076923,forecasted
6468,Bologna,Propionivibrio,85,0.003795855288461539,forecasted
6469,Budapest,Propionivibrio,85,0.003795855288461539,forecasted
6470,Copenaghen_RA,Propionivibrio,85,0.003795855288461539,forecasted
6471,Copenaghen_RD,Propionivibrio,85,0.0036463617115384617,forecasted
6472,Copenaghen_RL,Propionivibrio,85,0.003795855288461539,forecasted
6473,Rome,Propionivibrio,85,0.003496868134615385,forecasted
6474,Rotterdam,Propionivibrio,85,0.003795855288461539,forecasted
6475,Bologna,Propionivibrio,86,0.013271674,forecasted
6476,Budapest,Propionivibrio,86,0.013271674,forecasted
6477,Copenaghen_RA,Propionivibrio,86,0.013271674,forecasted
6478,Copenaghen_RD,Propionivibrio,86,0.015504522,forecasted
6479,Copenaghen_RL,Propionivibrio,86,0.014388097999999998,forecasted
6480,Rome,Propionivibrio,86,0.013271674,forecasted
6481,Rotterdam,Propionivibrio,86,0.014388097999999998,forecasted
6482,Bologna,Propionivibrio,87,0.015392436057692306,forecasted
6483,Budapest,Propionivibrio,87,0.015392436057692306,forecasted
6484,Copenaghen_RA,Propionivibrio,87,0.015392436057692306,forecasted
6485,Copenaghen_RD,Propionivibrio,87,0.016370092942307693,forecasted
6486,Copenaghen_RL,Propionivibrio,87,0.013437122288461539,forecasted
6487,Rome,Propionivibrio,87,0.014414779173076923,forecasted
6488,Rotterdam,Propionivibrio,87,0.017347749826923074,forecasted
6489,Bologna,Propionivibrio,88,0.02128720246153846,forecasted
6490,Budapest,Propionivibrio,88,0.022335971384615384,forecasted
6491,Copenaghen_RA,Propionivibrio,88,0.022335971384615384,forecasted
6492,Copenaghen_RD,Propionivibrio,88,0.020238433538461536,forecasted
6493,Copenaghen_RL,Propionivibrio,88,0.02128720246153846,forecasted
6494,Rome,Propionivibrio,88,0.019189664615384613,forecasted
6495,Rotterdam,Propionivibrio,88,0.020238433538461536,forecasted
6496,Bologna,Propionivibrio,89,0.0014840319196538464,forecasted
6497,Budapest,Propionivibrio,89,0.0014840319196538464,forecasted
6498,Copenaghen_RA,Propionivibrio,89,0.0014840319196538464,forecasted
6499,Copenaghen_RD,Propionivibrio,89,0.0014840319196538464,forecasted
6500,Copenaghen_RL,Propionivibrio,89,0.0014840319196538464,forecasted
6501,Rome,Propionivibrio,89,0.0014840319196538464,forecasted
6502,Rotterdam,Propionivibrio,89,0.0014840319196538464,forecasted
6503,Bologna,Propionivibrio,90,0.015454414730769231,forecasted
6504,Budapest,Propionivibrio,90,0.015454414730769231,forecasted
6505,Copenaghen_RA,Propionivibrio,90,0.01455557526923077,forecasted
6506,Copenaghen_RD,Propionivibrio,90,0.01455557526923077,forecasted
6507,Copenaghen_RL,Propionivibrio,90,0.01455557526923077,forecasted
6508,Rome,Propionivibrio,90,0.01455557526923077,forecasted
6509,Rotterdam,Propionivibrio,90,0.013656735807692309,forecasted
6510,Bologna,Pseudomonas_E,60,,forecasted
6511,Budapest,Pseudomonas_E,60,,forecasted
6512,Copenaghen_RA,Pseudomonas_E,60,,forecasted
6513,Copenaghen_RD,Pseudomonas_E,60,0.05119215459615385,forecasted
6514,Copenaghen_RL,Pseudomonas_E,60,0.03407859928846154,forecasted
6515,Rome,Pseudomonas_E,60,0.020616343245346155,forecasted
6516,Rotterdam,Pseudomonas_E,60,,forecasted
6517,Bologna,Pseudomonas_E,61,0.022168170038461537,forecasted
6518,Budapest,Pseudomonas_E,61,,forecasted
6519,Copenaghen_RA,Pseudomonas_E,61,0.014211586688538462,forecasted
6520,Copenaghen_RD,Pseudomonas_E,61,0.014851917807692308,forecasted
6521,Copenaghen_RL,Pseudomonas_E,61,0.018669092884615386,forecasted
6522,Rome,Pseudomonas_E,61,,forecasted
6523,Rotterdam,Pseudomonas_E,61,,forecasted
6524,Bologna,Pseudomonas_E,62,,forecasted
6525,Budapest,Pseudomonas_E,62,,forecasted
6526,Copenaghen_RA,Pseudomonas_E,62,,forecasted
6527,Copenaghen_RD,Pseudomonas_E,62,,forecasted
6528,Copenaghen_RL,Pseudomonas_E,62,,forecasted
6529,Rome,Pseudomonas_E,62,0.13908391390384614,forecasted
6530,Rotterdam,Pseudomonas_E,62,0.017135728997653844,forecasted
6531,Bologna,Pseudomonas_E,63,0.07817693234615385,forecasted
6532,Budapest,Pseudomonas_E,63,,forecasted
6533,Copenaghen_RA,Pseudomonas_E,63,,forecasted
6534,Copenaghen_RD,Pseudomonas_E,63,,forecasted
6535,Copenaghen_RL,Pseudomonas_E,63,0.013064458764846153,forecasted
6536,Rome,Pseudomonas_E,63,0.0651612058076923,forecasted
6537,Rotterdam,Pseudomonas_E,63,,forecasted
6538,Bologna,Pseudomonas_E,64,,forecasted
6539,Budapest,Pseudomonas_E,64,,forecasted
6540,Copenaghen_RA,Pseudomonas_E,64,0.012685710365384616,forecasted
6541,Copenaghen_RD,Pseudomonas_E,64,0.010345718906730769,forecasted
6542,Copenaghen_RL,Pseudomonas_E,64,0.016839694980769232,forecasted
6543,Rome,Pseudomonas_E,64,,forecasted
6544,Rotterdam,Pseudomonas_E,64,0.011387590173076924,forecasted
6545,Bologna,Pseudomonas_E,65,0.01547030373076923,forecasted
6546,Budapest,Pseudomonas_E,65,,forecasted
6547,Copenaghen_RA,Pseudomonas_E,65,0.025136743346153845,forecasted
6548,Copenaghen_RD,Pseudomonas_E,65,0.009017633072846153,forecasted
6549,Copenaghen_RL,Pseudomonas_E,65,0.01611473303846154,forecasted
6550,Rome,Pseudomonas_E,65,,forecasted
6551,Rotterdam,Pseudomonas_E,65,0.012892586499999999,forecasted
6552,Bologna,Pseudomonas_E,66,,forecasted
6553,Budapest,Pseudomonas_E,66,,forecasted
6554,Copenaghen_RA,Pseudomonas_E,66,,forecasted
6555,Copenaghen_RD,Pseudomonas_E,66,,forecasted
6556,Copenaghen_RL,Pseudomonas_E,66,,forecasted
6557,Rome,Pseudomonas_E,66,0.2406304766256923,forecasted
6558,Rotterdam,Pseudomonas_E,66,,forecasted
6559,Bologna,Pseudomonas_E,67,0.00821716074476923,forecasted
6560,Budapest,Pseudomonas_E,67,0.009841174538461539,forecasted
6561,Copenaghen_RA,Pseudomonas_E,67,0.01632038376923077,forecasted
6562,Copenaghen_RD,Pseudomonas_E,67,0.010489095461538462,forecasted
6563,Copenaghen_RL,Pseudomonas_E,67,0.010813055923076922,forecasted
6564,Rome,Pseudomonas_E,67,,forecasted
6565,Rotterdam,Pseudomonas_E,67,,forecasted
6566,Bologna,Pseudomonas_E,68,,forecasted
6567,Budapest,Pseudomonas_E,68,0.0189435935,forecasted
6568,Copenaghen_RA,Pseudomonas_E,68,0.0189435935,forecasted
6569,Copenaghen_RD,Pseudomonas_E,68,0.03346336850000001,forecasted
6570,Copenaghen_RL,Pseudomonas_E,68,0.03346336850000001,forecasted
6571,Rome,Pseudomonas_E,68,0.1351017935,forecasted
6572,Rotterdam,Pseudomonas_E,68,0.014040749475,forecasted
6573,Bologna,Pseudomonas_E,69,0.013181935538461538,forecasted
6574,Budapest,Pseudomonas_E,69,0.006016746133076923,forecasted
6575,Copenaghen_RA,Pseudomonas_E,69,0.013181935538461538,forecasted
6576,Copenaghen_RD,Pseudomonas_E,69,0.00841203246153846,forecasted
6577,Copenaghen_RL,Pseudomonas_E,69,0.025901677076923077,forecasted
6578,Rome,Pseudomonas_E,69,,forecasted
6579,Rotterdam,Pseudomonas_E,69,,forecasted
6580,Bologna,Pseudomonas_E,70,0.013887937173076924,forecasted
6581,Budapest,Pseudomonas_E,70,0.014188654519230771,forecasted
6582,Copenaghen_RA,Pseudomonas_E,70,0.014188654519230771,forecasted
6583,Copenaghen_RD,Pseudomonas_E,70,0.014188654519230771,forecasted
6584,Copenaghen_RL,Pseudomonas_E,70,0.013587219826923076,forecasted
6585,Rome,Pseudomonas_E,70,0.013887937173076924,forecasted
6586,Rotterdam,Pseudomonas_E,70,0.013286502480769232,forecasted
6587,Bologna,Pseudomonas_E,71,0.026849888346153847,forecasted
6588,Budapest,Pseudomonas_E,71,0.024772826423076925,forecasted
6589,Copenaghen_RA,Pseudomonas_E,71,0.0226957645,forecasted
6590,Copenaghen_RD,Pseudomonas_E,71,0.026849888346153847,forecasted
6591,Copenaghen_RL,Pseudomonas_E,71,0.024772826423076925,forecasted
6592,Rome,Pseudomonas_E,71,0.026849888346153847,forecasted
6593,Rotterdam,Pseudomonas_E,71,0.02892695026923077,forecasted
6594,Bologna,Pseudomonas_E,72,0.26553613380769225,forecasted
6595,Budapest,Pseudomonas_E,72,0.3259796801153846,forecasted
6596,Copenaghen_RA,Pseudomonas_E,72,0.26553613380769225,forecasted
6597,Copenaghen_RD,Pseudomonas_E,72,0.26553613380769225,forecasted
6598,Copenaghen_RL,Pseudomonas_E,72,0.23531436065384612,forecasted
6599,Rome,Pseudomonas_E,72,0.2957579069615385,forecasted
6600,Rotterdam,Pseudomonas_E,72,0.20509258749999998,forecasted
6601,Bologna,Pseudomonas_E,73,0.08823471942307692,forecasted
6602,Budapest,Pseudomonas_E,73,0.06231369619230769,forecasted
6603,Copenaghen_RA,Pseudomonas_E,73,0.10119523103846154,forecasted
6604,Copenaghen_RD,Pseudomonas_E,73,0.10119523103846154,forecasted
6605,Copenaghen_RL,Pseudomonas_E,73,0.10551540157692307,forecasted
6606,Rome,Pseudomonas_E,73,0.10119523103846154,forecasted
6607,Rotterdam,Pseudomonas_E,73,0.06663386673076924,forecasted
6608,Bologna,Pseudomonas_E,74,0.017744392326923077,forecasted
6609,Budapest,Pseudomonas_E,74,0.016111467980769234,forecasted
6610,Copenaghen_RA,Pseudomonas_E,74,0.017200084211538465,forecasted
6611,Copenaghen_RD,Pseudomonas_E,74,0.016111467980769234,forecasted
6612,Copenaghen_RL,Pseudomonas_E,74,0.016655776096153846,forecasted
6613,Rome,Pseudomonas_E,74,0.016111467980769234,forecasted
6614,Rotterdam,Pseudomonas_E,74,0.016655776096153846,forecasted
6615,Bologna,Pseudomonas_E,75,0.08124215074999999,forecasted
6616,Budapest,Pseudomonas_E,75,0.06786569825,forecasted
6617,Copenaghen_RA,Pseudomonas_E,75,0.09461860324999999,forecasted
6618,Copenaghen_RD,Pseudomonas_E,75,0.08124215074999999,forecasted
6619,Copenaghen_RL,Pseudomonas_E,75,0.06786569825,forecasted
6620,Rome,Pseudomonas_E,75,0.09461860324999999,forecasted
6621,Rotterdam,Pseudomonas_E,75,0.06786569825,forecasted
6622,Bologna,Pseudomonas_E,77,0.0187038185,forecasted
6623,Budapest,Pseudomonas_E,77,0.0174807755,forecasted
6624,Copenaghen_RA,Pseudomonas_E,77,0.0199268615,forecasted
6625,Copenaghen_RD,Pseudomonas_E,77,0.0199268615,forecasted
6626,Copenaghen_RL,Pseudomonas_E,77,0.0187038185,forecasted
6627,Rome,Pseudomonas_E,77,0.0187038185,forecasted
6628,Rotterdam,Pseudomonas_E,77,0.0187038185,forecasted
6629,Bologna,Pseudomonas_E,78,0.12115163712500002,forecasted
6630,Budapest,Pseudomonas_E,78,0.15593411577884614,forecasted
6631,Copenaghen_RA,Pseudomonas_E,78,0.10376039779807694,forecasted
6632,Copenaghen_RD,Pseudomonas_E,78,0.12115163712500002,forecasted
6633,Copenaghen_RL,Pseudomonas_E,78,0.12115163712500002,forecasted
6634,Rome,Pseudomonas_E,78,0.12115163712500002,forecasted
6635,Rotterdam,Pseudomonas_E,78,0.15593411577884614,forecasted
6636,Bologna,Pseudomonas_E,79,0.020767617442307693,forecasted
6637,Budapest,Pseudomonas_E,79,0.021347293519230766,forecasted
6638,Copenaghen_RA,Pseudomonas_E,79,0.021637131557692306,forecasted
6639,Copenaghen_RD,Pseudomonas_E,79,0.021347293519230766,forecasted
6640,Copenaghen_RL,Pseudomonas_E,79,0.02105745548076923,forecasted
6641,Rome,Pseudomonas_E,79,0.021347293519230766,forecasted
6642,Rotterdam,Pseudomonas_E,79,0.020767617442307693,forecasted
6643,Bologna,Pseudomonas_E,80,0.368169535826923,forecasted
6644,Budapest,Pseudomonas_E,80,0.368169535826923,forecasted
6645,Copenaghen_RA,Pseudomonas_E,80,0.3339076515576923,forecasted
6646,Copenaghen_RD,Pseudomonas_E,80,0.368169535826923,forecasted
6647,Copenaghen_RL,Pseudomonas_E,80,0.2996457672884615,forecasted
6648,Rome,Pseudomonas_E,80,0.3339076515576923,forecasted
6649,Rotterdam,Pseudomonas_E,80,0.3339076515576923,forecasted
6650,Bologna,Pseudomonas_E,81,0.0460040275,forecasted
6651,Budapest,Pseudomonas_E,81,0.03570434180769231,forecasted
6652,Copenaghen_RA,Pseudomonas_E,81,0.056303713192307696,forecasted
6653,Copenaghen_RD,Pseudomonas_E,81,0.05115387034615385,forecasted
6654,Copenaghen_RL,Pseudomonas_E,81,0.0460040275,forecasted
6655,Rome,Pseudomonas_E,81,0.05115387034615385,forecasted
6656,Rotterdam,Pseudomonas_E,81,0.0460040275,forecasted
6657,Bologna,Pseudomonas_E,82,0.11129084355769231,forecasted
6658,Budapest,Pseudomonas_E,82,0.1669381231346154,forecasted
6659,Copenaghen_RA,Pseudomonas_E,82,0.018304239384653847,forecasted
6660,Copenaghen_RD,Pseudomonas_E,82,0.018304239384653847,forecasted
6661,Copenaghen_RL,Pseudomonas_E,82,0.2040363095192308,forecasted
6662,Rome,Pseudomonas_E,82,0.27823268228846154,forecasted
6663,Rotterdam,Pseudomonas_E,82,0.18548721632692308,forecasted
6664,Bologna,Pseudomonas_E,83,0.3211067524807692,forecasted
6665,Budapest,Pseudomonas_E,83,0.3503777372884615,forecasted
6666,Copenaghen_RA,Pseudomonas_E,83,0.3796487220961538,forecasted
6667,Copenaghen_RD,Pseudomonas_E,83,0.4089197069038461,forecasted
6668,Copenaghen_RL,Pseudomonas_E,83,0.4089197069038461,forecasted
6669,Rome,Pseudomonas_E,83,0.4089197069038461,forecasted
6670,Rotterdam,Pseudomonas_E,83,0.3796487220961538,forecasted
6671,Bologna,Pseudomonas_E,84,0.7516298800465384,forecasted
6672,Budapest,Pseudomonas_E,84,0.7516298800465384,forecasted
6673,Copenaghen_RA,Pseudomonas_E,84,0.7516298800465384,forecasted
6674,Copenaghen_RD,Pseudomonas_E,84,0.7516298800465384,forecasted
6675,Copenaghen_RL,Pseudomonas_E,84,0.7516298800465384,forecasted
6676,Rome,Pseudomonas_E,84,0.7516298800465384,forecasted
6677,Rotterdam,Pseudomonas_E,84,0.7516298800465384,forecasted
6678,Bologna,Pseudomonas_E,85,0.6670859030192308,forecasted
6679,Budapest,Pseudomonas_E,85,0.6670859030192308,forecasted
6680,Copenaghen_RA,Pseudomonas_E,85,0.6374146809423077,forecasted
6681,Copenaghen_RD,Pseudomonas_E,85,0.6522502919807692,forecasted
6682,Copenaghen_RL,Pseudomonas_E,85,0.6670859030192308,forecasted
6683,Rome,Pseudomonas_E,85,0.6670859030192308,forecasted
6684,Rotterdam,Pseudomonas_E,85,0.6225790699038461,forecasted
6685,Bologna,Pseudomonas_E,86,0.26379262538461534,forecasted
6686,Budapest,Pseudomonas_E,86,0.27550842523076924,forecasted
6687,Copenaghen_RA,Pseudomonas_E,86,0.26379262538461534,forecasted
6688,Copenaghen_RD,Pseudomonas_E,86,0.26379262538461534,forecasted
6689,Copenaghen_RL,Pseudomonas_E,86,0.26379262538461534,forecasted
6690,Rome,Pseudomonas_E,86,0.26379262538461534,forecasted
6691,Rotterdam,Pseudomonas_E,86,0.2403610256923077,forecasted
6692,Bologna,Pseudomonas_E,87,0.0875684736346154,forecasted
6693,Budapest,Pseudomonas_E,87,0.09757044509615384,forecasted
6694,Copenaghen_RA,Pseudomonas_E,87,0.09256945936538462,forecasted
6695,Copenaghen_RD,Pseudomonas_E,87,0.09757044509615384,forecasted
6696,Copenaghen_RL,Pseudomonas_E,87,0.0875684736346154,forecasted
6697,Rome,Pseudomonas_E,87,0.09256945936538462,forecasted
6698,Rotterdam,Pseudomonas_E,87,0.10757241655769231,forecasted
6699,Bologna,Pseudomonas_E,88,0.015130553346153847,forecasted
6700,Budapest,Pseudomonas_E,88,0.015130553346153847,forecasted
6701,Copenaghen_RA,Pseudomonas_E,88,0.014674407269230768,forecasted
6702,Copenaghen_RD,Pseudomonas_E,88,0.014674407269230768,forecasted
6703,Copenaghen_RL,Pseudomonas_E,88,0.014978504653846154,forecasted
6704,Rome,Pseudomonas_E,88,0.015130553346153847,forecasted
6705,Rotterdam,Pseudomonas_E,88,0.015282602038461539,forecasted
6706,Bologna,Pseudomonas_E,89,0.9120097073543847,forecasted
6707,Budapest,Pseudomonas_E,89,0.9120097073543847,forecasted
6708,Copenaghen_RA,Pseudomonas_E,89,0.9120097073543847,forecasted
6709,Copenaghen_RD,Pseudomonas_E,89,0.9120097073543847,forecasted
6710,Copenaghen_RL,Pseudomonas_E,89,0.9120097073543847,forecasted
6711,Rome,Pseudomonas_E,89,0.9120097073543847,forecasted
6712,Rotterdam,Pseudomonas_E,89,0.9120097073543847,forecasted
6713,Bologna,Pseudomonas_E,90,0.09463150165384614,forecasted
6714,Budapest,Pseudomonas_E,90,0.10317810403846152,forecasted
6715,Copenaghen_RA,Pseudomonas_E,90,0.07753829688461537,forecasted
6716,Copenaghen_RD,Pseudomonas_E,90,0.08608489926923076,forecasted
6717,Copenaghen_RL,Pseudomonas_E,90,0.07753829688461537,forecasted
6718,Rome,Pseudomonas_E,90,0.10317810403846152,forecasted
6719,Rotterdam,Pseudomonas_E,90,0.09463150165384614,forecasted
6720,Bologna,Pseudoxanthomonas,60,,forecasted
6721,Budapest,Pseudoxanthomonas,60,,forecasted
6722,Copenaghen_RA,Pseudoxanthomonas,60,,forecasted
6723,Copenaghen_RD,Pseudoxanthomonas,60,0.007444073423076923,forecasted
6724,Copenaghen_RL,Pseudoxanthomonas,60,0.005803507038461539,forecasted
6725,Rome,Pseudoxanthomonas,60,0.002884574869923077,forecasted
6726,Rotterdam,Pseudoxanthomonas,60,,forecasted
6727,Bologna,Pseudoxanthomonas,61,0.002896308384615385,forecasted
6728,Budapest,Pseudoxanthomonas,61,,forecasted
6729,Copenaghen_RA,Pseudoxanthomonas,61,0.001218963636923077,forecasted
6730,Copenaghen_RD,Pseudoxanthomonas,61,0.0014438683846153847,forecasted
6731,Copenaghen_RL,Pseudoxanthomonas,61,0.004013569923076924,forecasted
6732,Rome,Pseudoxanthomonas,61,,forecasted
6733,Rotterdam,Pseudoxanthomonas,61,,forecasted
6734,Bologna,Pseudoxanthomonas,62,,forecasted
6735,Budapest,Pseudoxanthomonas,62,,forecasted
6736,Copenaghen_RA,Pseudoxanthomonas,62,,forecasted
6737,Copenaghen_RD,Pseudoxanthomonas,62,,forecasted
6738,Copenaghen_RL,Pseudoxanthomonas,62,,forecasted
6739,Rome,Pseudoxanthomonas,62,0.005790730442307691,forecasted
6740,Rotterdam,Pseudoxanthomonas,62,0.0023935369351923076,forecasted
6741,Bologna,Pseudoxanthomonas,63,0.003735698784153846,forecasted
6742,Budapest,Pseudoxanthomonas,63,,forecasted
6743,Copenaghen_RA,Pseudoxanthomonas,63,,forecasted
6744,Copenaghen_RD,Pseudoxanthomonas,63,,forecasted
6745,Copenaghen_RL,Pseudoxanthomonas,63,0.006843528923076922,forecasted
6746,Rome,Pseudoxanthomonas,63,0.008590264153846153,forecasted
6747,Rotterdam,Pseudoxanthomonas,63,,forecasted
6748,Bologna,Pseudoxanthomonas,64,,forecasted
6749,Budapest,Pseudoxanthomonas,64,,forecasted
6750,Copenaghen_RA,Pseudoxanthomonas,64,0.0019554272527307695,forecasted
6751,Copenaghen_RD,Pseudoxanthomonas,64,0.004131108980769231,forecasted
6752,Copenaghen_RL,Pseudoxanthomonas,64,0.0036092167499999998,forecasted
6753,Rome,Pseudoxanthomonas,64,,forecasted
6754,Rotterdam,Pseudoxanthomonas,64,0.002391468211538461,forecasted
6755,Bologna,Pseudoxanthomonas,65,0.005836991903846154,forecasted
6756,Budapest,Pseudoxanthomonas,65,,forecasted
6757,Copenaghen_RA,Pseudoxanthomonas,65,0.0017274192884615385,forecasted
6758,Copenaghen_RD,Pseudoxanthomonas,65,0.0030972768269230773,forecasted
6759,Copenaghen_RL,Pseudoxanthomonas,65,0.002754812442307693,forecasted
6760,Rome,Pseudoxanthomonas,65,,forecasted
6761,Rotterdam,Pseudoxanthomonas,65,0.001553961077653846,forecasted
6762,Bologna,Pseudoxanthomonas,66,,forecasted
6763,Budapest,Pseudoxanthomonas,66,,forecasted
6764,Copenaghen_RA,Pseudoxanthomonas,66,,forecasted
6765,Copenaghen_RD,Pseudoxanthomonas,66,,forecasted
6766,Copenaghen_RL,Pseudoxanthomonas,66,,forecasted
6767,Rome,Pseudoxanthomonas,66,0.0018162841402307693,forecasted
6768,Rotterdam,Pseudoxanthomonas,66,,forecasted
6769,Bologna,Pseudoxanthomonas,67,0.011168534942307693,forecasted
6770,Budapest,Pseudoxanthomonas,67,0.04941458867307692,forecasted
6771,Copenaghen_RA,Pseudoxanthomonas,67,0.003859896198423077,forecasted
6772,Copenaghen_RD,Pseudoxanthomonas,67,0.005704812980769231,forecasted
6773,Copenaghen_RL,Pseudoxanthomonas,67,0.009347294288461538,forecasted
6774,Rome,Pseudoxanthomonas,67,,forecasted
6775,Rotterdam,Pseudoxanthomonas,67,,forecasted
6776,Bologna,Pseudoxanthomonas,68,,forecasted
6777,Budapest,Pseudoxanthomonas,68,0.022759835134615387,forecasted
6778,Copenaghen_RA,Pseudoxanthomonas,68,0.0037649455961538464,forecasted
6779,Copenaghen_RD,Pseudoxanthomonas,68,0.0037649455961538464,forecasted
6780,Copenaghen_RL,Pseudoxanthomonas,68,0.00693076051923077,forecasted
6781,Rome,Pseudoxanthomonas,68,0.00772221425,forecasted
6782,Rotterdam,Pseudoxanthomonas,68,0.0029632029668846156,forecasted
6783,Bologna,Pseudoxanthomonas,69,0.010748776384615384,forecasted
6784,Budapest,Pseudoxanthomonas,69,0.016156817923076924,forecasted
6785,Copenaghen_RA,Pseudoxanthomonas,69,0.002629683622923077,forecasted
6786,Copenaghen_RD,Pseudoxanthomonas,69,0.002629683622923077,forecasted
6787,Copenaghen_RL,Pseudoxanthomonas,69,0.005881539,forecasted
6788,Rome,Pseudoxanthomonas,69,,forecasted
6789,Rotterdam,Pseudoxanthomonas,69,,forecasted
6790,Bologna,Pseudoxanthomonas,70,0.0031804027115384615,forecasted
6791,Budapest,Pseudoxanthomonas,70,0.0032376143653846156,forecasted
6792,Copenaghen_RA,Pseudoxanthomonas,70,0.0032948260192307696,forecasted
6793,Copenaghen_RD,Pseudoxanthomonas,70,0.0034092493269230768,forecasted
6794,Copenaghen_RL,Pseudoxanthomonas,70,0.0032948260192307696,forecasted
6795,Rome,Pseudoxanthomonas,70,0.0032376143653846156,forecasted
6796,Rotterdam,Pseudoxanthomonas,70,0.0031804027115384615,forecasted
6797,Bologna,Pseudoxanthomonas,71,0.0033386565769230768,forecasted
6798,Budapest,Pseudoxanthomonas,71,0.0032960212692307693,forecasted
6799,Copenaghen_RA,Pseudoxanthomonas,71,0.0033386565769230768,forecasted
6800,Copenaghen_RD,Pseudoxanthomonas,71,0.0033386565769230768,forecasted
6801,Copenaghen_RL,Pseudoxanthomonas,71,0.0032960212692307693,forecasted
6802,Rome,Pseudoxanthomonas,71,0.0033386565769230768,forecasted
6803,Rotterdam,Pseudoxanthomonas,71,0.0033386565769230768,forecasted
6804,Bologna,Pseudoxanthomonas,72,0.0050966447692307685,forecasted
6805,Budapest,Pseudoxanthomonas,72,0.004992242615384616,forecasted
6806,Copenaghen_RA,Pseudoxanthomonas,72,0.0050966447692307685,forecasted
6807,Copenaghen_RD,Pseudoxanthomonas,72,0.004887840461538461,forecasted
6808,Copenaghen_RL,Pseudoxanthomonas,72,0.004992242615384616,forecasted
6809,Rome,Pseudoxanthomonas,72,0.004887840461538461,forecasted
6810,Rotterdam,Pseudoxanthomonas,72,0.0050966447692307685,forecasted
6811,Bologna,Pseudoxanthomonas,73,0.005019881,forecasted
6812,Budapest,Pseudoxanthomonas,73,0.0076427809999999995,forecasted
6813,Copenaghen_RA,Pseudoxanthomonas,73,0.006331330999999999,forecasted
6814,Copenaghen_RD,Pseudoxanthomonas,73,0.003708431,forecasted
6815,Copenaghen_RL,Pseudoxanthomonas,73,0.006768481,forecasted
6816,Rome,Pseudoxanthomonas,73,0.006768481,forecasted
6817,Rotterdam,Pseudoxanthomonas,73,0.003708431,forecasted
6818,Bologna,Pseudoxanthomonas,74,0.007111185192307692,forecasted
6819,Budapest,Pseudoxanthomonas,74,0.009640403961538462,forecasted
6820,Copenaghen_RA,Pseudoxanthomonas,74,0.0026768323851538464,forecasted
6821,Copenaghen_RD,Pseudoxanthomonas,74,0.010272708653846153,forecasted
6822,Copenaghen_RL,Pseudoxanthomonas,74,0.009008099269230768,forecasted
6823,Rome,Pseudoxanthomonas,74,0.0064788805,forecasted
6824,Rotterdam,Pseudoxanthomonas,74,0.0026768323851538464,forecasted
6825,Bologna,Pseudoxanthomonas,75,0.004629352442307692,forecasted
6826,Budapest,Pseudoxanthomonas,75,0.004869861788461538,forecasted
6827,Copenaghen_RA,Pseudoxanthomonas,75,0.002702151051576923,forecasted
6828,Copenaghen_RD,Pseudoxanthomonas,75,0.006312917865384614,forecasted
6829,Copenaghen_RL,Pseudoxanthomonas,75,0.006553427211538461,forecasted
6830,Rome,Pseudoxanthomonas,75,0.002702151051576923,forecasted
6831,Rotterdam,Pseudoxanthomonas,75,0.0053508804807692305,forecasted
6832,Bologna,Pseudoxanthomonas,77,0.0052842989615384615,forecasted
6833,Budapest,Pseudoxanthomonas,77,0.006876278269230769,forecasted
6834,Copenaghen_RA,Pseudoxanthomonas,77,0.0063456185000000005,forecasted
6835,Copenaghen_RD,Pseudoxanthomonas,77,0.00740693803846154,forecasted
6836,Copenaghen_RL,Pseudoxanthomonas,77,0.0063456185000000005,forecasted
6837,Rome,Pseudoxanthomonas,77,0.0063456185000000005,forecasted
6838,Rotterdam,Pseudoxanthomonas,77,0.006876278269230769,forecasted
6839,Bologna,Pseudoxanthomonas,78,0.0062468916538461535,forecasted
6840,Budapest,Pseudoxanthomonas,78,0.006660500038461539,forecasted
6841,Copenaghen_RA,Pseudoxanthomonas,78,0.0062468916538461535,forecasted
6842,Copenaghen_RD,Pseudoxanthomonas,78,0.0062468916538461535,forecasted
6843,Copenaghen_RL,Pseudoxanthomonas,78,0.006660500038461539,forecasted
6844,Rome,Pseudoxanthomonas,78,0.0058332832692307695,forecasted
6845,Rotterdam,Pseudoxanthomonas,78,0.0058332832692307695,forecasted
6846,Bologna,Pseudoxanthomonas,79,0.008836074865384614,forecasted
6847,Budapest,Pseudoxanthomonas,79,0.008250931711538461,forecasted
6848,Copenaghen_RA,Pseudoxanthomonas,79,0.008250931711538461,forecasted
6849,Copenaghen_RD,Pseudoxanthomonas,79,0.008543503288461539,forecasted
6850,Copenaghen_RL,Pseudoxanthomonas,79,0.007958360134615384,forecasted
6851,Rome,Pseudoxanthomonas,79,0.008543503288461539,forecasted
6852,Rotterdam,Pseudoxanthomonas,79,0.007665788557692307,forecasted
6853,Bologna,Pseudoxanthomonas,80,0.003976979615384615,forecasted
6854,Budapest,Pseudoxanthomonas,80,0.003976979615384615,forecasted
6855,Copenaghen_RA,Pseudoxanthomonas,80,0.003976979615384615,forecasted
6856,Copenaghen_RD,Pseudoxanthomonas,80,0.003777117307692308,forecasted
6857,Copenaghen_RL,Pseudoxanthomonas,80,0.003777117307692308,forecasted
6858,Rome,Pseudoxanthomonas,80,0.003577255,forecasted
6859,Rotterdam,Pseudoxanthomonas,80,0.003777117307692308,forecasted
6860,Bologna,Pseudoxanthomonas,81,0.007411221346153846,forecasted
6861,Budapest,Pseudoxanthomonas,81,0.0070900698846153845,forecasted
6862,Copenaghen_RA,Pseudoxanthomonas,81,0.007411221346153846,forecasted
6863,Copenaghen_RD,Pseudoxanthomonas,81,0.007411221346153846,forecasted
6864,Copenaghen_RL,Pseudoxanthomonas,81,0.0070900698846153845,forecasted
6865,Rome,Pseudoxanthomonas,81,0.007411221346153846,forecasted
6866,Rotterdam,Pseudoxanthomonas,81,0.007732372807692308,forecasted
6867,Bologna,Pseudoxanthomonas,82,0.004752801692307693,forecasted
6868,Budapest,Pseudoxanthomonas,82,0.004752801692307693,forecasted
6869,Copenaghen_RA,Pseudoxanthomonas,82,0.004752801692307693,forecasted
6870,Copenaghen_RD,Pseudoxanthomonas,82,0.004674028307692308,forecasted
6871,Copenaghen_RL,Pseudoxanthomonas,82,0.004752801692307693,forecasted
6872,Rome,Pseudoxanthomonas,82,0.004831575076923077,forecasted
6873,Rotterdam,Pseudoxanthomonas,82,0.004831575076923077,forecasted
6874,Bologna,Pseudoxanthomonas,83,0.004836306903846154,forecasted
6875,Budapest,Pseudoxanthomonas,83,0.004293315134615385,forecasted
6876,Copenaghen_RA,Pseudoxanthomonas,83,0.005107802788461539,forecasted
6877,Copenaghen_RD,Pseudoxanthomonas,83,0.005379298673076923,forecasted
6878,Copenaghen_RL,Pseudoxanthomonas,83,0.004564811019230769,forecasted
6879,Rome,Pseudoxanthomonas,83,0.005107802788461539,forecasted
6880,Rotterdam,Pseudoxanthomonas,83,0.005379298673076923,forecasted
6881,Bologna,Pseudoxanthomonas,84,0.004405532549923077,forecasted
6882,Budapest,Pseudoxanthomonas,84,0.004405532549923077,forecasted
6883,Copenaghen_RA,Pseudoxanthomonas,84,0.004405532549923077,forecasted
6884,Copenaghen_RD,Pseudoxanthomonas,84,0.004405532549923077,forecasted
6885,Copenaghen_RL,Pseudoxanthomonas,84,0.004405532549923077,forecasted
6886,Rome,Pseudoxanthomonas,84,0.004405532549923077,forecasted
6887,Rotterdam,Pseudoxanthomonas,84,0.004405532549923077,forecasted
6888,Bologna,Pseudoxanthomonas,85,0.004558788480769231,forecasted
6889,Budapest,Pseudoxanthomonas,85,0.00418586251923077,forecasted
6890,Copenaghen_RA,Pseudoxanthomonas,85,0.004434479826923077,forecasted
6891,Copenaghen_RD,Pseudoxanthomonas,85,0.004310171173076923,forecasted
6892,Copenaghen_RL,Pseudoxanthomonas,85,0.004310171173076923,forecasted
6893,Rome,Pseudoxanthomonas,85,0.00418586251923077,forecasted
6894,Rotterdam,Pseudoxanthomonas,85,0.00418586251923077,forecasted
6895,Bologna,Pseudoxanthomonas,86,0.004599735999999999,forecasted
6896,Budapest,Pseudoxanthomonas,86,0.004919508461538461,forecasted
6897,Copenaghen_RA,Pseudoxanthomonas,86,0.004919508461538461,forecasted
6898,Copenaghen_RD,Pseudoxanthomonas,86,0.005239280923076922,forecasted
6899,Copenaghen_RL,Pseudoxanthomonas,86,0.004919508461538461,forecasted
6900,Rome,Pseudoxanthomonas,86,0.004919508461538461,forecasted
6901,Rotterdam,Pseudoxanthomonas,86,0.004599735999999999,forecasted
6902,Bologna,Pseudoxanthomonas,87,0.004720611326923077,forecasted
6903,Budapest,Pseudoxanthomonas,87,0.004720611326923077,forecasted
6904,Copenaghen_RA,Pseudoxanthomonas,87,0.004720611326923077,forecasted
6905,Copenaghen_RD,Pseudoxanthomonas,87,0.004720611326923077,forecasted
6906,Copenaghen_RL,Pseudoxanthomonas,87,0.005283452019230769,forecasted
6907,Rome,Pseudoxanthomonas,87,0.004720611326923077,forecasted
6908,Rotterdam,Pseudoxanthomonas,87,0.004720611326923077,forecasted
6909,Bologna,Pseudoxanthomonas,88,0.013813003557692306,forecasted
6910,Budapest,Pseudoxanthomonas,88,0.013957109596153847,forecasted
6911,Copenaghen_RA,Pseudoxanthomonas,88,0.013524791480769231,forecasted
6912,Copenaghen_RD,Pseudoxanthomonas,88,0.013524791480769231,forecasted
6913,Copenaghen_RL,Pseudoxanthomonas,88,0.013668897519230769,forecasted
6914,Rome,Pseudoxanthomonas,88,0.013668897519230769,forecasted
6915,Rotterdam,Pseudoxanthomonas,88,0.013668897519230769,forecasted
6916,Bologna,Pseudoxanthomonas,89,0.0012834686339230769,forecasted
6917,Budapest,Pseudoxanthomonas,89,0.0012834686339230769,forecasted
6918,Copenaghen_RA,Pseudoxanthomonas,89,0.0012834686339230769,forecasted
6919,Copenaghen_RD,Pseudoxanthomonas,89,0.0012834686339230769,forecasted
6920,Copenaghen_RL,Pseudoxanthomonas,89,0.0012834686339230769,forecasted
6921,Rome,Pseudoxanthomonas,89,0.0012834686339230769,forecasted
6922,Rotterdam,Pseudoxanthomonas,89,0.0012834686339230769,forecasted
6923,Bologna,Pseudoxanthomonas,90,0.010182997115384616,forecasted
6924,Budapest,Pseudoxanthomonas,90,0.010487117346153846,forecasted
6925,Copenaghen_RA,Pseudoxanthomonas,90,0.009878876884615384,forecasted
6926,Copenaghen_RD,Pseudoxanthomonas,90,0.009878876884615384,forecasted
6927,Copenaghen_RL,Pseudoxanthomonas,90,0.009574756653846155,forecasted
6928,Rome,Pseudoxanthomonas,90,0.009574756653846155,forecasted
6929,Rotterdam,Pseudoxanthomonas,90,0.009574756653846155,forecasted
6930,Bologna,Pseudoxanthomonas_A,60,,forecasted
6931,Budapest,Pseudoxanthomonas_A,60,,forecasted
6932,Copenaghen_RA,Pseudoxanthomonas_A,60,,forecasted
6933,Copenaghen_RD,Pseudoxanthomonas_A,60,0.00617147,forecasted
6934,Copenaghen_RL,Pseudoxanthomonas_A,60,0.006811690307692308,forecasted
6935,Rome,Pseudoxanthomonas_A,60,0.004142718548307693,forecasted
6936,Rotterdam,Pseudoxanthomonas_A,60,,forecasted
6937,Bologna,Pseudoxanthomonas_A,61,0.010788175384615385,forecasted
6938,Budapest,Pseudoxanthomonas_A,61,,forecasted
6939,Copenaghen_RA,Pseudoxanthomonas_A,61,0.0051074793846153845,forecasted
6940,Copenaghen_RD,Pseudoxanthomonas_A,61,0.002916915611692308,forecasted
6941,Copenaghen_RL,Pseudoxanthomonas_A,61,0.013847011692307693,forecasted
6942,Rome,Pseudoxanthomonas_A,61,,forecasted
6943,Rotterdam,Pseudoxanthomonas_A,61,,forecasted
6944,Bologna,Pseudoxanthomonas_A,62,,forecasted
6945,Budapest,Pseudoxanthomonas_A,62,,forecasted
6946,Copenaghen_RA,Pseudoxanthomonas_A,62,,forecasted
6947,Copenaghen_RD,Pseudoxanthomonas_A,62,,forecasted
6948,Copenaghen_RL,Pseudoxanthomonas_A,62,,forecasted
6949,Rome,Pseudoxanthomonas_A,62,0.011552132887461538,forecasted
6950,Rotterdam,Pseudoxanthomonas_A,62,0.02457265196153846,forecasted
6951,Bologna,Pseudoxanthomonas_A,63,0.010632958436153847,forecasted
6952,Budapest,Pseudoxanthomonas_A,63,,forecasted
6953,Copenaghen_RA,Pseudoxanthomonas_A,63,,forecasted
6954,Copenaghen_RD,Pseudoxanthomonas_A,63,,forecasted
6955,Copenaghen_RL,Pseudoxanthomonas_A,63,0.010632958436153847,forecasted
6956,Rome,Pseudoxanthomonas_A,63,0.02583780315384615,forecasted
6957,Rotterdam,Pseudoxanthomonas_A,63,,forecasted
6958,Bologna,Pseudoxanthomonas_A,64,,forecasted
6959,Budapest,Pseudoxanthomonas_A,64,,forecasted
6960,Copenaghen_RA,Pseudoxanthomonas_A,64,0.005074560968961538,forecasted
6961,Copenaghen_RD,Pseudoxanthomonas_A,64,0.006198299596153846,forecasted
6962,Copenaghen_RL,Pseudoxanthomonas_A,64,0.006198299596153846,forecasted
6963,Rome,Pseudoxanthomonas_A,64,,forecasted
6964,Rotterdam,Pseudoxanthomonas_A,64,0.01207881571153846,forecasted
6965,Bologna,Pseudoxanthomonas_A,65,0.026819938115384617,forecasted
6966,Budapest,Pseudoxanthomonas_A,65,,forecasted
6967,Copenaghen_RA,Pseudoxanthomonas_A,65,0.005428626183615385,forecasted
6968,Copenaghen_RD,Pseudoxanthomonas_A,65,0.006294951653846154,forecasted
6969,Copenaghen_RL,Pseudoxanthomonas_A,65,0.005428626183615385,forecasted
6970,Rome,Pseudoxanthomonas_A,65,,forecasted
6971,Rotterdam,Pseudoxanthomonas_A,65,0.017412652653846155,forecasted
6972,Bologna,Pseudoxanthomonas_A,66,,forecasted
6973,Budapest,Pseudoxanthomonas_A,66,,forecasted
6974,Copenaghen_RA,Pseudoxanthomonas_A,66,,forecasted
6975,Copenaghen_RD,Pseudoxanthomonas_A,66,,forecasted
6976,Copenaghen_RL,Pseudoxanthomonas_A,66,,forecasted
6977,Rome,Pseudoxanthomonas_A,66,0.01626731331003846,forecasted
6978,Rotterdam,Pseudoxanthomonas_A,66,,forecasted
6979,Bologna,Pseudoxanthomonas_A,67,0.012998950923076923,forecasted
6980,Budapest,Pseudoxanthomonas_A,67,0.02939605246153846,forecasted
6981,Copenaghen_RA,Pseudoxanthomonas_A,67,0.015458516153846153,forecasted
6982,Copenaghen_RD,Pseudoxanthomonas_A,67,0.011359240769230769,forecasted
6983,Copenaghen_RL,Pseudoxanthomonas_A,67,0.008889017422461539,forecasted
6984,Rome,Pseudoxanthomonas_A,67,,forecasted
6985,Rotterdam,Pseudoxanthomonas_A,67,,forecasted
6986,Bologna,Pseudoxanthomonas_A,68,,forecasted
6987,Budapest,Pseudoxanthomonas_A,68,0.040165574115384614,forecasted
6988,Copenaghen_RA,Pseudoxanthomonas_A,68,0.008186195423076923,forecasted
6989,Copenaghen_RD,Pseudoxanthomonas_A,68,0.008186195423076923,forecasted
6990,Copenaghen_RL,Pseudoxanthomonas_A,68,0.009576603192307692,forecasted
6991,Rome,Pseudoxanthomonas_A,68,0.008186195423076923,forecasted
6992,Rotterdam,Pseudoxanthomonas_A,68,0.005387304583615384,forecasted
6993,Bologna,Pseudoxanthomonas_A,69,0.01186530348076923,forecasted
6994,Budapest,Pseudoxanthomonas_A,69,0.02114557559615385,forecasted
6995,Copenaghen_RA,Pseudoxanthomonas_A,69,0.0056704125013461535,forecasted
6996,Copenaghen_RD,Pseudoxanthomonas_A,69,0.010627933865384616,forecasted
6997,Copenaghen_RL,Pseudoxanthomonas_A,69,0.014958727519230771,forecasted
6998,Rome,Pseudoxanthomonas_A,69,,forecasted
6999,Rotterdam,Pseudoxanthomonas_A,69,,forecasted
7000,Bologna,Pseudoxanthomonas_A,70,0.0062223957115384605,forecasted
7001,Budapest,Pseudoxanthomonas_A,70,0.006052163288461539,forecasted
7002,Copenaghen_RA,Pseudoxanthomonas_A,70,0.006052163288461539,forecasted
7003,Copenaghen_RD,Pseudoxanthomonas_A,70,0.006052163288461539,forecasted
7004,Copenaghen_RL,Pseudoxanthomonas_A,70,0.006052163288461539,forecasted
7005,Rome,Pseudoxanthomonas_A,70,0.005881930865384615,forecasted
7006,Rotterdam,Pseudoxanthomonas_A,70,0.006052163288461539,forecasted
7007,Bologna,Pseudoxanthomonas_A,71,0.010265958884615385,forecasted
7008,Budapest,Pseudoxanthomonas_A,71,0.010659181115384615,forecasted
7009,Copenaghen_RA,Pseudoxanthomonas_A,71,0.010265958884615385,forecasted
7010,Copenaghen_RD,Pseudoxanthomonas_A,71,0.010265958884615385,forecasted
7011,Copenaghen_RL,Pseudoxanthomonas_A,71,0.010659181115384615,forecasted
7012,Rome,Pseudoxanthomonas_A,71,0.010659181115384615,forecasted
7013,Rotterdam,Pseudoxanthomonas_A,71,0.009872736653846154,forecasted
7014,Bologna,Pseudoxanthomonas_A,72,0.007951001711538463,forecasted
7015,Budapest,Pseudoxanthomonas_A,72,0.007752014826923077,forecasted
7016,Copenaghen_RA,Pseudoxanthomonas_A,72,0.007951001711538463,forecasted
7017,Copenaghen_RD,Pseudoxanthomonas_A,72,0.007752014826923077,forecasted
7018,Copenaghen_RL,Pseudoxanthomonas_A,72,0.007752014826923077,forecasted
7019,Rome,Pseudoxanthomonas_A,72,0.007951001711538463,forecasted
7020,Rotterdam,Pseudoxanthomonas_A,72,0.007553027942307692,forecasted
7021,Bologna,Pseudoxanthomonas_A,73,0.01612059107692308,forecasted
7022,Budapest,Pseudoxanthomonas_A,73,0.019606585230769233,forecasted
7023,Copenaghen_RA,Pseudoxanthomonas_A,73,0.021349582307692308,forecasted
7024,Copenaghen_RD,Pseudoxanthomonas_A,73,0.019606585230769233,forecasted
7025,Copenaghen_RL,Pseudoxanthomonas_A,73,0.017863588153846158,forecasted
7026,Rome,Pseudoxanthomonas_A,73,0.005662608615384615,forecasted
7027,Rotterdam,Pseudoxanthomonas_A,73,0.005662608615384615,forecasted
7028,Bologna,Pseudoxanthomonas_A,74,0.013404266980769233,forecasted
7029,Budapest,Pseudoxanthomonas_A,74,0.012434442865384617,forecasted
7030,Copenaghen_RA,Pseudoxanthomonas_A,74,0.012434442865384617,forecasted
7031,Copenaghen_RD,Pseudoxanthomonas_A,74,0.013404266980769233,forecasted
7032,Copenaghen_RL,Pseudoxanthomonas_A,74,0.013404266980769233,forecasted
7033,Rome,Pseudoxanthomonas_A,74,0.012434442865384617,forecasted
7034,Rotterdam,Pseudoxanthomonas_A,74,0.012434442865384617,forecasted
7035,Bologna,Pseudoxanthomonas_A,75,0.009200971211538463,forecasted
7036,Budapest,Pseudoxanthomonas_A,75,0.009600692634615385,forecasted
7037,Copenaghen_RA,Pseudoxanthomonas_A,75,0.008801249788461538,forecasted
7038,Copenaghen_RD,Pseudoxanthomonas_A,75,0.009600692634615385,forecasted
7039,Copenaghen_RL,Pseudoxanthomonas_A,75,0.009600692634615385,forecasted
7040,Rome,Pseudoxanthomonas_A,75,0.009200971211538463,forecasted
7041,Rotterdam,Pseudoxanthomonas_A,75,0.009200971211538463,forecasted
7042,Bologna,Pseudoxanthomonas_A,77,0.008844733134615385,forecasted
7043,Budapest,Pseudoxanthomonas_A,77,0.009519328288461538,forecasted
7044,Copenaghen_RA,Pseudoxanthomonas_A,77,0.009519328288461538,forecasted
7045,Copenaghen_RD,Pseudoxanthomonas_A,77,0.008844733134615385,forecasted
7046,Copenaghen_RL,Pseudoxanthomonas_A,77,0.00918203071153846,forecasted
7047,Rome,Pseudoxanthomonas_A,77,0.00918203071153846,forecasted
7048,Rotterdam,Pseudoxanthomonas_A,77,0.00918203071153846,forecasted
7049,Bologna,Pseudoxanthomonas_A,78,0.00596107601923077,forecasted
7050,Budapest,Pseudoxanthomonas_A,78,0.006111525596153846,forecasted
7051,Copenaghen_RA,Pseudoxanthomonas_A,78,0.006261975173076924,forecasted
7052,Copenaghen_RD,Pseudoxanthomonas_A,78,0.006261975173076924,forecasted
7053,Copenaghen_RL,Pseudoxanthomonas_A,78,0.00596107601923077,forecasted
7054,Rome,Pseudoxanthomonas_A,78,0.00596107601923077,forecasted
7055,Rotterdam,Pseudoxanthomonas_A,78,0.006111525596153846,forecasted
7056,Bologna,Pseudoxanthomonas_A,79,0.011810977576923077,forecasted
7057,Budapest,Pseudoxanthomonas_A,79,0.011810977576923077,forecasted
7058,Copenaghen_RA,Pseudoxanthomonas_A,79,0.011930402730769231,forecasted
7059,Copenaghen_RD,Pseudoxanthomonas_A,79,0.011810977576923077,forecasted
7060,Copenaghen_RL,Pseudoxanthomonas_A,79,0.011930402730769231,forecasted
7061,Rome,Pseudoxanthomonas_A,79,0.011691552423076923,forecasted
7062,Rotterdam,Pseudoxanthomonas_A,79,0.011810977576923077,forecasted
7063,Bologna,Pseudoxanthomonas_A,80,0.004902384807692308,forecasted
7064,Budapest,Pseudoxanthomonas_A,80,0.005337572038461538,forecasted
7065,Copenaghen_RA,Pseudoxanthomonas_A,80,0.005119978423076923,forecasted
7066,Copenaghen_RD,Pseudoxanthomonas_A,80,0.005337572038461538,forecasted
7067,Copenaghen_RL,Pseudoxanthomonas_A,80,0.005337572038461538,forecasted
7068,Rome,Pseudoxanthomonas_A,80,0.005337572038461538,forecasted
7069,Rotterdam,Pseudoxanthomonas_A,80,0.005119978423076923,forecasted
7070,Bologna,Pseudoxanthomonas_A,81,0.006128273115384616,forecasted
7071,Budapest,Pseudoxanthomonas_A,81,0.006271113346153847,forecasted
7072,Copenaghen_RA,Pseudoxanthomonas_A,81,0.006413953576923077,forecasted
7073,Copenaghen_RD,Pseudoxanthomonas_A,81,0.006271113346153847,forecasted
7074,Copenaghen_RL,Pseudoxanthomonas_A,81,0.006699634038461539,forecasted
7075,Rome,Pseudoxanthomonas_A,81,0.006413953576923077,forecasted
7076,Rotterdam,Pseudoxanthomonas_A,81,0.006556793807692309,forecasted
7077,Bologna,Pseudoxanthomonas_A,82,0.005565599480769231,forecasted
7078,Budapest,Pseudoxanthomonas_A,82,0.005275319596153846,forecasted
7079,Copenaghen_RA,Pseudoxanthomonas_A,82,0.005275319596153846,forecasted
7080,Copenaghen_RD,Pseudoxanthomonas_A,82,0.005275319596153846,forecasted
7081,Copenaghen_RL,Pseudoxanthomonas_A,82,0.005372079557692307,forecasted
7082,Rome,Pseudoxanthomonas_A,82,0.005275319596153846,forecasted
7083,Rotterdam,Pseudoxanthomonas_A,82,0.005275319596153846,forecasted
7084,Bologna,Pseudoxanthomonas_A,83,0.009465692711538461,forecasted
7085,Budapest,Pseudoxanthomonas_A,83,0.009465692711538461,forecasted
7086,Copenaghen_RA,Pseudoxanthomonas_A,83,0.009465692711538461,forecasted
7087,Copenaghen_RD,Pseudoxanthomonas_A,83,0.009465692711538461,forecasted
7088,Copenaghen_RL,Pseudoxanthomonas_A,83,0.010177234673076923,forecasted
7089,Rome,Pseudoxanthomonas_A,83,0.009465692711538461,forecasted
7090,Rotterdam,Pseudoxanthomonas_A,83,0.00875415075,forecasted
7091,Bologna,Pseudoxanthomonas_A,84,0.005336263751192307,forecasted
7092,Budapest,Pseudoxanthomonas_A,84,0.005336263751192307,forecasted
7093,Copenaghen_RA,Pseudoxanthomonas_A,84,0.005336263751192307,forecasted
7094,Copenaghen_RD,Pseudoxanthomonas_A,84,0.005336263751192307,forecasted
7095,Copenaghen_RL,Pseudoxanthomonas_A,84,0.005336263751192307,forecasted
7096,Rome,Pseudoxanthomonas_A,84,0.005336263751192307,forecasted
7097,Rotterdam,Pseudoxanthomonas_A,84,0.005336263751192307,forecasted
7098,Bologna,Pseudoxanthomonas_A,85,0.012831027134615383,forecasted
7099,Budapest,Pseudoxanthomonas_A,85,0.012068952711538461,forecasted
7100,Copenaghen_RA,Pseudoxanthomonas_A,85,0.009782729442307691,forecasted
7101,Copenaghen_RD,Pseudoxanthomonas_A,85,0.009782729442307691,forecasted
7102,Copenaghen_RL,Pseudoxanthomonas_A,85,0.012831027134615383,forecasted
7103,Rome,Pseudoxanthomonas_A,85,0.010544803865384613,forecasted
7104,Rotterdam,Pseudoxanthomonas_A,85,0.010544803865384613,forecasted
7105,Bologna,Pseudoxanthomonas_A,86,0.004692680326923077,forecasted
7106,Budapest,Pseudoxanthomonas_A,86,0.004692680326923077,forecasted
7107,Copenaghen_RA,Pseudoxanthomonas_A,86,0.004554739634615385,forecasted
7108,Copenaghen_RD,Pseudoxanthomonas_A,86,0.004554739634615385,forecasted
7109,Copenaghen_RL,Pseudoxanthomonas_A,86,0.004761650673076923,forecasted
7110,Rome,Pseudoxanthomonas_A,86,0.004623709980769232,forecasted
7111,Rotterdam,Pseudoxanthomonas_A,86,0.004761650673076923,forecasted
7112,Bologna,Pseudoxanthomonas_A,87,0.03675057559615384,forecasted
7113,Budapest,Pseudoxanthomonas_A,87,0.03653255178846154,forecasted
7114,Copenaghen_RA,Pseudoxanthomonas_A,87,0.036968599403846156,forecasted
7115,Copenaghen_RD,Pseudoxanthomonas_A,87,0.037186623211538455,forecasted
7116,Copenaghen_RL,Pseudoxanthomonas_A,87,0.03653255178846154,forecasted
7117,Rome,Pseudoxanthomonas_A,87,0.03653255178846154,forecasted
7118,Rotterdam,Pseudoxanthomonas_A,87,0.037186623211538455,forecasted
7119,Bologna,Pseudoxanthomonas_A,88,0.009718756576923077,forecasted
7120,Budapest,Pseudoxanthomonas_A,88,0.009718756576923077,forecasted
7121,Copenaghen_RA,Pseudoxanthomonas_A,88,0.009718756576923077,forecasted
7122,Copenaghen_RD,Pseudoxanthomonas_A,88,0.009944416192307692,forecasted
7123,Copenaghen_RL,Pseudoxanthomonas_A,88,0.010170075807692306,forecasted
7124,Rome,Pseudoxanthomonas_A,88,0.010395735423076924,forecasted
7125,Rotterdam,Pseudoxanthomonas_A,88,0.009944416192307692,forecasted
7126,Bologna,Pseudoxanthomonas_A,89,0.0014049609609615384,forecasted
7127,Budapest,Pseudoxanthomonas_A,89,0.0014049609609615384,forecasted
7128,Copenaghen_RA,Pseudoxanthomonas_A,89,0.0014049609609615384,forecasted
7129,Copenaghen_RD,Pseudoxanthomonas_A,89,0.0014049609609615384,forecasted
7130,Copenaghen_RL,Pseudoxanthomonas_A,89,0.0014049609609615384,forecasted
7131,Rome,Pseudoxanthomonas_A,89,0.0014049609609615384,forecasted
7132,Rotterdam,Pseudoxanthomonas_A,89,0.0014049609609615384,forecasted
7133,Bologna,Pseudoxanthomonas_A,90,0.016124189134615382,forecasted
7134,Budapest,Pseudoxanthomonas_A,90,0.015518099788461536,forecasted
7135,Copenaghen_RA,Pseudoxanthomonas_A,90,0.01491201044230769,forecasted
7136,Copenaghen_RD,Pseudoxanthomonas_A,90,0.015518099788461536,forecasted
7137,Copenaghen_RL,Pseudoxanthomonas_A,90,0.016124189134615382,forecasted
7138,Rome,Pseudoxanthomonas_A,90,0.016124189134615382,forecasted
7139,Rotterdam,Pseudoxanthomonas_A,90,0.015518099788461536,forecasted
7140,Bologna,Psychrobacter,60,,forecasted
7141,Budapest,Psychrobacter,60,,forecasted
7142,Copenaghen_RA,Psychrobacter,60,,forecasted
7143,Copenaghen_RD,Psychrobacter,60,0.04844898624999999,forecasted
7144,Copenaghen_RL,Psychrobacter,60,0.01518580975,forecasted
7145,Rome,Psychrobacter,60,0.0046588897345,forecasted
7146,Rotterdam,Psychrobacter,60,,forecasted
7147,Bologna,Psychrobacter,61,0.0010310280390769231,forecasted
7148,Budapest,Psychrobacter,61,,forecasted
7149,Copenaghen_RA,Psychrobacter,61,0.009691075076923078,forecasted
7150,Copenaghen_RD,Psychrobacter,61,0.006228856615384616,forecasted
7151,Copenaghen_RL,Psychrobacter,61,0.008652409538461539,forecasted
7152,Rome,Psychrobacter,61,,forecasted
7153,Rotterdam,Psychrobacter,61,,forecasted
7154,Bologna,Psychrobacter,62,,forecasted
7155,Budapest,Psychrobacter,62,,forecasted
7156,Copenaghen_RA,Psychrobacter,62,,forecasted
7157,Copenaghen_RD,Psychrobacter,62,,forecasted
7158,Copenaghen_RL,Psychrobacter,62,,forecasted
7159,Rome,Psychrobacter,62,0.01530492003846154,forecasted
7160,Rotterdam,Psychrobacter,62,0.0013882390485384615,forecasted
7161,Bologna,Psychrobacter,63,0.012279651653846153,forecasted
7162,Budapest,Psychrobacter,63,,forecasted
7163,Copenaghen_RA,Psychrobacter,63,,forecasted
7164,Copenaghen_RD,Psychrobacter,63,,forecasted
7165,Copenaghen_RL,Psychrobacter,63,0.018798259346153846,forecasted
7166,Rome,Psychrobacter,63,0.005210764828846154,forecasted
7167,Rotterdam,Psychrobacter,63,,forecasted
7168,Bologna,Psychrobacter,64,,forecasted
7169,Budapest,Psychrobacter,64,,forecasted
7170,Copenaghen_RA,Psychrobacter,64,0.01927825769230769,forecasted
7171,Copenaghen_RD,Psychrobacter,64,0.02255273276923077,forecasted
7172,Copenaghen_RL,Psychrobacter,64,0.04219958323076923,forecasted
7173,Rome,Psychrobacter,64,,forecasted
7174,Rotterdam,Psychrobacter,64,0.0012473606812307694,forecasted
7175,Bologna,Psychrobacter,65,0.002835102192307692,forecasted
7176,Budapest,Psychrobacter,65,,forecasted
7177,Copenaghen_RA,Psychrobacter,65,0.01033767719230769,forecasted
7178,Copenaghen_RD,Psychrobacter,65,0.01033767719230769,forecasted
7179,Copenaghen_RL,Psychrobacter,65,0.014954646423076923,forecasted
7180,Rome,Psychrobacter,65,,forecasted
7181,Rotterdam,Psychrobacter,65,0.0005191150019230768,forecasted
7182,Bologna,Psychrobacter,66,,forecasted
7183,Budapest,Psychrobacter,66,,forecasted
7184,Copenaghen_RA,Psychrobacter,66,,forecasted
7185,Copenaghen_RD,Psychrobacter,66,,forecasted
7186,Copenaghen_RL,Psychrobacter,66,,forecasted
7187,Rome,Psychrobacter,66,0.07996914714526923,forecasted
7188,Rotterdam,Psychrobacter,66,,forecasted
7189,Bologna,Psychrobacter,67,0.0019262108710384614,forecasted
7190,Budapest,Psychrobacter,67,0.00465085298076923,forecasted
7191,Copenaghen_RA,Psychrobacter,67,0.02454535228846154,forecasted
7192,Copenaghen_RD,Psychrobacter,67,0.020023875173076924,forecasted
7193,Copenaghen_RL,Psychrobacter,67,0.01640669348076923,forecasted
7194,Rome,Psychrobacter,67,,forecasted
7195,Rotterdam,Psychrobacter,67,,forecasted
7196,Bologna,Psychrobacter,68,,forecasted
7197,Budapest,Psychrobacter,68,0.0015263419661923077,forecasted
7198,Copenaghen_RA,Psychrobacter,68,0.008838682403846153,forecasted
7199,Copenaghen_RD,Psychrobacter,68,0.03553491367307693,forecasted
7200,Copenaghen_RL,Psychrobacter,68,0.03553491367307693,forecasted
7201,Rome,Psychrobacter,68,0.06223114494230769,forecasted
7202,Rotterdam,Psychrobacter,68,0.0015263419661923077,forecasted
7203,Bologna,Psychrobacter,69,0.001305820386846154,forecasted
7204,Budapest,Psychrobacter,69,0.005287402192307692,forecasted
7205,Copenaghen_RA,Psychrobacter,69,0.01005291003846154,forecasted
7206,Copenaghen_RD,Psychrobacter,69,0.007670156115384616,forecasted
7207,Copenaghen_RL,Psychrobacter,69,0.02117242834615385,forecasted
7208,Rome,Psychrobacter,69,,forecasted
7209,Rotterdam,Psychrobacter,69,,forecasted
7210,Bologna,Psychrobacter,70,0.0046548488269230765,forecasted
7211,Budapest,Psychrobacter,70,0.004924692557692307,forecasted
7212,Copenaghen_RA,Psychrobacter,70,0.004115161365384615,forecasted
7213,Copenaghen_RD,Psychrobacter,70,0.004385005096153846,forecasted
7214,Copenaghen_RL,Psychrobacter,70,0.0046548488269230765,forecasted
7215,Rome,Psychrobacter,70,0.0046548488269230765,forecasted
7216,Rotterdam,Psychrobacter,70,0.0046548488269230765,forecasted
7217,Bologna,Psychrobacter,71,0.013797736,forecasted
7218,Budapest,Psychrobacter,71,0.0119914,forecasted
7219,Copenaghen_RA,Psychrobacter,71,0.012894568,forecasted
7220,Copenaghen_RD,Psychrobacter,71,0.012894568,forecasted
7221,Copenaghen_RL,Psychrobacter,71,0.012894568,forecasted
7222,Rome,Psychrobacter,71,0.014700903999999999,forecasted
7223,Rotterdam,Psychrobacter,71,0.013797736,forecasted
7224,Bologna,Psychrobacter,72,0.004822345478846154,forecasted
7225,Budapest,Psychrobacter,72,0.004822345478846154,forecasted
7226,Copenaghen_RA,Psychrobacter,72,0.004822345478846154,forecasted
7227,Copenaghen_RD,Psychrobacter,72,0.005235747859615385,forecasted
7228,Copenaghen_RL,Psychrobacter,72,0.004822345478846154,forecasted
7229,Rome,Psychrobacter,72,0.005649150240384615,forecasted
7230,Rotterdam,Psychrobacter,72,0.005649150240384615,forecasted
7231,Bologna,Psychrobacter,73,0.02578605896153846,forecasted
7232,Budapest,Psychrobacter,73,0.009717029653846155,forecasted
7233,Copenaghen_RA,Psychrobacter,73,0.009717029653846155,forecasted
7234,Copenaghen_RD,Psychrobacter,73,0.04415066388461539,forecasted
7235,Copenaghen_RL,Psychrobacter,73,0.04415066388461539,forecasted
7236,Rome,Psychrobacter,73,0.009717029653846155,forecasted
7237,Rotterdam,Psychrobacter,73,0.009717029653846155,forecasted
7238,Bologna,Psychrobacter,74,0.002519270557692308,forecasted
7239,Budapest,Psychrobacter,74,0.0026774445192307692,forecasted
7240,Copenaghen_RA,Psychrobacter,74,0.0029937924423076925,forecasted
7241,Copenaghen_RD,Psychrobacter,74,0.0029937924423076925,forecasted
7242,Copenaghen_RL,Psychrobacter,74,0.0026774445192307692,forecasted
7243,Rome,Psychrobacter,74,0.0026774445192307692,forecasted
7244,Rotterdam,Psychrobacter,74,0.0029937924423076925,forecasted
7245,Bologna,Psychrobacter,75,0.018958179846153847,forecasted
7246,Budapest,Psychrobacter,75,0.015635253692307692,forecasted
7247,Copenaghen_RA,Psychrobacter,75,0.022281106,forecasted
7248,Copenaghen_RD,Psychrobacter,75,0.018958179846153847,forecasted
7249,Copenaghen_RL,Psychrobacter,75,0.018958179846153847,forecasted
7250,Rome,Psychrobacter,75,0.018958179846153847,forecasted
7251,Rotterdam,Psychrobacter,75,0.015635253692307692,forecasted
7252,Bologna,Psychrobacter,77,0.005471854307692307,forecasted
7253,Budapest,Psychrobacter,77,0.005120228923076922,forecasted
7254,Copenaghen_RA,Psychrobacter,77,0.005120228923076922,forecasted
7255,Copenaghen_RD,Psychrobacter,77,0.005120228923076922,forecasted
7256,Copenaghen_RL,Psychrobacter,77,0.005120228923076922,forecasted
7257,Rome,Psychrobacter,77,0.005471854307692307,forecasted
7258,Rotterdam,Psychrobacter,77,0.0058234796923076915,forecasted
7259,Bologna,Psychrobacter,78,0.016421013499999998,forecasted
7260,Budapest,Psychrobacter,78,0.013990231884615383,forecasted
7261,Copenaghen_RA,Psychrobacter,78,0.018851795115384616,forecasted
7262,Copenaghen_RD,Psychrobacter,78,0.013990231884615383,forecasted
7263,Copenaghen_RL,Psychrobacter,78,0.016421013499999998,forecasted
7264,Rome,Psychrobacter,78,0.016421013499999998,forecasted
7265,Rotterdam,Psychrobacter,78,0.021282576730769227,forecasted
7266,Bologna,Psychrobacter,79,0.0005059988269230769,forecasted
7267,Budapest,Psychrobacter,79,0.0005059988269230769,forecasted
7268,Copenaghen_RA,Psychrobacter,79,0.0005059988269230769,forecasted
7269,Copenaghen_RD,Psychrobacter,79,0.0004797194807692307,forecasted
7270,Copenaghen_RL,Psychrobacter,79,0.0005059988269230769,forecasted
7271,Rome,Psychrobacter,79,0.0005059988269230769,forecasted
7272,Rotterdam,Psychrobacter,79,0.0005059988269230769,forecasted
7273,Bologna,Psychrobacter,80,0.007885426346153846,forecasted
7274,Budapest,Psychrobacter,80,0.0088001035,forecasted
7275,Copenaghen_RA,Psychrobacter,80,0.0088001035,forecasted
7276,Copenaghen_RD,Psychrobacter,80,0.009714780653846154,forecasted
7277,Copenaghen_RL,Psychrobacter,80,0.0088001035,forecasted
7278,Rome,Psychrobacter,80,0.0088001035,forecasted
7279,Rotterdam,Psychrobacter,80,0.0088001035,forecasted
7280,Bologna,Psychrobacter,81,0.00890519875,forecasted
7281,Budapest,Psychrobacter,81,0.00890519875,forecasted
7282,Copenaghen_RA,Psychrobacter,81,0.00806051625,forecasted
7283,Copenaghen_RD,Psychrobacter,81,0.00806051625,forecasted
7284,Copenaghen_RL,Psychrobacter,81,0.00890519875,forecasted
7285,Rome,Psychrobacter,81,0.00890519875,forecasted
7286,Rotterdam,Psychrobacter,81,0.007215833749999999,forecasted
7287,Bologna,Psychrobacter,82,0.014192090999999999,forecasted
7288,Budapest,Psychrobacter,82,0.01250455346153846,forecasted
7289,Copenaghen_RA,Psychrobacter,82,0.01587962853846154,forecasted
7290,Copenaghen_RD,Psychrobacter,82,0.01587962853846154,forecasted
7291,Copenaghen_RL,Psychrobacter,82,0.01587962853846154,forecasted
7292,Rome,Psychrobacter,82,0.014192090999999999,forecasted
7293,Rotterdam,Psychrobacter,82,0.014192090999999999,forecasted
7294,Bologna,Psychrobacter,83,0.01741512125,forecasted
7295,Budapest,Psychrobacter,83,0.020074990365384616,forecasted
7296,Copenaghen_RA,Psychrobacter,83,0.020074990365384616,forecasted
7297,Copenaghen_RD,Psychrobacter,83,0.01741512125,forecasted
7298,Copenaghen_RL,Psychrobacter,83,0.02273485948076923,forecasted
7299,Rome,Psychrobacter,83,0.020074990365384616,forecasted
7300,Rotterdam,Psychrobacter,83,0.020074990365384616,forecasted
7301,Bologna,Psychrobacter,84,6.501339938846153e-05,forecasted
7302,Budapest,Psychrobacter,84,6.501339938846153e-05,forecasted
7303,Copenaghen_RA,Psychrobacter,84,6.501339938846153e-05,forecasted
7304,Copenaghen_RD,Psychrobacter,84,6.501339938846153e-05,forecasted
7305,Copenaghen_RL,Psychrobacter,84,6.501339938846153e-05,forecasted
7306,Rome,Psychrobacter,84,6.501339938846153e-05,forecasted
7307,Rotterdam,Psychrobacter,84,6.501339938846153e-05,forecasted
7308,Bologna,Psychrobacter,85,0.01655294221153846,forecasted
7309,Budapest,Psychrobacter,85,0.017860506788461537,forecasted
7310,Copenaghen_RA,Psychrobacter,85,0.015245377634615385,forecasted
7311,Copenaghen_RD,Psychrobacter,85,0.01655294221153846,forecasted
7312,Copenaghen_RL,Psychrobacter,85,0.019168071365384613,forecasted
7313,Rome,Psychrobacter,85,0.019168071365384613,forecasted
7314,Rotterdam,Psychrobacter,85,0.017860506788461537,forecasted
7315,Bologna,Psychrobacter,86,0.004317836384615385,forecasted
7316,Budapest,Psychrobacter,86,0.004317836384615385,forecasted
7317,Copenaghen_RA,Psychrobacter,86,0.00451392223076923,forecasted
7318,Copenaghen_RD,Psychrobacter,86,0.004317836384615385,forecasted
7319,Copenaghen_RL,Psychrobacter,86,0.00451392223076923,forecasted
7320,Rome,Psychrobacter,86,0.00451392223076923,forecasted
7321,Rotterdam,Psychrobacter,86,0.004317836384615385,forecasted
7322,Bologna,Psychrobacter,87,0.0058195916346153835,forecasted
7323,Budapest,Psychrobacter,87,0.005009911096153846,forecasted
7324,Copenaghen_RA,Psychrobacter,87,0.005414751365384615,forecasted
7325,Copenaghen_RD,Psychrobacter,87,0.005009911096153846,forecasted
7326,Copenaghen_RL,Psychrobacter,87,0.006224431903846153,forecasted
7327,Rome,Psychrobacter,87,0.005009911096153846,forecasted
7328,Rotterdam,Psychrobacter,87,0.006224431903846153,forecasted
7329,Bologna,Psychrobacter,88,0.0006383949423076923,forecasted
7330,Budapest,Psychrobacter,88,0.0006383949423076923,forecasted
7331,Copenaghen_RA,Psychrobacter,88,0.0006388420576923077,forecasted
7332,Copenaghen_RD,Psychrobacter,88,0.0006392891730769232,forecasted
7333,Copenaghen_RL,Psychrobacter,88,0.0006388420576923077,forecasted
7334,Rome,Psychrobacter,88,0.0006379478269230769,forecasted
7335,Rotterdam,Psychrobacter,88,0.0006388420576923077,forecasted
7336,Bologna,Psychrobacter,89,0.001066443981346154,forecasted
7337,Budapest,Psychrobacter,89,0.001066443981346154,forecasted
7338,Copenaghen_RA,Psychrobacter,89,0.001066443981346154,forecasted
7339,Copenaghen_RD,Psychrobacter,89,0.001066443981346154,forecasted
7340,Copenaghen_RL,Psychrobacter,89,0.001066443981346154,forecasted
7341,Rome,Psychrobacter,89,0.001066443981346154,forecasted
7342,Rotterdam,Psychrobacter,89,0.001066443981346154,forecasted
7343,Bologna,Psychrobacter,90,0.008134417961538463,forecasted
7344,Budapest,Psychrobacter,90,0.008967713115384617,forecasted
7345,Copenaghen_RA,Psychrobacter,90,0.008967713115384617,forecasted
7346,Copenaghen_RD,Psychrobacter,90,0.007301122807692309,forecasted
7347,Copenaghen_RL,Psychrobacter,90,0.005634532500000001,forecasted
7348,Rome,Psychrobacter,90,0.008134417961538463,forecasted
7349,Rotterdam,Psychrobacter,90,0.008134417961538463,forecasted
7350,Bologna,Rubrivivax,60,,forecasted
7351,Budapest,Rubrivivax,60,,forecasted
7352,Copenaghen_RA,Rubrivivax,60,,forecasted
7353,Copenaghen_RD,Rubrivivax,60,0.00030882627142307694,forecasted
7354,Copenaghen_RL,Rubrivivax,60,0.00038685817307692314,forecasted
7355,Rome,Rubrivivax,60,0.00031198648076923073,forecasted
7356,Rotterdam,Rubrivivax,60,,forecasted
7357,Bologna,Rubrivivax,61,0.0007046921923076924,forecasted
7358,Budapest,Rubrivivax,61,,forecasted
7359,Copenaghen_RA,Rubrivivax,61,0.0001815299046923077,forecasted
7360,Copenaghen_RD,Rubrivivax,61,0.0001815299046923077,forecasted
7361,Copenaghen_RL,Rubrivivax,61,0.00039095796153846153,forecasted
7362,Rome,Rubrivivax,61,,forecasted
7363,Rotterdam,Rubrivivax,61,,forecasted
7364,Bologna,Rubrivivax,62,,forecasted
7365,Budapest,Rubrivivax,62,,forecasted
7366,Copenaghen_RA,Rubrivivax,62,,forecasted
7367,Copenaghen_RD,Rubrivivax,62,,forecasted
7368,Copenaghen_RL,Rubrivivax,62,,forecasted
7369,Rome,Rubrivivax,62,0.00015637086034615383,forecasted
7370,Rotterdam,Rubrivivax,62,0.00019493609615384613,forecasted
7371,Bologna,Rubrivivax,63,0.00023103717657692308,forecasted
7372,Budapest,Rubrivivax,63,,forecasted
7373,Copenaghen_RA,Rubrivivax,63,,forecasted
7374,Copenaghen_RD,Rubrivivax,63,,forecasted
7375,Copenaghen_RL,Rubrivivax,63,0.00031725671153846153,forecasted
7376,Rome,Rubrivivax,63,0.0003657158269230769,forecasted
7377,Rotterdam,Rubrivivax,63,,forecasted
7378,Bologna,Rubrivivax,64,,forecasted
7379,Budapest,Rubrivivax,64,,forecasted
7380,Copenaghen_RA,Rubrivivax,64,0.0003175505384615384,forecasted
7381,Copenaghen_RD,Rubrivivax,64,0.0004909182307692307,forecasted
7382,Copenaghen_RL,Rubrivivax,64,0.00025000455923076924,forecasted
7383,Rome,Rubrivivax,64,,forecasted
7384,Rotterdam,Rubrivivax,64,0.0002597613076923077,forecasted
7385,Bologna,Rubrivivax,65,0.0005629014999999999,forecasted
7386,Budapest,Rubrivivax,65,,forecasted
7387,Copenaghen_RA,Rubrivivax,65,0.0002553225,forecasted
7388,Copenaghen_RD,Rubrivivax,65,0.000228402651,forecasted
7389,Copenaghen_RL,Rubrivivax,65,0.00030881450000000004,forecasted
7390,Rome,Rubrivivax,65,,forecasted
7391,Rotterdam,Rubrivivax,65,0.0002686955,forecasted
7392,Bologna,Rubrivivax,66,,forecasted
7393,Budapest,Rubrivivax,66,,forecasted
7394,Copenaghen_RA,Rubrivivax,66,,forecasted
7395,Copenaghen_RD,Rubrivivax,66,,forecasted
7396,Copenaghen_RL,Rubrivivax,66,,forecasted
7397,Rome,Rubrivivax,66,0.00014908826561538463,forecasted
7398,Rotterdam,Rubrivivax,66,,forecasted
7399,Bologna,Rubrivivax,67,0.00035056863461538465,forecasted
7400,Budapest,Rubrivivax,67,0.0005505967115384615,forecasted
7401,Copenaghen_RA,Rubrivivax,67,0.00035056863461538465,forecasted
7402,Copenaghen_RD,Rubrivivax,67,0.0007706275961538462,forecasted
7403,Copenaghen_RL,Rubrivivax,67,0.0002702973673461539,forecasted
7404,Rome,Rubrivivax,67,,forecasted
7405,Rotterdam,Rubrivivax,67,,forecasted
7406,Bologna,Rubrivivax,68,,forecasted
7407,Budapest,Rubrivivax,68,0.0007050893076923077,forecasted
7408,Copenaghen_RA,Rubrivivax,68,0.00038676315384615384,forecasted
7409,Copenaghen_RD,Rubrivivax,68,0.00038676315384615384,forecasted
7410,Copenaghen_RL,Rubrivivax,68,0.000327077,forecasted
7411,Rome,Rubrivivax,68,0.00020744605230769232,forecasted
7412,Rotterdam,Rubrivivax,68,0.00026739084615384615,forecasted
7413,Bologna,Rubrivivax,69,0.0002694650192307692,forecasted
7414,Budapest,Rubrivivax,69,0.0007016264423076923,forecasted
7415,Copenaghen_RA,Rubrivivax,69,0.00018688102919230768,forecasted
7416,Copenaghen_RD,Rubrivivax,69,0.00018688102919230768,forecasted
7417,Copenaghen_RL,Rubrivivax,69,0.0003723605961538462,forecasted
7418,Rome,Rubrivivax,69,,forecasted
7419,Rotterdam,Rubrivivax,69,,forecasted
7420,Bologna,Rubrivivax,70,0.00025822778846153844,forecasted
7421,Budapest,Rubrivivax,70,0.0002442460576923077,forecasted
7422,Copenaghen_RA,Rubrivivax,70,0.00024890663461538457,forecasted
7423,Copenaghen_RD,Rubrivivax,70,0.0002442460576923077,forecasted
7424,Copenaghen_RL,Rubrivivax,70,0.0002442460576923077,forecasted
7425,Rome,Rubrivivax,70,0.00025356721153846156,forecasted
7426,Rotterdam,Rubrivivax,70,0.00025356721153846156,forecasted
7427,Bologna,Rubrivivax,71,0.00031143551923076926,forecasted
7428,Budapest,Rubrivivax,71,0.00031143551923076926,forecasted
7429,Copenaghen_RA,Rubrivivax,71,0.0002779342115384615,forecasted
7430,Copenaghen_RD,Rubrivivax,71,0.00031143551923076926,forecasted
7431,Copenaghen_RL,Rubrivivax,71,0.00029468486538461534,forecasted
7432,Rome,Rubrivivax,71,0.00029468486538461534,forecasted
7433,Rotterdam,Rubrivivax,71,0.00029468486538461534,forecasted
7434,Bologna,Rubrivivax,72,0.00024693525,forecasted
7435,Budapest,Rubrivivax,72,0.00023217615,forecasted
7436,Copenaghen_RA,Rubrivivax,72,0.00023217615,forecasted
7437,Copenaghen_RD,Rubrivivax,72,0.00023217615,forecasted
7438,Copenaghen_RL,Rubrivivax,72,0.00026169435000000004,forecasted
7439,Rome,Rubrivivax,72,0.00023217615,forecasted
7440,Rotterdam,Rubrivivax,72,0.00026169435000000004,forecasted
7441,Bologna,Rubrivivax,73,0.000292384,forecasted
7442,Budapest,Rubrivivax,73,0.000267344,forecasted
7443,Copenaghen_RA,Rubrivivax,73,0.000292384,forecasted
7444,Copenaghen_RD,Rubrivivax,73,0.00031742400000000007,forecasted
7445,Copenaghen_RL,Rubrivivax,73,0.000342464,forecasted
7446,Rome,Rubrivivax,73,0.00031742400000000007,forecasted
7447,Rotterdam,Rubrivivax,73,0.00031742400000000007,forecasted
7448,Bologna,Rubrivivax,74,0.0009332225192307691,forecasted
7449,Budapest,Rubrivivax,74,0.001338373096153846,forecasted
7450,Copenaghen_RA,Rubrivivax,74,0.0007017079038461537,forecasted
7451,Copenaghen_RD,Rubrivivax,74,0.0011068584807692307,forecasted
7452,Copenaghen_RL,Rubrivivax,74,0.0009332225192307691,forecasted
7453,Rome,Rubrivivax,74,0.001338373096153846,forecasted
7454,Rotterdam,Rubrivivax,74,0.0008174652115384615,forecasted
7455,Bologna,Rubrivivax,75,0.0023132619749999996,forecasted
7456,Budapest,Rubrivivax,75,0.0016253300749999998,forecasted
7457,Copenaghen_RA,Rubrivivax,75,0.00024499471765,forecasted
7458,Copenaghen_RD,Rubrivivax,75,0.0016253300749999998,forecasted
7459,Copenaghen_RL,Rubrivivax,75,0.0023132619749999996,forecasted
7460,Rome,Rubrivivax,75,0.00024499471765,forecasted
7461,Rotterdam,Rubrivivax,75,0.0023132619749999996,forecasted
7462,Bologna,Rubrivivax,77,0.0005227568076923077,forecasted
7463,Budapest,Rubrivivax,77,0.0006655381923076923,forecasted
7464,Copenaghen_RA,Rubrivivax,77,0.0005941474999999999,forecasted
7465,Copenaghen_RD,Rubrivivax,77,0.0005227568076923077,forecasted
7466,Copenaghen_RL,Rubrivivax,77,0.0006655381923076923,forecasted
7467,Rome,Rubrivivax,77,0.0005941474999999999,forecasted
7468,Rotterdam,Rubrivivax,77,0.0005941474999999999,forecasted
7469,Bologna,Rubrivivax,78,0.0002710117442307693,forecasted
7470,Budapest,Rubrivivax,78,0.0002710117442307693,forecasted
7471,Copenaghen_RA,Rubrivivax,78,0.0002583315480769231,forecasted
7472,Copenaghen_RD,Rubrivivax,78,0.0002710117442307693,forecasted
7473,Copenaghen_RL,Rubrivivax,78,0.0002710117442307693,forecasted
7474,Rome,Rubrivivax,78,0.0002583315480769231,forecasted
7475,Rotterdam,Rubrivivax,78,0.0002710117442307693,forecasted
7476,Bologna,Rubrivivax,79,0.0005005752692307693,forecasted
7477,Budapest,Rubrivivax,79,0.0005029558076923076,forecasted
7478,Copenaghen_RA,Rubrivivax,79,0.0005029558076923076,forecasted
7479,Copenaghen_RD,Rubrivivax,79,0.0005053363461538461,forecasted
7480,Copenaghen_RL,Rubrivivax,79,0.0005005752692307693,forecasted
7481,Rome,Rubrivivax,79,0.0004981947307692307,forecasted
7482,Rotterdam,Rubrivivax,79,0.0004981947307692307,forecasted
7483,Bologna,Rubrivivax,80,0.00013468047115384617,forecasted
7484,Budapest,Rubrivivax,80,0.000107091725,forecasted
7485,Copenaghen_RA,Rubrivivax,80,0.00014847484423076922,forecasted
7486,Copenaghen_RD,Rubrivivax,80,0.00020365233653846153,forecasted
7487,Copenaghen_RL,Rubrivivax,80,0.000107091725,forecasted
7488,Rome,Rubrivivax,80,0.00012088609807692308,forecasted
7489,Rotterdam,Rubrivivax,80,0.00014847484423076922,forecasted
7490,Bologna,Rubrivivax,81,0.00021175796153846156,forecasted
7491,Budapest,Rubrivivax,81,0.00021175796153846156,forecasted
7492,Copenaghen_RA,Rubrivivax,81,0.00020504634615384616,forecasted
7493,Copenaghen_RD,Rubrivivax,81,0.00019833473076923076,forecasted
7494,Copenaghen_RL,Rubrivivax,81,0.0002184695769230769,forecasted
7495,Rome,Rubrivivax,81,0.0002184695769230769,forecasted
7496,Rotterdam,Rubrivivax,81,0.00020504634615384616,forecasted
7497,Bologna,Rubrivivax,82,0.00021427684615384616,forecasted
7498,Budapest,Rubrivivax,82,0.00022079392307692306,forecasted
7499,Copenaghen_RA,Rubrivivax,82,0.0002077597692307692,forecasted
7500,Copenaghen_RD,Rubrivivax,82,0.00019472561538461537,forecasted
7501,Copenaghen_RL,Rubrivivax,82,0.0002077597692307692,forecasted
7502,Rome,Rubrivivax,82,0.00021427684615384616,forecasted
7503,Rotterdam,Rubrivivax,82,0.00020124269230769232,forecasted
7504,Bologna,Rubrivivax,83,0.00012825743269230769,forecasted
7505,Budapest,Rubrivivax,83,0.00011242593653846154,forecasted
7506,Copenaghen_RA,Rubrivivax,83,0.0001229802673076923,forecasted
7507,Copenaghen_RD,Rubrivivax,83,0.0001229802673076923,forecasted
7508,Copenaghen_RL,Rubrivivax,83,0.00013353459807692307,forecasted
7509,Rome,Rubrivivax,83,0.0001229802673076923,forecasted
7510,Rotterdam,Rubrivivax,83,0.0001229802673076923,forecasted
7511,Bologna,Rubrivivax,84,0.00014586938942307692,forecasted
7512,Budapest,Rubrivivax,84,0.00014586938942307692,forecasted
7513,Copenaghen_RA,Rubrivivax,84,0.00014586938942307692,forecasted
7514,Copenaghen_RD,Rubrivivax,84,0.00014586938942307692,forecasted
7515,Copenaghen_RL,Rubrivivax,84,0.00014586938942307692,forecasted
7516,Rome,Rubrivivax,84,0.00014586938942307692,forecasted
7517,Rotterdam,Rubrivivax,84,0.00014586938942307692,forecasted
7518,Bologna,Rubrivivax,85,0.00011817048076923077,forecasted
7519,Budapest,Rubrivivax,85,0.00011885928846153846,forecasted
7520,Copenaghen_RA,Rubrivivax,85,0.00012023690384615384,forecasted
7521,Copenaghen_RD,Rubrivivax,85,0.00011954809615384616,forecasted
7522,Copenaghen_RL,Rubrivivax,85,0.00012023690384615384,forecasted
7523,Rome,Rubrivivax,85,0.00011885928846153846,forecasted
7524,Rotterdam,Rubrivivax,85,0.00011817048076923077,forecasted
7525,Bologna,Rubrivivax,86,0.00022499896153846153,forecasted
7526,Budapest,Rubrivivax,86,0.00022499896153846153,forecasted
7527,Copenaghen_RA,Rubrivivax,86,0.00022238011538461538,forecasted
7528,Copenaghen_RD,Rubrivivax,86,0.00022238011538461538,forecasted
7529,Copenaghen_RL,Rubrivivax,86,0.00022499896153846153,forecasted
7530,Rome,Rubrivivax,86,0.00022499896153846153,forecasted
7531,Rotterdam,Rubrivivax,86,0.00022499896153846153,forecasted
7532,Bologna,Rubrivivax,87,0.0005722055384615385,forecasted
7533,Budapest,Rubrivivax,87,0.0005393704615384615,forecasted
7534,Copenaghen_RA,Rubrivivax,87,0.0005393704615384615,forecasted
7535,Copenaghen_RD,Rubrivivax,87,0.0005065353846153847,forecasted
7536,Copenaghen_RL,Rubrivivax,87,0.0005722055384615385,forecasted
7537,Rome,Rubrivivax,87,0.0005393704615384615,forecasted
7538,Rotterdam,Rubrivivax,87,0.0005722055384615385,forecasted
7539,Bologna,Rubrivivax,88,0.0005480482884615385,forecasted
7540,Budapest,Rubrivivax,88,0.0005709571346153846,forecasted
7541,Copenaghen_RA,Rubrivivax,88,0.0005595027115384615,forecasted
7542,Copenaghen_RD,Rubrivivax,88,0.0005595027115384615,forecasted
7543,Copenaghen_RL,Rubrivivax,88,0.0005480482884615385,forecasted
7544,Rome,Rubrivivax,88,0.0005595027115384615,forecasted
7545,Rotterdam,Rubrivivax,88,0.0005480482884615385,forecasted
7546,Bologna,Rubrivivax,89,2.006872809615385e-05,forecasted
7547,Budapest,Rubrivivax,89,2.006872809615385e-05,forecasted
7548,Copenaghen_RA,Rubrivivax,89,2.006872809615385e-05,forecasted
7549,Copenaghen_RD,Rubrivivax,89,2.006872809615385e-05,forecasted
7550,Copenaghen_RL,Rubrivivax,89,2.006872809615385e-05,forecasted
7551,Rome,Rubrivivax,89,2.006872809615385e-05,forecasted
7552,Rotterdam,Rubrivivax,89,2.006872809615385e-05,forecasted
7553,Bologna,Rubrivivax,90,0.0006109771923076923,forecasted
7554,Budapest,Rubrivivax,90,0.0005690489615384614,forecasted
7555,Copenaghen_RA,Rubrivivax,90,0.0005271207307692308,forecasted
7556,Copenaghen_RD,Rubrivivax,90,0.0006109771923076923,forecasted
7557,Copenaghen_RL,Rubrivivax,90,0.0005690489615384614,forecasted
7558,Rome,Rubrivivax,90,0.0006109771923076923,forecasted
7559,Rotterdam,Rubrivivax,90,0.0005271207307692308,forecasted
7560,Bologna,Streptococcus,60,,forecasted
7561,Budapest,Streptococcus,60,,forecasted
7562,Copenaghen_RA,Streptococcus,60,,forecasted
7563,Copenaghen_RD,Streptococcus,60,0.013325092461538462,forecasted
7564,Copenaghen_RL,Streptococcus,60,0.01792870923076923,forecasted
7565,Rome,Streptococcus,60,0.001478671195230769,forecasted
7566,Rotterdam,Streptococcus,60,,forecasted
7567,Bologna,Streptococcus,61,0.0016456233653846155,forecasted
7568,Budapest,Streptococcus,61,,forecasted
7569,Copenaghen_RA,Streptococcus,61,0.0006324193289615385,forecasted
7570,Copenaghen_RD,Streptococcus,61,0.0007056638653846153,forecasted
7571,Copenaghen_RL,Streptococcus,61,0.0024409737115384618,forecasted
7572,Rome,Streptococcus,61,,forecasted
7573,Rotterdam,Streptococcus,61,,forecasted
7574,Bologna,Streptococcus,62,,forecasted
7575,Budapest,Streptococcus,62,,forecasted
7576,Copenaghen_RA,Streptococcus,62,,forecasted
7577,Copenaghen_RD,Streptococcus,62,,forecasted
7578,Copenaghen_RL,Streptococcus,62,,forecasted
7579,Rome,Streptococcus,62,0.0016235232244230769,forecasted
7580,Rotterdam,Streptococcus,62,0.004906195673076923,forecasted
7581,Bologna,Streptococcus,63,0.0008751377708461538,forecasted
7582,Budapest,Streptococcus,63,,forecasted
7583,Copenaghen_RA,Streptococcus,63,,forecasted
7584,Copenaghen_RD,Streptococcus,63,,forecasted
7585,Copenaghen_RL,Streptococcus,63,0.011897949346153847,forecasted
7586,Rome,Streptococcus,63,0.0008751377708461538,forecasted
7587,Rotterdam,Streptococcus,63,,forecasted
7588,Bologna,Streptococcus,64,,forecasted
7589,Budapest,Streptococcus,64,,forecasted
7590,Copenaghen_RA,Streptococcus,64,0.03853940565384615,forecasted
7591,Copenaghen_RD,Streptococcus,64,0.008323751115384616,forecasted
7592,Copenaghen_RL,Streptococcus,64,0.009762591807692306,forecasted
7593,Rome,Streptococcus,64,,forecasted
7594,Rotterdam,Streptococcus,64,0.0025496834171538463,forecasted
7595,Bologna,Streptococcus,65,0.004504149423076923,forecasted
7596,Budapest,Streptococcus,65,,forecasted
7597,Copenaghen_RA,Streptococcus,65,0.009309264423076922,forecasted
7598,Copenaghen_RD,Streptococcus,65,0.004873773653846153,forecasted
7599,Copenaghen_RL,Streptococcus,65,0.010048512884615383,forecasted
7600,Rome,Streptococcus,65,,forecasted
7601,Rotterdam,Streptococcus,65,0.0008031020003846154,forecasted
7602,Bologna,Streptococcus,66,,forecasted
7603,Budapest,Streptococcus,66,,forecasted
7604,Copenaghen_RA,Streptococcus,66,,forecasted
7605,Copenaghen_RD,Streptococcus,66,,forecasted
7606,Copenaghen_RL,Streptococcus,66,,forecasted
7607,Rome,Streptococcus,66,0.0003952407978461539,forecasted
7608,Rotterdam,Streptococcus,66,,forecasted
7609,Bologna,Streptococcus,67,0.019503547326923075,forecasted
7610,Budapest,Streptococcus,67,0.013709854519230768,forecasted
7611,Copenaghen_RA,Streptococcus,67,0.006329216581576922,forecasted
7612,Copenaghen_RD,Streptococcus,67,0.011603057134615385,forecasted
7613,Copenaghen_RL,Streptococcus,67,0.014236553865384614,forecasted
7614,Rome,Streptococcus,67,,forecasted
7615,Rotterdam,Streptococcus,67,,forecasted
7616,Bologna,Streptococcus,68,,forecasted
7617,Budapest,Streptococcus,68,0.008827769288461539,forecasted
7618,Copenaghen_RA,Streptococcus,68,0.007193597211538461,forecasted
7619,Copenaghen_RD,Streptococcus,68,0.006376511173076922,forecasted
7620,Copenaghen_RL,Streptococcus,68,0.02353531798076923,forecasted
7621,Rome,Streptococcus,68,0.0030975449007307693,forecasted
7622,Rotterdam,Streptococcus,68,0.0030975449007307693,forecasted
7623,Bologna,Streptococcus,69,0.007345448850615385,forecasted
7624,Budapest,Streptococcus,69,0.010611298307692307,forecasted
7625,Copenaghen_RA,Streptococcus,69,0.011698344615384616,forecasted
7626,Copenaghen_RD,Streptococcus,69,0.007345448850615385,forecasted
7627,Copenaghen_RL,Streptococcus,69,0.016408878615384617,forecasted
7628,Rome,Streptococcus,69,,forecasted
7629,Rotterdam,Streptococcus,69,,forecasted
7630,Bologna,Streptococcus,70,0.016795975980769227,forecasted
7631,Budapest,Streptococcus,70,0.015411210173076922,forecasted
7632,Copenaghen_RA,Streptococcus,70,0.01818074178846154,forecasted
7633,Copenaghen_RD,Streptococcus,70,0.01818074178846154,forecasted
7634,Copenaghen_RL,Streptococcus,70,0.014026444365384616,forecasted
7635,Rome,Streptococcus,70,0.015411210173076922,forecasted
7636,Rotterdam,Streptococcus,70,0.014026444365384616,forecasted
7637,Bologna,Streptococcus,71,0.0144723835,forecasted
7638,Budapest,Streptococcus,71,0.015409396499999999,forecasted
7639,Copenaghen_RA,Streptococcus,71,0.0135353705,forecasted
7640,Copenaghen_RD,Streptococcus,71,0.0135353705,forecasted
7641,Copenaghen_RL,Streptococcus,71,0.0144723835,forecasted
7642,Rome,Streptococcus,71,0.0135353705,forecasted
7643,Rotterdam,Streptococcus,71,0.0135353705,forecasted
7644,Bologna,Streptococcus,72,0.02132491694230769,forecasted
7645,Budapest,Streptococcus,72,0.019784763903846155,forecasted
7646,Copenaghen_RA,Streptococcus,72,0.018244610865384613,forecasted
7647,Copenaghen_RD,Streptococcus,72,0.02286506998076923,forecasted
7648,Copenaghen_RL,Streptococcus,72,0.02286506998076923,forecasted
7649,Rome,Streptococcus,72,0.019784763903846155,forecasted
7650,Rotterdam,Streptococcus,72,0.019784763903846155,forecasted
7651,Bologna,Streptococcus,73,0.012816084326923074,forecasted
7652,Budapest,Streptococcus,73,0.018556076480769228,forecasted
7653,Copenaghen_RA,Streptococcus,73,0.018556076480769228,forecasted
7654,Copenaghen_RD,Streptococcus,73,0.01712107844230769,forecasted
7655,Copenaghen_RL,Streptococcus,73,0.01712107844230769,forecasted
7656,Rome,Streptococcus,73,0.0013174450447307692,forecasted
7657,Rotterdam,Streptococcus,73,0.0013174450447307692,forecasted
7658,Bologna,Streptococcus,74,0.014792405,forecasted
7659,Budapest,Streptococcus,74,0.014792405,forecasted
7660,Copenaghen_RA,Streptococcus,74,0.014792405,forecasted
7661,Copenaghen_RD,Streptococcus,74,0.015757287000000002,forecasted
7662,Copenaghen_RL,Streptococcus,74,0.014792405,forecasted
7663,Rome,Streptococcus,74,0.013827523,forecasted
7664,Rotterdam,Streptococcus,74,0.014792405,forecasted
7665,Bologna,Streptococcus,75,0.013990929211538463,forecasted
7666,Budapest,Streptococcus,75,0.015162513403846155,forecasted
7667,Copenaghen_RA,Streptococcus,75,0.016334097596153847,forecasted
7668,Copenaghen_RD,Streptococcus,75,0.016334097596153847,forecasted
7669,Copenaghen_RL,Streptococcus,75,0.016334097596153847,forecasted
7670,Rome,Streptococcus,75,0.01750568178846154,forecasted
7671,Rotterdam,Streptococcus,75,0.015162513403846155,forecasted
7672,Bologna,Streptococcus,77,0.01725821605769231,forecasted
7673,Budapest,Streptococcus,77,0.01725821605769231,forecasted
7674,Copenaghen_RA,Streptococcus,77,0.01725821605769231,forecasted
7675,Copenaghen_RD,Streptococcus,77,0.018324595096153848,forecasted
7676,Copenaghen_RL,Streptococcus,77,0.01725821605769231,forecasted
7677,Rome,Streptococcus,77,0.015125457980769232,forecasted
7678,Rotterdam,Streptococcus,77,0.01725821605769231,forecasted
7679,Bologna,Streptococcus,78,0.01902414870192308,forecasted
7680,Budapest,Streptococcus,78,0.022005258894230773,forecasted
7681,Copenaghen_RA,Streptococcus,78,0.022005258894230773,forecasted
7682,Copenaghen_RD,Streptococcus,78,0.020514703798076926,forecasted
7683,Copenaghen_RL,Streptococcus,78,0.01902414870192308,forecasted
7684,Rome,Streptococcus,78,0.01902414870192308,forecasted
7685,Rotterdam,Streptococcus,78,0.017533593605769233,forecasted
7686,Bologna,Streptococcus,79,0.004032144807692307,forecasted
7687,Budapest,Streptococcus,79,0.0036192015769230764,forecasted
7688,Copenaghen_RA,Streptococcus,79,0.0036192015769230764,forecasted
7689,Copenaghen_RD,Streptococcus,79,0.004032144807692307,forecasted
7690,Copenaghen_RL,Streptococcus,79,0.004238616423076923,forecasted
7691,Rome,Streptococcus,79,0.0036192015769230764,forecasted
7692,Rotterdam,Streptococcus,79,0.003825673192307692,forecasted
7693,Bologna,Streptococcus,80,0.017036690051923077,forecasted
7694,Budapest,Streptococcus,80,0.017036690051923077,forecasted
7695,Copenaghen_RA,Streptococcus,80,0.02060734713653846,forecasted
7696,Copenaghen_RD,Streptococcus,80,0.015251361509615384,forecasted
7697,Copenaghen_RL,Streptococcus,80,0.015251361509615384,forecasted
7698,Rome,Streptococcus,80,0.017036690051923077,forecasted
7699,Rotterdam,Streptococcus,80,0.01882201859423077,forecasted
7700,Bologna,Streptococcus,81,0.011490733826923076,forecasted
7701,Budapest,Streptococcus,81,0.012444768096153845,forecasted
7702,Copenaghen_RA,Streptococcus,81,0.013398802365384615,forecasted
7703,Copenaghen_RD,Streptococcus,81,0.012444768096153845,forecasted
7704,Copenaghen_RL,Streptococcus,81,0.012444768096153845,forecasted
7705,Rome,Streptococcus,81,0.012444768096153845,forecasted
7706,Rotterdam,Streptococcus,81,0.011490733826923076,forecasted
7707,Bologna,Streptococcus,82,0.020438344923076925,forecasted
7708,Budapest,Streptococcus,82,0.023416084615384615,forecasted
7709,Copenaghen_RA,Streptococcus,82,0.018949475076923076,forecasted
7710,Copenaghen_RD,Streptococcus,82,0.023416084615384615,forecasted
7711,Copenaghen_RL,Streptococcus,82,0.02192721476923077,forecasted
7712,Rome,Streptococcus,82,0.020438344923076925,forecasted
7713,Rotterdam,Streptococcus,82,0.018949475076923076,forecasted
7714,Bologna,Streptococcus,83,0.00201730025,forecasted
7715,Budapest,Streptococcus,83,0.00191444375,forecasted
7716,Copenaghen_RA,Streptococcus,83,0.00191444375,forecasted
7717,Copenaghen_RD,Streptococcus,83,0.0021201567500000002,forecasted
7718,Copenaghen_RL,Streptococcus,83,0.0021201567500000002,forecasted
7719,Rome,Streptococcus,83,0.00191444375,forecasted
7720,Rotterdam,Streptococcus,83,0.00191444375,forecasted
7721,Bologna,Streptococcus,84,0.0014945335157307692,forecasted
7722,Budapest,Streptococcus,84,0.0014945335157307692,forecasted
7723,Copenaghen_RA,Streptococcus,84,0.0014945335157307692,forecasted
7724,Copenaghen_RD,Streptococcus,84,0.0014945335157307692,forecasted
7725,Copenaghen_RL,Streptococcus,84,0.0014945335157307692,forecasted
7726,Rome,Streptococcus,84,0.0014945335157307692,forecasted
7727,Rotterdam,Streptococcus,84,0.0014945335157307692,forecasted
7728,Bologna,Streptococcus,85,0.0009764351923076923,forecasted
7729,Budapest,Streptococcus,85,0.0008964928076923077,forecasted
7730,Copenaghen_RA,Streptococcus,85,0.0008964928076923077,forecasted
7731,Copenaghen_RD,Streptococcus,85,0.0009497877307692308,forecasted
7732,Copenaghen_RL,Streptococcus,85,0.0008698453461538462,forecasted
7733,Rome,Streptococcus,85,0.0009231402692307692,forecasted
7734,Rotterdam,Streptococcus,85,0.0008964928076923077,forecasted
7735,Bologna,Streptococcus,86,0.01309740396153846,forecasted
7736,Budapest,Streptococcus,86,0.01309740396153846,forecasted
7737,Copenaghen_RA,Streptococcus,86,0.014204537576923077,forecasted
7738,Copenaghen_RD,Streptococcus,86,0.014204537576923077,forecasted
7739,Copenaghen_RL,Streptococcus,86,0.01309740396153846,forecasted
7740,Rome,Streptococcus,86,0.014204537576923077,forecasted
7741,Rotterdam,Streptococcus,86,0.014204537576923077,forecasted
7742,Bologna,Streptococcus,87,0.004781962961538462,forecasted
7743,Budapest,Streptococcus,87,0.0044685156538461545,forecasted
7744,Copenaghen_RA,Streptococcus,87,0.0041550683461538465,forecasted
7745,Copenaghen_RD,Streptococcus,87,0.0044685156538461545,forecasted
7746,Copenaghen_RL,Streptococcus,87,0.0044685156538461545,forecasted
7747,Rome,Streptococcus,87,0.0044685156538461545,forecasted
7748,Rotterdam,Streptococcus,87,0.0041550683461538465,forecasted
7749,Bologna,Streptococcus,88,0.006656541711538462,forecasted
7750,Budapest,Streptococcus,88,0.007971710903846154,forecasted
7751,Copenaghen_RA,Streptococcus,88,0.008848490365384615,forecasted
7752,Copenaghen_RD,Streptococcus,88,0.008410100634615385,forecasted
7753,Copenaghen_RL,Streptococcus,88,0.009286880096153846,forecasted
7754,Rome,Streptococcus,88,0.008848490365384615,forecasted
7755,Rotterdam,Streptococcus,88,0.008410100634615385,forecasted
7756,Bologna,Streptococcus,89,0.001196341985076923,forecasted
7757,Budapest,Streptococcus,89,0.001196341985076923,forecasted
7758,Copenaghen_RA,Streptococcus,89,0.001196341985076923,forecasted
7759,Copenaghen_RD,Streptococcus,89,0.001196341985076923,forecasted
7760,Copenaghen_RL,Streptococcus,89,0.001196341985076923,forecasted
7761,Rome,Streptococcus,89,0.001196341985076923,forecasted
7762,Rotterdam,Streptococcus,89,0.001196341985076923,forecasted
7763,Bologna,Streptococcus,90,0.0037712371923076925,forecasted
7764,Budapest,Streptococcus,90,0.004477785653846154,forecasted
7765,Copenaghen_RA,Streptococcus,90,0.0034179629615384613,forecasted
7766,Copenaghen_RD,Streptococcus,90,0.0027114145,forecasted
7767,Copenaghen_RL,Streptococcus,90,0.004124511423076923,forecasted
7768,Rome,Streptococcus,90,0.0034179629615384613,forecasted
7769,Rotterdam,Streptococcus,90,0.0034179629615384613,forecasted
7770,Bologna,Telluria,60,,forecasted
7771,Budapest,Telluria,60,,forecasted
7772,Copenaghen_RA,Telluria,60,,forecasted
7773,Copenaghen_RD,Telluria,60,0.0004783375736153846,forecasted
7774,Copenaghen_RL,Telluria,60,0.0010080571153846152,forecasted
7775,Rome,Telluria,60,0.000690390576923077,forecasted
7776,Rotterdam,Telluria,60,,forecasted
7777,Bologna,Telluria,61,0.0006397893846153847,forecasted
7778,Budapest,Telluria,61,,forecasted
7779,Copenaghen_RA,Telluria,61,0.0006743130769230769,forecasted
7780,Copenaghen_RD,Telluria,61,0.00024254251907692307,forecasted
7781,Copenaghen_RL,Telluria,61,0.0005362183076923077,forecasted
7782,Rome,Telluria,61,,forecasted
7783,Rotterdam,Telluria,61,,forecasted
7784,Bologna,Telluria,62,,forecasted
7785,Budapest,Telluria,62,,forecasted
7786,Copenaghen_RA,Telluria,62,,forecasted
7787,Copenaghen_RD,Telluria,62,,forecasted
7788,Copenaghen_RL,Telluria,62,,forecasted
7789,Rome,Telluria,62,0.0028111581346153846,forecasted
7790,Rotterdam,Telluria,62,0.0007457914328846154,forecasted
7791,Bologna,Telluria,63,0.0033399368269230773,forecasted
7792,Budapest,Telluria,63,,forecasted
7793,Copenaghen_RA,Telluria,63,,forecasted
7794,Copenaghen_RD,Telluria,63,,forecasted
7795,Copenaghen_RL,Telluria,63,0.0009910502018846154,forecasted
7796,Rome,Telluria,63,0.030177687634615386,forecasted
7797,Rotterdam,Telluria,63,,forecasted
7798,Bologna,Telluria,64,,forecasted
7799,Budapest,Telluria,64,,forecasted
7800,Copenaghen_RA,Telluria,64,0.0004950674224615385,forecasted
7801,Copenaghen_RD,Telluria,64,0.0006505339999999999,forecasted
7802,Copenaghen_RL,Telluria,64,0.0004950674224615385,forecasted
7803,Rome,Telluria,64,,forecasted
7804,Rotterdam,Telluria,64,0.0011417804615384615,forecasted
7805,Bologna,Telluria,65,0.0015684832692307693,forecasted
7806,Budapest,Telluria,65,,forecasted
7807,Copenaghen_RA,Telluria,65,0.0005502856538461538,forecasted
7808,Copenaghen_RD,Telluria,65,0.00046117122776923074,forecasted
7809,Copenaghen_RL,Telluria,65,0.0006388245769230769,forecasted
7810,Rome,Telluria,65,,forecasted
7811,Rotterdam,Telluria,65,0.0012143275769230769,forecasted
7812,Bologna,Telluria,66,,forecasted
7813,Budapest,Telluria,66,,forecasted
7814,Copenaghen_RA,Telluria,66,,forecasted
7815,Copenaghen_RD,Telluria,66,,forecasted
7816,Copenaghen_RL,Telluria,66,,forecasted
7817,Rome,Telluria,66,0.058297888687269234,forecasted
7818,Rotterdam,Telluria,66,,forecasted
7819,Bologna,Telluria,67,0.0010760913846153846,forecasted
7820,Budapest,Telluria,67,0.001122571076923077,forecasted
7821,Copenaghen_RA,Telluria,67,0.0005412728050769231,forecasted
7822,Copenaghen_RD,Telluria,67,0.0007042538461538462,forecasted
7823,Copenaghen_RL,Telluria,67,0.0005880546153846154,forecasted
7824,Rome,Telluria,67,,forecasted
7825,Rotterdam,Telluria,67,,forecasted
7826,Bologna,Telluria,68,,forecasted
7827,Budapest,Telluria,68,0.0011525805192307693,forecasted
7828,Copenaghen_RA,Telluria,68,0.0007065766003461539,forecasted
7829,Copenaghen_RD,Telluria,68,0.0009310187115384615,forecasted
7830,Copenaghen_RL,Telluria,68,0.0015957041346153847,forecasted
7831,Rome,Telluria,68,0.0062485020961538466,forecasted
7832,Rotterdam,Telluria,68,0.0011525805192307693,forecasted
7833,Bologna,Telluria,69,0.0006426307307692308,forecasted
7834,Budapest,Telluria,69,0.0005571111923076923,forecasted
7835,Copenaghen_RA,Telluria,69,0.0004898378582307691,forecasted
7836,Copenaghen_RD,Telluria,69,0.0005998709615384616,forecasted
7837,Copenaghen_RL,Telluria,69,0.0005204599615384615,forecasted
7838,Rome,Telluria,69,,forecasted
7839,Rotterdam,Telluria,69,,forecasted
7840,Bologna,Telluria,70,0.0006014681153846155,forecasted
7841,Budapest,Telluria,70,0.0005572894230769231,forecasted
7842,Copenaghen_RA,Telluria,70,0.0005720156538461538,forecasted
7843,Copenaghen_RD,Telluria,70,0.0005720156538461538,forecasted
7844,Copenaghen_RL,Telluria,70,0.0005867418846153846,forecasted
7845,Rome,Telluria,70,0.0005720156538461538,forecasted
7846,Rotterdam,Telluria,70,0.0005572894230769231,forecasted
7847,Bologna,Telluria,71,0.001929627442307692,forecasted
7848,Budapest,Telluria,71,0.002099042788461538,forecasted
7849,Copenaghen_RA,Telluria,71,0.0026072888269230766,forecasted
7850,Copenaghen_RD,Telluria,71,0.0005721022735769231,forecasted
7851,Copenaghen_RL,Telluria,71,0.0005721022735769231,forecasted
7852,Rome,Telluria,71,0.0031155348653846148,forecasted
7853,Rotterdam,Telluria,71,0.001929627442307692,forecasted
7854,Bologna,Telluria,72,0.0005271978653846154,forecasted
7855,Budapest,Telluria,72,0.0005354468269230771,forecasted
7856,Copenaghen_RA,Telluria,72,0.0005189489038461539,forecasted
7857,Copenaghen_RD,Telluria,72,0.0005271978653846154,forecasted
7858,Copenaghen_RL,Telluria,72,0.0005271978653846154,forecasted
7859,Rome,Telluria,72,0.0005189489038461539,forecasted
7860,Rotterdam,Telluria,72,0.0005271978653846154,forecasted
7861,Bologna,Telluria,73,0.009229213221153847,forecasted
7862,Budapest,Telluria,73,0.009229213221153847,forecasted
7863,Copenaghen_RA,Telluria,73,0.011145608048076924,forecasted
7864,Copenaghen_RD,Telluria,73,0.011145608048076924,forecasted
7865,Copenaghen_RL,Telluria,73,0.00731281839423077,forecasted
7866,Rome,Telluria,73,0.005396423567307692,forecasted
7867,Rotterdam,Telluria,73,0.013062002875000001,forecasted
7868,Bologna,Telluria,74,0.0006719613653846154,forecasted
7869,Budapest,Telluria,74,0.0006719613653846154,forecasted
7870,Copenaghen_RA,Telluria,74,0.0006430177115384615,forecasted
7871,Copenaghen_RD,Telluria,74,0.0006719613653846154,forecasted
7872,Copenaghen_RL,Telluria,74,0.0005851304038461539,forecasted
7873,Rome,Telluria,74,0.0006719613653846154,forecasted
7874,Rotterdam,Telluria,74,0.0006140740576923078,forecasted
7875,Bologna,Telluria,75,0.003748990307692308,forecasted
7876,Budapest,Telluria,75,0.003748990307692308,forecasted
7877,Copenaghen_RA,Telluria,75,0.004491434153846154,forecasted
7878,Copenaghen_RD,Telluria,75,0.003748990307692308,forecasted
7879,Copenaghen_RL,Telluria,75,0.004491434153846154,forecasted
7880,Rome,Telluria,75,0.005233877999999999,forecasted
7881,Rotterdam,Telluria,75,0.004491434153846154,forecasted
7882,Bologna,Telluria,77,0.0006216483076923076,forecasted
7883,Budapest,Telluria,77,0.0005951864615384615,forecasted
7884,Copenaghen_RA,Telluria,77,0.0006084173846153847,forecasted
7885,Copenaghen_RD,Telluria,77,0.0006216483076923076,forecasted
7886,Copenaghen_RL,Telluria,77,0.0006084173846153847,forecasted
7887,Rome,Telluria,77,0.0005951864615384615,forecasted
7888,Rotterdam,Telluria,77,0.0006216483076923076,forecasted
7889,Bologna,Telluria,78,0.001095028125,forecasted
7890,Budapest,Telluria,78,0.0010110883365384616,forecasted
7891,Copenaghen_RA,Telluria,78,0.001095028125,forecasted
7892,Copenaghen_RD,Telluria,78,0.0011789679134615386,forecasted
7893,Copenaghen_RL,Telluria,78,0.0009271485480769231,forecasted
7894,Rome,Telluria,78,0.001095028125,forecasted
7895,Rotterdam,Telluria,78,0.001095028125,forecasted
7896,Bologna,Telluria,79,0.0014969587692307692,forecasted
7897,Budapest,Telluria,79,0.0015318610769230769,forecasted
7898,Copenaghen_RA,Telluria,79,0.0014620564615384615,forecasted
7899,Copenaghen_RD,Telluria,79,0.0014271541538461538,forecasted
7900,Copenaghen_RL,Telluria,79,0.0013922518461538462,forecasted
7901,Rome,Telluria,79,0.0013922518461538462,forecasted
7902,Rotterdam,Telluria,79,0.0013922518461538462,forecasted
7903,Bologna,Telluria,80,0.0010753811153846153,forecasted
7904,Budapest,Telluria,80,0.0010106959615384615,forecasted
7905,Copenaghen_RA,Telluria,80,0.0009460108076923077,forecasted
7906,Copenaghen_RD,Telluria,80,0.0010753811153846153,forecasted
7907,Copenaghen_RL,Telluria,80,0.0010753811153846153,forecasted
7908,Rome,Telluria,80,0.0010106959615384615,forecasted
7909,Rotterdam,Telluria,80,0.0009460108076923077,forecasted
7910,Bologna,Telluria,81,0.0006422928846153846,forecasted
7911,Budapest,Telluria,81,0.0006026252692307693,forecasted
7912,Copenaghen_RA,Telluria,81,0.0006026252692307693,forecasted
7913,Copenaghen_RD,Telluria,81,0.0006158478076923077,forecasted
7914,Copenaghen_RL,Telluria,81,0.0006158478076923077,forecasted
7915,Rome,Telluria,81,0.0006422928846153846,forecasted
7916,Rotterdam,Telluria,81,0.0006026252692307693,forecasted
7917,Bologna,Telluria,82,0.001859405903846154,forecasted
7918,Budapest,Telluria,82,0.001470648596153846,forecasted
7919,Copenaghen_RA,Telluria,82,0.00166502725,forecasted
7920,Copenaghen_RD,Telluria,82,0.0020537845576923076,forecasted
7921,Copenaghen_RL,Telluria,82,0.001859405903846154,forecasted
7922,Rome,Telluria,82,0.00166502725,forecasted
7923,Rotterdam,Telluria,82,0.00166502725,forecasted
7924,Bologna,Telluria,83,0.0024099115,forecasted
7925,Budapest,Telluria,83,0.0027127083461538463,forecasted
7926,Copenaghen_RA,Telluria,83,0.0027127083461538463,forecasted
7927,Copenaghen_RD,Telluria,83,0.0027127083461538463,forecasted
7928,Copenaghen_RL,Telluria,83,0.0027127083461538463,forecasted
7929,Rome,Telluria,83,0.0024099115,forecasted
7930,Rotterdam,Telluria,83,0.0024099115,forecasted
7931,Bologna,Telluria,84,0.00043501226811538463,forecasted
7932,Budapest,Telluria,84,0.00043501226811538463,forecasted
7933,Copenaghen_RA,Telluria,84,0.00043501226811538463,forecasted
7934,Copenaghen_RD,Telluria,84,0.00043501226811538463,forecasted
7935,Copenaghen_RL,Telluria,84,0.00043501226811538463,forecasted
7936,Rome,Telluria,84,0.00043501226811538463,forecasted
7937,Rotterdam,Telluria,84,0.00043501226811538463,forecasted
7938,Bologna,Telluria,85,0.005275393192307692,forecasted
7939,Budapest,Telluria,85,0.004889895576923077,forecasted
7940,Copenaghen_RA,Telluria,85,0.004889895576923077,forecasted
7941,Copenaghen_RD,Telluria,85,0.005660890807692308,forecasted
7942,Copenaghen_RL,Telluria,85,0.006046388423076924,forecasted
7943,Rome,Telluria,85,0.006046388423076924,forecasted
7944,Rotterdam,Telluria,85,0.004504397961538462,forecasted
7945,Bologna,Telluria,86,0.0024181955,forecasted
7946,Budapest,Telluria,86,0.0032642905,forecasted
7947,Copenaghen_RA,Telluria,86,0.000893024653,forecasted
7948,Copenaghen_RD,Telluria,86,0.0046180425,forecasted
7949,Copenaghen_RL,Telluria,86,0.0046180425,forecasted
7950,Rome,Telluria,86,0.0030950715,forecasted
7951,Rotterdam,Telluria,86,0.000893024653,forecasted
7952,Bologna,Telluria,87,0.00968699671153846,forecasted
7953,Budapest,Telluria,87,0.009029656288461536,forecasted
7954,Copenaghen_RA,Telluria,87,0.010344337134615383,forecasted
7955,Copenaghen_RD,Telluria,87,0.010344337134615383,forecasted
7956,Copenaghen_RL,Telluria,87,0.011659017980769229,forecasted
7957,Rome,Telluria,87,0.009029656288461536,forecasted
7958,Rotterdam,Telluria,87,0.011001677557692305,forecasted
7959,Bologna,Telluria,88,0.0016755275961538463,forecasted
7960,Budapest,Telluria,88,0.0016755275961538463,forecasted
7961,Copenaghen_RA,Telluria,88,0.0016157508653846155,forecasted
7962,Copenaghen_RD,Telluria,88,0.0015559741346153847,forecasted
7963,Copenaghen_RL,Telluria,88,0.0016157508653846155,forecasted
7964,Rome,Telluria,88,0.001496197403846154,forecasted
7965,Rotterdam,Telluria,88,0.0016157508653846155,forecasted
7966,Bologna,Telluria,89,0.00027826829696153845,forecasted
7967,Budapest,Telluria,89,0.00027826829696153845,forecasted
7968,Copenaghen_RA,Telluria,89,0.00027826829696153845,forecasted
7969,Copenaghen_RD,Telluria,89,0.00027826829696153845,forecasted
7970,Copenaghen_RL,Telluria,89,0.00027826829696153845,forecasted
7971,Rome,Telluria,89,0.00027826829696153845,forecasted
7972,Rotterdam,Telluria,89,0.00027826829696153845,forecasted
7973,Bologna,Telluria,90,0.0028234902307692307,forecasted
7974,Budapest,Telluria,90,0.002370581,forecasted
7975,Copenaghen_RA,Telluria,90,0.002597035615384616,forecasted
7976,Copenaghen_RD,Telluria,90,0.003502854076923077,forecasted
7977,Copenaghen_RL,Telluria,90,0.002597035615384616,forecasted
7978,Rome,Telluria,90,0.003502854076923077,forecasted
7979,Rotterdam,Telluria,90,0.0030499448461538464,forecasted
7980,Bologna,Thauera,60,,forecasted
7981,Budapest,Thauera,60,,forecasted
7982,Copenaghen_RA,Thauera,60,,forecasted
7983,Copenaghen_RD,Thauera,60,0.008500235461538462,forecasted
7984,Copenaghen_RL,Thauera,60,0.009681916076923078,forecasted
7985,Rome,Thauera,60,0.006397763051076923,forecasted
7986,Rotterdam,Thauera,60,,forecasted
7987,Bologna,Thauera,61,0.010571846499999999,forecasted
7988,Budapest,Thauera,61,,forecasted
7989,Copenaghen_RA,Thauera,61,0.0189960625,forecasted
7990,Copenaghen_RD,Thauera,61,0.010216274383,forecasted
7991,Copenaghen_RL,Thauera,61,0.0140819365,forecasted
7992,Rome,Thauera,61,,forecasted
7993,Rotterdam,Thauera,61,,forecasted
7994,Bologna,Thauera,62,,forecasted
7995,Budapest,Thauera,62,,forecasted
7996,Copenaghen_RA,Thauera,62,,forecasted
7997,Copenaghen_RD,Thauera,62,,forecasted
7998,Copenaghen_RL,Thauera,62,,forecasted
7999,Rome,Thauera,62,0.005966480799615384,forecasted
8000,Rotterdam,Thauera,62,0.012264148115384616,forecasted
8001,Bologna,Thauera,63,0.008184305296769232,forecasted
8002,Budapest,Thauera,63,,forecasted
8003,Copenaghen_RA,Thauera,63,,forecasted
8004,Copenaghen_RD,Thauera,63,,forecasted
8005,Copenaghen_RL,Thauera,63,0.014498998769230768,forecasted
8006,Rome,Thauera,63,0.010712151846153846,forecasted
8007,Rotterdam,Thauera,63,,forecasted
8008,Bologna,Thauera,64,,forecasted
8009,Budapest,Thauera,64,,forecasted
8010,Copenaghen_RA,Thauera,64,0.012396519692307692,forecasted
8011,Copenaghen_RD,Thauera,64,0.010262779384615384,forecasted
8012,Copenaghen_RL,Thauera,64,0.01613056523076923,forecasted
8013,Rome,Thauera,64,,forecasted
8014,Rotterdam,Thauera,64,0.009459159441230769,forecasted
8015,Bologna,Thauera,65,0.024534352403846153,forecasted
8016,Budapest,Thauera,65,,forecasted
8017,Copenaghen_RA,Thauera,65,0.04604454721153846,forecasted
8018,Copenaghen_RD,Thauera,65,0.019473130096153847,forecasted
8019,Copenaghen_RL,Thauera,65,0.014395458815961538,forecasted
8020,Rome,Thauera,65,,forecasted
8021,Rotterdam,Thauera,65,0.018207824519230767,forecasted
8022,Bologna,Thauera,66,,forecasted
8023,Budapest,Thauera,66,,forecasted
8024,Copenaghen_RA,Thauera,66,,forecasted
8025,Copenaghen_RD,Thauera,66,,forecasted
8026,Copenaghen_RL,Thauera,66,,forecasted
8027,Rome,Thauera,66,0.0025438331565,forecasted
8028,Rotterdam,Thauera,66,,forecasted
8029,Bologna,Thauera,67,0.010353226587807692,forecasted
8030,Budapest,Thauera,67,0.025196238057692305,forecasted
8031,Copenaghen_RA,Thauera,67,0.021042354865384617,forecasted
8032,Copenaghen_RD,Thauera,67,0.01629505978846154,forecasted
8033,Copenaghen_RL,Thauera,67,0.01629505978846154,forecasted
8034,Rome,Thauera,67,,forecasted
8035,Rotterdam,Thauera,67,,forecasted
8036,Bologna,Thauera,68,,forecasted
8037,Budapest,Thauera,68,0.04107692873076923,forecasted
8038,Copenaghen_RA,Thauera,68,0.03095930696153846,forecasted
8039,Copenaghen_RD,Thauera,68,0.009278688884615385,forecasted
8040,Copenaghen_RL,Thauera,68,0.026623183346153847,forecasted
8041,Rome,Thauera,68,0.004923775400230769,forecasted
8042,Rotterdam,Thauera,68,0.0136148125,forecasted
8043,Bologna,Thauera,69,0.009741129640423077,forecasted
8044,Budapest,Thauera,69,0.01706415090384615,forecasted
8045,Copenaghen_RA,Thauera,69,0.035859870673076916,forecasted
8046,Copenaghen_RD,Thauera,69,0.020196770865384614,forecasted
8047,Copenaghen_RL,Thauera,69,0.012887324288461538,forecasted
8048,Rome,Thauera,69,,forecasted
8049,Rotterdam,Thauera,69,,forecasted
8050,Bologna,Thauera,70,0.01612925246153846,forecasted
8051,Budapest,Thauera,70,0.014600631230769231,forecasted
8052,Copenaghen_RA,Thauera,70,0.016893563076923076,forecasted
8053,Copenaghen_RD,Thauera,70,0.01612925246153846,forecasted
8054,Copenaghen_RL,Thauera,70,0.015364941846153845,forecasted
8055,Rome,Thauera,70,0.016893563076923076,forecasted
8056,Rotterdam,Thauera,70,0.01612925246153846,forecasted
8057,Bologna,Thauera,71,0.019687273461538465,forecasted
8058,Budapest,Thauera,71,0.020875568384615385,forecasted
8059,Copenaghen_RA,Thauera,71,0.01612238869230769,forecasted
8060,Copenaghen_RD,Thauera,71,0.01612238869230769,forecasted
8061,Copenaghen_RL,Thauera,71,0.01612238869230769,forecasted
8062,Rome,Thauera,71,0.01731068361538462,forecasted
8063,Rotterdam,Thauera,71,0.01731068361538462,forecasted
8064,Bologna,Thauera,72,0.014109308865384617,forecasted
8065,Budapest,Thauera,72,0.013496726980769234,forecasted
8066,Copenaghen_RA,Thauera,72,0.012884145096153848,forecasted
8067,Copenaghen_RD,Thauera,72,0.011658981326923078,forecasted
8068,Copenaghen_RL,Thauera,72,0.012271563211538463,forecasted
8069,Rome,Thauera,72,0.012884145096153848,forecasted
8070,Rotterdam,Thauera,72,0.011658981326923078,forecasted
8071,Bologna,Thauera,73,0.013111584788461538,forecasted
8072,Budapest,Thauera,73,0.013828786596153844,forecasted
8073,Copenaghen_RA,Thauera,73,0.013828786596153844,forecasted
8074,Copenaghen_RD,Thauera,73,0.014545988403846154,forecasted
8075,Copenaghen_RL,Thauera,73,0.014545988403846154,forecasted
8076,Rome,Thauera,73,0.01526319021153846,forecasted
8077,Rotterdam,Thauera,73,0.013828786596153844,forecasted
8078,Bologna,Thauera,74,0.019575416269230768,forecasted
8079,Budapest,Thauera,74,0.019575416269230768,forecasted
8080,Copenaghen_RA,Thauera,74,0.025229965115384615,forecasted
8081,Copenaghen_RD,Thauera,74,0.018767623576923076,forecasted
8082,Copenaghen_RL,Thauera,74,0.017959830884615384,forecasted
8083,Rome,Thauera,74,0.018767623576923076,forecasted
8084,Rotterdam,Thauera,74,0.019575416269230768,forecasted
8085,Bologna,Thauera,75,0.01488056828846154,forecasted
8086,Budapest,Thauera,75,0.013704699403846155,forecasted
8087,Copenaghen_RA,Thauera,75,0.01488056828846154,forecasted
8088,Copenaghen_RD,Thauera,75,0.016056437173076924,forecasted
8089,Copenaghen_RL,Thauera,75,0.01488056828846154,forecasted
8090,Rome,Thauera,75,0.01488056828846154,forecasted
8091,Rotterdam,Thauera,75,0.016056437173076924,forecasted
8092,Bologna,Thauera,77,0.016450446403846155,forecasted
8093,Budapest,Thauera,77,0.015837733134615384,forecasted
8094,Copenaghen_RA,Thauera,77,0.016450446403846155,forecasted
8095,Copenaghen_RD,Thauera,77,0.015837733134615384,forecasted
8096,Copenaghen_RL,Thauera,77,0.016450446403846155,forecasted
8097,Rome,Thauera,77,0.017063159673076922,forecasted
8098,Rotterdam,Thauera,77,0.016450446403846155,forecasted
8099,Bologna,Thauera,78,0.01516784064423077,forecasted
8100,Budapest,Thauera,78,0.016658686298076923,forecasted
8101,Copenaghen_RA,Thauera,78,0.015913263471153846,forecasted
8102,Copenaghen_RD,Thauera,78,0.014422417817307692,forecasted
8103,Copenaghen_RL,Thauera,78,0.01516784064423077,forecasted
8104,Rome,Thauera,78,0.01516784064423077,forecasted
8105,Rotterdam,Thauera,78,0.015913263471153846,forecasted
8106,Bologna,Thauera,79,0.011716711250000001,forecasted
8107,Budapest,Thauera,79,0.012022250750000001,forecasted
8108,Copenaghen_RA,Thauera,79,0.01110563225,forecasted
8109,Copenaghen_RD,Thauera,79,0.012022250750000001,forecasted
8110,Copenaghen_RL,Thauera,79,0.011716711250000001,forecasted
8111,Rome,Thauera,79,0.01141117175,forecasted
8112,Rotterdam,Thauera,79,0.01141117175,forecasted
8113,Bologna,Thauera,80,0.010180197346153845,forecasted
8114,Budapest,Thauera,80,0.011897852576923077,forecasted
8115,Copenaghen_RA,Thauera,80,0.011039024961538461,forecasted
8116,Copenaghen_RD,Thauera,80,0.011897852576923077,forecasted
8117,Copenaghen_RL,Thauera,80,0.011897852576923077,forecasted
8118,Rome,Thauera,80,0.010180197346153845,forecasted
8119,Rotterdam,Thauera,80,0.011039024961538461,forecasted
8120,Bologna,Thauera,81,0.015043393499999998,forecasted
8121,Budapest,Thauera,81,0.015043393499999998,forecasted
8122,Copenaghen_RA,Thauera,81,0.015043393499999998,forecasted
8123,Copenaghen_RD,Thauera,81,0.016146731499999997,forecasted
8124,Copenaghen_RL,Thauera,81,0.0155950625,forecasted
8125,Rome,Thauera,81,0.015043393499999998,forecasted
8126,Rotterdam,Thauera,81,0.015043393499999998,forecasted
8127,Bologna,Thauera,82,0.021931743326923075,forecasted
8128,Budapest,Thauera,82,0.02490442801923077,forecasted
8129,Copenaghen_RA,Thauera,82,0.020445400980769232,forecasted
8130,Copenaghen_RD,Thauera,82,0.02490442801923077,forecasted
8131,Copenaghen_RL,Thauera,82,0.02639077036538462,forecasted
8132,Rome,Thauera,82,0.02490442801923077,forecasted
8133,Rotterdam,Thauera,82,0.020445400980769232,forecasted
8134,Bologna,Thauera,83,0.006122478288461538,forecasted
8135,Budapest,Thauera,83,0.006547552057692307,forecasted
8136,Copenaghen_RA,Thauera,83,0.006547552057692307,forecasted
8137,Copenaghen_RD,Thauera,83,0.006122478288461538,forecasted
8138,Copenaghen_RL,Thauera,83,0.006335015173076923,forecasted
8139,Rome,Thauera,83,0.006547552057692307,forecasted
8140,Rotterdam,Thauera,83,0.006122478288461538,forecasted
8141,Bologna,Thauera,84,0.0045132834055,forecasted
8142,Budapest,Thauera,84,0.0045132834055,forecasted
8143,Copenaghen_RA,Thauera,84,0.0045132834055,forecasted
8144,Copenaghen_RD,Thauera,84,0.0045132834055,forecasted
8145,Copenaghen_RL,Thauera,84,0.0045132834055,forecasted
8146,Rome,Thauera,84,0.0045132834055,forecasted
8147,Rotterdam,Thauera,84,0.0045132834055,forecasted
8148,Bologna,Thauera,85,0.0038579147884615387,forecasted
8149,Budapest,Thauera,85,0.003945006596153846,forecasted
8150,Copenaghen_RA,Thauera,85,0.003945006596153846,forecasted
8151,Copenaghen_RD,Thauera,85,0.004032098403846154,forecasted
8152,Copenaghen_RL,Thauera,85,0.003945006596153846,forecasted
8153,Rome,Thauera,85,0.004032098403846154,forecasted
8154,Rotterdam,Thauera,85,0.003945006596153846,forecasted
8155,Bologna,Thauera,86,0.011342162250000001,forecasted
8156,Budapest,Thauera,86,0.011342162250000001,forecasted
8157,Copenaghen_RA,Thauera,86,0.010880308826923077,forecasted
8158,Copenaghen_RD,Thauera,86,0.008565037617038461,forecasted
8159,Copenaghen_RL,Thauera,86,0.01272772251923077,forecasted
8160,Rome,Thauera,86,0.011804015673076923,forecasted
8161,Rotterdam,Thauera,86,0.008565037617038461,forecasted
8162,Bologna,Thauera,87,0.01210781051923077,forecasted
8163,Budapest,Thauera,87,0.01210781051923077,forecasted
8164,Copenaghen_RA,Thauera,87,0.01210781051923077,forecasted
8165,Copenaghen_RD,Thauera,87,0.012631442480769231,forecasted
8166,Copenaghen_RL,Thauera,87,0.01210781051923077,forecasted
8167,Rome,Thauera,87,0.01210781051923077,forecasted
8168,Rotterdam,Thauera,87,0.011060546596153846,forecasted
8169,Bologna,Thauera,88,0.012896312634615385,forecasted
8170,Budapest,Thauera,88,0.012819824096153846,forecasted
8171,Copenaghen_RA,Thauera,88,0.012896312634615385,forecasted
8172,Copenaghen_RD,Thauera,88,0.012858068365384615,forecasted
8173,Copenaghen_RL,Thauera,88,0.013011045442307693,forecasted
8174,Rome,Thauera,88,0.012934556903846154,forecasted
8175,Rotterdam,Thauera,88,0.012896312634615385,forecasted
8176,Bologna,Thauera,89,0.0018310845709615382,forecasted
8177,Budapest,Thauera,89,0.0018310845709615382,forecasted
8178,Copenaghen_RA,Thauera,89,0.0018310845709615382,forecasted
8179,Copenaghen_RD,Thauera,89,0.0018310845709615382,forecasted
8180,Copenaghen_RL,Thauera,89,0.0018310845709615382,forecasted
8181,Rome,Thauera,89,0.0018310845709615382,forecasted
8182,Rotterdam,Thauera,89,0.0018310845709615382,forecasted
8183,Bologna,Thauera,90,0.00938002176923077,forecasted
8184,Budapest,Thauera,90,0.009588867923076923,forecasted
8185,Copenaghen_RA,Thauera,90,0.009588867923076923,forecasted
8186,Copenaghen_RD,Thauera,90,0.009588867923076923,forecasted
8187,Copenaghen_RL,Thauera,90,0.009797714076923076,forecasted
8188,Rome,Thauera,90,0.009171175615384615,forecasted
8189,Rotterdam,Thauera,90,0.00938002176923077,forecasted
8190,Bologna,Thermomonas,60,,forecasted
8191,Budapest,Thermomonas,60,,forecasted
8192,Copenaghen_RA,Thermomonas,60,,forecasted
8193,Copenaghen_RD,Thermomonas,60,0.007311915249999999,forecasted
8194,Copenaghen_RL,Thermomonas,60,0.010155652749999999,forecasted
8195,Rome,Thermomonas,60,0.005413625677500001,forecasted
8196,Rotterdam,Thermomonas,60,,forecasted
8197,Bologna,Thermomonas,61,0.014505490442307692,forecasted
8198,Budapest,Thermomonas,61,,forecasted
8199,Copenaghen_RA,Thermomonas,61,0.0034004207884615386,forecasted
8200,Copenaghen_RD,Thermomonas,61,0.0024284857791923072,forecasted
8201,Copenaghen_RL,Thermomonas,61,0.004848908134615384,forecasted
8202,Rome,Thermomonas,61,,forecasted
8203,Rotterdam,Thermomonas,61,,forecasted
8204,Bologna,Thermomonas,62,,forecasted
8205,Budapest,Thermomonas,62,,forecasted
8206,Copenaghen_RA,Thermomonas,62,,forecasted
8207,Copenaghen_RD,Thermomonas,62,,forecasted
8208,Copenaghen_RL,Thermomonas,62,,forecasted
8209,Rome,Thermomonas,62,0.006611742846153845,forecasted
8210,Rotterdam,Thermomonas,62,0.006033184459846154,forecasted
8211,Bologna,Thermomonas,63,0.012175169153846154,forecasted
8212,Budapest,Thermomonas,63,,forecasted
8213,Copenaghen_RA,Thermomonas,63,,forecasted
8214,Copenaghen_RD,Thermomonas,63,,forecasted
8215,Copenaghen_RL,Thermomonas,63,0.006005670374153846,forecasted
8216,Rome,Thermomonas,63,0.010695258999999999,forecasted
8217,Rotterdam,Thermomonas,63,,forecasted
8218,Bologna,Thermomonas,64,,forecasted
8219,Budapest,Thermomonas,64,,forecasted
8220,Copenaghen_RA,Thermomonas,64,0.004761478153846154,forecasted
8221,Copenaghen_RD,Thermomonas,64,0.005808832461538462,forecasted
8222,Copenaghen_RL,Thermomonas,64,0.004267804620461539,forecasted
8223,Rome,Thermomonas,64,,forecasted
8224,Rotterdam,Thermomonas,64,0.005808832461538462,forecasted
8225,Bologna,Thermomonas,65,0.029307002692307692,forecasted
8226,Budapest,Thermomonas,65,,forecasted
8227,Copenaghen_RA,Thermomonas,65,0.0028482859256923074,forecasted
8228,Copenaghen_RD,Thermomonas,65,0.0060354331538461535,forecasted
8229,Copenaghen_RL,Thermomonas,65,0.003919835923076923,forecasted
8230,Rome,Thermomonas,65,,forecasted
8231,Rotterdam,Thermomonas,65,0.020844613769230767,forecasted
8232,Bologna,Thermomonas,66,,forecasted
8233,Budapest,Thermomonas,66,,forecasted
8234,Copenaghen_RA,Thermomonas,66,,forecasted
8235,Copenaghen_RD,Thermomonas,66,,forecasted
8236,Copenaghen_RL,Thermomonas,66,,forecasted
8237,Rome,Thermomonas,66,0.004946282751038461,forecasted
8238,Rotterdam,Thermomonas,66,,forecasted
8239,Bologna,Thermomonas,67,0.013308877653846153,forecasted
8240,Budapest,Thermomonas,67,0.030389152961538463,forecasted
8241,Copenaghen_RA,Thermomonas,67,0.005258039651461538,forecasted
8242,Copenaghen_RD,Thermomonas,67,0.006275823115384615,forecasted
8243,Copenaghen_RL,Thermomonas,67,0.005258039651461538,forecasted
8244,Rome,Thermomonas,67,,forecasted
8245,Rotterdam,Thermomonas,67,,forecasted
8246,Bologna,Thermomonas,68,,forecasted
8247,Budapest,Thermomonas,68,0.016138047115384614,forecasted
8248,Copenaghen_RA,Thermomonas,68,0.005343292529615384,forecasted
8249,Copenaghen_RD,Thermomonas,68,0.005780468653846154,forecasted
8250,Copenaghen_RL,Thermomonas,68,0.007075165961538461,forecasted
8251,Rome,Thermomonas,68,0.010959257884615384,forecasted
8252,Rotterdam,Thermomonas,68,0.006643600192307692,forecasted
8253,Bologna,Thermomonas,69,0.012266445230769231,forecasted
8254,Budapest,Thermomonas,69,0.016093196615384615,forecasted
8255,Copenaghen_RA,Thermomonas,69,0.0024191205606153843,forecasted
8256,Copenaghen_RD,Thermomonas,69,0.004066263692307693,forecasted
8257,Copenaghen_RL,Thermomonas,69,0.005159621230769231,forecasted
8258,Rome,Thermomonas,69,,forecasted
8259,Rotterdam,Thermomonas,69,,forecasted
8260,Bologna,Thermomonas,70,0.006145505519230769,forecasted
8261,Budapest,Thermomonas,70,0.006371947557692308,forecasted
8262,Copenaghen_RA,Thermomonas,70,0.006598389596153846,forecasted
8263,Copenaghen_RD,Thermomonas,70,0.005919063480769231,forecasted
8264,Copenaghen_RL,Thermomonas,70,0.006371947557692308,forecasted
8265,Rome,Thermomonas,70,0.006598389596153846,forecasted
8266,Rotterdam,Thermomonas,70,0.006598389596153846,forecasted
8267,Bologna,Thermomonas,71,0.006563998403846154,forecasted
8268,Budapest,Thermomonas,71,0.006222798596153847,forecasted
8269,Copenaghen_RA,Thermomonas,71,0.006563998403846154,forecasted
8270,Copenaghen_RD,Thermomonas,71,0.006336531865384616,forecasted
8271,Copenaghen_RL,Thermomonas,71,0.006450265134615385,forecasted
8272,Rome,Thermomonas,71,0.006222798596153847,forecasted
8273,Rotterdam,Thermomonas,71,0.006222798596153847,forecasted
8274,Bologna,Thermomonas,72,0.007278926576923077,forecasted
8275,Budapest,Thermomonas,72,0.007501359423076923,forecasted
8276,Copenaghen_RA,Thermomonas,72,0.007056493730769231,forecasted
8277,Copenaghen_RD,Thermomonas,72,0.007056493730769231,forecasted
8278,Copenaghen_RL,Thermomonas,72,0.007278926576923077,forecasted
8279,Rome,Thermomonas,72,0.007056493730769231,forecasted
8280,Rotterdam,Thermomonas,72,0.007501359423076923,forecasted
8281,Bologna,Thermomonas,73,0.01011445898076923,forecasted
8282,Budapest,Thermomonas,73,0.01011445898076923,forecasted
8283,Copenaghen_RA,Thermomonas,73,0.01011445898076923,forecasted
8284,Copenaghen_RD,Thermomonas,73,0.009643853942307691,forecasted
8285,Copenaghen_RL,Thermomonas,73,0.010585064019230768,forecasted
8286,Rome,Thermomonas,73,0.01011445898076923,forecasted
8287,Rotterdam,Thermomonas,73,0.01011445898076923,forecasted
8288,Bologna,Thermomonas,74,0.010395093461538461,forecasted
8289,Budapest,Thermomonas,74,0.010395093461538461,forecasted
8290,Copenaghen_RA,Thermomonas,74,0.010395093461538461,forecasted
8291,Copenaghen_RD,Thermomonas,74,0.009657118076923078,forecasted
8292,Copenaghen_RL,Thermomonas,74,0.010764081153846153,forecasted
8293,Rome,Thermomonas,74,0.009288130384615383,forecasted
8294,Rotterdam,Thermomonas,74,0.010395093461538461,forecasted
8295,Bologna,Thermomonas,75,0.006767304038461539,forecasted
8296,Budapest,Thermomonas,75,0.006515651192307693,forecasted
8297,Copenaghen_RA,Thermomonas,75,0.006515651192307693,forecasted
8298,Copenaghen_RD,Thermomonas,75,0.006263998346153847,forecasted
8299,Copenaghen_RL,Thermomonas,75,0.0060123455,forecasted
8300,Rome,Thermomonas,75,0.0060123455,forecasted
8301,Rotterdam,Thermomonas,75,0.0060123455,forecasted
8302,Bologna,Thermomonas,77,0.01502990975,forecasted
8303,Budapest,Thermomonas,77,0.00812700875,forecasted
8304,Copenaghen_RA,Thermomonas,77,0.00812700875,forecasted
8305,Copenaghen_RD,Thermomonas,77,0.00812700875,forecasted
8306,Copenaghen_RL,Thermomonas,77,0.01618039325,forecasted
8307,Rome,Thermomonas,77,0.01272894275,forecasted
8308,Rotterdam,Thermomonas,77,0.01157845925,forecasted
8309,Bologna,Thermomonas,78,0.006485515269230769,forecasted
8310,Budapest,Thermomonas,78,0.006485515269230769,forecasted
8311,Copenaghen_RA,Thermomonas,78,0.0067516225769230775,forecasted
8312,Copenaghen_RD,Thermomonas,78,0.0067516225769230775,forecasted
8313,Copenaghen_RL,Thermomonas,78,0.006485515269230769,forecasted
8314,Rome,Thermomonas,78,0.006485515269230769,forecasted
8315,Rotterdam,Thermomonas,78,0.006219407961538461,forecasted
8316,Bologna,Thermomonas,79,0.04832715238461538,forecasted
8317,Budapest,Thermomonas,79,0.041257014076923074,forecasted
8318,Copenaghen_RA,Thermomonas,79,0.04361372684615385,forecasted
8319,Copenaghen_RD,Thermomonas,79,0.04361372684615385,forecasted
8320,Copenaghen_RL,Thermomonas,79,0.04597043961538462,forecasted
8321,Rome,Thermomonas,79,0.05068386515384615,forecasted
8322,Rotterdam,Thermomonas,79,0.04361372684615385,forecasted
8323,Bologna,Thermomonas,80,0.004465476750000001,forecasted
8324,Budapest,Thermomonas,80,0.00472261125,forecasted
8325,Copenaghen_RA,Thermomonas,80,0.00497974575,forecasted
8326,Copenaghen_RD,Thermomonas,80,0.00472261125,forecasted
8327,Copenaghen_RL,Thermomonas,80,0.00497974575,forecasted
8328,Rome,Thermomonas,80,0.00497974575,forecasted
8329,Rotterdam,Thermomonas,80,0.00472261125,forecasted
8330,Bologna,Thermomonas,81,0.00822007628846154,forecasted
8331,Budapest,Thermomonas,81,0.007892847480769231,forecasted
8332,Copenaghen_RA,Thermomonas,81,0.007565618673076924,forecasted
8333,Copenaghen_RD,Thermomonas,81,0.007892847480769231,forecasted
8334,Copenaghen_RL,Thermomonas,81,0.007892847480769231,forecasted
8335,Rome,Thermomonas,81,0.00822007628846154,forecasted
8336,Rotterdam,Thermomonas,81,0.007565618673076924,forecasted
8337,Bologna,Thermomonas,82,0.0072668284423076926,forecasted
8338,Budapest,Thermomonas,82,0.0072668284423076926,forecasted
8339,Copenaghen_RA,Thermomonas,82,0.0072668284423076926,forecasted
8340,Copenaghen_RD,Thermomonas,82,0.007510898557692308,forecasted
8341,Copenaghen_RL,Thermomonas,82,0.007510898557692308,forecasted
8342,Rome,Thermomonas,82,0.0072668284423076926,forecasted
8343,Rotterdam,Thermomonas,82,0.007510898557692308,forecasted
8344,Bologna,Thermomonas,83,0.008293305673076925,forecasted
8345,Budapest,Thermomonas,83,0.009415301596153846,forecasted
8346,Copenaghen_RA,Thermomonas,83,0.008854303634615385,forecasted
8347,Copenaghen_RD,Thermomonas,83,0.008854303634615385,forecasted
8348,Copenaghen_RL,Thermomonas,83,0.009415301596153846,forecasted
8349,Rome,Thermomonas,83,0.008854303634615385,forecasted
8350,Rotterdam,Thermomonas,83,0.00997629955769231,forecasted
8351,Bologna,Thermomonas,84,0.004477398785730769,forecasted
8352,Budapest,Thermomonas,84,0.004477398785730769,forecasted
8353,Copenaghen_RA,Thermomonas,84,0.004477398785730769,forecasted
8354,Copenaghen_RD,Thermomonas,84,0.004477398785730769,forecasted
8355,Copenaghen_RL,Thermomonas,84,0.004477398785730769,forecasted
8356,Rome,Thermomonas,84,0.004477398785730769,forecasted
8357,Rotterdam,Thermomonas,84,0.004477398785730769,forecasted
8358,Bologna,Thermomonas,85,0.004015619557692308,forecasted
8359,Budapest,Thermomonas,85,0.004375891403846154,forecasted
8360,Copenaghen_RA,Thermomonas,85,0.0042858234423076924,forecasted
8361,Copenaghen_RD,Thermomonas,85,0.004015619557692308,forecasted
8362,Copenaghen_RL,Thermomonas,85,0.004195755480769231,forecasted
8363,Rome,Thermomonas,85,0.0042858234423076924,forecasted
8364,Rotterdam,Thermomonas,85,0.004195755480769231,forecasted
8365,Bologna,Thermomonas,86,0.008205030961538462,forecasted
8366,Budapest,Thermomonas,86,0.008431536576923077,forecasted
8367,Copenaghen_RA,Thermomonas,86,0.007978525346153845,forecasted
8368,Copenaghen_RD,Thermomonas,86,0.008431536576923077,forecasted
8369,Copenaghen_RL,Thermomonas,86,0.008205030961538462,forecasted
8370,Rome,Thermomonas,86,0.008205030961538462,forecasted
8371,Rotterdam,Thermomonas,86,0.007978525346153845,forecasted
8372,Bologna,Thermomonas,87,0.03163355884615385,forecasted
8373,Budapest,Thermomonas,87,0.03163355884615385,forecasted
8374,Copenaghen_RA,Thermomonas,87,0.03141481638461538,forecasted
8375,Copenaghen_RD,Thermomonas,87,0.03152418761538461,forecasted
8376,Copenaghen_RL,Thermomonas,87,0.0318523013076923,forecasted
8377,Rome,Thermomonas,87,0.03141481638461538,forecasted
8378,Rotterdam,Thermomonas,87,0.03152418761538461,forecasted
8379,Bologna,Thermomonas,88,0.014189944038461539,forecasted
8380,Budapest,Thermomonas,88,0.014969203961538462,forecasted
8381,Copenaghen_RA,Thermomonas,88,0.01522895726923077,forecasted
8382,Copenaghen_RD,Thermomonas,88,0.014449697346153846,forecasted
8383,Copenaghen_RL,Thermomonas,88,0.014709450653846155,forecasted
8384,Rome,Thermomonas,88,0.014189944038461539,forecasted
8385,Rotterdam,Thermomonas,88,0.013930190730769232,forecasted
8386,Bologna,Thermomonas,89,0.0018166831248846154,forecasted
8387,Budapest,Thermomonas,89,0.0018166831248846154,forecasted
8388,Copenaghen_RA,Thermomonas,89,0.0018166831248846154,forecasted
8389,Copenaghen_RD,Thermomonas,89,0.0018166831248846154,forecasted
8390,Copenaghen_RL,Thermomonas,89,0.0018166831248846154,forecasted
8391,Rome,Thermomonas,89,0.0018166831248846154,forecasted
8392,Rotterdam,Thermomonas,89,0.0018166831248846154,forecasted
8393,Bologna,Thermomonas,90,0.00928706525,forecasted
8394,Budapest,Thermomonas,90,0.00904423675,forecasted
8395,Copenaghen_RA,Thermomonas,90,0.00977272225,forecasted
8396,Copenaghen_RD,Thermomonas,90,0.00952989375,forecasted
8397,Copenaghen_RL,Thermomonas,90,0.00977272225,forecasted
8398,Rome,Thermomonas,90,0.00952989375,forecasted
8399,Rotterdam,Thermomonas,90,0.00928706525,forecasted
8400,Bologna,Thiothrix,60,,forecasted
8401,Budapest,Thiothrix,60,,forecasted
8402,Copenaghen_RA,Thiothrix,60,,forecasted
8403,Copenaghen_RD,Thiothrix,60,0.0009063365,forecasted
8404,Copenaghen_RL,Thiothrix,60,0.00033939431946153846,forecasted
8405,Rome,Thiothrix,60,0.0026977719615384615,forecasted
8406,Rotterdam,Thiothrix,60,,forecasted
8407,Bologna,Thiothrix,61,0.005759417461538461,forecasted
8408,Budapest,Thiothrix,61,,forecasted
8409,Copenaghen_RA,Thiothrix,61,0.0007319196153846154,forecasted
8410,Copenaghen_RD,Thiothrix,61,0.0005197173104615385,forecasted
8411,Copenaghen_RL,Thiothrix,61,0.0007319196153846154,forecasted
8412,Rome,Thiothrix,61,,forecasted
8413,Rotterdam,Thiothrix,61,,forecasted
8414,Bologna,Thiothrix,62,,forecasted
8415,Budapest,Thiothrix,62,,forecasted
8416,Copenaghen_RA,Thiothrix,62,,forecasted
8417,Copenaghen_RD,Thiothrix,62,,forecasted
8418,Copenaghen_RL,Thiothrix,62,,forecasted
8419,Rome,Thiothrix,62,0.0018011170043846151,forecasted
8420,Rotterdam,Thiothrix,62,0.0024093388846153844,forecasted
8421,Bologna,Thiothrix,63,0.006724313980769231,forecasted
8422,Budapest,Thiothrix,63,,forecasted
8423,Copenaghen_RA,Thiothrix,63,,forecasted
8424,Copenaghen_RD,Thiothrix,63,,forecasted
8425,Copenaghen_RL,Thiothrix,63,0.0009409572367307693,forecasted
8426,Rome,Thiothrix,63,0.00233124725,forecasted
8427,Rotterdam,Thiothrix,63,,forecasted
8428,Bologna,Thiothrix,64,,forecasted
8429,Budapest,Thiothrix,64,,forecasted
8430,Copenaghen_RA,Thiothrix,64,0.001679191576923077,forecasted
8431,Copenaghen_RD,Thiothrix,64,0.000272639396076923,forecasted
8432,Copenaghen_RL,Thiothrix,64,0.0003296032692307692,forecasted
8433,Rome,Thiothrix,64,,forecasted
8434,Rotterdam,Thiothrix,64,0.0011168631153846153,forecasted
8435,Bologna,Thiothrix,65,0.003930451057692307,forecasted
8436,Budapest,Thiothrix,65,,forecasted
8437,Copenaghen_RA,Thiothrix,65,0.0015538172767307692,forecasted
8438,Copenaghen_RD,Thiothrix,65,0.0015538172767307692,forecasted
8439,Copenaghen_RL,Thiothrix,65,0.0015538172767307692,forecasted
8440,Rome,Thiothrix,65,,forecasted
8441,Rotterdam,Thiothrix,65,0.06023766798076923,forecasted
8442,Bologna,Thiothrix,66,,forecasted
8443,Budapest,Thiothrix,66,,forecasted
8444,Copenaghen_RA,Thiothrix,66,,forecasted
8445,Copenaghen_RD,Thiothrix,66,,forecasted
8446,Copenaghen_RL,Thiothrix,66,,forecasted
8447,Rome,Thiothrix,66,0.0005723779846153847,forecasted
8448,Rotterdam,Thiothrix,66,,forecasted
8449,Bologna,Thiothrix,67,0.008947282134615384,forecasted
8450,Budapest,Thiothrix,67,0.002864546980769231,forecasted
8451,Copenaghen_RA,Thiothrix,67,0.00252661725,forecasted
8452,Copenaghen_RD,Thiothrix,67,0.001174898326923077,forecasted
8453,Copenaghen_RL,Thiothrix,67,0.0004946457788846154,forecasted
8454,Rome,Thiothrix,67,,forecasted
8455,Rotterdam,Thiothrix,67,,forecasted
8456,Bologna,Thiothrix,68,,forecasted
8457,Budapest,Thiothrix,68,0.0007296485,forecasted
8458,Copenaghen_RA,Thiothrix,68,0.0024201005,forecasted
8459,Copenaghen_RD,Thiothrix,68,0.0014340034999999998,forecasted
8460,Copenaghen_RL,Thiothrix,68,0.000305204177,forecasted
8461,Rome,Thiothrix,68,0.0038288105,forecasted
8462,Rotterdam,Thiothrix,68,0.0011522615,forecasted
8463,Bologna,Thiothrix,69,0.002553359846153846,forecasted
8464,Budapest,Thiothrix,69,0.0020175703076923076,forecasted
8465,Copenaghen_RA,Thiothrix,69,0.002687307230769231,forecasted
8466,Copenaghen_RD,Thiothrix,69,0.0037588863076923077,forecasted
8467,Copenaghen_RL,Thiothrix,69,0.0004084603763076923,forecasted
8468,Rome,Thiothrix,69,,forecasted
8469,Rotterdam,Thiothrix,69,,forecasted
8470,Bologna,Thiothrix,70,0.0018753841153846152,forecasted
8471,Budapest,Thiothrix,70,0.0018753841153846152,forecasted
8472,Copenaghen_RA,Thiothrix,70,0.0014155210384615383,forecasted
8473,Copenaghen_RD,Thiothrix,70,0.001760418346153846,forecasted
8474,Copenaghen_RL,Thiothrix,70,0.001760418346153846,forecasted
8475,Rome,Thiothrix,70,0.0015304868076923075,forecasted
8476,Rotterdam,Thiothrix,70,0.001760418346153846,forecasted
8477,Bologna,Thiothrix,71,0.0010221836923076924,forecasted
8478,Budapest,Thiothrix,71,0.0011244113846153845,forecasted
8479,Copenaghen_RA,Thiothrix,71,0.0012266390769230767,forecasted
8480,Copenaghen_RD,Thiothrix,71,0.001328866769230769,forecasted
8481,Copenaghen_RL,Thiothrix,71,0.0011244113846153845,forecasted
8482,Rome,Thiothrix,71,0.0011244113846153845,forecasted
8483,Rotterdam,Thiothrix,71,0.0011244113846153845,forecasted
8484,Bologna,Thiothrix,72,0.0006128925192307691,forecasted
8485,Budapest,Thiothrix,72,0.0006128925192307691,forecasted
8486,Copenaghen_RA,Thiothrix,72,0.0006128925192307691,forecasted
8487,Copenaghen_RD,Thiothrix,72,0.0006908909038461537,forecasted
8488,Copenaghen_RL,Thiothrix,72,0.0006128925192307691,forecasted
8489,Rome,Thiothrix,72,0.000573893326923077,forecasted
8490,Rotterdam,Thiothrix,72,0.000573893326923077,forecasted
8491,Bologna,Thiothrix,73,0.0009172188653846153,forecasted
8492,Budapest,Thiothrix,73,0.0009172188653846153,forecasted
8493,Copenaghen_RA,Thiothrix,73,0.000972425673076923,forecasted
8494,Copenaghen_RD,Thiothrix,73,0.0009172188653846153,forecasted
8495,Copenaghen_RL,Thiothrix,73,0.0008620120576923077,forecasted
8496,Rome,Thiothrix,73,0.0009172188653846153,forecasted
8497,Rotterdam,Thiothrix,73,0.0008620120576923077,forecasted
8498,Bologna,Thiothrix,74,0.001089598826923077,forecasted
8499,Budapest,Thiothrix,74,0.0011464758653846154,forecasted
8500,Copenaghen_RA,Thiothrix,74,0.0011464758653846154,forecasted
8501,Copenaghen_RD,Thiothrix,74,0.0011464758653846154,forecasted
8502,Copenaghen_RL,Thiothrix,74,0.0011464758653846154,forecasted
8503,Rome,Thiothrix,74,0.0010327217884615386,forecasted
8504,Rotterdam,Thiothrix,74,0.0011464758653846154,forecasted
8505,Bologna,Thiothrix,75,0.00133430625,forecasted
8506,Budapest,Thiothrix,75,0.0014022452500000002,forecasted
8507,Copenaghen_RA,Thiothrix,75,0.0014022452500000002,forecasted
8508,Copenaghen_RD,Thiothrix,75,0.0014022452500000002,forecasted
8509,Copenaghen_RL,Thiothrix,75,0.00133430625,forecasted
8510,Rome,Thiothrix,75,0.00136827575,forecasted
8511,Rotterdam,Thiothrix,75,0.00133430625,forecasted
8512,Bologna,Thiothrix,77,0.0028142370961538464,forecasted
8513,Budapest,Thiothrix,77,0.0028142370961538464,forecasted
8514,Copenaghen_RA,Thiothrix,77,0.0028142370961538464,forecasted
8515,Copenaghen_RD,Thiothrix,77,0.002150378403846154,forecasted
8516,Copenaghen_RL,Thiothrix,77,0.00248230775,forecasted
8517,Rome,Thiothrix,77,0.0031461664423076924,forecasted
8518,Rotterdam,Thiothrix,77,0.0034780957884615387,forecasted
8519,Bologna,Thiothrix,78,0.0012836216249999999,forecasted
8520,Budapest,Thiothrix,78,0.0013467988749999997,forecasted
8521,Copenaghen_RA,Thiothrix,78,0.0013467988749999997,forecasted
8522,Copenaghen_RD,Thiothrix,78,0.0012836216249999999,forecasted
8523,Copenaghen_RL,Thiothrix,78,0.0013467988749999997,forecasted
8524,Rome,Thiothrix,78,0.0012836216249999999,forecasted
8525,Rotterdam,Thiothrix,78,0.0012836216249999999,forecasted
8526,Bologna,Thiothrix,79,0.0026450432692307693,forecasted
8527,Budapest,Thiothrix,79,0.0026450432692307693,forecasted
8528,Copenaghen_RA,Thiothrix,79,0.0024936941923076926,forecasted
8529,Copenaghen_RD,Thiothrix,79,0.0026450432692307693,forecasted
8530,Copenaghen_RL,Thiothrix,79,0.0025693687307692305,forecasted
8531,Rome,Thiothrix,79,0.0025693687307692305,forecasted
8532,Rotterdam,Thiothrix,79,0.0025693687307692305,forecasted
8533,Bologna,Thiothrix,80,0.0008457638057692308,forecasted
8534,Budapest,Thiothrix,80,0.0009172743019230769,forecasted
8535,Copenaghen_RA,Thiothrix,80,0.0006312323173076923,forecasted
8536,Copenaghen_RD,Thiothrix,80,0.0007027428134615385,forecasted
8537,Copenaghen_RL,Thiothrix,80,0.0007742533096153846,forecasted
8538,Rome,Thiothrix,80,0.0007027428134615385,forecasted
8539,Rotterdam,Thiothrix,80,0.0007027428134615385,forecasted
8540,Bologna,Thiothrix,81,0.005203409653846155,forecasted
8541,Budapest,Thiothrix,81,0.004389577192307693,forecasted
8542,Copenaghen_RA,Thiothrix,81,0.004796493423076924,forecasted
8543,Copenaghen_RD,Thiothrix,81,0.005203409653846155,forecasted
8544,Copenaghen_RL,Thiothrix,81,0.004389577192307693,forecasted
8545,Rome,Thiothrix,81,0.004796493423076924,forecasted
8546,Rotterdam,Thiothrix,81,0.005203409653846155,forecasted
8547,Bologna,Thiothrix,82,0.0009313946538461538,forecasted
8548,Budapest,Thiothrix,82,0.0008780477307692308,forecasted
8549,Copenaghen_RA,Thiothrix,82,0.0008513742692307692,forecasted
8550,Copenaghen_RD,Thiothrix,82,0.0008780477307692308,forecasted
8551,Copenaghen_RL,Thiothrix,82,0.0009047211923076924,forecasted
8552,Rome,Thiothrix,82,0.0008513742692307692,forecasted
8553,Rotterdam,Thiothrix,82,0.0008513742692307692,forecasted
8554,Bologna,Thiothrix,83,0.0021769722980769235,forecasted
8555,Budapest,Thiothrix,83,0.0016839742750000002,forecasted
8556,Copenaghen_RA,Thiothrix,83,0.0019304732865384616,forecasted
8557,Copenaghen_RD,Thiothrix,83,0.0021769722980769235,forecasted
8558,Copenaghen_RL,Thiothrix,83,0.0014374752634615383,forecasted
8559,Rome,Thiothrix,83,0.0016839742750000002,forecasted
8560,Rotterdam,Thiothrix,83,0.0019304732865384616,forecasted
8561,Bologna,Thiothrix,84,0.0002657017803076923,forecasted
8562,Budapest,Thiothrix,84,0.0002657017803076923,forecasted
8563,Copenaghen_RA,Thiothrix,84,0.0002657017803076923,forecasted
8564,Copenaghen_RD,Thiothrix,84,0.0002657017803076923,forecasted
8565,Copenaghen_RL,Thiothrix,84,0.0002657017803076923,forecasted
8566,Rome,Thiothrix,84,0.0002657017803076923,forecasted
8567,Rotterdam,Thiothrix,84,0.0002657017803076923,forecasted
8568,Bologna,Thiothrix,85,0.0004249810769230769,forecasted
8569,Budapest,Thiothrix,85,0.00042855523076923077,forecasted
8570,Copenaghen_RA,Thiothrix,85,0.0004249810769230769,forecasted
8571,Copenaghen_RD,Thiothrix,85,0.0004249810769230769,forecasted
8572,Copenaghen_RL,Thiothrix,85,0.0004249810769230769,forecasted
8573,Rome,Thiothrix,85,0.0004214069230769231,forecasted
8574,Rotterdam,Thiothrix,85,0.0004214069230769231,forecasted
8575,Bologna,Thiothrix,86,0.0035352751730769226,forecasted
8576,Budapest,Thiothrix,86,0.0023218282499999996,forecasted
8577,Copenaghen_RA,Thiothrix,86,0.0029285517115384616,forecasted
8578,Copenaghen_RD,Thiothrix,86,0.0023218282499999996,forecasted
8579,Copenaghen_RL,Thiothrix,86,0.0032319134423076925,forecasted
8580,Rome,Thiothrix,86,0.002018466519230769,forecasted
8581,Rotterdam,Thiothrix,86,0.0029285517115384616,forecasted
8582,Bologna,Thiothrix,87,0.0022580673846153846,forecasted
8583,Budapest,Thiothrix,87,0.0025834218461538465,forecasted
8584,Copenaghen_RA,Thiothrix,87,0.0019327129230769231,forecasted
8585,Copenaghen_RD,Thiothrix,87,0.0019327129230769231,forecasted
8586,Copenaghen_RL,Thiothrix,87,0.0019327129230769231,forecasted
8587,Rome,Thiothrix,87,0.0022580673846153846,forecasted
8588,Rotterdam,Thiothrix,87,0.0024207446153846155,forecasted
8589,Bologna,Thiothrix,88,0.003702545211538462,forecasted
8590,Budapest,Thiothrix,88,0.0031847995576923076,forecasted
8591,Copenaghen_RA,Thiothrix,88,0.0033573814423076926,forecasted
8592,Copenaghen_RD,Thiothrix,88,0.003529963326923077,forecasted
8593,Copenaghen_RL,Thiothrix,88,0.0033573814423076926,forecasted
8594,Rome,Thiothrix,88,0.0028396357884615383,forecasted
8595,Rotterdam,Thiothrix,88,0.003702545211538462,forecasted
8596,Bologna,Thiothrix,89,0.0002638998496153846,forecasted
8597,Budapest,Thiothrix,89,0.0002638998496153846,forecasted
8598,Copenaghen_RA,Thiothrix,89,0.0002638998496153846,forecasted
8599,Copenaghen_RD,Thiothrix,89,0.0002638998496153846,forecasted
8600,Copenaghen_RL,Thiothrix,89,0.0002638998496153846,forecasted
8601,Rome,Thiothrix,89,0.0002638998496153846,forecasted
8602,Rotterdam,Thiothrix,89,0.0002638998496153846,forecasted
8603,Bologna,Thiothrix,90,0.001569828173076923,forecasted
8604,Budapest,Thiothrix,90,0.0017196459807692307,forecasted
8605,Copenaghen_RA,Thiothrix,90,0.0014200103653846153,forecasted
8606,Copenaghen_RD,Thiothrix,90,0.001569828173076923,forecasted
8607,Copenaghen_RL,Thiothrix,90,0.0014200103653846153,forecasted
8608,Rome,Thiothrix,90,0.0017196459807692307,forecasted
8609,Rotterdam,Thiothrix,90,0.0012701925576923078,forecasted
8610,Bologna,Tolumonas,60,,forecasted
8611,Budapest,Tolumonas,60,,forecasted
8612,Copenaghen_RA,Tolumonas,60,,forecasted
8613,Copenaghen_RD,Tolumonas,60,0.0002382153265769231,forecasted
8614,Copenaghen_RL,Tolumonas,60,0.00037273590384615386,forecasted
8615,Rome,Tolumonas,60,0.0009094228269230769,forecasted
8616,Rotterdam,Tolumonas,60,,forecasted
8617,Bologna,Tolumonas,61,0.0004337451600769231,forecasted
8618,Budapest,Tolumonas,61,,forecasted
8619,Copenaghen_RA,Tolumonas,61,0.003470444576923077,forecasted
8620,Copenaghen_RD,Tolumonas,61,0.0010423476538461538,forecasted
8621,Copenaghen_RL,Tolumonas,61,0.0010423476538461538,forecasted
8622,Rome,Tolumonas,61,,forecasted
8623,Rotterdam,Tolumonas,61,,forecasted
8624,Bologna,Tolumonas,62,,forecasted
8625,Budapest,Tolumonas,62,,forecasted
8626,Copenaghen_RA,Tolumonas,62,,forecasted
8627,Copenaghen_RD,Tolumonas,62,,forecasted
8628,Copenaghen_RL,Tolumonas,62,,forecasted
8629,Rome,Tolumonas,62,0.00033029565323076926,forecasted
8630,Rotterdam,Tolumonas,62,0.006743467230769231,forecasted
8631,Bologna,Tolumonas,63,0.0011487290576923078,forecasted
8632,Budapest,Tolumonas,63,,forecasted
8633,Copenaghen_RA,Tolumonas,63,,forecasted
8634,Copenaghen_RD,Tolumonas,63,,forecasted
8635,Copenaghen_RL,Tolumonas,63,0.0011487290576923078,forecasted
8636,Rome,Tolumonas,63,0.0002701753318076923,forecasted
8637,Rotterdam,Tolumonas,63,,forecasted
8638,Bologna,Tolumonas,64,,forecasted
8639,Budapest,Tolumonas,64,,forecasted
8640,Copenaghen_RA,Tolumonas,64,0.0017509759615384614,forecasted
8641,Copenaghen_RD,Tolumonas,64,0.0011488697228461539,forecasted
8642,Copenaghen_RL,Tolumonas,64,0.0017509759615384614,forecasted
8643,Rome,Tolumonas,64,,forecasted
8644,Rotterdam,Tolumonas,64,0.016016079346153844,forecasted
8645,Bologna,Tolumonas,65,0.0012032874925384613,forecasted
8646,Budapest,Tolumonas,65,,forecasted
8647,Copenaghen_RA,Tolumonas,65,0.003379881576923077,forecasted
8648,Copenaghen_RD,Tolumonas,65,0.0016431218846153846,forecasted
8649,Copenaghen_RL,Tolumonas,65,0.0012032874925384613,forecasted
8650,Rome,Tolumonas,65,,forecasted
8651,Rotterdam,Tolumonas,65,0.01206368003846154,forecasted
8652,Bologna,Tolumonas,66,,forecasted
8653,Budapest,Tolumonas,66,,forecasted
8654,Copenaghen_RA,Tolumonas,66,,forecasted
8655,Copenaghen_RD,Tolumonas,66,,forecasted
8656,Copenaghen_RL,Tolumonas,66,,forecasted
8657,Rome,Tolumonas,66,0.0003514234831923077,forecasted
8658,Rotterdam,Tolumonas,66,,forecasted
8659,Bologna,Tolumonas,67,0.0011726907500000001,forecasted
8660,Budapest,Tolumonas,67,0.0004921122544999999,forecasted
8661,Copenaghen_RA,Tolumonas,67,0.0011726907500000001,forecasted
8662,Copenaghen_RD,Tolumonas,67,0.00066280925,forecasted
8663,Copenaghen_RL,Tolumonas,67,0.00190918625,forecasted
8664,Rome,Tolumonas,67,,forecasted
8665,Rotterdam,Tolumonas,67,,forecasted
8666,Bologna,Tolumonas,68,,forecasted
8667,Budapest,Tolumonas,68,0.0006881431447692308,forecasted
8668,Copenaghen_RA,Tolumonas,68,0.0006881431447692308,forecasted
8669,Copenaghen_RD,Tolumonas,68,0.0006881431447692308,forecasted
8670,Copenaghen_RL,Tolumonas,68,0.0006881431447692308,forecasted
8671,Rome,Tolumonas,68,0.0006881431447692308,forecasted
8672,Rotterdam,Tolumonas,68,0.02550505276923077,forecasted
8673,Bologna,Tolumonas,69,0.0018036385961538463,forecasted
8674,Budapest,Tolumonas,69,0.00028482178811538463,forecasted
8675,Copenaghen_RA,Tolumonas,69,0.0037343963653846154,forecasted
8676,Copenaghen_RD,Tolumonas,69,0.002355283673076923,forecasted
8677,Copenaghen_RL,Tolumonas,69,0.0033206625576923075,forecasted
8678,Rome,Tolumonas,69,,forecasted
8679,Rotterdam,Tolumonas,69,,forecasted
8680,Bologna,Tolumonas,70,0.010562396884615384,forecasted
8681,Budapest,Tolumonas,70,0.010562396884615384,forecasted
8682,Copenaghen_RA,Tolumonas,70,0.0018313915253076922,forecasted
8683,Copenaghen_RD,Tolumonas,70,0.0018313915253076922,forecasted
8684,Copenaghen_RL,Tolumonas,70,0.01803224319230769,forecasted
8685,Rome,Tolumonas,70,0.011807371269230768,forecasted
8686,Rotterdam,Tolumonas,70,0.01803224319230769,forecasted
8687,Bologna,Tolumonas,71,0.0014248995961538462,forecasted
8688,Budapest,Tolumonas,71,0.0014725856346153843,forecasted
8689,Copenaghen_RA,Tolumonas,71,0.0013772135576923077,forecasted
8690,Copenaghen_RD,Tolumonas,71,0.0014248995961538462,forecasted
8691,Copenaghen_RL,Tolumonas,71,0.0013772135576923077,forecasted
8692,Rome,Tolumonas,71,0.0013772135576923077,forecasted
8693,Rotterdam,Tolumonas,71,0.0014725856346153843,forecasted
8694,Bologna,Tolumonas,72,0.0005953457307692309,forecasted
8695,Budapest,Tolumonas,72,0.0006279634230769231,forecasted
8696,Copenaghen_RA,Tolumonas,72,0.0006116545769230769,forecasted
8697,Copenaghen_RD,Tolumonas,72,0.0006116545769230769,forecasted
8698,Copenaghen_RL,Tolumonas,72,0.0006116545769230769,forecasted
8699,Rome,Tolumonas,72,0.0006116545769230769,forecasted
8700,Rotterdam,Tolumonas,72,0.0006279634230769231,forecasted
8701,Bologna,Tolumonas,73,0.0033767492500000004,forecasted
8702,Budapest,Tolumonas,73,0.0047992022500000005,forecasted
8703,Copenaghen_RA,Tolumonas,73,0.0033767492500000004,forecasted
8704,Copenaghen_RD,Tolumonas,73,0.0047992022500000005,forecasted
8705,Copenaghen_RL,Tolumonas,73,0.00408797575,forecasted
8706,Rome,Tolumonas,73,0.00408797575,forecasted
8707,Rotterdam,Tolumonas,73,0.0033767492500000004,forecasted
8708,Bologna,Tolumonas,74,0.028220368499999995,forecasted
8709,Budapest,Tolumonas,74,0.004001339848538461,forecasted
8710,Copenaghen_RA,Tolumonas,74,0.004001339848538461,forecasted
8711,Copenaghen_RD,Tolumonas,74,0.04030370226923077,forecasted
8712,Copenaghen_RL,Tolumonas,74,0.04030370226923077,forecasted
8713,Rome,Tolumonas,74,0.02016481265384615,forecasted
8714,Rotterdam,Tolumonas,74,0.03627592434615384,forecasted
8715,Bologna,Tolumonas,75,0.0024541479038461536,forecasted
8716,Budapest,Tolumonas,75,0.0024541479038461536,forecasted
8717,Copenaghen_RA,Tolumonas,75,0.002632519096153846,forecasted
8718,Copenaghen_RD,Tolumonas,75,0.0024541479038461536,forecasted
8719,Copenaghen_RL,Tolumonas,75,0.002632519096153846,forecasted
8720,Rome,Tolumonas,75,0.002632519096153846,forecasted
8721,Rotterdam,Tolumonas,75,0.0028108902884615384,forecasted
8722,Bologna,Tolumonas,77,0.0014451073123846153,forecasted
8723,Budapest,Tolumonas,77,0.0014451073123846153,forecasted
8724,Copenaghen_RA,Tolumonas,77,0.010810444884615383,forecasted
8725,Copenaghen_RD,Tolumonas,77,0.010810444884615383,forecasted
8726,Copenaghen_RL,Tolumonas,77,0.008471644192307691,forecasted
8727,Rome,Tolumonas,77,0.0061328434999999995,forecasted
8728,Rotterdam,Tolumonas,77,0.006912443730769231,forecasted
8729,Bologna,Tolumonas,78,0.0021194556730769233,forecasted
8730,Budapest,Tolumonas,78,0.0021194556730769233,forecasted
8731,Copenaghen_RA,Tolumonas,78,0.0021194556730769233,forecasted
8732,Copenaghen_RD,Tolumonas,78,0.0021194556730769233,forecasted
8733,Copenaghen_RL,Tolumonas,78,0.0022460269423076923,forecasted
8734,Rome,Tolumonas,78,0.0016131705961538463,forecasted
8735,Rotterdam,Tolumonas,78,0.0023725982115384613,forecasted
8736,Bologna,Tolumonas,79,0.021251121288461537,forecasted
8737,Budapest,Tolumonas,79,0.023331534134615382,forecasted
8738,Copenaghen_RA,Tolumonas,79,0.02229132771153846,forecasted
8739,Copenaghen_RD,Tolumonas,79,0.02229132771153846,forecasted
8740,Copenaghen_RL,Tolumonas,79,0.02229132771153846,forecasted
8741,Rome,Tolumonas,79,0.02229132771153846,forecasted
8742,Rotterdam,Tolumonas,79,0.021251121288461537,forecasted
8743,Bologna,Tolumonas,80,0.0042064104903846156,forecasted
8744,Budapest,Tolumonas,80,0.0002097189415346154,forecasted
8745,Copenaghen_RA,Tolumonas,80,0.006663455936538462,forecasted
8746,Copenaghen_RD,Tolumonas,80,0.006049194575,forecasted
8747,Copenaghen_RL,Tolumonas,80,0.006049194575,forecasted
8748,Rome,Tolumonas,80,0.0002097189415346154,forecasted
8749,Rotterdam,Tolumonas,80,0.0002097189415346154,forecasted
8750,Bologna,Tolumonas,81,0.01699626053846154,forecasted
8751,Budapest,Tolumonas,81,0.01699626053846154,forecasted
8752,Copenaghen_RA,Tolumonas,81,0.01699626053846154,forecasted
8753,Copenaghen_RD,Tolumonas,81,0.01699626053846154,forecasted
8754,Copenaghen_RL,Tolumonas,81,0.015299882692307691,forecasted
8755,Rome,Tolumonas,81,0.013603504846153847,forecasted
8756,Rotterdam,Tolumonas,81,0.01699626053846154,forecasted
8757,Bologna,Tolumonas,82,0.0027598847519230774,forecasted
8758,Budapest,Tolumonas,82,0.003326130236538462,forecasted
8759,Copenaghen_RA,Tolumonas,82,0.0027598847519230774,forecasted
8760,Copenaghen_RD,Tolumonas,82,0.003609252978846154,forecasted
8761,Copenaghen_RL,Tolumonas,82,0.003326130236538462,forecasted
8762,Rome,Tolumonas,82,0.0030430074942307695,forecasted
8763,Rotterdam,Tolumonas,82,0.0030430074942307695,forecasted
8764,Bologna,Tolumonas,83,0.013811930000000002,forecasted
8765,Budapest,Tolumonas,83,0.010601726,forecasted
8766,Copenaghen_RA,Tolumonas,83,0.013811930000000002,forecasted
8767,Copenaghen_RD,Tolumonas,83,0.015417032000000002,forecasted
8768,Copenaghen_RL,Tolumonas,83,0.008996624000000002,forecasted
8769,Rome,Tolumonas,83,0.010601726,forecasted
8770,Rotterdam,Tolumonas,83,0.010601726,forecasted
8771,Bologna,Tolumonas,84,0.0005228158909230769,forecasted
8772,Budapest,Tolumonas,84,0.0005228158909230769,forecasted
8773,Copenaghen_RA,Tolumonas,84,0.0005228158909230769,forecasted
8774,Copenaghen_RD,Tolumonas,84,0.0005228158909230769,forecasted
8775,Copenaghen_RL,Tolumonas,84,0.0005228158909230769,forecasted
8776,Rome,Tolumonas,84,0.0005228158909230769,forecasted
8777,Rotterdam,Tolumonas,84,0.0005228158909230769,forecasted
8778,Bologna,Tolumonas,85,0.0001201780769230769,forecasted
8779,Budapest,Tolumonas,85,0.00014074423076923076,forecasted
8780,Copenaghen_RA,Tolumonas,85,0.00013046115384615384,forecasted
8781,Copenaghen_RD,Tolumonas,85,0.00013046115384615384,forecasted
8782,Copenaghen_RL,Tolumonas,85,0.00012703346153846153,forecasted
8783,Rome,Tolumonas,85,0.00013731653846153844,forecasted
8784,Rotterdam,Tolumonas,85,0.00013388884615384616,forecasted
8785,Bologna,Tolumonas,86,0.004708692942307692,forecasted
8786,Budapest,Tolumonas,86,0.005696807596153847,forecasted
8787,Copenaghen_RA,Tolumonas,86,0.007673036903846154,forecasted
8788,Copenaghen_RD,Tolumonas,86,0.007673036903846154,forecasted
8789,Copenaghen_RL,Tolumonas,86,0.008661151557692308,forecasted
8790,Rome,Tolumonas,86,0.006684922249999999,forecasted
8791,Rotterdam,Tolumonas,86,0.008661151557692308,forecasted
8792,Bologna,Tolumonas,87,0.0011763545576923078,forecasted
8793,Budapest,Tolumonas,87,0.0010862257115384615,forecasted
8794,Copenaghen_RA,Tolumonas,87,0.0010411612884615386,forecasted
8795,Copenaghen_RD,Tolumonas,87,0.0011312901346153845,forecasted
8796,Copenaghen_RL,Tolumonas,87,0.0010862257115384615,forecasted
8797,Rome,Tolumonas,87,0.0010862257115384615,forecasted
8798,Rotterdam,Tolumonas,87,0.0011312901346153845,forecasted
8799,Bologna,Tolumonas,88,0.00782626946153846,forecasted
8800,Budapest,Tolumonas,88,0.00782626946153846,forecasted
8801,Copenaghen_RA,Tolumonas,88,0.00782626946153846,forecasted
8802,Copenaghen_RD,Tolumonas,88,0.00782626946153846,forecasted
8803,Copenaghen_RL,Tolumonas,88,0.007025140846153846,forecasted
8804,Rome,Tolumonas,88,0.007425705153846154,forecasted
8805,Rotterdam,Tolumonas,88,0.008226833769230769,forecasted
8806,Bologna,Tolumonas,89,7.978623118076923e-05,forecasted
8807,Budapest,Tolumonas,89,7.978623118076923e-05,forecasted
8808,Copenaghen_RA,Tolumonas,89,7.978623118076923e-05,forecasted
8809,Copenaghen_RD,Tolumonas,89,7.978623118076923e-05,forecasted
8810,Copenaghen_RL,Tolumonas,89,7.978623118076923e-05,forecasted
8811,Rome,Tolumonas,89,7.978623118076923e-05,forecasted
8812,Rotterdam,Tolumonas,89,7.978623118076923e-05,forecasted
8813,Bologna,Tolumonas,90,0.007705233038461538,forecasted
8814,Budapest,Tolumonas,90,0.009712874115384615,forecasted
8815,Copenaghen_RA,Tolumonas,90,0.007705233038461538,forecasted
8816,Copenaghen_RD,Tolumonas,90,0.008709053576923077,forecasted
8817,Copenaghen_RL,Tolumonas,90,0.009712874115384615,forecasted
8818,Rome,Tolumonas,90,0.009712874115384615,forecasted
8819,Rotterdam,Tolumonas,90,0.007705233038461538,forecasted
8820,Bologna,Trichococcus,60,,forecasted
8821,Budapest,Trichococcus,60,,forecasted
8822,Copenaghen_RA,Trichococcus,60,,forecasted
8823,Copenaghen_RD,Trichococcus,60,0.06502845600000001,forecasted
8824,Copenaghen_RL,Trichococcus,60,0.03767018,forecasted
8825,Rome,Trichococcus,60,0.002818223492,forecasted
8826,Rotterdam,Trichococcus,60,,forecasted
8827,Bologna,Trichococcus,61,0.007243364,forecasted
8828,Budapest,Trichococcus,61,,forecasted
8829,Copenaghen_RA,Trichococcus,61,0.0015849231400000001,forecasted
8830,Copenaghen_RD,Trichococcus,61,0.002040304,forecasted
8831,Copenaghen_RL,Trichococcus,61,0.005659824000000001,forecasted
8832,Rome,Trichococcus,61,,forecasted
8833,Rotterdam,Trichococcus,61,,forecasted
8834,Bologna,Trichococcus,62,,forecasted
8835,Budapest,Trichococcus,62,,forecasted
8836,Copenaghen_RA,Trichococcus,62,,forecasted
8837,Copenaghen_RD,Trichococcus,62,,forecasted
8838,Copenaghen_RL,Trichococcus,62,,forecasted
8839,Rome,Trichococcus,62,0.0036648236992692304,forecasted
8840,Rotterdam,Trichococcus,62,0.042652936019230765,forecasted
8841,Bologna,Trichococcus,63,0.00486307678126923,forecasted
8842,Budapest,Trichococcus,63,,forecasted
8843,Copenaghen_RA,Trichococcus,63,,forecasted
8844,Copenaghen_RD,Trichococcus,63,,forecasted
8845,Copenaghen_RL,Trichococcus,63,0.14792242801923075,forecasted
8846,Rome,Trichococcus,63,0.00486307678126923,forecasted
8847,Rotterdam,Trichococcus,63,,forecasted
8848,Bologna,Trichococcus,64,,forecasted
8849,Budapest,Trichococcus,64,,forecasted
8850,Copenaghen_RA,Trichococcus,64,0.020219941842884614,forecasted
8851,Copenaghen_RD,Trichococcus,64,0.02669595325,forecasted
8852,Copenaghen_RL,Trichococcus,64,0.04715898613461538,forecasted
8853,Rome,Trichococcus,64,,forecasted
8854,Rotterdam,Trichococcus,64,0.04177397748076923,forecasted
8855,Bologna,Trichococcus,65,0.007013138903846154,forecasted
8856,Budapest,Trichococcus,65,,forecasted
8857,Copenaghen_RA,Trichococcus,65,0.01681357871153846,forecasted
8858,Copenaghen_RD,Trichococcus,65,0.018773666673076922,forecasted
8859,Copenaghen_RL,Trichococcus,65,0.008973226865384615,forecasted
8860,Rome,Trichococcus,65,,forecasted
8861,Rotterdam,Trichococcus,65,0.002431106612423077,forecasted
8862,Bologna,Trichococcus,66,,forecasted
8863,Budapest,Trichococcus,66,,forecasted
8864,Copenaghen_RA,Trichococcus,66,,forecasted
8865,Copenaghen_RD,Trichococcus,66,,forecasted
8866,Copenaghen_RL,Trichococcus,66,,forecasted
8867,Rome,Trichococcus,66,0.0019884225192692306,forecasted
8868,Rotterdam,Trichococcus,66,,forecasted
8869,Bologna,Trichococcus,67,0.009491617945384615,forecasted
8870,Budapest,Trichococcus,67,0.009491617945384615,forecasted
8871,Copenaghen_RA,Trichococcus,67,0.08676576038461539,forecasted
8872,Copenaghen_RD,Trichococcus,67,0.012621138846153845,forecasted
8873,Copenaghen_RL,Trichococcus,67,0.02188921653846154,forecasted
8874,Rome,Trichococcus,67,,forecasted
8875,Rotterdam,Trichococcus,67,,forecasted
8876,Bologna,Trichococcus,68,,forecasted
8877,Budapest,Trichococcus,68,0.010010510365384615,forecasted
8878,Copenaghen_RA,Trichococcus,68,0.020480221519230766,forecasted
8879,Copenaghen_RD,Trichococcus,68,0.13564704421153845,forecasted
8880,Copenaghen_RL,Trichococcus,68,0.020480221519230766,forecasted
8881,Rome,Trichococcus,68,0.004707601665961538,forecasted
8882,Rotterdam,Trichococcus,68,0.01524536594230769,forecasted
8883,Bologna,Trichococcus,69,0.0069017970845,forecasted
8884,Budapest,Trichococcus,69,0.02275362325,forecasted
8885,Copenaghen_RA,Trichococcus,69,0.01768367525,forecasted
8886,Copenaghen_RD,Trichococcus,69,0.00817752275,forecasted
8887,Copenaghen_RL,Trichococcus,69,0.020218649249999998,forecasted
8888,Rome,Trichococcus,69,,forecasted
8889,Rotterdam,Trichococcus,69,,forecasted
8890,Bologna,Trichococcus,70,0.012962269442307692,forecasted
8891,Budapest,Trichococcus,70,0.012962269442307692,forecasted
8892,Copenaghen_RA,Trichococcus,70,0.01225962901923077,forecasted
8893,Copenaghen_RD,Trichococcus,70,0.011556988596153846,forecasted
8894,Copenaghen_RL,Trichococcus,70,0.010854348173076924,forecasted
8895,Rome,Trichococcus,70,0.011556988596153846,forecasted
8896,Rotterdam,Trichococcus,70,0.010854348173076924,forecasted
8897,Bologna,Trichococcus,71,0.010454420211538461,forecasted
8898,Budapest,Trichococcus,71,0.009955038326923077,forecasted
8899,Copenaghen_RA,Trichococcus,71,0.010454420211538461,forecasted
8900,Copenaghen_RD,Trichococcus,71,0.010454420211538461,forecasted
8901,Copenaghen_RL,Trichococcus,71,0.010953802096153846,forecasted
8902,Rome,Trichococcus,71,0.010454420211538461,forecasted
8903,Rotterdam,Trichococcus,71,0.010953802096153846,forecasted
8904,Bologna,Trichococcus,72,0.010519851615384615,forecasted
8905,Budapest,Trichococcus,72,0.010879635923076923,forecasted
8906,Copenaghen_RA,Trichococcus,72,0.010879635923076923,forecasted
8907,Copenaghen_RD,Trichococcus,72,0.010519851615384615,forecasted
8908,Copenaghen_RL,Trichococcus,72,0.01123942023076923,forecasted
8909,Rome,Trichococcus,72,0.010519851615384615,forecasted
8910,Rotterdam,Trichococcus,72,0.010879635923076923,forecasted
8911,Bologna,Trichococcus,73,0.0071586938557692305,forecasted
8912,Budapest,Trichococcus,73,0.007722786451923076,forecasted
8913,Copenaghen_RA,Trichococcus,73,0.007722786451923076,forecasted
8914,Copenaghen_RD,Trichococcus,73,0.007722786451923076,forecasted
8915,Copenaghen_RL,Trichococcus,73,0.006594601259615384,forecasted
8916,Rome,Trichococcus,73,0.0071586938557692305,forecasted
8917,Rotterdam,Trichococcus,73,0.0071586938557692305,forecasted
8918,Bologna,Trichococcus,74,0.003964661211538462,forecasted
8919,Budapest,Trichococcus,74,0.003715263788461539,forecasted
8920,Copenaghen_RA,Trichococcus,74,0.004463456057692309,forecasted
8921,Copenaghen_RD,Trichococcus,74,0.004463456057692309,forecasted
8922,Copenaghen_RL,Trichococcus,74,0.003964661211538462,forecasted
8923,Rome,Trichococcus,74,0.003964661211538462,forecasted
8924,Rotterdam,Trichococcus,74,0.003964661211538462,forecasted
8925,Bologna,Trichococcus,75,0.0049896475,forecasted
8926,Budapest,Trichococcus,75,0.005342684499999999,forecasted
8927,Copenaghen_RA,Trichococcus,75,0.0049896475,forecasted
8928,Copenaghen_RD,Trichococcus,75,0.004636610499999999,forecasted
8929,Copenaghen_RL,Trichococcus,75,0.0049896475,forecasted
8930,Rome,Trichococcus,75,0.004636610499999999,forecasted
8931,Rotterdam,Trichococcus,75,0.0049896475,forecasted
8932,Bologna,Trichococcus,77,0.006880385230769231,forecasted
8933,Budapest,Trichococcus,77,0.006880385230769231,forecasted
8934,Copenaghen_RA,Trichococcus,77,0.007183410461538461,forecasted
8935,Copenaghen_RD,Trichococcus,77,0.007183410461538461,forecasted
8936,Copenaghen_RL,Trichococcus,77,0.007183410461538461,forecasted
8937,Rome,Trichococcus,77,0.007183410461538461,forecasted
8938,Rotterdam,Trichococcus,77,0.007031897846153846,forecasted
8939,Bologna,Trichococcus,78,0.006870155490384615,forecasted
8940,Budapest,Trichococcus,78,0.007248465701923076,forecasted
8941,Copenaghen_RA,Trichococcus,78,0.006870155490384615,forecasted
8942,Copenaghen_RD,Trichococcus,78,0.006870155490384615,forecasted
8943,Copenaghen_RL,Trichococcus,78,0.007248465701923076,forecasted
8944,Rome,Trichococcus,78,0.007248465701923076,forecasted
8945,Rotterdam,Trichococcus,78,0.006870155490384615,forecasted
8946,Bologna,Trichococcus,79,0.0018313225576923077,forecasted
8947,Budapest,Trichococcus,79,0.001896058403846154,forecasted
8948,Copenaghen_RA,Trichococcus,79,0.0018475065192307693,forecasted
8949,Copenaghen_RD,Trichococcus,79,0.0018313225576923077,forecasted
8950,Copenaghen_RL,Trichococcus,79,0.001863690480769231,forecasted
8951,Rome,Trichococcus,79,0.0018798744423076923,forecasted
8952,Rotterdam,Trichococcus,79,0.0018475065192307693,forecasted
8953,Bologna,Trichococcus,80,0.0064527619942307685,forecasted
8954,Budapest,Trichococcus,80,0.005846740251923076,forecasted
8955,Copenaghen_RA,Trichococcus,80,0.0064527619942307685,forecasted
8956,Copenaghen_RD,Trichococcus,80,0.0064527619942307685,forecasted
8957,Copenaghen_RL,Trichococcus,80,0.0070587837365384595,forecasted
8958,Rome,Trichococcus,80,0.0064527619942307685,forecasted
8959,Rotterdam,Trichococcus,80,0.005846740251923076,forecasted
8960,Bologna,Trichococcus,81,0.005491929634615385,forecasted
8961,Budapest,Trichococcus,81,0.005748633596153846,forecasted
8962,Copenaghen_RA,Trichococcus,81,0.005748633596153846,forecasted
8963,Copenaghen_RD,Trichococcus,81,0.005748633596153846,forecasted
8964,Copenaghen_RL,Trichococcus,81,0.005491929634615385,forecasted
8965,Rome,Trichococcus,81,0.005491929634615385,forecasted
8966,Rotterdam,Trichococcus,81,0.005491929634615385,forecasted
8967,Bologna,Trichococcus,82,0.006595308346153846,forecasted
8968,Budapest,Trichococcus,82,0.006595308346153846,forecasted
8969,Copenaghen_RA,Trichococcus,82,0.006595308346153846,forecasted
8970,Copenaghen_RD,Trichococcus,82,0.006978694576923078,forecasted
8971,Copenaghen_RL,Trichococcus,82,0.006595308346153846,forecasted
8972,Rome,Trichococcus,82,0.006211922115384615,forecasted
8973,Rotterdam,Trichococcus,82,0.006595308346153846,forecasted
8974,Bologna,Trichococcus,83,0.003133928403846154,forecasted
8975,Budapest,Trichococcus,83,0.0033615404423076927,forecasted
8976,Copenaghen_RA,Trichococcus,83,0.0029063163653846157,forecasted
8977,Copenaghen_RD,Trichococcus,83,0.003589152480769231,forecasted
8978,Copenaghen_RL,Trichococcus,83,0.003589152480769231,forecasted
8979,Rome,Trichococcus,83,0.0033615404423076927,forecasted
8980,Rotterdam,Trichococcus,83,0.0033615404423076927,forecasted
8981,Bologna,Trichococcus,84,0.0006917203943461539,forecasted
8982,Budapest,Trichococcus,84,0.0006917203943461539,forecasted
8983,Copenaghen_RA,Trichococcus,84,0.0006917203943461539,forecasted
8984,Copenaghen_RD,Trichococcus,84,0.0006917203943461539,forecasted
8985,Copenaghen_RL,Trichococcus,84,0.0006917203943461539,forecasted
8986,Rome,Trichococcus,84,0.0006917203943461539,forecasted
8987,Rotterdam,Trichococcus,84,0.0006917203943461539,forecasted
8988,Bologna,Trichococcus,85,0.0013905582884615384,forecasted
8989,Budapest,Trichococcus,85,0.001221649519230769,forecasted
8990,Copenaghen_RA,Trichococcus,85,0.0013905582884615384,forecasted
8991,Copenaghen_RD,Trichococcus,85,0.0013061039038461538,forecasted
8992,Copenaghen_RL,Trichococcus,85,0.001221649519230769,forecasted
8993,Rome,Trichococcus,85,0.0013061039038461538,forecasted
8994,Rotterdam,Trichococcus,85,0.0012638767115384615,forecasted
8995,Bologna,Trichococcus,86,0.004696226557692308,forecasted
8996,Budapest,Trichococcus,86,0.004696226557692308,forecasted
8997,Copenaghen_RA,Trichococcus,86,0.004696226557692308,forecasted
8998,Copenaghen_RD,Trichococcus,86,0.004518938480769231,forecasted
8999,Copenaghen_RL,Trichococcus,86,0.004696226557692308,forecasted
9000,Rome,Trichococcus,86,0.004607582519230769,forecasted
9001,Rotterdam,Trichococcus,86,0.004784870596153847,forecasted
9002,Bologna,Trichococcus,87,0.0009455136153846155,forecasted
9003,Budapest,Trichococcus,87,0.0010870994615384618,forecasted
9004,Copenaghen_RA,Trichococcus,87,0.0009455136153846155,forecasted
9005,Copenaghen_RD,Trichococcus,87,0.0010870994615384618,forecasted
9006,Copenaghen_RL,Trichococcus,87,0.0011578923846153847,forecasted
9007,Rome,Trichococcus,87,0.0010870994615384618,forecasted
9008,Rotterdam,Trichococcus,87,0.0010870994615384618,forecasted
9009,Bologna,Trichococcus,88,0.008960002423076922,forecasted
9010,Budapest,Trichococcus,88,0.008960002423076922,forecasted
9011,Copenaghen_RA,Trichococcus,88,0.009215889576923077,forecasted
9012,Copenaghen_RD,Trichococcus,88,0.008960002423076922,forecasted
9013,Copenaghen_RL,Trichococcus,88,0.009215889576923077,forecasted
9014,Rome,Trichococcus,88,0.009215889576923077,forecasted
9015,Rotterdam,Trichococcus,88,0.009471776730769231,forecasted
9016,Bologna,Trichococcus,89,0.0061626859645,forecasted
9017,Budapest,Trichococcus,89,0.0061626859645,forecasted
9018,Copenaghen_RA,Trichococcus,89,0.0061626859645,forecasted
9019,Copenaghen_RD,Trichococcus,89,0.0061626859645,forecasted
9020,Copenaghen_RL,Trichococcus,89,0.0061626859645,forecasted
9021,Rome,Trichococcus,89,0.0061626859645,forecasted
9022,Rotterdam,Trichococcus,89,0.0061626859645,forecasted
9023,Bologna,Trichococcus,90,0.0036468432307692304,forecasted
9024,Budapest,Trichococcus,90,0.003299792153846154,forecasted
9025,Copenaghen_RA,Trichococcus,90,0.003473317692307692,forecasted
9026,Copenaghen_RD,Trichococcus,90,0.0038203687692307687,forecasted
9027,Copenaghen_RL,Trichococcus,90,0.0036468432307692304,forecasted
9028,Rome,Trichococcus,90,0.0036468432307692304,forecasted
9029,Rotterdam,Trichococcus,90,0.003299792153846154,forecasted
9030,Bologna,UBA1413,60,,forecasted
9031,Budapest,UBA1413,60,,forecasted
9032,Copenaghen_RA,UBA1413,60,,forecasted
9033,Copenaghen_RD,UBA1413,60,8.467059226538462e-06,forecasted
9034,Copenaghen_RL,UBA1413,60,0.00014470466403846154,forecasted
9035,Rome,UBA1413,60,8.467059226538462e-06,forecasted
9036,Rotterdam,UBA1413,60,,forecasted
9037,Bologna,UBA1413,61,0.00017317103365384616,forecasted
9038,Budapest,UBA1413,61,,forecasted
9039,Copenaghen_RA,UBA1413,61,0.00010917170673076923,forecasted
9040,Copenaghen_RD,UBA1413,61,1.3089517221153847e-05,forecasted
9041,Copenaghen_RL,UBA1413,61,8.357197596153846e-05,forecasted
9042,Rome,UBA1413,61,,forecasted
9043,Rotterdam,UBA1413,61,,forecasted
9044,Bologna,UBA1413,62,,forecasted
9045,Budapest,UBA1413,62,,forecasted
9046,Copenaghen_RA,UBA1413,62,,forecasted
9047,Copenaghen_RD,UBA1413,62,,forecasted
9048,Copenaghen_RL,UBA1413,62,,forecasted
9049,Rome,UBA1413,62,4.881570714230769e-07,forecasted
9050,Rotterdam,UBA1413,62,7.512851730769231e-07,forecasted
9051,Bologna,UBA1413,63,2.688556557692308e-06,forecasted
9052,Budapest,UBA1413,63,,forecasted
9053,Copenaghen_RA,UBA1413,63,,forecasted
9054,Copenaghen_RD,UBA1413,63,,forecasted
9055,Copenaghen_RL,UBA1413,63,1.0498940403846154e-05,forecasted
9056,Rome,UBA1413,63,7.308838466538462e-07,forecasted
9057,Rotterdam,UBA1413,63,,forecasted
9058,Bologna,UBA1413,64,,forecasted
9059,Budapest,UBA1413,64,,forecasted
9060,Copenaghen_RA,UBA1413,64,5.820259038461539e-06,forecasted
9061,Copenaghen_RD,UBA1413,64,2.8834109615384614e-06,forecasted
9062,Copenaghen_RL,UBA1413,64,6.511282115384615e-06,forecasted
9063,Rome,UBA1413,64,,forecasted
9064,Rotterdam,UBA1413,64,2.1901420596153845e-06,forecasted
9065,Bologna,UBA1413,65,7.828891820153847e-06,forecasted
9066,Budapest,UBA1413,65,,forecasted
9067,Copenaghen_RA,UBA1413,65,2.2455912538461537e-05,forecasted
9068,Copenaghen_RD,UBA1413,65,5.133453192307692e-05,forecasted
9069,Copenaghen_RL,UBA1413,65,0.00036899934515384616,forecasted
9070,Rome,UBA1413,65,,forecasted
9071,Rotterdam,UBA1413,65,7.828891820153847e-06,forecasted
9072,Bologna,UBA1413,66,,forecasted
9073,Budapest,UBA1413,66,,forecasted
9074,Copenaghen_RA,UBA1413,66,,forecasted
9075,Copenaghen_RD,UBA1413,66,,forecasted
9076,Copenaghen_RL,UBA1413,66,,forecasted
9077,Rome,UBA1413,66,6.094535585769232e-07,forecasted
9078,Rotterdam,UBA1413,66,,forecasted
9079,Bologna,UBA1413,67,2.4053221346153844e-05,forecasted
9080,Budapest,UBA1413,67,9.052561110384616e-06,forecasted
9081,Copenaghen_RA,UBA1413,67,3.886137557692307e-05,forecasted
9082,Copenaghen_RD,UBA1413,67,0.0003794489228846154,forecasted
9083,Copenaghen_RL,UBA1413,67,9.052561110384616e-06,forecasted
9084,Rome,UBA1413,67,,forecasted
9085,Rotterdam,UBA1413,67,,forecasted
9086,Bologna,UBA1413,68,,forecasted
9087,Budapest,UBA1413,68,2.294817319e-06,forecasted
9088,Copenaghen_RA,UBA1413,68,1.2629217499999999e-05,forecasted
9089,Copenaghen_RD,UBA1413,68,8.80878315e-05,forecasted
9090,Copenaghen_RL,UBA1413,68,7.43680835e-05,forecasted
9091,Rome,UBA1413,68,2.294817319e-06,forecasted
9092,Rotterdam,UBA1413,68,2.294817319e-06,forecasted
9093,Bologna,UBA1413,69,2.5163769420384616e-05,forecasted
9094,Budapest,UBA1413,69,2.5163769420384616e-05,forecasted
9095,Copenaghen_RA,UBA1413,69,2.5163769420384616e-05,forecasted
9096,Copenaghen_RD,UBA1413,69,2.5163769420384616e-05,forecasted
9097,Copenaghen_RL,UBA1413,69,0.0011478293578846156,forecasted
9098,Rome,UBA1413,69,,forecasted
9099,Rotterdam,UBA1413,69,,forecasted
9100,Bologna,UBA1413,70,1.539070530769231e-05,forecasted
9101,Budapest,UBA1413,70,1.3714753615384616e-05,forecasted
9102,Copenaghen_RA,UBA1413,70,1.287677776923077e-05,forecasted
9103,Copenaghen_RD,UBA1413,70,1.4552729461538461e-05,forecasted
9104,Copenaghen_RL,UBA1413,70,1.3714753615384616e-05,forecasted
9105,Rome,UBA1413,70,1.4552729461538461e-05,forecasted
9106,Rotterdam,UBA1413,70,1.3714753615384616e-05,forecasted
9107,Bologna,UBA1413,71,2.935472e-05,forecasted
9108,Budapest,UBA1413,71,2.616164e-05,forecasted
9109,Copenaghen_RA,UBA1413,71,2.296856e-05,forecasted
9110,Copenaghen_RD,UBA1413,71,2.616164e-05,forecasted
9111,Copenaghen_RL,UBA1413,71,2.296856e-05,forecasted
9112,Rome,UBA1413,71,2.616164e-05,forecasted
9113,Rotterdam,UBA1413,71,2.616164e-05,forecasted
9114,Bologna,UBA1413,72,1.6810208961538465e-05,forecasted
9115,Budapest,UBA1413,72,1.971576634615385e-05,forecasted
9116,Copenaghen_RA,UBA1413,72,1.6810208961538465e-05,forecasted
9117,Copenaghen_RD,UBA1413,72,1.8262987653846154e-05,forecasted
9118,Copenaghen_RL,UBA1413,72,1.8262987653846154e-05,forecasted
9119,Rome,UBA1413,72,1.8262987653846154e-05,forecasted
9120,Rotterdam,UBA1413,72,1.535743026923077e-05,forecasted
9121,Bologna,UBA1413,73,9.346531115384614e-06,forecasted
9122,Budapest,UBA1413,73,8.611271192307693e-06,forecasted
9123,Copenaghen_RA,UBA1413,73,8.611271192307693e-06,forecasted
9124,Copenaghen_RD,UBA1413,73,1.0081791038461538e-05,forecasted
9125,Copenaghen_RL,UBA1413,73,9.346531115384614e-06,forecasted
9126,Rome,UBA1413,73,8.611271192307693e-06,forecasted
9127,Rotterdam,UBA1413,73,8.611271192307693e-06,forecasted
9128,Bologna,UBA1413,74,0.0031399751988461537,forecasted
9129,Budapest,UBA1413,74,0.002721682615,forecasted
9130,Copenaghen_RA,UBA1413,74,0.002303390031153846,forecasted
9131,Copenaghen_RD,UBA1413,74,0.002303390031153846,forecasted
9132,Copenaghen_RL,UBA1413,74,0.0031399751988461537,forecasted
9133,Rome,UBA1413,74,0.003558267782692308,forecasted
9134,Rotterdam,UBA1413,74,0.003558267782692308,forecasted
9135,Bologna,UBA1413,75,0.0010646678613461537,forecasted
9136,Budapest,UBA1413,75,0.0010646678613461537,forecasted
9137,Copenaghen_RA,UBA1413,75,0.0013009503794230767,forecasted
9138,Copenaghen_RD,UBA1413,75,0.0010646678613461537,forecasted
9139,Copenaghen_RL,UBA1413,75,0.0013009503794230767,forecasted
9140,Rome,UBA1413,75,0.0015372328974999998,forecasted
9141,Rotterdam,UBA1413,75,0.0013009503794230767,forecasted
9142,Bologna,UBA1413,77,0.00016339459442307692,forecasted
9143,Budapest,UBA1413,77,0.00016339459442307692,forecasted
9144,Copenaghen_RA,UBA1413,77,0.00019928931096153846,forecasted
9145,Copenaghen_RD,UBA1413,77,0.00016339459442307692,forecasted
9146,Copenaghen_RL,UBA1413,77,0.00019928931096153846,forecasted
9147,Rome,UBA1413,77,9.160516134615386e-05,forecasted
9148,Rotterdam,UBA1413,77,0.00016339459442307692,forecasted
9149,Bologna,UBA1413,78,0.0001659029552788462,forecasted
9150,Budapest,UBA1413,78,0.0001659029552788462,forecasted
9151,Copenaghen_RA,UBA1413,78,0.00010736812189807694,forecasted
9152,Copenaghen_RD,UBA1413,78,0.00012687973302500004,forecasted
9153,Copenaghen_RL,UBA1413,78,0.00012687973302500004,forecasted
9154,Rome,UBA1413,78,0.0001659029552788462,forecasted
9155,Rotterdam,UBA1413,78,0.00012687973302500004,forecasted
9156,Bologna,UBA1413,79,3.7487161538461536e-06,forecasted
9157,Budapest,UBA1413,79,3.7487161538461536e-06,forecasted
9158,Copenaghen_RA,UBA1413,79,3.7487161538461536e-06,forecasted
9159,Copenaghen_RD,UBA1413,79,3.7487161538461536e-06,forecasted
9160,Copenaghen_RL,UBA1413,79,3.943428461538461e-06,forecasted
9161,Rome,UBA1413,79,3.943428461538461e-06,forecasted
9162,Rotterdam,UBA1413,79,3.5540038461538457e-06,forecasted
9163,Bologna,UBA1413,80,5.555513440384616e-06,forecasted
9164,Budapest,UBA1413,80,5.555513440384616e-06,forecasted
9165,Copenaghen_RA,UBA1413,80,5.555513440384616e-06,forecasted
9166,Copenaghen_RD,UBA1413,80,5.555513440384616e-06,forecasted
9167,Copenaghen_RL,UBA1413,80,6.07899644423077e-06,forecasted
9168,Rome,UBA1413,80,5.032030436538462e-06,forecasted
9169,Rotterdam,UBA1413,80,5.032030436538462e-06,forecasted
9170,Bologna,UBA1413,81,9.255467115384616e-06,forecasted
9171,Budapest,UBA1413,81,3.7488290384615386e-06,forecasted
9172,Copenaghen_RA,UBA1413,81,7.753656730769232e-06,forecasted
9173,Copenaghen_RD,UBA1413,81,4.750035961538462e-06,forecasted
9174,Copenaghen_RL,UBA1413,81,1.239303885769231e-06,forecasted
9175,Rome,UBA1413,81,4.249432500000001e-06,forecasted
9176,Rotterdam,UBA1413,81,1.239303885769231e-06,forecasted
9177,Bologna,UBA1413,82,5.541275384615385e-06,forecasted
9178,Budapest,UBA1413,82,6.551072307692308e-06,forecasted
9179,Copenaghen_RA,UBA1413,82,6.551072307692308e-06,forecasted
9180,Copenaghen_RD,UBA1413,82,5.541275384615385e-06,forecasted
9181,Copenaghen_RL,UBA1413,82,6.551072307692308e-06,forecasted
9182,Rome,UBA1413,82,6.551072307692308e-06,forecasted
9183,Rotterdam,UBA1413,82,6.551072307692308e-06,forecasted
9184,Bologna,UBA1413,83,1.1896058999999999e-05,forecasted
9185,Budapest,UBA1413,83,1.3695620076923076e-05,forecasted
9186,Copenaghen_RA,UBA1413,83,1.3695620076923076e-05,forecasted
9187,Copenaghen_RD,UBA1413,83,1.3695620076923076e-05,forecasted
9188,Copenaghen_RL,UBA1413,83,1.0096497923076922e-05,forecasted
9189,Rome,UBA1413,83,1.1896058999999999e-05,forecasted
9190,Rotterdam,UBA1413,83,1.5495181153846152e-05,forecasted
9191,Bologna,UBA1413,84,4.706518973076923e-06,forecasted
9192,Budapest,UBA1413,84,4.706518973076923e-06,forecasted
9193,Copenaghen_RA,UBA1413,84,4.706518973076923e-06,forecasted
9194,Copenaghen_RD,UBA1413,84,4.706518973076923e-06,forecasted
9195,Copenaghen_RL,UBA1413,84,4.706518973076923e-06,forecasted
9196,Rome,UBA1413,84,4.706518973076923e-06,forecasted
9197,Rotterdam,UBA1413,84,4.706518973076923e-06,forecasted
9198,Bologna,UBA1413,85,3.1458145192307697e-06,forecasted
9199,Budapest,UBA1413,85,2.744338442307693e-06,forecasted
9200,Copenaghen_RA,UBA1413,85,3.346552557692308e-06,forecasted
9201,Copenaghen_RD,UBA1413,85,2.744338442307693e-06,forecasted
9202,Copenaghen_RL,UBA1413,85,2.744338442307693e-06,forecasted
9203,Rome,UBA1413,85,3.1458145192307697e-06,forecasted
9204,Rotterdam,UBA1413,85,2.744338442307693e-06,forecasted
9205,Bologna,UBA1413,86,0.00012941163076923078,forecasted
9206,Budapest,UBA1413,86,0.00011433789538461538,forecasted
9207,Copenaghen_RA,UBA1413,86,0.00015955910153846154,forecasted
9208,Copenaghen_RD,UBA1413,86,0.00011433789538461538,forecasted
9209,Copenaghen_RL,UBA1413,86,0.00011433789538461538,forecasted
9210,Rome,UBA1413,86,0.00014448536615384614,forecasted
9211,Rotterdam,UBA1413,86,0.00012941163076923078,forecasted
9212,Bologna,UBA1413,87,1.0707206346153845e-06,forecasted
9213,Budapest,UBA1413,87,9.690737884615385e-07,forecasted
9214,Copenaghen_RA,UBA1413,87,9.182503653846153e-07,forecasted
9215,Copenaghen_RD,UBA1413,87,9.182503653846153e-07,forecasted
9216,Copenaghen_RL,UBA1413,87,1.0198972115384615e-06,forecasted
9217,Rome,UBA1413,87,1.0198972115384615e-06,forecasted
9218,Rotterdam,UBA1413,87,1.0198972115384615e-06,forecasted
9219,Bologna,UBA1413,88,9.429650000000001e-07,forecasted
9220,Budapest,UBA1413,88,8.27303e-07,forecasted
9221,Copenaghen_RA,UBA1413,88,9.044110000000001e-07,forecasted
9222,Copenaghen_RD,UBA1413,88,9.429650000000001e-07,forecasted
9223,Copenaghen_RL,UBA1413,88,9.815190000000001e-07,forecasted
9224,Rome,UBA1413,88,9.044110000000001e-07,forecasted
9225,Rotterdam,UBA1413,88,1.020073e-06,forecasted
9226,Bologna,UBA1413,89,5.786717425384616e-08,forecasted
9227,Budapest,UBA1413,89,5.786717425384616e-08,forecasted
9228,Copenaghen_RA,UBA1413,89,5.786717425384616e-08,forecasted
9229,Copenaghen_RD,UBA1413,89,5.786717425384616e-08,forecasted
9230,Copenaghen_RL,UBA1413,89,5.786717425384616e-08,forecasted
9231,Rome,UBA1413,89,5.786717425384616e-08,forecasted
9232,Rotterdam,UBA1413,89,5.786717425384616e-08,forecasted
9233,Bologna,UBA1413,90,7.126043846153846e-06,forecasted
9234,Budapest,UBA1413,90,8.071948461538462e-06,forecasted
9235,Copenaghen_RA,UBA1413,90,8.071948461538462e-06,forecasted
9236,Copenaghen_RD,UBA1413,90,7.598996153846154e-06,forecasted
9237,Copenaghen_RL,UBA1413,90,6.653091538461538e-06,forecasted
9238,Rome,UBA1413,90,7.598996153846154e-06,forecasted
9239,Rotterdam,UBA1413,90,7.126043846153846e-06,forecasted
