CITY,relative_week,sample_id,blaOXA-58_1_AY665723,aph(3'')-Ib_2_AF024602,blaAER-1_1_U14748,aph(3')-Ia_3_EF015636,blaTEM-1D_1_AF188200,tet(O/32/O)_5_FP929050,lnu(C)_1_AY928180,dfrA32_1_GU067642,aph(3')-VI_1_KC170992,aadA1_3_JQ414041,aadD_2_M19465,tet(O/32/O)_1_JQ740052,tet(Q)_1_L33696,tet(C)_3_AF055345,aadA11_1_AY144590,aac(3)-IVa_1_X01385,blaOXA-5_1_AF347074,erm(B)_10_U86375,dfrA1_1_FJ591049,lnu(B)_1_AJ238249,aac(3)-IIa_3_X13543,cfr(C)_2_CANB01000378,mph(G)_1_AB571865,lnu(F)_1_EU118119,mph(A)_1_D16251,mef(A)_4_HG423652,blaOXA-20_2_AF024602,tet(B)_3_AJ277653,ant(2'')-Ia_3_X74412,blaGES-3_1_AB113580,ere(A)_6_DQ157752,blaFOX-4_1_AJ277535,tet(40)_2_AM419751,cat(pC194)_1_NC_002013,blaOXA-373_1_HG931732,aph(6)-Id_5_18676889,mef(C)_1_AB571865,cfxA_1_U38243,blaOXA-28_1_AF231133,str_1_X92946,VanHBX_1_AF192329,mef(A)_3_AF227520,ant(3'')-Ia_1_X02340,aadA7_2_AB114632,aph(2'')-Ia_3_AJ536195,blaOXA-119_1_DQ767903,aph(4)-Ia_1_V01499,cfxA6_1_GQ342996,ere(D)_1_KP265721,ole(C)_1_L06249,ant(6)-Ia_3_KF864551,ant(6)-Ia_2_KF421157,aph(3')-III_1_M26832,aadA10_1_U37105,tet(32)_2_EF626943,blaNPS_1_AY027589,poxtA_1_MF095097,mph(E)_1_DQ839391,qnrD2_1_KF055448,sul1_9_AY963803,ant(3'')-Ii-aac(6')-IId_1_AF453998,blaOXA-47_1_AY237830,blaOXA-415_1_KJ865754,ant(6)-Ia_1_AF330699,tet(S/M)_2_AY534326,tet(W)_3_AJ427421,dfrA14_5_DQ388123,sul2_2_AY034138,tet(M)_9_X56353,tet(X)_1_GU014535,aadA13_1_AY713504,mdf(A)_1_Y08743,tet(A)_3_AY196695,catP_1_U15027,qnrVC7_1_KM555152,cepA-44_1_U05885,blaCARB-8_1_AY178993,aac(6')-Ib_2_M23634,lsa(E)_1_JX560992,oqxB_1_EU370913,catB3_1_AJ009818,erm(G)_2_L42817,blaACT-9_1_HQ693810,msr(D)_3_AF227520,fosE_1_AB901041,nimF_1_AJ515145,tet(O/W/32/O)_1_EF065523,catQ_1_M55620,aph(3')-Ib_2_AJ744860,aadA16_1_EU675686,aadA5_1_AF137361,tet(39)_1_KT346360,erm(F)_1_M14730,rmtE_1_GU201947,msr(E)_1_FR751518,cmlA1_1_M64556,tet(G)_3_S52437,lnu(G)_1_KX470419,VanHAX_2_M97297,blaACI-1_1_AJ007350,blaMIR-1_1_M37839,tet(44)_1_NZ_ABDU01000081,aac(6')-Im_1_AF337947,blaMOX-1_1_D13304,blaBEL-1_1_DQ089809,mef(B)_1_FJ196385,qnrS5_1_HQ631377,cat_2_M35190,aadA2_1_NC_010870,erm(X)_3_U21300,blaOXA-198_1_HQ634775,aph(2'')-Id_1_AF016483,fosA5_1_EU195449,mph(A)_2_U36578,floR_2_AF118107,oqxA_1_EU370913,VanHDX_7_AB242319,catB8_1_AF227506,qnrB5_1_DQ303919,blaOXY-1-3_3_AY077482,cmx_1_U85507,catB2_1_AF047479,blaOXA-347_1_ACWG01000053,blaOXA-60d_1_AY664506,blaOXA-284_1_APRU01000004,VanC1XY_2_DQ022190,cphA1_4_AY261376,mcr-5.1_1_KY807921,aac(3)-Ic_1_AJ511268,blaACC-3_1_AF180958,mph(F)_1_AM260957,dfrA7_5_AJ419170,aac(3)-Ia_1_X15852,blaDHA-1_1_Y16410,blaCTX-M-28_6_AJ549244,blaOXA-25_1_AF201826,blaCMY-14_1_AJ555825,aac(6')-IIc_1_NC_012555,ARR-6_3_JF922883,tet(31)_1_GQ283908,blaOXA-209_1_JF268688,sul4_1_MG649393,aph(2'')-Ib_3_KF652098,ant(6)-Ib_1_FN594949,catA1_1_V00622,blaVEB-1_3_DQ393569,tet(X3)_1_MK134375,dfrB1_1_U36276,ARR-3_4_FM207631,blaOXA-9_1_KQ089875,ampS_1_X80276,blaVIM-10_1_AY524989,cphA6_1_AY227052,VanHDX_5_AY489045,blaOXA-427_1_KX827604,tet(D)_1_AF467077,fosA2_1_EU487198,blaCARB-4_1_FJ785525,tetA(46)_1_HQ652506,aac(3)-VIa_1_M88012,aac(6')-If_1_X55353,blaSHV-9_1_S82452,nimJ_1_NZ_JH815495,dfrA7_4_FN563072,blaOXA-296_1_APOH01000009,erm(A)_2_AF002716,fosA_2_AGDM01000012,dfrA30_1_AM997279,blaACC-4_1_GU256641,dfrA22_4_AJ628423,blaOKP-A-1_1_AM051138,blaPER-4_1_EU748544,aph(2'')-Ig_1_CP004067,rmtF_1_JQ808129,blaOXA-491_1_KU721148,aac(6')-Ib-Suzhou_1_EU085533,blaLEN2_1_AY037780,nimE_1_AJ244018,aph(3')-IIc_1_AM743169,aac(3)-IIIc_1_L06161,catS_1_X74948,aac(6')-Il_1_U13880,dfrA12_10_FM877486,VanG2XY_1_FJ872410,mcr-3.17_1_MH332767,aac(6')-IIa_1_M29695,aph(6)-Ic_1_X01702,erm(C)_15_U82607,fosE_2_AY029772,blaOXA-484_1_KR401105,blaCARB-6_1_AF030945,blaOXA-372_1_KJ746496,erm(47)_1_KU612222,blaBES-1_1_AF234999,cmlB1_1_AM296481,blaPLA-6A_1_DQ251478,blaOXY-2-1_1_AJ871866,blaDES-1_1_AF426161,nimD_1_X76949,blaL1_3_EF126059,ant(9)-Ia_1_X02588,dfrA3_1_J03306,blaACT-15_1_JX440356,tet(E)_2_L06940,imiS_1_Y10415,tet(T)_2_AY660530,blaEBR-1_1_AF416700,tetA(P)_2_L20800,tetB(P)_1_NC_010937,VanC2_1_L29638,aac(3)-I_1_AJ877225,mcr-4.2_1_MG822663,blaBRO-1_1_Z54180,aac(3)-Ib_1_L06157,lnu(D)_1_EF452177,dfrG_1_AB205645,mph(N)_1_KF648874,mcr-9_1_NZ_NAAN01000063.1,aph(2'')-Ic_1_U51479,aac(6')-IIb_1_L06163,blaIMP-33_1_JN848782,tet(X)_3_AB097942,qepA_1_FJ167861,blaFAR-1_1_AF024601,tet(36)_1_AJ514254,blaMOX-5_1_GQ152600,blaTER-2_1_FJ263090,lnu(E)_1_KF287643,blaOXA-444_1_CP010800,dfrB3_1_X72585,blaCMY-100_1_KF526113,dfrA16_3_AY878718,mcr-3.1_1_KY924928,nimA_1_X71444,aac(3)-IIIb_1_L06160,aph(3')-XV_2_GQ626879,rmtD2_1_HQ401565,blaOXA-85_1_JANA01000064,blaNDM-20_1_KY654092,aac(6')-30-aac(6')-Ib'_1_AJ584652,blaOXA-53_1_AY289608,blaCTX-M-64_1_AB284167,dfrB4_3_HQ317921,qnrB73_1_KF443075,tet(33)_1_AY255627,erm(T)_2_AY894138,blaIMP-63_1_KX821663,mcr-7.1_1_MG267386,blaOXA-275_1_APPJ01000001,fosB_4_CP000029,ere(B)_1_A15097,blaBIC-1_1_GQ260093,dfrB5_1_AY943084,aac(6')-Iz_1_AF140221,blaIMP-22_2_DQ361087,aph(3')-IIa_1_X57709,catB7_1_AF036933,tet(H)_1_Y16103,tet(J)_1_ACLE01000065,blaSGM-7_1_NG050614,vga(A)LC_2_DQ823382,qnrVC1_1_EU436855,blaOXA-299_1_APQD01000016,catA3_1_X07848,blaSCO-1_1_EF063111,qnrB60_1_AB734055,aac(6')-29a_1_AF263519,blaHERA-2_1_AF398334,tet(Y)_2_AB089606,tet(L)_4_D00006,blaOXA-485_1_LLNM01000004,aph(3')-IIb_1_X90856,aac(6')-Ic_1_M94066,msr(A)_1_X52085,blaRAHN-1_1_GU645205,blaRAHN-2_2_HM114350,blaCTX-M-24_1_EF374096,erm(42)_1_FR734406,blaPAO_1_AY083595,aac(6')-Ia_2_M86913,aac(6')-Iak_1_AB894482,dfrA15_1_AF156486,blaADC-25_1_EF016355,cat_3_S48276,blaOXA-421_1_KM401566,lsa(C)_1_HM990671,erm(36)_1_AF462611,blaBKC-1_1_KP689347,cat_5_U35036,catB1_1_M58472,vat(F)_1_AF170730,blaACT-12_1_JX440355,qnrB69_1_KC580658,aac(3)-Ih_1_CP000490,blaERP-1_1_AY077733,tet(41)_1_AY264780,qepA1_1_AB263754,cfiA1_1_AB087225,qnrA5_1_DQ058663,aac(2')-Ib_1_U41471,blaOCH-4_1_AJ295342,aac(6')-31_1_AM283489,blaPME-1_1_HQ541434,penA_1_AF515059,aac(6')-Iag_1_AB472901,blaB-5_1_AF189303,tetB(46)_1_HQ652506,erm(Q)_1_L22689,kamB_1_AJ629123,sul3_2_AJ459418,fosF_1_AY294333,blaPAM-1_1_AB858498,lsa(B)_1_AJ579365,aac(6')-Ih_1_L29044,catA2_1_X53796,blaOXA-276_1_APPI01000013,dfrA8_1_U10186,blaCMY-98_1_KC603538,blaOXA-466_1_KR061501,fosA7_1_LAPJ01000014,blaCMH-3_1_KX192165,blaOXA-553_1_KY682755,fosA_4_ACWU01000146,mph(B)_1_D85892,fosX_1_AP010904,nimC_1_X76948,blaPER-6_1_GQ396303,aph(2'')-If_2_AY701528,lnu(A)_1_M14039,blaOXY-3-1_1_AF491278,aac(6')-Ii_1_L12710,nimB_1_X71443,npmA_1_AB261016,dfrB2_1_J01773,lnu(P)_1_FJ589781,aac(3)-Ii_1_CP000356,dfrA20_1_AJ605332,tet(37)_1_AF540889,blaOXA-471_1_EU086833,blaOXA-45_1_AJ519683,tet(49)_1_KR857683,fusC_1_KF527883,blaTRU_1_EU046614,dfrA18_1_AJ310778,rmtG_1_JX486113,blaKPC-6_1_EU555534,blaOXA-339_1_KF048911,VanGXY_1_AY271782,cfr(B)_2_KM359438,erm(Y)_1_AB014481,erm(X)_1_M36726,dfrB7_1_DQ993182,blaFONA-2_1_AJ251240,blaTLA-1_1_AF148067,tet(K)_1_U38656,blaCME-1_1_AJ006275,blaOXA-458_1_KP903888,tet(V)_1_AF030344,dfrA27_1_FJ459817,kgmB_1_S60108,VanC3XY_2_EU151759,dfrK_1_FN377602,catB9_1_AF462019,blaOXA-443_1_LC030178,aph(2'')-Ih_1_KF652096,blaOXA-18_1_U85514,blaZ_6_AP003139,tet(Z)_1_AF121000,aac(6')-32_1_EF614235,blaOXA-279_1_APOM01000058,blaCTX-M-63_1_EU660216,fusB_2_JF777505,blaCTX-M-89_1_FJ971899,erm(35)_1_AF319779,tet(42)_1_EU523697,dfrA26_1_AM403715,blaSRT-2_1_AY524276,blaPEDO-2_1_KP109678,str_3_AM932524,ARR-6_1_FM955585,dfrA23_1_AJ746361,blaOXA-364_1_JX306689,ARR-5_1_EF660563,ARR-7_1_FN397623,lsa(A)_3_AY737526,crpP_1_HM560971,mph(C)_3_AM180068,blaSGM-1_1_AAQG01000013,ARR-4_1_EF660562,qnrE1_1_KY073238,blaOXA-308_1_APPN01000080,aac(3)-Ib-aac(6')-Ib'_1_AF355189,blaIMP-14_1_AY553332,blaCTX-M-6_1_AJ005044,fosA4_1_AB908992,blaDIM-1_1_GU323019,nimI_1_FJ940886,erm(39)_1_AY487229,erm(33)_1_AJ579365,aac(6')-Iid_1_AJ584700,aph(3'')-Ic_1_DQ336355,fosA3_1_AB522970,blaOXA-286_1_APOI01000030,cml_1_M22614,aadA9_1_AJ420072,catB10_1_AJ878850,POM-1_1_GU002295,blaMAL-1_1_AJ277209,blaOXA-114d_1_HM104633,erm(A)_3_EU348758,aac(3)-VIII_2_AJ843080,msr(C)_2_AF313494,aac(3)-If_1_AY884051,dfrD_1_Z50141,cat_4_AY238971,dfrA6_2_FJ905898,blaCARB-7_1_AF409092,blaZ_8_HE993884,blaGOB-10_1_AY647247,blaOXA-493_1_CP007774,tet(59)_1_KU736878,aac(6')-Ip_1_Z54241,blaOXA-257_1_KC567681,blaOXA-29_1_AJ400619,blaJOHN-1_1_AY028464,car(A)_1_M80346,blaIMP-4_1_AF244145,VanHDX_6_DQ172830,fosB1_1_CP001903,tet(30)_1_AF090987,erm(A)_1_X03216,erm(46)_1_KM679362,dfrA10_1_L06418,blaIMP-31_1_KF148593,aac(6')-Ik_1_L29510,tet(K)_2_J01764,vat(E)_7_AY043211,blaPER-2_1_X93314,blaIMP-53_1_HM106457,blaOXA-452_1_KR061505,mdt(A)_1_X92946,erm(43)_1_HE650138,catB_1_M93113,blaOXA-143_1_GQ861437,fexA_1_AJ549214,blaOXA-359_1_KF421162,aac(6')-Ig_1_L09246,vat(B)_1_U19459,aac(6')-Ian_1_AP014611,blaOXA-266_1_APPO01000008,vga(B)_1_U82085,vga(A)V_1_AF186237,erm(T)_4_AJ488494,blaOXA-398_1_KM087842,cmlV_1_U09991,blaOXA-527_1_KX599404,blaOXA-258_1_HE614014,dfrA25_1_DQ267940,dfrA29_1_AM237806,blaOXA-62_1_AY423074,aph(3')-Id_1_Z48231,aac(2')-IIa_1_AB669090,tet(51)_1_KR857685,tet(47)_1_KR857681,mcr-1.13_1_MG384739,aac(6')-I30_1_AY289608,rmtB_1_AB103506,blaKHM-1_1_AB364006,VanX_bc_1_Y15708,qnrB31_1_HQ418999,vanXmurFvanKWI_1_NZAGAF01000127,dfrA24_1_AJ972619,blaSGM-5_1_NG049987,tva(A)_1_ENA_SOX29786,tet(L)_1_HM235948,blaGOB-17_1_AY899332,blaOXA-447_1_KR061496,aph(6)-Ia_2_Y00459,fosX_3_CP003505,mcr-8_1_MG736312,EstDL136_1_JN242251,fosB2_1_AE016879,otr(B)_1_AF079900,blaGIM-1_1_JF414726,fosB_1_X54227,blaOXA-153_1_KP771981,aac(6')-Iih_1_AJ584701,blaIMP-73_1_MH021848,tetA(60)_1_KX000272,mecA_2_NC_002951,mecA1_3_Y13094,VanHAX_PA_1_DQ018711,blaSPU-1_1_GQ919044,cat(pC221)_1_X02529,blaIND-9_1_GU186045,fosX_4_DQ342344,VanHDX_1_AF130997,blaSMB-1_1_AB636283,blaOXA-22_1_AF064820,blaIND-5_1_AY504627,optrA_4_KT862777,erm(S)_1_M19269,otr(A)_1_X53401,cmr_1_U43535,blaSED1_1_AF321608,blaOXA-271_1_APQO01000006,otr(C)_1_AY509111,erm(U)_1_NG_047843,kmr_1_ENA_ACB88605,blaOXA-155_1_KP771983,blaIND-2a_4_AF219130,lmr(A)_1_X59926,blaA_2_AY954728,erm(41)_1_EU177504,blaOXA-43_1_AJ488303,cat_1_M11587,erm(Z)_1_AM709783,nimH_1_KX576455,blaOXA-292_1_APRO01000007,erm(38)_1_AY154657,blaAST-1_1_AF279904,erm(V)_1_U59450,aac(6')-Ir_1_AF031326,tet(45)_1_JF837331,erm(48)_1_LT223129,aac(2')-Ia_1_L06156,blaSPG-1_1_KP109680,erm(31)_1_AF079138,aph(3')-IX_1_APPN01000061,aac(6')-Iaa_1_NC_003197,erm(44)v_1_LN623525,VanHMX_1_FJ349556,blaFRI-4_1_NG_055267,aac(3)-XI_1_CTEG01000046,tcr3_1_D38215,aph(3')-Vb_2_AJ744850,aph(9)-Ia_1_U94857,tet(54)_1_KR857688,aac(3)-Id_1_AB114632,aadK_1_M26879,blaIND-8_1_GU186044,fosB_5_AJ605334,aph(7'')-Ia_1_X03615,ant(9)-Ia_2_M69221,tet(57)_1_KP137702,blaOXA-104_1_EF581285,blaOXA-304_1_APSC01000007,blaOXA-436_1_KT959105,blaCGB-1_1_EF672680,mph(K)_1_NC_000964,blaGOB-5_1_AF189290,aph(3')-IV_1_X03364,tlr(C)_1_M57437,blaSGM-4_1_CP002798
Bologna,58,1014216_1,34,448,21,13,58,56,29,0,4,253,1,0,123,153,1250,0,30,315,6,59,25,10,183,32,114,150,74,25,13,232,268,58,52,0,537,397,210,21,396,1,0,24,373,105,16,334,0,16,37,0,38,0,33,75,41,38,1,1684,1,839,38,78,113,4,2,440,16,304,29,77,424,178,133,12,9,3,16,33,106,135,24,10,11,124,1,0,16,9,0,29,240,280,64,0,2742,70,44,4,0,18,9,17,0,1,99,25,10,45,103,6,0,1,21,23,59,40,0,1,7,23,16,17,5,0,0,0,1,10,0,0,13,4,60,0,3,0,23,0,192,0,0,0,0,4,12,18,0,13,23,6,8,30,12,0,21,1,7,2,2,0,0,20,1,4,13,7,9,5,1,0,4,2,0,2,2,111,13,0,0,0,3,2,2,1,4,11,1,0,0,0,4,8,5,0,3,2,0,2,0,0,0,2,5,5,8,0,2,0,1,0,1,0,0,1,8,0,3,5,1,0,6,0,4,0,8,1,1,0,0,3,13,3,0,1,1,4,0,0,0,3,11,3,0,0,1,0,0,0,2,0,2,0,0,0,1,5,0,0,0,0,0,0,0,0,1,1,6,0,1,0,0,0,0,0,0,0,4,0,0,0,0,0,0,0,0,0,0,0,0,0,0,5,2,0,0,0,0,2,0,0,0,0,0,0,0,0,4,0,0,3,0,0,0,0,0,1,1,0,0,0,0,0,0,2,1,0,0,0,0,0,0,0,0,1,0,0,0,0,0,2,0,0,0,0,0,0,0,0,0,0,2,0,0,0,0,0,0,0,0,0,0,0,0,0,0,0,0,0,0,0,0,0,0,0,0,0,0,0,0,0,0,0,4,0,3,0,0,0,6,0,0,0,0,0,0,0,0,0,0,0,0,0,0,1,1,0,0,1,0,0,0,0,0,0,0,0,0,0,0,2,0,0,0,0,0,0,0,0,0,0,0,0,0,0,0,0,0,0,0,0,1,0,0,0,0,0,1,0,0,0,0,0,0,0,0,0,0,0,0,0,0,0,0,0,0,0,0,0,0,0,0,0,0,0,0,0,0,0,0,0,0,0,0,0,0,0,0,0,0,0,0,0,1,0,0,0,0,0,0,0,0,0,0,0,0,0,0,0,0,0,0,0,0,0,0,0,0,4,0,0,0,0,0,0,0,0,0,0,0,0,0,0,0,0,0,0,0,0,0,0,0,0,0,0,0,0,0,0,0,0,0,0,0,0
Bologna,59,1014218_1,29,472,14,31,81,85,31,7,0,276,2,8,148,219,1058,3,17,194,12,69,15,10,107,26,115,160,79,20,12,212,273,32,50,0,567,479,143,25,334,0,0,23,450,79,9,197,1,15,11,0,50,4,22,51,56,50,4,1153,2,903,23,97,116,2,0,567,13,214,30,39,300,199,218,2,12,1,19,9,98,162,22,8,5,125,4,0,35,20,3,25,162,202,53,1,2038,52,56,2,0,29,17,14,1,4,76,24,17,54,96,2,0,0,24,22,73,62,0,5,16,19,7,26,5,0,1,0,0,9,0,1,15,7,50,5,7,0,29,2,172,0,1,3,0,3,3,23,0,10,31,17,19,27,14,0,23,7,14,3,0,0,0,29,1,0,12,5,4,13,0,0,1,1,0,1,0,73,15,0,3,0,2,0,10,0,0,6,1,0,0,0,2,14,10,0,5,3,1,3,1,0,0,2,7,6,6,0,1,1,1,0,5,0,0,0,7,0,0,7,0,0,0,6,5,0,1,11,2,0,0,0,27,0,1,0,0,6,0,0,0,13,1,2,0,0,8,0,0,0,1,0,4,0,0,0,0,2,0,0,0,0,0,1,0,0,5,0,2,0,1,1,0,0,0,0,0,0,0,1,0,0,0,7,0,0,0,0,0,2,1,0,0,0,0,0,0,0,0,0,0,0,0,7,0,7,0,0,3,0,0,6,0,0,1,0,0,0,2,0,0,0,0,0,0,3,2,1,3,0,0,1,0,0,0,0,0,0,0,0,0,1,0,0,0,0,0,0,0,0,0,0,3,0,0,0,0,0,0,0,0,0,2,0,0,1,0,0,0,0,0,0,0,0,1,0,0,1,1,0,0,0,0,0,7,0,0,1,0,0,10,0,0,2,0,0,0,0,0,0,0,1,0,0,0,1,1,0,0,1,0,0,0,0,1,0,1,0,0,0,0,0,0,0,0,0,0,0,0,0,0,0,0,0,0,0,0,0,0,0,0,0,3,1,0,0,0,0,0,0,0,0,0,0,0,0,0,0,0,0,0,0,0,0,0,0,0,0,0,0,0,0,0,0,0,0,0,0,0,0,0,0,0,0,0,0,0,0,0,0,0,0,0,0,0,0,0,0,0,0,0,0,0,0,0,0,0,0,0,0,0,0,0,0,0,0,0,0,0,0,0,0,0,0,0,0,0,0,0,0,0,0,0,0,0,0,0,0,0,0,0,0,0,0,0,0,0,0,0,0,0,0,0,0,0,0
Bologna,61,1014220_1,20,298,20,4,37,44,17,0,0,201,1,0,85,170,1566,1,78,112,5,37,11,6,145,24,82,88,99,19,8,119,138,22,26,0,292,280,270,12,380,3,2,27,297,56,6,283,0,12,15,0,27,0,15,67,35,40,0,768,1,828,66,93,97,4,0,445,5,261,17,125,171,81,158,5,5,0,3,8,72,54,21,10,1,80,15,0,6,10,0,16,177,130,70,0,1418,48,60,2,0,6,14,11,0,1,113,25,12,44,60,1,7,0,9,15,67,19,0,0,16,5,27,41,7,0,0,0,1,5,1,0,26,18,32,1,2,0,14,1,112,0,0,3,2,0,6,17,2,6,26,9,5,41,7,0,13,0,6,0,1,0,0,10,0,0,9,9,0,0,1,0,0,2,0,1,1,0,14,0,0,1,6,0,2,0,0,9,3,2,0,0,2,6,8,0,0,0,1,0,0,0,0,0,7,2,1,1,0,2,1,0,1,0,0,0,5,0,10,2,0,0,0,8,2,0,3,1,0,0,1,1,8,0,0,0,0,0,0,3,0,6,5,0,0,0,6,0,0,0,1,0,1,0,0,0,0,7,0,4,0,0,0,0,1,0,1,2,0,0,2,0,0,0,0,0,0,0,1,0,0,0,0,0,1,0,0,0,0,0,1,0,0,2,0,0,0,0,1,2,0,0,1,5,3,1,0,0,0,0,0,4,0,0,0,0,3,0,0,0,0,0,0,0,0,3,1,1,0,0,1,3,0,0,0,1,0,0,0,0,0,1,0,0,0,0,0,2,1,0,0,0,1,1,0,0,0,0,0,0,0,0,0,0,0,2,0,1,0,0,0,0,0,0,0,1,0,0,1,0,0,0,0,1,1,0,1,0,0,0,9,1,0,0,0,0,0,0,0,0,1,0,0,0,0,1,0,0,3,0,0,0,0,0,3,0,0,0,2,0,0,0,0,0,1,0,0,0,0,0,0,0,0,0,0,0,0,0,0,0,0,0,0,0,0,0,0,0,0,0,0,0,0,0,0,0,0,0,0,0,0,0,0,0,0,0,0,0,0,0,0,0,0,0,0,0,0,0,0,0,0,0,2,0,0,0,0,0,0,0,0,0,0,0,1,0,0,0,0,0,0,0,0,2,0,0,0,0,0,0,0,0,0,0,0,0,0,0,0,0,0,0,0,2,0,0,0,0,0,0,0,0,0,0,0,0,0,0,0,0,0,0,0,0,0,0,0,0,0,0,0,0,0,0,0,0
Bologna,63,1014222_1,46,379,35,12,22,17,19,0,4,292,0,0,371,147,1110,0,74,94,7,42,17,4,201,55,76,78,118,6,11,127,178,17,22,0,468,313,315,49,423,0,0,19,474,70,1,282,0,9,17,0,19,1,12,88,36,62,1,941,0,764,117,121,140,2,0,288,11,232,17,111,229,36,96,3,15,2,116,21,52,33,27,12,1,61,2,1,6,10,1,20,211,394,149,0,2147,57,71,4,0,14,8,1,2,1,85,29,16,30,84,4,3,0,3,15,130,18,0,3,1,13,24,17,22,0,18,0,1,11,2,0,24,5,68,4,1,0,8,1,184,0,1,3,0,0,4,26,1,12,45,14,4,34,2,0,18,0,2,1,0,1,0,3,1,2,215,0,1,0,0,0,0,6,0,1,0,7,5,1,1,0,4,0,3,0,0,7,1,0,0,0,9,8,4,1,2,1,0,1,1,0,0,0,2,1,5,0,0,0,0,0,0,1,0,0,2,0,1,0,0,0,2,7,3,0,9,1,0,0,0,0,3,0,9,6,2,4,0,0,0,3,2,0,0,0,1,0,0,0,0,0,3,0,0,0,0,2,0,2,0,2,0,2,5,0,2,0,7,0,3,0,0,0,0,0,0,0,0,0,0,0,0,4,1,0,0,0,1,1,0,0,0,0,0,1,0,1,0,0,0,1,0,5,6,0,0,0,2,0,0,2,0,0,0,1,0,0,0,0,0,3,0,0,0,0,1,2,0,0,0,4,0,1,0,3,0,0,0,0,0,2,0,0,0,0,0,1,0,0,0,0,0,0,0,0,0,0,0,0,0,0,0,0,0,0,1,0,0,0,0,0,0,0,0,0,0,0,0,0,0,0,0,0,6,2,1,0,0,0,21,0,0,0,0,0,0,0,0,2,0,0,0,0,0,1,0,0,0,0,0,0,0,0,1,0,0,0,4,0,0,0,0,0,0,0,0,0,0,0,0,0,1,0,0,0,0,0,0,0,0,0,0,0,0,0,0,0,0,0,0,0,0,0,0,0,0,0,0,0,0,0,0,0,0,0,0,0,0,0,0,0,0,0,0,0,0,0,0,0,0,0,0,0,0,0,0,0,0,0,0,0,0,0,0,0,0,0,0,0,0,0,0,0,0,0,0,0,0,0,0,0,0,0,1,0,0,0,0,0,0,0,0,0,0,0,0,0,0,0,0,0,0,0,0,0,0,0,0,0,0,0,0,0,0,0,0,0,0,0,0,0,0,0,0,0
Bologna,65,1014224_1,76,399,27,20,31,45,9,4,3,323,0,5,85,165,1526,1,66,779,2,84,20,2,328,41,69,193,133,43,41,259,310,7,26,2,635,418,553,41,694,1,0,39,524,134,38,357,1,20,96,0,27,8,18,73,38,47,3,2558,1,859,148,162,214,1,2,292,16,287,34,111,479,68,115,1,10,0,4,23,113,109,20,14,6,300,1,0,13,22,5,28,294,460,87,2,4296,59,21,4,0,15,14,10,0,1,103,12,8,42,113,0,2,0,26,24,56,22,0,2,19,13,16,20,40,0,1,0,1,5,0,0,33,2,66,1,4,0,48,5,142,0,1,4,0,0,6,20,0,14,34,20,5,29,2,0,5,4,15,4,4,0,3,14,0,2,28,10,3,4,1,0,0,7,0,2,2,4,5,1,2,0,5,1,4,0,0,7,4,0,0,0,9,25,6,0,2,7,1,1,1,0,0,1,4,8,1,1,15,0,1,0,7,0,0,0,1,0,2,3,0,0,0,7,0,0,13,6,0,0,0,2,12,0,0,0,0,2,0,0,0,2,12,1,0,0,0,0,0,0,1,0,1,0,0,0,1,1,0,1,0,0,0,4,1,0,2,0,0,0,2,0,0,0,0,0,0,0,3,0,0,0,0,0,3,0,0,0,5,1,0,0,0,8,0,0,0,0,0,0,0,0,0,6,6,0,0,0,1,1,0,1,0,0,1,0,0,0,0,0,0,0,0,0,0,12,1,0,0,1,2,0,0,0,0,0,0,0,0,0,0,2,0,0,0,0,0,0,2,0,0,0,1,0,3,0,0,1,0,0,1,0,0,0,0,0,0,0,0,0,0,0,0,0,0,0,2,2,2,0,0,1,0,0,2,0,2,0,0,1,16,3,0,0,0,1,0,0,0,0,0,0,0,0,0,1,2,0,0,1,0,0,0,1,2,2,0,0,6,0,0,0,0,0,0,0,0,0,0,0,0,0,0,0,0,0,0,0,0,0,0,0,0,0,0,0,0,0,1,0,0,0,1,0,0,0,0,0,0,0,0,0,0,0,0,0,0,0,0,0,0,0,0,0,0,0,0,0,0,0,1,1,0,0,0,0,0,0,0,0,0,0,0,0,0,0,0,0,0,0,0,0,0,0,0,0,0,0,0,0,0,0,0,0,0,0,0,0,0,0,0,0,0,0,0,0,0,0,0,0,0,0,0,0,0,0,0,0,0,0,0,0,0,0,0,0,0,0,0,0,0,0,0,0,0,0
Bologna,67,1014226_1,136,852,50,82,32,238,70,4,7,628,2,0,627,366,2763,0,73,2220,8,221,21,21,586,115,133,570,273,44,98,416,667,57,53,3,1437,894,913,101,1164,9,0,181,825,252,93,615,4,101,204,0,101,21,44,103,143,113,16,5264,5,1539,71,258,365,6,3,911,23,443,109,362,666,69,199,21,28,3,7,45,386,87,60,43,3,773,1,0,42,36,1,78,417,1218,310,1,9449,115,72,17,0,19,10,60,0,10,167,56,28,164,192,14,2,0,20,34,88,35,0,5,14,22,33,39,72,0,7,0,1,19,2,0,80,25,91,7,7,1,34,5,526,0,6,5,1,6,3,60,1,27,137,22,15,56,25,0,14,4,25,9,5,0,0,16,0,8,33,23,5,1,0,2,1,9,0,0,5,199,11,3,1,2,8,5,5,0,0,18,4,8,0,0,13,39,27,0,4,4,1,3,1,4,3,0,10,2,0,0,28,1,1,0,6,0,43,2,3,0,13,7,0,0,1,12,2,0,22,12,1,0,4,0,17,0,4,2,0,7,0,1,0,7,2,0,3,0,8,1,5,0,0,0,4,0,2,0,2,7,0,1,0,1,0,1,0,0,10,3,1,0,0,3,0,0,0,0,0,0,0,7,0,0,0,0,2,0,1,2,2,4,3,0,0,4,0,0,0,0,0,0,0,0,1,15,6,1,0,0,7,1,0,5,0,0,0,0,0,0,0,0,0,0,0,0,0,74,0,1,0,0,1,2,0,0,0,1,0,0,0,0,0,9,1,0,0,0,2,0,4,0,0,0,13,0,0,2,0,0,0,0,1,0,0,0,0,4,0,0,0,0,0,0,0,0,0,3,2,0,2,0,0,1,1,0,12,3,0,0,0,0,42,0,0,0,0,0,0,1,0,0,7,0,0,0,0,4,12,0,0,0,0,0,0,1,3,1,0,0,1,0,0,1,0,0,0,0,0,0,0,0,0,0,0,0,0,0,0,2,0,0,0,0,0,0,0,0,0,0,0,0,0,0,0,0,0,1,0,0,0,0,0,0,0,0,0,0,0,0,0,0,0,0,0,0,0,0,0,0,0,0,0,0,0,0,0,0,0,0,0,0,0,0,0,0,0,0,0,0,0,0,0,0,0,0,0,0,0,0,0,0,0,0,0,0,0,0,0,0,0,0,0,1,0,0,1,0,0,0,2,0,0,0,0,0,0,0,0,0,0,0,0,0,0,0,0,0,0,0,0,0,0,0,0,0,0,0
Bologna,69,1014228_1,44,632,14,31,109,155,40,6,0,218,0,11,274,225,1600,3,55,831,17,43,39,11,164,44,151,203,98,32,24,146,246,36,77,3,557,640,249,40,395,1,1,54,402,109,35,202,1,54,46,0,51,0,40,57,43,62,10,1818,2,992,38,124,153,20,0,845,36,284,46,148,175,296,246,7,16,0,2,27,57,283,28,24,5,282,4,0,19,8,0,22,201,441,132,1,3291,91,31,3,0,42,25,24,3,13,67,9,32,103,141,12,4,0,85,26,75,113,0,1,33,29,15,16,8,0,7,0,0,19,0,2,14,13,40,3,5,5,16,0,136,0,4,1,0,1,8,16,4,16,22,13,29,27,18,0,16,5,36,1,4,0,1,39,0,4,15,5,5,2,8,1,14,5,0,0,4,128,19,1,0,0,6,1,5,0,2,10,3,1,0,0,3,19,11,0,1,6,1,2,1,0,0,0,17,21,13,0,30,3,2,0,6,1,5,0,2,0,20,8,1,0,1,3,0,0,3,22,3,0,1,0,1,1,7,5,0,5,0,0,0,4,24,2,3,0,4,0,2,0,1,0,1,0,1,2,0,6,0,3,0,2,0,0,1,0,5,1,3,0,4,5,0,0,0,2,0,0,9,0,0,0,0,0,1,0,0,1,2,1,3,0,0,1,0,0,0,0,0,0,2,0,0,0,5,1,0,0,6,0,0,2,0,1,0,0,0,1,2,0,0,1,0,0,0,3,2,2,0,0,1,1,0,0,0,1,2,0,0,0,0,2,0,0,0,2,0,4,0,0,0,0,6,0,0,0,0,0,0,0,0,0,1,0,0,1,0,1,2,0,0,0,0,0,0,0,0,0,0,0,0,1,0,0,1,1,2,0,0,0,34,2,0,0,0,0,0,0,0,0,0,0,0,0,0,3,1,0,0,2,0,0,0,0,0,1,1,0,0,0,0,1,0,0,0,0,0,0,0,0,0,0,0,0,0,0,0,0,0,0,0,1,0,0,0,0,0,0,0,1,0,0,1,0,0,0,0,0,0,0,0,0,0,0,0,0,0,0,0,0,0,0,0,0,0,0,0,0,0,0,0,0,0,0,0,0,0,0,0,0,0,0,0,0,0,0,0,0,0,0,0,0,0,0,0,0,0,0,0,0,0,0,0,0,0,0,0,0,0,0,1,0,0,0,0,0,0,0,0,0,0,0,0,0,0,0,0,0,0,0,0,0,0,0,0,0,0,0,0,0,0,0,0,0,0,0
Bologna,72,1014231_1,1,106,5,9,14,4,5,0,0,50,2,0,26,79,401,0,4,272,1,14,5,2,31,11,14,87,25,14,3,25,78,24,7,0,37,99,48,5,106,1,0,22,148,29,8,59,0,10,9,0,9,2,0,19,18,13,1,141,0,255,10,21,34,0,0,84,2,56,16,14,35,51,233,1,8,0,0,0,34,57,7,1,0,118,0,0,1,3,0,11,40,13,19,1,216,12,10,6,0,5,5,5,0,4,11,3,5,18,46,1,0,0,11,17,6,23,0,0,0,8,4,5,3,0,6,0,0,7,0,0,9,6,2,3,2,0,10,0,8,0,0,0,0,0,0,3,0,1,3,0,0,10,4,0,6,1,13,2,1,0,0,3,0,0,0,0,0,0,0,0,0,0,0,0,0,0,6,0,0,0,0,0,3,0,0,1,3,1,0,0,0,0,3,0,0,1,2,4,0,1,0,0,9,3,1,0,0,0,0,0,2,0,2,0,4,0,0,2,2,0,0,0,0,0,0,26,0,0,0,0,6,0,0,0,0,1,0,0,0,1,1,1,0,0,5,0,0,0,0,0,2,0,0,0,0,2,0,0,0,2,0,0,0,0,1,1,0,0,1,0,0,0,3,0,1,0,3,0,0,0,0,0,1,0,0,0,1,1,0,0,0,6,0,0,0,0,0,0,0,0,1,1,0,0,0,0,0,0,0,4,0,0,0,0,0,0,0,0,0,2,0,0,0,0,0,0,0,0,0,1,0,0,0,0,0,0,0,0,0,0,0,0,0,0,0,4,0,0,0,0,1,0,0,0,0,0,0,0,0,0,0,0,0,0,0,0,0,0,0,0,0,0,0,0,0,0,0,0,0,0,0,0,1,2,1,0,0,0,15,2,0,0,0,0,0,0,0,0,0,0,0,0,0,0,0,0,0,0,0,0,0,0,0,0,0,0,0,0,0,0,0,0,0,0,0,0,0,0,0,0,0,0,0,0,0,0,0,0,0,0,0,0,0,0,0,0,0,0,0,0,0,0,0,0,0,0,0,0,0,0,0,0,0,0,0,0,0,0,0,0,0,0,0,0,0,0,0,0,0,0,0,0,0,0,0,0,0,0,0,0,0,0,0,0,0,0,0,0,0,0,0,0,0,0,0,0,0,0,0,0,0,0,0,0,0,0,0,0,0,0,0,0,0,0,0,0,0,0,0,0,0,0,0,0,0,0,0,0,0,0,0,0,0,0,0,0,0,0,0,0,0,0,0,0
Bologna,75,1015033_1,30,954,51,67,371,250,77,34,10,406,2,0,341,647,2490,2,46,516,48,68,47,46,235,130,307,253,164,71,47,287,758,59,177,8,437,965,389,61,665,1,1,76,895,213,31,408,6,52,66,0,207,27,99,126,195,86,1,1301,1,1925,223,203,301,5,1,2268,55,677,104,114,435,870,6364,21,21,2,6,49,126,1394,68,25,54,365,4,0,199,37,3377,89,386,258,137,0,2545,201,80,8,0,99,161,55,2,61,101,43,65,306,291,20,1,0,280,73,117,518,1,3,82,99,22,45,18,0,7,0,0,24,1,3,28,12,35,14,39,0,179,5,203,0,1,7,9,8,22,66,2,23,46,28,31,60,27,0,25,23,181,5,4,0,1,240,0,5,3,4,7,17,2,1,38,5,2,0,3,2,120,0,2,0,22,0,27,1,3,22,2,4,0,1,6,28,31,1,9,11,13,8,3,2,0,1,189,18,11,1,12,4,8,0,8,0,60,6,5,1,6,20,0,0,0,2,1,0,2,80,0,0,2,1,64,0,2,2,0,11,0,0,0,8,5,17,4,0,14,1,1,0,0,0,8,0,0,1,0,14,0,2,0,6,0,0,1,0,15,12,2,3,3,1,2,0,0,3,0,1,27,0,0,0,0,0,3,6,0,2,2,1,4,0,0,55,1,0,0,0,0,0,1,1,2,11,1,1,0,0,12,4,0,4,0,0,0,0,5,0,2,0,0,6,7,0,0,8,5,0,0,0,3,3,0,0,0,1,0,0,0,0,0,1,0,0,0,0,0,5,0,0,0,0,7,0,0,0,0,0,0,0,0,0,3,0,0,2,0,2,0,0,0,0,0,0,1,1,0,0,1,0,0,0,0,0,1,0,17,0,0,0,35,6,0,0,0,0,2,0,0,1,1,1,1,1,0,6,1,1,0,6,0,0,0,3,2,2,0,0,0,0,0,0,1,0,0,1,0,0,0,1,0,0,0,0,0,0,0,0,0,1,0,0,1,0,0,0,0,0,0,0,0,0,0,0,0,0,0,0,0,0,1,0,0,2,0,0,4,0,0,0,0,0,0,0,0,0,0,0,0,0,0,0,0,0,0,0,1,0,0,0,1,1,1,0,0,0,0,0,3,0,0,0,0,0,0,0,0,0,0,1,1,3,0,0,0,0,0,0,0,0,0,0,0,0,0,0,0,0,0,0,0,0,0,0,0,0,0,0,0,0,0,0,0,0,0,0,0,0,0,0,0,0,0,0,0,0
Bologna,77,1015035_1,35,620,106,24,42,88,32,4,6,491,1,0,204,568,2648,1,44,339,12,93,20,8,273,156,190,270,224,17,16,267,597,27,28,0,241,603,320,51,1050,0,0,69,805,275,21,520,0,52,84,0,39,9,10,181,97,123,2,1221,2,1651,175,239,388,3,3,595,21,402,63,92,417,125,657,3,18,0,5,17,106,218,66,18,9,297,3,0,16,35,240,48,447,147,172,2,2055,96,78,3,2,16,31,37,3,15,159,78,21,46,307,5,0,0,45,46,69,114,0,11,16,25,35,32,47,0,2,0,0,14,1,0,46,13,26,11,2,0,45,7,111,0,2,8,0,9,5,67,1,29,43,19,6,48,9,0,12,5,30,2,4,0,0,44,1,0,5,13,3,2,3,3,3,4,0,0,13,5,14,0,1,0,5,5,5,0,1,9,5,3,0,0,6,46,34,1,1,2,1,8,7,2,0,2,22,4,8,0,3,1,0,0,4,1,63,3,0,0,2,4,0,0,1,12,0,0,22,27,0,0,0,0,5,2,3,1,1,11,0,1,0,17,3,4,2,0,8,0,0,0,0,0,7,0,3,0,0,6,0,1,1,0,0,2,1,0,13,2,1,0,1,2,2,0,0,0,0,0,2,0,1,0,0,3,1,2,0,2,0,2,3,0,0,9,0,0,0,0,0,0,0,0,0,13,7,0,0,0,0,1,0,2,0,0,0,0,0,0,4,0,0,0,0,0,0,7,5,2,0,0,0,0,0,0,0,0,0,0,0,0,0,5,0,0,0,4,0,1,1,0,0,0,5,0,0,1,0,0,0,0,2,0,0,0,0,3,0,0,0,0,0,0,0,0,0,2,0,0,1,0,0,2,0,0,4,3,4,0,0,1,69,2,0,0,0,2,0,0,0,0,0,0,5,0,0,3,4,0,0,1,0,0,0,0,1,0,0,0,1,0,0,0,1,0,0,0,0,0,0,0,0,0,0,0,2,0,0,0,0,0,0,0,1,0,0,0,0,0,0,0,0,0,0,0,0,0,0,0,0,0,0,0,0,0,0,0,0,2,0,0,0,0,0,0,0,0,0,0,0,0,0,0,0,0,0,0,0,0,0,0,0,0,0,0,0,0,0,0,0,0,0,0,0,0,0,0,0,2,1,0,0,0,0,0,0,0,0,0,0,0,0,0,0,0,0,0,0,0,0,0,0,0,0,0,0,0,0,0,0,0,0,0,0,0,0,0,0,0,0,0,0,0,0,0,0,0
Bologna,79,1015037_1,23,684,121,25,93,87,27,3,1,449,0,1,364,900,1806,6,43,301,30,26,26,10,206,80,346,248,117,20,30,264,490,74,55,1,147,562,279,132,709,1,0,68,792,204,19,430,7,48,62,0,61,10,16,126,67,151,1,573,3,2060,56,146,362,4,0,716,49,368,80,121,273,240,530,4,26,0,2,28,56,438,40,9,17,313,2,0,32,9,2,47,285,132,174,0,1048,193,44,0,1,17,59,20,0,77,109,33,42,96,287,10,0,0,101,100,64,163,0,8,32,28,15,35,65,0,1,0,0,36,1,6,39,2,17,5,12,0,70,6,68,0,3,4,1,1,14,135,1,56,19,15,53,66,28,0,7,10,36,4,2,1,0,77,0,1,0,12,4,4,5,3,14,2,1,3,16,156,35,0,3,0,3,1,4,1,2,9,6,0,0,0,4,55,2,2,14,7,1,16,3,4,0,2,46,9,3,0,2,1,1,0,3,0,12,6,2,1,25,18,0,0,3,3,1,0,8,50,0,0,0,0,15,0,5,0,2,16,0,0,0,2,0,5,3,2,10,2,2,0,0,0,16,0,0,0,0,4,0,3,0,2,0,0,1,0,6,4,2,4,3,1,0,0,0,0,0,0,4,1,0,0,0,3,3,2,0,1,0,3,4,0,0,20,2,0,0,0,0,0,0,0,0,6,11,0,0,0,0,0,0,2,0,0,1,0,1,0,1,3,0,6,0,0,0,4,1,1,3,0,0,1,0,0,0,0,0,0,0,0,0,1,0,0,0,0,0,5,0,0,0,0,2,0,0,3,0,0,0,0,1,0,0,0,0,0,1,0,0,0,0,0,0,0,1,2,0,0,1,0,0,3,0,0,4,1,6,0,0,3,41,1,0,0,0,1,0,1,0,0,2,0,1,0,0,4,4,0,0,0,0,4,0,0,1,0,0,0,0,0,0,1,0,0,0,0,0,0,0,0,0,0,0,0,0,0,0,0,0,0,0,0,1,0,0,0,1,0,0,0,0,0,0,0,0,0,0,0,0,0,0,0,1,0,0,0,1,2,0,0,0,0,0,0,0,0,0,0,0,0,0,0,0,0,0,0,0,0,0,0,0,0,0,0,0,0,1,0,2,0,0,0,0,0,0,0,0,0,0,0,0,0,0,0,0,0,0,0,0,0,0,0,0,0,0,0,0,0,0,0,0,0,0,0,0,0,0,0,1,0,0,0,0,0,0,0,0,0,0,0,0,0,0,0,0,0
Bologna,81,1015039_1,53,373,44,11,56,37,19,1,0,369,0,0,88,302,1576,0,41,315,8,65,16,3,189,61,87,164,139,33,22,180,325,26,20,2,219,363,289,20,586,1,2,63,495,171,20,351,0,10,40,0,26,4,9,98,82,77,4,983,0,931,142,135,277,2,0,325,16,299,43,58,279,177,217,2,0,0,8,14,92,247,28,10,0,269,5,0,8,19,2,30,256,258,75,4,1865,45,33,3,0,12,20,14,3,11,61,27,11,32,245,0,0,0,45,16,50,81,0,3,18,16,20,22,23,0,10,0,0,8,2,1,27,7,7,1,7,0,40,5,116,0,5,5,4,3,5,31,2,19,23,22,0,32,3,0,1,6,19,1,0,1,0,38,0,7,0,5,8,2,0,0,11,4,0,3,12,4,17,0,0,0,1,2,6,0,0,37,1,2,0,0,4,22,13,0,8,2,1,3,2,0,0,1,21,0,2,1,4,0,0,0,6,0,73,0,0,0,5,6,0,0,1,3,0,0,6,13,1,0,0,2,9,0,0,0,0,8,0,0,0,2,1,1,2,0,6,1,0,0,0,0,0,0,0,1,0,3,0,2,0,0,0,0,0,0,1,5,0,1,2,1,0,0,1,0,1,1,4,1,0,0,0,0,1,0,0,0,0,0,0,0,0,1,0,0,0,2,0,0,0,1,0,5,3,0,0,0,0,0,0,2,0,2,0,0,1,0,0,0,0,8,2,0,0,7,3,0,0,0,0,0,0,0,0,0,0,0,0,0,0,1,1,0,0,0,0,0,1,0,0,0,6,0,1,0,0,1,0,0,0,0,0,0,0,3,0,1,0,0,0,0,0,0,0,3,0,0,0,0,0,0,0,0,0,0,0,0,0,0,24,1,0,0,0,0,0,0,0,0,0,0,0,0,0,3,0,0,1,0,0,0,0,1,1,0,0,0,0,0,0,0,1,0,0,0,0,0,0,0,0,0,0,0,0,0,0,0,0,0,0,0,0,0,0,0,0,0,0,0,0,0,0,0,0,0,0,0,0,2,0,0,0,0,0,0,1,0,0,0,0,0,0,0,0,0,0,0,0,0,0,0,0,0,0,0,0,0,0,0,0,0,0,0,0,0,0,0,0,0,0,0,0,0,0,0,0,0,0,0,0,0,0,0,0,0,0,0,0,0,0,1,0,0,0,0,0,0,0,0,0,0,0,0,0,0,0,0,0,0,0,0,0,0,0,0,0,0,0,0,0,0,0,0,0,0
Bologna,83,1015041_1,43,608,20,24,222,73,48,20,1,386,0,0,114,451,2181,5,20,295,15,63,30,11,111,138,153,148,100,49,8,192,526,33,55,0,138,583,184,25,529,0,2,41,626,176,11,345,7,14,23,0,54,0,19,128,76,62,0,601,1,1359,137,123,285,2,1,849,19,450,35,71,337,641,734,6,8,0,0,25,79,829,63,17,12,185,1,0,20,15,4,59,305,99,67,0,1229,95,66,3,0,40,49,11,0,20,65,26,35,74,232,10,0,0,182,33,101,317,1,1,38,43,19,17,7,0,5,0,0,9,2,6,21,7,14,12,25,0,77,3,107,1,1,7,6,4,8,18,0,16,19,8,12,41,8,1,3,14,65,5,4,0,4,169,0,5,1,5,8,11,1,1,25,0,0,2,5,0,45,0,1,0,4,0,5,0,0,11,6,0,0,0,5,18,9,0,3,10,5,19,4,2,0,0,58,4,4,0,2,1,0,0,7,0,72,1,4,0,3,13,0,0,0,3,0,0,2,41,0,0,0,1,22,1,0,1,0,7,0,4,0,3,14,5,7,1,1,0,1,0,0,0,4,0,0,1,0,2,0,2,0,7,1,0,0,0,5,9,1,2,0,0,0,0,2,0,2,4,21,0,0,0,0,4,4,3,1,3,0,0,2,0,0,10,3,0,0,1,0,0,0,0,1,5,7,1,0,0,0,0,0,7,0,0,0,0,0,0,5,0,0,2,0,0,2,12,4,0,0,0,1,1,0,0,0,0,0,0,0,0,0,3,1,0,0,1,0,8,0,0,0,0,5,0,0,0,0,1,0,0,0,0,0,0,0,1,0,0,0,0,0,0,1,0,0,0,0,0,0,0,0,1,0,0,5,1,1,0,0,0,43,1,0,0,0,1,2,0,0,1,0,0,0,1,0,2,1,0,1,4,1,0,0,0,3,0,0,0,0,0,0,0,0,0,0,0,0,0,0,0,0,0,0,0,0,0,0,0,0,0,0,0,0,0,1,0,0,0,0,0,0,0,0,0,0,0,0,0,0,0,0,0,0,0,0,0,0,0,0,0,0,1,0,0,0,0,0,0,0,0,0,0,0,0,0,0,0,0,0,0,0,0,0,0,0,0,0,0,1,0,0,0,0,0,0,0,0,0,0,0,0,0,0,0,0,0,0,0,0,0,0,0,0,0,0,0,0,0,0,0,0,0,0,0,0,0,0,0,0,0,0,0,0,0,0,0,0,0,0,0,0,0,0,0,0,0
Bologna,85,1015043_1,7,60,5,1,5,0,1,0,0,36,0,0,10,15,260,0,10,86,1,3,2,0,20,7,2,23,31,2,2,17,38,0,3,0,51,58,55,0,90,0,1,10,122,31,2,35,0,3,7,0,9,0,0,14,8,5,0,123,0,117,16,15,26,0,0,45,0,42,6,4,23,21,216,0,0,0,0,0,4,35,0,1,0,47,1,0,0,0,11,3,33,12,18,0,203,7,11,0,0,0,4,0,0,2,9,0,1,3,23,0,0,0,8,17,9,8,0,0,1,1,9,0,1,0,0,0,0,1,2,0,3,4,1,0,0,0,1,0,15,0,0,0,0,0,0,0,0,1,2,4,0,8,0,0,1,2,1,3,0,0,0,0,0,0,0,0,0,0,0,0,0,0,0,0,0,0,3,0,0,0,0,0,1,0,0,0,1,1,0,0,2,1,3,0,0,0,0,2,0,0,0,0,1,0,0,0,2,0,0,0,2,0,8,0,0,0,0,1,0,1,0,0,0,0,0,16,0,0,0,0,3,0,0,0,0,0,0,0,0,1,0,0,0,0,1,0,0,0,0,0,0,0,0,0,0,0,0,0,0,0,0,0,0,0,2,0,0,0,0,0,0,0,0,0,1,4,0,0,0,0,0,0,0,0,0,0,0,1,0,0,0,0,0,0,0,0,0,0,0,0,0,0,0,0,0,0,3,0,0,0,0,0,0,0,0,0,0,0,0,1,0,0,0,0,0,0,0,0,0,0,0,0,0,0,0,0,0,0,0,0,0,0,0,0,0,0,0,0,0,0,0,0,0,0,0,1,0,0,0,0,0,0,0,0,0,0,0,0,0,0,0,0,1,0,0,0,0,0,0,0,0,0,0,0,0,0,0,0,0,0,0,0,0,0,0,0,0,0,0,0,0,0,0,2,0,0,0,0,0,0,0,0,0,0,0,0,0,0,0,0,0,0,0,0,0,0,0,0,0,0,0,0,0,0,0,0,0,0,0,0,0,0,0,0,0,0,0,0,0,0,0,0,0,0,0,0,0,0,0,0,0,0,0,0,0,0,0,0,0,0,0,0,0,0,0,0,0,0,0,0,0,0,0,0,0,0,0,0,0,0,0,0,0,0,0,0,0,0,0,0,0,0,0,0,0,0,0,0,0,0,1,0,0,0,0,0,0,0,0,0,0,0,0,0,0,0,0,0,0,0,0,0,0,0,0,0,0,0,0,0,0,0,0,0,0,0,0,0,0,0,0,0,0,0
Bologna,88,1015045_1,193,1458,65,72,200,156,84,5,11,655,0,0,380,635,4441,4,10,1326,22,96,73,31,398,179,299,593,234,127,107,527,647,84,145,4,1705,1372,469,67,978,1,16,244,1163,391,90,502,11,82,103,0,119,11,56,181,140,470,5,3278,4,2721,214,227,518,16,1,1852,67,704,82,183,604,638,567,20,12,1,9,67,145,694,93,40,13,896,2,0,180,23,3,105,603,767,232,4,6115,218,209,5,0,66,29,38,2,41,195,34,37,184,474,22,1,0,137,90,294,292,0,6,19,53,44,71,39,14,6,0,0,21,7,4,57,11,117,5,21,0,50,4,412,0,13,12,6,7,11,45,2,57,78,16,33,275,19,0,43,11,69,4,12,2,0,179,1,3,0,5,14,11,7,2,1,21,1,9,7,435,36,1,6,0,13,5,16,0,3,43,25,0,0,0,14,39,21,1,23,8,0,14,3,1,0,4,61,18,8,6,19,3,1,2,12,3,57,2,3,0,4,17,0,0,9,4,0,0,3,53,1,0,9,0,18,0,17,1,1,58,4,1,2,18,1,5,3,0,20,0,10,0,1,0,9,0,1,1,0,15,0,3,0,4,0,2,6,1,14,4,3,0,2,1,0,1,0,0,2,1,14,1,0,0,0,3,4,1,2,1,4,10,3,0,0,18,6,0,0,0,0,0,0,0,8,21,42,4,0,0,9,4,0,4,0,0,0,0,0,7,3,0,0,6,8,0,2,36,2,2,0,1,2,0,0,0,0,0,0,0,0,0,1,13,3,0,0,6,0,0,0,0,2,0,14,0,0,1,0,1,0,0,1,0,5,0,0,5,0,0,0,0,0,1,0,0,0,0,1,0,0,0,0,2,0,0,13,7,22,0,0,1,88,2,0,1,0,0,0,0,0,3,0,0,0,0,0,14,4,0,0,0,0,0,0,6,2,0,1,0,0,0,0,0,1,0,0,0,0,0,0,0,0,0,0,0,0,0,0,0,0,1,0,0,0,0,2,3,0,0,0,0,0,0,0,0,0,0,0,0,0,0,0,0,0,0,0,0,0,0,1,0,0,1,2,0,0,0,0,0,0,0,0,0,0,0,0,0,0,0,0,0,0,0,0,0,0,0,0,0,0,0,0,0,0,0,0,0,0,0,0,0,0,0,0,0,0,0,0,0,0,0,0,0,0,0,0,0,0,0,0,0,0,0,0,0,0,0,0,0,0,0,0,0,0,0,0,0,0,0,0,0,0,0,0,0,0,0
Bologna,89,1015047_1,1,61,3,0,7,1,5,2,2,21,0,0,9,18,120,0,7,79,1,12,1,0,24,5,3,42,10,7,2,5,22,0,2,0,38,58,26,2,36,1,0,21,62,15,9,11,0,2,2,0,7,0,5,6,5,7,1,82,0,65,13,7,8,2,0,47,1,20,8,3,11,24,290,0,0,0,0,0,19,18,5,0,1,60,1,0,0,2,41,4,13,12,1,1,148,2,6,0,0,1,3,0,0,0,4,3,2,2,8,2,0,0,3,3,1,7,0,1,5,3,0,1,0,0,0,0,0,0,0,0,2,3,2,1,1,0,2,0,10,1,1,0,0,0,0,5,0,3,0,0,0,0,1,0,0,0,1,2,1,0,0,7,0,0,0,0,3,0,0,0,0,1,0,0,0,0,7,0,0,0,0,0,0,0,0,0,1,0,0,0,0,3,0,0,1,0,1,0,0,0,0,0,2,0,0,0,3,0,0,0,0,0,0,0,0,0,0,0,1,0,0,0,0,0,0,8,0,0,0,0,2,0,0,0,0,0,0,0,0,1,0,0,0,0,0,0,0,0,0,0,0,0,0,0,0,1,0,0,0,0,0,0,0,0,0,0,0,0,0,0,0,0,0,0,0,0,0,0,0,0,0,0,0,0,0,0,0,0,1,0,0,0,0,0,0,0,0,0,0,0,0,0,0,0,0,0,0,0,0,0,0,0,0,0,0,0,0,0,0,0,0,0,0,0,0,0,0,0,1,0,0,0,0,0,0,0,0,0,0,1,0,0,0,0,0,0,0,0,0,0,0,0,0,0,0,0,0,0,0,0,0,0,0,0,0,0,0,0,0,0,0,0,0,0,0,0,0,0,0,1,0,0,0,0,0,0,0,0,3,0,0,0,0,0,0,0,0,0,0,0,0,0,0,0,0,0,0,0,0,0,0,0,1,0,0,0,0,0,0,0,0,0,0,0,0,0,0,0,0,0,0,0,0,0,0,0,0,0,0,0,0,0,0,0,0,0,0,0,0,0,0,0,0,0,0,0,0,0,0,0,0,0,0,0,0,0,0,0,0,0,0,0,0,0,0,0,0,0,0,0,0,0,0,0,0,0,0,0,0,0,0,0,0,0,0,0,0,0,0,0,0,0,0,0,0,0,0,0,0,0,0,0,0,0,0,0,0,0,0,0,0,0,0,0,0,0,0,0,0,0,0,0,0,0,0,0,0,0,0,0,0,0,0,0,0,0,0,0,0,0,0,0,0,0
Bologna,92,1015050_1,3,111,4,3,14,14,5,0,2,19,0,0,13,23,195,0,1,294,2,21,1,2,31,7,3,69,6,9,2,19,41,2,8,0,77,120,31,1,66,3,0,22,86,17,17,46,0,4,15,0,2,1,2,6,11,10,5,278,0,89,20,15,24,2,0,46,5,41,5,11,23,20,466,0,1,0,1,1,40,22,7,6,0,100,0,0,3,2,1,6,18,51,23,0,494,5,4,1,0,0,1,6,0,0,12,2,0,10,17,0,0,0,0,20,0,4,0,0,3,1,1,4,0,2,3,0,0,0,0,0,8,1,4,1,0,1,4,0,22,0,0,0,0,1,0,1,0,6,5,3,0,1,0,0,0,0,3,0,0,0,0,0,0,0,2,0,0,0,0,0,3,1,0,0,0,0,4,0,0,0,0,1,0,0,0,1,2,0,0,0,0,5,3,0,0,2,0,0,0,0,0,0,1,10,0,0,5,0,0,0,0,0,7,0,3,0,0,0,0,0,1,2,0,0,1,20,0,0,1,0,1,0,0,0,4,1,0,0,0,0,0,1,0,0,1,0,0,0,2,0,4,0,0,0,0,0,0,0,0,0,0,0,0,0,1,2,0,0,0,0,0,0,0,0,3,1,1,0,0,0,0,0,0,0,0,1,0,0,0,0,0,0,0,0,0,0,0,0,0,0,0,0,0,0,0,0,0,0,0,1,0,0,0,0,0,0,0,0,0,0,0,0,0,2,0,0,0,0,0,0,0,0,0,0,0,0,0,0,0,0,0,0,0,0,0,0,0,0,0,0,0,0,0,0,0,0,0,0,0,0,0,0,0,0,0,0,0,0,0,0,0,0,0,0,0,0,0,0,0,0,0,0,1,0,0,0,0,0,5,0,0,0,0,0,0,0,0,0,0,0,1,0,0,0,0,0,0,0,0,0,0,0,1,0,0,0,0,0,0,0,0,0,0,0,0,0,0,0,0,0,0,0,0,0,0,0,0,0,0,0,0,0,0,0,0,0,0,0,0,0,0,0,0,0,0,0,0,0,0,0,0,0,0,0,0,0,0,0,0,0,0,0,0,0,0,0,0,0,0,0,0,0,0,0,0,0,0,0,0,0,0,0,0,0,0,0,0,0,0,0,0,0,0,0,0,0,0,0,0,0,0,0,0,0,0,0,0,0,0,0,0,0,0,0,0,0,0,0,0,0,0,0,0,0,0,0,0,0,0,0,0,0,0,0,0,0,0,0,0,0,0,0,0,0
Bologna,95,1015052_1,86,606,21,38,38,172,28,0,8,207,0,21,341,167,1353,1,34,2218,3,156,24,9,290,41,58,539,160,40,22,193,237,16,72,7,989,667,430,43,373,13,0,119,383,88,106,210,0,69,95,0,51,34,30,75,72,65,5,2715,0,815,45,88,157,5,1,641,12,196,89,167,373,72,125,8,8,0,7,24,252,73,23,31,0,698,6,0,93,11,3,21,181,679,144,4,5058,63,40,30,0,20,9,45,0,4,74,16,16,59,61,14,3,0,19,22,79,30,0,1,11,6,19,16,24,2,0,0,0,5,0,0,27,13,49,4,5,0,22,1,386,0,3,0,4,4,4,25,2,11,72,7,5,14,3,0,23,2,10,3,4,0,0,17,0,2,4,8,0,1,0,0,2,9,0,0,2,124,7,0,0,0,13,1,1,2,1,7,2,2,0,0,4,15,13,1,3,1,2,0,3,0,0,1,11,7,0,1,26,1,2,3,4,0,11,0,2,0,6,2,1,0,1,2,0,0,5,15,0,0,2,0,3,3,8,0,0,5,0,0,0,9,2,2,0,0,14,2,0,0,0,0,3,0,0,2,0,0,0,0,0,0,0,0,0,0,8,0,1,0,2,1,0,0,0,0,0,0,4,4,1,0,0,0,0,0,1,6,1,1,0,0,0,1,0,0,0,0,0,0,0,0,1,4,3,0,0,0,4,0,0,1,0,0,0,0,0,1,0,0,0,1,0,0,0,19,0,0,4,0,2,0,0,0,0,2,0,0,0,0,0,6,1,0,0,0,0,1,0,0,0,0,5,0,0,3,0,0,0,0,0,0,1,0,0,5,0,0,0,0,0,0,0,0,0,0,0,0,0,0,0,0,0,0,5,0,3,0,0,0,15,2,0,0,0,0,0,0,0,0,1,0,0,0,0,0,4,0,0,0,0,0,0,3,2,0,0,0,1,0,0,0,2,0,0,0,0,0,0,0,0,0,0,0,0,0,0,0,0,0,0,0,0,0,0,0,0,0,0,0,0,0,7,0,1,0,0,0,0,0,0,0,0,0,0,0,0,0,0,0,0,0,0,0,0,0,0,0,0,0,0,0,0,0,0,0,0,0,1,0,0,0,0,0,0,0,0,0,0,0,0,0,0,0,0,0,0,0,0,0,0,0,0,0,0,0,0,0,0,1,0,0,0,0,0,0,0,0,0,0,0,0,0,0,0,0,0,0,0,0,0,0,0,0,0,0,0,0,0,0,0,0,0,0,0,0
Bologna,97,1015054_1,69,810,17,11,57,126,18,1,5,169,0,0,188,126,956,0,5,1158,2,100,10,6,242,22,6,337,46,26,231,148,145,16,30,3,1122,802,310,21,247,2,0,66,391,66,28,112,0,39,123,0,40,23,19,53,50,53,2,2047,0,658,91,43,94,0,3,489,8,191,54,149,265,147,309,9,2,0,1,23,162,121,21,16,0,435,1,0,17,8,71,15,150,879,117,5,4161,32,28,14,0,14,6,20,2,0,39,19,24,50,67,5,0,0,14,41,60,48,0,1,7,16,11,15,12,0,3,0,0,6,1,0,3,18,67,1,3,0,11,0,407,0,1,0,1,3,1,13,3,18,81,4,6,19,2,0,12,2,1,1,3,0,0,13,0,1,21,2,0,1,5,0,1,2,0,1,6,3,31,0,0,0,10,2,14,0,0,5,0,2,0,0,2,4,10,0,1,0,0,4,4,2,0,0,3,18,3,0,2,0,1,0,1,0,1,2,3,0,4,3,0,0,4,4,0,0,4,28,0,0,0,0,0,0,0,0,0,4,0,0,1,2,0,4,0,0,7,0,0,0,0,0,0,0,0,0,0,3,0,0,0,2,0,0,1,0,6,0,0,0,0,0,0,0,0,0,0,0,5,0,0,0,0,1,1,0,0,0,1,0,0,0,0,0,1,0,0,0,0,0,0,0,4,4,1,0,0,0,1,0,0,0,0,0,0,0,1,3,0,0,0,2,0,0,0,1,0,0,1,0,1,1,0,0,0,0,0,0,0,0,0,0,0,0,0,0,0,1,0,0,1,0,1,0,4,0,0,0,0,0,0,0,0,0,0,1,0,0,1,0,0,0,0,0,0,0,2,0,0,0,0,1,0,0,4,0,9,0,0,0,12,0,0,0,0,0,0,0,0,0,1,0,0,0,0,1,0,0,0,0,0,0,0,3,1,0,0,0,0,0,0,0,0,0,0,0,0,0,0,0,0,0,0,0,0,0,0,0,0,0,0,0,1,0,0,0,0,0,1,0,0,0,0,0,0,0,0,0,0,0,0,0,0,0,0,0,0,0,0,0,0,0,0,3,0,0,0,0,0,0,0,0,0,0,0,0,0,0,0,0,0,0,0,0,0,0,0,0,0,0,0,0,0,0,0,0,0,0,0,0,0,0,0,0,0,0,0,0,0,0,0,0,0,0,0,0,0,0,0,0,0,0,0,0,0,0,0,0,0,0,0,0,0,0,0,0,0,0,0,0,0,0,0,0,0,0
Bologna,98,1015056_1,33,380,6,19,26,32,9,2,2,125,1,0,81,74,633,0,5,629,1,55,10,2,115,8,8,219,31,10,16,101,82,6,22,0,310,374,170,12,174,0,0,21,217,42,27,98,0,14,53,0,13,4,11,23,22,31,8,848,0,383,79,29,75,5,3,211,15,98,16,71,147,69,144,3,5,0,23,7,90,49,12,13,2,232,0,0,9,3,10,18,113,288,50,4,1729,14,20,11,0,8,1,2,0,2,27,7,5,22,4,3,1,0,4,24,36,26,0,0,5,5,11,5,4,0,2,0,0,7,0,0,17,3,23,0,3,0,6,3,120,1,3,0,2,1,1,1,1,8,19,5,1,19,3,0,17,2,1,0,1,0,0,10,0,0,14,2,1,2,0,1,2,3,0,0,0,0,14,0,0,0,0,4,3,0,0,1,2,0,0,0,0,6,2,0,0,0,1,0,0,0,0,0,0,4,1,0,0,1,0,0,3,0,0,0,0,0,0,0,0,0,2,1,0,0,2,8,0,0,0,0,2,0,1,0,0,1,0,0,0,1,0,2,0,0,1,0,0,0,0,0,4,0,2,0,0,1,0,0,0,0,0,0,0,0,5,2,0,1,2,0,0,0,0,1,0,0,0,0,0,0,0,2,0,0,0,1,0,0,0,0,0,0,0,0,0,0,0,0,0,0,2,5,0,0,0,0,0,0,0,1,0,0,0,0,3,0,1,0,0,1,0,0,0,2,0,0,0,0,0,0,0,0,0,0,0,0,0,0,0,2,0,0,0,0,0,0,2,2,0,0,2,0,0,0,1,0,0,0,0,0,0,0,0,1,0,0,0,0,0,0,0,0,0,0,0,0,0,0,0,0,0,0,3,2,1,0,0,0,7,0,0,0,0,0,0,0,0,0,0,0,0,0,0,0,1,0,0,0,0,0,0,1,0,0,0,0,0,0,0,0,0,0,0,0,0,0,0,0,0,0,0,0,0,0,0,0,0,0,0,0,0,0,0,0,0,0,0,1,0,0,2,0,0,0,0,0,0,0,0,0,0,0,0,0,0,0,0,0,0,0,0,0,0,0,0,0,0,0,0,0,0,0,0,0,0,0,0,0,0,0,0,0,0,0,0,0,0,0,0,0,0,0,0,0,0,0,0,0,0,0,0,0,0,0,0,0,0,0,0,0,0,0,0,0,0,0,0,0,0,0,0,0,0,0,0,0,0,0,0,0,0,0,0,0,0,0,0,0,0,0,0,0,0,0
Bologna,100,1015058_1,10,73,3,0,10,17,3,0,0,25,0,0,59,43,126,0,0,74,2,12,0,1,15,7,3,26,7,4,5,14,28,9,5,0,40,102,25,10,37,1,0,7,71,6,5,18,0,12,3,0,9,0,3,9,14,12,0,194,0,146,18,9,11,0,0,92,5,48,5,28,26,12,54,0,2,0,55,2,18,18,5,4,1,33,0,0,7,4,0,3,22,32,20,0,444,10,9,2,0,2,0,1,0,6,6,8,1,12,15,0,0,0,3,27,8,8,0,1,2,6,3,5,2,0,0,0,0,2,0,0,0,1,1,0,1,0,1,0,23,1,3,0,0,0,0,1,0,2,2,2,8,7,2,0,4,0,2,0,0,0,0,1,0,0,102,0,0,0,0,0,0,0,0,0,0,2,1,0,0,1,0,0,0,0,0,0,0,0,0,0,1,0,1,0,0,0,0,1,2,0,0,0,1,3,1,0,0,0,0,0,0,0,0,0,0,0,1,0,0,0,0,1,0,0,2,7,0,0,0,0,2,1,0,1,0,0,0,0,0,2,0,0,0,0,0,0,0,0,0,0,0,0,0,0,0,0,0,0,0,0,0,0,0,0,0,0,0,0,0,0,0,0,0,0,0,0,1,0,0,0,0,1,0,0,0,0,0,0,0,0,0,0,0,0,2,0,0,0,0,0,0,0,0,0,0,0,1,0,0,1,0,0,0,0,0,1,0,0,0,0,0,0,0,2,0,0,0,0,0,0,0,0,0,0,0,0,0,0,0,1,0,0,0,0,0,0,0,0,0,0,1,0,0,0,0,0,0,0,0,0,0,0,0,0,0,0,0,0,0,0,0,0,0,0,0,0,0,0,0,0,0,0,1,0,0,0,0,0,4,0,0,0,0,0,0,0,0,0,1,0,0,0,0,0,0,0,0,0,0,0,0,1,0,1,0,0,0,0,0,0,0,0,0,0,0,0,0,0,0,0,0,0,0,0,0,0,0,0,0,0,0,0,0,0,0,0,0,0,0,0,0,0,0,0,0,0,0,0,0,0,0,0,0,0,0,0,0,0,0,0,0,0,0,0,0,0,0,0,0,0,0,0,0,0,0,0,0,0,0,0,0,0,0,0,0,0,0,0,0,0,0,0,0,0,0,0,0,0,0,0,0,0,0,0,0,0,0,0,0,0,0,0,0,0,0,0,0,0,0,0,0,0,0,0,0,0,0,0,0,0,0,0,0,0,0,0,0,0,0,0,0,0,0,0
Bologna,102,1015060_1,10,60,1,1,11,6,2,0,3,21,0,0,11,6,129,0,1,69,0,7,1,1,21,2,2,41,7,3,2,21,12,4,1,0,60,76,29,3,20,0,0,3,81,8,3,9,0,1,2,0,3,3,2,5,4,3,0,150,0,77,9,1,10,3,0,37,1,12,2,2,35,16,156,0,0,0,0,2,17,18,5,3,0,30,0,0,0,3,0,2,15,29,2,0,292,0,9,0,0,0,0,0,0,0,3,0,0,4,11,0,0,0,1,2,7,6,0,0,1,1,5,6,0,0,0,0,0,4,0,0,0,4,8,0,0,0,1,0,12,0,0,0,0,0,0,0,1,1,13,1,0,0,0,0,1,0,0,0,0,0,0,0,0,0,4,0,0,0,0,0,0,0,0,0,0,0,1,0,0,0,2,0,1,0,0,1,0,0,0,0,0,1,9,0,0,0,0,0,0,0,0,1,0,6,0,0,0,0,0,0,0,0,0,0,1,0,0,0,0,0,0,0,0,0,1,15,0,0,0,0,1,0,0,0,1,1,0,0,0,0,0,0,0,0,1,0,0,0,2,0,0,0,0,0,0,0,0,0,0,0,0,0,1,0,0,0,0,0,0,1,0,0,0,0,0,0,0,0,0,0,0,0,0,0,0,0,0,1,1,0,0,0,0,0,0,0,0,0,0,0,0,3,0,0,0,0,0,0,0,0,0,0,0,0,0,0,0,0,0,0,0,0,0,1,0,0,0,0,0,0,0,0,0,0,0,0,0,0,0,0,0,0,0,0,0,0,0,0,0,0,0,0,0,0,0,0,0,0,0,0,0,0,0,0,0,0,0,0,0,0,0,0,0,1,0,0,0,0,0,0,0,0,4,0,0,0,0,0,1,0,0,0,0,0,0,0,0,0,0,0,0,0,0,0,0,0,0,0,0,0,0,0,0,0,0,0,0,0,0,0,0,0,0,0,0,0,0,0,0,0,0,0,0,0,0,0,0,0,0,0,0,0,0,0,0,0,0,0,0,0,0,0,0,0,0,0,0,0,0,0,0,0,0,0,0,0,0,0,0,0,0,0,0,0,0,0,0,0,0,0,0,0,0,0,0,0,0,0,0,0,0,0,0,0,0,0,0,0,0,0,0,0,0,0,0,0,0,0,0,0,0,0,0,0,0,0,0,0,0,0,0,0,0,0,0,0,0,0,0,0,0,0,0,0,0,0,0,0,0,0,0,0,0,0,0,0,0,0,0,0,0,0,0,0
Bologna,104,1015062_1,43,379,12,18,63,217,26,1,3,167,1,8,182,108,1394,2,12,1587,4,221,19,5,276,33,49,490,63,14,15,163,149,8,69,5,722,385,384,21,211,8,0,121,310,85,82,117,1,67,96,0,66,79,43,70,52,28,6,1651,3,553,108,52,115,6,0,721,12,236,63,119,215,161,147,14,2,0,9,14,344,138,9,29,3,552,2,0,28,8,0,27,173,350,131,7,2980,22,26,31,0,8,3,33,7,1,33,10,11,80,123,13,0,0,33,17,76,54,0,0,5,7,25,11,10,0,2,0,0,10,3,4,12,4,50,1,5,0,4,5,139,0,0,3,2,4,0,19,2,15,24,9,9,26,2,0,1,3,7,1,9,1,0,25,0,1,4,7,4,2,1,0,0,9,0,6,1,4,6,0,0,0,12,1,0,0,0,2,2,3,0,0,1,5,16,0,0,1,3,0,5,0,0,0,9,0,0,0,16,3,2,0,3,0,0,0,5,0,7,5,0,0,0,2,0,0,5,2,0,0,4,0,1,1,0,0,2,2,0,0,1,6,0,0,1,0,4,1,0,0,0,0,1,0,0,0,0,2,0,0,0,1,1,0,0,0,13,1,0,0,0,3,0,0,0,0,0,0,0,0,0,0,0,0,1,2,0,1,1,0,0,0,0,3,0,0,0,0,0,0,0,1,9,3,0,0,0,0,7,0,0,2,0,0,0,0,1,0,2,0,0,1,1,0,0,6,0,0,1,0,0,0,0,0,0,0,0,0,0,0,0,1,0,0,0,0,0,1,3,0,0,0,7,1,0,0,0,0,0,0,0,0,0,0,0,2,0,0,1,0,0,0,0,0,0,2,3,0,0,0,0,0,0,0,2,1,2,0,0,0,17,0,0,0,0,0,0,0,0,0,0,0,0,0,0,2,2,0,0,0,0,0,1,1,0,0,0,0,0,0,0,0,0,0,0,0,1,0,0,0,0,0,0,0,0,0,0,0,0,0,0,0,4,0,0,0,2,1,1,1,1,1,2,0,0,0,0,0,0,0,0,0,0,0,0,0,0,0,0,0,0,0,0,0,0,0,0,0,0,0,0,0,0,0,0,0,0,0,0,0,0,0,0,0,0,0,0,0,0,0,0,0,0,0,0,0,0,0,0,0,0,0,0,0,0,0,0,0,0,0,0,0,0,0,0,0,0,0,0,0,0,0,0,0,0,0,0,0,0,0,0,0,0,0,0,0,0,0,0,0,0,0,0,0,0,0
Bologna,107,1015064_1,3,197,6,12,73,71,25,3,3,87,0,0,135,82,685,0,4,247,0,38,9,10,75,21,8,103,24,23,4,51,75,3,35,0,170,194,94,27,54,1,1,20,208,32,6,50,0,33,17,0,38,3,24,68,32,25,1,465,2,288,22,39,39,6,1,480,2,107,14,42,41,214,138,2,2,1,27,6,67,123,8,12,1,127,0,0,20,3,0,23,46,49,73,0,859,22,51,2,0,6,9,20,0,1,17,13,6,45,67,10,0,0,30,34,49,40,0,0,8,7,16,2,10,0,2,0,0,4,0,0,7,2,13,3,6,1,6,0,24,0,0,0,2,4,4,18,1,8,0,4,1,10,6,0,3,0,11,1,10,1,0,24,0,0,6,0,1,0,0,0,4,0,0,0,0,0,12,0,0,0,11,0,3,0,0,3,0,0,0,0,6,1,8,0,1,0,0,1,2,0,0,0,4,0,0,1,0,3,1,0,1,0,0,1,7,0,0,0,0,0,0,0,1,0,1,3,0,0,0,0,0,0,0,0,0,7,0,0,0,0,2,1,0,0,10,0,0,0,0,0,1,0,0,0,0,1,0,22,0,0,0,0,0,0,1,0,1,0,1,0,0,0,0,0,0,0,4,1,0,0,0,4,1,0,0,0,0,0,0,0,0,0,0,0,0,0,0,0,0,0,0,2,0,0,0,0,3,1,0,9,0,0,0,0,0,0,5,0,0,0,0,0,0,1,0,0,0,1,0,0,0,0,0,0,0,0,0,0,0,0,0,0,0,0,0,2,0,0,0,0,6,0,0,0,0,0,0,0,1,0,0,0,0,0,0,0,0,0,0,0,0,0,0,0,2,0,0,0,0,0,0,0,0,3,2,0,0,0,5,0,0,0,0,0,0,0,0,0,0,0,0,0,0,0,0,0,0,0,0,0,0,0,1,0,0,0,0,0,0,0,0,0,0,1,0,0,0,0,0,0,0,0,0,0,0,0,0,0,0,0,1,0,0,0,0,0,0,0,0,0,0,0,0,0,0,0,0,0,0,0,1,1,1,1,0,0,0,0,0,0,0,0,0,0,0,0,0,0,0,0,0,0,0,0,0,0,0,0,0,0,0,0,0,0,0,0,0,0,0,0,0,0,0,0,0,0,0,0,0,0,0,0,0,0,0,0,0,0,0,0,0,0,0,0,0,0,0,0,0,0,0,0,0,0,0,0,0,0,0,0,0,0,0,0,0,0,0,0,0,0,0,0,0,0
Bologna,109,1015066_1,6,81,3,6,27,20,5,0,0,19,0,0,24,44,352,0,2,296,3,30,7,3,40,10,4,108,12,14,1,20,40,13,9,5,56,91,63,3,36,0,2,12,97,25,22,23,2,8,17,0,7,5,5,12,5,10,1,160,0,145,16,27,29,6,2,101,0,32,8,14,34,38,36,2,2,0,16,3,44,38,3,5,0,86,0,0,6,1,1,12,15,41,23,2,279,14,9,9,0,8,0,6,0,0,8,4,2,6,25,2,0,0,7,15,22,8,0,0,2,2,8,7,2,0,0,0,0,0,0,0,10,1,9,1,0,0,3,0,17,0,2,0,0,1,0,0,0,2,0,0,0,1,0,0,1,0,2,0,0,0,0,3,0,0,0,0,0,0,0,0,0,1,0,0,0,0,5,0,0,0,0,2,1,0,0,3,0,0,0,0,1,2,0,0,0,2,0,2,0,0,0,0,2,0,0,0,0,1,0,0,0,0,0,1,4,0,0,0,0,0,0,2,1,0,0,0,2,0,1,0,6,0,0,0,0,2,0,0,0,0,0,0,0,0,2,0,0,0,0,1,0,0,0,0,0,0,0,0,0,0,0,0,0,0,3,0,2,0,0,0,1,0,0,0,0,0,0,0,0,0,0,0,0,0,0,0,3,1,0,0,0,0,0,2,0,0,0,0,0,0,0,1,1,0,0,0,0,0,0,1,0,0,0,0,0,0,0,0,0,0,0,0,0,0,0,0,0,0,0,0,0,0,0,0,0,0,0,0,0,1,0,0,0,0,0,0,0,0,0,0,7,0,0,0,0,0,0,0,0,0,0,0,0,2,0,0,0,0,0,0,0,0,0,0,0,0,0,0,0,0,0,0,0,0,9,0,0,0,6,0,0,0,0,0,0,0,0,0,0,0,0,0,0,0,0,0,0,0,0,0,0,0,0,0,0,0,0,0,0,0,0,0,0,0,0,0,0,0,0,0,0,0,0,0,0,0,0,0,0,0,0,1,0,0,0,0,0,0,0,0,0,0,0,0,0,0,0,0,0,0,0,0,0,0,0,0,0,0,0,0,0,0,0,0,0,0,0,0,0,0,0,0,0,0,0,0,0,0,0,0,0,0,0,0,0,0,0,0,0,0,0,0,0,0,0,0,0,0,0,0,0,0,0,0,0,0,0,0,0,0,0,0,0,0,0,0,0,0,0,0,0,0,0,0,0,0,0,0,0,0,0,0,0,0,0,0,0,0,0,0,0,0,0,0
Bologna,111,1015068_1,289,605,8,17,69,43,12,1,19,83,0,0,36,63,489,0,1,237,10,16,18,5,25,1,27,73,8,15,2,25,38,11,3,0,123,584,22,4,58,1,0,5,258,25,5,26,2,8,5,0,10,11,6,23,9,15,1,2510,0,686,9,15,29,0,1,117,21,189,67,19,35,145,106,0,2,0,179,219,41,106,5,3,0,86,0,0,2,10,0,14,34,218,18,0,4211,41,18,2,0,1,0,10,0,0,10,1,9,17,26,11,0,0,8,4,53,48,0,9,18,5,3,3,0,0,14,0,0,3,0,1,7,11,24,1,1,0,10,0,619,0,0,0,2,2,3,10,3,1,57,2,3,17,4,0,7,0,3,0,2,0,0,10,0,4,553,0,3,4,1,0,4,0,0,2,1,16,3,0,0,0,4,0,10,0,0,2,1,0,0,0,2,2,0,0,2,0,1,0,0,0,0,0,8,9,0,9,2,15,34,0,3,0,0,1,1,0,0,1,0,0,0,0,0,0,0,0,0,0,1,0,51,0,2,0,0,1,0,0,0,94,1,3,1,0,0,0,0,0,15,0,1,1,0,1,0,6,0,29,0,0,0,2,0,0,3,3,2,3,22,0,0,0,0,0,4,14,1,0,0,0,0,0,0,1,0,3,1,0,0,0,0,0,0,0,0,0,0,0,0,2,0,1,2,0,0,0,3,0,0,6,0,0,2,0,0,0,0,0,0,0,0,0,0,0,0,0,0,0,0,0,0,0,0,0,0,0,0,0,1,0,0,0,0,0,0,1,0,0,0,0,7,0,15,0,0,0,0,0,1,0,0,0,0,3,0,0,1,0,0,0,0,0,0,0,0,0,0,0,0,0,0,0,20,0,1,0,0,0,6,2,0,0,0,0,0,0,0,0,0,0,0,0,0,0,1,0,0,1,0,0,0,0,0,0,0,0,0,0,0,0,12,0,0,0,0,0,0,0,0,0,0,0,0,0,0,0,0,0,0,0,0,0,0,1,0,0,0,0,0,0,0,0,0,0,0,0,0,0,0,0,0,0,0,0,0,0,0,0,0,0,0,0,0,0,0,0,0,0,0,0,0,0,0,0,0,0,0,0,0,0,0,0,0,0,1,0,0,0,0,0,0,0,0,0,0,0,0,0,0,0,2,0,0,0,0,0,0,0,0,0,0,0,0,0,0,0,0,0,0,0,0,0,0,0,0,0,0,0,0,0,0,0,0,0,0,0,0,0,0,0,0,0,0,0
Bologna,114,1015070_1,0,72,0,0,16,11,9,0,0,14,0,0,24,6,75,0,0,30,1,3,1,2,14,4,4,16,8,2,0,6,6,1,1,0,26,66,11,3,18,0,0,10,82,2,0,4,0,1,0,0,3,0,0,7,9,4,0,40,0,80,7,5,12,0,0,85,3,16,6,5,13,52,164,1,1,0,0,3,8,43,1,1,1,8,0,0,6,0,0,4,15,2,9,0,63,4,6,0,0,7,1,0,2,1,4,1,2,6,9,2,0,0,14,6,15,17,0,0,1,0,0,7,0,0,1,0,0,1,0,0,3,6,1,0,2,0,1,0,1,0,0,0,0,0,0,0,0,0,0,0,1,0,0,0,8,2,1,0,0,0,0,13,0,0,6,0,0,1,0,0,1,0,0,0,0,0,3,0,0,0,0,0,0,0,2,0,0,0,0,0,0,0,0,0,0,0,0,0,1,0,0,0,2,7,0,0,1,1,0,0,0,0,0,0,0,0,0,2,0,0,0,0,0,0,0,13,0,0,0,0,1,1,0,0,0,1,0,0,0,2,0,0,0,0,0,0,0,0,0,0,0,0,0,0,0,1,0,0,0,0,0,0,0,0,0,1,0,0,1,0,0,0,0,0,0,1,2,0,0,0,0,0,0,0,0,1,0,2,0,0,0,0,0,0,0,1,0,0,0,0,0,0,0,0,0,0,0,0,0,1,0,0,0,0,0,0,0,0,0,0,0,0,0,0,0,0,0,0,0,0,0,0,0,0,0,0,0,0,0,0,0,0,0,0,0,0,0,0,0,0,0,0,0,0,0,0,0,0,0,0,0,0,0,0,0,0,0,0,0,0,0,0,0,0,0,0,0,0,0,1,0,0,0,0,2,0,0,0,1,0,0,0,0,0,0,0,0,0,0,0,0,0,0,0,0,0,0,0,0,0,0,0,0,0,0,0,0,0,0,0,0,0,0,0,0,0,0,0,0,0,0,0,0,0,0,0,0,0,0,0,0,0,0,0,0,0,0,0,0,0,0,0,0,0,0,0,0,0,0,0,0,0,0,0,0,0,0,0,0,0,0,0,0,0,0,0,0,0,0,0,0,0,0,0,0,0,0,0,0,0,0,0,0,0,0,0,0,0,0,0,0,0,0,0,0,0,0,0,0,0,0,0,0,0,0,0,0,0,0,0,0,0,0,0,0,0,0,0,0,0,0,0,0,0,0,0,0,0,0,0,0,0,0,0,0,0,0,0,0,0,0,0,0,0
Bologna,116,1015072_1,1,60,0,2,5,1,2,0,0,8,0,0,5,4,123,0,0,79,0,16,1,0,7,6,1,22,6,1,1,8,20,6,2,0,31,48,11,2,25,0,0,9,119,6,1,7,0,0,2,0,1,0,1,7,1,2,0,76,0,73,9,5,7,0,0,40,0,21,1,5,21,29,1571,0,1,0,0,0,20,21,2,2,0,31,0,0,1,0,0,1,5,16,3,1,127,0,5,0,0,4,2,0,0,0,7,3,0,4,8,2,0,0,2,9,6,4,0,0,0,3,1,0,1,0,0,0,0,0,0,0,2,15,1,0,0,0,0,0,9,0,0,0,0,0,0,0,0,2,5,0,0,5,0,0,0,0,8,0,0,0,0,3,0,0,0,1,0,0,0,0,2,0,0,0,0,0,4,0,0,0,0,0,2,0,0,1,2,1,0,0,1,1,0,0,0,0,0,0,0,0,0,0,0,1,0,0,0,0,0,0,0,0,0,0,0,0,0,1,0,0,0,0,0,0,0,19,0,0,0,0,0,0,0,1,0,2,0,0,0,0,0,0,0,0,0,0,0,0,0,0,1,0,0,0,0,0,0,0,0,0,0,0,0,0,0,0,0,0,0,0,0,0,0,0,2,7,1,0,0,0,0,0,0,0,0,0,0,0,0,0,0,0,0,0,0,0,0,0,0,0,0,2,0,0,0,0,0,0,0,0,0,0,0,0,0,0,0,0,0,0,0,0,0,0,0,0,0,0,0,0,0,0,0,0,0,0,0,0,0,0,0,0,0,0,0,0,0,0,0,0,0,0,0,0,0,0,0,0,0,0,0,0,0,0,0,0,0,0,0,0,0,0,0,0,0,0,0,0,0,0,0,0,0,2,0,0,0,0,2,0,0,0,0,0,0,0,0,0,0,0,0,0,0,0,0,0,0,0,0,0,0,0,0,0,0,0,0,0,0,0,0,0,0,0,0,0,0,0,0,0,0,0,0,0,0,0,0,0,0,0,0,0,0,0,0,0,0,0,0,0,0,0,0,0,0,0,0,0,0,0,0,0,0,0,0,0,0,0,0,0,0,0,0,0,0,0,0,0,0,0,0,0,0,0,0,0,0,0,0,0,0,0,0,0,0,0,0,0,0,0,0,0,0,0,0,0,0,0,0,0,0,0,0,0,0,0,0,0,0,0,0,0,0,0,0,0,0,0,0,0,0,0,0,0,0,0,0,0,0,0,0,0,0,0,0,0,0,0,0,0,0,0,0,0
Budapest,67,1014082_1,65,702,56,40,58,242,93,2,1,295,4,5,201,474,3994,1,109,1204,16,356,17,56,157,123,55,467,99,31,38,335,262,0,119,0,327,680,200,35,458,10,18,117,491,113,64,462,3,68,62,0,79,1,50,99,174,82,16,2226,2,987,58,96,357,17,9,1725,18,490,137,70,263,201,204,1,8,0,76,3,659,186,41,62,9,593,0,0,63,16,7,90,305,260,187,1,3975,57,217,33,30,47,7,151,1,1,50,46,17,16,210,2,118,1,44,12,100,49,0,6,40,21,57,7,9,0,8,0,0,4,0,0,25,14,44,4,5,0,24,1,1,11,1,10,2,25,17,10,1,6,0,24,2,32,0,0,5,6,25,6,12,5,0,32,0,3,0,19,2,2,0,1,3,1,0,2,3,0,13,0,7,1,4,3,3,7,0,11,5,10,0,0,8,164,23,0,4,2,0,2,0,2,1,0,52,11,0,36,0,3,6,0,4,0,9,1,10,3,7,2,0,0,0,3,0,0,6,2,0,0,0,0,21,3,0,2,0,9,4,0,0,8,2,4,0,0,6,7,0,0,4,2,0,0,2,3,0,8,0,5,0,2,0,1,0,0,1,2,10,0,9,2,0,0,0,0,0,0,2,4,0,0,0,0,1,1,0,3,2,6,0,0,0,4,0,1,0,0,0,0,0,0,3,3,0,0,0,0,7,2,0,5,0,0,0,0,0,0,1,1,0,4,0,0,0,1,0,0,0,0,0,2,0,0,0,0,0,3,0,0,0,0,0,0,0,0,0,5,4,17,11,0,9,0,0,2,0,0,0,0,0,0,0,0,0,3,0,0,0,0,0,0,0,0,0,2,0,0,0,0,0,0,0,0,0,3,3,0,0,0,0,4,2,0,0,0,0,0,0,0,8,0,0,0,0,3,0,0,1,0,0,3,0,0,1,0,0,0,0,0,0,0,0,0,0,0,0,0,0,1,0,0,4,0,0,0,0,0,0,0,0,0,0,0,2,0,0,0,0,1,0,0,0,0,0,0,0,0,0,0,0,0,0,0,0,1,0,0,0,0,0,0,0,0,0,0,1,0,0,0,0,0,0,0,0,0,0,0,0,0,0,0,0,1,0,0,0,0,0,0,0,0,0,0,0,0,0,0,0,0,0,0,0,0,0,0,0,0,0,0,0,0,0,0,1,0,0,0,0,0,0,0,0,0,0,0,0,0,0,1,1,0,0,0,0,0,0,0,0,0,0,0,0,0,0,0
Budapest,68,1014083_1,52,434,66,17,34,173,77,1,2,257,2,5,193,325,2904,1,75,1522,8,448,7,47,173,96,17,519,84,18,25,308,261,9,79,1,258,473,253,72,511,3,17,155,370,90,86,457,2,65,100,0,80,16,33,89,157,95,5,1838,0,754,58,105,250,3,3,1147,22,285,156,87,202,27,135,1,16,2,41,11,778,48,32,65,4,714,0,0,146,24,5,94,268,239,170,4,3125,96,154,35,22,28,11,130,1,0,58,51,12,15,185,10,20,0,5,58,60,12,0,0,9,5,39,2,14,0,2,0,1,21,0,0,32,16,29,1,1,0,12,4,16,10,0,5,3,19,7,21,3,16,2,14,5,32,6,0,10,2,17,2,10,0,1,6,0,1,1,19,0,0,0,0,4,0,0,2,6,0,3,0,6,2,5,1,7,7,0,2,2,15,0,0,12,70,22,0,0,0,1,2,0,0,5,1,24,9,1,35,2,4,2,0,0,2,10,3,16,1,13,2,0,2,0,3,1,0,10,5,0,0,1,0,3,3,0,1,1,3,0,0,0,0,0,0,0,0,13,10,0,0,1,0,5,0,0,0,0,7,0,0,0,0,0,1,1,0,7,2,4,1,2,1,0,0,0,7,0,0,2,5,0,0,0,0,4,1,0,5,0,1,0,0,0,3,0,0,0,1,1,0,0,0,5,0,0,1,0,0,3,1,0,3,0,0,1,0,0,0,0,0,0,0,0,0,0,0,0,0,1,1,3,0,0,0,0,0,0,1,0,0,0,0,0,0,0,0,0,0,0,9,2,0,16,0,0,1,0,2,0,0,0,0,0,0,0,0,0,0,0,1,0,0,0,0,0,3,0,0,0,0,0,1,0,0,0,0,1,0,0,0,1,0,0,0,0,0,0,0,1,0,8,0,0,0,0,4,1,0,0,0,0,0,0,1,0,0,0,0,0,0,0,0,0,0,0,0,0,3,1,1,1,1,1,1,1,0,0,0,0,0,0,0,0,0,0,0,0,0,0,0,0,0,0,0,0,0,0,0,0,0,0,0,0,0,0,0,0,0,0,0,0,0,0,0,0,0,0,0,0,0,0,0,0,0,0,0,0,0,0,0,0,0,0,0,0,0,0,0,0,0,0,0,0,0,0,0,0,0,0,0,0,0,0,0,0,0,0,0,0,0,0,0,0,0,0,0,0,0,0,0,0,0,0,0,0,0,0,0,0,0,0,0,0,0,0,0,0,0,0,0,0,0,0,0,0,0
Budapest,69,1014087_1,119,456,50,17,29,275,105,5,2,219,2,27,169,351,2882,0,104,1749,4,429,3,57,162,96,43,742,83,17,40,444,389,1,99,1,386,491,239,33,740,12,33,215,450,100,67,554,3,58,60,0,90,15,47,91,160,59,7,2340,5,645,74,83,291,5,12,1471,23,312,195,82,325,49,153,4,5,1,69,4,802,80,37,54,3,903,2,0,171,43,4,65,292,288,137,1,3911,57,181,32,74,43,8,94,3,2,88,89,8,26,168,4,53,0,13,16,52,32,0,2,12,8,38,3,7,0,1,0,0,5,2,0,47,10,21,3,1,0,8,1,1,7,0,5,1,14,8,20,2,10,1,12,6,18,4,0,1,3,20,0,13,0,0,7,0,4,0,25,1,0,0,1,0,0,0,4,3,2,8,0,0,0,7,4,0,10,0,11,4,43,0,0,6,294,15,0,2,2,0,3,1,6,4,0,26,17,0,72,2,0,1,0,1,0,11,0,19,4,10,4,0,0,0,2,0,0,9,5,0,0,0,0,4,0,1,0,0,6,0,0,0,0,0,0,0,0,8,12,0,0,5,0,2,0,0,0,0,3,2,6,0,1,0,0,0,0,1,0,0,0,7,0,0,0,0,0,0,0,1,6,0,0,0,0,1,0,0,4,1,7,2,0,0,2,0,0,0,1,0,0,0,0,1,0,2,0,0,0,7,4,0,0,0,0,0,0,0,1,0,0,0,1,1,0,0,0,0,1,0,2,3,0,0,0,0,0,0,0,0,0,1,0,0,0,0,0,0,0,0,14,15,1,6,0,0,2,0,3,0,0,0,0,0,0,0,0,0,0,0,0,0,0,0,0,0,0,0,0,0,0,0,2,0,0,0,0,1,0,0,0,0,0,0,0,0,0,0,0,0,0,18,0,0,0,0,1,0,0,0,0,0,4,0,3,0,0,0,0,0,0,0,0,0,0,0,0,0,0,0,0,0,0,7,0,0,0,0,0,0,0,0,0,0,0,0,1,0,0,1,0,0,0,0,0,0,0,0,0,0,1,0,0,0,0,0,0,0,0,0,0,0,0,0,0,0,0,0,0,0,0,0,0,3,1,0,0,0,0,0,0,0,0,0,0,0,0,0,0,0,0,0,0,0,0,0,0,0,0,0,0,0,0,0,0,0,0,0,0,0,0,0,0,0,0,0,0,0,0,0,0,0,0,0,0,0,0,0,0,0,0,0,0,0,0,0,0,0,0,0,0,0,0,0,0,0,0
Budapest,73,1014086_1,229,1070,83,50,46,94,62,9,2,443,3,11,165,702,4999,1,173,748,19,342,13,24,213,153,68,610,126,46,50,514,532,14,40,0,703,1107,264,69,960,5,17,207,653,168,21,629,2,32,98,0,30,23,17,176,151,109,4,3348,8,1569,149,161,591,5,4,746,19,683,156,173,300,106,311,1,19,0,31,2,632,130,71,37,2,707,3,0,27,28,1,129,474,574,169,0,5533,122,221,15,49,18,23,76,3,21,56,98,38,19,412,7,5,0,26,26,120,48,0,9,27,26,49,11,73,2,65,0,0,4,1,0,28,13,41,12,0,0,22,3,19,10,1,25,0,8,17,20,10,8,0,17,10,65,6,0,11,3,28,4,1,0,0,13,0,1,1,30,1,0,0,0,4,5,0,0,14,2,11,0,6,1,0,8,0,5,4,14,3,13,0,2,29,5,27,0,20,2,1,8,0,0,1,0,51,27,5,39,4,1,0,0,3,0,50,2,18,0,9,7,0,9,0,11,4,0,24,15,0,0,1,0,17,1,3,2,1,15,0,0,0,11,1,1,1,0,4,2,0,0,3,0,4,0,4,3,0,6,0,2,0,0,0,2,1,0,7,2,8,2,34,1,1,0,0,1,0,0,2,4,0,3,0,9,48,1,1,10,0,1,0,0,0,6,0,0,0,1,0,0,5,0,0,0,0,0,0,2,4,2,0,2,0,0,1,0,2,47,0,0,0,2,0,0,0,5,0,0,0,0,1,3,0,0,0,1,0,0,0,0,0,2,0,0,0,0,0,0,42,2,4,0,13,0,0,3,0,0,0,0,2,0,0,0,0,0,0,0,0,1,0,0,1,0,1,1,1,0,0,0,0,4,2,0,5,1,1,0,0,0,0,0,0,3,0,0,0,0,0,1,5,2,0,0,0,2,0,0,0,0,0,5,0,0,2,0,0,1,0,0,0,0,0,0,0,1,0,0,0,0,0,0,2,0,1,0,0,0,0,0,0,0,1,0,0,0,0,0,0,0,0,0,1,1,0,2,0,0,0,0,0,0,0,0,0,0,0,0,0,0,0,0,0,0,0,0,0,0,0,0,0,0,7,0,0,0,0,0,0,0,0,0,0,1,0,0,0,0,0,0,0,0,0,0,0,0,0,0,0,0,0,0,0,0,0,0,0,0,0,0,0,0,0,0,0,0,0,0,0,0,0,0,0,0,0,0,0,0,0,0,0,0,0,1,2,1,3,0,0,0,0,0,0,0,0,0
Budapest,74,1014089_1,79,583,94,13,21,92,28,2,0,260,0,0,230,646,2208,0,114,442,13,188,10,21,142,113,126,278,79,14,34,286,335,36,25,0,248,618,179,100,653,3,3,109,495,114,12,392,1,20,73,0,36,12,20,112,95,102,2,1502,13,1035,124,121,301,2,5,497,47,335,112,105,200,63,245,0,27,0,12,5,280,79,50,19,5,388,4,0,64,13,0,71,278,201,208,0,2354,154,106,11,23,8,19,32,0,24,32,46,92,5,229,0,7,1,9,25,58,20,0,4,7,3,31,9,69,0,1,0,0,10,0,0,13,12,19,3,0,0,25,0,18,9,1,14,1,12,7,35,1,6,6,15,41,21,15,0,9,4,12,2,4,0,0,8,0,0,1,22,6,3,0,1,6,5,0,0,11,8,2,0,0,0,1,8,5,2,4,8,4,6,0,1,6,8,15,0,6,3,0,1,2,2,2,4,26,25,5,25,0,5,2,0,0,0,15,0,5,1,9,1,0,0,0,6,0,0,33,32,0,0,0,0,5,2,1,1,0,5,1,0,0,10,0,1,2,0,5,1,0,0,1,0,14,0,0,0,0,1,0,0,0,0,0,2,0,0,3,3,3,0,4,0,1,0,0,0,0,0,0,2,0,0,0,0,1,4,0,4,0,1,0,0,0,0,0,0,0,0,0,0,0,1,0,1,0,0,0,0,4,3,0,1,0,0,0,0,1,0,0,0,0,5,1,0,0,4,0,0,0,0,1,0,1,1,0,0,0,0,0,0,0,0,0,0,0,0,0,3,0,4,2,0,9,0,3,4,0,1,0,0,1,0,0,0,0,0,0,0,1,0,0,0,0,0,0,3,0,0,0,1,0,2,0,0,1,0,5,0,0,0,0,1,0,2,0,0,0,0,0,0,0,0,0,0,0,4,0,0,0,0,0,0,0,0,0,0,0,1,0,0,0,0,0,0,0,0,0,0,0,0,0,0,0,2,0,0,0,0,0,1,0,0,0,0,1,0,0,1,0,0,0,0,0,0,0,0,0,0,0,0,1,0,0,0,0,0,0,0,0,0,0,0,0,0,0,0,2,0,0,0,0,0,0,0,0,0,0,0,0,0,0,0,0,0,0,0,1,0,0,0,0,0,0,0,0,0,0,0,0,0,0,0,0,0,0,0,0,0,0,0,0,0,0,0,0,0,0,0,0,0,0,0,0,0,0,0,0,0,0,0,0,0,0,0,0,0,0,0,0,0,0,0,0,0,0,0
Budapest,77,1014091_1,143,625,55,23,38,406,66,1,0,265,3,0,669,479,2168,4,79,1532,21,274,17,72,322,35,93,786,63,28,32,307,229,35,97,2,661,706,461,138,505,3,272,256,441,106,66,327,0,130,121,0,59,25,43,83,196,117,5,2328,6,970,134,120,303,8,6,1586,25,295,146,373,218,82,212,2,52,5,7,4,452,106,29,75,5,917,0,0,166,37,2,77,309,555,296,0,4202,111,110,20,9,44,20,328,1,23,29,99,100,16,213,3,2,1,23,37,57,39,2,1,16,8,22,5,28,3,0,0,0,5,0,1,17,15,19,1,4,3,21,3,7,11,2,15,7,44,10,36,10,5,7,9,23,64,19,0,20,8,10,2,8,0,0,17,1,5,0,16,0,4,0,3,1,0,0,3,17,0,11,0,2,0,5,4,0,14,0,11,7,0,0,0,17,13,13,0,7,3,2,2,0,2,0,2,24,29,10,9,67,2,3,0,1,0,26,0,47,4,29,2,0,0,8,4,0,0,22,38,0,0,0,0,6,3,11,6,1,9,2,0,0,9,2,0,0,0,6,0,0,0,1,0,2,0,1,2,0,2,0,5,0,0,3,6,2,0,0,5,1,2,1,4,0,0,0,3,0,1,0,3,2,0,0,0,2,0,1,5,1,0,2,3,0,3,0,0,0,0,0,0,0,0,0,1,0,0,0,0,6,0,0,1,0,0,0,0,2,0,0,0,0,1,0,0,0,4,0,0,0,0,1,0,0,0,0,0,0,2,0,0,1,3,0,0,0,0,1,1,0,32,9,0,7,1,0,7,0,1,0,0,0,0,0,0,0,0,0,0,0,0,0,0,0,0,0,1,3,0,2,0,0,0,5,0,0,0,0,0,0,0,1,2,0,0,0,0,0,0,0,0,1,1,0,0,0,6,2,0,0,0,0,0,0,1,0,4,0,0,0,0,2,0,0,0,0,0,0,0,0,1,0,0,0,0,0,0,0,1,0,0,0,0,0,0,1,0,0,0,0,0,0,0,1,0,0,0,0,0,0,0,0,0,0,0,0,0,0,0,0,0,0,0,0,0,0,0,0,0,0,0,0,0,0,0,0,0,0,0,0,0,0,0,0,0,0,0,0,0,0,0,0,0,0,0,0,0,0,0,0,0,0,0,0,0,0,0,0,0,0,0,0,0,0,0,0,0,0,0,0,0,0,0,0,0,0,0,0,1,0,0,0,0,0,0,0,0,0,0,0,0,0,0,0,0,0,0
Budapest,78,1014093_1,78,470,92,10,40,142,56,0,1,191,0,16,406,453,1295,0,67,785,6,209,10,24,190,88,54,404,70,18,24,223,327,10,48,1,118,534,230,152,598,8,5,133,377,96,33,323,0,85,95,0,36,17,21,55,86,63,6,1609,10,675,74,119,312,3,2,577,28,257,198,159,187,69,226,0,27,0,18,17,417,72,40,37,2,496,0,0,42,29,0,40,278,229,292,0,2367,84,76,18,16,6,13,75,0,19,58,62,60,11,168,0,4,0,3,13,26,26,0,2,6,9,6,6,84,0,4,0,1,9,1,0,11,5,14,4,8,2,15,1,9,2,3,9,5,14,4,51,3,5,4,8,6,18,5,0,10,0,13,1,0,0,0,2,0,0,0,19,0,3,0,1,0,2,0,0,12,0,8,3,0,0,5,1,6,6,2,15,3,4,0,0,15,62,17,0,3,1,0,1,3,0,2,0,7,18,2,18,11,8,1,0,0,0,26,0,8,1,17,3,2,0,1,20,0,0,46,20,0,0,0,0,6,2,5,2,0,7,0,0,0,0,1,4,0,0,3,2,0,0,1,0,12,0,2,1,0,3,0,2,0,0,0,4,1,0,2,0,0,2,2,2,0,1,0,0,0,0,2,3,0,0,0,2,2,0,0,10,0,0,0,0,0,1,1,0,0,2,0,0,0,0,0,5,0,0,3,0,0,3,0,1,0,0,1,0,0,1,0,0,0,0,0,0,0,1,0,0,0,0,0,2,1,0,0,0,0,0,0,0,0,0,0,0,0,1,0,1,0,11,7,0,8,0,0,9,0,1,0,0,2,0,2,0,0,0,0,0,0,0,0,0,0,0,1,3,0,0,0,0,0,0,1,0,0,0,1,0,0,0,4,1,0,0,0,0,0,0,1,0,2,1,0,0,0,4,0,0,0,0,0,3,0,1,1,0,0,0,0,0,1,0,0,2,0,0,0,0,0,0,0,0,0,0,2,0,0,0,0,0,0,0,0,0,0,0,0,0,1,0,0,0,0,0,0,1,0,0,0,0,0,0,0,0,0,0,0,0,0,0,0,0,0,0,0,0,0,0,0,0,0,0,0,0,0,0,0,0,0,0,0,0,0,1,0,1,0,0,0,0,0,0,0,0,0,0,0,0,0,0,0,0,0,0,0,0,0,0,0,0,0,0,0,0,0,0,0,0,0,0,0,0,0,0,0,0,0,0,0,0,0,0,0,0,0,0,0,0,0,0,0,0,0,0,0,0
Budapest,80,1014095_1,21,242,32,12,10,12,15,0,0,112,0,0,66,168,1185,0,32,203,3,31,7,7,38,51,4,65,42,18,12,189,142,2,4,1,105,240,66,7,274,1,6,20,273,32,5,214,0,7,30,0,5,3,1,38,14,29,2,446,4,392,22,64,141,0,3,107,6,221,34,43,101,46,282,0,5,0,18,0,92,82,14,8,7,121,2,0,6,7,0,32,159,121,45,0,762,23,58,4,2,3,17,6,1,6,27,22,9,2,111,1,1,0,12,13,21,28,0,2,13,12,10,7,2,0,31,0,0,1,0,0,6,11,4,1,0,1,18,4,1,1,2,6,0,5,3,1,3,5,5,3,1,20,0,0,1,2,13,3,0,0,0,13,0,0,9,3,2,3,0,1,1,1,0,0,2,0,9,0,3,0,0,1,1,1,0,0,4,3,0,0,7,32,5,0,3,4,3,0,0,0,0,0,11,20,0,6,1,3,0,0,0,0,14,1,0,0,0,0,0,0,0,2,1,0,8,20,0,0,0,0,4,0,0,0,0,4,0,0,0,1,0,1,0,0,3,1,0,0,0,0,1,0,0,0,0,1,4,3,0,0,0,1,2,0,6,0,1,0,5,0,0,0,0,0,1,1,2,1,0,0,0,0,0,0,0,0,0,0,0,0,0,0,0,0,0,1,0,0,0,0,0,0,0,0,0,0,6,0,0,0,0,0,0,0,0,1,0,0,0,2,3,0,0,0,1,0,0,0,0,0,0,0,1,0,0,0,0,0,0,0,0,0,0,0,0,0,2,1,0,0,2,0,0,0,0,0,0,0,0,0,0,0,0,0,0,0,0,1,0,0,0,0,0,0,0,0,0,0,0,0,0,0,0,0,0,0,0,0,0,2,0,0,0,0,0,0,0,0,0,0,0,0,0,3,0,0,0,1,1,0,0,0,0,0,0,0,0,0,0,1,0,0,0,0,0,0,0,0,0,0,0,0,0,0,0,0,0,0,0,0,0,0,0,0,0,0,0,0,0,0,0,0,0,1,0,0,0,0,0,0,0,0,0,0,0,0,0,0,0,0,0,0,0,0,0,0,0,0,0,0,0,0,0,0,0,0,0,0,0,0,0,0,0,0,0,0,0,0,0,0,0,0,0,0,0,0,0,0,0,0,0,0,0,0,0,0,0,0,0,0,0,0,0,0,0,0,0,0,0,0,0,0,0,0,0,0,0,0,0,0,0,0,0,0,0,0,0,0,0,0,0,0,0,0
Budapest,83,1014098_1,33,188,22,5,18,23,17,2,2,81,0,0,65,139,723,2,36,171,7,79,6,5,42,45,7,90,31,7,9,69,121,8,5,0,92,206,63,29,231,2,6,53,206,39,8,125,2,5,22,0,10,0,7,33,34,25,0,376,0,281,34,39,121,4,0,192,11,133,25,19,39,51,474,0,8,0,5,8,119,77,7,12,1,121,0,0,6,5,1,27,100,84,43,0,749,35,29,0,3,4,6,17,0,5,6,18,15,2,96,2,2,0,3,23,13,23,0,1,9,4,3,1,12,0,12,0,0,9,0,0,2,8,2,1,1,0,11,2,7,2,5,6,0,1,4,9,2,4,0,5,2,10,3,0,3,1,16,3,2,0,0,2,0,0,0,3,3,0,0,2,1,0,0,0,0,0,1,0,3,0,1,0,1,0,0,1,0,0,0,0,12,34,1,0,3,1,0,2,0,1,0,1,13,11,2,3,1,0,0,0,1,0,15,6,0,1,1,1,0,0,0,1,0,0,6,28,0,0,0,0,7,1,2,0,0,4,0,0,0,0,0,1,3,0,0,0,0,0,0,0,2,0,0,0,0,2,0,0,0,0,2,0,0,0,0,2,3,1,0,0,0,0,0,0,0,0,1,0,0,0,0,0,1,0,2,4,0,0,0,0,0,1,0,0,0,0,0,0,1,0,0,0,0,0,0,0,0,1,0,0,0,0,1,0,0,6,0,0,0,1,1,0,0,0,0,0,0,0,0,1,0,0,0,0,0,0,0,0,0,1,0,0,0,0,0,0,0,1,0,0,0,0,0,0,0,0,0,0,0,0,0,0,0,0,0,0,0,0,0,0,0,0,0,0,0,0,0,0,0,0,0,0,0,0,1,0,0,0,0,0,0,0,0,0,0,0,0,0,0,0,0,0,1,2,0,0,0,0,0,0,0,0,2,0,0,0,1,0,0,1,0,0,0,0,0,0,0,0,0,0,0,0,0,0,0,0,0,0,0,0,0,0,0,0,0,0,0,0,0,0,0,0,0,0,0,0,0,0,0,0,0,0,0,0,0,0,0,0,0,0,0,0,0,0,0,0,0,0,0,0,0,0,0,0,0,0,0,0,0,0,0,0,0,0,0,0,0,0,0,0,0,0,0,0,0,0,0,0,0,0,0,0,0,0,0,0,0,0,0,0,0,0,0,0,0,0,0,0,0,0,0,0,0,0,0,0,0,0,0,0,0,0,0,0,0,0,0,0,0,0,0,0,0,0
Budapest,84,1014099_1,18,165,11,2,15,13,9,0,0,66,0,0,12,137,591,1,17,91,6,40,0,4,28,27,6,46,35,10,6,67,86,3,12,0,93,198,36,12,189,2,1,17,124,13,0,112,0,9,19,0,16,3,2,28,25,23,0,290,5,281,21,14,69,2,0,151,6,98,27,26,47,42,295,1,2,0,1,3,46,60,22,1,2,61,0,0,1,0,1,13,102,44,32,0,516,44,31,3,2,4,7,8,0,2,6,11,6,5,82,0,1,0,7,23,12,17,0,0,2,6,2,2,4,0,2,0,0,3,0,0,8,5,7,1,0,0,13,1,3,2,5,3,0,0,2,7,0,3,0,5,1,10,1,0,1,3,8,1,0,0,0,0,0,0,0,3,0,1,1,0,1,0,1,0,0,0,6,0,1,1,0,0,0,0,1,2,0,0,0,0,6,32,3,0,3,0,0,1,0,1,2,0,8,9,0,2,0,0,0,0,1,0,4,0,3,0,1,1,0,0,0,0,0,0,3,14,0,0,0,0,6,2,0,0,0,5,0,0,0,1,0,0,0,0,0,0,0,0,0,0,0,0,1,0,0,2,0,0,0,0,0,0,0,0,3,2,0,0,1,0,0,0,0,0,0,0,1,2,0,0,0,1,0,0,0,0,0,4,0,0,0,5,0,0,0,0,0,0,0,0,0,0,0,0,0,0,1,0,0,0,0,0,0,0,0,0,0,0,0,0,0,0,0,0,0,0,0,0,0,0,0,0,0,0,0,0,0,0,0,0,0,0,0,0,0,0,0,0,2,0,0,0,0,0,0,0,0,0,0,0,0,0,0,0,0,0,0,0,0,0,0,0,0,1,0,0,0,0,0,0,0,0,0,0,2,0,0,0,0,0,0,0,0,0,0,0,0,0,4,0,0,0,0,0,0,0,0,0,0,1,0,0,0,0,0,0,0,0,0,0,0,0,0,0,0,0,0,0,0,0,0,0,0,0,0,0,0,0,0,0,0,0,0,0,0,0,0,0,0,0,0,0,0,0,0,0,0,0,0,0,0,0,0,0,0,0,0,0,0,0,0,0,0,0,0,0,0,0,0,0,0,0,0,0,0,0,0,0,0,0,0,0,0,0,0,0,0,0,0,0,0,0,0,0,0,0,0,0,0,0,0,0,0,0,0,0,0,0,0,0,0,0,0,0,0,0,0,0,0,0,0,0,0,0,0,0,0,0,0,0,0,0,0,0,0,0,0,0,0,0,0,0,0,0
Budapest,87,1014103_1,96,632,65,16,36,72,35,1,4,238,2,0,359,505,1473,1,83,414,17,66,23,21,132,40,157,241,58,14,29,297,204,47,42,0,316,690,188,128,436,1,9,97,482,96,20,283,2,56,64,0,38,5,24,83,57,91,1,1593,4,1161,107,148,274,0,1,496,37,477,54,180,187,77,257,0,55,0,4,16,126,88,43,22,7,369,0,0,22,12,0,47,363,301,172,1,2768,171,105,2,42,23,14,34,0,58,24,34,117,14,231,0,22,0,26,37,53,23,0,8,28,8,19,3,39,0,3,0,0,11,0,0,8,31,27,3,2,0,19,7,24,6,0,15,2,2,7,37,4,5,7,12,41,41,47,0,63,3,6,0,2,1,0,10,0,5,0,18,3,1,0,5,0,18,1,0,20,7,1,0,0,0,1,1,8,0,6,12,1,5,0,3,7,102,4,0,5,2,1,0,1,0,1,0,10,51,12,9,6,3,1,0,1,2,30,1,4,2,15,2,0,0,0,16,0,0,26,134,0,0,0,0,8,3,20,5,0,9,1,0,0,0,0,0,1,0,2,0,0,0,0,0,7,0,1,2,0,2,0,0,0,2,0,10,3,0,0,3,0,1,6,2,0,0,0,0,0,0,0,0,0,3,0,4,1,0,0,16,0,0,1,0,0,2,0,0,0,1,0,1,0,0,1,0,0,0,0,0,1,0,0,4,0,0,0,0,0,2,0,0,0,4,0,0,0,1,0,1,1,0,0,3,0,0,0,2,0,0,0,0,0,0,0,0,0,1,0,2,0,6,3,0,2,0,0,2,0,0,0,0,2,0,0,0,0,0,0,0,0,0,0,0,0,0,0,0,0,0,1,0,0,0,0,0,0,0,0,0,0,0,1,2,0,0,0,0,0,1,1,0,1,0,0,0,0,7,0,0,0,0,1,0,0,1,4,0,0,0,0,0,0,0,0,0,0,0,0,0,0,0,0,0,0,0,0,0,0,0,0,0,0,0,0,0,0,0,0,0,0,0,0,0,0,0,0,1,0,0,0,0,0,0,0,0,0,0,0,0,0,0,0,0,0,0,0,0,0,0,0,0,0,0,0,0,0,0,0,0,0,0,0,0,0,0,0,0,0,0,3,0,0,0,0,0,0,0,0,0,0,0,0,0,0,0,0,0,0,0,0,0,0,0,2,0,0,0,0,0,0,0,0,0,0,0,0,0,0,0,0,0,0,0,0,0,0,0,0,0,0,0,0,0,0,0,0,0
Budapest,90,1014106_1,107,584,41,25,47,326,73,2,1,262,0,0,259,416,2991,6,70,1120,8,295,7,65,125,58,65,816,77,42,44,461,288,9,130,5,658,622,241,70,529,4,911,258,466,84,68,468,0,57,62,0,73,6,33,94,189,70,1,2051,5,947,100,88,292,10,7,1936,19,431,123,148,255,191,225,4,14,0,28,13,480,169,32,43,7,727,2,0,72,35,2,79,326,377,140,5,3411,72,166,13,7,46,19,213,4,27,14,132,31,16,276,0,1,0,48,11,71,65,0,6,25,13,28,8,16,0,0,0,0,7,0,0,10,10,37,5,8,0,26,2,6,9,1,3,6,38,5,22,6,8,2,13,18,66,7,0,20,4,23,3,11,2,0,24,1,2,0,9,5,1,0,2,4,1,0,3,6,0,3,0,6,0,3,1,2,11,0,12,2,4,0,0,12,4,2,0,6,3,0,0,1,4,0,0,9,24,2,24,14,3,1,0,0,0,16,2,60,4,10,4,1,0,5,2,0,0,14,18,1,0,1,3,12,1,2,7,0,1,0,1,0,3,0,2,0,0,5,1,0,0,0,0,0,0,0,0,0,5,0,0,0,2,0,0,0,0,1,0,2,1,8,0,0,0,0,0,0,0,3,1,0,0,0,4,1,1,0,3,2,3,2,0,0,2,0,2,0,0,0,0,0,0,1,2,0,0,0,0,5,6,0,2,0,0,0,0,1,1,0,0,0,1,0,0,0,0,0,0,0,1,1,0,0,0,0,0,0,3,0,0,0,1,0,0,0,0,0,0,1,19,14,0,2,0,0,1,0,0,2,0,0,0,0,0,0,0,0,0,0,1,0,0,1,0,1,1,0,0,0,0,0,2,0,0,1,0,6,0,0,0,3,0,0,0,0,1,0,0,0,1,6,0,0,0,0,9,3,0,0,0,0,0,2,0,1,0,0,0,0,0,1,0,0,0,0,0,0,0,0,1,0,0,0,0,0,0,0,0,0,0,0,0,2,0,1,0,0,0,0,0,0,0,0,0,0,0,0,0,0,0,0,0,0,0,0,0,0,0,0,0,0,0,0,0,0,0,4,0,0,0,0,0,0,0,0,0,0,0,0,3,1,0,0,0,0,1,0,0,0,0,0,0,0,0,0,0,0,0,0,0,0,0,0,0,0,0,0,1,1,0,0,0,0,0,0,0,0,0,0,0,0,0,0,0,0,0,0,0,0,0,0,0,0,0,0,0,0,0,0,0,0,0,0,0,0,0
Budapest,91,1014107_1,44,289,28,12,43,334,48,1,7,126,0,2,445,199,768,0,95,851,7,191,6,33,71,17,61,371,28,11,11,134,79,14,56,4,329,268,113,144,161,5,153,157,217,30,48,129,0,108,54,0,57,6,24,11,175,35,2,1373,5,395,47,46,108,3,14,939,31,199,115,185,106,77,165,0,33,1,13,3,335,116,12,56,0,354,1,0,129,11,0,14,104,328,223,2,2166,73,48,11,2,7,6,311,1,16,16,61,66,20,64,0,0,2,23,17,18,31,0,1,9,1,13,2,20,0,0,0,0,3,0,0,6,16,9,5,6,0,5,0,2,3,3,3,0,37,3,28,6,4,3,3,14,20,10,0,9,10,2,0,5,0,0,16,0,5,3,5,4,7,0,2,16,1,2,0,12,0,7,9,0,1,0,0,1,1,0,4,1,3,0,2,4,4,7,0,2,0,0,0,0,0,0,2,2,40,3,7,10,1,1,0,0,0,7,0,45,1,13,0,0,0,13,1,0,0,9,10,0,0,1,0,0,0,4,2,1,2,0,0,0,6,4,4,1,0,3,2,0,0,0,0,2,0,0,0,0,1,0,1,1,0,2,9,2,0,1,3,0,0,3,8,0,0,0,0,2,0,6,2,0,0,0,0,1,0,1,1,0,0,0,0,0,1,0,1,0,0,0,18,0,0,2,0,2,0,0,0,7,1,0,1,0,0,2,0,0,4,0,0,0,1,1,0,0,0,0,1,1,0,1,1,1,0,0,0,0,0,0,0,1,0,0,0,0,0,0,0,2,13,8,0,3,0,0,0,0,2,0,0,0,0,2,0,0,0,0,0,0,0,0,0,0,0,0,1,0,0,0,0,0,0,3,0,0,0,2,0,0,0,0,0,0,0,0,0,0,0,0,0,0,0,0,0,0,5,0,0,0,0,0,3,0,14,1,0,0,0,0,0,0,0,0,0,2,0,0,0,5,0,0,0,1,0,0,0,0,0,0,0,0,0,0,0,0,0,0,0,0,0,0,0,0,0,0,3,0,0,0,0,0,0,0,0,0,0,0,0,0,0,0,0,0,0,0,0,0,0,0,0,0,0,0,0,0,0,0,0,0,5,1,1,1,1,1,1,0,0,0,0,0,0,0,0,0,0,0,0,0,0,0,0,0,0,0,0,0,0,0,0,0,0,0,0,0,0,0,0,0,0,0,0,0,0,0,0,0,0,0,0,0,0,0,0,0,0,0,0,0,0,0,0,0,0,0,0
Budapest,94,1014111_1,58,336,44,7,19,143,57,0,1,183,0,0,240,255,2063,0,67,1321,5,354,3,45,96,47,53,447,49,14,26,219,130,14,61,6,282,317,179,66,313,0,5,105,276,66,46,238,0,44,47,0,44,1,25,58,89,46,2,1389,5,518,55,70,221,7,3,702,11,173,82,83,113,35,137,0,12,0,15,1,575,47,19,28,1,595,2,0,76,4,1,57,176,214,143,1,2325,33,88,25,33,18,3,48,0,10,19,41,17,3,139,2,68,0,8,9,47,11,0,3,10,1,25,2,17,0,0,0,0,10,2,0,20,14,16,0,1,0,1,1,4,5,2,5,1,11,3,14,1,11,0,12,6,30,3,0,18,1,10,0,5,0,0,5,0,1,2,19,1,1,1,0,0,0,0,0,3,2,5,0,3,0,0,3,1,0,5,9,3,1,0,3,2,59,12,0,0,0,0,1,2,0,2,0,1,21,0,7,0,7,2,0,3,0,2,0,5,1,12,1,0,0,0,4,0,0,9,15,0,0,1,0,3,1,6,2,0,12,0,2,0,1,0,0,0,0,4,1,0,0,0,0,0,0,0,0,0,4,0,0,0,0,1,1,0,0,7,0,2,0,2,0,0,2,0,0,0,0,1,3,1,0,0,0,3,0,1,2,2,3,1,0,0,0,0,0,0,0,0,0,2,2,2,0,0,0,0,0,2,1,0,0,0,0,0,0,1,0,0,0,0,0,0,0,0,1,0,0,0,1,0,0,0,0,0,0,0,1,0,0,0,0,0,0,0,0,0,0,0,2,9,1,5,0,0,0,0,0,0,0,0,0,0,0,0,0,0,0,0,0,0,0,0,0,0,0,0,0,0,0,0,0,0,0,0,0,1,0,0,0,0,0,0,0,0,0,0,0,0,0,1,0,0,0,0,2,1,0,0,1,1,4,1,1,2,1,0,0,0,0,0,0,0,0,0,0,0,0,0,0,0,0,0,0,0,0,0,0,0,0,0,0,0,0,0,0,0,0,0,0,0,0,0,0,0,0,0,0,0,0,0,0,0,0,0,0,0,0,0,0,0,0,0,0,0,0,0,0,0,0,0,0,0,0,0,0,0,0,0,0,0,0,0,0,0,0,0,0,0,0,0,0,0,0,0,0,0,0,0,0,0,0,0,0,0,0,0,0,0,0,0,0,0,0,0,0,0,0,0,0,0,0,0,0,0,0,0,0,0,0,0,0,0,0,0,0,0,0,0,0,0,0,0,0,0,0
Budapest,96,1014114_1,66,459,40,8,23,125,49,1,4,245,0,16,138,303,2693,0,158,1158,6,397,4,36,137,129,55,636,110,16,25,340,189,4,47,5,326,450,238,52,501,2,21,105,352,107,53,495,1,53,65,0,29,17,17,80,69,49,3,1518,2,708,64,111,322,2,6,681,4,272,115,81,229,68,119,2,9,0,22,2,593,65,10,45,2,638,1,0,66,8,0,58,289,241,132,2,2625,33,110,45,58,14,3,73,0,8,55,73,23,7,144,0,170,0,3,12,57,12,0,0,9,8,37,3,22,0,3,0,1,4,0,1,12,22,13,1,2,0,7,2,0,6,1,10,0,8,5,9,0,7,0,24,7,30,0,0,8,1,8,0,1,0,0,8,0,5,0,22,2,1,0,0,0,0,0,0,2,0,11,0,4,3,1,0,0,7,0,10,0,4,0,1,9,101,14,0,1,0,0,1,0,0,0,2,4,6,1,5,0,3,4,0,1,0,2,0,4,2,3,0,0,0,0,0,6,0,6,7,0,0,2,0,8,1,3,2,3,10,3,0,0,2,1,0,0,0,2,0,0,0,3,0,3,0,0,0,0,3,0,0,0,0,0,0,0,2,5,0,2,0,5,0,0,0,0,0,0,0,2,0,0,0,0,0,1,5,0,3,2,6,2,0,0,0,0,0,0,0,0,0,0,0,2,1,0,0,2,0,3,1,0,4,0,0,0,0,0,0,0,0,0,1,1,0,0,0,0,0,0,2,0,2,1,0,0,0,0,0,0,0,0,0,0,0,0,0,0,0,0,8,5,0,4,0,0,1,0,0,0,0,0,0,0,0,0,2,0,0,0,1,0,0,0,0,0,0,0,0,0,0,0,1,0,0,0,0,3,0,0,0,0,0,1,0,0,0,0,0,0,0,0,0,1,0,0,1,2,0,0,0,0,5,0,0,3,0,0,0,0,0,0,0,0,0,0,0,0,0,0,0,0,0,1,0,0,0,0,0,0,0,0,0,1,2,0,0,0,0,0,1,0,0,0,0,0,0,0,0,0,0,0,0,0,0,0,0,0,0,0,0,0,0,0,0,0,0,0,0,0,0,0,0,0,0,0,0,0,0,0,0,0,0,0,1,0,0,0,0,0,0,0,0,0,0,0,0,0,0,0,0,0,0,0,0,0,0,0,0,0,0,0,0,0,0,0,0,0,0,0,0,0,0,0,1,0,0,0,0,0,0,0,0,0,0,0,0,0,0,0,0,0,0,0,0,0,0
Budapest,99,1014117_1,28,140,12,1,5,73,23,0,0,78,4,0,168,79,536,0,113,269,3,89,3,10,27,8,28,88,16,3,3,74,37,17,35,2,87,162,43,27,67,20,20,32,154,44,13,66,0,22,14,0,18,15,14,18,49,10,1,390,0,260,34,23,42,12,0,314,3,206,86,200,52,9,36,0,8,1,9,0,159,13,4,24,0,139,1,0,42,2,0,10,63,57,152,0,701,27,23,7,6,7,1,40,0,4,11,23,7,7,21,0,3,0,2,5,13,2,0,3,3,2,5,0,8,1,0,0,0,3,0,0,3,34,8,0,1,0,2,1,2,0,0,9,0,6,5,5,2,0,1,7,4,34,0,0,8,2,1,0,2,0,0,0,0,0,0,23,0,1,0,0,1,0,0,0,1,0,2,0,2,1,0,0,5,1,1,0,6,39,0,0,0,1,4,0,1,2,0,0,0,0,6,0,2,21,1,108,0,3,0,0,2,0,0,1,4,0,8,0,0,0,5,5,1,0,16,4,0,0,2,1,3,0,0,3,4,0,0,0,0,4,1,0,1,0,2,9,0,0,0,0,1,0,0,0,0,0,0,2,0,1,0,5,0,0,1,0,1,0,6,0,0,0,0,0,0,0,1,3,1,0,0,0,0,0,0,0,0,2,0,0,0,0,0,0,0,1,0,0,0,0,0,0,0,0,0,0,2,3,0,0,0,0,0,0,0,0,0,0,0,0,0,0,0,0,0,0,0,2,0,0,0,0,1,0,0,0,0,0,0,2,0,0,0,0,0,0,0,3,3,0,0,0,0,0,0,0,0,0,0,0,0,0,0,0,0,0,0,0,0,0,0,0,0,2,1,0,0,0,0,0,0,0,0,0,0,0,0,0,0,0,0,0,0,0,0,0,0,0,15,0,0,0,0,0,0,0,0,0,0,5,0,0,0,2,0,0,0,0,0,0,0,0,0,2,0,2,3,0,0,0,0,0,0,0,0,0,0,0,1,0,0,0,0,0,0,0,0,0,0,1,0,0,0,1,0,0,0,0,0,0,0,0,0,0,0,0,0,0,0,0,0,0,0,1,0,0,0,0,0,0,0,0,0,0,0,0,0,1,0,0,0,0,0,0,0,0,0,0,0,0,8,1,1,0,0,0,0,0,0,0,0,0,0,0,0,0,0,0,0,0,0,0,0,0,0,0,0,0,0,0,0,0,0,0,0,0,0,0,0,0,0,0,0,0,0,0,0,0,0,0,0,0,0,0
Budapest,102,1014120_1,27,315,34,15,31,131,38,3,1,121,0,0,154,147,1908,0,69,1529,6,422,5,33,100,42,28,555,39,14,21,163,122,3,45,9,223,387,154,48,212,2,12,83,262,55,94,235,1,49,54,0,62,6,30,52,69,46,6,1134,1,418,38,74,161,11,2,639,15,186,127,72,94,59,130,1,7,1,9,3,688,63,5,36,1,574,0,0,38,9,0,48,152,142,136,4,1650,30,134,40,18,9,6,96,2,1,29,26,16,8,81,1,11,0,13,2,62,21,0,2,4,5,36,2,9,0,6,0,1,12,0,0,10,8,13,0,3,0,2,0,1,4,0,2,4,16,4,20,0,4,0,10,14,23,10,0,8,2,3,2,5,1,0,4,0,0,9,6,1,0,0,0,1,0,0,0,4,0,1,0,0,0,1,3,0,1,1,4,3,1,0,0,2,29,11,0,2,0,3,2,0,1,0,0,12,17,1,2,0,0,2,0,3,1,1,0,7,0,7,4,0,0,0,3,1,0,5,3,0,0,0,0,2,0,1,1,0,8,0,1,0,2,0,2,0,0,3,0,0,0,0,0,0,0,2,3,0,7,1,0,0,0,0,0,0,0,0,0,2,0,5,2,0,0,0,0,0,3,1,1,0,0,0,1,2,0,0,1,2,3,1,0,0,0,0,0,0,0,0,0,0,0,0,0,0,0,0,0,1,0,0,0,0,0,1,0,0,0,0,0,0,1,0,0,0,0,0,0,0,1,0,0,1,0,0,0,0,0,0,0,0,1,0,0,0,0,0,0,6,0,1,0,7,0,0,0,0,0,0,0,0,0,0,0,0,1,0,0,0,0,0,0,0,0,0,0,0,0,1,0,0,0,0,0,0,1,3,0,0,0,1,1,1,0,0,0,0,0,0,1,0,0,2,0,0,1,0,0,0,0,0,2,0,0,2,0,0,0,0,0,0,0,0,2,0,0,0,0,0,0,0,0,0,0,0,0,0,0,0,0,0,0,1,1,0,0,0,0,0,0,1,0,1,0,0,0,0,0,0,0,0,0,0,0,0,0,0,0,0,0,0,0,0,0,0,0,3,0,0,0,0,0,0,0,0,0,0,0,0,0,0,0,0,0,0,0,0,0,2,0,0,0,0,0,0,0,0,0,0,0,0,0,0,0,0,0,0,0,0,0,0,0,0,0,1,5,0,0,0,0,0,0,0,0,0,0,0,0,0,0,0,0,0,0,0,0,0,0,0,0,0,0,0,0,0,0
Budapest,103,1014121_1,16,252,25,3,9,79,15,0,2,112,0,3,137,133,1019,0,42,773,4,192,5,25,42,24,31,258,26,5,12,112,51,4,43,0,83,249,63,18,163,0,7,27,149,34,31,125,0,22,30,0,35,1,20,28,58,30,2,559,1,322,35,33,101,14,6,573,5,136,38,36,58,27,82,0,9,0,35,1,316,22,8,22,0,319,0,0,17,3,1,31,100,99,53,1,1060,35,55,12,12,7,0,45,0,0,18,18,9,7,54,0,20,0,12,15,44,17,0,1,0,0,15,3,7,0,0,0,0,7,0,0,5,10,8,0,0,0,1,4,2,4,2,6,2,5,1,6,1,5,0,5,4,19,3,0,8,0,1,0,6,0,0,1,0,0,19,9,0,0,0,0,0,0,0,2,2,0,2,0,2,0,0,0,0,0,0,4,3,1,0,0,0,10,3,0,1,0,0,1,0,2,0,0,6,8,2,11,0,1,1,0,1,2,0,2,3,0,5,0,0,0,0,5,5,0,2,1,0,0,0,0,0,0,0,2,0,4,1,0,0,7,0,0,0,0,0,2,0,0,0,0,0,0,0,0,0,4,0,1,0,0,0,3,0,0,2,0,1,0,7,1,0,0,0,0,1,0,0,0,1,0,0,0,1,0,0,1,0,2,0,0,0,0,0,0,0,0,0,0,0,0,0,0,0,0,0,0,4,0,0,0,0,0,2,2,0,0,0,0,0,1,0,0,0,0,1,0,0,0,0,0,0,0,0,0,0,0,0,0,0,1,0,0,0,0,0,0,1,3,5,0,2,0,0,1,0,0,0,0,0,0,0,0,0,0,0,0,0,0,0,0,0,1,0,1,0,0,0,0,0,0,0,0,0,0,2,0,0,0,0,0,0,0,0,0,0,0,0,0,3,0,0,0,0,1,0,0,0,0,0,4,1,2,0,0,0,0,0,0,0,0,0,0,0,0,0,0,0,0,0,0,0,0,0,0,0,1,0,0,0,0,0,0,0,0,0,0,0,0,0,0,0,0,0,0,0,0,0,0,0,0,0,0,0,0,0,0,0,0,0,0,0,0,0,0,0,0,0,0,0,0,0,0,0,0,0,0,0,0,0,0,0,0,0,0,0,0,0,0,0,0,0,0,0,0,0,0,0,0,0,0,0,0,0,0,0,0,0,0,0,0,0,0,0,0,0,0,0,0,0,0,0,0,0,0,0,0,0,0,0,0,0,0,0,0,0,0,0,0,0,0,0,0,0,0
Budapest,106,1014124_1,28,289,14,38,34,101,34,1,0,102,0,10,104,138,1630,0,17,937,7,180,5,36,43,29,18,302,22,6,23,100,43,9,47,4,101,293,81,28,114,0,3,32,203,31,69,96,2,47,32,0,40,1,20,42,34,20,1,525,0,324,39,29,125,4,4,798,12,197,59,34,66,64,114,3,5,0,31,3,311,68,2,15,1,309,2,0,16,5,1,46,84,67,66,5,928,39,80,38,9,7,0,58,0,2,7,19,11,8,67,4,3,0,26,4,84,26,0,3,2,5,26,3,5,0,0,0,0,1,0,0,8,10,17,1,1,0,0,0,0,2,0,6,0,9,0,8,0,3,0,1,4,19,9,0,6,0,5,1,5,1,0,10,0,0,2,9,0,1,0,0,0,0,1,1,0,0,6,0,0,0,2,1,1,3,0,4,3,9,0,1,4,6,3,0,4,0,0,0,3,1,0,0,13,2,2,13,0,0,4,0,3,0,0,4,1,1,7,0,0,0,0,2,9,0,2,2,0,0,0,0,0,2,1,1,0,2,0,3,0,1,0,0,0,0,0,4,0,0,3,0,0,0,0,0,0,1,0,2,0,0,0,0,0,0,3,0,6,0,4,0,0,0,0,0,0,0,1,1,0,0,0,2,0,0,1,1,2,3,0,1,0,2,0,0,0,0,0,0,0,0,3,2,0,1,0,0,3,2,0,1,0,0,0,0,0,0,0,0,0,0,0,0,0,0,0,0,0,2,0,2,0,0,0,0,1,1,0,0,0,2,0,0,0,0,0,0,1,1,0,0,2,0,0,2,0,0,0,0,0,0,0,0,0,3,0,0,0,0,0,0,0,0,0,1,0,0,0,0,0,0,0,0,0,0,6,0,0,0,0,0,0,0,0,0,0,0,0,0,1,0,0,0,0,0,0,0,0,0,0,0,0,0,1,0,0,0,0,0,0,0,0,0,0,0,0,0,0,0,0,0,0,0,0,0,0,0,0,0,0,0,0,0,0,0,0,0,0,0,0,0,0,0,1,0,0,0,0,0,0,0,0,0,0,0,0,0,0,0,0,0,0,0,0,0,0,0,0,0,0,0,0,0,0,0,0,0,0,0,0,0,0,1,0,0,0,0,0,0,0,0,0,0,0,0,0,0,0,0,0,0,0,0,0,0,0,0,0,0,0,0,0,0,0,0,0,0,0,0,0,0,0,0,0,0,0,0,0,0,0,0,0,0,0,0,0,0,0,0,0,0,0,0,0,0
Budapest,107,1014125_1,13,222,25,0,29,116,18,0,1,107,0,0,201,118,996,0,130,509,1,132,2,27,63,11,24,205,22,10,11,114,49,6,49,2,167,223,94,35,157,0,4,31,179,33,20,94,0,37,50,0,53,3,16,16,73,20,3,617,1,438,34,21,79,2,1,646,14,101,75,118,88,31,62,0,8,0,18,3,253,39,7,21,0,272,0,0,42,17,0,20,89,93,154,3,1072,36,72,20,1,3,1,51,1,2,13,21,30,9,37,0,1,0,3,6,31,12,0,3,7,5,9,0,10,2,2,0,0,3,0,0,11,21,11,0,0,0,3,0,1,1,0,6,2,7,0,20,1,1,1,6,5,53,5,0,10,0,2,0,3,1,0,0,0,0,1,3,3,0,0,0,0,1,0,0,2,0,2,0,0,0,1,3,1,1,4,1,2,1,0,0,1,1,3,0,0,3,0,0,0,0,0,0,7,3,1,2,2,0,2,0,0,0,0,0,3,2,16,0,0,0,6,2,0,0,2,8,0,0,0,0,4,1,2,4,0,2,0,1,0,0,0,0,0,0,0,0,0,0,0,0,1,0,1,0,0,2,0,0,0,2,0,0,0,0,1,1,3,0,2,0,0,0,0,0,0,0,3,0,0,0,0,0,0,0,0,3,0,2,0,0,0,0,0,0,0,0,0,0,0,0,4,0,1,0,0,0,6,2,0,0,0,0,0,0,0,0,0,0,0,0,0,0,0,0,0,0,0,0,1,13,0,0,0,0,0,0,0,0,0,0,0,0,0,0,0,0,0,1,4,0,7,0,0,0,0,1,0,0,1,0,0,0,0,0,0,0,0,0,1,0,0,0,0,1,1,0,0,0,0,0,0,1,0,0,0,0,0,0,1,0,0,0,0,0,0,0,0,0,0,0,0,0,0,1,0,0,0,0,0,0,0,0,0,0,0,0,0,0,0,0,1,0,0,0,0,0,3,1,0,0,0,0,0,0,0,0,0,2,4,0,0,2,0,0,0,0,0,0,0,0,0,0,0,0,0,0,0,0,0,0,0,0,0,0,0,0,0,0,0,0,0,0,0,0,0,0,0,0,2,0,1,0,0,0,0,0,0,1,0,0,0,0,0,0,0,0,0,0,0,0,0,0,0,0,0,0,0,0,0,0,0,0,0,0,0,0,0,0,0,0,0,0,0,0,0,0,0,0,0,0,0,0,0,0,0,0,0,0,0,0,0,0,0,0,0,0,0,0,0,0,0,0,0,0
Budapest,110,1014129_1,1,38,1,21,2,3,0,0,0,11,0,0,5,9,118,0,1,39,1,5,3,4,11,0,0,20,3,0,1,5,3,0,1,0,25,70,27,0,11,0,0,2,32,1,1,7,0,0,5,0,1,0,0,6,2,4,0,108,0,50,1,2,12,0,0,26,0,17,9,13,4,3,63,0,0,0,9,0,29,1,2,4,0,21,0,0,3,0,0,2,9,32,24,0,230,2,3,0,0,0,0,2,0,0,1,0,2,0,0,0,1,0,0,1,9,2,0,0,0,0,3,2,0,0,0,0,0,2,0,0,1,10,2,0,2,0,0,0,0,0,0,1,0,2,0,1,0,0,0,0,2,6,1,0,0,0,0,0,0,0,0,0,0,0,1,0,0,0,0,0,0,1,0,0,0,0,0,0,0,0,0,0,0,2,0,2,0,0,0,0,0,1,0,0,0,0,0,0,0,0,0,0,0,3,0,0,0,0,0,0,0,0,0,0,0,0,0,0,0,0,0,1,0,0,1,2,0,0,1,3,0,0,0,0,0,0,0,0,0,0,0,0,0,0,2,0,0,0,0,0,0,0,0,0,0,0,0,2,0,0,0,0,0,0,0,0,0,0,2,0,0,0,0,0,1,6,0,0,0,0,0,0,0,0,0,0,2,0,0,0,0,0,0,0,0,0,0,0,0,0,0,0,0,0,0,0,0,0,0,0,0,0,0,0,0,0,0,0,0,0,0,0,0,0,0,0,0,0,1,0,0,0,0,0,0,0,0,0,0,0,0,0,0,0,0,0,0,0,0,0,0,0,18,0,0,0,0,0,0,0,0,0,0,0,0,0,0,1,0,0,0,0,0,1,0,0,0,0,0,0,0,0,0,1,0,0,0,0,0,0,0,0,0,0,0,0,0,0,0,0,0,0,0,0,0,0,0,0,0,0,0,0,0,1,0,0,0,0,0,0,0,0,0,0,0,0,0,0,0,0,0,0,0,0,0,0,0,0,0,0,0,0,0,0,0,0,0,0,0,0,0,0,0,0,0,0,0,0,0,0,0,0,0,0,0,0,0,0,0,0,0,0,0,0,0,0,0,0,0,0,0,0,0,0,0,0,0,0,0,0,0,0,0,0,0,0,0,0,0,0,0,0,0,0,0,0,0,0,0,0,0,0,0,0,0,0,0,0,0,0,0,0,0,0,0,0,0,0,0,0,0,0,0,0,0,0,0,0,0,0,0,0,0,0,0,0,0,0,0,0,0,0,0,0
Budapest,112,1014131_1,44,373,41,65,31,104,39,2,0,93,0,0,146,160,1372,0,57,919,2,274,7,20,95,26,29,340,42,8,21,135,87,5,28,3,282,392,153,40,180,0,7,67,217,25,35,149,0,53,53,0,24,10,24,41,49,55,3,1732,1,432,35,54,149,3,3,423,6,150,91,81,73,46,123,1,9,2,243,1,436,52,17,15,0,386,4,0,60,6,0,28,119,252,133,2,2842,56,96,29,10,8,5,44,0,3,16,25,7,3,90,5,18,0,10,10,33,17,0,6,11,7,48,1,10,0,4,0,0,6,0,0,12,18,26,0,0,0,8,0,2,3,2,2,1,9,3,9,6,10,2,9,4,19,0,0,2,0,8,0,1,1,0,12,0,1,2,12,1,1,2,0,0,2,0,0,4,0,5,0,3,0,4,0,1,1,0,3,2,1,0,0,6,11,5,0,3,0,0,3,1,0,0,0,9,7,1,10,0,3,3,0,1,0,2,0,1,0,5,1,0,0,1,0,9,0,10,8,0,0,0,3,4,0,1,0,4,3,0,0,0,5,0,0,0,0,3,0,0,0,0,0,2,0,0,0,0,1,0,0,0,0,0,1,0,0,3,0,2,0,10,1,0,0,0,0,4,0,2,1,0,0,0,0,3,0,0,0,0,2,0,0,0,0,0,1,0,0,0,0,0,0,0,0,0,0,0,0,1,1,0,3,0,0,0,0,0,0,0,0,0,0,0,0,0,0,0,0,0,0,0,1,0,0,0,0,0,0,0,0,0,0,0,0,0,0,0,0,0,2,0,0,6,0,1,2,0,0,0,0,0,0,1,0,0,2,0,0,0,0,0,0,0,0,0,3,1,0,0,0,0,0,0,0,0,0,0,0,0,0,0,0,0,0,0,0,0,0,0,0,1,0,0,0,0,1,0,0,0,0,0,4,0,0,0,3,0,0,0,0,0,0,0,0,0,0,0,0,1,0,0,0,0,0,0,0,0,0,0,0,0,0,0,1,0,0,0,0,0,0,0,0,3,0,0,0,0,0,0,0,0,0,0,0,0,0,0,0,0,0,0,0,0,0,0,0,0,0,0,0,0,0,0,0,0,0,0,0,0,0,0,0,0,0,0,0,0,0,0,0,0,0,1,0,0,0,0,0,0,0,0,0,0,0,0,0,0,0,0,0,0,0,0,0,0,0,0,0,0,0,0,0,0,0,0,0,0,0,0,0,0,0,0,0,0,0,0,0,0,0,0,0,0,0,0,0
Budapest,113,1014137_1,63,295,31,16,15,172,39,0,3,153,0,10,393,174,1655,1,92,954,5,321,2,35,225,48,47,393,36,5,22,136,94,2,40,1,241,276,286,99,226,2,5,61,179,35,41,179,1,205,175,0,53,11,21,47,42,21,4,2008,1,434,26,64,124,4,10,465,6,221,115,154,86,35,86,7,3,2,140,1,579,60,6,47,0,436,1,0,53,9,0,39,136,288,295,2,3121,36,79,43,4,21,1,136,5,3,22,47,15,12,33,8,49,0,3,5,33,16,0,0,2,9,66,1,37,1,1,2,0,3,0,0,7,22,18,0,2,0,1,0,5,0,1,0,1,9,1,32,0,2,7,5,4,21,4,0,2,0,5,0,3,0,0,17,0,0,3,14,0,2,0,0,0,6,2,0,3,0,6,0,3,0,3,4,2,4,4,4,0,1,0,3,7,23,7,0,0,0,2,0,0,1,0,0,16,6,2,3,0,2,11,0,2,2,0,1,4,2,20,0,0,0,0,2,1,0,7,1,1,0,0,0,2,0,2,0,1,6,0,0,0,1,0,0,0,0,5,0,0,0,0,0,7,0,2,0,0,1,0,2,2,0,0,1,0,0,5,0,1,0,5,0,0,0,0,0,0,0,3,1,0,1,0,1,1,0,0,1,0,7,0,0,0,4,0,0,0,0,0,0,0,0,1,0,3,0,0,0,3,0,0,1,0,0,1,0,1,0,1,0,0,0,0,0,0,2,0,0,0,1,1,0,0,0,0,0,2,0,0,0,0,0,0,0,0,1,0,2,3,1,6,0,7,0,2,7,0,2,0,0,0,0,0,0,0,4,0,0,0,0,0,0,0,0,0,3,1,0,0,1,0,1,2,0,0,0,1,1,1,0,0,0,2,0,0,0,0,0,0,0,1,0,0,0,0,0,0,0,0,0,0,0,1,0,0,1,0,0,0,0,1,0,0,0,0,0,0,0,0,1,0,0,0,1,0,0,0,0,0,5,0,0,3,0,0,0,1,0,0,0,0,0,0,0,0,0,0,0,0,0,0,0,0,0,0,0,0,0,0,0,0,0,0,0,0,0,1,0,0,0,0,0,0,0,0,0,0,0,0,0,0,0,0,0,0,0,0,0,0,0,0,0,0,0,0,0,0,0,0,0,0,0,0,0,0,0,0,0,0,0,0,0,0,1,0,0,0,0,0,0,0,2,0,0,0,0,0,0,0,0,0,1,1,0,0,0,0,0,0,0,0,0,0,0,0,0
Budapest,116,1014134_1,10,178,8,2,3,23,10,1,0,28,0,0,61,57,388,1,27,271,3,74,1,7,28,16,0,122,9,4,6,36,21,2,10,2,67,174,36,16,41,0,1,11,94,11,8,46,0,24,19,0,7,0,8,13,13,4,1,365,1,116,5,11,47,0,2,163,3,57,25,27,34,26,109,0,1,0,60,1,122,12,14,5,0,97,0,0,8,2,0,12,57,48,31,0,607,12,28,5,0,0,2,27,0,5,3,13,2,6,28,3,16,0,6,10,17,7,0,1,1,0,8,0,9,0,0,0,0,1,0,1,0,5,6,0,0,2,3,0,1,2,5,0,0,5,1,6,1,2,0,0,1,4,4,0,3,0,8,0,1,0,0,1,0,0,3,3,0,2,0,0,0,2,0,0,4,0,0,0,0,0,1,1,1,0,1,3,2,0,0,0,1,5,3,0,1,0,1,0,0,0,0,0,4,7,0,1,0,1,0,0,0,0,0,0,1,2,3,3,0,0,0,1,0,0,3,13,0,0,1,0,0,0,1,0,0,0,0,0,0,1,0,0,0,0,0,0,0,0,0,0,0,0,0,0,0,1,0,0,0,0,0,0,0,0,0,0,0,0,1,0,0,0,0,0,0,0,3,0,0,0,0,0,0,2,0,0,0,2,2,3,0,0,0,0,0,2,0,0,0,0,0,0,0,0,0,0,1,0,0,0,0,0,0,0,0,0,0,0,0,0,0,0,0,1,0,0,0,0,0,0,0,0,0,0,0,0,0,0,0,0,0,0,0,0,0,0,0,1,1,0,0,0,0,0,0,0,0,0,0,0,0,0,0,1,0,0,0,0,0,0,0,0,0,0,0,0,0,0,0,0,0,0,0,0,0,0,0,0,0,0,0,0,0,0,0,0,0,0,1,0,0,0,0,1,0,0,0,1,0,0,0,0,0,0,0,0,0,0,0,0,0,0,0,1,0,0,0,0,0,0,0,0,0,0,0,0,0,0,0,0,0,0,0,0,0,0,0,0,0,0,1,0,0,0,0,0,0,0,0,0,0,0,0,0,0,0,0,0,0,0,0,0,0,0,0,0,0,0,0,0,0,0,0,0,0,0,0,0,0,0,0,0,0,0,0,0,0,0,0,0,0,0,0,0,0,0,0,0,0,0,0,0,0,0,0,0,0,0,0,0,0,0,0,0,0,0,0,0,0,0,0,0,0,0,0,0,0,0,0,0,0,0,0,0,0,0,0,0,0,0,0,0,0,0
Budapest,117,1014135_1,32,246,17,13,15,71,31,0,0,56,0,0,202,110,1037,0,18,635,4,188,3,13,68,17,10,258,20,4,13,107,67,6,18,2,167,208,124,28,128,0,1,39,127,22,29,113,0,42,49,0,32,4,10,29,24,21,2,920,0,249,24,34,67,7,5,338,12,137,41,40,36,32,210,0,6,2,8,0,300,53,12,17,1,280,0,0,6,3,1,22,87,139,124,0,1435,26,32,18,1,2,4,50,2,4,8,20,10,3,57,3,0,0,9,28,28,16,2,1,9,1,20,1,14,0,2,0,0,4,0,0,5,7,3,0,1,0,3,0,6,5,6,1,0,7,5,4,1,3,2,5,5,14,5,0,3,0,4,0,2,0,0,4,0,1,1,7,0,1,0,1,2,0,0,2,2,2,0,0,0,0,3,1,1,0,0,5,2,0,0,0,4,2,3,0,0,1,0,1,0,0,0,0,8,8,1,5,1,3,1,0,0,0,2,1,5,0,5,1,0,0,0,1,0,0,4,23,0,0,1,0,1,3,0,0,0,4,0,1,0,3,0,2,0,0,2,1,0,0,1,0,3,0,0,0,0,0,0,0,0,0,0,0,0,0,0,0,2,1,2,1,0,0,0,0,2,2,1,0,0,0,0,0,0,0,0,1,0,1,0,0,0,2,0,0,0,0,0,0,0,0,1,0,0,1,0,0,2,6,0,0,0,0,0,0,0,0,1,0,0,3,2,0,0,0,0,0,0,1,1,1,1,0,0,0,0,1,0,0,0,0,0,0,0,0,0,0,0,0,4,0,5,0,0,0,0,0,0,0,0,0,0,0,0,0,0,0,0,0,0,0,0,0,0,0,0,0,0,0,0,0,0,0,0,0,0,0,0,0,0,0,0,0,0,0,0,0,0,0,1,0,0,0,0,2,0,0,0,1,0,1,0,0,0,0,0,0,0,0,0,0,0,0,0,1,0,0,0,0,0,0,0,0,0,0,0,0,0,0,0,0,0,2,0,0,0,0,0,0,0,0,1,0,0,0,0,0,0,0,0,0,0,0,0,0,0,0,0,0,0,0,0,0,0,0,0,0,0,0,0,0,0,0,0,0,0,0,0,0,0,0,0,0,0,0,0,0,0,0,0,0,0,0,0,0,0,0,0,0,0,0,0,0,0,0,0,0,0,0,0,0,0,0,0,0,0,0,0,0,0,0,0,0,0,0,0,0,0,0,0,0,0,0,0,0,0,0,0,0,0,0,0,0,0,0
Budapest,119,1014138_1,58,319,38,8,16,100,34,0,6,199,0,5,183,230,1527,0,56,660,1,353,1,24,149,78,23,324,66,15,25,223,168,17,21,5,388,341,216,45,397,1,20,57,338,55,35,324,3,75,70,0,23,17,12,74,79,41,1,1747,0,598,73,68,240,2,5,389,8,222,131,121,132,34,85,1,11,0,42,13,560,47,18,32,3,341,9,0,17,23,0,43,294,337,172,0,2944,30,94,29,10,9,3,21,0,5,44,66,23,7,69,0,16,0,8,4,55,7,0,2,12,6,24,14,21,0,3,0,2,7,1,0,9,21,31,0,1,0,5,0,2,4,1,9,0,6,4,13,2,9,0,3,3,16,7,0,10,0,5,5,4,0,0,7,0,1,6,23,0,0,0,0,0,3,0,1,1,2,1,0,1,0,2,0,0,1,2,1,2,0,0,0,3,14,11,0,0,0,0,1,0,0,0,0,9,3,2,11,0,5,0,0,4,0,2,1,9,1,2,0,0,0,0,12,0,0,17,2,0,0,0,1,7,1,0,2,0,7,0,0,0,0,3,0,0,0,7,1,0,0,0,0,6,0,0,0,0,6,0,2,0,0,1,0,2,0,3,1,1,0,2,4,0,3,0,0,0,0,0,2,0,0,0,1,4,0,0,3,2,1,0,0,0,0,0,0,0,0,0,0,0,0,2,1,0,0,0,0,0,0,0,1,0,0,1,0,0,0,0,0,0,0,0,0,0,1,0,0,0,0,3,0,0,0,0,0,0,0,0,0,0,0,0,0,0,0,0,0,0,1,4,0,13,0,0,1,0,1,0,0,0,0,0,0,0,0,0,0,0,0,0,0,0,0,0,5,1,0,0,0,0,0,0,0,0,0,0,0,0,0,0,0,0,0,0,0,0,0,0,0,1,0,0,0,0,2,4,0,0,0,0,0,0,0,1,0,0,0,0,0,1,0,0,0,0,0,0,0,0,0,0,0,0,0,0,0,0,0,0,1,0,0,0,0,0,0,0,0,0,0,0,0,0,0,2,1,1,0,0,0,0,0,0,0,0,0,0,0,0,0,0,0,0,0,0,0,0,0,0,0,0,0,0,0,0,0,0,0,0,0,0,0,0,0,0,0,0,0,0,0,0,0,0,0,0,0,0,0,0,0,0,0,0,0,0,0,0,0,0,0,0,0,0,0,0,0,0,0,0,0,0,0,0,0,0,0,0,0,0,0,0,0,0,0,0,0,0,0,0,0,0,0,0,0,0,0
Copenhagen,0,1007150_1,38,193,9,3,9,244,24,5,0,59,0,19,317,48,1065,6,95,821,0,201,0,15,122,6,13,787,47,7,12,80,47,0,77,32,347,186,315,33,160,15,13,142,98,8,0,92,0,72,158,0,49,43,18,41,77,42,2,1253,0,171,14,19,45,0,17,666,1,165,141,40,31,38,37,0,0,0,140,0,302,29,0,47,0,838,4,0,65,15,0,33,245,454,88,2,2198,0,51,52,0,9,0,66,0,0,0,15,10,14,38,0,0,0,6,0,14,9,0,0,0,3,17,0,4,0,0,0,0,12,0,0,8,6,8,0,0,0,0,0,0,0,6,0,0,7,0,0,0,0,0,0,0,5,2,0,0,0,0,0,0,0,0,4,0,0,58,0,0,2,0,0,2,0,0,0,4,0,3,0,0,0,0,0,0,0,0,3,1,0,0,0,0,0,0,0,0,0,0,0,0,0,0,0,0,0,0,0,0,0,0,0,6,0,0,0,0,8,0,0,0,0,0,0,2,0,0,2,0,0,0,0,0,0,0,0,0,6,0,0,0,0,0,0,0,0,0,0,0,0,0,0,0,0,0,0,0,0,0,5,0,0,0,0,0,0,0,0,2,0,5,0,0,0,0,0,0,0,2,0,0,0,0,0,0,0,0,0,0,0,0,0,0,0,0,0,0,0,3,0,0,0,0,0,0,0,0,0,0,0,0,0,0,0,0,0,0,0,0,0,0,0,0,0,0,0,0,0,0,0,0,0,0,2,0,0,0,0,0,0,0,0,0,0,0,0,0,0,0,0,0,0,0,0,0,0,0,0,0,0,0,0,0,0,0,0,0,0,0,0,0,0,0,0,0,0,0,0,0,0,0,0,0,0,0,0,0,0,0,0,0,0,0,0,0,0,0,0,0,0,0,0,0,0,0,0,0,0,0,0,0,0,0,0,0,0,0,0,0,0,0,0,0,0,0,0,0,0,0,0,0,0,0,0,0,0,0,0,0,0,0,0,0,0,0,0,0,0,0,0,0,0,0,0,0,0,0,0,0,0,0,0,0,0,0,0,0,0,0,0,0,0,0,0,0,0,0,0,0,0,0,0,0,0,0,0,0,0,0,0,0,0,0,0,0,0,0,0,0,0,0,0,0,0,0,0,0,0,0,0,0,0,0,0,0,0,0,0,0,0,0,0,0,0,0,0,0,0,0,0,0,0,0,0,0,0,0,0,0,0,0,0,0,0,0,0,0,0,0,0,0,0,0,0,0,0
Copenhagen,2,1007153_1,61,427,31,57,22,178,27,0,2,87,115,7,239,88,1263,371,72,1500,0,225,4,7,105,16,0,989,34,0,82,125,53,0,54,55,340,419,236,42,228,21,54,222,112,20,17,118,399,96,142,2,47,48,37,59,56,85,2,1504,4,250,21,30,122,8,54,473,0,129,200,65,34,31,48,0,0,0,114,5,402,28,3,44,0,1165,201,0,57,7,0,51,241,393,111,1,2316,10,59,78,217,0,0,77,2,0,0,27,3,10,29,6,3,6,2,9,11,7,0,0,0,1,26,0,15,0,0,0,0,4,0,0,8,22,12,0,0,10,0,0,0,0,6,5,0,6,0,0,0,3,0,0,0,9,0,0,0,0,3,0,0,0,0,3,0,0,8,7,2,0,0,0,4,0,0,0,4,69,5,2,0,0,5,0,0,0,0,2,0,0,0,0,0,0,6,0,0,0,0,0,0,0,0,0,0,0,0,0,0,0,5,0,4,0,0,10,0,10,0,0,0,0,0,0,0,0,11,0,2,0,0,7,0,0,0,0,1,3,0,0,2,0,0,0,0,0,0,0,0,0,0,0,0,0,0,0,0,0,0,0,0,0,0,0,0,0,0,0,4,0,0,0,0,0,0,0,0,0,1,0,0,0,0,0,0,0,0,0,0,2,2,0,0,0,0,0,0,0,0,0,0,0,0,0,0,0,0,0,0,0,0,0,0,0,0,0,0,0,0,0,0,0,0,0,0,0,0,0,0,0,0,0,0,0,0,0,0,0,0,0,0,0,0,0,0,0,0,0,0,0,0,0,0,0,0,0,0,0,0,0,0,0,0,0,0,0,0,0,0,0,0,0,0,0,0,0,0,0,2,0,0,0,0,0,0,0,0,0,0,0,0,0,0,0,0,0,0,0,0,0,0,0,0,0,0,0,0,0,0,0,0,0,0,0,0,0,0,0,0,0,0,0,0,0,0,0,0,0,0,0,0,0,0,0,0,0,0,0,0,0,0,0,0,0,0,0,0,0,0,0,0,0,0,0,0,0,0,0,0,0,0,0,0,0,0,0,0,0,0,0,0,0,0,0,0,0,0,0,0,0,0,0,0,0,0,0,0,0,0,0,0,0,0,0,0,0,0,0,0,0,0,0,0,0,0,0,0,0,0,0,0,0,0,0,0,0,0,0,0,0,0,0,0,0,0,0,0,0,0,0,0,0,0,0,0,0,0,0,0,0,0,0,0,0,0,0,0,0,0,0,0,0,0,0,0,0
Copenhagen,2,1007154_2,5,48,11,0,6,83,17,0,0,7,0,0,119,29,470,10,36,158,0,36,0,2,11,10,9,136,19,2,12,15,29,0,42,3,70,45,40,17,41,0,0,21,58,7,0,38,4,15,18,0,23,32,9,12,19,15,0,231,0,402,11,10,18,0,7,335,2,76,32,21,18,17,17,0,0,0,23,0,96,5,3,35,0,177,1,0,20,0,0,7,69,80,419,0,413,2,13,3,0,4,0,27,0,0,5,6,0,0,16,0,0,0,0,0,9,4,0,2,0,1,0,0,4,0,0,0,0,0,0,0,0,6,0,0,0,0,3,0,0,0,0,39,3,0,0,0,0,0,0,0,0,12,0,0,4,0,2,0,0,0,0,1,0,0,4,4,0,0,0,0,0,0,0,2,0,0,0,0,0,0,0,0,0,0,0,0,0,0,0,0,0,0,0,0,0,0,0,0,4,1,0,0,0,0,0,0,0,0,0,0,4,0,0,1,2,0,0,0,0,0,2,0,0,0,1,1,0,0,0,0,0,0,0,0,0,0,0,0,0,0,0,0,0,0,0,1,0,0,0,0,0,0,0,0,0,0,0,0,0,0,0,0,0,0,0,0,0,0,0,0,0,0,0,0,0,0,0,0,0,0,0,0,0,0,0,0,0,0,0,0,0,0,0,0,0,0,0,0,0,0,0,0,0,0,0,0,0,0,0,6,0,0,0,0,0,0,0,0,0,0,0,0,0,0,0,1,0,0,0,0,0,0,0,0,0,1,0,0,0,0,0,0,0,0,0,0,0,0,0,0,0,0,0,0,0,0,0,0,0,0,0,0,0,0,0,0,0,0,0,0,0,0,0,0,0,0,0,0,0,0,0,0,0,0,0,0,0,0,0,0,0,0,0,0,0,0,0,0,0,0,0,0,0,0,0,0,0,0,0,0,0,0,0,0,0,0,0,0,0,0,0,0,0,0,0,0,0,0,0,0,0,0,0,0,0,0,0,0,0,0,0,0,0,0,0,0,0,0,0,0,0,0,0,0,0,0,0,0,0,0,0,0,0,0,0,0,0,0,0,0,0,0,0,0,0,0,0,0,0,0,0,0,0,0,0,0,0,0,0,0,0,0,0,0,0,0,0,0,0,0,0,0,0,0,0,0,0,0,0,0,0,0,0,0,0,0,0,0,0,0,0,0,0,0,0,0,0,0,0,0,0,0,0,0,0,0,0,0,0,0,0,0,0,0,0,0,0,0,0,0,0,0,0,0
Copenhagen,8,1007157_1,61,232,81,0,26,240,34,0,4,146,0,0,781,199,1722,3,171,997,15,241,3,15,122,33,93,876,44,9,46,129,376,4,76,17,514,218,232,112,646,15,372,267,263,47,10,303,4,156,201,0,75,26,16,61,209,81,2,1536,3,417,102,40,156,0,24,1004,12,181,197,114,82,61,158,0,17,6,72,0,360,57,26,54,0,1129,0,0,108,39,4,41,366,485,183,0,2634,73,49,28,0,16,3,148,4,0,13,175,2,20,146,0,10,0,9,0,23,13,0,5,0,10,13,5,16,0,11,0,0,11,0,0,11,15,13,0,5,0,10,0,2,0,0,6,0,19,4,9,0,9,0,4,11,20,1,0,13,0,6,0,6,0,0,0,0,0,0,5,0,2,3,0,1,0,0,0,24,0,8,0,2,3,0,0,0,2,8,2,2,0,0,0,6,4,0,1,1,4,1,0,3,1,0,0,0,11,1,5,4,0,1,0,6,0,0,2,5,0,0,8,0,0,0,0,0,0,11,1,0,0,0,0,0,2,0,0,0,8,0,2,0,0,0,0,0,0,0,0,0,0,0,0,0,0,0,0,0,0,0,0,0,1,1,4,0,0,0,5,0,0,8,0,0,0,0,0,0,0,2,0,0,0,0,0,0,0,0,1,1,0,0,0,0,0,0,0,0,0,0,0,0,0,3,0,1,0,0,0,0,1,0,0,0,0,0,0,0,0,0,0,0,0,0,0,0,0,0,0,0,0,0,0,0,0,0,0,0,0,0,0,0,0,0,0,0,0,0,0,0,0,0,0,0,0,0,0,0,0,0,0,0,0,0,0,0,0,0,0,0,0,0,0,0,0,0,0,0,0,0,0,0,0,0,0,0,0,0,0,0,0,0,0,0,0,0,0,0,0,0,0,0,0,0,0,0,0,0,0,0,0,0,0,0,0,0,0,0,0,0,0,0,0,0,0,0,0,0,0,0,0,0,0,0,0,0,0,0,0,0,0,0,0,0,0,0,0,0,0,0,0,0,0,0,0,0,0,0,0,0,0,0,0,0,0,0,0,0,0,0,0,0,0,0,0,0,0,0,0,0,0,0,0,0,0,0,0,0,0,0,0,0,0,0,0,0,0,0,0,0,0,0,0,0,0,0,0,0,0,0,0,0,0,0,0,0,0,0,0,0,0,0,0,0,0,0,0,0,0,0,0,0,0,0,0,0,0,0,0,0,0,0,0,0,0,0,0,0,0,0,0,0,0,0,0,0,0
Copenhagen,8,1007158_1,44,120,60,5,8,83,3,0,0,61,11,9,273,98,598,54,37,413,0,60,0,2,65,14,19,647,8,9,38,65,196,0,18,3,261,132,117,34,379,5,24,126,159,28,9,134,70,40,99,19,17,21,20,29,62,113,0,570,0,214,14,7,90,0,8,332,4,98,125,60,64,16,60,0,0,0,23,0,95,14,6,12,0,758,0,0,12,34,0,19,163,290,77,0,1071,16,20,9,28,0,4,55,0,0,5,62,0,6,64,0,4,0,5,0,13,3,0,0,3,0,10,3,14,0,0,0,0,9,0,0,4,4,7,0,0,3,7,2,0,0,0,3,7,8,2,0,0,0,0,6,0,6,0,0,6,0,0,0,0,0,0,0,0,0,21,0,0,0,0,0,0,0,0,0,7,66,2,0,0,0,0,0,0,0,0,0,0,0,2,0,0,8,4,0,0,0,0,0,0,0,0,0,0,6,0,8,0,0,0,0,2,0,6,2,4,0,0,0,0,0,0,0,0,0,25,0,0,0,0,0,0,0,0,0,0,0,0,0,0,0,0,0,0,0,0,0,0,0,0,0,2,6,0,0,0,0,0,0,0,0,0,0,0,0,0,0,0,0,0,0,0,0,0,0,2,0,0,0,0,0,0,0,0,0,0,0,0,2,0,0,0,0,0,0,0,0,0,0,0,0,0,0,0,0,0,0,0,0,0,0,0,0,0,0,0,0,0,0,0,0,0,0,0,0,0,0,0,0,0,0,0,0,0,0,0,0,0,0,0,0,0,0,0,0,0,0,0,0,0,0,0,0,0,0,0,0,0,0,0,0,0,0,0,0,0,0,0,0,0,0,0,0,0,0,0,0,0,0,0,0,0,0,0,0,0,0,0,0,0,0,0,0,0,0,0,0,0,0,0,0,0,0,0,0,0,0,0,0,0,0,0,0,0,0,0,0,0,0,0,0,0,0,0,0,0,0,0,0,0,0,0,0,0,0,0,0,0,0,0,0,0,0,0,0,0,0,0,0,0,0,0,0,0,0,0,0,0,0,0,0,0,0,0,0,0,0,0,0,0,0,0,0,0,0,0,0,0,0,0,0,0,0,0,0,0,0,0,0,0,0,0,0,0,0,0,0,0,0,0,0,0,0,0,0,0,0,0,0,0,0,0,0,0,0,0,0,0,0,0,0,0,0,0,0,0,0,0,0,0,0,0,0,0,0,0,0,0,0,0,0,0,0,0,0,0,0,0,0,0,0,0,0,0,0
Copenhagen,12,1007160_1,68,410,26,27,58,242,18,0,6,109,136,19,190,138,1110,284,100,841,2,162,0,14,118,18,14,517,45,11,71,111,140,0,110,24,379,405,257,27,332,16,17,117,150,15,20,171,326,48,165,0,53,9,51,43,89,59,0,1282,7,236,39,37,128,23,21,850,3,161,121,65,38,20,50,0,0,0,115,0,245,28,7,13,0,728,155,0,90,10,5,47,237,389,68,1,2182,13,15,48,237,0,0,71,7,0,4,18,2,16,52,0,0,0,6,0,20,7,0,0,0,3,11,3,5,0,6,0,0,0,0,0,13,14,5,0,4,4,4,0,0,0,9,2,5,11,0,0,0,1,0,6,0,8,3,0,1,0,0,0,0,0,0,3,0,0,33,0,0,0,0,0,1,0,0,4,1,80,4,0,0,0,0,0,0,0,0,0,1,0,0,0,0,0,3,0,0,0,0,0,0,0,0,0,0,0,0,0,0,0,0,0,4,0,0,5,0,0,0,0,0,0,0,5,0,0,6,0,0,8,0,1,0,3,0,0,1,0,0,0,0,0,0,0,0,0,0,0,0,0,0,0,0,3,0,0,0,0,0,0,0,0,0,0,0,0,0,0,0,0,0,0,0,0,0,0,0,0,0,0,0,0,0,0,0,0,0,0,0,1,0,0,0,0,0,0,0,0,0,0,0,0,0,0,0,0,0,0,0,0,0,0,0,0,0,0,0,0,0,0,0,0,0,0,0,0,0,0,0,0,0,0,0,0,0,0,0,0,0,0,0,0,0,0,0,0,0,0,0,0,0,0,0,0,0,0,0,0,0,0,0,0,0,0,0,0,0,0,0,0,0,0,0,0,0,0,1,0,0,0,0,0,0,0,0,0,0,0,0,0,0,0,0,0,0,0,0,0,0,0,0,0,0,0,0,0,0,0,0,0,0,0,0,0,0,0,0,0,0,0,0,0,0,0,0,0,0,0,0,0,0,0,0,0,0,0,0,0,0,0,0,0,0,0,0,0,0,0,0,0,0,0,0,0,0,0,0,0,0,0,0,0,0,0,0,0,0,0,0,0,0,0,0,0,0,0,0,0,0,0,0,0,0,0,0,0,0,0,0,0,0,0,0,0,0,0,0,0,0,0,0,0,0,0,0,0,0,0,0,0,0,0,0,0,0,0,0,0,0,0,0,0,0,0,0,0,0,0,0,0,0,0,0,0,0,0,0,0,0,0,0,0,0,0,0,0,0,0,0,0,0,0,0,0,0,0
Copenhagen,16,1007162_1,133,439,110,14,49,333,34,0,0,217,0,20,836,355,977,7,234,1230,38,259,0,12,111,41,91,1136,79,26,47,87,407,38,120,19,1150,472,197,105,785,19,13,372,417,47,15,302,4,236,144,0,87,16,34,43,126,142,4,2804,63,774,105,114,241,0,72,904,30,218,312,86,146,164,188,0,40,13,129,5,441,263,31,61,7,1642,0,2,97,64,0,38,305,1300,195,3,4937,132,19,43,10,26,6,69,6,20,24,122,119,15,164,0,12,0,59,0,13,103,0,10,124,72,23,7,29,0,4,0,5,52,0,0,0,19,34,0,17,8,119,0,7,0,0,4,4,12,9,13,0,4,0,21,61,24,36,0,134,5,29,5,0,0,0,0,0,0,18,9,11,0,2,0,11,6,0,0,45,0,20,6,0,0,0,0,3,3,34,3,0,0,1,0,4,7,0,0,0,5,6,2,6,2,0,5,4,59,7,9,0,0,1,7,15,0,9,2,1,0,9,26,0,0,0,6,0,0,17,17,7,0,0,0,10,2,14,3,0,10,0,0,0,0,0,0,0,0,0,0,0,0,0,0,0,0,0,0,0,0,0,3,0,2,0,14,5,0,0,6,0,0,9,0,0,0,0,0,0,0,0,0,0,1,0,0,4,5,0,3,0,0,0,0,0,0,0,0,0,0,0,0,0,0,0,0,0,0,0,0,0,2,0,0,0,0,1,0,0,0,0,0,0,0,0,0,0,0,0,0,0,0,0,8,0,0,0,3,0,0,0,0,0,0,0,0,2,0,0,0,0,0,0,0,0,0,0,0,0,0,0,0,0,0,0,0,0,0,0,0,0,0,0,0,0,0,0,0,0,0,0,0,0,0,0,0,0,0,0,0,0,0,0,0,0,0,0,0,0,0,0,0,0,0,0,0,0,0,0,0,0,0,0,0,0,0,0,0,0,0,0,0,0,0,0,0,0,0,0,0,0,0,0,0,0,0,0,0,0,0,0,0,0,0,0,0,0,0,0,0,0,0,0,0,0,0,0,0,0,0,0,0,0,0,0,0,0,0,0,0,0,0,0,0,0,0,0,0,0,0,0,0,0,0,0,0,0,0,0,0,0,0,0,0,0,0,0,0,0,0,0,0,0,0,0,0,0,0,0,0,0,0,0,0,0,0,0,0,0,0,0,0,0,0,0,0,0,0,0,0,0,0,0,0,0,0,0,0,0,0,0,0,0,0,0,0,0,0,0,0,0,0,0,0,0,0,0,0
Copenhagen,21,1007165_1,65,230,50,7,44,159,24,2,0,153,0,0,580,201,641,0,148,794,10,151,0,22,68,5,75,729,62,15,39,56,210,20,87,11,616,241,135,59,464,15,0,235,226,36,9,181,5,138,160,0,47,16,16,22,110,143,3,1382,32,454,63,47,166,3,14,586,41,153,172,68,93,140,152,0,28,3,42,5,267,199,14,35,0,1116,1,0,81,35,0,14,154,753,163,0,2541,102,26,36,0,9,10,43,0,7,11,57,76,14,65,0,6,2,46,0,9,77,0,14,99,10,8,0,22,0,3,0,0,61,0,0,0,12,21,0,13,0,26,0,4,0,0,0,0,8,1,13,0,5,0,7,14,7,14,0,32,2,150,0,0,0,0,32,0,0,13,6,0,0,0,0,13,0,0,0,32,0,12,0,0,0,3,0,0,0,10,3,3,0,0,0,0,5,2,1,0,5,2,1,4,0,0,2,356,45,5,0,0,0,0,0,11,5,7,0,0,0,0,15,0,0,0,0,0,1,11,2,5,0,0,1,5,0,0,0,0,0,0,0,0,0,0,0,0,0,0,0,0,0,0,0,0,0,0,0,0,0,0,0,0,0,1,4,8,0,0,0,0,0,0,5,0,0,0,1,0,0,7,0,0,0,0,2,2,0,0,2,0,0,0,0,0,0,0,0,0,0,0,0,0,0,0,0,0,0,0,0,0,1,0,0,0,0,0,0,4,0,0,0,0,0,0,0,0,0,0,0,0,0,0,0,0,0,0,0,0,0,0,0,0,0,0,0,0,0,0,0,2,0,0,0,0,0,0,0,0,0,0,0,0,0,0,0,0,0,0,0,0,0,0,0,0,0,0,0,0,0,0,0,0,0,0,0,0,0,0,0,0,0,0,0,0,0,0,0,0,0,0,0,0,0,0,0,0,0,0,0,0,0,0,0,0,0,0,0,0,0,0,0,0,0,0,0,0,0,0,0,0,0,0,0,0,0,0,0,0,0,0,0,0,0,0,0,0,0,0,0,0,0,0,0,0,0,0,0,0,0,0,0,0,0,0,0,0,0,0,0,0,0,0,0,0,0,0,0,0,0,0,0,0,0,0,0,0,0,0,0,0,0,0,0,0,0,0,0,0,0,0,0,0,0,0,0,0,0,0,0,0,0,0,0,0,0,0,0,0,0,0,0,0,0,0,0,0,0,0,0,0,0,0,0,0,0,0,0,0,0,0,0,0,0,0,0,0,0,0,0,0,0,0,0,0,0,0,0
Copenhagen,21,1007166_1,10,97,42,0,11,40,12,0,0,55,0,0,144,86,503,7,65,241,0,58,4,2,23,26,13,374,33,4,2,37,146,0,29,7,167,103,64,9,223,0,0,103,123,11,0,121,0,17,39,0,18,10,4,29,64,54,1,230,8,201,44,23,105,0,9,213,5,88,75,32,40,45,43,0,5,0,27,5,92,52,5,4,0,457,0,0,34,16,0,12,114,130,46,0,528,12,23,10,0,0,0,26,0,0,10,44,7,0,37,0,0,0,5,0,11,15,0,0,0,7,10,0,16,0,0,0,0,9,0,0,5,9,0,0,0,0,0,0,0,0,0,0,0,4,0,0,0,0,0,3,0,6,0,0,2,0,3,0,0,0,0,2,0,0,0,0,2,0,0,0,0,0,0,0,1,0,7,0,0,0,2,0,0,0,0,0,0,0,0,0,0,7,0,0,0,0,0,0,0,0,0,0,2,4,0,0,0,0,0,0,3,0,2,0,0,0,0,0,0,0,0,0,0,0,12,0,0,0,0,0,0,0,0,3,0,2,0,0,0,0,0,0,0,0,0,0,0,0,0,0,0,0,0,0,0,0,0,0,0,0,0,0,0,0,0,0,0,0,0,0,0,0,0,0,0,10,2,0,0,0,0,0,0,0,0,0,0,0,0,0,0,0,0,0,0,0,0,0,0,0,0,0,0,0,0,0,0,0,0,0,0,0,0,0,0,0,0,0,0,0,0,0,0,0,0,0,0,0,0,0,0,0,0,0,0,0,0,0,0,0,0,0,0,0,0,0,0,0,0,0,0,0,0,0,0,0,1,0,0,0,0,0,0,0,0,0,0,0,0,0,0,0,0,0,0,0,0,0,0,0,0,0,0,0,0,0,0,0,0,0,0,0,0,0,0,0,0,0,0,0,0,0,0,0,0,0,0,0,0,0,0,0,0,0,0,0,0,0,0,0,0,0,0,0,0,0,0,0,0,0,0,0,0,0,0,0,0,0,0,0,0,0,0,0,0,0,0,0,0,0,0,0,0,0,0,0,0,0,0,0,0,0,0,0,0,0,0,0,0,0,0,0,0,0,0,0,0,0,0,0,0,0,0,0,0,0,0,0,0,0,0,0,0,0,0,0,0,0,0,0,0,0,0,0,0,0,0,0,0,0,0,0,0,0,0,0,0,0,0,0,0,0,0,0,0,0,0,0,0,0,0,0,0,0,0,0,0,0,0,0,0,0,0,0,0,0,0,0,0,0,0,0,0,0
Copenhagen,25,1007167_1,23,534,31,4,22,128,20,0,0,64,0,0,324,68,779,6,58,629,0,192,4,10,79,0,27,622,28,0,20,87,98,1,62,20,294,575,199,57,219,9,0,189,108,18,7,82,5,85,120,0,37,18,15,18,34,28,2,884,0,183,30,18,57,0,15,531,13,100,94,37,46,41,81,0,7,3,59,2,248,47,2,28,0,784,0,0,54,14,0,19,218,329,82,0,1479,19,18,41,0,5,0,39,0,0,7,0,2,9,38,0,6,0,5,0,15,24,0,0,2,8,0,0,7,0,0,0,0,0,0,0,5,10,0,0,0,3,0,0,0,0,0,0,0,7,1,0,0,1,0,0,0,2,0,0,10,0,3,0,0,0,0,8,0,0,10,0,0,0,0,0,1,0,0,0,7,0,3,0,0,0,2,0,0,0,0,0,0,0,0,0,0,0,0,0,0,0,1,0,0,0,0,0,0,8,0,0,0,0,0,0,6,0,0,0,0,10,0,0,0,0,0,0,0,0,0,0,0,0,0,0,0,0,0,0,0,0,0,0,0,0,0,1,0,0,0,0,0,0,0,0,0,0,0,0,0,0,0,0,0,1,0,0,0,0,0,0,0,0,0,0,0,0,0,0,0,7,0,0,0,0,0,0,0,0,0,0,0,0,0,0,0,0,0,0,1,0,0,0,0,0,0,0,0,0,0,0,0,0,0,0,0,0,0,0,0,0,0,0,0,0,0,0,0,0,0,0,0,0,0,0,0,0,0,0,0,0,0,0,0,0,0,0,0,0,0,0,0,0,0,0,0,0,0,0,0,0,0,0,0,0,0,0,0,0,0,0,0,0,0,0,0,0,0,0,0,0,0,0,0,0,0,0,0,0,0,0,0,0,0,0,0,0,0,0,0,0,0,0,0,0,0,0,0,0,0,0,0,0,0,0,0,0,0,0,0,0,0,0,0,0,0,0,0,0,0,0,0,0,0,0,0,0,0,0,0,0,0,0,0,0,0,0,0,0,0,0,0,0,0,0,0,0,0,0,0,0,0,0,0,0,0,0,0,0,0,0,0,0,0,0,0,0,0,0,0,0,0,0,0,0,0,0,0,0,0,0,0,0,0,0,0,0,0,0,0,0,0,0,0,0,0,0,0,0,0,0,0,0,0,0,0,0,0,0,0,0,0,0,0,0,0,0,0,0,0,0,0,0,0,0,0,0,0,0,0,0,0,0,0,0,0,0,0,0,0,0,0,0,0,0,0,0,0,0
Copenhagen,30,1007170_1,15,131,35,0,12,157,20,4,0,61,0,9,165,91,578,0,82,758,0,212,0,14,52,8,0,788,35,0,9,59,68,0,64,20,180,136,104,33,158,11,0,153,103,15,8,99,0,36,68,0,27,21,8,11,47,157,3,478,0,247,29,23,63,0,29,525,0,68,137,47,54,39,45,0,5,4,42,0,352,45,0,19,0,1027,2,0,51,17,0,21,216,143,62,7,823,9,37,73,0,0,0,39,0,0,4,21,0,11,53,0,0,0,4,8,3,19,0,0,4,3,20,0,9,0,3,0,0,7,0,0,4,12,5,0,0,0,4,0,0,0,2,1,0,10,0,6,0,4,0,0,2,5,1,0,2,0,1,0,0,0,0,6,0,0,4,3,0,0,0,0,2,0,0,4,0,0,0,0,0,0,0,0,0,0,0,0,0,0,0,0,0,4,0,0,0,0,0,0,0,0,0,0,4,0,0,0,0,0,0,0,6,0,0,0,0,8,0,0,0,0,0,0,1,1,0,0,0,0,0,0,0,0,0,0,0,0,0,0,0,0,0,0,0,0,4,0,0,0,0,0,0,0,0,0,0,0,0,0,0,0,0,0,0,0,0,0,0,0,0,0,0,0,0,0,0,0,0,0,0,0,0,2,0,0,0,0,0,0,0,0,0,0,0,0,0,0,2,0,0,0,0,0,0,0,0,0,0,0,0,0,0,0,0,0,0,0,0,0,0,0,0,0,0,0,0,0,0,0,0,0,0,0,0,0,0,0,0,0,0,0,0,0,0,0,0,0,0,0,0,0,0,0,0,0,0,0,0,0,0,0,0,0,0,0,0,0,0,0,0,0,0,0,0,0,0,0,0,0,0,0,0,0,0,0,0,0,0,0,0,0,0,0,0,0,0,0,0,0,0,0,0,0,0,0,0,0,0,0,0,0,0,0,0,0,0,0,0,0,0,0,0,0,0,0,0,0,0,0,0,0,0,0,0,0,0,0,0,0,0,0,0,0,0,0,0,0,0,0,0,0,0,0,0,0,0,0,0,0,0,0,0,0,0,0,0,0,0,0,0,0,0,0,0,0,0,0,0,0,0,0,0,0,0,0,0,0,0,0,0,0,0,0,0,0,0,0,0,0,0,0,0,0,0,0,0,0,0,0,0,0,0,0,0,0,0,0,0,0,0,0,0,0,0,0,0,0,0,0,0,0,0,0,0,0,0,0,0,0,0,0,0,0,0,0,0,0,0,0,0,0,0,0,0,0
Copenhagen,34,1007277_1,43,158,19,13,117,264,17,4,0,52,178,8,334,173,658,106,42,1065,0,168,0,13,71,7,9,597,25,7,39,61,70,0,80,31,156,189,147,34,136,17,8,143,87,8,28,67,145,91,79,6,59,31,33,22,47,37,1,721,0,134,61,21,53,11,51,659,3,83,131,52,19,26,37,0,0,0,44,0,266,28,5,18,0,760,0,0,85,7,3,16,136,190,66,0,1179,5,18,42,343,12,0,49,0,0,0,12,3,32,26,3,0,0,7,0,15,16,0,0,0,2,25,0,7,0,2,0,0,5,0,0,3,3,4,0,0,0,3,0,0,0,0,0,0,0,0,0,0,3,0,0,0,2,0,0,4,0,2,0,0,0,0,5,0,0,0,0,0,0,0,0,0,0,0,0,5,0,0,0,0,0,6,0,0,0,0,0,0,0,0,0,0,0,0,0,0,0,0,2,0,0,0,0,5,4,0,0,0,0,0,0,0,0,0,2,0,6,0,0,0,0,0,0,0,0,0,0,0,0,0,0,0,0,0,0,0,3,0,0,0,10,0,0,0,0,0,2,0,0,0,0,0,0,0,0,0,0,0,0,0,0,0,0,0,0,0,0,0,0,0,0,0,0,0,0,0,0,0,0,0,0,0,0,0,0,0,0,0,0,0,0,0,0,0,0,0,0,0,0,0,0,0,0,0,0,0,0,0,0,4,0,0,0,0,0,0,0,0,0,0,0,0,0,0,0,0,0,0,0,0,0,0,0,0,0,0,0,0,0,0,0,0,0,0,0,0,0,0,0,0,0,0,0,0,0,0,0,0,0,2,3,0,0,0,0,0,0,0,0,0,0,0,0,0,0,0,0,0,0,0,0,0,0,0,0,0,0,0,0,0,0,0,0,0,0,0,0,0,0,0,0,0,0,0,0,0,0,0,0,0,0,0,0,0,0,0,0,0,0,0,0,0,0,0,0,0,0,0,0,0,0,0,0,0,0,0,0,0,0,0,0,0,0,0,0,0,0,0,0,0,0,0,0,0,0,0,0,0,0,0,0,0,0,0,0,0,0,0,0,0,0,0,0,0,0,0,0,0,0,0,0,0,0,0,0,0,0,0,0,0,0,0,0,0,0,0,0,0,0,0,0,0,0,0,0,0,0,0,0,0,0,0,0,0,0,0,0,0,0,0,0,0,0,0,0,0,0,0,0,0,0,0,0,0,0,0,0,0,0,0,0,0,0,0,0,0,0,0,0,0,0,0,0,0,0
Copenhagen,34,1007279_1,41,223,96,7,8,104,13,0,0,123,3,13,322,258,874,12,90,657,9,191,9,13,84,14,64,715,46,6,22,55,182,31,54,12,301,206,176,38,397,9,0,179,212,25,0,164,15,33,164,0,41,28,16,24,76,81,1,879,8,525,77,45,124,5,7,490,28,137,158,64,64,102,141,0,21,4,54,0,293,105,10,24,0,848,0,0,57,26,0,24,212,411,97,0,1585,86,21,29,0,0,6,68,0,3,9,54,27,12,67,0,0,0,29,0,12,27,0,5,0,13,16,3,11,0,0,0,8,48,0,0,9,13,6,0,0,0,7,0,0,0,1,0,3,9,8,10,0,0,0,5,27,10,18,0,24,0,11,0,0,0,0,0,0,3,107,0,0,0,0,0,0,0,0,0,11,0,9,4,0,0,0,0,0,0,9,5,1,0,0,0,0,9,0,0,0,0,4,1,0,2,0,3,3,12,0,0,0,0,0,0,5,32,0,5,0,0,0,0,0,0,0,0,0,1,17,0,0,0,0,0,3,0,0,4,0,0,0,0,0,0,0,0,0,0,0,0,0,0,0,0,0,0,0,0,0,0,0,0,0,0,0,5,0,0,0,0,0,0,0,0,0,0,0,0,0,0,1,0,0,0,0,0,0,0,0,3,0,0,0,0,0,0,0,0,0,0,0,0,0,0,0,0,0,0,0,0,0,0,0,0,0,0,0,0,6,0,2,0,0,0,0,0,0,0,0,0,0,0,0,0,0,0,0,0,0,0,0,0,0,0,0,0,0,0,0,3,0,0,0,0,0,0,0,0,0,0,0,0,0,0,0,0,0,0,0,0,0,0,0,0,0,0,0,0,0,0,0,0,0,0,0,0,0,0,0,0,0,0,0,0,0,0,0,0,0,0,0,0,0,0,0,0,0,0,0,0,0,0,0,0,0,0,0,0,0,0,0,0,0,0,0,0,0,0,0,0,0,0,0,0,0,0,0,0,0,0,0,0,0,0,0,0,0,0,0,0,0,0,0,0,0,0,0,0,0,0,0,0,0,0,0,0,0,0,0,0,0,0,0,0,0,0,0,0,0,0,0,0,0,0,0,0,0,0,0,0,0,0,0,0,0,0,0,0,0,0,0,0,0,0,0,0,0,0,0,0,0,0,0,0,0,0,0,0,0,0,0,0,0,0,0,0,0,0,0,0,0,0,0,0,0,0,0,0,0,0,0,0,0,0,0,0,0,0,0,0,0,0,0,0,0,0,0,0
Copenhagen,34,1007275_2,18,160,59,0,8,165,16,0,0,116,0,14,436,140,840,0,79,1035,4,141,0,15,113,15,30,897,32,14,22,92,175,2,87,12,319,176,217,55,330,0,10,204,167,21,9,169,0,70,143,0,57,32,28,33,97,49,0,926,7,308,44,35,121,4,14,649,11,103,190,59,49,19,53,0,7,0,42,0,264,17,11,31,0,1289,0,0,77,45,0,35,233,376,105,0,1555,31,33,26,0,8,0,82,3,0,7,42,9,14,66,3,4,0,11,0,16,6,0,0,0,0,13,0,20,0,4,0,0,19,0,0,4,18,7,0,0,0,6,0,0,0,0,3,7,11,2,3,0,3,0,4,5,9,1,0,35,0,1,0,2,0,0,0,0,0,8,0,0,0,0,0,0,0,0,0,8,0,7,0,0,0,2,0,0,1,9,3,1,0,0,0,0,4,5,0,0,0,0,0,0,0,0,0,0,18,0,11,0,0,0,0,13,0,0,3,0,3,0,0,0,0,0,0,0,0,9,0,0,0,0,0,0,0,0,4,0,0,0,0,0,0,0,2,0,0,0,0,0,0,0,0,0,0,0,0,0,0,0,5,0,0,0,0,0,0,0,0,0,0,0,0,0,0,0,0,0,0,0,0,0,0,0,0,0,0,0,0,0,0,0,0,0,0,0,0,0,0,1,0,0,0,0,0,0,0,0,0,0,0,0,0,0,0,0,0,0,0,0,0,0,0,0,0,0,0,0,0,0,0,0,0,0,0,0,0,0,0,0,0,0,0,0,0,0,0,0,0,0,0,0,0,0,0,0,0,0,0,0,0,0,0,0,0,0,0,0,0,0,0,0,0,0,0,0,0,0,0,0,0,0,0,0,0,0,0,0,0,0,0,0,0,0,0,0,0,0,0,0,0,0,0,0,0,0,0,0,0,0,0,0,0,0,0,0,0,0,0,0,0,0,0,0,0,0,0,0,0,0,0,0,0,0,0,0,0,0,0,0,0,0,0,0,0,0,0,0,0,0,0,0,0,0,0,0,0,0,0,0,0,0,0,0,0,0,0,0,0,0,0,0,0,0,0,0,0,0,0,0,0,0,0,0,0,0,0,0,0,0,0,0,0,0,0,0,0,0,0,0,0,0,0,0,0,0,0,0,0,0,0,0,0,0,0,0,0,0,0,0,0,0,0,0,0,0,0,0,0,0,0,0,0,0,0,0,0,0,0,0,0,0,0,0,0,0,0,0,0,0,0,0,0,0,0,0,0
Copenhagen,36,1007174_2,26,176,58,0,12,165,11,0,0,106,0,10,471,146,1186,2,96,583,0,185,0,13,127,12,33,694,38,0,17,109,99,0,77,31,401,192,262,59,252,8,0,161,179,22,5,187,0,59,175,0,57,23,18,41,56,71,1,956,0,297,40,39,116,0,15,751,7,138,128,71,46,41,90,2,13,0,59,0,216,53,2,29,0,864,5,0,111,26,6,47,419,346,96,0,1586,36,24,40,0,6,0,43,0,0,7,20,0,6,71,0,0,0,5,0,11,13,0,2,0,1,15,2,11,0,0,0,0,14,0,0,19,4,13,4,0,0,3,0,6,0,1,0,0,4,3,3,0,0,0,3,3,12,1,0,9,0,5,0,0,3,0,5,0,0,21,3,0,0,0,0,2,0,0,1,9,0,0,3,0,0,0,0,0,0,0,0,2,0,4,0,3,0,5,0,0,0,0,1,0,0,0,3,3,10,0,0,0,0,0,0,13,0,0,5,0,7,0,0,0,0,0,0,0,0,0,0,0,0,0,2,0,0,0,2,0,0,0,0,0,0,0,0,0,0,0,0,0,0,0,0,0,0,0,1,0,0,0,0,0,3,0,0,0,0,0,0,0,0,0,0,0,0,0,0,0,0,1,0,0,0,0,0,0,0,0,0,0,0,0,0,0,0,0,0,0,0,0,0,0,0,1,0,0,0,0,0,0,0,0,0,0,0,0,0,0,0,0,0,0,0,0,0,0,0,0,0,0,0,0,0,0,0,0,0,1,1,0,0,0,0,0,0,0,0,0,0,0,0,0,0,0,0,0,0,0,0,0,0,0,0,0,0,0,0,0,0,0,0,0,0,0,0,0,0,0,0,0,0,0,0,0,0,0,0,0,0,0,0,0,0,0,0,0,0,0,0,0,0,0,0,0,0,0,0,0,0,0,0,0,0,0,0,0,0,0,0,0,0,0,0,0,0,0,0,0,0,0,0,0,0,0,0,0,0,0,0,0,0,0,0,0,0,0,0,0,0,0,0,0,0,0,0,0,0,0,0,0,0,0,0,0,0,0,0,0,0,0,0,0,0,0,0,0,0,0,0,0,0,0,0,0,0,0,0,0,0,0,0,0,0,0,0,0,0,0,0,0,0,0,0,0,0,0,0,0,0,0,0,0,0,0,0,0,0,0,0,0,0,0,0,0,0,0,0,0,0,0,0,0,0,0,0,0,0,0,0,0,0,0,0,0,0,0,0,0,0,0,0,0,0,0,0,0,0
Copenhagen,36,1007175_2,46,164,38,0,9,196,22,0,0,52,0,19,285,83,471,0,85,958,3,160,5,13,88,14,10,744,32,9,41,87,109,0,78,7,336,130,120,51,214,22,0,212,113,11,9,102,7,115,124,0,64,11,17,15,58,109,4,1010,0,229,33,38,87,5,33,678,4,69,109,45,47,48,49,0,0,3,62,0,276,76,4,27,0,1239,0,0,88,8,5,18,191,436,100,4,1786,12,12,59,0,14,4,48,0,0,4,16,9,23,42,0,6,3,11,0,16,30,0,0,4,8,15,0,8,0,0,0,0,0,0,0,0,13,10,0,0,0,3,3,0,0,0,5,0,6,0,0,0,5,0,4,9,7,5,0,15,0,1,0,0,0,0,6,0,2,14,3,0,0,0,0,3,0,0,0,5,0,3,0,0,0,0,0,0,0,0,1,3,0,1,0,0,0,3,0,0,0,0,0,0,0,0,0,0,0,0,0,0,0,0,0,3,0,0,3,0,2,4,9,0,0,0,0,0,0,0,4,0,0,0,0,0,0,0,0,0,0,0,0,0,0,0,0,0,0,0,0,0,0,0,0,0,0,0,0,0,0,0,0,0,0,0,4,0,0,0,0,0,0,0,0,0,0,0,0,0,0,0,0,0,0,0,3,3,3,0,0,0,0,0,0,0,0,0,0,0,0,0,0,0,0,0,0,0,0,0,0,0,0,0,0,0,0,0,0,0,0,0,0,0,0,0,0,0,0,0,0,0,0,0,0,0,0,0,0,0,0,0,0,0,0,0,0,0,0,0,0,0,0,0,0,0,0,0,0,0,0,0,0,0,0,0,0,0,0,0,0,0,0,0,0,0,0,0,0,0,0,0,0,0,0,0,0,0,0,0,0,0,0,0,0,0,0,0,0,0,0,0,0,0,0,0,0,0,0,0,0,0,0,0,0,0,0,0,0,0,0,0,0,0,0,0,0,0,0,0,0,0,0,0,0,0,0,0,0,0,0,0,0,0,0,0,0,0,0,0,0,0,0,0,0,0,0,0,0,0,0,0,0,0,0,0,0,0,0,0,0,0,0,0,0,0,0,0,0,0,0,0,0,0,0,0,0,0,0,0,0,0,0,0,0,0,0,0,0,0,0,0,0,0,0,0,0,0,0,0,0,0,0,0,0,0,0,0,0,0,0,0,0,0,0,0,0,0,0,0,0,0,0,0,0,0,0,0,0,0,0,0,0,0,0,0,0,0,0,0,0,0,0,0,0,0,0,0,0
Copenhagen,36,1007173_1,49,312,82,8,12,125,15,0,0,135,12,10,671,177,1002,139,98,672,5,83,6,9,110,12,98,544,28,8,48,99,244,22,75,8,533,335,238,95,437,0,41,181,206,22,9,174,127,90,250,0,49,15,16,54,69,94,2,1118,4,526,38,39,144,0,5,584,40,156,93,108,76,23,139,0,36,0,31,0,115,58,24,27,0,761,0,0,90,17,5,24,357,391,173,0,1865,100,46,16,13,5,3,56,5,11,5,27,16,14,96,0,0,0,8,4,15,21,0,7,14,6,0,0,16,0,0,0,3,21,0,0,12,7,6,0,0,4,63,0,7,0,5,8,0,7,1,7,0,0,1,11,33,10,20,0,88,0,12,0,0,0,0,7,0,0,0,0,18,2,0,0,1,0,0,0,23,115,5,0,0,0,5,0,0,3,25,0,3,0,1,0,0,7,0,0,0,22,0,0,0,0,0,0,10,36,0,4,0,0,0,0,1,0,6,7,0,0,5,5,0,0,0,0,0,0,9,19,0,0,0,0,4,0,14,0,0,3,0,0,0,0,0,2,0,0,0,0,0,0,3,0,3,0,0,0,0,0,0,0,0,0,0,0,0,0,0,0,4,0,0,0,0,0,0,0,0,0,0,0,0,0,0,0,0,0,0,0,0,0,0,0,0,0,0,0,0,0,0,0,0,0,0,0,0,0,0,1,0,0,0,0,0,0,0,0,0,0,0,0,0,0,0,0,0,0,0,0,0,0,0,0,0,0,0,0,0,0,0,0,0,0,0,0,0,0,0,1,0,0,0,0,0,0,0,0,0,0,0,0,0,0,0,0,0,0,0,0,0,0,0,0,0,0,0,0,0,0,0,0,0,0,0,0,0,0,0,0,0,0,0,0,0,0,0,0,0,0,0,0,0,0,0,0,0,0,0,0,0,0,0,0,0,0,0,0,0,0,0,0,0,0,0,0,0,0,0,0,0,0,0,0,0,0,0,0,0,0,0,0,0,0,0,0,0,0,0,0,0,0,0,0,0,0,0,0,0,0,0,0,0,0,0,0,0,0,0,0,0,0,0,0,0,0,0,0,0,0,0,0,0,0,0,0,0,0,0,0,0,0,0,0,0,0,0,0,0,0,0,0,0,0,0,0,0,0,0,0,0,0,0,0,0,0,0,0,0,0,0,0,0,0,0,0,0,0,0,0,0,0,0,0,0,0,0,0,0,0,0,0,0,0,0,0,0,0,0,0,0,0,0,0,0,0,0,0
Copenhagen,39,1007177_2,53,288,87,5,30,256,29,3,0,117,0,11,879,124,1112,3,158,1050,6,315,7,38,99,16,57,1052,114,13,39,116,208,4,92,22,487,324,252,117,469,24,8,241,237,32,21,230,0,222,156,0,54,25,32,39,107,170,2,1411,22,425,49,69,142,2,36,857,26,152,263,105,62,194,113,0,31,8,237,0,516,158,20,52,0,1317,22,0,84,40,3,31,338,554,208,4,2539,76,37,57,0,17,3,64,0,6,17,76,21,16,78,0,8,0,23,4,17,58,0,4,66,7,31,8,19,0,0,0,0,25,0,0,5,19,18,0,6,0,27,0,2,0,0,3,2,6,2,8,0,9,0,6,9,10,11,0,14,0,13,0,0,0,0,0,2,0,48,0,4,1,1,0,2,0,0,2,13,0,19,2,0,0,4,0,0,0,6,7,0,0,0,0,9,4,0,0,0,0,2,1,4,0,0,0,1,8,0,0,0,0,0,0,12,0,0,5,0,4,15,7,0,0,0,0,18,0,16,1,0,0,0,8,7,2,0,4,0,0,0,0,0,0,0,0,0,0,0,0,0,0,0,0,0,0,0,0,0,0,0,0,0,0,1,0,0,0,0,3,0,0,5,0,1,0,2,0,0,0,3,0,0,0,0,0,0,0,0,0,0,0,0,0,2,4,3,2,1,1,7,2,0,0,0,0,0,0,0,0,0,0,0,0,0,0,0,0,0,0,0,0,0,0,0,0,0,0,0,0,0,0,0,0,0,0,0,0,0,0,0,0,0,0,0,0,0,0,0,0,0,0,0,0,0,0,0,0,0,0,0,0,0,0,0,0,0,0,0,0,0,0,0,0,0,0,0,0,0,0,0,0,0,0,0,0,0,0,0,0,0,0,0,0,0,0,0,0,0,0,0,0,0,0,0,0,0,0,0,0,0,0,0,0,0,0,0,0,0,0,0,0,0,0,0,0,0,0,0,0,0,0,0,0,0,0,0,0,0,0,0,0,0,0,0,0,0,0,0,0,0,0,0,0,0,0,0,0,0,0,0,0,0,0,0,0,0,0,0,0,0,0,0,0,0,0,0,0,0,0,0,0,0,0,0,0,0,0,0,0,0,0,0,0,0,0,0,0,0,0,0,0,0,0,0,0,0,0,0,0,0,0,0,0,0,0,0,0,0,0,0,0,0,0,0,0,0,0,0,0,0,0,0,0,0,0,0,0,0,0,0,0,0,0,0,0,0,0,0,0,0,0,0,0,0,0,0,0
Copenhagen,39,1007176_2,57,201,56,11,62,80,11,0,0,59,23,0,183,156,704,120,60,489,3,92,0,10,87,28,15,468,26,0,28,51,140,0,33,11,446,214,156,27,298,4,31,112,136,22,14,133,128,31,106,14,23,23,9,34,69,89,1,744,4,263,71,27,88,7,13,382,4,107,139,55,44,11,45,0,5,0,36,0,145,18,9,24,0,666,41,0,44,16,3,27,207,318,61,0,1442,11,23,13,66,0,0,55,6,0,8,71,5,10,59,0,0,0,5,0,15,5,0,0,0,8,18,3,13,0,0,0,0,14,0,0,8,6,14,0,0,0,7,0,0,0,1,6,8,17,0,0,0,0,0,11,0,4,0,0,8,0,0,0,0,0,0,0,0,0,0,0,0,0,0,0,0,0,0,0,13,0,0,0,0,0,0,0,3,0,0,0,0,0,0,0,5,0,0,0,0,0,0,0,0,0,0,0,0,4,0,0,0,0,0,0,9,0,0,5,0,0,0,0,0,0,0,0,0,0,15,0,0,0,0,0,0,0,0,3,0,0,0,0,0,0,0,2,0,0,0,0,0,0,0,0,0,0,1,0,0,0,0,0,0,1,0,0,0,0,0,0,0,0,0,0,0,0,0,0,0,0,0,0,0,0,0,0,0,0,0,0,0,0,0,0,0,0,0,0,0,0,0,0,0,0,0,0,0,0,0,0,0,0,0,0,0,0,0,0,0,0,0,0,0,0,0,0,0,0,0,0,0,0,0,0,0,0,0,0,0,0,0,0,0,0,0,0,0,0,0,0,0,0,0,0,0,0,0,0,0,0,0,0,0,0,0,0,0,0,0,0,0,0,0,0,0,0,0,0,0,0,0,0,0,3,0,0,0,0,0,0,0,0,0,0,0,0,0,0,0,0,0,0,0,0,0,0,0,0,0,0,0,0,0,0,0,0,0,0,0,0,0,0,0,0,0,0,0,0,0,0,0,0,0,0,0,0,0,0,0,0,0,0,0,0,0,0,0,0,0,0,0,0,0,0,0,0,0,0,0,0,0,0,0,0,0,0,0,0,0,0,0,0,0,0,0,0,0,0,0,0,0,0,0,0,0,0,0,0,0,0,0,0,0,0,0,0,0,0,0,0,0,0,0,0,0,0,0,0,0,0,0,0,0,0,0,0,0,0,0,0,0,0,0,0,0,0,0,0,0,0,0,0,0,0,0,0,0,0,0,0,0,0,0,0,0,0,0,0,0,0,0,0,0,0,0,0,0,0
Copenhagen,40,1007178_1,11,145,37,0,12,154,9,0,0,75,5,0,229,80,926,6,84,614,0,219,0,10,80,12,12,650,37,12,7,90,89,0,65,10,244,174,153,20,220,7,0,134,128,11,6,128,10,39,96,0,53,23,25,25,55,60,2,747,7,183,31,24,80,3,21,590,7,86,142,41,33,50,70,0,3,0,61,0,369,54,6,11,0,864,0,0,50,15,0,28,190,221,59,1,1202,14,30,71,0,8,0,37,0,0,8,27,7,16,43,0,0,0,6,0,9,23,0,0,5,8,9,0,7,0,0,0,0,12,0,0,5,4,6,0,0,0,0,0,0,0,1,0,0,11,2,0,0,3,0,0,0,5,0,0,3,0,1,0,0,0,0,2,0,0,22,0,0,0,0,0,0,0,0,0,2,0,5,0,0,0,2,0,0,0,0,0,1,0,1,0,0,0,0,0,0,0,0,2,0,0,0,0,0,0,0,0,0,0,0,0,4,0,0,7,0,8,0,0,0,0,0,0,0,0,0,0,0,0,0,0,0,0,0,0,0,4,0,0,0,0,0,0,0,0,0,0,0,0,0,0,0,0,0,0,0,0,0,0,0,3,0,0,0,0,0,0,0,0,0,0,0,0,0,0,0,0,2,0,0,0,0,0,0,0,0,0,0,0,0,1,0,0,0,0,0,0,0,0,0,0,1,0,2,0,0,0,0,0,0,0,0,0,0,0,0,0,0,0,0,0,0,0,0,0,0,0,0,0,0,0,0,0,0,0,0,0,0,0,0,0,0,0,0,0,0,0,0,0,0,0,0,0,0,0,0,0,0,0,0,0,0,0,0,0,0,0,0,0,0,0,0,0,0,0,0,0,0,0,0,0,0,0,0,0,0,0,0,0,0,0,0,0,0,0,0,0,0,0,0,0,0,0,0,0,0,0,0,0,0,0,0,0,0,0,0,0,0,0,0,0,0,0,0,0,0,0,0,0,0,0,0,0,0,0,0,0,0,0,0,0,0,0,0,0,0,0,0,0,0,0,0,0,0,0,0,0,0,0,0,0,0,0,0,0,0,0,0,0,0,0,0,0,0,0,0,0,0,0,0,0,0,0,0,0,0,0,0,0,0,0,0,0,0,0,0,0,0,0,0,0,0,0,0,0,0,0,0,0,0,0,0,0,0,0,0,0,0,0,0,0,0,0,0,0,0,0,0,0,0,0,0,0,0,0,0,0,0,0,0,0,0,0,0,0,0,0,0,0,0,0,0,0,0,0
Copenhagen,40,1007179_2,27,217,44,5,42,251,18,0,0,149,0,21,209,140,2085,0,102,1527,0,199,7,22,68,36,28,978,42,28,48,209,356,0,127,22,293,242,136,33,580,7,657,304,226,36,8,223,0,70,71,0,61,31,15,65,147,26,1,910,7,381,66,33,126,7,10,1271,9,221,206,22,61,107,187,0,7,3,41,0,347,108,9,28,0,1271,0,0,83,60,0,69,310,252,53,1,1647,30,65,30,0,18,4,214,7,0,4,230,6,21,114,4,3,0,24,0,24,45,0,3,2,15,22,0,15,0,0,0,0,19,0,0,11,11,14,0,4,0,8,0,0,0,0,4,6,51,0,5,0,3,0,0,1,26,0,0,10,3,2,0,0,0,0,4,0,0,0,2,0,0,0,0,1,0,3,0,2,0,6,0,2,0,9,0,0,3,6,2,0,2,0,3,0,8,0,0,0,0,3,6,0,0,0,0,18,5,0,4,0,6,4,0,5,0,0,7,4,0,4,0,0,0,0,0,0,0,10,2,1,0,2,0,3,0,0,2,0,5,0,0,0,0,0,0,0,0,4,0,0,0,0,0,0,0,0,3,0,2,0,0,0,2,0,0,0,0,0,0,0,0,0,0,0,0,0,0,0,0,7,0,0,0,0,0,0,0,0,5,0,2,0,0,0,0,0,0,0,0,0,0,0,0,0,0,0,1,0,0,0,2,0,0,0,0,0,0,0,0,0,0,0,0,0,0,0,0,1,0,0,0,0,0,0,0,0,0,0,0,0,0,0,0,0,0,0,0,0,0,0,0,0,0,0,0,2,0,0,0,0,0,0,0,0,0,0,0,0,0,0,0,0,0,0,0,0,0,0,0,0,0,0,0,0,0,0,0,0,0,0,0,0,0,0,0,0,0,0,0,0,0,0,0,0,0,0,0,0,0,0,0,0,0,0,0,0,0,0,0,0,0,0,0,0,0,0,0,0,0,0,0,0,0,0,0,0,0,0,0,0,0,0,0,0,0,0,0,0,0,0,0,0,0,0,0,0,0,0,0,0,0,0,0,0,0,0,0,0,0,0,0,0,0,0,0,0,0,0,0,0,0,0,0,0,0,0,0,0,0,0,0,0,0,0,0,0,0,0,0,0,0,0,0,0,0,0,0,0,0,0,0,0,0,0,0,0,0,0,0,0,0,0,0,0,0,0,0,0,0,0,0,0,0,0,0,0,0,0,0,0,0,0,0,0,0,0,0,0,0,0,0,0,0,0,0,0,0
Copenhagen,41,1007181_2,30,145,50,5,16,130,22,0,0,94,0,14,748,162,470,7,78,271,8,48,3,8,71,25,31,438,34,6,25,49,79,2,59,0,471,179,154,100,247,4,0,101,172,10,0,98,0,167,74,0,26,8,12,29,47,56,6,746,4,304,39,39,84,0,0,524,8,95,50,58,50,64,66,0,6,0,30,0,118,42,27,20,0,600,0,0,54,11,0,14,156,452,141,0,1496,35,16,28,0,12,0,26,0,5,6,26,47,10,41,0,6,0,8,0,11,18,0,12,10,9,6,0,15,0,6,0,0,26,0,0,0,16,14,0,8,2,6,2,2,0,0,4,0,3,1,0,0,2,0,3,4,7,7,0,65,0,2,0,0,0,0,0,0,0,34,0,3,2,0,0,0,0,0,0,3,0,2,0,0,0,0,0,0,0,8,3,1,0,0,0,0,6,0,0,0,4,0,0,3,0,0,0,0,54,0,0,1,0,0,0,5,0,9,0,0,0,0,8,0,0,0,0,0,0,13,1,0,0,0,0,0,0,0,0,0,0,0,0,0,0,0,0,0,0,0,0,0,0,4,0,0,0,0,0,0,0,0,0,0,0,0,0,0,0,0,0,0,0,0,0,0,0,0,0,0,0,0,0,0,0,0,0,0,0,0,0,0,0,0,1,0,0,0,0,0,0,0,0,0,0,0,0,0,0,0,0,0,0,0,0,0,0,0,0,0,0,0,0,0,0,0,0,0,5,0,0,0,0,0,0,0,0,0,0,0,0,0,0,0,0,0,0,0,0,0,0,0,0,0,0,0,0,0,0,0,0,0,0,0,0,0,0,0,0,0,0,0,0,0,0,0,0,0,0,0,0,0,0,0,0,0,0,0,0,0,0,0,0,0,0,0,0,0,0,0,0,0,0,0,0,0,0,0,0,0,0,0,0,0,0,0,0,0,0,0,0,0,0,0,0,0,0,0,0,0,0,0,0,0,0,0,0,0,0,0,0,0,0,0,0,0,0,0,0,0,0,0,0,0,0,0,0,0,0,0,0,0,0,0,0,0,0,0,0,0,0,0,0,0,0,0,0,0,0,0,0,0,0,0,0,0,0,0,0,0,0,0,0,0,0,0,0,0,0,0,0,0,0,0,0,0,0,0,0,0,0,0,0,0,0,0,0,0,0,0,0,0,0,0,0,0,0,0,0,0,0,0,0,0,0,0,0,0,0,0,0,0,0,0,0,0,0,0,0,0,0,0,0,0,0,0,0,0,0
Copenhagen,41,1007182_2,4,22,5,2,2,12,3,0,0,10,0,0,22,5,88,0,17,112,0,39,0,0,7,0,7,124,5,1,4,7,15,4,6,0,29,23,29,0,37,3,0,22,24,0,0,22,1,6,10,0,6,3,5,2,5,7,0,120,0,34,5,12,14,0,4,72,0,9,17,9,12,5,16,0,0,0,22,0,85,4,1,4,0,165,0,0,0,6,0,6,42,38,5,0,226,3,3,10,0,3,0,4,0,0,0,6,0,2,4,0,0,0,0,0,2,3,0,0,5,0,3,0,0,0,0,0,0,2,0,0,0,0,0,2,1,1,1,1,1,3,2,1,2,1,1,1,1,1,2,2,1,3,1,2,0,0,0,0,0,0,0,0,0,0,0,0,0,0,0,0,0,0,0,0,0,0,0,0,0,0,0,0,0,0,0,0,0,0,0,0,0,0,0,0,0,0,0,0,0,0,0,0,0,0,0,0,0,0,0,0,0,0,0,0,0,0,0,0,0,0,0,0,0,0,0,0,0,0,0,0,0,0,0,0,0,0,0,0,0,0,0,0,0,0,0,0,0,0,0,0,0,0,0,0,0,0,0,0,0,0,0,0,0,0,0,0,0,0,0,0,0,0,0,0,0,0,0,0,0,0,0,0,0,0,0,0,0,0,0,0,0,0,0,0,0,0,0,0,0,0,0,0,0,0,0,0,0,0,0,0,0,0,0,0,0,0,0,0,0,0,0,0,0,0,0,0,0,0,0,0,0,0,0,0,0,0,0,0,0,0,0,0,0,0,0,0,0,0,0,0,0,0,0,0,0,0,0,0,0,0,0,0,0,0,0,0,0,0,0,0,0,0,0,0,0,0,0,0,0,0,0,0,0,0,0,0,0,0,0,0,0,0,0,0,0,0,0,0,0,0,0,0,0,0,0,0,0,0,0,0,0,0,0,0,0,0,0,0,0,0,0,0,0,0,0,0,0,0,0,0,0,0,0,0,0,0,0,0,0,0,0,0,0,0,0,0,0,0,0,0,0,0,0,0,0,0,0,0,0,0,0,0,0,0,0,0,0,0,0,0,0,0,0,0,0,0,0,0,0,0,0,0,0,0,0,0,0,0,0,0,0,0,0,0,0,0,0,0,0,0,0,0,0,0,0,0,0,0,0,0,0,0,0,0,0,0,0,0,0,0,0,0,0,0,0,0,0,0,0,0,0,0,0,0,0,0,0,0,0,0,0,0,0,0,0,0,0,0,0,0,0,0,0,0
Copenhagen,41,1007180_2,3,35,13,0,6,29,4,0,0,30,3,4,122,45,175,0,23,161,0,39,0,5,19,3,3,196,18,2,2,17,37,2,18,5,55,49,35,8,78,3,0,52,29,2,0,54,0,34,44,0,10,9,5,8,14,25,0,145,2,82,13,13,42,0,5,129,4,18,45,15,12,13,14,2,0,0,7,0,79,13,0,0,0,269,0,0,22,10,0,5,71,76,27,0,256,6,9,7,0,4,0,11,0,0,3,15,8,6,15,0,1,0,5,0,0,5,0,2,0,0,0,0,7,0,0,0,0,7,0,0,0,8,2,0,1,0,4,2,0,0,0,1,0,0,0,6,0,1,0,5,1,0,0,0,4,0,0,0,0,0,0,0,0,0,5,0,0,0,0,0,0,0,0,0,0,0,2,1,0,0,0,0,0,0,0,0,0,0,0,0,0,2,0,0,0,0,0,1,0,0,0,0,0,6,0,3,0,0,0,0,0,0,0,1,0,0,0,0,0,0,0,0,0,0,0,1,0,0,0,0,1,0,0,0,0,0,0,0,0,0,0,0,0,0,0,0,0,0,0,0,0,0,0,0,0,0,0,0,0,0,0,2,0,0,0,0,0,0,0,0,0,0,0,0,0,0,0,0,0,0,0,0,0,0,0,0,0,0,0,0,0,0,1,0,0,0,0,0,0,0,0,0,0,0,0,0,0,2,0,0,0,0,0,0,0,0,0,0,0,0,0,0,0,0,0,0,0,0,0,0,0,0,0,0,0,0,0,0,0,0,0,0,0,0,0,0,0,0,1,1,0,0,0,0,0,0,0,0,0,0,0,0,0,0,0,0,0,0,0,0,0,0,0,0,0,0,0,0,0,0,0,0,0,0,0,0,0,0,0,0,0,0,0,0,0,0,0,0,0,0,0,0,0,0,0,0,0,0,0,0,0,0,0,0,0,0,0,0,0,0,0,0,0,0,0,0,0,0,0,0,0,0,0,0,0,0,0,0,0,0,0,0,0,0,0,0,0,0,0,0,0,0,0,0,0,0,0,0,0,0,0,0,0,0,0,0,0,0,0,0,0,0,0,0,0,0,0,0,0,0,0,0,0,0,0,0,0,0,0,0,0,0,0,0,0,0,0,0,0,0,0,0,0,0,0,0,0,0,0,0,0,0,0,0,0,0,0,0,0,0,0,0,0,0,0,0,0,0,0,0,0,0,0,0,0,0,0,0,0,0,0,0,0,0,0,0,0,0,0,0,0,0,0,0
Copenhagen,42,1007184_2,0,0,0,0,0,0,0,0,0,0,0,0,2,0,0,1,0,0,0,0,0,0,0,0,0,1,0,0,0,0,0,0,0,0,2,0,1,0,0,0,0,0,0,0,0,0,0,0,1,0,0,0,0,0,0,0,0,3,0,0,0,0,0,0,0,1,0,0,2,0,0,0,0,0,0,0,0,0,0,2,0,0,0,3,0,0,0,0,0,0,0,1,2,0,1,0,0,0,1,0,0,0,0,0,0,0,0,0,0,0,0,0,0,0,0,0,0,0,0,0,0,0,0,0,0,0,0,0,0,0,0,0,0,0,0,0,0,0,0,0,0,0,0,0,0,0,0,0,0,0,1,0,0,0,0,0,0,0,0,0,0,0,0,0,0,0,0,0,0,0,0,0,0,0,0,0,0,0,0,0,0,0,0,0,0,0,0,0,0,0,0,0,0,0,0,0,0,0,0,0,0,0,0,0,0,0,0,0,0,0,0,0,0,0,0,0,0,0,0,0,0,0,0,0,0,0,0,0,0,0,0,0,0,0,0,0,0,0,0,0,0,0,0,0,0,0,0,0,0,0,0,0,0,0,0,0,0,0,0,0,0,0,0,0,0,0,0,0,0,0,0,0,0,0,0,0,0,0,0,0,0,0,0,0,0,0,0,0,0,0,0,0,0,0,0,0,0,0,0,0,0,0,0,0,0,0,0,0,0,0,0,0,0,0,0,0,0,0,0,0,0,0,0,0,0,0,0,0,0,0,0,0,0,0,0,0,0,0,0,0,0,0,0,0,0,0,0,0,0,0,0,0,0,0,0,0,0,0,0,0,0,0,0,0,0,0,0,0,0,0,0,0,0,0,0,0,0,0,0,0,0,0,0,0,0,0,0,0,0,0,0,0,0,0,0,0,0,0,0,0,0,0,0,0,0,0,0,0,0,0,0,0,0,0,0,0,0,0,0,0,0,0,0,0,0,0,0,0,0,0,0,0,0,0,0,0,0,0,0,0,0,0,0,0,0,0,0,0,0,0,0,0,0,0,0,0,0,0,0,0,0,0,0,0,0,0,0,0,0,0,0,0,0,0,0,0,0,0,0,0,0,0,0,0,0,0,0,0,0,0,0,0,0,0,0,0,0,0,0,0,0,0,0,0,0,0,0,0,0,0,0,0,0,0,0,0,0,0,0,0,0,0,0,0,0,0,0,0,0,0,0,0,0,0,0,0,0,0,0,0,0,0,0,0,0,0,0,0,0,0,0,0,0,0
Copenhagen,42,1007185_2,48,208,56,0,11,221,26,0,0,76,0,23,1565,144,607,0,87,610,13,60,10,15,91,21,111,608,36,0,23,37,131,36,112,5,648,255,191,209,283,5,44,172,190,12,8,153,0,356,149,0,60,18,30,29,114,54,0,1523,0,371,52,33,105,4,14,852,25,144,198,146,62,25,111,4,33,10,52,3,152,47,11,56,0,616,0,0,123,22,4,28,186,629,328,0,2681,114,37,14,0,14,0,80,2,3,7,72,15,27,49,0,3,0,2,0,10,12,0,9,3,4,9,0,24,0,6,0,4,16,0,0,11,11,15,0,0,0,14,0,0,0,1,0,0,17,0,11,3,3,0,0,23,8,3,0,82,0,3,0,0,0,0,4,4,0,25,3,1,3,0,0,0,0,0,0,19,0,0,5,0,0,0,0,0,2,23,0,0,0,4,0,3,0,4,0,0,0,0,0,0,0,0,2,0,18,0,0,5,0,1,0,13,0,9,0,0,2,3,0,0,0,0,9,1,0,12,4,0,0,0,0,0,0,0,5,0,0,0,0,0,0,0,0,0,0,0,0,0,0,0,0,0,0,0,1,0,0,0,3,0,0,0,3,0,0,0,0,0,0,0,0,0,0,1,0,0,0,4,0,0,1,0,2,0,0,0,0,0,0,0,0,0,0,0,0,0,0,0,0,0,0,0,0,0,0,0,0,0,0,0,0,0,0,1,0,0,6,0,0,0,0,0,0,0,0,2,0,0,2,0,0,0,0,0,0,0,0,0,0,0,0,0,0,0,0,0,0,0,0,0,0,0,0,0,0,0,0,0,0,2,0,0,0,0,0,0,0,0,0,0,0,2,0,0,0,0,0,0,0,0,0,0,0,0,0,0,0,0,0,0,0,0,0,0,0,0,0,0,0,0,0,0,0,0,0,0,0,0,0,0,0,0,0,0,0,0,0,0,0,0,0,0,0,0,0,0,0,0,0,0,0,0,0,0,0,0,0,0,0,0,0,0,0,0,0,0,0,0,0,0,0,0,0,0,0,0,0,0,0,0,0,0,0,0,0,0,0,0,0,0,0,0,0,0,0,0,0,0,0,0,0,0,0,0,0,0,0,0,0,0,0,0,0,0,0,0,0,0,0,0,0,0,0,0,0,0,0,0,0,0,0,0,0,0,0,0,0,0,0,0,0,0,0,0,0,0,0,0,0,0,0,0,0,0,0,0,0,0,0,0,0,0,0,0,0,0,0,0,0,0,0,0,0,0,0
Copenhagen,42,1007183_2,40,474,26,18,15,303,24,4,0,121,86,20,276,125,1345,338,97,1988,6,235,6,21,111,12,22,1284,34,18,65,146,151,1,135,37,301,510,217,43,444,26,44,223,198,25,31,146,443,68,120,0,76,57,42,45,102,85,4,1101,4,307,43,12,120,9,74,1363,0,157,243,69,41,34,54,0,0,0,96,3,421,55,4,39,0,1663,384,0,138,11,0,38,271,306,91,10,1795,27,84,106,215,10,0,91,0,0,11,34,3,23,54,4,0,0,7,0,16,10,0,0,0,6,32,0,16,0,5,0,0,5,0,0,11,15,10,0,0,7,4,0,0,0,2,3,0,15,1,0,0,0,0,0,0,10,0,0,4,0,0,0,0,0,0,0,0,0,0,5,0,0,0,0,1,0,0,7,5,130,7,0,0,0,8,0,0,7,0,3,6,0,0,0,0,0,3,0,0,0,0,0,0,1,0,0,0,0,1,0,0,0,6,0,7,0,3,7,0,9,0,0,0,0,0,0,0,0,0,0,0,0,0,0,0,0,0,0,0,0,1,0,0,0,0,3,0,0,4,0,3,0,0,0,0,0,3,1,0,3,0,4,0,0,0,0,0,0,0,0,0,0,0,0,0,0,0,0,0,0,0,0,0,0,0,0,0,0,0,0,0,1,0,0,0,0,0,0,0,0,1,0,0,0,0,0,2,0,0,0,0,0,0,0,0,0,0,0,0,0,0,0,0,0,0,0,0,0,0,0,0,0,0,0,0,0,0,0,0,0,0,0,0,4,0,0,0,0,1,0,0,0,0,0,0,0,0,0,0,0,0,0,0,0,0,0,0,0,0,0,0,0,0,0,0,0,0,0,0,0,0,0,0,0,0,0,0,0,0,0,0,0,0,0,0,0,0,0,0,0,0,0,0,0,0,0,0,0,0,0,0,0,0,0,0,0,0,0,0,0,0,0,0,0,0,0,0,0,0,0,0,0,0,0,0,0,0,0,0,0,0,0,0,0,0,0,0,0,0,0,0,0,0,0,0,0,0,0,0,0,0,0,0,0,0,0,0,0,0,0,0,0,0,0,0,0,0,0,0,0,0,0,0,0,0,0,0,0,0,0,0,0,0,0,0,0,0,0,0,0,0,0,0,0,0,0,0,0,0,0,0,0,0,0,0,0,0,0,0,0,0,0,0,0,0,0,0,0,0,0,0,0,0,0,0,0,0,0,0,0,0,0,0,0,0,0,0,0,0,0,0,0,0,0,0,0,0,0
Copenhagen,43,1007187_2,30,176,49,0,22,121,19,0,0,76,0,10,299,102,659,2,86,344,4,114,3,8,52,6,25,491,26,7,17,71,78,3,79,9,117,212,127,60,156,11,0,130,153,12,8,121,4,94,83,0,46,5,11,22,50,105,1,384,4,251,39,27,81,0,16,750,8,88,76,35,51,91,77,0,4,0,113,0,210,114,9,27,0,596,0,0,66,5,3,31,234,104,96,3,606,16,35,74,0,11,2,29,0,4,9,17,5,12,20,9,0,0,18,4,18,35,0,0,72,29,21,0,15,0,3,0,0,16,0,0,4,4,8,0,0,0,4,2,0,0,1,2,0,5,0,3,0,2,0,3,3,11,7,0,14,0,4,0,0,0,0,10,0,0,17,8,3,0,0,0,1,0,0,3,4,0,2,0,0,0,0,0,0,0,0,4,1,0,1,0,4,0,0,0,0,0,0,3,0,0,0,0,0,6,0,0,0,0,0,0,3,0,0,6,0,0,0,0,0,0,0,0,0,1,0,1,0,0,0,0,0,0,0,0,0,0,0,0,0,0,0,0,0,0,0,0,0,0,0,0,0,0,0,0,0,0,0,0,0,1,0,0,0,0,0,0,0,0,0,0,0,0,0,0,0,0,2,0,0,0,0,0,0,0,0,0,0,0,0,0,0,0,0,0,0,0,0,0,0,0,0,0,0,0,0,0,0,0,0,0,0,0,0,0,0,0,0,0,0,0,0,0,0,0,0,0,0,0,0,0,0,0,0,0,0,0,0,0,0,0,0,0,0,0,0,0,0,0,0,0,0,0,0,0,0,0,0,0,0,0,0,0,0,0,0,0,0,0,0,0,0,0,0,0,0,0,0,0,0,0,0,0,0,0,0,0,0,0,0,0,0,0,0,0,0,0,0,0,0,0,0,0,0,0,0,0,0,0,0,0,0,0,0,0,0,0,0,0,0,0,0,0,0,0,0,0,0,0,0,0,0,0,0,0,0,0,0,0,0,0,0,0,0,0,0,0,0,0,0,0,0,0,0,0,0,0,0,0,0,0,0,0,0,0,0,0,0,0,0,0,0,0,0,0,0,0,0,0,0,0,0,0,0,0,0,0,0,0,0,0,0,0,0,0,0,0,0,0,0,0,0,0,0,0,0,0,0,0,0,0,0,0,0,0,0,0,0,0,0,0,0,0,0,0,0,0,0,0,0,0,0,0,0,0,0,0,0,0,0,0,0,0,0,0,0,0,0,0,0,0,0,0,0,0
Copenhagen,43,1007188_2,14,43,17,0,5,32,0,0,0,13,3,0,72,7,108,33,4,132,2,11,2,4,11,1,5,111,4,1,7,7,36,0,6,4,106,53,17,9,71,0,7,26,20,3,4,32,33,11,19,0,6,0,5,2,11,18,0,221,0,44,8,10,19,2,0,77,0,22,26,8,6,2,10,0,1,0,8,1,19,7,3,7,2,155,0,0,11,5,0,0,24,94,21,0,391,0,0,0,5,3,0,6,0,3,2,11,1,1,17,0,0,0,1,0,4,5,0,1,1,0,2,0,1,0,1,0,0,4,0,0,1,1,4,0,0,2,0,0,0,0,0,2,1,0,1,2,0,0,0,0,0,2,1,0,1,0,3,0,0,0,0,0,0,0,0,0,0,0,0,0,1,0,0,1,1,0,0,2,0,0,0,0,0,0,2,3,0,0,0,0,0,3,0,0,0,0,0,0,0,0,0,0,0,2,0,0,0,0,0,0,2,0,1,2,0,0,0,0,0,0,0,0,0,0,3,0,0,0,0,0,0,0,0,0,0,0,0,0,0,0,0,0,0,0,0,0,0,0,0,0,0,0,0,0,0,0,0,0,0,0,0,0,0,0,0,1,0,1,0,0,0,0,0,0,0,0,0,0,0,0,0,0,0,0,0,0,0,0,0,0,0,0,0,0,0,0,0,0,0,0,0,0,0,0,0,0,0,0,0,0,0,0,0,0,0,0,0,0,0,0,0,0,0,0,0,0,0,0,0,0,0,0,0,0,0,0,0,0,0,0,0,0,0,0,0,0,0,0,0,0,0,0,0,0,0,0,0,0,0,0,0,0,0,0,0,0,1,0,0,0,0,0,0,0,0,0,0,0,0,0,0,0,0,0,0,0,0,0,0,0,0,0,0,0,0,0,0,0,0,0,0,0,0,0,0,0,0,0,0,0,0,0,0,0,0,0,0,0,0,0,0,0,0,0,0,0,0,0,0,0,0,0,0,0,0,0,0,0,0,0,0,0,0,0,0,0,0,0,0,0,0,0,0,0,0,0,0,0,0,0,0,0,0,0,0,0,0,0,0,0,0,0,0,0,0,0,0,0,0,0,0,0,0,0,0,0,0,0,0,0,0,0,0,0,0,0,0,0,0,0,0,0,0,0,0,0,0,0,0,0,0,0,0,0,0,0,0,0,0,0,0,0,0,0,0,0,0,0,0,0,0,0,0,0,0,0,0,0,0,0,0,0,0,0,0,0,0,0,0,0,0,0,0,0
Copenhagen,43,1007186_2,79,309,27,11,173,248,38,0,6,57,101,0,465,263,1002,224,61,1434,0,202,6,19,152,5,11,935,11,4,57,91,107,0,107,52,345,283,325,73,267,14,22,196,122,31,21,109,251,99,240,0,67,17,49,33,124,70,2,1057,8,263,26,27,94,28,70,1047,5,130,265,99,38,46,57,6,3,0,88,0,330,38,9,29,0,1072,127,0,109,16,5,31,253,334,140,4,1870,34,58,62,213,10,0,57,0,0,3,25,8,22,32,0,6,6,10,0,19,6,0,0,0,5,23,0,12,1,3,0,0,5,3,0,10,19,6,0,0,12,4,0,5,0,5,0,0,5,1,0,0,2,0,0,3,10,0,0,17,0,3,0,0,0,0,0,0,0,13,0,4,0,0,0,2,0,4,6,10,72,3,1,0,0,7,0,0,0,0,0,2,0,0,0,0,0,0,0,0,0,3,0,0,0,0,0,0,0,0,0,2,0,0,0,8,0,2,8,0,7,0,0,0,0,0,0,0,0,9,0,0,3,0,0,0,0,0,0,0,0,0,0,0,0,0,3,0,0,0,0,0,0,0,0,0,0,0,1,0,0,0,0,0,5,0,0,0,0,0,0,0,0,0,0,0,0,0,0,0,0,0,0,0,0,0,0,0,0,0,3,0,1,0,0,0,5,0,0,0,0,0,0,0,0,0,0,0,0,0,0,0,2,0,0,0,0,0,0,0,0,0,0,0,0,0,0,0,0,0,0,0,0,0,0,0,0,0,0,0,0,0,0,0,0,0,0,0,0,0,0,0,0,0,0,0,0,0,0,0,0,0,0,0,0,0,0,0,0,0,0,0,0,0,0,0,0,0,0,0,0,0,0,0,0,0,0,0,0,0,0,0,0,0,0,0,0,0,0,0,0,0,0,0,0,0,0,0,0,0,0,0,0,0,0,0,0,0,0,0,0,0,0,0,0,0,0,0,0,0,0,0,0,0,0,0,0,0,0,0,0,0,0,0,0,0,0,0,0,0,0,0,0,0,0,0,0,0,0,0,0,0,0,0,0,0,0,0,0,0,0,0,0,0,0,0,0,0,0,0,0,0,0,0,0,0,0,0,0,0,0,0,0,0,0,0,0,0,0,0,0,0,0,0,0,0,0,0,0,0,0,0,0,0,0,0,0,0,0,0,0,0,0,0,0,0,0,0,0,0,0,0,0,0,0,0,0,0,0,0,0,0,0,0,0,0,0,0,0,0,0,0,0,0,0,0,0,0,0
Copenhagen,46,1007190_2,10,81,31,0,0,47,1,0,0,37,6,6,197,53,126,19,11,116,6,17,2,0,14,9,27,144,4,0,10,12,55,5,18,0,96,75,40,24,107,3,8,35,63,4,6,51,42,31,38,0,11,6,4,5,17,27,0,301,1,139,3,12,35,3,0,157,7,28,66,26,16,12,34,0,9,0,7,0,34,17,6,10,0,203,0,0,15,11,0,6,58,126,52,0,614,37,3,0,15,1,3,18,0,3,0,13,7,4,34,0,3,0,8,0,3,0,0,2,2,4,0,0,6,0,0,0,0,6,0,0,0,3,5,0,0,0,8,0,2,0,0,0,2,0,1,0,0,0,0,4,4,3,1,0,13,0,0,0,0,0,1,2,0,0,0,0,3,0,0,0,0,0,0,0,5,27,0,3,0,0,0,0,0,0,0,0,0,0,0,0,0,2,0,0,0,0,0,0,0,0,0,0,2,15,0,0,0,0,4,0,3,0,8,7,0,2,0,2,0,0,0,0,0,0,7,0,0,0,0,0,0,2,8,3,0,0,0,0,0,0,0,0,0,0,0,0,0,0,0,0,0,0,0,0,0,0,0,0,0,0,0,0,0,0,0,0,0,0,0,0,0,0,0,0,0,0,0,0,0,0,0,0,0,0,0,0,0,0,0,0,0,0,0,0,0,0,0,0,0,0,0,0,0,0,0,0,0,0,0,0,0,0,0,0,0,0,0,0,0,0,0,0,0,0,0,0,0,0,0,0,0,0,0,0,0,0,0,0,0,0,0,0,0,0,0,0,0,0,0,0,0,0,0,0,0,0,0,0,0,0,0,0,0,0,0,0,0,0,0,0,0,0,0,0,0,0,0,0,0,0,0,0,0,0,0,0,0,0,0,0,0,0,0,0,0,0,0,0,0,0,0,0,0,0,0,0,0,0,0,0,0,0,0,0,0,0,0,0,0,0,0,0,0,0,0,0,0,0,0,0,0,0,0,0,0,0,0,0,0,0,0,0,0,0,0,0,0,0,0,0,0,0,0,0,0,0,0,0,0,0,0,0,0,0,0,0,0,0,0,0,0,0,0,0,0,0,0,0,0,0,0,0,0,0,0,0,0,0,0,0,0,0,0,0,0,0,0,0,0,0,0,0,0,0,0,0,0,0,0,0,0,0,0,0,0,0,0,0,0,0,0,0,0,0,0,0,0,0,0,0,0,0,0,0,0,0,0,0,0,0,0,0,0,0,0,0,0,0,0,0,0,0,0,0
Copenhagen,46,1007191_1,10,28,9,4,0,19,3,0,0,13,4,0,81,27,133,16,21,111,0,11,0,0,17,5,5,162,2,1,7,6,49,0,6,0,74,33,47,6,92,0,10,29,39,6,1,39,26,2,30,2,5,7,1,2,25,29,0,149,0,42,19,3,28,2,3,102,0,19,28,13,10,10,21,0,0,3,3,1,27,5,3,3,0,175,0,0,0,14,1,4,61,68,15,0,255,3,0,3,8,0,2,8,2,0,2,14,0,0,15,0,1,0,0,0,2,0,0,0,2,3,0,0,3,0,1,0,0,5,0,0,0,2,2,0,0,1,3,0,0,0,0,1,4,1,0,0,0,0,0,2,0,1,0,0,0,0,0,0,0,0,0,0,0,1,3,0,0,0,0,0,0,0,0,0,1,0,0,0,0,0,2,0,0,0,0,0,0,0,0,0,1,5,1,0,0,0,0,0,0,0,0,0,1,0,0,0,0,2,0,0,4,0,0,0,0,0,0,0,2,0,0,0,1,0,5,0,1,0,0,0,0,0,0,0,0,0,0,0,0,0,0,0,0,0,0,0,0,0,0,0,0,2,0,0,0,2,0,0,0,0,0,4,0,0,2,1,0,0,0,0,0,0,0,0,0,0,0,0,0,0,0,0,0,0,0,0,0,0,0,0,0,0,0,0,0,0,0,0,0,0,0,0,0,0,0,0,0,0,0,0,0,0,0,0,0,0,0,0,0,0,0,0,0,0,0,0,0,0,0,0,0,0,0,0,0,0,0,0,0,0,0,0,0,0,0,0,0,0,0,0,0,0,0,0,0,0,0,0,0,0,0,0,0,0,0,0,0,0,0,0,0,0,0,0,0,0,0,0,0,0,0,0,0,0,0,0,0,0,0,0,0,0,0,0,0,0,0,0,0,0,0,0,0,0,0,0,0,0,0,0,0,0,0,0,0,0,0,0,0,0,0,0,0,0,0,0,0,0,0,0,0,0,0,0,0,0,0,0,0,0,0,0,0,0,0,0,0,0,0,0,0,0,0,0,0,0,0,0,0,0,0,0,0,0,0,0,0,0,0,0,0,0,0,0,0,0,0,0,0,0,0,0,0,0,0,0,0,0,0,0,0,0,0,0,0,0,0,0,0,0,0,0,0,0,0,0,0,0,0,0,0,0,0,0,0,0,0,0,0,0,0,0,0,0,0,0,0,0,0,0,0,0,0,0,0,0,0,0,0,0,0,0,0,0,0,0,0,0,0,0,0,0,0,0
Copenhagen,46,1007189_1,13,82,27,0,10,76,4,0,0,57,2,0,384,59,619,4,37,246,0,50,2,2,66,27,10,351,13,5,12,45,116,0,19,0,180,82,165,21,202,0,228,92,77,13,0,92,9,41,87,0,14,12,9,25,107,35,1,420,0,145,33,12,56,0,0,357,0,87,65,66,28,17,26,0,0,2,13,0,72,19,6,15,0,427,0,0,25,20,0,15,98,198,79,0,663,9,20,10,0,0,0,56,0,0,0,111,0,4,34,0,0,0,5,0,7,13,0,0,0,5,0,0,23,0,8,0,0,9,0,0,4,6,5,0,0,0,0,0,0,0,0,2,0,21,0,0,0,0,0,3,0,6,0,0,4,0,0,0,0,0,0,0,0,0,48,0,0,0,0,0,1,0,0,0,0,2,0,3,0,0,0,0,0,0,0,0,0,0,0,0,0,6,3,0,0,0,0,0,0,0,0,0,0,4,0,5,0,0,0,0,4,0,4,0,1,0,0,0,0,0,0,0,0,0,23,0,0,0,0,0,0,0,0,0,0,0,0,0,0,0,0,0,0,0,0,0,0,0,0,0,0,7,0,0,0,0,0,0,0,0,0,0,0,0,0,0,0,0,0,0,0,0,0,0,5,0,0,0,0,0,0,0,0,0,0,0,0,0,0,0,0,0,0,0,0,0,0,0,0,0,0,0,0,0,0,0,0,0,0,0,0,0,0,0,0,0,0,0,0,0,0,0,0,0,0,0,0,0,0,0,0,0,0,0,0,0,0,0,0,0,0,0,0,0,0,0,0,0,0,0,0,0,0,0,0,0,0,0,0,0,0,0,0,0,0,0,0,0,0,0,0,0,0,0,0,0,0,0,0,0,0,0,0,0,0,0,0,0,0,0,0,0,0,0,0,0,0,0,0,0,0,0,0,0,0,0,0,0,0,0,0,0,0,0,0,0,0,0,0,0,0,0,0,0,0,0,0,0,0,0,0,0,0,0,0,0,0,0,0,0,0,0,0,0,0,0,0,0,0,0,0,0,0,0,0,0,0,0,0,0,0,0,0,0,0,0,0,0,0,0,0,0,0,0,0,0,0,0,0,0,0,0,0,0,0,0,0,0,0,0,0,0,0,0,0,0,0,0,0,0,0,0,0,0,0,0,0,0,0,0,0,0,0,0,0,0,0,0,0,0,0,0,0,0,0,0,0,0,0,0,0,0,0,0,0,0,0,0,0,0,0,0,0,0,0,0,0,0,0,0,0,0,0,0
Copenhagen,48,1007193_2,52,180,48,3,70,259,26,0,0,101,152,26,479,188,1572,35,83,1159,0,157,0,22,127,17,29,694,40,0,53,129,160,0,141,50,409,183,282,60,344,35,26,174,184,40,30,130,65,66,198,2,82,44,69,43,95,92,3,1057,2,315,111,29,135,21,47,1179,5,132,159,65,52,29,78,0,0,0,61,3,256,65,12,48,0,892,0,0,136,13,5,48,301,276,125,3,1715,24,67,28,409,6,0,63,5,0,7,20,2,21,59,0,0,0,14,0,22,19,0,4,0,10,12,0,11,0,2,0,3,10,0,0,10,18,18,0,0,14,0,0,0,0,3,4,0,15,1,0,0,3,0,4,4,12,0,0,5,0,2,0,0,0,0,8,0,0,0,0,2,0,0,0,0,6,0,0,6,0,0,0,0,0,3,0,0,1,0,0,0,0,1,0,0,0,0,0,0,6,0,0,0,0,0,0,3,5,0,0,0,0,0,0,8,0,0,3,0,0,0,0,0,3,3,6,1,2,8,5,2,2,2,1,3,0,0,0,0,0,0,0,0,0,0,0,0,0,0,0,0,0,0,0,0,0,0,0,0,0,0,0,0,0,0,0,0,0,0,0,0,0,0,0,0,0,0,0,0,0,0,0,0,0,0,0,0,0,0,0,0,0,0,0,0,0,0,0,0,0,0,0,0,0,0,0,0,0,0,0,0,0,0,0,0,0,0,0,0,0,0,0,0,0,0,0,0,0,0,0,0,0,0,0,0,0,0,0,0,0,0,0,0,0,0,0,0,0,0,0,0,0,0,0,0,0,0,0,0,0,0,0,0,0,0,0,0,0,0,0,0,0,0,0,0,0,0,0,0,0,0,0,0,0,0,0,0,0,0,0,0,0,0,0,0,0,0,0,0,0,0,0,0,0,0,0,0,0,0,0,0,0,0,0,0,0,0,0,0,0,0,0,0,0,0,0,0,0,0,0,0,0,0,0,0,0,0,0,0,0,0,0,0,0,0,0,0,0,0,0,0,0,0,0,0,0,0,0,0,0,0,0,0,0,0,0,0,0,0,0,0,0,0,0,0,0,0,0,0,0,0,0,0,0,0,0,0,0,0,0,0,0,0,0,0,0,0,0,0,0,0,0,0,0,0,0,0,0,0,0,0,0,0,0,0,0,0,0,0,0,0,0,0,0,0,0,0,0,0,0,0,0,0,0,0,0,0,0,0,0,0,0,0,0,0,0,0,0,0,0,0,0,0,0,0,0,0,0
Copenhagen,48,1007194_1,56,305,83,12,17,255,32,0,0,125,0,32,1009,229,1006,0,117,846,14,109,3,12,155,10,88,870,40,0,28,71,252,25,73,4,1153,308,316,114,453,8,289,259,229,24,6,213,0,135,259,0,73,21,19,35,158,65,0,2351,4,422,69,45,114,0,9,880,35,135,153,120,73,57,162,0,32,6,66,0,226,64,18,48,0,1153,0,0,125,36,3,27,224,1007,193,0,4225,95,25,8,0,13,3,182,0,6,7,113,24,21,77,0,5,0,19,8,13,23,0,0,8,1,12,0,19,0,9,0,0,29,0,0,21,16,19,0,0,0,14,0,0,0,4,1,10,34,1,9,0,2,0,3,17,15,7,0,61,0,5,0,0,0,0,0,0,0,19,0,0,0,0,0,3,0,0,0,28,3,4,0,0,0,3,0,0,1,20,1,0,0,1,0,0,8,0,0,0,0,0,0,5,0,0,2,4,16,0,2,0,0,3,0,9,0,5,3,3,0,0,6,0,0,0,6,0,0,23,7,0,0,0,0,3,2,7,3,0,0,0,0,0,0,0,0,0,0,0,0,0,0,2,0,0,0,0,0,0,0,0,0,0,1,0,3,0,0,0,0,0,0,0,0,0,0,0,0,0,0,1,0,0,0,0,4,0,0,0,0,0,0,0,0,0,0,0,0,0,0,0,0,0,0,0,0,0,0,0,0,0,0,0,0,0,0,0,0,0,0,0,0,0,0,0,0,0,0,0,0,0,3,0,0,0,0,0,0,0,0,0,0,0,0,0,0,0,0,0,0,0,0,0,0,0,0,0,0,1,0,0,0,0,0,0,0,0,0,0,0,0,0,0,0,0,0,0,0,0,0,0,0,0,0,0,0,0,0,0,0,0,0,0,0,0,0,0,0,0,0,0,0,0,0,0,0,0,0,0,0,0,0,0,0,0,0,0,0,0,0,0,0,0,0,0,0,0,0,0,0,0,0,0,0,0,0,0,0,0,0,0,0,0,0,0,0,0,0,0,0,0,0,0,0,0,0,0,0,0,0,0,0,0,0,0,0,0,0,0,0,0,0,0,0,0,0,0,0,0,0,0,0,0,0,0,0,0,0,0,0,0,0,0,0,0,0,0,0,0,0,0,0,0,0,0,0,0,0,0,0,0,0,0,0,0,0,0,0,0,0,0,0,0,0,0,0,0,0,0,0,0,0,0,0,0,0,0,0,0,0,0,0,0,0,0,0,0,0,0,0,0,0,0,0,0,0,0,0
Copenhagen,48,1007192_1,22,211,38,2,28,322,42,0,0,90,0,0,478,86,1206,0,110,1650,0,426,0,16,117,10,35,1548,46,9,12,112,109,0,137,64,360,256,300,76,324,16,29,288,138,15,30,149,0,125,179,0,85,74,28,42,192,39,1,1349,0,212,44,24,106,8,49,1198,7,124,308,68,39,59,54,0,10,6,182,0,751,52,7,65,0,1642,0,0,121,31,0,43,283,366,115,1,2366,27,37,137,0,14,0,127,0,0,0,57,6,28,65,6,6,0,20,5,15,14,0,0,10,4,16,0,19,0,3,0,0,9,0,0,9,23,10,0,0,0,0,0,0,0,2,0,0,23,3,6,0,0,0,0,2,10,1,0,4,0,1,0,0,0,0,0,2,2,17,9,0,0,0,0,0,0,0,3,5,0,3,3,0,0,0,0,0,3,0,1,0,0,3,0,0,5,5,0,0,0,0,0,3,0,0,0,2,0,0,0,0,2,5,0,0,0,0,3,0,14,6,0,0,0,0,4,0,0,0,1,0,6,0,0,2,0,0,3,0,0,3,0,0,0,0,0,0,0,4,3,0,0,0,0,0,0,0,0,0,0,0,0,0,8,0,3,0,0,0,0,0,0,0,0,0,0,0,1,0,0,1,0,0,0,0,0,0,0,0,2,0,1,0,0,0,0,0,0,0,1,0,0,0,0,0,0,0,0,0,0,0,1,0,0,0,0,0,0,0,0,2,0,0,0,0,0,0,0,0,0,0,2,0,0,0,0,0,0,0,0,0,0,0,0,0,0,0,0,0,0,2,0,0,0,0,0,3,0,0,0,0,0,0,0,0,0,0,0,0,0,0,0,0,0,0,0,0,0,0,0,0,0,0,0,0,0,0,0,0,0,0,0,0,0,0,0,0,0,0,0,0,0,0,0,0,0,0,0,0,0,0,0,0,0,0,0,0,0,0,0,0,0,0,0,0,0,0,0,0,0,0,0,0,0,0,0,0,0,0,0,0,0,0,0,0,0,0,0,0,0,0,0,0,0,0,0,0,0,0,0,0,0,0,0,0,0,0,0,0,0,0,0,0,0,0,0,0,0,0,0,0,0,0,0,0,0,0,0,0,0,0,0,0,0,0,0,0,0,0,0,0,0,0,0,0,0,0,0,0,0,0,0,0,0,0,0,0,0,0,0,0,0,0,0,0,0,0,0,0,0,0,0,0,0,0,0,0,0,0,0,0,0,0,0,0,0,0,0,0,0,0,0,0,0,0,0,0,0
Copenhagen,49,1007196_1,133,314,70,5,29,305,55,3,0,118,0,26,818,190,704,3,128,908,11,173,0,28,62,10,46,821,56,31,50,59,251,8,117,7,1071,334,121,98,532,10,0,258,220,23,9,212,6,223,144,0,98,18,32,30,115,107,1,2642,40,368,64,76,175,7,9,980,19,165,206,76,109,51,121,0,19,9,84,0,276,110,22,37,0,1181,0,0,118,44,9,14,198,1224,173,0,4541,91,15,19,9,27,9,65,0,14,17,78,50,15,107,0,10,0,9,0,7,43,0,10,123,11,14,3,18,0,6,0,0,18,0,0,0,11,27,0,4,6,56,2,0,0,0,4,3,12,9,10,0,4,0,10,11,7,9,0,49,0,10,4,0,0,0,5,0,0,24,0,21,0,0,0,8,0,0,0,20,0,5,0,0,0,3,0,0,4,18,0,2,0,0,0,9,0,0,0,0,5,0,0,0,0,0,2,4,31,4,8,3,0,3,0,10,0,3,3,0,0,5,19,0,0,0,0,0,2,8,14,0,0,0,0,4,0,11,5,0,4,0,2,0,0,0,0,1,0,0,4,1,0,0,0,0,0,0,0,0,0,0,0,1,0,0,5,7,0,0,2,0,0,4,9,0,2,0,0,0,0,2,0,0,0,0,0,3,0,0,2,0,0,0,0,0,0,0,0,0,0,0,0,0,0,0,0,0,0,2,1,0,0,0,0,0,0,0,0,0,0,0,0,2,4,0,0,0,0,0,0,0,2,0,0,0,0,0,0,2,0,0,0,0,0,0,0,0,0,0,0,0,0,0,0,0,0,0,0,0,0,0,0,0,0,8,0,0,0,0,0,0,0,0,0,0,0,0,0,0,0,0,0,0,0,0,0,0,0,0,0,0,0,0,0,0,0,0,0,0,0,0,0,0,0,0,0,0,0,0,0,0,0,0,0,0,0,0,0,0,0,0,0,0,0,0,0,0,0,0,0,0,0,0,0,0,0,0,0,0,0,0,0,0,0,0,0,0,0,0,0,0,0,0,0,0,0,0,0,0,0,0,0,0,0,0,0,0,0,0,0,0,0,0,0,0,0,0,0,0,0,0,0,0,0,0,0,0,0,0,0,0,0,0,0,0,0,0,0,0,0,0,0,0,0,0,0,0,0,0,0,0,0,0,0,0,0,0,0,0,0,0,0,0,0,0,0,0,0,0,0,0,0,0,0,0,0,0,0,0,0,0,0,0,0,0,0,0,0,0,0,0,0,0,0,0,0,0,0
Copenhagen,49,1007197_1,31,165,49,0,7,110,12,0,0,88,0,6,200,83,780,0,99,699,4,195,0,8,73,8,17,823,54,7,18,73,88,0,64,21,175,148,168,18,203,26,0,163,147,4,9,190,7,57,124,0,29,20,14,19,35,66,3,791,3,288,38,58,119,0,20,442,8,85,120,60,43,23,53,0,3,0,144,5,403,41,0,16,0,1233,0,0,37,20,3,25,261,197,62,0,1432,10,32,64,0,3,0,37,0,0,0,15,3,12,36,0,0,0,10,0,5,16,0,0,40,3,19,0,12,0,0,0,0,23,0,0,6,9,4,0,0,0,7,0,0,0,2,0,0,6,0,0,0,4,0,0,2,6,1,0,7,2,0,0,0,0,0,0,0,0,12,3,0,0,0,0,4,0,0,0,0,0,1,0,0,0,0,0,0,0,0,0,0,0,3,0,0,0,0,0,0,0,0,1,0,1,0,0,0,0,0,7,0,0,0,0,0,0,0,2,0,0,0,0,0,0,0,0,0,0,0,2,0,0,0,0,0,0,0,0,0,0,0,0,0,0,0,0,0,0,0,0,0,0,0,0,0,0,0,0,0,0,0,0,0,0,0,0,0,0,0,0,0,0,0,0,0,0,0,0,0,0,0,0,0,0,0,0,0,0,0,0,0,2,0,0,0,0,0,0,0,0,0,0,0,0,0,0,0,0,0,0,0,0,0,0,0,0,0,0,0,0,0,0,0,0,0,0,0,0,0,0,0,0,0,0,0,0,0,0,0,0,0,0,0,0,0,0,0,0,0,0,0,0,0,0,0,2,0,0,0,0,0,0,0,0,0,0,0,0,0,0,0,0,0,0,0,0,0,0,0,0,0,0,0,0,0,0,0,0,0,0,0,0,0,0,0,0,0,0,0,0,0,0,0,0,0,0,0,0,0,0,0,0,0,0,0,0,0,0,0,0,0,0,0,0,0,0,0,0,0,0,0,0,0,0,0,0,0,0,0,0,0,0,0,0,0,0,0,0,0,0,0,0,0,0,0,0,0,0,0,0,0,0,0,0,0,0,0,0,0,0,0,0,0,0,0,0,0,0,0,0,0,0,0,0,0,0,0,0,0,0,0,0,0,0,0,0,0,0,0,0,0,0,0,0,0,0,0,0,0,0,0,0,0,0,0,0,0,0,0,0,0,0,0,0,0,0,0,0,0,0,0,0,0,0,0,0,0,0,0,0,0,0,0,0,0,0,0,0,0,0,0,0,0,0,0,0,0,0
Copenhagen,49,1007195_1,46,183,47,4,20,190,44,0,0,92,0,15,739,132,892,4,84,894,4,167,5,10,124,4,96,768,34,0,21,65,137,3,90,23,721,203,282,76,303,7,111,159,164,17,11,166,0,126,176,0,66,22,14,28,129,38,0,1641,3,260,55,36,73,0,6,948,23,99,179,77,50,46,123,0,23,7,167,0,275,27,18,49,5,904,4,0,115,22,0,29,227,597,136,2,2981,99,27,34,0,11,4,99,0,0,13,80,6,17,53,5,0,0,4,9,11,5,0,0,2,6,17,0,12,0,8,0,0,20,0,0,4,8,6,0,2,0,20,0,0,0,0,0,0,20,3,3,0,3,0,6,6,11,13,0,17,0,0,0,0,0,0,0,0,0,31,4,0,0,0,0,0,0,0,4,3,0,0,0,0,0,7,0,0,0,12,0,1,0,0,0,2,0,0,0,0,0,1,0,0,0,0,7,0,6,0,6,0,4,0,0,10,0,0,0,2,4,0,0,0,0,0,0,0,0,0,0,0,0,0,0,0,0,0,0,0,0,0,3,0,0,0,0,0,0,0,0,0,0,0,0,0,0,0,0,0,0,0,0,0,0,0,3,0,0,0,0,0,0,0,0,0,0,0,0,0,0,1,0,0,0,0,0,0,0,0,0,0,0,0,0,0,0,0,0,0,0,0,0,0,4,0,0,0,0,0,0,0,0,0,0,0,0,0,0,0,0,0,0,0,0,0,0,0,0,0,0,0,0,0,0,0,0,0,0,0,0,0,0,0,0,0,0,0,0,0,0,0,0,0,0,0,0,0,0,0,0,0,0,0,0,0,0,0,0,0,0,0,0,0,0,0,0,0,0,0,0,0,0,0,0,0,0,0,0,0,0,0,0,0,0,0,0,0,0,0,0,0,0,0,0,0,0,0,0,0,0,0,0,0,0,0,0,0,0,0,0,0,0,0,0,0,0,0,0,0,0,0,0,0,0,0,0,0,0,0,0,0,0,0,0,0,0,0,0,0,0,0,0,0,0,0,0,0,0,0,0,0,0,0,0,0,0,0,0,0,0,0,0,0,0,0,0,0,0,0,0,0,0,0,0,0,0,0,0,0,0,0,0,0,0,0,0,0,0,0,0,0,0,0,0,0,0,0,0,0,0,0,0,0,0,0,0,0,0,0,0,0,0,0,0,0,0,0,0,0,0,0,0,0,0,0,0,0,0,0,0,0,0,0,0,0,0,0,0,0,0,0,0,0,0,0,0,0,0
Copenhagen,51,1007199_1,64,197,73,2,14,122,22,0,0,159,2,0,561,226,661,4,96,636,9,111,8,11,79,21,75,567,34,11,34,64,218,5,40,7,750,213,161,79,518,11,0,193,229,22,3,174,4,127,155,0,28,18,9,39,69,90,0,1479,24,515,15,78,171,4,12,377,28,129,154,36,85,64,174,0,33,0,18,5,188,140,20,28,5,858,0,0,35,30,3,12,186,763,141,0,2472,72,12,13,0,12,7,42,0,10,13,61,37,9,90,0,0,0,48,0,6,59,0,11,40,9,7,0,18,0,3,0,0,33,0,0,12,7,21,0,8,0,23,0,0,0,1,4,0,12,2,12,0,3,3,4,17,13,22,0,51,0,13,0,0,0,0,10,0,3,24,1,8,0,0,0,6,0,0,0,25,51,3,6,0,0,0,0,3,0,15,4,0,0,0,0,6,0,0,0,0,0,0,1,4,0,0,0,0,24,0,8,0,0,0,0,8,0,18,1,0,0,7,10,0,0,0,0,0,1,29,0,0,0,0,0,4,4,4,3,0,3,0,0,0,0,0,0,0,0,0,0,0,0,0,0,0,0,0,0,0,0,0,0,0,0,0,10,0,0,0,2,0,0,0,0,0,0,0,0,0,0,2,2,1,1,2,6,0,0,0,0,0,0,0,0,0,0,0,0,0,0,0,0,0,0,0,0,0,0,0,0,0,0,0,0,0,0,0,0,0,0,0,0,0,0,0,0,0,0,0,0,0,0,0,0,0,0,0,0,0,0,0,0,0,0,0,0,0,0,0,0,0,0,0,0,0,0,0,0,0,0,0,0,0,0,0,0,0,0,0,0,0,0,0,0,0,0,0,0,0,0,0,0,0,0,0,0,0,0,0,0,0,0,0,0,0,0,0,0,0,0,0,0,0,0,0,0,0,0,0,0,0,0,0,0,0,0,0,0,0,0,0,0,0,0,0,0,0,0,0,0,0,0,0,0,0,0,0,0,0,0,0,0,0,0,0,0,0,0,0,0,0,0,0,0,0,0,0,0,0,0,0,0,0,0,0,0,0,0,0,0,0,0,0,0,0,0,0,0,0,0,0,0,0,0,0,0,0,0,0,0,0,0,0,0,0,0,0,0,0,0,0,0,0,0,0,0,0,0,0,0,0,0,0,0,0,0,0,0,0,0,0,0,0,0,0,0,0,0,0,0,0,0,0,0,0,0,0,0,0,0,0,0,0,0,0,0,0,0,0,0,0,0,0,0,0,0,0,0
Copenhagen,51,1007198_1,0,7,2,0,1,9,0,0,0,3,0,0,48,10,56,0,4,18,2,6,0,0,10,2,0,46,4,0,0,4,11,0,2,0,24,4,16,4,38,0,32,15,10,1,0,5,0,6,9,0,1,2,0,3,7,2,0,47,0,25,1,2,5,0,0,32,1,10,5,3,3,2,6,0,0,1,5,4,11,5,0,3,0,62,0,0,6,3,0,1,11,13,5,0,75,2,0,1,0,0,0,3,1,0,0,17,0,0,12,0,1,0,1,0,3,0,0,0,0,0,1,0,3,0,0,0,0,2,0,0,0,1,0,0,0,0,0,0,0,0,0,0,0,1,0,0,0,0,0,0,0,2,0,0,0,0,0,0,0,0,0,1,0,0,1,0,0,0,0,0,1,0,0,0,0,0,0,0,0,0,0,0,0,0,0,0,0,0,0,0,0,0,0,0,0,0,0,0,0,0,0,0,0,0,0,0,0,0,0,0,0,0,0,0,0,0,0,0,0,0,0,0,0,0,1,0,0,0,0,0,0,0,0,0,0,0,0,0,0,0,0,0,0,0,0,0,0,0,0,0,0,1,0,0,0,0,0,0,0,0,0,0,0,0,0,0,0,0,0,0,0,0,0,0,1,1,0,0,0,0,0,0,0,0,0,0,0,0,0,0,0,0,0,0,0,0,0,0,0,0,0,0,0,0,0,0,0,0,0,0,0,0,0,0,0,0,0,0,0,0,0,0,0,0,0,0,0,0,0,0,0,0,0,0,0,0,0,0,0,0,0,0,0,0,0,0,0,0,0,0,0,0,0,0,0,0,0,0,0,0,0,0,0,0,0,0,0,0,0,0,0,0,0,0,0,0,0,0,0,0,0,0,0,0,0,0,0,0,0,0,0,0,0,0,0,0,0,0,0,0,0,0,0,0,0,0,0,0,0,0,0,0,0,0,0,0,0,0,0,0,0,0,0,0,0,0,0,0,0,0,0,0,0,0,0,0,0,0,0,0,0,0,0,0,0,0,0,0,0,0,0,0,0,0,0,0,0,0,0,0,0,0,0,0,0,0,0,0,0,0,0,0,0,0,0,0,0,0,0,0,0,0,0,0,0,0,0,0,0,0,0,0,0,0,0,0,0,0,0,0,0,0,0,0,0,0,0,0,0,0,0,0,0,0,0,0,0,0,0,0,0,0,0,0,0,0,0,0,0,0,0,0,0,0,0,0,0,0,0,0,0,0,0,0,0,0,0,0,0,0,0,0,0,0
Copenhagen,52,1007204_1,19,65,17,0,9,142,19,0,0,45,60,7,295,36,432,31,74,560,0,47,0,15,34,19,0,320,13,0,9,40,57,0,54,16,145,79,104,38,82,8,0,78,50,0,7,58,25,79,53,5,43,6,16,19,40,36,1,503,0,190,36,4,43,9,34,500,0,79,68,36,11,11,33,0,0,0,20,0,115,15,3,66,0,404,0,0,62,18,0,8,99,146,555,0,838,6,9,10,77,4,0,55,0,0,0,12,0,11,0,0,0,0,0,0,4,0,0,0,0,0,7,0,8,0,0,0,0,0,0,0,9,2,4,0,0,6,0,1,0,0,0,54,0,9,0,0,0,0,0,4,0,8,0,0,3,0,0,0,0,0,0,0,0,0,0,4,0,0,0,0,0,0,0,1,12,0,1,2,0,0,0,0,0,0,0,0,1,0,0,0,0,0,0,0,0,0,0,0,3,0,0,0,0,0,0,0,0,0,0,0,5,0,0,7,0,0,0,0,0,0,0,0,0,0,0,1,0,0,0,0,0,0,0,2,0,0,0,0,0,0,0,0,0,0,0,0,0,0,0,0,0,0,0,0,0,0,0,0,0,0,0,0,0,0,0,0,0,0,0,0,0,0,0,0,0,0,0,0,0,0,0,0,0,0,0,0,0,0,0,0,0,0,0,0,0,0,0,0,0,0,0,0,0,0,0,0,0,0,1,6,1,0,0,0,0,0,0,0,0,0,0,0,0,0,0,0,0,0,0,0,0,0,0,0,0,0,0,0,0,0,0,0,0,0,0,0,0,0,0,0,0,0,0,0,0,0,0,0,0,0,0,0,0,0,0,0,0,0,0,0,0,0,0,0,0,0,0,0,0,0,0,0,0,0,0,0,0,0,0,0,0,0,0,0,0,0,0,0,0,0,0,0,0,0,0,0,0,0,0,0,0,0,0,0,0,0,0,0,0,0,0,0,0,0,0,0,0,0,0,0,0,0,0,0,0,0,0,0,0,0,0,0,0,0,0,0,0,0,0,0,0,0,0,0,0,0,0,0,0,0,0,0,0,0,0,0,0,0,0,0,0,0,0,0,0,0,0,0,0,0,0,0,0,0,0,0,0,0,0,0,0,0,0,0,0,0,0,0,0,0,0,0,0,0,0,0,0,0,0,0,0,0,0,0,0,0,0,0,0,0,0,0,0,0,0,0,0,0,0,0,0,0,0,0,0,0,0,0,0,0,0,0,0,0,0,0,0,0,0,0,0,0,0,0
Copenhagen,52,1007205_1,60,277,84,0,27,180,38,0,0,124,0,0,1327,190,535,0,110,881,6,130,4,19,125,16,119,724,33,8,28,91,87,50,86,33,485,308,257,187,268,23,0,178,268,29,9,175,0,333,209,0,60,0,28,13,86,195,5,1475,7,456,72,65,137,16,20,677,44,134,127,149,60,74,180,0,27,9,66,3,234,104,17,63,0,971,0,0,82,18,0,14,252,698,288,4,2243,120,12,38,0,7,5,42,0,31,8,24,41,21,70,0,4,0,5,5,7,48,0,9,28,3,10,0,34,0,0,0,0,52,0,0,11,15,25,0,4,4,19,0,9,0,0,5,0,12,2,10,0,2,0,0,21,11,47,0,70,0,28,0,0,0,0,3,0,6,65,0,5,0,0,0,8,0,0,0,20,2,0,1,0,0,0,0,0,0,24,4,0,0,3,0,0,0,0,0,0,4,0,0,7,0,0,10,10,32,0,6,0,0,1,0,15,0,5,2,0,4,14,5,0,0,0,0,1,1,13,7,0,0,0,0,0,0,18,5,0,3,0,0,0,0,0,0,0,0,0,0,0,0,0,0,0,0,0,0,0,0,0,0,0,0,0,0,0,0,0,0,0,0,0,7,0,0,0,0,0,0,0,0,0,0,0,4,0,0,0,4,0,2,0,0,0,0,0,0,0,0,0,0,0,0,0,0,0,0,0,0,0,0,0,0,0,0,1,0,0,0,0,0,0,0,0,0,0,0,0,0,0,0,0,0,0,0,0,0,1,0,0,0,0,0,0,0,0,0,0,3,0,0,0,0,0,0,0,0,0,0,0,0,0,0,0,0,0,0,0,0,0,0,0,0,0,0,0,0,0,0,0,0,0,0,0,0,0,0,0,0,0,0,0,0,0,0,0,0,0,0,0,0,0,0,0,0,0,0,0,0,0,0,0,0,0,0,0,0,0,0,0,0,0,0,0,0,0,0,0,0,0,0,0,0,0,0,0,0,0,0,0,0,0,0,0,0,0,0,0,0,0,0,0,0,0,0,0,0,0,0,0,0,0,0,0,0,0,0,0,0,0,0,0,0,0,0,0,0,0,0,0,0,0,0,0,0,0,0,0,0,0,0,0,0,0,0,0,0,0,0,0,0,0,0,0,0,0,0,0,0,0,0,0,0,0,0,0,0,0,0,0,0,0,0,0,0,0,0,0,0,0,0,0,0,0,0,0,0,0,0,0,0,0,0,0,0,0,0,0,0,0,0,0,0,0,0,0,0
Copenhagen,52,1007203_1,60,412,112,13,14,162,22,0,4,143,5,0,819,240,1204,164,94,1163,15,107,5,12,129,34,123,767,35,16,64,144,346,27,52,7,697,416,262,106,708,11,46,241,302,35,23,230,191,92,247,0,44,25,23,56,106,108,1,1444,6,560,51,48,169,7,14,733,43,184,178,104,84,43,164,2,32,5,34,12,173,64,36,40,0,1230,0,0,78,42,0,34,302,573,184,0,2532,94,26,13,24,11,2,71,6,26,17,56,24,10,102,7,4,0,3,7,22,23,0,0,26,17,21,0,27,0,15,0,4,34,0,0,11,12,19,0,4,7,85,0,6,0,4,0,0,7,3,9,0,2,1,23,31,15,22,0,49,0,14,4,0,0,0,0,0,4,6,0,19,5,0,0,4,3,0,0,27,146,4,0,0,0,0,0,0,7,17,6,0,0,0,0,0,9,0,0,0,23,0,0,0,0,0,0,3,28,0,0,0,0,1,0,13,0,5,6,5,6,0,4,0,0,0,0,0,0,23,6,0,0,0,2,5,0,0,0,0,7,0,0,0,0,2,0,0,0,0,0,0,0,0,0,0,0,0,0,0,0,0,0,0,0,0,0,0,0,0,3,4,0,0,0,0,0,0,0,0,0,1,0,0,0,0,2,0,0,0,0,0,0,0,0,0,0,0,0,0,0,0,0,0,0,0,0,0,0,0,0,0,1,0,0,0,0,1,0,0,0,0,0,0,0,0,0,0,0,0,0,0,0,0,0,0,0,0,0,0,0,0,0,0,0,0,0,0,0,0,0,0,0,0,0,0,0,0,0,0,0,0,0,0,0,0,0,0,0,0,0,0,0,0,0,0,0,0,0,0,0,0,0,0,0,0,0,0,0,0,0,0,0,0,0,0,0,0,0,0,0,0,0,0,0,0,0,0,0,0,0,0,0,0,0,0,0,0,0,0,0,0,0,0,0,0,0,0,0,0,0,0,0,0,0,0,0,0,0,0,0,0,0,0,0,0,0,0,0,0,0,0,0,0,0,0,0,0,0,0,0,0,0,0,0,0,0,0,0,0,0,0,0,0,0,0,0,0,0,0,0,0,0,0,0,0,0,0,0,0,0,0,0,0,0,0,0,0,0,0,0,0,0,0,0,0,0,0,0,0,0,0,0,0,0,0,0,0,0,0,0,0,0,0,0,0,0,0,0,0,0,0,0,0,0,0,0,0,0,0,0,0,0,0,0,0,0,0,0,0,0,0,0,0,0,0,0,0,0
Copenhagen,53,1007207_1,13,109,42,0,9,49,0,0,0,58,3,5,154,83,580,6,58,264,0,79,0,3,34,33,10,399,31,9,10,48,159,0,25,5,134,101,58,9,301,0,0,123,134,11,0,131,5,10,52,0,24,13,8,19,39,75,1,318,0,236,33,37,99,0,12,260,6,74,60,28,39,35,80,0,4,0,17,0,112,61,18,7,0,551,0,0,28,20,0,13,107,107,60,0,562,17,18,6,0,0,0,36,0,0,12,49,7,9,48,0,0,0,11,0,9,19,0,3,3,1,13,0,20,0,0,0,0,13,0,0,0,8,5,0,0,0,0,0,0,0,0,0,3,6,3,5,0,2,0,0,0,1,0,0,2,0,0,0,0,0,0,5,0,0,3,0,0,0,0,0,2,0,0,0,2,0,4,0,0,0,0,0,0,0,0,4,5,0,0,0,0,5,0,0,0,0,0,0,3,0,0,0,0,4,0,0,0,0,0,0,0,0,4,5,0,0,0,0,0,0,0,0,0,0,11,0,0,0,0,0,0,0,0,0,0,0,4,0,0,0,0,0,0,0,0,0,0,0,0,0,0,0,0,0,0,0,0,0,0,0,0,0,0,0,0,0,0,0,0,0,0,0,0,0,0,2,1,0,0,0,0,0,0,0,0,0,0,0,0,0,0,6,0,0,0,0,0,0,0,0,0,0,0,0,0,0,0,0,0,0,0,0,0,0,0,0,0,0,0,0,0,0,0,0,0,0,0,0,0,0,0,0,0,0,0,0,0,0,0,0,0,0,0,0,0,0,0,0,0,0,0,0,0,0,0,0,0,0,0,0,0,0,0,0,0,0,0,0,0,0,0,0,0,0,0,0,0,0,0,0,0,0,0,0,0,0,0,0,0,0,0,0,0,0,0,0,0,0,0,0,0,0,0,0,0,0,0,0,0,0,0,0,0,0,0,0,0,0,0,0,0,0,0,0,0,0,0,0,0,0,0,0,0,0,0,0,0,0,0,0,0,0,0,0,0,0,0,0,0,0,0,0,0,0,0,0,0,0,0,0,0,0,0,0,0,0,0,0,0,0,0,0,0,0,0,0,0,0,0,0,0,0,0,0,0,0,0,0,0,0,0,0,0,0,0,0,0,0,0,0,0,0,0,0,0,0,0,0,0,0,0,0,0,0,0,0,0,0,0,0,0,0,0,0,0,0,0,0,0,0,0,0,0,0,0,0,0,0,0,0,0,0,0,0,0,0,0,0,0,0,0,0,0,0
Copenhagen,53,1007208_1,22,186,62,6,24,301,26,0,0,124,3,0,1171,165,1235,6,122,1068,5,214,4,19,140,10,86,1095,32,6,28,101,191,2,115,21,581,198,305,119,391,14,287,290,199,31,11,204,0,218,179,0,98,32,36,43,247,75,0,1583,5,293,68,53,107,6,20,1178,37,159,319,145,41,48,121,3,39,10,159,2,375,76,9,51,0,1348,0,0,138,43,0,35,247,641,216,1,2821,113,47,36,0,12,0,144,0,0,4,170,4,16,52,5,12,0,11,9,11,34,0,0,10,3,24,0,21,0,0,0,0,24,0,0,12,16,15,0,0,0,13,0,0,0,0,4,0,29,3,0,0,2,0,0,11,16,0,0,8,0,1,0,0,0,0,7,0,0,18,6,0,0,0,0,3,0,0,0,8,0,0,4,0,0,2,0,4,0,10,3,0,0,0,0,3,0,0,0,0,0,1,0,6,0,0,4,4,10,5,4,1,0,3,0,8,0,0,0,3,7,5,0,0,0,0,0,0,0,13,2,0,0,0,0,0,0,0,0,0,0,0,0,0,0,0,0,0,0,0,0,0,0,1,0,0,0,0,0,0,2,0,0,0,1,0,0,0,0,0,0,3,0,0,0,0,0,0,0,0,0,2,0,0,0,0,3,0,0,0,0,0,0,0,0,0,5,0,0,0,0,0,0,0,0,0,0,0,0,0,0,0,0,0,0,0,0,0,0,0,0,0,0,0,0,0,0,0,0,0,0,0,0,0,0,0,0,0,0,0,0,0,0,0,0,0,0,0,0,0,0,0,0,0,0,0,0,0,0,0,0,0,0,0,0,0,0,0,0,0,0,0,0,0,0,0,0,0,0,0,0,0,0,0,0,0,0,0,0,0,0,0,0,0,0,0,0,0,0,0,0,0,0,0,0,0,0,0,0,0,0,0,0,0,0,0,0,0,0,0,0,0,0,0,0,0,0,0,0,0,0,0,0,0,0,0,0,0,0,0,0,0,0,0,0,0,0,0,0,0,0,0,0,0,0,0,0,0,0,0,0,0,0,0,0,0,0,0,0,0,0,0,0,0,0,0,0,0,0,0,0,0,0,0,0,0,0,0,0,0,0,0,0,0,0,0,0,0,0,0,0,0,0,0,0,0,0,0,0,0,0,0,0,0,0,0,0,0,0,0,0,0,0,0,0,0,0,0,0,0,0,0,0,0,0,0,0,0,0,0,0,0,0,0,0,0,0,0,0,0,0,0,0,0,0,0,0,0,0
Copenhagen,53,1007206_1,91,545,92,25,43,296,34,4,2,112,80,0,1055,179,1146,421,100,1490,16,180,9,36,138,13,128,915,24,5,168,124,274,12,111,20,700,615,290,156,580,18,41,254,239,21,54,264,476,279,228,2,73,22,37,44,179,69,6,2003,18,410,37,40,104,8,32,986,42,175,259,121,75,60,127,0,37,8,207,8,285,68,12,68,0,1278,0,0,103,26,3,29,272,755,241,0,3574,118,24,29,86,13,5,97,0,4,10,55,20,13,84,0,4,6,5,12,19,12,0,0,14,18,18,2,15,0,6,0,0,23,0,0,16,20,19,0,5,12,9,0,3,0,1,0,0,14,5,4,0,3,0,3,10,17,7,0,58,0,8,0,0,0,0,11,0,3,22,5,9,0,0,0,1,0,0,0,36,126,2,8,0,0,9,0,5,0,13,2,1,0,1,0,0,5,2,0,0,0,1,1,4,0,0,4,5,24,0,7,2,3,5,0,8,6,0,10,1,4,8,0,0,0,0,0,0,0,7,1,2,0,0,0,3,2,12,0,0,0,0,0,0,0,0,0,0,0,0,0,0,0,0,0,0,0,0,1,0,0,0,0,0,0,0,0,0,0,0,0,0,0,6,0,0,0,0,0,0,0,2,0,0,0,0,0,0,2,0,0,0,0,0,0,0,0,0,0,0,0,0,0,0,0,0,0,0,0,0,0,7,2,0,0,0,0,1,0,0,0,0,0,0,0,0,0,0,0,0,0,0,0,1,10,2,2,1,0,0,0,0,0,0,0,0,0,0,0,0,0,0,0,0,0,0,0,0,0,0,0,0,0,0,0,0,0,0,0,0,0,0,0,0,0,0,0,0,0,0,0,0,0,0,0,0,0,0,0,0,0,0,0,0,0,0,0,0,0,0,0,0,0,0,0,0,0,0,0,0,0,0,0,0,0,0,0,0,0,0,0,0,0,0,0,0,0,0,0,0,0,0,0,0,0,0,0,0,0,0,0,0,0,0,0,0,0,0,0,0,0,0,0,0,0,0,0,0,0,0,0,0,0,0,0,0,0,0,0,0,0,0,0,0,0,0,0,0,0,0,0,0,0,0,0,0,0,0,0,0,0,0,0,0,0,0,0,0,0,0,0,0,0,0,0,0,0,0,0,0,0,0,0,0,0,0,0,0,0,0,0,0,0,0,0,0,0,0,0,0,0,0,0,0,0,0,0,0,0,0,0,0,0,0,0,0,0,0,0,0,0,0,0,0,0,0,0,0,0
Copenhagen,55,1007210_1,1,3,0,0,0,14,2,0,0,2,0,0,3,0,18,0,1,33,0,6,0,1,2,0,1,31,0,0,0,1,2,0,1,0,6,4,5,3,5,0,0,2,2,0,0,7,0,7,3,0,4,3,0,0,5,0,0,32,0,5,0,0,2,1,2,24,0,2,9,3,1,3,1,0,0,0,0,0,19,0,0,1,0,33,0,0,1,4,0,0,5,10,4,0,52,2,2,5,0,0,0,4,0,0,0,0,0,1,0,0,0,0,0,0,0,0,0,0,0,0,0,0,0,0,0,0,0,0,0,0,0,0,2,0,0,0,2,0,0,0,0,0,1,0,0,0,0,0,0,0,0,0,0,0,1,0,0,0,0,0,0,0,0,1,2,0,1,0,0,0,0,0,0,0,0,0,0,0,0,0,0,1,0,0,0,0,0,0,0,0,0,0,0,0,0,0,0,0,0,0,0,0,0,0,0,1,0,1,0,0,0,0,0,0,0,1,0,0,0,0,0,0,0,0,0,0,0,0,0,0,0,0,0,0,0,0,0,0,0,0,0,0,0,0,0,0,0,0,0,0,0,0,0,0,0,0,0,0,0,0,0,0,0,0,0,0,0,0,0,0,0,0,0,0,0,0,0,0,0,0,0,0,0,0,0,0,0,0,0,0,0,0,0,0,0,0,0,0,0,0,0,0,0,0,0,0,0,0,0,0,0,0,0,0,0,0,0,0,0,0,0,0,0,0,0,0,0,0,0,0,0,0,0,0,0,0,0,0,0,0,0,0,0,0,0,0,0,0,0,0,0,0,0,0,0,0,0,0,0,0,0,0,0,0,0,0,0,0,0,0,0,0,0,1,0,0,0,0,0,0,0,0,0,0,0,0,0,0,0,0,0,0,0,0,0,0,0,0,0,0,0,0,0,0,0,0,0,0,0,0,0,0,0,0,0,0,0,0,0,0,0,0,0,0,0,0,0,0,0,0,0,0,0,0,0,0,0,0,0,0,0,0,0,0,0,0,0,0,0,0,0,0,0,0,0,0,0,0,0,0,0,0,0,0,0,0,0,0,0,0,0,0,0,0,0,0,0,0,0,0,0,0,0,0,0,0,0,0,0,0,0,0,0,0,0,0,0,0,0,0,0,0,0,0,0,0,0,0,0,0,0,0,0,0,0,0,0,0,0,0,0,0,0,0,0,0,0,0,0,0,0,0,0,0,0,0,0,0,0,0,0,0,0,0,0,0,0,0,0,0,0,0,0,0
Copenhagen,55,1007211_1,18,105,43,5,15,130,6,0,0,54,0,0,1672,100,344,0,39,58,5,33,4,6,59,12,52,151,14,4,5,18,46,23,52,0,389,136,156,281,153,0,0,87,108,18,3,122,0,371,98,0,41,7,9,21,47,16,0,378,0,220,40,35,63,0,0,351,20,75,49,152,20,24,83,5,19,12,15,0,43,16,13,63,0,133,0,0,46,7,0,9,150,134,264,0,643,43,7,0,0,7,0,0,0,7,4,11,12,0,30,0,0,0,0,0,0,5,0,5,0,4,0,0,9,0,0,0,4,19,0,0,2,5,6,0,0,0,5,0,5,0,3,2,0,3,2,8,0,0,0,3,8,7,13,0,75,0,0,0,0,0,0,0,0,0,136,0,2,0,0,0,0,0,0,0,24,0,0,0,0,0,5,0,0,0,18,0,0,0,0,0,0,0,0,0,0,0,0,0,0,0,0,4,6,34,0,0,0,3,2,0,8,0,6,0,0,0,14,0,0,0,0,9,0,0,6,3,0,0,0,0,0,3,20,0,0,0,0,0,0,0,0,0,0,0,0,0,0,0,0,0,0,0,0,0,0,0,0,0,0,0,0,0,0,0,0,0,0,0,0,0,0,0,0,0,0,0,1,0,0,1,0,0,0,0,0,0,0,0,0,0,0,0,0,0,0,0,0,0,0,0,0,0,0,0,0,0,0,0,0,0,0,0,0,0,0,0,0,0,0,0,0,0,0,0,0,0,0,0,0,0,0,0,0,0,0,0,0,0,0,0,0,0,0,0,0,0,0,0,0,0,0,0,0,0,0,0,0,0,0,0,0,0,0,0,0,0,0,0,0,0,0,0,0,0,0,0,0,0,0,0,0,0,0,0,0,0,0,0,0,0,0,0,0,0,0,0,0,0,0,0,0,0,0,0,0,0,0,0,0,0,0,0,0,0,0,0,0,0,0,0,0,0,0,0,0,0,0,0,0,0,0,0,0,0,0,0,0,0,0,0,0,0,0,0,0,0,0,0,0,0,0,0,0,0,0,0,0,0,0,0,0,0,0,0,0,0,0,0,0,0,0,0,0,0,0,0,0,0,0,0,0,0,0,0,0,0,0,0,0,0,0,0,0,0,0,0,0,0,0,0,0,0,0,0,0,0,0,0,0,0,0,0,0,0,0,0,0,0,0,0,0,0,0,0,0,0,0,0,0,0,0,0,0,0,0,0,0,0,0,0,0,0,0,0,0,0,0,0,0,0,0,0,0,0
Copenhagen,55,1007209_1,95,413,75,8,14,220,23,0,0,123,21,24,500,165,957,277,98,984,2,81,6,15,104,55,44,941,33,20,88,80,348,0,71,14,804,406,185,68,685,0,54,278,233,35,11,260,293,90,149,0,45,6,15,45,110,106,1,1864,5,413,38,32,156,19,11,683,5,181,181,81,102,43,91,0,7,5,81,0,198,56,18,34,0,1318,0,0,93,44,11,25,218,760,123,0,3155,37,31,17,36,6,2,59,7,4,11,92,6,12,110,0,0,0,5,0,32,20,0,0,14,4,13,4,25,0,6,0,0,16,0,0,6,16,15,0,0,11,33,0,0,0,0,6,0,15,4,3,0,3,1,8,3,7,1,0,18,0,2,0,3,0,0,0,0,0,3,0,2,0,0,0,2,0,0,2,18,108,2,0,0,0,4,0,0,1,0,3,0,0,0,0,6,12,8,0,0,0,0,0,0,0,0,0,3,3,0,7,0,0,0,0,13,6,7,11,1,0,0,0,0,0,0,0,0,2,23,7,0,0,0,0,6,0,0,0,0,2,0,0,0,0,0,5,0,0,0,0,2,0,0,0,0,0,0,0,0,0,0,0,0,0,0,0,0,0,0,0,2,4,6,0,0,0,0,0,0,0,0,0,0,0,0,0,0,0,0,0,0,0,0,0,0,0,0,0,0,0,0,0,0,0,0,0,0,0,0,0,0,0,0,0,0,0,0,0,0,0,0,0,0,0,0,0,0,0,0,0,0,0,0,0,0,0,0,0,0,0,0,0,0,0,0,0,0,0,0,0,0,0,0,0,0,0,0,0,0,0,0,0,0,0,0,0,0,0,0,0,0,0,0,0,0,0,0,0,0,0,0,0,0,0,0,0,0,0,0,0,0,0,0,0,0,0,0,0,0,0,0,0,0,0,0,0,0,0,0,0,0,0,0,0,0,0,0,0,0,0,0,0,0,0,0,0,0,0,0,0,0,0,0,0,0,0,0,0,0,0,0,0,0,0,0,0,0,0,0,0,0,0,0,0,0,0,0,0,0,0,0,0,0,0,0,0,0,0,0,0,0,0,0,0,0,0,0,0,0,0,0,0,0,0,0,0,0,0,0,0,0,0,0,0,0,0,0,0,0,0,0,0,0,0,0,0,0,0,0,0,0,0,0,0,0,0,0,0,0,0,0,0,0,0,0,0,0,0,0,0,0,0,0,0,0,0,0,0,0,0,0,0,0,0,0,0,0,0,0,0,0,0,0,0,0,0,0,0
Copenhagen,56,1007212_1,46,214,65,6,35,125,25,0,0,108,4,0,518,157,906,6,174,405,8,221,6,22,76,18,83,729,71,11,29,95,188,11,44,9,463,212,177,65,399,7,0,139,203,13,6,174,0,108,85,0,40,16,12,29,78,140,1,966,6,379,73,54,155,0,17,425,36,113,124,53,74,88,134,2,29,0,78,0,351,58,11,31,3,886,5,0,55,22,2,25,256,452,111,5,1767,73,42,84,0,10,2,38,0,0,14,35,29,10,61,3,7,0,6,8,14,25,0,4,61,6,12,0,6,0,2,0,0,16,0,0,4,9,7,0,0,0,25,0,3,0,0,3,3,9,0,9,0,4,0,4,7,18,13,0,42,0,6,0,0,0,0,9,0,4,16,4,6,0,0,0,2,0,0,0,8,0,0,2,0,0,0,0,0,0,10,5,1,0,0,0,3,9,0,0,0,0,0,1,0,0,0,0,0,29,3,0,0,0,0,0,3,0,0,5,0,0,0,0,0,0,0,0,0,1,0,4,0,0,0,0,0,0,0,0,0,0,0,0,0,0,0,2,0,0,0,0,0,0,0,0,0,0,0,0,0,0,0,0,0,1,0,3,0,0,0,0,0,0,0,0,0,0,0,0,0,0,0,0,0,0,0,0,0,0,0,0,0,0,0,0,0,0,0,0,0,0,0,0,0,0,0,0,0,0,0,0,0,0,0,0,0,0,0,0,0,0,0,0,2,0,0,0,0,0,0,0,0,0,0,0,0,0,0,0,0,0,0,0,0,0,0,0,0,0,0,0,0,0,0,0,0,0,0,0,0,0,0,0,0,0,0,0,0,0,0,0,0,0,0,0,0,0,0,0,0,0,0,0,0,0,0,0,0,0,0,0,0,0,0,0,0,0,0,0,0,0,0,0,0,0,0,0,0,0,0,0,0,0,0,0,0,0,0,0,0,0,0,0,0,0,0,0,0,0,0,0,0,0,0,0,0,0,0,0,0,0,0,0,0,0,0,0,0,0,0,0,0,0,0,0,0,0,0,0,0,0,0,0,0,0,0,0,0,0,0,0,0,0,0,0,0,0,0,0,0,0,0,0,0,0,0,0,0,0,0,0,0,0,0,0,0,0,0,0,0,0,0,0,0,0,0,0,0,0,0,0,0,0,0,0,0,0,0,0,0,0,0,0,0,0,0,0,0,0,0,0,0,0,0,0,0,0,0,0,0,0,0,0,0,0,0,0,0,0,0,0,0,0,0,0,0,0,0,0
Copenhagen,56,1007201_1,65,240,86,11,24,199,32,5,0,100,0,13,928,188,511,4,126,751,19,113,4,13,81,4,110,680,46,5,22,80,130,53,67,5,520,311,152,107,313,13,0,175,217,8,5,131,4,195,119,0,83,9,20,13,93,144,3,1300,12,461,73,37,139,0,23,688,36,119,133,96,68,96,154,0,28,0,54,11,245,84,16,35,3,996,7,0,80,12,0,24,176,628,202,0,2353,113,14,31,0,11,1,41,0,24,14,50,74,14,93,0,7,0,15,0,5,37,0,13,52,13,10,2,16,0,3,0,6,27,0,0,2,7,21,0,4,0,31,0,3,0,2,4,0,7,1,13,0,3,0,10,27,9,34,0,111,0,3,0,0,0,0,0,0,0,58,0,5,0,0,0,10,0,0,0,12,0,17,5,0,0,0,0,0,3,18,11,0,0,0,0,0,5,0,0,0,0,0,0,6,0,0,7,2,28,0,0,0,0,2,0,8,6,0,3,0,0,7,10,0,0,0,0,0,1,8,6,0,0,0,0,3,0,6,0,0,0,0,0,0,0,0,0,0,0,0,0,0,0,0,0,0,0,0,0,0,0,0,0,0,0,0,11,0,0,0,0,0,0,0,0,0,0,0,0,0,0,0,0,0,0,0,0,0,3,0,1,0,0,0,0,0,0,0,0,0,0,0,0,0,0,0,0,0,0,0,0,0,0,0,0,0,0,0,0,0,0,0,0,0,0,0,0,0,0,0,0,0,0,0,0,0,0,0,0,0,0,0,0,0,0,0,0,0,0,0,0,2,0,0,0,0,0,0,0,0,0,0,0,0,0,9,0,0,0,0,0,0,0,0,0,0,0,0,0,0,0,0,0,0,0,0,0,0,0,0,0,0,0,0,0,0,0,0,0,0,0,0,0,0,0,0,0,0,0,0,0,0,0,0,0,0,0,0,0,0,0,0,0,0,0,0,0,0,0,0,0,0,0,0,0,0,0,0,0,0,0,0,0,0,0,0,0,0,0,0,0,0,0,0,0,0,0,0,0,0,0,0,0,0,0,0,0,0,0,0,0,0,0,0,0,0,0,0,0,0,0,0,0,0,0,0,0,0,0,0,0,0,0,0,0,0,0,0,0,0,0,0,0,0,0,0,0,0,0,0,0,0,0,0,0,0,0,0,0,0,0,0,0,0,0,0,0,0,0,0,0,0,0,0,0,0,0,0,0,0,0,0,0,0,0,0,0,0,0,0,0,0,0,0,0,0,0,0,0
Copenhagen,56,1007202_1,81,617,119,4,29,314,25,3,0,155,13,19,710,278,1212,394,136,1589,23,144,5,17,160,11,109,1133,41,10,75,110,395,11,76,8,633,648,306,95,818,12,63,396,340,25,23,305,440,111,278,0,60,28,24,54,114,135,2,1788,10,554,164,74,169,9,30,766,30,160,280,137,97,47,204,0,28,8,86,0,230,62,21,47,0,1618,1,0,83,81,8,42,308,691,204,0,3309,113,24,18,49,13,2,109,5,8,7,96,22,12,119,0,2,0,14,10,19,20,0,10,15,11,17,4,21,0,6,0,0,28,0,0,29,17,7,0,0,16,25,0,3,0,2,6,0,14,3,8,0,7,2,5,10,7,14,0,44,0,8,0,0,0,0,0,0,4,5,3,6,3,0,2,3,0,0,0,34,0,3,0,4,0,5,0,3,0,10,3,1,0,0,0,6,11,4,1,0,9,1,1,2,4,0,7,3,32,0,2,6,7,0,0,7,0,9,14,2,2,0,0,0,0,0,0,0,0,29,6,0,0,0,0,5,0,0,0,1,3,0,0,0,4,1,2,2,2,4,2,2,0,0,0,0,0,0,0,0,0,0,0,0,0,0,0,0,0,0,0,0,0,0,0,0,0,0,0,0,0,0,0,0,0,0,0,0,0,0,0,0,0,0,0,0,0,0,0,0,0,0,0,0,0,0,0,0,0,0,0,0,0,0,0,0,0,0,0,0,0,0,0,0,0,0,0,0,0,0,0,0,0,0,0,0,0,0,0,0,0,0,0,0,0,0,0,0,0,0,0,0,0,0,0,0,0,0,0,0,0,0,0,0,0,0,0,0,0,0,0,0,0,0,0,0,0,0,0,0,0,0,0,0,0,0,0,0,0,0,0,0,0,0,0,0,0,0,0,0,0,0,0,0,0,0,0,0,0,0,0,0,0,0,0,0,0,0,0,0,0,0,0,0,0,0,0,0,0,0,0,0,0,0,0,0,0,0,0,0,0,0,0,0,0,0,0,0,0,0,0,0,0,0,0,0,0,0,0,0,0,0,0,0,0,0,0,0,0,0,0,0,0,0,0,0,0,0,0,0,0,0,0,0,0,0,0,0,0,0,0,0,0,0,0,0,0,0,0,0,0,0,0,0,0,0,0,0,0,0,0,0,0,0,0,0,0,0,0,0,0,0,0,0,0,0,0,0,0,0,0,0,0,0,0,0,0,0,0,0,0,0,0,0,0,0,0,0,0,0,0,0,0,0,0,0,0,0,0
Copenhagen,56,1007200_1,42,237,74,5,23,110,15,0,5,140,0,0,986,189,916,0,101,566,13,93,4,15,119,20,115,493,21,8,30,90,182,23,56,7,856,260,297,125,394,6,137,157,223,20,6,153,4,155,291,0,41,11,12,50,111,60,2,1479,5,549,78,56,143,0,7,634,26,142,116,102,75,29,134,0,39,3,52,3,154,46,25,39,0,667,0,0,64,33,6,22,283,690,284,0,2543,117,37,12,0,11,2,103,0,20,5,70,11,10,91,0,0,0,0,11,8,11,0,5,2,6,13,2,19,0,0,0,0,28,0,0,9,12,16,0,6,0,14,0,6,0,1,13,0,16,6,11,0,0,0,12,21,5,19,0,107,0,3,0,0,0,0,0,0,4,25,7,4,0,0,0,1,0,0,0,25,0,6,3,0,0,2,0,0,3,27,2,1,0,0,0,0,9,3,0,0,0,0,0,9,0,0,4,0,21,0,0,3,0,0,0,11,0,13,0,1,0,5,0,0,0,0,0,0,0,16,8,0,0,0,0,5,0,0,4,0,0,0,0,0,0,0,0,0,0,0,0,0,0,0,0,0,0,0,0,0,0,0,3,0,0,0,0,0,0,0,0,0,4,0,4,0,0,0,0,0,0,0,0,0,1,0,5,0,0,0,0,0,0,0,0,0,0,0,0,0,0,0,0,0,0,0,0,0,0,0,0,0,0,0,0,0,0,0,0,0,0,0,0,0,0,0,0,0,0,0,0,0,0,0,0,0,0,0,0,0,0,0,0,0,0,0,0,0,0,0,0,0,0,0,0,0,0,0,0,0,0,0,0,0,0,0,0,0,0,0,0,0,0,0,0,0,0,0,0,0,0,0,0,0,0,0,0,0,0,0,0,0,0,0,0,0,0,0,0,0,0,0,0,0,0,0,0,0,0,0,0,0,0,0,0,0,0,0,0,0,0,0,0,0,0,0,0,0,0,0,0,0,0,0,0,0,0,0,0,0,0,0,0,0,0,0,0,0,0,0,0,0,0,0,0,0,0,0,0,0,0,0,0,0,0,0,0,0,0,0,0,0,0,0,0,0,0,0,0,0,0,0,0,0,0,0,0,0,0,0,0,0,0,0,0,0,0,0,0,0,0,0,0,0,0,0,0,0,0,0,0,0,0,0,0,0,0,0,0,0,0,0,0,0,0,0,0,0,0,0,0,0,0,0,0,0,0,0,0,0,0,0,0,0,0,0,0,0,0,0,0,0,0,0,0,0,0,0,0
Copenhagen,57,1007217_1,110,291,53,23,56,252,18,0,0,56,128,16,223,160,902,191,79,1226,0,199,0,25,84,19,0,788,26,10,67,81,127,1,135,36,464,308,235,34,326,35,29,150,148,16,30,116,242,51,211,0,61,45,55,39,74,50,1,1488,5,202,100,21,113,16,43,946,7,107,165,51,47,29,62,0,0,0,105,2,312,36,6,33,0,997,136,0,142,7,0,31,260,442,97,4,2543,15,20,42,235,5,0,75,9,0,0,19,0,20,57,2,4,0,9,10,18,4,0,3,0,5,17,0,6,0,5,0,0,8,0,0,12,11,9,0,3,16,2,0,0,0,0,4,5,10,0,0,0,0,0,0,6,3,0,0,3,0,3,3,0,0,0,0,0,0,24,0,4,0,0,0,1,0,0,2,6,0,5,0,0,0,9,0,0,0,0,1,2,0,0,0,4,0,0,0,0,0,0,0,0,0,0,0,0,0,0,0,0,0,0,0,4,0,0,2,0,4,0,0,0,0,0,0,0,0,0,0,0,14,0,0,0,0,0,0,0,0,0,0,0,0,0,0,0,0,0,0,0,0,0,0,0,0,0,0,0,0,0,0,0,0,0,0,0,0,0,0,0,0,0,0,0,0,0,0,0,0,1,0,0,0,0,0,0,0,0,0,0,2,0,0,0,0,0,0,0,0,0,0,0,0,0,0,0,0,0,0,0,0,0,0,0,0,0,0,0,0,0,0,0,0,0,0,0,0,0,0,0,0,0,0,0,0,0,0,0,0,0,0,0,0,0,0,0,0,0,0,0,0,0,0,0,0,0,0,0,0,0,0,0,0,0,0,0,0,0,0,0,0,0,0,0,0,0,0,0,0,0,0,0,0,0,0,0,0,0,0,0,0,0,0,0,0,0,0,0,0,0,0,0,0,0,0,0,0,0,0,0,0,0,0,0,0,0,0,0,0,0,0,0,0,0,0,0,0,0,0,0,0,0,0,0,0,0,0,0,0,0,0,0,0,0,0,0,0,0,0,0,0,0,0,0,0,0,0,0,0,0,0,0,0,0,0,0,0,0,0,0,0,0,0,0,0,0,0,0,0,0,0,0,0,0,0,0,0,0,0,0,0,0,0,0,0,0,0,0,0,0,0,0,0,0,0,0,0,0,0,0,0,0,0,0,0,0,0,0,0,0,0,0,0,0,0,0,0,0,0,0,0,0,0,0,0,0,0,0,0,0,0,0,0,0,0,0,0,0,0,0,0,0,0,0,0,0,0
Copenhagen,57,1007216_2,7,32,15,0,3,43,5,0,0,24,0,0,115,44,196,0,14,274,0,44,0,4,20,3,4,199,3,0,5,21,41,0,18,4,93,37,52,18,102,0,3,69,42,8,5,34,0,12,41,0,13,7,3,11,37,16,0,236,0,62,7,6,20,0,4,181,4,31,54,9,12,3,9,0,5,0,9,0,74,3,0,15,0,350,1,0,15,12,1,6,55,96,32,0,439,8,0,11,0,4,0,20,0,0,0,6,4,6,18,0,0,0,0,0,3,0,0,0,2,0,2,0,10,0,0,0,0,0,0,0,10,1,2,0,1,0,2,0,0,0,0,2,2,1,0,0,0,0,0,0,1,1,3,0,8,0,2,0,0,0,0,0,0,0,4,0,0,0,0,0,0,0,0,0,0,0,0,0,0,0,0,0,0,0,4,1,0,0,0,0,0,0,0,0,0,0,0,0,0,0,0,0,0,4,0,0,0,0,0,0,5,0,1,0,0,2,0,0,0,0,0,0,0,0,0,0,0,0,0,0,0,0,0,0,0,0,0,0,0,0,0,0,0,0,0,0,0,0,0,0,0,0,0,0,0,0,0,0,0,0,0,0,0,0,0,0,0,0,0,0,0,0,0,0,0,0,0,0,0,0,0,0,0,0,0,0,0,0,0,0,0,0,0,0,0,0,0,0,0,0,0,0,0,0,0,0,0,0,0,0,0,0,0,0,0,0,0,0,0,0,0,0,0,0,0,0,0,3,0,0,0,0,0,0,0,0,0,0,0,0,0,0,0,0,0,0,0,0,0,0,0,0,0,0,0,0,0,0,0,0,0,0,0,0,0,0,0,0,0,0,0,0,0,0,0,0,0,0,0,0,0,0,0,0,0,0,0,0,0,0,0,0,0,0,0,0,0,0,0,0,0,0,0,0,0,0,0,0,0,0,0,0,0,0,0,0,0,0,0,0,0,0,0,0,0,0,0,0,0,0,0,0,0,0,0,0,0,0,0,0,0,0,0,0,0,0,0,0,0,0,0,0,0,0,0,0,0,0,0,0,0,0,0,0,0,0,0,0,0,0,0,0,0,0,0,0,0,0,0,0,0,0,0,0,0,0,0,0,0,0,0,0,0,0,0,0,0,0,0,0,0,0,0,0,0,0,0,0,0,0,0,0,0,0,0,0,0,0,0,0,0,0,0,0,0,0,0,0,0,0,0,0,0,0,0,0,0,0,0,0,0,0,0,0,0,0,0,0,0,0,0,0,0,0
Copenhagen,58,1007218_2,53,829,42,18,34,204,20,0,4,90,50,13,668,179,837,908,94,1025,10,122,3,11,122,14,104,731,14,0,64,103,228,10,66,12,653,925,234,69,481,10,44,198,177,12,21,181,1089,77,205,0,54,16,30,36,66,66,2,1648,14,368,116,27,136,5,21,682,28,182,99,70,69,24,104,0,18,4,148,0,210,39,7,31,0,1015,0,0,28,37,4,31,199,612,158,2,2949,85,39,25,70,7,0,49,4,0,5,38,13,9,54,0,0,0,2,6,9,9,0,0,10,10,17,3,20,0,6,0,0,21,0,0,12,20,18,0,0,7,39,0,2,0,3,4,5,9,4,9,0,4,0,7,9,6,10,0,30,0,2,0,5,0,2,5,0,0,33,0,2,0,0,0,0,0,0,0,11,0,0,0,0,0,3,0,0,1,17,3,0,0,0,0,0,0,0,1,0,0,0,0,5,0,3,3,0,9,3,0,0,0,0,0,6,0,0,8,0,0,6,0,0,0,0,0,0,0,11,0,0,0,0,0,0,0,0,3,0,0,0,2,0,0,0,0,0,0,0,0,0,0,0,0,0,0,0,0,0,0,0,0,0,0,0,0,0,0,0,2,0,0,4,0,0,0,0,0,0,0,0,0,1,0,0,0,0,0,0,0,0,1,0,0,0,0,0,0,0,0,0,0,0,0,0,0,0,0,0,0,0,0,0,0,0,0,0,0,0,0,0,0,0,0,0,0,0,0,0,0,0,0,0,0,0,0,0,0,0,0,0,0,0,0,0,0,0,0,0,0,0,0,0,0,0,0,0,0,0,0,0,0,0,0,0,0,0,0,0,0,0,0,0,0,0,0,0,0,0,0,0,0,0,0,0,0,0,0,0,0,0,0,0,0,0,0,0,0,0,0,0,0,0,0,0,0,0,0,0,0,0,0,0,0,0,0,0,0,0,0,0,0,0,0,0,0,0,0,0,0,0,0,0,0,0,0,0,0,0,0,0,0,0,0,0,0,0,0,0,0,0,0,0,0,0,0,0,0,0,0,0,0,0,0,0,0,0,0,0,0,0,0,0,0,0,0,0,0,0,0,0,0,0,0,0,0,0,0,0,0,0,0,0,0,0,0,0,0,0,0,0,0,0,0,0,0,0,0,0,0,0,0,0,0,0,0,0,0,0,0,0,0,0,0,0,0,0,0,0,0,0,0,0,0,0,0,0,0,0,0,0,0,0,0,0,0,0,0,0,0,0,0,0,0,0,0,0,0
Copenhagen,58,1007220_1,25,132,34,0,10,87,8,2,0,58,3,0,144,49,652,0,67,393,5,232,0,8,35,10,9,657,22,9,5,56,43,0,41,15,79,164,83,10,115,8,0,106,84,10,0,58,0,30,49,0,38,0,9,14,21,66,3,379,0,183,28,27,51,3,10,336,3,54,67,18,29,33,36,0,2,3,80,0,401,84,0,20,0,701,4,0,37,16,0,23,196,92,41,0,663,16,24,81,0,4,3,55,0,0,0,0,0,5,39,0,0,0,11,0,9,28,0,0,6,3,11,0,3,0,0,0,0,11,0,0,0,6,6,0,0,0,3,0,0,0,0,0,0,0,0,0,0,2,0,0,0,9,1,0,0,0,3,0,0,0,0,4,0,0,6,0,0,0,3,0,6,0,0,0,2,0,6,0,0,0,0,0,0,0,0,1,0,0,0,0,0,0,0,0,0,0,0,0,0,0,0,0,5,0,0,0,0,0,0,0,0,0,0,1,0,0,0,0,0,0,0,0,13,0,0,0,0,0,0,0,0,0,0,0,0,0,0,0,0,0,0,0,0,0,0,0,0,0,0,0,0,0,0,0,0,0,0,0,0,0,0,0,0,0,0,0,0,0,0,0,0,0,0,0,0,0,1,0,0,1,0,0,0,0,0,0,0,0,0,0,0,0,0,0,0,0,4,0,0,0,0,0,0,0,0,0,0,0,0,0,0,0,0,0,0,0,0,0,0,0,0,0,0,0,0,0,0,0,0,0,0,0,0,0,0,0,0,0,0,0,0,0,0,0,0,0,0,0,0,0,0,0,0,0,0,0,0,0,0,0,0,0,0,0,0,0,0,0,0,0,0,0,0,0,0,0,0,0,0,0,0,0,0,0,0,0,0,0,0,0,0,0,0,0,0,0,0,0,0,0,0,0,0,0,0,0,0,0,0,0,0,0,0,0,0,0,0,0,0,0,0,0,0,0,0,0,0,0,0,0,0,0,0,0,0,0,0,0,0,0,0,0,0,0,0,0,0,0,0,0,0,0,0,0,0,0,0,0,0,0,0,0,0,0,0,0,0,0,0,0,0,0,0,0,0,0,0,0,0,0,0,0,0,0,0,0,0,0,0,0,0,0,0,0,0,0,0,0,0,0,0,0,0,0,0,0,0,0,0,0,0,0,0,0,0,0,0,0,0,0,0,0,0,0,0,0,0,0,0,0,0,0,0,0,0,0,0,0,0,0,0,0,0,0,0,0,0,0,0,0,0,0,0,0
Copenhagen,58,1007219_2,16,87,50,0,8,97,12,0,0,47,0,0,176,54,501,0,56,389,0,85,0,7,50,16,10,488,27,0,7,46,81,0,57,7,249,78,114,40,192,0,24,136,82,9,0,83,0,51,74,0,36,14,18,28,76,45,1,489,0,156,34,23,93,0,11,400,4,63,101,42,26,17,34,0,0,0,31,0,156,14,3,27,0,636,0,0,49,20,0,21,133,188,64,0,969,7,11,17,0,7,0,25,0,0,5,39,3,7,37,0,0,0,0,0,6,9,0,0,0,2,0,0,8,0,0,0,0,7,0,0,10,12,7,0,0,0,0,0,0,0,0,4,3,0,0,0,0,0,0,8,2,7,0,0,9,0,0,0,0,0,0,0,0,2,8,0,0,0,0,0,0,0,0,0,2,0,0,0,0,0,0,0,0,0,0,2,0,0,0,0,0,0,0,0,0,0,0,0,0,0,0,0,0,0,0,0,0,0,0,0,5,0,0,2,0,4,0,0,0,0,0,5,0,0,9,2,0,0,0,0,0,0,0,0,0,0,0,0,0,0,0,0,0,0,0,0,0,0,0,0,0,0,0,0,0,0,0,0,0,0,0,0,0,0,0,0,0,0,0,0,0,0,0,0,0,0,0,0,0,0,0,0,0,0,0,0,0,0,0,0,0,0,0,0,0,0,0,0,0,0,0,0,0,0,0,0,0,0,0,0,0,0,0,0,0,0,0,0,0,0,0,0,0,0,0,0,0,0,0,0,0,0,0,0,0,0,0,0,0,0,0,0,0,0,0,0,0,0,0,0,0,0,0,0,0,0,0,0,0,0,0,0,0,0,0,0,0,0,0,0,0,0,0,0,0,0,0,0,0,0,0,0,0,0,0,0,0,0,0,0,0,0,0,0,0,0,0,0,0,0,0,0,0,0,0,0,0,0,0,0,0,0,0,0,0,0,0,0,0,0,0,0,0,0,0,0,0,0,0,0,0,0,0,0,0,0,0,0,0,0,0,0,0,0,0,0,0,0,0,0,0,0,0,0,0,0,0,0,0,0,0,0,0,0,0,0,0,0,0,0,0,0,0,0,0,0,0,0,0,0,0,0,0,0,0,0,0,0,0,0,0,0,0,0,0,0,0,0,0,0,0,0,0,0,0,0,0,0,0,0,0,0,0,0,0,0,0,0,0,0,0,0,0,0,0,0,0,0,0,0,0,0,0,0,0,0,0,0,0,0,0,0,0,0,0,0,0,0,0,0,0,0,0,0
Copenhagen,59,1007221_2,22,106,88,5,16,197,10,0,0,108,0,10,377,111,662,5,117,629,5,211,0,10,68,25,22,919,65,8,10,82,132,0,53,13,220,160,135,45,334,10,0,185,164,17,8,143,7,104,116,0,50,20,23,42,83,101,2,584,9,321,44,38,158,0,27,482,11,68,175,42,69,32,63,0,4,5,40,0,355,35,7,45,0,1218,0,0,56,38,0,26,194,243,110,2,957,21,22,33,0,12,0,49,0,0,13,61,16,6,70,0,8,0,5,0,7,13,0,2,0,2,18,0,21,0,0,0,0,19,0,0,9,22,5,0,0,0,4,0,0,0,0,0,0,7,2,10,0,0,0,8,1,12,1,0,38,0,0,0,0,0,0,4,1,0,20,0,0,0,0,0,1,0,0,0,4,2,4,3,0,0,0,0,0,0,0,0,0,0,1,0,0,4,0,0,0,0,0,0,0,0,0,0,0,22,0,0,0,0,0,0,7,0,0,3,0,3,0,0,0,0,0,0,0,0,9,2,0,0,0,0,0,0,0,0,0,3,2,0,0,0,0,0,0,0,0,0,0,0,0,0,0,0,0,1,0,0,0,0,0,0,0,0,0,0,0,0,0,0,0,0,0,1,0,0,0,0,3,0,0,0,0,0,0,0,0,0,0,0,0,0,0,0,0,0,0,0,0,0,0,0,0,0,1,0,0,0,0,0,0,0,0,0,0,0,0,0,0,0,0,0,0,0,0,0,0,0,0,0,0,0,0,0,0,0,0,0,0,0,0,0,0,0,0,0,0,0,0,0,0,0,0,0,0,0,0,0,0,0,0,0,0,0,0,0,0,0,0,0,0,0,0,0,0,0,0,0,0,0,0,0,0,0,0,0,0,0,0,0,0,0,0,0,0,0,0,0,0,0,0,0,0,0,0,0,0,0,0,0,0,0,0,0,0,0,0,0,0,0,0,0,0,0,0,0,0,0,0,0,0,0,0,0,0,0,0,0,0,0,0,0,0,0,0,0,0,0,0,0,0,0,0,0,0,0,0,0,0,0,0,0,0,0,0,0,0,0,0,0,0,0,0,0,0,0,0,0,0,0,0,0,0,0,0,0,0,0,0,0,0,0,0,0,0,0,0,0,0,0,0,0,0,0,0,0,0,0,0,0,0,0,0,0,0,0,0,0,0,0,0,0,0,0,0,0,0,0,0,0,0,0,0,0,0,0,0,0,0,0,0,0,0,0,0,0,0,0,0,0,0,0,0,0,0,0
Copenhagen,59,1007223_2,11,118,12,0,7,146,13,0,0,31,0,8,260,53,379,9,37,599,3,153,0,17,48,0,18,433,10,4,5,41,39,0,51,27,89,129,115,35,80,5,26,104,89,6,7,49,9,62,73,0,41,12,15,18,45,31,0,515,0,109,22,2,38,0,8,463,2,37,112,31,14,22,57,0,10,5,62,0,232,25,0,13,0,466,0,0,44,6,0,12,122,157,53,0,893,19,6,34,0,0,0,38,0,0,0,19,3,12,18,0,0,0,8,0,10,4,0,0,2,5,7,0,9,0,0,0,0,0,0,0,3,6,0,0,0,0,0,0,0,0,0,0,0,7,0,0,0,0,0,0,0,2,0,0,0,0,0,0,0,0,0,6,0,0,6,0,0,0,0,0,0,0,0,0,1,0,0,0,0,0,0,0,0,0,0,0,0,0,3,0,0,0,0,0,0,0,0,0,0,0,0,0,0,12,0,0,0,0,0,0,0,10,0,1,0,0,0,0,0,0,0,0,0,0,0,0,0,0,0,0,0,0,0,2,0,0,0,0,0,0,0,0,0,0,0,0,0,0,0,0,0,0,0,0,0,0,0,0,0,0,0,0,0,0,0,0,0,0,0,0,0,0,0,0,0,0,0,0,0,0,0,0,0,0,0,0,0,0,0,0,0,0,0,0,0,0,0,0,0,0,0,0,0,0,0,0,3,0,0,0,0,0,0,0,0,0,0,0,0,0,0,5,0,0,0,0,0,0,0,0,0,0,0,0,0,0,0,0,0,0,0,0,0,0,0,0,0,0,0,0,0,0,0,0,0,0,0,0,0,0,0,0,0,0,0,0,0,0,0,0,0,0,0,0,0,0,0,0,0,0,0,0,0,0,0,0,0,0,0,0,0,0,0,0,0,0,0,0,0,0,0,0,0,0,0,0,0,0,0,0,0,0,0,0,0,0,0,0,0,0,0,0,0,0,0,0,0,0,0,0,0,0,0,0,0,0,0,0,0,0,0,0,0,0,0,0,0,0,0,0,0,0,0,0,0,0,0,0,0,0,0,0,0,0,0,0,0,0,0,0,0,0,0,0,0,0,0,0,0,0,0,0,0,0,0,0,0,0,0,0,0,0,0,0,0,0,0,0,0,0,0,0,0,0,0,0,0,0,0,0,0,0,0,0,0,0,0,0,0,0,0,0,0,0,0,0,0,0,0,0,0,0,0,0,0,0,0,0,0,0,0,0,0,0,0,0,0,0,0,0,0,0,0,0
Copenhagen,59,1007222_1,38,229,38,0,25,247,30,4,0,111,0,19,278,105,1429,0,123,1370,7,287,8,24,116,25,4,1103,51,13,17,90,102,2,132,44,454,243,279,42,274,24,9,275,161,15,11,148,0,85,174,0,91,27,34,56,97,56,1,1459,5,262,42,34,124,5,24,931,9,98,162,65,57,29,54,5,0,3,90,0,537,29,10,43,0,1492,0,0,125,23,7,62,463,491,93,1,2433,9,52,83,0,11,0,63,3,0,7,23,0,24,59,0,0,0,6,0,12,14,0,0,0,3,16,0,16,0,5,0,0,8,0,0,7,8,9,0,0,5,0,0,0,0,2,5,0,16,1,0,0,7,0,5,0,11,0,0,4,5,1,0,0,0,0,2,0,0,21,6,0,0,0,0,0,0,0,2,5,0,0,0,0,0,5,0,0,0,0,3,0,0,4,0,6,0,5,0,0,0,2,0,4,0,0,0,0,0,0,0,2,0,0,0,5,0,0,9,2,12,4,0,0,0,0,0,0,0,0,1,0,0,0,0,0,0,0,0,0,0,1,0,0,0,0,0,0,0,0,0,0,0,0,0,0,0,0,0,0,0,0,0,0,0,0,0,0,0,0,0,0,0,0,0,0,0,0,0,0,0,0,0,0,0,0,0,0,0,0,0,0,0,0,0,0,0,0,0,0,0,0,0,0,2,0,0,0,0,0,0,0,0,0,0,0,0,0,0,0,0,0,0,0,0,0,0,0,0,0,0,0,0,0,0,0,0,0,0,0,0,0,0,0,0,0,0,0,0,0,0,0,0,0,0,0,0,0,2,0,0,0,0,0,0,0,0,0,0,0,0,0,0,0,0,0,0,0,0,0,0,0,0,0,0,0,0,0,0,0,0,0,0,0,0,0,0,0,0,0,0,0,0,0,0,0,0,0,0,0,0,0,0,0,0,0,0,0,0,0,0,0,0,0,0,0,0,0,0,0,0,0,0,0,0,0,0,0,0,0,0,0,0,0,0,0,0,0,0,0,0,0,0,0,0,0,0,0,0,0,0,0,0,0,0,0,0,0,0,0,0,0,0,0,0,0,0,0,0,0,0,0,0,0,0,0,0,0,0,0,0,0,0,0,0,0,0,0,0,0,0,0,0,0,0,0,0,0,0,0,0,0,0,0,0,0,0,0,0,0,0,0,0,0,0,0,0,0,0,0,0,0,0,0,0,0,0,0,0,0,0,0,0,0,0,0,0,0,0,0,0,0,0,0,0,0,0,0,0
Copenhagen,60,1007225_1,49,195,77,8,14,110,9,3,0,105,0,0,466,133,876,0,109,460,12,216,0,7,64,28,58,725,56,18,27,75,187,18,56,22,441,176,136,49,412,9,0,135,237,23,0,182,3,90,101,0,41,3,10,28,51,140,2,930,17,332,70,64,129,9,17,370,33,119,88,65,75,76,88,0,20,5,76,5,312,70,16,41,0,933,0,0,40,18,0,22,253,327,100,0,1677,70,67,76,0,3,4,34,0,2,8,36,18,12,68,0,12,0,10,0,9,21,0,4,49,7,19,5,18,0,2,0,0,13,0,0,6,8,10,0,6,0,16,0,0,0,0,3,0,5,0,5,0,4,0,3,5,8,3,0,21,0,2,0,0,0,3,0,2,4,9,0,3,0,0,0,0,0,0,0,6,2,6,0,0,0,0,0,0,0,4,2,1,0,3,0,0,9,0,0,0,0,0,0,0,0,0,2,2,10,0,8,0,0,0,0,4,0,0,3,0,0,0,0,0,0,0,0,0,0,0,0,3,0,0,0,0,0,0,0,0,0,0,0,0,0,0,0,0,0,0,0,0,0,0,0,0,0,0,0,0,0,0,0,0,0,0,0,0,0,0,0,0,0,0,0,0,0,0,0,0,0,0,0,0,0,0,0,0,0,0,0,0,0,0,0,0,0,0,2,0,0,0,0,0,0,0,0,0,0,0,0,0,0,0,0,0,0,0,0,0,0,0,0,0,0,0,0,0,0,0,0,0,0,0,0,0,0,0,0,0,0,0,0,0,0,0,0,0,0,0,0,0,0,0,0,0,0,0,0,0,0,0,0,0,0,0,0,0,0,0,0,0,0,0,0,0,0,0,0,0,0,0,0,0,0,0,0,0,0,0,0,0,0,0,0,0,0,0,0,0,0,0,0,0,0,0,0,0,0,0,0,0,0,0,0,0,0,0,0,0,0,0,0,0,0,0,0,0,0,0,0,0,0,0,0,0,0,0,0,0,0,0,0,0,0,0,0,0,0,0,0,0,0,0,0,0,0,0,0,0,0,0,0,0,0,0,0,0,0,0,0,0,0,0,0,0,0,0,0,0,0,0,0,0,0,0,0,0,0,0,0,0,0,0,0,0,0,0,0,0,0,0,0,0,0,0,0,0,0,0,0,0,0,0,0,0,0,0,0,0,0,0,0,0,0,0,0,0,0,0,0,0,0,0,0,0,0,0,0,0,0,0,0,0,0,0,0,0,0,0,0,0,0,0,0,0,0,0,0
Copenhagen,60,1007224_1,42,159,46,8,12,100,9,0,0,93,17,12,322,126,723,97,54,532,0,67,0,3,75,25,15,723,16,0,32,46,244,0,32,9,327,178,158,55,418,0,36,156,167,18,12,220,93,47,96,27,24,36,19,42,78,90,2,690,7,246,100,21,106,5,10,306,9,75,182,58,44,23,89,0,5,0,21,5,84,25,7,12,0,825,0,0,48,28,0,19,203,341,96,0,1263,13,38,6,22,3,0,51,15,0,14,81,4,0,80,0,3,0,4,0,20,12,0,5,6,3,5,0,22,0,2,0,0,14,0,0,5,12,6,0,0,5,7,0,0,0,0,3,6,7,0,0,0,2,0,10,1,5,0,0,6,0,0,0,0,0,0,0,0,0,25,5,0,0,0,0,2,0,0,0,9,0,0,0,0,0,2,0,0,0,0,2,0,0,0,0,0,6,5,0,0,0,0,0,0,0,0,0,0,0,0,0,3,0,0,0,3,0,5,2,1,2,0,0,0,0,0,0,0,0,33,0,0,0,0,0,2,2,0,0,0,6,0,0,0,0,0,0,0,0,0,0,0,0,0,0,3,6,2,1,0,0,0,0,0,0,0,0,0,0,0,0,0,0,0,0,0,0,0,0,0,0,0,0,0,0,0,0,0,0,0,0,0,0,0,0,0,0,0,0,0,0,0,0,0,0,0,0,0,0,0,0,0,0,0,0,0,0,0,0,0,0,0,0,0,0,0,0,0,0,0,0,0,0,0,0,0,0,0,0,0,0,0,0,0,0,0,0,0,0,0,0,0,0,0,0,0,0,0,0,0,0,0,0,0,0,0,0,0,0,0,0,0,0,0,0,0,0,0,0,0,0,0,0,0,0,0,0,0,0,0,0,0,0,0,0,0,0,0,0,0,0,0,0,0,0,0,0,0,0,0,0,0,0,0,0,0,0,0,0,0,0,0,0,0,0,0,0,0,0,0,0,0,0,0,0,0,0,0,0,0,0,0,0,0,0,0,0,0,0,0,0,0,0,0,0,0,0,0,0,0,0,0,0,0,0,0,0,0,0,0,0,0,0,0,0,0,0,0,0,0,0,0,0,0,0,0,0,0,0,0,0,0,0,0,0,0,0,0,0,0,0,0,0,0,0,0,0,0,0,0,0,0,0,0,0,0,0,0,0,0,0,0,0,0,0,0,0,0,0,0,0,0,0,0,0,0,0,0,0,0,0,0,0,0,0,0,0,0,0,0,0,0,0,0,0,0,0,0,0
Copenhagen,61,1007213_1,122,540,84,0,20,219,26,0,0,160,44,20,714,260,1513,371,149,1578,10,150,3,13,177,18,142,1224,30,13,80,141,467,16,80,13,1103,580,368,130,1006,5,38,377,344,37,17,339,418,87,343,0,50,5,37,71,106,105,2,2202,15,589,52,39,186,30,21,686,37,173,209,131,131,64,197,0,37,6,70,0,214,76,25,38,0,1736,0,0,98,43,4,51,340,872,210,4,3984,121,36,16,66,6,3,79,8,6,16,55,25,12,155,0,9,3,14,0,23,21,0,8,46,34,19,3,25,0,10,0,5,59,4,0,14,9,18,0,0,12,93,1,4,0,5,2,12,9,6,13,0,4,1,13,16,20,12,0,60,0,7,0,0,0,0,7,0,4,20,3,11,0,0,0,5,5,0,0,49,162,2,2,0,0,3,0,0,3,14,6,1,0,0,0,5,5,0,2,9,17,0,7,4,0,0,0,8,38,0,7,6,0,2,0,9,0,13,13,0,4,7,0,0,0,0,0,0,0,15,1,0,0,0,0,0,5,5,4,0,5,0,0,0,0,1,0,0,0,0,0,0,0,0,0,0,0,0,2,3,2,0,0,0,0,0,0,0,0,0,0,0,0,0,0,0,0,0,0,0,0,1,0,1,2,0,5,0,0,0,0,0,0,0,0,0,0,0,0,0,0,0,0,0,0,1,1,2,1,2,1,0,0,0,0,0,0,0,0,0,0,0,0,0,0,0,0,0,0,0,0,0,0,0,0,0,0,0,0,0,0,0,0,0,0,0,0,0,0,0,0,0,0,0,0,0,0,0,0,0,0,0,0,0,0,0,0,0,0,0,0,0,0,0,0,0,0,0,0,0,0,0,0,0,0,0,0,0,0,0,0,0,0,0,0,0,0,0,0,0,0,0,0,0,0,0,0,0,0,0,0,0,0,0,0,0,0,0,0,0,0,0,0,0,0,0,0,0,0,0,0,0,0,0,0,0,0,0,0,0,0,0,0,0,0,0,0,0,0,0,0,0,0,0,0,0,0,0,0,0,0,0,0,0,0,0,0,0,0,0,0,0,0,0,0,0,0,0,0,0,0,0,0,0,0,0,0,0,0,0,0,0,0,0,0,0,0,0,0,0,0,0,0,0,0,0,0,0,0,0,0,0,0,0,0,0,0,0,0,0,0,0,0,0,0,0,0,0,0,0,0,0,0,0,0,0,0,0,0,0,0,0,0,0,0,0,0,0,0,0,0,0,0,0,0,0,0,0,0
Copenhagen,61,1007214_2,28,230,78,0,9,161,17,0,0,92,0,0,1455,164,839,0,75,537,9,112,0,22,121,11,86,560,19,0,15,65,165,7,90,6,546,262,205,196,334,11,177,219,200,17,6,193,0,254,173,0,64,29,24,32,132,55,0,1440,0,396,66,57,118,6,16,929,30,139,200,124,72,36,142,0,33,4,59,0,194,56,18,52,0,605,0,0,89,31,0,23,230,600,276,0,2431,97,16,4,0,11,0,109,0,14,5,85,11,16,57,0,0,0,9,0,9,33,0,4,5,2,0,3,21,0,0,0,4,30,0,0,11,3,18,4,0,0,5,0,4,0,0,6,0,27,4,9,0,1,1,0,16,3,9,0,70,0,8,0,0,0,0,9,3,0,24,0,0,0,0,0,1,0,0,2,14,0,0,7,0,0,5,0,4,3,14,4,1,0,1,0,6,8,3,2,8,0,0,0,7,1,0,6,0,20,0,5,0,0,1,0,10,0,0,2,1,0,0,0,0,0,0,7,0,0,18,6,0,0,0,0,0,0,0,6,0,3,0,0,0,3,0,0,0,0,0,0,0,0,0,0,0,0,0,0,0,0,0,0,0,1,0,0,0,0,0,0,0,0,0,0,0,0,0,0,0,0,0,0,0,0,0,0,0,0,0,2,0,1,0,0,0,0,0,0,0,0,0,0,0,0,0,0,0,0,0,0,0,0,0,0,0,0,1,0,0,0,0,0,0,0,0,0,0,0,0,0,0,0,0,0,0,0,0,1,0,0,0,0,0,0,0,0,0,0,0,0,0,0,0,0,0,0,0,0,0,0,0,0,0,0,0,0,0,0,0,0,0,0,0,0,0,0,0,0,0,0,0,0,0,0,0,0,0,0,0,0,0,0,0,0,0,0,0,0,0,0,0,0,0,0,0,0,0,0,0,0,0,0,0,0,0,0,0,0,0,0,0,0,0,0,0,0,0,0,0,0,0,0,0,0,0,0,0,0,0,0,0,0,0,0,0,0,0,0,0,0,0,0,0,0,0,0,0,0,0,0,0,0,0,0,0,0,0,0,0,0,0,0,0,0,0,0,0,0,0,0,0,0,0,0,0,0,0,0,0,0,0,0,0,0,0,0,0,0,0,0,0,0,0,0,0,0,0,0,0,0,0,0,0,0,0,0,0,0,0,0,0,0,0,0,0,0,0,0,0,0,0,0,0,0,0,0,0,0,0,0,0,0,0,0,0,0,0,0,0,0,0,0,0,0,0,0,0,0
Copenhagen,61,1007215_2,85,575,101,15,58,327,42,0,0,175,210,24,814,246,1430,373,129,2029,12,243,0,41,160,29,73,1259,40,11,171,141,353,3,147,21,940,611,275,97,801,9,50,286,288,40,38,268,459,112,275,0,89,42,65,59,174,117,3,2579,13,498,72,46,173,18,23,1272,29,201,267,127,87,38,157,5,24,8,150,4,407,64,19,50,0,1666,0,0,141,59,9,52,353,783,172,0,4372,68,44,51,333,16,4,94,0,0,16,69,8,29,113,0,0,5,7,0,22,21,0,3,9,15,32,0,26,0,6,0,0,31,0,0,28,22,28,0,0,33,37,0,3,0,1,3,13,15,3,8,0,5,2,0,4,18,2,0,26,0,6,3,2,1,0,4,0,3,18,6,12,3,0,0,0,0,0,3,22,171,2,2,2,1,5,2,5,1,7,5,2,3,4,2,3,10,5,2,9,20,1,2,3,2,10,2,2,10,1,5,6,2,4,3,16,5,10,12,4,4,6,0,0,0,0,0,0,0,0,0,0,0,0,0,0,0,0,0,0,0,0,0,0,0,0,0,0,0,0,0,0,0,0,0,0,0,0,0,0,0,0,0,0,0,0,0,0,0,0,0,0,0,0,0,0,0,0,0,0,0,0,0,0,0,0,0,0,0,0,0,0,0,0,0,0,0,0,0,0,0,0,0,0,0,0,0,0,0,0,0,0,0,0,0,0,0,0,0,0,0,0,0,0,0,0,0,0,0,0,0,0,0,0,0,0,0,0,0,0,0,0,0,0,0,0,0,0,0,0,0,0,0,0,0,0,0,0,0,0,0,0,0,0,0,0,0,0,0,0,0,0,0,0,0,0,0,0,0,0,0,0,0,0,0,0,0,0,0,0,0,0,0,0,0,0,0,0,0,0,0,0,0,0,0,0,0,0,0,0,0,0,0,0,0,0,0,0,0,0,0,0,0,0,0,0,0,0,0,0,0,0,0,0,0,0,0,0,0,0,0,0,0,0,0,0,0,0,0,0,0,0,0,0,0,0,0,0,0,0,0,0,0,0,0,0,0,0,0,0,0,0,0,0,0,0,0,0,0,0,0,0,0,0,0,0,0,0,0,0,0,0,0,0,0,0,0,0,0,0,0,0,0,0,0,0,0,0,0,0,0,0,0,0,0,0,0,0,0,0,0,0,0,0,0,0,0,0,0,0,0,0,0,0,0,0,0,0,0,0,0,0,0,0,0,0,0,0,0,0,0,0,0,0,0,0,0,0,0
Copenhagen,63,1007226_1,61,320,109,3,31,166,21,0,0,111,33,19,793,256,587,142,75,555,10,70,3,10,82,36,111,644,21,9,69,80,214,15,50,6,503,344,155,139,503,6,38,222,270,27,18,184,194,114,168,0,35,28,27,36,97,125,0,1330,5,569,40,38,142,8,8,614,26,137,211,106,84,32,176,3,23,6,19,4,127,79,38,26,0,792,0,0,86,41,7,22,212,522,192,0,2413,110,10,11,34,13,3,65,4,16,13,67,24,15,96,0,0,0,9,10,8,15,0,4,15,5,8,3,41,0,0,0,2,35,0,0,12,15,13,0,0,9,34,0,0,0,2,1,8,12,0,6,0,0,1,12,23,24,10,0,110,2,9,0,0,0,0,0,0,2,15,0,7,0,0,0,4,4,0,0,17,108,0,2,0,0,0,0,0,1,10,6,0,1,0,0,0,14,6,1,0,13,0,3,0,0,0,1,16,76,0,0,0,0,0,0,7,4,12,18,0,0,0,0,0,0,0,6,4,0,27,4,0,0,0,0,0,0,17,4,0,0,0,0,0,0,0,0,3,0,0,0,2,0,0,0,3,0,0,0,0,0,0,0,0,0,0,3,0,0,0,0,0,0,0,0,0,0,0,0,0,0,0,0,0,1,0,2,0,0,0,0,0,0,0,0,0,0,0,0,0,0,0,0,0,0,0,0,0,0,0,0,0,0,0,0,0,0,0,0,0,0,0,0,0,0,0,0,0,0,0,0,0,0,0,0,0,0,0,1,0,0,0,0,0,0,0,0,0,0,0,0,0,0,0,0,0,0,0,0,0,0,0,0,0,0,0,0,0,0,0,0,0,0,0,0,0,0,0,0,0,0,0,0,0,0,0,0,0,0,0,0,0,0,0,0,0,0,0,0,0,0,0,0,0,0,0,0,0,0,0,0,0,0,0,0,0,0,0,0,0,0,0,0,0,0,0,0,0,0,0,0,0,0,0,0,0,0,0,0,0,0,0,0,0,0,0,0,0,0,0,0,0,0,0,0,0,0,0,0,0,0,0,0,0,0,0,0,0,0,0,0,0,0,0,0,0,0,0,0,0,0,0,0,0,0,0,0,0,0,0,0,0,0,0,0,0,0,0,0,0,0,0,0,0,0,0,0,0,0,0,0,0,0,0,0,0,0,0,0,0,0,0,0,0,0,0,0,0,0,0,0,0,0,0,0,0,0,0,0,0,0,0,0,0,0,0,0,0,0,0,0,0,0,0,0,0,0,0,0
Copenhagen,64,1007228_1,21,73,11,3,5,40,2,0,0,24,8,0,116,42,180,35,16,239,1,10,0,0,28,5,21,154,3,2,12,24,59,0,19,0,121,63,51,7,98,3,14,50,39,2,4,54,48,23,37,0,9,0,7,5,34,15,2,335,1,73,8,6,14,2,7,158,6,22,19,14,16,10,34,0,7,0,10,0,31,14,7,8,0,209,0,0,13,8,0,11,56,114,23,0,580,15,11,2,13,3,0,6,0,0,0,8,3,3,23,0,4,0,2,0,3,2,0,0,0,1,0,1,1,0,0,0,0,10,0,0,0,2,2,0,0,0,3,0,0,0,0,0,1,2,0,2,0,1,0,2,0,0,3,0,11,0,0,0,0,0,0,2,0,0,0,0,1,0,0,0,0,0,0,0,6,21,0,0,0,0,0,0,0,0,4,0,0,0,0,0,0,0,0,0,0,0,0,0,0,0,0,0,0,0,0,0,3,0,0,0,2,0,0,5,0,2,0,0,0,0,0,0,0,0,0,2,0,0,0,0,0,0,0,0,0,0,0,0,0,0,0,0,1,1,0,0,0,1,2,2,0,0,0,0,0,0,0,0,0,0,0,0,0,0,0,0,0,0,0,0,0,0,0,0,0,0,0,0,0,0,0,0,0,0,0,0,0,0,0,0,0,0,0,0,0,0,0,0,0,0,0,0,0,0,0,0,0,0,0,0,0,0,0,0,0,0,0,0,0,0,0,0,0,0,0,0,0,0,0,0,0,0,0,0,0,0,0,0,0,0,0,0,0,0,0,0,0,0,0,0,0,0,0,0,0,0,0,0,0,0,0,0,0,0,0,0,0,0,0,0,0,0,0,0,0,0,0,0,0,0,0,0,0,0,0,0,0,0,0,0,0,0,0,0,0,0,0,0,0,0,0,0,0,0,0,0,0,0,0,0,0,0,0,0,0,0,0,0,0,0,0,0,0,0,0,0,0,0,0,0,0,0,0,0,0,0,0,0,0,0,0,0,0,0,0,0,0,0,0,0,0,0,0,0,0,0,0,0,0,0,0,0,0,0,0,0,0,0,0,0,0,0,0,0,0,0,0,0,0,0,0,0,0,0,0,0,0,0,0,0,0,0,0,0,0,0,0,0,0,0,0,0,0,0,0,0,0,0,0,0,0,0,0,0,0,0,0,0,0,0,0,0,0,0,0,0,0,0,0,0,0,0,0,0,0,0,0,0,0,0,0,0,0,0,0,0,0,0,0,0,0,0,0,0
Copenhagen,64,1007229_1,39,199,57,7,22,278,24,0,0,109,0,26,1150,147,693,6,99,974,11,100,0,14,134,11,84,849,23,10,31,64,160,16,84,13,885,244,285,117,360,6,119,217,234,15,7,131,5,268,243,0,54,30,23,37,151,60,1,1924,4,530,57,40,103,7,11,829,36,120,212,110,63,30,115,0,29,5,52,3,186,29,18,57,0,1180,0,0,89,61,3,15,181,864,398,0,3251,126,17,13,0,13,4,114,5,9,11,120,33,16,61,0,0,0,7,0,8,8,0,6,0,8,0,0,25,0,4,0,0,20,0,0,7,8,21,0,0,0,9,0,5,0,2,7,3,14,3,7,0,0,2,0,8,17,4,0,57,0,0,0,2,0,0,0,0,0,16,4,1,0,0,2,5,0,0,0,13,2,3,4,0,0,4,0,0,1,21,0,0,0,3,0,0,0,3,0,0,0,2,0,3,0,0,5,0,10,0,0,0,0,1,0,11,0,4,0,0,0,0,0,0,0,0,7,0,0,22,3,0,0,0,0,3,0,0,3,0,0,0,0,0,0,0,0,0,0,0,0,0,0,0,0,0,0,0,0,0,0,0,0,0,1,0,2,4,0,0,0,0,0,0,4,1,3,0,0,0,0,0,0,0,0,0,0,0,0,0,0,0,0,0,0,0,0,0,0,0,0,0,0,0,0,0,0,0,0,0,0,0,0,0,0,0,0,0,0,0,0,0,0,0,0,0,0,0,0,0,0,0,0,0,0,0,0,0,0,0,0,0,0,0,0,0,0,0,0,0,0,0,0,0,0,0,0,0,0,0,0,0,0,0,0,0,0,0,0,0,0,0,0,0,0,0,0,0,0,0,0,0,0,0,0,0,0,0,0,0,0,0,0,0,0,0,0,0,0,0,0,0,0,0,0,0,0,0,0,0,0,0,0,0,0,0,0,0,0,0,0,0,0,0,0,0,0,0,0,0,0,0,0,0,0,0,0,0,0,0,0,0,0,0,0,0,0,0,0,0,0,0,0,0,0,0,0,0,0,0,0,0,0,0,0,0,0,0,0,0,0,0,0,0,0,0,0,0,0,0,0,0,0,0,0,0,0,0,0,0,0,0,0,0,0,0,0,0,0,0,0,0,0,0,0,0,0,0,0,0,0,0,0,0,0,0,0,0,0,0,0,0,0,0,0,0,0,0,0,0,0,0,0,0,0,0,0,0,0,0,0,0,0,0,0,0,0,0,0,0,0,0,0,0,0,0,0,0,0
Copenhagen,64,1007227_1,76,268,98,4,17,136,14,0,0,166,16,13,675,230,632,129,55,316,5,55,0,6,48,29,117,463,27,10,46,63,229,8,62,0,349,313,98,85,497,0,24,141,253,26,8,189,157,92,105,0,32,22,18,27,62,100,0,888,0,517,34,32,127,3,6,507,34,127,119,85,95,40,194,0,26,0,28,3,100,74,24,23,0,659,0,0,55,29,6,18,183,394,123,0,1870,112,21,4,34,14,0,44,5,21,12,63,22,10,46,0,0,0,14,6,20,22,0,8,20,20,8,4,11,0,0,0,0,41,0,0,10,10,8,0,3,0,35,0,4,0,4,3,4,0,2,9,0,0,2,8,26,14,12,0,58,0,11,0,0,0,0,8,0,0,4,0,11,0,0,0,5,0,0,0,22,84,0,4,2,0,3,0,0,2,7,5,0,0,0,0,0,9,2,1,3,14,1,0,4,0,0,0,0,36,0,0,6,0,1,0,3,9,6,6,0,0,0,0,4,0,0,0,0,1,25,4,0,0,0,0,0,0,0,8,0,2,0,0,2,0,0,0,0,0,0,0,0,1,0,0,0,0,2,0,0,0,0,4,0,0,0,10,0,0,0,0,0,0,0,0,0,0,0,0,0,0,1,0,0,0,0,0,0,0,0,0,0,0,0,0,0,0,0,0,0,0,0,0,0,0,0,0,0,0,0,0,0,0,0,0,0,0,0,0,0,0,0,0,0,0,0,0,0,0,0,0,0,0,0,0,0,0,0,0,0,0,0,0,0,0,0,0,0,0,0,0,0,0,0,0,0,0,0,0,0,0,0,0,0,0,0,0,0,0,0,0,0,0,0,0,0,0,0,0,0,0,0,0,0,0,0,0,0,0,0,0,0,0,0,0,0,0,0,0,0,0,0,0,0,0,0,0,0,0,0,0,0,0,0,0,0,0,0,0,0,0,0,0,0,0,0,0,0,0,0,0,0,0,0,0,0,0,0,0,0,0,0,0,0,0,0,0,0,0,0,0,0,0,0,0,0,0,0,0,0,0,0,0,0,0,0,0,0,0,0,0,0,0,0,0,0,0,0,0,0,0,0,0,0,0,0,0,0,0,0,0,0,0,0,0,0,0,0,0,0,0,0,0,0,0,0,0,0,0,0,0,0,0,0,0,0,0,0,0,0,0,0,0,0,0,0,0,0,0,0,0,0,0,0,0,0,0,0,0,0,0,0,0,0,0,0,0,0,0,0,0,0,0,0,0,0,0,0,0
Copenhagen,65,1007231_1,89,215,84,6,26,489,28,2,0,147,0,44,858,237,1042,4,113,1016,16,149,6,17,121,23,80,1026,35,15,38,100,332,8,120,9,994,239,250,102,620,8,485,345,224,28,8,269,3,134,204,0,75,27,31,43,194,70,0,1927,5,472,74,62,150,5,13,934,30,165,256,116,111,38,150,0,38,4,53,0,296,49,15,34,0,1368,0,0,166,63,0,31,216,760,215,0,3544,124,53,24,0,22,5,194,7,4,8,235,21,43,99,0,0,0,11,0,13,26,0,5,6,11,13,2,28,0,8,0,2,25,0,0,18,15,15,0,2,0,15,0,2,0,0,2,5,33,2,8,0,6,0,3,13,16,3,0,40,0,5,0,0,0,0,7,0,0,14,0,0,2,0,0,7,0,0,0,14,0,0,8,0,0,0,0,0,3,13,4,0,0,0,0,0,8,0,0,0,0,3,0,5,1,0,6,4,21,0,1,7,7,0,0,8,0,11,4,6,3,0,0,0,0,0,2,0,0,18,2,0,0,0,0,4,0,0,3,0,0,0,0,0,0,0,0,0,0,0,0,0,0,0,0,0,0,0,0,0,0,0,0,0,0,0,3,3,0,0,0,0,0,0,0,0,0,0,0,0,0,0,0,0,1,0,0,0,0,0,0,0,0,0,0,0,0,0,0,0,0,0,0,0,0,0,0,0,0,0,0,0,0,0,0,0,0,0,0,0,0,0,0,0,0,0,0,0,0,0,0,0,0,0,0,0,0,0,0,0,0,0,0,0,0,0,0,0,0,0,0,0,0,0,0,0,0,0,0,0,0,0,0,0,0,0,0,0,0,0,0,0,0,0,0,0,0,0,0,0,0,0,0,0,0,0,0,0,0,0,0,0,0,0,0,0,0,0,0,0,0,0,0,0,0,0,0,0,0,0,0,0,0,0,0,0,0,0,0,0,0,0,0,0,0,0,0,0,0,0,0,0,0,0,0,0,0,0,0,0,0,0,0,0,0,0,0,0,0,0,0,0,0,0,0,0,0,0,0,0,0,0,0,0,0,0,0,0,0,0,0,0,0,0,0,0,0,0,0,0,0,0,0,0,0,0,0,0,0,0,0,0,0,0,0,0,0,0,0,0,0,0,0,0,0,0,0,0,0,0,0,0,0,0,0,0,0,0,0,0,0,0,0,0,0,0,0,0,0,0,0,0,0,0,0,0,0,0,0,0,0,0,0,0,0,0,0,0,0,0,0,0,0,0,0,0,0,0,0
Copenhagen,65,1007232_2,6,29,2,2,0,50,6,0,0,12,0,0,48,22,117,2,17,185,0,64,0,2,17,0,0,214,9,5,7,18,23,0,14,5,49,35,33,3,33,5,3,48,24,2,0,19,0,9,18,0,18,6,5,6,8,41,1,156,3,49,8,5,25,0,0,148,1,17,40,8,16,14,6,0,0,2,12,0,97,11,5,7,0,237,0,0,14,5,0,3,44,37,18,0,238,4,3,10,0,8,1,17,1,1,2,3,1,3,16,2,2,2,4,2,1,6,1,1,2,1,9,2,2,1,1,2,1,4,1,1,2,2,1,0,0,0,0,0,0,0,0,0,0,0,0,0,0,0,0,0,0,0,0,0,0,0,0,0,0,0,0,0,0,0,0,0,0,0,0,0,0,0,0,0,0,0,0,0,0,0,0,0,0,0,0,0,0,0,0,0,0,0,0,0,0,0,0,0,0,0,0,0,0,0,0,0,0,0,0,0,0,0,0,0,0,0,0,0,0,0,0,0,0,0,0,0,0,0,0,0,0,0,0,0,0,0,0,0,0,0,0,0,0,0,0,0,0,0,0,0,0,0,0,0,0,0,0,0,0,0,0,0,0,0,0,0,0,0,0,0,0,0,0,0,0,0,0,0,0,0,0,0,0,0,0,0,0,0,0,0,0,0,0,0,0,0,0,0,0,0,0,0,0,0,0,0,0,0,0,0,0,0,0,0,0,0,0,0,0,0,0,0,0,0,0,0,0,0,0,0,0,0,0,0,0,0,0,0,0,0,0,0,0,0,0,0,0,0,0,0,0,0,0,0,0,0,0,0,0,0,0,0,0,0,0,0,0,0,0,0,0,0,0,0,0,0,0,0,0,0,0,0,0,0,0,0,0,0,0,0,0,0,0,0,0,0,0,0,0,0,0,0,0,0,0,0,0,0,0,0,0,0,0,0,0,0,0,0,0,0,0,0,0,0,0,0,0,0,0,0,0,0,0,0,0,0,0,0,0,0,0,0,0,0,0,0,0,0,0,0,0,0,0,0,0,0,0,0,0,0,0,0,0,0,0,0,0,0,0,0,0,0,0,0,0,0,0,0,0,0,0,0,0,0,0,0,0,0,0,0,0,0,0,0,0,0,0,0,0,0,0,0,0,0,0,0,0,0,0,0,0,0,0,0,0,0,0,0,0,0,0,0,0,0,0,0,0,0,0,0,0,0,0,0,0,0,0,0,0,0,0,0,0,0,0,0,0,0,0,0,0,0,0,0
Copenhagen,65,1007230_2,26,644,47,3,24,182,18,0,0,71,25,15,404,141,731,600,59,1111,6,71,0,13,90,6,84,789,15,9,33,83,213,11,77,6,245,648,183,60,387,7,34,236,162,14,17,123,716,53,127,0,40,7,30,28,70,30,2,758,3,317,93,14,80,22,18,696,26,157,156,49,50,46,109,0,11,9,74,3,152,47,11,28,0,1092,1,0,102,30,5,30,168,239,89,0,1350,101,21,30,63,0,4,96,5,0,2,30,13,14,76,3,0,0,1,14,9,16,0,5,20,8,11,0,12,0,5,0,0,29,0,0,13,6,7,0,0,6,49,0,0,0,4,3,8,6,3,7,0,0,2,0,17,9,6,0,19,3,10,0,0,0,0,6,0,0,20,0,6,0,0,0,0,0,0,0,13,0,0,0,0,0,0,0,0,0,0,0,0,0,0,0,0,7,0,2,0,0,4,1,0,1,0,0,0,9,0,0,0,0,0,0,3,0,0,5,0,0,0,0,0,0,0,0,0,0,8,0,0,4,0,0,6,0,0,2,0,0,0,0,0,0,0,0,0,0,0,0,0,0,0,0,0,0,1,0,0,0,0,0,0,0,0,0,0,0,0,0,0,0,0,0,0,0,0,0,0,0,1,0,0,0,0,5,0,0,0,0,0,0,0,0,0,0,0,0,0,0,0,0,0,0,0,0,0,0,0,0,0,0,0,0,0,0,0,0,0,0,0,0,0,0,0,0,0,0,0,0,0,0,0,0,0,0,0,0,0,1,0,0,0,0,0,0,0,0,0,0,0,1,0,0,0,0,0,0,0,0,0,0,0,0,0,0,0,0,0,0,0,0,0,0,0,0,0,0,0,0,0,0,0,0,0,0,0,0,0,0,0,0,0,0,0,0,0,0,0,0,0,0,0,0,0,0,0,0,0,0,0,0,0,0,0,0,0,0,0,0,0,0,0,0,0,0,0,0,0,0,0,0,0,0,0,0,0,0,0,0,0,0,0,0,0,0,0,0,0,0,0,0,0,0,0,0,0,0,0,0,0,0,0,0,0,0,0,0,0,0,0,0,0,0,0,0,0,0,0,0,0,0,0,0,0,0,0,0,0,0,0,0,0,0,0,0,0,0,0,0,0,0,0,0,0,0,0,0,0,0,0,0,0,0,0,0,0,0,0,0,0,0,0,0,0,0,0,0,0,0,0,0,0,0,0,0,0,0,0,0,0,0,0,0,0,0,0,0,0,0,0,0,0,0,0,0,0,0
Copenhagen,67,1007234_1,29,142,23,2,18,195,21,0,2,88,0,11,536,92,1016,2,116,797,2,181,4,16,209,17,43,743,50,5,14,79,154,0,89,26,465,149,503,64,339,6,167,185,135,19,9,162,0,59,350,0,41,23,24,36,128,51,0,1174,5,230,50,17,87,5,22,707,9,100,180,69,49,24,80,0,6,0,147,0,326,20,6,30,0,905,5,0,114,29,0,37,232,457,126,4,2292,45,33,26,0,7,0,106,0,0,4,105,0,9,39,5,6,0,7,0,7,8,3,0,0,1,27,2,13,0,0,0,0,5,0,0,0,9,11,0,3,0,0,0,0,0,2,0,0,13,0,4,0,0,0,4,1,12,0,0,1,0,2,0,0,0,0,0,0,0,155,0,0,0,0,0,2,0,0,0,2,0,2,3,0,0,0,0,0,4,0,2,0,0,0,0,0,2,0,0,0,0,2,0,0,0,0,0,0,0,0,0,0,0,0,0,3,0,0,2,2,7,4,0,0,0,0,0,0,0,15,1,0,3,0,0,0,0,0,0,0,2,0,0,0,0,0,0,0,0,0,0,0,0,0,0,2,0,0,0,0,0,0,6,0,0,0,0,0,0,0,0,0,0,0,0,0,0,0,0,0,0,1,0,0,0,0,0,0,0,0,0,0,2,0,0,0,0,0,0,0,0,0,0,0,0,0,0,0,0,0,0,0,0,0,0,0,0,0,0,0,0,0,0,0,0,0,0,0,0,0,0,0,0,2,0,0,0,0,0,0,0,0,0,0,0,0,0,0,0,0,0,0,0,0,0,0,2,0,0,0,0,0,0,0,0,0,0,0,0,0,0,0,0,0,0,0,0,0,0,0,0,0,0,0,0,0,0,0,0,0,0,0,0,0,0,0,0,0,0,0,0,0,0,0,0,0,0,0,0,0,0,0,0,0,0,0,0,0,0,0,0,0,0,0,0,0,0,0,0,0,0,0,0,0,0,0,0,0,0,0,0,0,0,0,0,0,0,0,0,0,0,0,0,0,0,0,0,0,0,0,0,0,0,0,0,0,0,0,0,0,0,0,0,0,0,0,0,0,0,0,0,0,0,0,0,0,0,0,0,0,0,0,0,0,0,0,0,0,0,0,0,0,0,0,0,0,0,0,0,0,0,0,0,0,0,0,0,0,0,0,0,0,0,0,0,0,0,0,0,0,0,0,0,0,0,0,0,0,0,0,0,0,0,0,0,0,0,0,0,0,0,0,0,0,0,0,0,0,0
Copenhagen,67,1007235_1,41,177,46,8,14,162,42,0,0,77,2,21,1171,100,745,3,65,855,8,116,6,16,107,12,90,685,21,0,20,55,117,12,86,9,737,217,219,148,281,10,54,178,169,12,4,149,0,248,190,0,75,15,22,28,111,54,2,1651,9,292,67,27,91,4,16,756,31,105,154,126,42,24,114,0,31,9,75,3,216,33,9,70,0,807,0,0,118,17,0,29,194,716,260,0,3069,104,9,37,0,9,3,55,3,3,0,48,7,19,58,0,7,0,3,9,9,4,0,0,3,13,11,0,11,0,7,0,0,12,0,0,5,15,9,0,0,0,5,0,3,0,2,4,0,11,3,9,0,4,0,5,7,7,0,0,46,0,3,0,0,0,0,0,0,3,40,0,0,0,0,3,0,0,0,2,24,2,4,5,0,0,5,0,2,0,16,1,0,0,2,0,0,0,0,0,0,0,2,0,3,0,0,4,3,17,3,0,0,0,0,0,4,0,0,1,0,0,0,0,0,0,0,0,0,0,5,2,2,0,0,0,0,0,0,0,0,0,4,0,0,0,0,0,0,0,0,0,0,0,0,0,0,0,0,0,0,0,0,0,0,0,0,0,0,0,0,0,0,0,0,0,0,0,0,0,0,0,0,0,0,0,0,0,0,0,0,0,0,0,0,0,0,0,0,0,0,0,0,0,0,0,0,0,0,0,0,0,0,1,0,0,0,0,0,2,0,0,0,0,0,0,0,0,0,0,0,0,0,0,0,0,0,0,0,0,0,0,0,0,0,0,0,0,0,0,0,0,0,0,0,0,0,0,0,0,0,0,0,0,0,0,0,0,0,0,0,0,0,0,0,0,0,0,0,0,0,0,0,0,0,0,0,0,0,0,0,0,0,0,0,0,0,0,0,0,0,0,0,0,0,0,0,0,0,0,0,0,0,0,0,0,0,0,0,0,0,0,0,0,0,0,0,0,0,0,0,0,0,0,0,0,0,0,0,0,0,0,0,0,0,0,0,0,0,0,0,0,0,0,0,0,0,0,0,0,0,0,0,0,0,0,0,0,0,0,0,0,0,0,0,0,0,0,0,0,0,0,0,0,0,0,0,0,0,0,0,0,0,0,0,0,0,0,0,0,0,0,0,0,0,0,0,0,0,0,0,0,0,0,0,0,0,0,0,0,0,0,0,0,0,0,0,0,0,0,0,0,0,0,0,0,0,0,0,0,0,0,0,0,0,0,0,0,0,0,0,0,0,0,0,0,0,0,0,0
Copenhagen,67,1007233_1,62,1637,66,107,40,277,33,0,0,89,86,20,610,214,927,1584,87,1555,9,158,8,12,123,15,180,1060,17,7,74,117,232,20,116,36,674,1470,220,58,541,16,64,235,235,28,34,157,1808,87,183,7,80,28,48,33,100,70,3,1855,0,410,35,33,120,6,42,959,48,315,230,95,62,34,183,4,59,3,323,0,291,62,21,45,0,1419,0,0,120,29,9,30,243,603,121,2,3459,138,42,43,174,7,1,76,7,3,9,33,8,16,70,2,5,0,7,12,80,12,0,5,5,11,12,0,11,0,0,0,6,28,0,0,13,11,15,0,0,8,37,2,0,0,1,0,13,8,1,15,0,2,2,5,25,13,14,0,61,0,12,0,0,0,0,6,0,0,20,8,2,0,0,0,0,0,0,3,30,86,0,0,0,0,0,0,0,6,7,3,0,0,0,0,0,0,3,0,0,0,0,0,4,0,0,3,0,18,0,0,0,0,1,0,10,0,0,1,1,4,8,0,0,0,0,6,0,0,9,3,4,0,0,0,4,0,5,8,0,0,0,0,0,0,0,0,0,0,0,0,0,0,0,0,0,0,0,1,0,0,0,89,0,0,0,0,0,0,0,2,5,0,0,0,0,0,0,0,0,0,1,0,0,0,0,0,0,0,0,0,0,2,2,0,0,0,0,0,0,0,0,2,0,0,0,0,0,0,0,0,0,3,0,0,0,0,0,0,0,0,0,0,0,0,0,0,0,30,0,0,0,0,0,0,0,0,0,0,0,0,0,0,0,0,0,0,0,0,0,0,0,0,0,0,0,0,0,0,0,0,0,0,0,0,0,0,0,0,0,0,0,0,0,0,0,0,0,0,0,0,0,0,0,0,0,0,0,0,0,0,0,0,0,0,0,0,0,0,0,0,0,0,0,0,0,0,0,0,0,0,0,0,0,0,0,0,0,0,0,0,0,0,0,0,0,0,0,0,0,0,0,0,0,0,0,0,0,0,0,0,0,0,0,0,0,0,0,0,0,0,0,0,0,0,0,0,0,0,0,0,0,0,0,0,0,0,0,0,0,0,0,0,0,0,0,0,0,0,0,0,0,0,0,0,0,0,0,0,0,0,0,0,0,0,0,0,0,0,0,0,0,0,0,0,0,0,0,0,0,0,0,0,0,0,0,0,0,0,0,0,0,0,0,0,0,0,0,0,0,0,0,0,0,0,0,0,0,0,0,0,0,0,0,0,0,0,0,0,0,0,0,0,0,0,0,0,0,0
Copenhagen,68,1007284_1,61,973,92,18,21,144,16,0,0,193,17,0,440,220,1353,873,109,1182,8,154,3,12,142,24,109,1141,31,15,71,113,330,5,69,8,567,974,290,83,666,11,63,333,300,25,40,252,1069,42,228,0,40,35,20,44,134,109,1,1443,8,677,156,37,237,9,24,573,38,453,283,86,94,44,153,0,23,3,134,9,250,63,12,25,0,1313,0,0,61,43,3,45,365,483,137,0,2465,99,33,25,43,5,5,102,8,5,10,110,10,8,125,0,0,0,4,0,17,17,0,10,46,15,24,3,53,0,5,0,0,34,0,0,29,14,16,0,0,17,86,0,3,5,2,4,10,18,1,5,3,0,0,8,23,11,7,0,18,3,7,0,1,0,0,0,0,0,65,0,12,0,0,0,1,0,0,0,29,0,1,1,0,0,0,0,0,0,9,3,2,0,1,2,0,9,4,4,7,11,2,0,0,0,0,0,11,25,0,7,0,1,4,0,10,0,5,11,1,0,2,0,0,0,0,4,0,0,33,0,0,0,0,0,8,0,0,5,0,0,0,0,0,0,2,0,0,0,0,0,0,0,0,0,5,0,0,0,0,3,0,0,0,0,0,0,0,0,0,0,0,0,0,0,0,0,0,0,0,0,2,0,0,0,0,0,0,0,0,0,0,0,0,0,0,0,0,0,0,0,1,0,0,0,0,0,0,0,0,0,0,0,0,0,0,0,0,0,0,0,0,0,0,0,0,0,0,0,0,0,0,0,0,0,0,0,0,0,0,0,0,0,0,0,0,0,0,0,0,0,0,0,0,0,0,0,0,0,0,0,0,1,0,0,0,0,0,0,0,0,0,0,0,0,0,0,0,0,0,0,0,0,0,0,0,0,0,0,0,0,0,0,0,0,0,0,0,0,0,0,0,0,0,0,0,0,0,0,0,0,0,0,0,0,0,0,0,0,0,0,0,0,0,0,0,0,0,0,0,0,0,0,0,0,0,0,0,0,0,0,0,0,0,0,0,0,0,0,0,0,0,0,0,0,0,0,0,0,0,0,0,0,0,0,0,0,0,0,0,0,0,0,0,0,0,0,0,0,0,0,0,0,0,0,0,0,0,0,0,0,0,0,0,0,0,0,0,0,0,0,0,0,0,0,0,0,0,0,0,0,0,0,0,0,0,0,0,0,0,0,0,0,0,0,0,0,0,0,0,0,0,0,0,0,0,0,0,0,0,0,0,0,0,0,0,0,0,0,0,0,0,0,0,0,0,0,0,0
Copenhagen,68,1007286_1,23,178,22,0,24,117,6,0,0,68,0,0,423,66,1038,0,96,361,3,104,4,15,353,6,14,347,42,7,9,62,53,0,71,15,222,192,975,52,145,0,0,71,110,16,0,124,0,55,460,0,36,11,12,44,52,41,1,656,0,204,31,36,77,0,10,674,2,80,43,85,27,43,51,0,0,0,184,0,154,32,0,11,0,402,8,0,81,0,4,45,415,151,129,3,1109,9,34,35,0,9,2,18,0,0,10,12,3,12,32,0,0,0,7,0,11,8,0,0,0,2,10,0,7,0,5,0,3,0,0,0,4,12,5,0,0,0,0,4,0,0,12,3,0,0,0,3,0,5,0,0,0,11,0,0,8,0,0,0,0,0,0,0,0,0,33,0,0,0,0,0,0,0,0,0,4,0,1,0,0,0,0,2,0,0,0,0,0,0,0,0,0,0,0,0,0,0,0,0,0,0,0,0,8,0,0,0,0,0,0,0,7,0,0,0,0,7,0,0,0,0,0,7,0,0,0,2,0,0,0,0,0,1,0,0,0,4,0,0,0,0,0,2,0,0,0,0,0,0,0,0,0,0,0,0,0,0,0,3,0,0,0,0,0,0,0,0,0,0,0,0,0,0,0,0,0,0,0,0,0,0,0,0,0,0,0,0,0,2,0,0,0,0,0,0,0,0,0,0,0,0,0,0,0,0,0,0,0,0,0,0,0,0,0,0,0,0,0,0,0,0,0,0,0,0,0,0,0,0,0,0,0,0,0,0,0,0,0,0,0,0,0,0,0,0,0,0,0,0,0,0,0,2,0,0,0,0,0,0,0,0,0,0,0,0,0,0,0,3,0,0,0,0,0,0,0,0,0,0,0,0,0,0,0,0,0,0,0,0,0,0,0,0,0,0,0,0,0,0,0,0,0,0,0,0,0,0,0,0,0,0,0,0,0,0,0,0,0,0,0,0,0,0,0,0,0,0,0,0,0,0,0,0,0,0,0,0,0,0,0,0,0,0,0,0,0,0,0,0,0,0,0,0,0,0,0,0,0,0,0,0,0,0,0,0,0,0,0,0,0,0,0,0,0,0,0,0,0,0,0,0,0,0,0,0,0,0,0,0,0,0,0,0,0,0,0,0,0,0,0,0,0,0,0,0,0,0,0,0,0,0,0,0,0,0,0,0,0,0,0,0,0,0,0,0,0,0,0,0,0,0,0,0,0,0,0,0,0,0,0,0,0,0,0,0,0,0,0,0,0,0,0,0,0,0
Copenhagen,68,1007282_1,36,258,90,7,15,93,11,0,0,135,0,7,1481,200,475,0,87,85,13,64,5,7,85,20,79,128,40,6,23,41,86,31,34,0,406,293,163,230,232,1,0,61,236,18,0,186,0,277,96,0,51,4,11,16,20,121,0,606,2,535,21,51,128,0,0,406,39,127,20,103,73,67,147,0,33,3,45,5,128,105,20,63,0,147,5,0,33,0,0,18,188,221,231,0,932,129,12,6,0,8,2,7,0,55,9,9,15,6,43,0,0,0,14,6,13,53,0,9,10,5,0,4,9,0,0,0,21,34,0,0,5,12,12,0,0,0,45,0,0,0,0,1,0,0,3,7,0,12,0,0,18,9,62,0,130,0,0,0,0,0,0,7,0,0,198,0,6,0,0,2,4,0,0,0,28,59,2,3,0,0,0,0,0,0,34,0,0,0,0,0,0,0,0,1,0,0,0,0,0,0,0,10,0,49,15,0,0,0,1,0,11,0,10,3,0,0,16,6,0,0,0,5,0,1,7,13,0,0,0,0,0,0,35,0,0,0,0,0,0,0,0,0,0,0,0,0,0,0,0,0,2,0,1,0,0,0,0,0,1,1,3,2,4,2,0,0,0,0,0,0,0,0,0,0,0,0,0,0,0,0,0,0,0,0,0,0,0,0,0,0,0,0,0,0,0,0,0,0,0,0,0,0,0,0,0,0,0,0,0,0,0,0,0,0,0,0,0,0,0,0,0,0,0,0,0,0,0,0,0,0,0,0,0,0,0,0,0,0,0,0,0,0,0,0,0,0,0,0,0,0,0,0,0,0,0,0,0,0,0,0,0,0,0,0,0,0,0,0,0,0,0,0,0,0,0,0,0,0,0,0,0,0,0,0,0,0,0,0,0,0,0,0,0,0,0,0,0,0,0,0,0,0,0,0,0,0,0,0,0,0,0,0,0,0,0,0,0,0,0,0,0,0,0,0,0,0,0,0,0,0,0,0,0,0,0,0,0,0,0,0,0,0,0,0,0,0,0,0,0,0,0,0,0,0,0,0,0,0,0,0,0,0,0,0,0,0,0,0,0,0,0,0,0,0,0,0,0,0,0,0,0,0,0,0,0,0,0,0,0,0,0,0,0,0,0,0,0,0,0,0,0,0,0,0,0,0,0,0,0,0,0,0,0,0,0,0,0,0,0,0,0,0,0,0,0,0,0,0,0,0,0,0,0,0,0,0,0,0,0,0,0,0,0,0,0,0,0,0,0,0,0,0,0,0
Copenhagen,69,1007237_2,42,317,100,0,7,174,31,0,0,161,0,24,1005,293,1186,0,172,881,18,163,0,11,148,16,79,1059,48,9,23,94,242,37,75,11,683,319,351,154,495,6,237,281,281,43,8,266,0,112,293,0,49,58,12,49,164,89,6,1423,0,568,94,55,204,5,14,819,26,150,337,98,86,23,178,0,20,7,48,6,288,45,34,58,0,1224,0,0,110,72,3,41,331,648,217,0,2538,103,26,14,0,9,4,142,7,12,10,151,17,15,130,3,6,0,2,8,18,13,0,2,2,11,17,0,29,0,3,0,9,40,0,0,15,21,13,0,0,0,21,2,0,4,1,8,0,37,0,12,0,2,0,4,34,17,21,0,126,0,8,0,0,0,0,3,0,0,25,0,0,0,0,0,1,0,0,2,29,0,1,7,0,0,0,0,0,1,37,8,1,0,1,0,4,9,4,0,0,0,2,1,4,0,0,4,9,37,6,0,2,10,3,0,5,0,11,5,1,2,2,0,0,0,0,0,0,0,39,10,0,0,0,0,3,0,12,4,0,3,0,2,0,0,0,0,4,0,0,0,0,0,0,0,1,0,0,0,0,0,0,0,0,1,0,0,0,0,0,0,0,0,0,0,0,0,0,0,0,0,0,0,0,0,0,5,0,0,0,1,0,0,0,0,0,0,0,0,0,0,0,0,0,0,0,0,0,0,0,2,0,0,0,0,0,0,3,0,0,0,0,0,0,0,0,0,0,0,0,0,0,0,0,0,0,0,0,0,0,0,0,1,0,0,0,0,0,0,0,0,0,0,0,0,0,0,0,0,0,0,0,0,0,0,0,0,0,0,0,0,0,0,0,0,0,0,0,0,0,0,0,0,0,0,0,0,0,0,0,0,0,0,0,0,0,0,0,0,0,0,0,0,0,0,0,0,0,0,0,0,0,0,0,0,0,0,0,0,0,0,0,0,0,0,0,0,0,0,0,0,0,0,0,0,0,0,0,0,0,0,0,0,0,0,0,0,0,0,0,0,0,0,0,0,0,0,0,0,0,0,0,0,0,0,0,0,0,0,0,0,0,0,0,0,0,0,0,0,0,0,0,0,0,0,0,0,0,0,0,0,0,0,0,0,0,0,0,0,0,0,0,0,0,0,0,0,0,0,0,0,0,0,0,0,0,0,0,0,0,0,0,0,0,0,0,0,0,0,0,0,0,0,0,0,0,0,0,0,0,0,0,0,0,0,0,0,0,0,0,0,0,0,0,0,0,0,0,0
Copenhagen,69,1007238_2,39,215,29,0,24,255,23,3,0,48,0,12,645,61,903,0,66,977,8,179,4,21,145,0,18,784,24,6,9,75,73,0,112,21,389,203,342,95,151,8,0,171,99,12,9,111,0,119,171,0,67,14,20,41,74,63,3,1210,0,176,28,22,70,0,30,886,4,109,131,73,24,39,35,0,3,0,193,0,314,40,9,24,0,926,6,0,110,7,0,47,332,409,154,1,2176,13,16,43,0,16,0,44,0,0,7,10,5,31,28,0,0,0,6,0,16,14,1,0,4,2,15,0,7,0,0,0,0,5,0,0,11,11,11,0,0,0,0,0,0,18,2,0,3,5,2,0,0,4,0,2,0,3,4,0,6,0,0,0,0,0,0,2,0,0,119,2,0,0,0,0,0,0,0,4,4,0,1,0,0,0,4,0,0,0,0,0,0,0,0,0,0,0,0,0,0,0,0,1,7,0,0,0,0,14,0,0,0,0,3,0,8,5,6,0,0,0,0,0,0,0,0,5,0,0,0,0,0,0,0,0,0,0,0,3,0,5,0,0,0,0,0,0,0,0,0,0,0,0,0,0,0,0,0,0,0,0,0,0,0,0,0,0,0,0,0,0,0,0,0,0,0,0,0,0,0,0,0,0,0,0,0,0,0,0,0,0,0,0,0,0,0,0,0,0,0,0,0,0,0,0,0,0,0,0,0,0,0,0,0,0,0,0,0,0,0,0,0,0,0,0,0,0,0,0,0,0,0,0,0,0,0,0,0,0,0,0,0,0,0,0,0,0,0,0,0,0,0,0,0,0,0,0,0,0,0,0,1,0,0,0,0,0,0,0,0,0,0,0,0,0,0,0,0,0,0,0,0,0,0,0,0,0,0,0,0,0,0,0,0,0,0,0,0,0,0,0,0,0,0,0,0,0,0,0,0,0,0,0,0,0,0,0,0,0,0,0,0,0,0,0,0,0,0,0,0,0,0,0,0,0,0,0,0,0,0,0,0,0,0,0,0,0,0,0,0,0,0,0,0,0,0,0,0,0,0,0,0,0,0,0,0,0,0,0,0,0,0,0,0,0,0,0,0,0,0,0,0,0,0,0,0,0,0,0,0,0,0,0,0,0,0,0,0,0,0,0,0,0,0,0,0,0,0,0,0,0,0,0,0,0,0,0,0,0,0,0,0,0,0,0,0,0,0,0,0,0,0,0,0,0,0,0,0,0,0,0,0,0,0,0,0,0,0,0,0,0,0,0,0,0,0,0,0,0
Copenhagen,69,1007236_2,1,8,6,0,2,3,0,0,0,8,0,3,52,6,22,0,9,27,1,3,0,0,3,0,0,22,2,0,2,3,8,2,3,0,31,16,4,11,8,0,0,10,3,1,0,5,0,21,6,0,7,0,1,3,5,1,0,79,0,16,3,5,0,0,1,33,0,0,13,4,2,1,6,0,2,0,3,6,6,4,0,2,0,23,0,0,6,0,0,0,7,31,14,0,148,7,2,0,0,1,0,3,0,1,1,4,2,0,2,0,0,0,0,2,0,1,0,0,1,0,0,0,3,0,0,0,0,2,0,0,0,2,0,0,0,0,3,0,0,0,0,0,0,1,0,0,0,0,0,0,0,1,0,0,1,0,0,0,0,0,0,0,0,0,0,0,0,0,0,0,0,0,0,0,1,0,0,1,0,0,0,0,0,0,0,0,0,0,0,0,0,1,0,0,0,0,0,0,0,0,0,0,1,2,0,0,0,0,0,0,0,0,0,2,0,0,0,1,0,0,0,1,0,0,0,0,0,0,0,0,0,0,0,0,0,0,0,0,0,0,0,0,0,0,0,0,0,0,0,0,0,0,0,0,0,0,0,0,0,0,0,0,0,0,0,0,0,0,0,0,0,0,0,0,0,0,0,0,0,0,0,0,0,0,0,0,0,0,1,0,0,0,0,0,0,0,0,0,0,0,0,0,0,0,0,0,0,0,0,0,0,0,0,0,0,0,0,0,0,0,0,0,0,0,0,0,0,0,0,0,0,0,0,0,0,0,0,0,0,0,0,0,0,0,0,0,0,0,0,0,0,0,0,0,0,0,0,0,0,0,0,0,0,0,0,0,0,0,0,0,0,0,0,0,0,0,0,0,0,0,0,0,0,0,0,0,0,0,0,0,0,0,0,0,0,0,0,0,0,0,0,0,0,0,0,0,0,0,0,0,0,0,0,0,0,0,0,0,0,0,0,0,0,0,0,0,0,0,0,0,0,0,0,0,0,0,0,0,0,0,0,0,0,0,0,0,0,0,0,0,0,0,0,0,0,0,0,0,0,0,0,0,0,0,0,0,0,0,0,0,0,0,0,0,0,0,0,0,0,0,0,0,0,0,0,0,0,0,0,0,0,0,0,0,0,0,0,0,0,0,0,0,0,0,0,0,0,0,0,0,0,0,0,0,0,0,0,0,0,0,0,0,0,0,0,0,0,0,0,0,0,0,0,0,0,0,0,0,0,0,0,0,0,0,0,0,0,0,0,0,0,0,0,0
Copenhagen,70,1007240_1,49,1046,44,30,25,167,16,0,0,98,336,22,449,133,1035,1079,76,863,8,105,12,36,202,24,48,559,25,11,108,108,218,3,77,10,567,1122,453,57,463,5,28,140,169,23,18,166,1253,48,290,0,52,0,143,47,72,81,1,1254,0,313,109,18,130,113,11,680,12,139,129,73,51,26,91,5,13,9,153,0,160,34,12,27,0,780,0,0,92,21,10,35,230,436,140,1,2261,51,43,13,699,6,0,48,0,0,6,26,3,18,57,0,3,0,7,0,21,10,0,3,0,4,14,0,19,0,5,0,0,9,0,0,11,12,16,0,0,11,13,0,4,0,4,4,0,7,3,0,4,2,0,6,3,13,0,0,7,0,8,0,0,0,0,5,0,0,110,0,1,4,0,0,0,0,0,0,13,0,0,0,0,0,0,0,0,3,0,1,1,0,2,0,0,7,0,0,0,0,0,2,5,0,0,0,3,0,0,0,0,0,0,0,5,0,0,11,1,2,0,6,0,0,0,4,0,0,11,0,0,0,0,0,2,2,0,0,0,0,0,0,0,0,2,0,0,0,0,0,0,0,0,0,0,0,0,0,0,0,0,0,0,0,0,0,0,0,0,0,0,0,0,0,0,0,0,0,0,0,2,0,0,0,0,0,0,0,0,0,0,2,0,0,0,0,0,0,0,0,0,0,0,0,0,0,0,0,0,0,0,0,0,0,0,0,0,0,0,0,0,0,0,0,0,0,0,0,0,0,0,0,0,0,0,0,0,0,0,0,0,0,0,0,0,0,0,0,0,0,0,0,0,0,0,0,0,0,0,0,0,0,0,0,0,0,0,0,0,0,0,0,0,0,0,0,0,0,0,0,0,0,0,0,0,0,0,0,0,0,0,0,0,0,0,0,0,0,0,0,0,0,0,0,0,0,0,0,0,0,0,0,0,0,0,0,0,0,0,0,0,0,0,0,0,0,0,0,0,0,0,0,0,0,0,0,0,0,0,0,0,0,0,0,0,0,0,0,0,0,0,0,0,0,0,0,0,0,0,0,0,0,0,0,0,0,0,0,0,0,0,0,0,0,0,0,0,0,0,0,0,0,0,0,0,0,0,0,0,0,0,0,0,0,0,0,0,0,0,0,0,0,0,0,0,0,0,0,0,0,0,0,0,0,0,0,0,0,0,0,0,0,0,0,0,0,0,0,0,0,0,0,0,0,0,0,0,0,0,0,0,0,0,0,0,0,0,0,0,0,0,0,0,0,0,0,0,0
Copenhagen,70,1007241_2,146,494,122,0,20,273,28,0,0,172,16,18,671,292,1363,236,130,1376,8,129,8,11,131,42,98,1116,43,13,61,136,468,7,55,8,1070,493,268,84,933,8,46,304,317,43,18,288,276,70,246,0,39,40,17,63,116,138,3,2575,9,541,42,46,221,5,26,599,24,238,292,126,141,39,150,0,32,6,112,0,260,58,35,43,0,1518,0,0,57,66,5,41,333,986,176,0,4676,73,34,16,27,9,4,102,5,17,22,104,20,16,128,0,0,0,8,2,18,22,0,7,25,7,12,3,32,0,11,0,0,22,0,0,17,19,17,0,5,10,29,1,0,0,1,11,12,17,2,3,0,4,0,4,8,14,2,0,43,0,16,0,2,0,0,0,0,2,22,6,8,0,0,0,4,5,0,0,44,155,1,2,0,0,0,0,0,1,6,5,4,0,0,0,4,14,5,0,0,0,0,3,4,1,0,1,5,30,0,4,0,4,0,0,4,0,12,17,1,2,0,0,0,0,0,0,0,0,32,8,0,0,0,0,8,0,0,0,0,2,0,0,0,0,0,0,2,0,0,0,2,0,0,0,0,0,4,0,0,3,0,0,0,0,0,0,0,0,0,0,0,0,0,0,0,0,0,0,0,0,0,1,0,0,0,4,0,0,2,0,0,0,0,0,0,0,0,0,0,0,0,0,0,0,0,0,0,0,0,0,0,0,0,0,0,0,0,0,0,0,0,0,0,0,0,0,0,0,0,0,0,0,0,0,0,0,0,0,0,0,0,0,0,0,0,0,0,0,0,0,0,0,0,0,0,0,0,1,0,0,0,0,0,0,0,0,0,0,0,0,0,0,0,0,0,0,0,0,0,0,0,0,0,0,0,0,0,0,0,0,0,0,0,0,0,0,0,0,0,0,0,0,0,0,0,0,0,0,0,0,0,0,0,0,0,0,0,0,0,0,0,0,0,0,0,0,0,0,0,0,0,0,0,0,0,0,0,0,0,0,0,0,0,0,0,0,0,0,0,0,0,0,0,0,0,0,0,0,0,0,0,0,0,0,0,0,0,0,0,0,0,0,0,0,0,0,0,0,0,0,0,0,0,0,0,0,0,0,0,0,0,0,0,0,0,0,0,0,0,0,0,0,0,0,0,0,0,0,0,0,0,0,0,0,0,0,0,0,0,0,0,0,0,0,0,0,0,0,0,0,0,0,0,0,0,0,0,0,0,0,0,0,0,0,0,0,0,0,0,0,0,0,0,0,0,0,0,0
Copenhagen,70,1007239_1,81,243,96,3,13,188,30,0,0,116,0,13,844,191,632,5,161,930,11,173,0,17,86,4,74,772,70,12,49,61,230,21,75,14,848,288,159,104,451,14,0,222,237,27,6,182,6,181,166,0,70,16,26,19,87,110,2,2015,24,421,68,57,138,4,18,716,25,135,210,84,78,75,132,0,29,6,76,0,294,113,21,44,0,1230,0,0,94,24,2,8,182,1029,192,0,3586,84,11,29,0,13,4,32,0,11,10,45,37,16,111,0,6,0,17,5,5,38,0,9,79,11,11,0,14,0,8,0,0,23,0,0,7,7,27,0,0,6,38,0,3,0,3,2,0,3,5,5,0,2,0,6,22,17,11,0,35,0,5,0,0,0,0,23,6,0,30,0,6,0,0,0,0,4,0,0,29,0,3,0,0,0,2,0,2,4,28,0,1,0,0,0,3,10,0,0,0,4,0,0,0,0,0,1,3,35,0,0,0,0,1,0,14,0,0,1,0,2,4,7,0,0,0,0,3,0,5,4,0,0,0,0,2,0,8,0,0,2,0,0,0,3,0,6,0,0,0,2,0,0,0,0,0,0,1,0,0,5,0,0,0,1,1,9,4,0,0,2,0,0,0,6,0,0,0,0,0,0,2,0,0,0,0,0,0,0,0,0,0,0,0,0,0,0,0,0,0,0,0,0,0,0,0,0,0,0,0,1,0,2,0,0,0,0,0,0,0,0,0,0,0,0,0,0,0,0,0,0,0,0,0,4,0,0,0,0,2,0,0,0,0,0,0,0,0,0,0,0,2,0,0,0,0,0,0,0,0,0,0,0,0,0,0,0,0,1,1,0,0,0,0,0,0,0,0,0,0,0,0,0,0,0,0,0,0,0,0,0,0,0,0,0,0,0,0,0,0,0,0,0,0,0,0,0,0,0,0,0,0,0,0,0,0,0,0,0,0,0,0,0,0,0,0,0,0,0,0,0,0,0,0,0,0,0,0,0,0,0,0,0,0,0,0,0,0,0,0,0,0,0,0,0,0,0,0,0,0,0,0,0,0,0,0,0,0,0,0,0,0,0,0,0,0,0,0,0,0,0,0,0,0,0,0,0,0,0,0,0,0,0,0,0,0,0,0,0,0,0,0,0,0,0,0,0,0,0,0,0,0,0,0,0,0,0,0,0,0,0,0,0,0,0,0,0,0,0,0,0,0,0,0,0,0,0,0,0,0,0,0,0,0,0,0,0,0,0,0,0,0,0,0,0,0,0,0,0
Copenhagen,71,1007243_1,81,727,65,44,50,208,19,3,0,126,42,14,981,177,784,605,65,797,8,72,4,23,131,13,148,459,19,0,81,93,153,29,97,10,641,757,273,117,442,19,24,165,226,17,18,134,700,155,206,1,51,8,31,29,72,61,2,1551,11,368,130,28,124,17,24,645,36,185,134,133,59,24,135,0,35,5,96,0,125,32,24,46,0,730,0,3,86,12,0,37,217,603,217,0,2820,145,22,18,43,8,7,48,0,10,7,21,17,9,41,0,0,0,0,0,20,11,0,4,5,18,11,0,19,0,7,0,6,26,0,0,11,6,12,0,0,13,37,0,3,0,2,2,4,6,4,16,0,0,1,9,31,15,20,0,103,0,9,0,0,0,0,0,5,0,20,0,1,0,0,0,0,3,0,0,37,0,0,2,0,0,0,0,0,0,34,0,4,0,1,0,0,5,0,0,0,6,0,0,0,0,0,3,0,27,0,0,1,0,0,0,8,0,0,19,0,0,4,0,3,0,0,0,0,0,0,11,8,0,0,0,4,0,17,4,0,3,0,2,3,0,0,2,0,0,0,0,0,0,0,0,0,0,0,1,0,0,0,8,0,0,0,0,0,0,0,0,0,0,0,0,0,0,0,0,0,0,0,0,0,1,0,3,0,0,0,0,1,0,3,0,0,0,0,0,0,0,0,0,0,0,0,0,0,0,0,0,0,0,0,0,0,0,0,0,0,0,0,0,0,0,0,0,0,0,0,0,0,0,0,6,0,0,0,0,0,0,0,0,0,0,0,0,0,0,0,0,0,0,0,0,0,0,0,0,0,0,0,0,0,0,0,0,0,0,0,0,0,0,0,0,0,0,0,0,0,0,0,0,0,0,0,0,0,0,0,0,0,0,0,0,0,0,0,0,0,0,0,0,0,0,0,0,0,0,0,0,0,0,0,0,0,0,0,0,0,0,0,0,0,0,0,0,0,0,0,0,0,0,0,0,0,0,0,0,0,0,0,0,0,0,0,0,0,0,0,0,0,0,0,0,0,0,0,0,0,0,0,0,0,0,0,0,0,0,0,0,0,0,0,0,0,0,0,0,0,0,0,0,0,0,0,0,0,0,0,0,0,0,0,0,0,0,0,0,0,0,0,0,0,0,0,0,0,0,0,0,0,0,0,0,0,0,0,0,0,0,0,0,0,0,0,0,0,0,0,0,0,0,0,0,0,0,0,0,0,0,0,0,0,0,0,0,0,0,0,0,0,0,0,0,0,0,0,0
Copenhagen,71,1007244_1,34,259,103,18,16,86,7,0,0,112,45,6,1244,166,724,54,72,159,7,57,3,8,142,32,101,230,17,4,28,81,135,22,46,8,629,276,275,177,325,0,19,75,253,18,9,168,44,194,178,2,45,10,24,41,40,62,0,741,0,433,41,48,151,5,0,341,21,116,56,101,67,12,131,0,23,6,30,0,74,32,27,47,0,246,3,0,28,16,6,40,267,303,222,0,1325,79,19,6,14,5,0,9,0,18,11,23,6,4,43,3,7,0,2,0,16,4,0,0,5,11,0,0,26,0,0,0,6,42,0,0,9,11,16,0,0,0,20,0,4,0,3,4,2,5,1,13,0,2,4,6,18,15,12,0,92,0,0,0,0,0,0,3,0,0,144,0,5,0,0,0,0,0,0,0,41,99,1,0,0,0,0,0,0,0,21,0,1,0,0,0,0,8,0,0,0,0,0,0,5,0,0,9,3,37,4,0,0,6,0,0,9,0,6,4,0,0,15,0,0,0,0,0,0,0,9,29,4,0,0,0,0,0,23,0,0,0,0,0,0,7,0,0,0,0,0,0,0,0,0,0,7,0,0,0,0,0,0,0,0,0,0,0,0,0,0,0,0,0,5,0,0,0,0,0,0,0,0,0,1,1,0,0,0,0,0,0,0,0,0,0,0,0,0,0,0,0,0,0,0,0,0,0,0,0,0,0,0,0,0,0,0,0,0,0,0,0,0,0,0,0,0,0,0,0,0,0,0,0,0,0,0,0,0,0,0,0,0,0,0,0,0,0,0,0,0,0,0,0,0,0,0,0,0,0,0,0,0,0,0,0,0,0,0,0,0,0,0,0,0,0,0,0,0,0,0,0,0,0,0,0,0,0,0,0,0,0,0,0,0,0,0,0,0,0,0,0,0,0,0,0,0,0,0,0,0,0,0,0,0,0,0,0,0,0,0,0,0,0,0,0,0,0,0,0,0,0,0,0,0,0,0,0,0,0,0,0,0,0,0,0,0,0,0,0,0,0,0,0,0,0,0,0,0,0,0,0,0,0,0,0,0,0,0,0,0,0,0,0,0,0,0,0,0,0,0,0,0,0,0,0,0,0,0,0,0,0,0,0,0,0,0,0,0,0,0,0,0,0,0,0,0,0,0,0,0,0,0,0,0,0,0,0,0,0,0,0,0,0,0,0,0,0,0,0,0,0,0,0,0,0,0,0,0,0,0,0,0,0,0,0,0,0,0,0,0,0,0,0,0,0,0,0,0,0
Copenhagen,71,1007242_2,33,172,80,0,11,169,26,0,0,87,0,14,303,106,780,3,131,592,0,177,3,12,92,9,29,663,62,10,23,85,84,0,79,7,233,159,209,50,195,10,0,178,159,17,6,145,0,118,126,0,47,21,16,41,57,138,2,678,3,350,44,55,103,0,17,787,8,91,132,97,48,44,76,0,6,5,70,0,322,78,8,20,0,963,0,0,86,21,0,29,287,270,93,2,1212,33,41,53,0,12,5,44,0,7,12,31,7,22,46,0,0,0,18,0,7,28,0,0,34,2,26,0,11,0,0,0,4,12,0,0,5,13,6,0,0,2,11,0,0,0,1,2,0,9,0,0,0,5,0,6,0,7,7,0,7,0,4,0,0,0,0,1,0,0,20,0,0,0,0,0,5,0,0,4,13,0,1,3,0,0,0,0,0,0,0,8,1,0,2,0,0,0,0,0,0,0,0,0,0,2,0,0,0,0,0,0,0,0,0,0,7,0,0,4,1,0,0,6,0,0,0,0,2,0,0,0,0,0,0,3,0,0,0,0,0,0,0,0,0,0,0,0,0,0,0,0,0,0,0,0,0,0,0,0,0,0,0,0,0,0,0,0,0,0,0,0,0,0,0,0,0,0,0,0,0,0,0,0,0,0,0,0,0,0,0,0,0,0,0,0,0,0,0,0,0,0,0,0,0,0,0,0,0,0,0,0,0,0,0,0,0,0,0,0,0,0,0,0,0,0,0,0,0,0,0,0,0,0,0,0,0,0,0,0,0,0,0,0,0,0,0,0,0,0,0,0,0,0,0,0,0,0,0,0,0,0,0,0,0,0,0,0,0,0,0,0,0,0,0,0,0,0,0,0,0,0,0,0,0,0,0,0,0,0,0,0,0,0,0,0,0,0,0,0,0,0,0,0,0,0,0,0,0,0,0,0,0,0,0,0,0,0,0,0,0,0,0,0,0,0,0,0,0,0,0,0,0,0,0,0,0,0,0,0,0,0,0,0,0,0,0,0,0,0,0,0,0,0,0,0,0,0,0,0,0,0,0,0,0,0,0,0,0,0,0,0,0,0,0,0,0,0,0,0,0,0,0,0,0,0,0,0,0,0,0,0,0,0,0,0,0,0,0,0,0,0,0,0,0,0,0,0,0,0,0,0,0,0,0,0,0,0,0,0,0,0,0,0,0,0,0,0,0,0,0,0,0,0,0,0,0,0,0,0,0,0,0,0,0,0,0,0,0,0,0,0,0,0,0,0,0,0,0,0
Copenhagen,72,1007246_1,12,39,14,1,4,25,4,0,0,10,0,0,107,20,57,0,17,90,2,24,0,1,13,2,16,92,5,0,1,5,14,3,9,3,70,38,31,15,42,4,0,25,40,1,0,14,0,29,12,0,9,3,2,0,11,12,0,187,1,50,0,9,22,1,0,89,9,13,13,13,6,19,22,1,0,1,13,1,38,7,1,11,2,127,0,0,11,5,0,6,29,94,18,0,307,19,1,5,0,0,0,4,0,2,3,7,10,2,8,0,1,0,1,0,2,3,0,1,9,1,0,1,7,0,0,0,0,2,0,0,0,3,2,0,3,0,2,0,0,0,0,0,0,1,0,0,0,2,0,0,1,2,6,0,9,0,0,0,0,0,0,0,0,0,9,0,0,0,0,0,1,0,0,0,1,8,0,0,0,0,0,0,0,0,3,2,0,0,0,0,0,0,0,0,0,0,0,0,0,0,0,0,0,6,0,0,0,0,0,1,0,0,0,0,0,0,0,0,0,0,0,0,0,0,0,1,0,0,0,0,0,0,0,2,0,0,0,0,0,0,0,0,0,0,0,0,0,0,0,0,0,0,0,0,0,0,0,0,0,0,0,2,0,0,0,2,0,0,0,0,0,0,0,0,0,0,0,0,0,0,0,0,0,0,0,0,0,0,0,0,0,0,0,0,0,0,0,0,0,0,0,0,0,0,0,0,0,0,0,0,0,0,0,0,0,0,0,0,0,0,0,0,0,0,0,0,0,0,0,0,0,0,0,0,0,0,0,0,0,0,0,0,0,0,0,0,0,0,0,0,0,0,0,1,0,0,0,0,0,0,0,0,0,0,0,0,0,0,0,0,0,0,0,0,0,0,0,0,0,0,0,0,0,0,0,0,0,0,0,0,0,0,0,0,0,0,0,0,0,0,0,0,0,0,0,0,0,0,0,0,0,0,0,0,0,0,0,0,0,0,0,0,0,0,0,0,0,0,0,0,0,0,0,0,0,0,0,0,0,0,0,0,0,0,0,0,0,0,0,0,0,0,0,0,0,0,0,0,0,0,0,0,0,0,0,0,0,0,0,0,0,0,0,0,0,0,0,0,0,0,0,0,0,0,0,0,0,0,0,0,0,0,0,0,0,0,0,0,0,0,0,0,0,0,0,0,0,0,0,0,0,0,0,0,0,0,0,0,0,0,0,0,0,0,0,0,0,0,0,0,0,0,0,0,0,0,0,0,0,0,0,0,0,0,0,0,0,0,0,0,0,0,0,0
Copenhagen,72,1007245_1,46,877,31,31,22,177,16,0,0,74,299,0,437,99,877,1035,70,818,5,131,7,22,166,20,38,509,23,7,70,94,167,2,69,15,499,1033,357,45,328,9,36,116,161,24,20,133,1074,42,243,1,35,4,104,43,74,70,0,1172,0,232,80,12,95,104,12,589,8,116,99,85,58,23,64,2,14,3,131,0,192,37,4,27,3,702,0,0,48,16,10,29,230,390,133,0,2053,44,35,23,666,6,0,41,6,0,0,31,0,4,44,0,0,0,3,0,10,14,0,3,3,3,11,0,10,0,4,0,0,8,0,0,11,6,8,0,0,16,18,0,0,0,2,0,5,9,0,0,0,1,0,3,0,3,3,0,6,0,5,0,0,0,0,0,0,0,95,2,1,0,0,0,0,0,0,2,12,0,3,0,0,0,3,0,0,5,6,0,3,0,1,0,0,0,0,0,0,0,0,0,2,0,0,0,0,4,0,0,0,0,0,0,3,0,2,4,0,2,0,0,0,0,0,0,0,0,0,0,0,0,0,0,0,2,0,2,0,0,0,0,0,0,0,0,0,0,0,0,0,0,0,0,0,0,0,0,0,0,0,0,0,1,0,0,0,0,0,0,0,0,0,0,0,0,0,0,0,0,1,0,0,3,0,0,0,0,0,0,0,0,0,0,0,3,0,0,0,0,0,0,0,0,0,0,0,0,0,0,0,0,0,0,0,0,0,0,0,0,0,0,0,0,0,0,0,0,0,0,0,0,0,0,0,0,0,0,0,0,0,0,0,0,0,0,0,0,0,0,0,0,0,0,0,0,0,0,0,0,0,0,0,0,0,0,0,0,0,0,0,0,0,0,0,0,0,0,0,0,0,0,0,0,0,0,0,0,0,0,0,0,0,0,0,0,0,0,0,0,0,0,0,0,0,0,0,0,0,0,0,0,0,0,0,0,0,0,0,0,0,0,0,0,0,0,0,0,0,0,0,0,0,0,0,0,0,0,0,0,0,0,0,0,0,0,0,0,0,0,0,0,0,0,0,0,0,0,0,0,0,0,0,0,0,0,0,0,0,0,0,0,0,0,0,0,0,0,0,0,0,0,0,0,0,0,0,0,0,0,0,0,0,0,0,0,0,0,0,0,0,0,0,0,0,0,0,0,0,0,0,0,0,0,0,0,0,0,0,0,0,0,0,0,0,0,0,0,0,0,0,0,0,0,0,0,0,0,0,0,0,0,0,0,0,0,0,0,0,0,0,0,0,0,0,0,0,0
Copenhagen,73,1007248_1,57,283,102,3,8,338,25,0,0,129,0,26,1017,283,1237,0,125,875,12,198,0,13,106,29,66,1034,45,12,33,101,399,3,79,8,743,280,232,156,739,5,534,360,299,37,15,283,3,182,235,0,52,32,32,41,218,78,2,1802,2,498,97,55,159,6,11,921,29,205,249,114,98,68,154,2,31,5,31,3,319,55,23,59,4,1182,1,0,113,61,0,28,268,699,213,0,3053,122,59,20,8,10,2,181,3,6,17,226,9,32,112,0,12,0,11,0,19,23,0,9,0,4,14,0,26,0,5,0,0,20,0,0,14,14,16,0,3,3,7,6,4,0,2,0,3,47,2,10,0,3,1,4,13,17,12,0,37,0,5,0,4,0,0,8,0,3,13,4,0,0,0,0,3,0,0,0,31,3,0,5,1,0,0,0,0,0,9,6,1,0,0,2,5,9,2,0,0,0,1,0,0,0,0,5,0,17,0,6,4,0,4,0,11,0,0,4,5,0,6,0,0,0,0,0,0,0,31,5,0,0,0,0,2,0,0,5,0,4,0,0,0,0,0,0,0,0,0,0,0,0,0,0,0,0,0,0,0,0,0,0,0,4,0,0,0,0,0,0,0,0,0,0,0,0,0,0,0,0,0,0,0,0,0,0,0,0,0,0,0,0,0,0,0,0,0,0,0,0,0,0,0,0,0,0,0,0,0,0,0,0,0,0,0,0,1,0,0,0,0,0,0,0,0,0,0,0,0,0,0,0,0,0,0,0,0,0,0,0,0,0,0,0,0,0,0,0,0,0,0,0,0,0,0,0,0,0,0,0,0,0,0,0,0,0,0,0,0,0,0,0,0,0,0,0,0,0,0,0,1,0,0,0,0,0,0,0,0,0,0,0,0,0,0,0,0,0,0,0,0,0,0,0,0,0,0,0,0,0,0,0,0,0,0,0,0,0,0,0,0,0,0,0,0,0,0,0,0,0,0,0,0,0,0,0,0,0,0,0,0,0,0,0,0,0,0,0,0,0,0,0,0,0,0,0,0,0,0,0,0,0,0,0,0,0,0,0,0,0,0,0,0,0,0,0,0,0,0,0,0,0,0,0,0,0,0,0,0,0,0,0,0,0,0,0,0,0,0,0,0,0,0,0,0,0,0,0,0,0,0,0,0,0,0,0,0,0,0,0,0,0,0,0,0,0,0,0,0,0,0,0,0,0,0,0,0,0,0,0,0,0,0,0,0,0,0,0,0,0,0,0,0,0,0,0,0,0
Copenhagen,73,1007247_1,18,529,24,60,33,247,20,0,4,48,201,10,436,103,844,629,49,1160,0,172,0,8,84,4,18,856,15,0,67,78,80,0,104,30,181,536,200,58,206,11,23,197,100,15,24,89,642,91,104,0,66,13,45,31,32,31,0,736,0,154,78,18,63,41,44,817,4,104,145,61,19,31,41,2,0,3,66,0,304,37,0,35,0,1008,0,0,98,16,4,30,158,194,85,5,1148,7,35,48,320,10,0,43,0,0,0,13,3,24,24,0,0,0,9,0,11,22,0,0,0,2,17,0,7,0,0,0,0,5,0,0,5,6,6,0,3,3,0,0,0,0,0,0,4,16,2,0,0,0,0,0,4,4,0,0,0,0,1,0,0,0,0,4,0,0,0,2,5,0,0,0,0,0,0,3,7,0,0,2,0,0,0,0,0,0,0,0,2,0,2,0,0,0,0,0,0,0,0,2,0,0,0,0,0,0,0,0,0,0,0,0,3,0,0,0,0,8,0,0,0,0,0,0,0,0,4,0,0,0,0,0,0,0,0,0,0,0,0,0,0,0,0,0,0,0,0,0,0,0,0,0,0,0,0,0,0,0,0,0,0,0,0,0,0,0,0,0,2,0,0,0,0,0,0,0,0,0,0,0,0,0,0,0,0,0,0,0,0,0,0,0,0,0,0,0,0,0,0,0,0,0,0,0,0,0,0,0,0,0,0,0,0,0,0,0,0,0,0,0,0,0,0,0,0,0,0,0,0,0,0,0,0,0,0,0,0,0,0,0,0,0,0,0,0,0,0,0,0,0,0,0,0,0,0,0,0,0,0,0,0,0,0,0,0,0,0,0,0,0,0,0,0,0,0,0,0,0,0,0,0,0,0,0,0,0,0,0,0,0,0,0,0,0,0,0,0,0,0,0,0,0,0,0,0,0,0,0,0,0,0,0,0,0,0,0,0,0,0,0,0,0,0,0,0,0,0,0,0,0,0,0,0,0,0,0,0,0,0,0,0,0,0,0,0,0,0,0,0,0,0,0,0,0,0,0,0,0,0,0,0,0,0,0,0,0,0,0,0,0,0,0,0,0,0,0,0,0,0,0,0,0,0,0,0,0,0,0,0,0,0,0,0,0,0,0,0,0,0,0,0,0,0,0,0,0,0,0,0,0,0,0,0,0,0,0,0,0,0,0,0,0,0,0,0,0,0,0,0,0,0,0,0,0,0,0,0,0,0,0,0,0,0,0,0,0,0,0,0,0,0,0,0,0,0,0
Copenhagen,73,1007250_1,15,136,19,2,14,141,11,0,0,85,0,8,320,82,1391,0,112,827,4,144,0,9,186,25,8,645,52,8,11,70,92,2,63,30,216,203,480,41,223,11,0,116,162,14,3,142,0,68,245,0,41,28,16,44,75,86,0,754,0,222,22,35,90,4,13,708,4,124,116,54,38,23,51,0,0,0,173,0,265,29,0,21,0,739,3,0,77,20,4,48,405,159,133,2,1199,7,69,58,0,5,0,40,0,0,8,23,0,11,45,0,0,0,10,0,16,21,0,0,0,2,18,0,11,0,6,0,0,7,0,0,9,9,8,0,0,0,4,0,0,0,1,5,0,13,0,0,0,2,0,0,0,10,0,0,3,0,0,0,0,0,0,0,0,0,8,0,0,0,0,0,0,0,0,1,5,0,1,0,2,0,1,0,0,0,0,1,2,0,4,0,0,4,3,0,0,0,1,0,0,0,0,0,0,0,0,0,0,0,0,0,7,0,0,0,0,9,0,0,0,0,0,0,0,0,0,0,0,0,0,0,0,4,0,0,0,0,0,0,0,0,0,0,0,0,0,0,0,0,0,0,5,0,0,0,0,0,2,0,0,1,2,0,0,0,0,0,0,0,0,0,1,0,0,0,0,0,0,0,0,0,0,0,0,0,0,0,1,4,0,0,0,0,0,0,0,3,0,0,0,5,0,0,0,0,0,0,0,0,0,0,0,0,0,0,0,0,0,0,0,0,0,0,0,0,0,0,0,0,0,0,0,0,0,0,0,0,0,0,0,0,0,0,0,0,0,0,0,0,0,0,0,0,0,0,0,0,0,0,0,0,0,0,0,0,0,0,0,0,0,0,0,0,0,0,0,0,0,0,0,0,0,0,0,0,0,0,0,0,0,0,0,0,0,0,0,0,0,0,0,0,0,0,0,0,0,0,0,0,0,0,0,0,0,0,0,0,0,0,0,0,0,0,0,0,0,0,0,0,0,0,0,0,0,0,0,0,0,0,0,0,0,0,0,0,0,0,0,0,0,0,0,0,0,0,0,0,0,0,0,0,0,0,0,0,0,0,0,0,0,0,0,0,0,0,0,0,0,0,0,0,0,0,0,0,0,0,0,0,0,0,0,0,0,0,0,0,0,0,0,0,0,0,0,0,0,0,0,0,0,0,0,0,0,0,0,0,0,0,0,0,0,0,0,0,0,0,0,0,0,0,0,0,0,0,0,0,0,0,0,0,0,0,0,0,0,0,0,0,0,0,0,0,0,0
Copenhagen,73,1007251_1,21,90,27,5,14,63,4,0,0,59,0,3,235,88,134,0,27,184,14,23,0,0,19,6,20,180,7,3,18,17,46,4,9,0,178,83,31,43,109,0,0,50,108,13,4,67,0,63,46,0,19,5,4,7,26,28,0,387,5,173,7,21,52,0,5,140,6,45,44,28,44,19,47,0,9,0,11,0,39,35,6,10,0,223,0,0,16,10,0,8,49,221,53,0,659,35,0,7,0,0,0,0,0,8,0,20,28,4,17,3,0,0,8,0,0,18,0,8,21,5,0,0,8,0,0,0,0,13,0,0,0,5,5,0,0,2,20,0,4,0,0,0,0,0,0,5,0,1,0,0,8,2,2,0,17,0,2,0,0,0,0,0,0,0,5,0,0,0,0,0,0,0,0,0,4,18,4,0,0,0,0,0,0,0,10,0,0,0,0,0,0,0,0,0,0,0,0,0,4,0,0,0,3,19,3,0,0,0,0,0,0,0,9,0,0,0,0,0,0,0,0,4,0,0,9,2,0,0,0,0,0,0,0,3,0,0,0,0,0,0,0,0,0,0,2,0,0,0,0,0,0,0,0,0,0,0,0,0,0,0,0,3,0,0,0,0,0,0,0,0,0,0,0,0,0,0,0,0,0,0,0,0,0,0,0,0,0,0,0,0,0,0,0,0,0,0,0,0,0,0,0,0,0,0,0,0,0,0,0,0,0,0,0,0,0,0,0,0,0,0,0,0,0,0,0,0,0,0,0,0,0,0,0,0,0,0,0,0,0,0,0,0,0,0,0,0,0,0,0,0,0,0,0,0,0,0,0,0,0,0,0,0,0,0,0,0,0,0,0,0,0,0,0,0,0,0,0,0,0,0,0,0,0,0,0,0,0,0,0,0,0,0,0,0,0,0,0,0,0,0,0,0,0,0,0,0,0,0,0,0,0,0,0,0,0,0,0,0,0,0,0,0,0,0,0,0,0,0,0,0,0,0,0,0,0,0,0,0,0,0,0,0,0,0,0,0,0,0,0,0,0,0,0,0,0,0,0,0,0,0,0,0,0,0,0,0,0,0,0,0,0,0,0,0,0,0,0,0,0,0,0,0,0,0,0,0,0,0,0,0,0,0,0,0,0,0,0,0,0,0,0,0,0,0,0,0,0,0,0,0,0,0,0,0,0,0,0,0,0,0,0,0,0,0,0,0,0,0,0,0,0,0,0,0,0,0,0,0,0,0,0,0,0,0,0,0,0,0,0,0,0,0,0,0
Copenhagen,73,1007249_1,75,357,54,6,18,160,22,2,0,90,52,13,452,155,1062,216,93,1257,6,104,0,23,113,11,86,741,20,6,65,101,233,12,104,7,584,380,190,56,509,18,47,204,204,12,16,229,261,76,173,0,52,10,31,38,80,67,1,1636,2,401,33,40,126,24,15,676,23,154,182,80,72,40,139,0,29,0,53,9,156,46,17,41,0,1118,3,0,84,17,3,28,261,569,122,0,2671,79,23,16,109,4,2,48,0,0,6,33,11,13,80,0,0,0,4,0,19,13,0,4,10,1,12,5,12,0,5,0,0,22,0,0,13,9,13,0,0,12,27,0,0,0,1,2,5,15,2,3,0,8,0,3,13,10,7,0,32,0,10,0,3,0,0,0,0,0,9,4,7,0,0,3,1,0,0,0,21,116,4,2,0,0,0,1,3,1,9,3,1,0,0,0,2,4,0,1,0,6,0,0,3,0,0,0,0,17,4,0,4,0,0,0,7,0,0,7,0,3,0,0,4,0,0,0,0,0,6,1,0,0,0,0,3,0,0,0,0,0,0,0,0,0,0,0,3,0,0,0,0,0,0,0,0,0,0,0,0,0,0,4,0,1,0,0,0,0,0,0,0,0,5,0,0,0,0,0,0,0,0,0,0,0,0,2,0,0,0,0,0,0,0,1,0,0,0,0,0,0,0,0,0,0,0,0,0,0,0,0,0,0,0,0,0,0,0,0,0,0,0,0,0,0,0,0,0,0,0,0,0,0,0,0,0,0,0,0,0,0,0,0,0,0,0,0,0,0,0,0,0,0,0,0,0,0,0,0,0,0,0,0,0,0,0,0,0,0,0,0,0,0,0,0,0,0,0,0,0,0,0,0,0,0,0,0,0,0,0,0,0,0,0,0,0,0,0,0,0,0,0,0,0,0,0,0,0,0,0,0,0,0,0,0,0,0,0,0,0,0,0,0,0,0,0,0,0,0,0,0,0,0,0,0,0,0,0,0,0,0,0,0,0,0,0,0,0,0,0,0,0,0,0,0,0,0,0,0,0,0,0,0,0,0,0,0,0,0,0,0,0,0,0,0,0,0,0,0,0,0,0,0,0,0,0,0,0,0,0,0,0,0,0,0,0,0,0,0,0,0,0,0,0,0,0,0,0,0,0,0,0,0,0,0,0,0,0,0,0,0,0,0,0,0,0,0,0,0,0,0,0,0,0,0,0,0,0,0,0,0,0,0,0,0,0,0,0,0,0,0,0,0,0,0,0,0,0,0
Copenhagen,74,1007253_1,61,148,51,4,20,158,21,0,0,67,0,0,203,89,702,0,79,587,4,204,0,9,83,6,18,605,29,20,29,91,110,0,65,15,293,130,161,32,223,14,0,129,122,18,9,131,0,45,93,0,49,13,11,25,43,68,5,886,15,197,23,40,108,0,23,523,5,96,112,53,42,77,57,3,0,3,74,3,389,101,8,17,0,853,0,0,37,17,0,22,231,296,70,2,1522,12,26,61,0,9,2,42,0,0,4,11,6,16,32,0,4,0,18,0,7,46,0,0,21,12,14,0,2,0,0,0,0,14,0,0,0,11,7,0,6,0,12,0,0,0,4,0,3,10,3,0,0,0,0,0,0,5,0,0,3,0,2,0,0,0,0,11,0,0,26,0,4,0,0,0,3,0,0,0,7,0,0,0,0,0,0,0,0,0,0,0,0,0,3,0,0,0,3,0,0,0,0,0,0,0,0,0,1,0,0,0,0,0,0,0,11,0,0,7,0,2,0,12,0,0,0,0,0,0,0,0,0,0,0,0,0,0,0,0,0,0,0,0,0,0,0,0,0,0,0,0,0,0,0,0,0,3,0,0,7,5,2,0,0,0,0,0,0,0,0,0,0,0,0,0,0,0,0,0,0,0,0,0,0,0,0,0,0,0,0,0,0,0,0,0,0,0,0,0,0,0,0,0,0,0,0,0,0,0,0,0,0,0,0,0,0,0,0,0,0,0,0,0,0,0,0,0,0,0,0,0,0,0,0,0,0,0,0,0,0,0,0,0,0,0,0,0,0,0,0,0,0,0,0,0,0,0,0,0,0,0,0,0,0,0,0,0,0,0,0,0,0,0,0,0,0,0,0,0,0,0,0,0,0,0,0,0,0,0,0,0,0,0,0,0,0,0,0,0,0,0,0,0,0,0,0,0,0,0,0,0,0,0,0,0,0,0,0,0,0,0,0,0,0,0,0,0,0,0,0,0,0,0,0,0,0,0,0,0,0,0,0,0,0,0,0,0,0,0,0,0,0,0,0,0,0,0,0,0,0,0,0,0,0,0,0,0,0,0,0,0,0,0,0,0,0,0,0,0,0,0,0,0,0,0,0,0,0,0,0,0,0,0,0,0,0,0,0,0,0,0,0,0,0,0,0,0,0,0,0,0,0,0,0,0,0,0,0,0,0,0,0,0,0,0,0,0,0,0,0,0,0,0,0,0,0,0,0,0,0,0,0,0,0,0,0,0,0,0,0,0,0,0,0,0,0,0,0,0
Copenhagen,74,1007254_1,11,215,8,26,21,132,14,0,0,21,93,6,234,59,320,238,22,552,0,82,0,14,39,0,4,352,10,4,24,53,47,0,52,18,58,255,76,25,101,9,9,103,39,12,7,32,283,50,45,1,33,10,22,13,32,5,1,327,2,59,7,7,26,19,28,364,2,43,56,29,12,16,9,0,0,0,20,0,139,11,0,13,0,474,2,0,44,8,0,14,95,106,48,0,519,4,19,24,173,0,0,14,2,0,0,14,0,4,16,4,0,3,2,0,6,8,0,0,2,0,5,0,0,0,0,0,0,0,0,0,5,3,0,0,0,4,3,0,0,0,0,0,0,4,0,0,0,2,0,0,0,0,0,0,2,0,0,0,0,0,0,0,0,0,0,4,0,0,0,0,0,0,0,0,0,27,0,0,0,0,4,0,0,0,0,0,0,0,0,0,0,0,0,0,0,0,0,0,3,0,0,0,0,0,0,0,0,0,0,0,0,0,0,0,0,4,5,0,0,0,0,0,0,0,0,0,0,0,0,0,0,0,0,0,0,0,0,0,0,3,0,0,0,0,0,0,0,0,0,0,0,0,0,0,0,0,0,0,0,0,0,0,0,0,0,0,0,0,0,0,0,0,0,0,0,0,0,0,0,0,0,0,0,0,0,0,0,0,0,0,0,0,0,0,0,0,0,0,0,0,0,0,0,0,0,0,0,0,0,0,0,0,0,0,0,0,0,0,0,0,0,0,0,0,0,0,0,0,0,0,0,0,0,0,0,0,0,0,0,0,0,0,0,0,0,0,0,0,0,0,0,0,0,0,0,0,0,0,0,0,0,0,0,0,0,0,0,0,0,0,0,0,0,0,0,0,0,0,0,0,0,0,0,0,0,0,0,0,0,0,0,0,0,0,0,0,0,0,0,0,0,0,0,0,0,0,0,0,0,0,0,0,0,0,0,0,0,0,0,0,0,0,0,0,0,0,0,0,0,0,0,0,0,0,0,0,0,0,0,0,0,0,0,0,0,0,0,0,0,0,0,0,0,0,0,0,0,0,0,0,0,0,0,0,0,0,0,0,0,0,0,0,0,0,0,0,0,0,0,0,0,0,0,0,0,0,0,0,0,0,0,0,0,0,0,0,0,0,0,0,0,0,0,0,0,0,0,0,0,0,0,0,0,0,0,0,0,0,0,0,0,0,0,0,0,0,0,0,0,0,0,0,0,0,0,0,0,0,0,0,0,0,0,0,0,0,0,0,0,0,0,0,0,0
Copenhagen,74,1007252_1,14,113,28,0,13,243,30,0,0,65,0,21,710,72,813,0,77,978,0,175,0,30,89,4,7,771,27,0,7,59,45,0,116,25,171,148,232,115,164,18,14,204,89,7,6,115,0,166,129,0,63,26,19,29,72,59,4,801,0,204,16,21,52,0,32,977,3,84,122,68,31,34,33,0,0,7,102,0,327,48,0,51,0,974,0,0,108,9,0,25,314,283,152,1,1233,5,36,50,0,18,0,62,0,0,0,23,2,20,25,0,0,0,10,0,13,19,0,0,5,2,14,0,14,0,0,0,0,0,0,0,11,3,9,0,0,0,3,0,0,0,2,0,0,7,0,4,0,1,0,3,2,8,0,0,2,3,0,0,0,0,0,4,0,0,20,0,3,0,0,0,1,0,0,0,5,0,0,3,0,0,8,0,0,4,0,0,0,0,2,0,0,0,4,0,0,0,0,0,6,0,0,0,0,4,0,0,0,0,0,0,3,0,0,0,0,5,0,0,0,0,0,0,0,0,0,0,0,0,0,0,0,0,0,0,0,0,4,0,0,0,0,0,0,0,0,0,0,0,0,0,0,0,0,1,0,0,0,0,0,1,0,0,0,0,0,0,0,0,0,0,0,0,0,0,0,0,1,0,0,0,0,0,0,0,0,0,0,0,0,0,0,0,0,0,0,0,0,0,0,0,0,0,0,0,0,0,0,0,0,0,0,0,0,0,0,0,0,0,0,0,0,0,0,0,3,0,0,0,0,0,0,0,0,0,0,0,0,0,0,0,0,0,0,0,0,0,0,0,0,0,4,0,0,0,0,0,0,0,0,0,0,0,0,0,0,0,0,0,0,0,0,1,0,0,0,0,0,0,0,0,0,0,0,0,0,0,0,0,0,0,0,0,0,0,0,0,0,0,0,0,0,0,0,0,0,0,0,0,0,0,0,0,0,0,0,0,0,0,0,0,0,0,0,0,0,0,0,0,0,0,0,0,0,0,0,0,0,0,0,0,0,0,0,0,0,0,0,0,0,0,0,0,0,0,0,0,0,0,0,0,0,0,0,0,0,0,0,0,0,0,0,0,0,0,0,0,0,0,0,0,0,0,0,0,0,0,0,0,0,0,0,0,0,0,0,0,0,0,0,0,0,0,0,0,0,0,0,0,0,0,0,0,0,0,0,0,0,0,0,0,0,0,0,0,0,0,0,0,0,0,0,0,0,0,0,0,0,0,0,0,0,0,0,0,0,0,0,0,0,0,0,0,0,0
Copenhagen,75,1007256_1,35,212,51,0,27,187,34,3,0,72,0,21,383,89,683,0,103,340,4,87,8,18,41,26,21,383,42,0,16,60,113,8,165,4,121,192,107,54,172,5,0,92,151,6,7,119,0,126,54,0,100,8,25,35,74,112,0,325,4,375,25,35,88,3,30,1320,3,135,71,49,51,76,85,0,7,6,43,3,156,103,8,29,0,471,0,0,160,5,4,24,264,123,129,0,558,20,25,22,0,16,4,74,0,0,3,15,7,27,52,5,0,0,28,0,12,47,1,0,18,1,24,0,11,0,0,0,0,16,0,0,3,9,5,0,0,0,11,0,0,0,0,0,0,7,0,0,0,2,0,8,2,4,3,0,30,0,3,0,0,0,0,0,0,0,18,3,4,0,0,0,3,0,0,2,2,0,5,0,0,0,0,0,4,3,0,0,0,0,0,0,0,0,0,0,0,0,0,3,0,1,0,0,3,7,0,0,0,0,0,0,0,0,0,4,0,5,3,0,0,0,0,0,0,0,0,2,2,0,0,0,0,0,0,0,0,4,0,0,0,0,0,5,0,0,0,0,0,0,5,0,0,0,0,0,0,0,0,0,0,0,0,0,0,0,0,0,0,0,0,0,0,0,0,0,0,0,0,0,0,0,0,0,0,0,0,4,0,0,0,0,0,0,0,0,0,0,0,5,0,0,0,0,0,0,0,0,0,2,0,0,0,0,0,0,0,0,0,0,0,0,0,0,0,0,0,0,0,2,0,0,0,0,0,0,0,0,0,0,0,0,0,0,0,0,0,0,0,0,0,0,0,0,0,0,0,0,0,0,0,0,0,0,0,0,0,0,0,0,0,0,0,0,0,0,0,0,0,0,0,0,0,0,0,0,0,0,0,0,0,0,0,0,0,0,0,0,0,0,0,0,0,0,0,0,0,0,0,0,0,0,0,0,0,0,0,0,0,0,0,0,0,0,0,0,0,0,0,0,0,0,0,0,0,0,0,0,0,0,0,0,0,0,0,0,0,0,0,0,0,0,0,0,0,0,0,0,0,0,0,0,0,0,0,0,0,0,0,0,0,0,0,0,0,0,0,0,0,0,0,0,0,0,0,0,0,0,0,0,0,0,0,0,0,0,0,0,0,0,0,0,0,0,0,0,0,0,0,0,0,0,0,0,0,0,0,0,0,0,0,0,0,0,0,0,0,0,0,0,0,0,0,0,0,0,0,0,0,0,0,0,0,0,0,0,0,0,0,0,0,0,0,0,0,0
Copenhagen,75,1007257_1,106,331,93,5,31,196,29,0,0,169,0,0,702,266,1200,2,222,1036,15,273,5,37,107,15,78,1042,76,25,64,82,314,12,82,13,1025,341,249,77,717,18,0,311,325,31,11,289,0,156,226,0,59,13,18,38,133,170,5,2668,22,595,85,72,215,4,21,782,23,158,186,118,129,106,203,2,50,8,98,0,459,214,15,66,4,1425,0,0,105,46,4,30,310,1134,204,1,4342,107,28,65,0,15,22,64,0,4,19,76,46,13,119,0,4,0,57,4,24,73,0,8,145,16,14,2,18,0,10,0,0,27,0,0,7,18,30,0,6,15,44,0,11,0,2,3,5,10,1,6,5,3,1,9,19,11,21,0,58,0,12,0,3,0,0,0,0,3,23,0,3,0,0,0,7,0,0,0,35,0,12,3,3,0,5,0,0,2,18,0,1,0,1,0,4,10,3,1,3,0,1,2,0,0,0,2,4,17,0,6,0,0,2,0,20,0,3,3,0,0,6,8,0,0,0,5,0,1,19,15,0,0,0,1,4,6,6,0,0,6,0,0,0,0,0,0,0,0,0,5,0,0,0,0,0,0,0,0,0,6,0,0,1,0,1,5,7,0,0,0,0,0,0,5,0,0,0,0,0,0,5,1,2,0,0,3,0,5,0,0,0,0,0,0,0,0,0,0,0,0,0,0,0,0,0,0,0,0,0,0,0,0,0,0,0,0,0,0,3,0,0,0,0,0,0,0,0,0,0,0,0,0,0,0,0,0,0,0,0,0,0,0,0,0,0,0,0,0,0,0,0,0,0,0,0,0,2,0,0,0,0,0,0,0,0,0,0,0,0,0,0,0,0,0,0,0,0,0,0,0,0,0,0,0,0,0,0,0,0,0,0,0,0,0,0,0,0,0,0,0,0,0,0,0,0,0,0,0,0,0,0,0,0,0,0,0,0,0,0,0,0,0,0,0,0,0,0,0,0,0,0,0,0,0,0,0,0,0,0,0,0,0,0,0,0,0,0,0,0,0,0,0,0,0,0,0,0,0,0,0,0,0,0,0,0,0,0,0,0,0,0,0,0,0,0,0,0,0,0,0,0,0,0,0,0,0,0,0,0,0,0,0,0,0,0,0,0,0,0,0,0,0,0,0,0,0,0,0,0,0,0,0,0,0,0,0,0,0,0,0,0,0,0,0,0,0,0,0,0,0,0,0,0,0,0,0,0,0,0,0,0,0,0,0,0,0,0,0,0,0,0,0,0,0,0,0,0,0
Copenhagen,75,1007255_1,72,258,89,5,14,155,32,0,0,121,0,14,896,302,605,3,109,727,30,126,0,12,52,14,95,680,29,16,23,58,191,19,67,4,576,280,112,121,495,4,0,228,274,15,10,189,0,195,101,0,54,15,14,24,83,110,1,1299,30,610,77,91,165,0,19,611,55,171,166,78,106,83,188,0,49,6,43,3,209,174,20,37,0,844,1,0,70,31,0,23,158,628,200,0,2303,107,16,8,0,6,0,51,2,10,22,64,59,12,77,0,0,0,20,7,7,51,0,15,94,28,16,0,25,0,4,0,0,56,0,0,5,16,17,0,5,7,38,0,6,0,0,0,0,13,3,12,0,2,0,9,32,7,9,0,79,7,10,0,4,0,0,19,0,0,10,0,1,0,0,0,6,0,0,0,16,0,2,6,0,0,5,0,0,0,33,5,0,0,0,0,0,8,4,0,0,0,1,0,3,2,0,5,4,34,0,5,0,0,1,0,5,0,12,3,0,0,0,7,0,0,0,0,0,0,21,14,0,0,0,0,5,0,0,4,0,4,0,0,0,0,0,0,0,0,0,0,0,0,0,0,0,0,1,0,0,0,0,0,0,0,0,17,7,0,0,0,0,0,0,0,0,0,0,0,0,0,3,0,0,0,0,0,0,0,0,0,0,0,0,0,0,0,0,0,0,0,0,0,0,0,0,0,0,0,0,1,0,0,0,0,0,0,0,0,0,0,0,0,0,0,0,0,0,0,0,0,0,0,0,3,0,0,0,0,0,0,0,0,0,0,0,0,0,0,0,0,0,0,0,0,0,0,0,0,0,0,0,0,0,0,5,4,6,0,0,0,0,0,0,0,0,0,0,0,0,0,0,0,0,0,0,0,0,0,0,0,0,0,0,0,0,0,0,0,0,0,0,0,0,0,0,0,0,0,0,0,0,0,0,0,0,0,0,0,0,0,0,0,0,0,0,0,0,0,0,0,0,0,0,0,0,0,0,0,0,0,0,0,0,0,0,0,0,0,0,0,0,0,0,0,0,0,0,0,0,0,0,0,0,0,0,0,0,0,0,0,0,0,0,0,0,0,0,0,0,0,0,0,0,0,0,0,0,0,0,0,0,0,0,0,0,0,0,0,0,0,0,0,0,0,0,0,0,0,0,0,0,0,0,0,0,0,0,0,0,0,0,0,0,0,0,0,0,0,0,0,0,0,0,0,0,0,0,0,0,0,0,0,0,0,0,0,0,0,0,0,0,0,0,0,0,0,0,0
Copenhagen,77,1007259_1,83,296,98,2,28,199,33,0,0,116,0,11,453,139,1424,7,211,968,8,290,0,20,88,10,34,933,67,26,49,102,339,0,94,30,779,296,145,48,597,26,0,238,280,24,7,335,5,113,103,0,58,12,16,44,81,168,3,2007,8,418,94,67,195,0,15,867,17,163,183,58,109,111,104,2,12,6,174,3,505,211,16,40,0,1334,4,0,89,30,5,47,370,718,131,1,3429,41,59,73,0,15,4,37,0,5,12,50,10,26,101,0,4,0,85,3,15,111,1,11,47,18,24,0,11,0,8,0,0,26,0,0,11,22,20,0,0,0,12,0,0,0,1,7,3,4,3,0,0,2,0,0,3,18,1,0,11,0,13,0,0,0,0,9,0,0,16,9,0,0,0,0,41,0,0,1,7,0,0,0,0,0,7,0,4,0,11,5,1,0,0,0,0,0,0,0,0,0,0,3,0,1,0,0,3,0,1,10,0,0,0,0,9,0,0,3,0,6,0,28,0,0,0,0,0,0,0,1,4,0,0,0,3,3,0,0,0,8,0,0,0,0,0,0,3,0,0,0,0,0,1,0,3,0,0,0,0,0,0,0,0,0,0,0,0,0,0,0,0,0,5,7,0,0,0,0,0,0,1,0,0,0,0,0,0,0,0,0,0,0,0,0,0,0,0,0,0,0,0,0,0,0,0,0,0,0,0,0,8,0,0,0,0,0,0,0,0,0,0,0,0,2,4,0,0,0,0,0,0,0,0,0,0,0,0,0,0,0,0,0,0,0,0,0,0,0,0,0,0,0,0,0,0,0,0,0,0,0,0,0,0,0,0,0,0,0,0,0,0,0,0,0,0,0,0,0,0,0,0,0,0,0,0,0,0,0,0,0,0,0,0,0,0,0,0,0,0,0,0,0,0,0,0,0,0,0,0,0,0,0,0,0,0,0,0,0,0,0,0,0,0,0,0,0,0,0,0,0,0,0,0,0,0,0,0,0,0,0,0,0,0,0,0,0,0,0,0,0,0,0,0,0,0,0,0,0,0,0,0,0,0,0,0,0,0,0,0,0,0,0,0,0,0,0,0,0,0,0,0,0,0,0,0,0,0,0,0,0,0,0,0,0,0,0,0,0,0,0,0,0,0,0,0,0,0,0,0,0,0,0,0,0,0,0,0,0,0,0,0,0,0,0,0,0,0,0,0,0,0,0,0,0,0,0,0,0,0,0,0,0,0,0,0,0,0,0,0,0,0,0,0,0,0,0,0,0
Copenhagen,77,1007260_1,28,152,12,0,10,242,31,2,0,66,0,21,401,82,935,0,75,1238,3,289,3,12,79,11,19,994,42,7,14,72,87,0,91,58,214,169,184,53,254,18,0,186,132,10,9,102,8,93,127,0,87,34,20,39,83,55,2,972,0,186,25,23,46,6,18,801,7,99,310,44,26,55,43,0,4,6,115,2,526,33,5,54,0,1267,2,0,125,32,0,29,164,311,93,3,1680,11,39,73,0,11,0,120,2,0,5,35,0,18,32,0,9,0,6,0,14,21,0,0,3,2,8,0,9,0,0,0,0,0,0,0,4,9,0,0,5,0,0,0,0,0,0,0,0,18,5,0,0,2,0,0,0,4,0,0,2,0,2,0,0,0,0,0,0,0,11,0,0,0,0,0,0,0,0,0,6,0,1,0,0,0,0,1,2,0,0,2,0,0,0,0,0,0,0,0,0,0,0,0,0,0,0,0,0,5,0,13,0,0,0,0,4,0,0,0,1,17,6,0,0,0,0,0,0,0,0,0,0,5,0,0,0,0,0,0,0,0,0,0,2,0,0,0,0,0,0,0,0,0,0,0,0,0,0,0,0,0,0,0,0,0,1,0,0,0,0,0,0,0,0,0,0,0,0,0,0,0,3,0,0,0,0,0,0,0,0,0,0,0,0,0,0,0,0,0,0,0,0,0,0,1,0,0,0,0,0,0,0,1,0,0,0,0,0,0,0,0,0,0,0,0,0,0,0,0,0,0,0,0,0,0,0,0,0,0,0,0,0,0,0,0,0,0,0,2,2,0,0,0,0,0,0,0,0,0,0,0,0,0,0,0,0,0,0,0,0,0,0,0,0,0,0,0,0,0,0,0,0,0,0,0,0,0,0,0,0,0,0,0,0,0,0,0,0,0,0,0,0,0,0,0,0,0,0,0,0,0,0,0,0,0,0,0,0,0,0,0,0,0,0,0,0,0,0,0,0,0,0,0,0,0,0,0,0,0,0,0,0,0,0,0,0,0,0,0,0,0,0,0,0,0,0,0,0,0,0,0,0,0,0,0,0,0,0,0,0,0,0,0,0,0,0,0,0,0,0,0,0,0,0,0,0,0,0,0,0,0,0,0,0,0,0,0,0,0,0,0,0,0,0,0,0,0,0,0,0,0,0,0,0,0,0,0,0,0,0,0,0,0,0,0,0,0,0,0,0,0,0,0,0,0,0,0,0,0,0,0,0,0,0,0,0,0,0,0,0,0,0,0,0,0,0,0,0,0
Copenhagen,77,1007258_1,18,137,21,0,8,146,16,0,0,62,6,0,429,60,793,10,103,736,4,144,6,12,163,11,31,620,37,6,13,54,139,0,63,14,362,139,383,50,251,7,140,132,111,17,3,125,7,36,263,0,28,10,18,27,124,36,0,1024,5,182,37,13,73,0,11,561,11,93,123,70,38,20,68,0,6,0,131,0,254,24,6,28,0,713,0,0,82,26,0,30,195,389,90,0,1879,25,35,28,0,5,0,68,0,0,6,83,0,7,46,4,0,0,4,0,17,10,0,0,3,4,18,0,9,0,0,0,0,7,0,0,7,11,5,0,0,0,0,0,0,0,2,0,5,27,1,5,0,2,0,0,4,8,0,0,0,0,0,0,0,0,0,3,0,0,152,0,0,0,0,0,1,0,0,0,1,0,0,0,0,0,6,0,0,0,0,0,0,0,3,0,0,0,0,0,0,0,0,0,0,0,0,2,0,0,0,4,0,0,0,0,7,0,0,1,0,0,0,0,0,0,0,0,0,0,0,0,0,4,0,0,0,1,0,0,0,0,0,0,0,0,0,0,0,0,0,0,0,0,0,0,0,0,0,0,0,0,0,5,0,0,0,0,0,0,3,0,0,0,0,0,0,0,0,0,0,0,0,0,0,0,0,0,0,0,0,0,0,0,0,0,0,0,0,0,0,0,0,0,0,0,0,0,0,0,0,0,0,0,0,0,0,0,0,0,0,0,0,0,0,0,0,0,0,0,0,0,0,0,0,0,0,0,0,0,0,0,0,0,0,0,0,0,0,0,0,0,0,0,0,0,0,0,0,0,0,0,0,0,0,0,0,0,0,0,0,0,0,0,0,0,0,0,0,0,0,0,0,0,0,0,0,0,0,0,0,0,0,0,0,0,0,0,0,0,0,0,0,0,0,0,0,0,0,0,0,0,0,0,0,0,0,0,0,0,0,0,0,0,0,0,0,0,0,0,0,0,0,0,0,0,0,0,0,0,0,0,0,0,0,0,0,0,0,0,0,0,0,0,0,0,0,0,0,0,0,0,0,0,0,0,0,0,0,0,0,0,0,0,0,0,0,0,0,0,0,0,0,0,0,0,0,0,0,0,0,0,0,0,0,0,0,0,0,0,0,0,0,0,0,0,0,0,0,0,0,0,0,0,0,0,0,0,0,0,0,0,0,0,0,0,0,0,0,0,0,0,0,0,0,0,0,0,0,0,0,0,0,0,0,0,0,0,0,0,0,0,0,0,0,0,0,0,0,0
Copenhagen,78,1007262_1,11,88,0,5,3,15,1,0,1,8,34,0,41,6,81,93,5,63,0,8,0,5,19,2,5,57,5,0,8,11,12,0,9,0,50,91,41,7,29,0,6,11,13,1,2,11,106,0,27,0,4,0,11,3,16,7,0,111,0,28,1,1,9,9,0,43,0,9,15,7,6,6,5,0,3,0,9,1,17,2,0,3,0,74,0,0,0,2,0,1,22,33,16,0,219,3,4,0,46,0,0,2,0,0,4,0,0,0,6,0,0,0,1,0,1,0,0,0,2,0,0,0,0,0,0,0,0,1,0,0,2,1,0,0,0,0,0,0,1,0,0,0,0,2,0,0,0,0,0,0,0,0,0,0,1,0,0,0,0,0,0,0,0,0,6,0,0,0,0,0,0,0,0,0,0,7,0,0,0,0,0,0,1,0,1,0,0,0,0,0,2,0,0,0,0,0,0,0,0,0,0,0,0,1,0,5,2,0,1,0,1,0,0,0,0,0,0,1,2,0,0,0,0,0,0,0,0,0,0,0,0,0,0,0,0,0,0,0,0,0,0,0,0,0,0,0,0,0,0,0,0,0,0,0,0,0,0,0,0,0,0,0,0,0,0,0,0,0,0,0,0,0,0,0,0,0,0,0,0,0,0,0,0,0,0,0,0,0,0,0,0,0,0,0,0,0,0,0,0,0,0,0,0,0,0,0,0,0,0,0,0,0,0,0,0,0,0,0,0,0,0,0,0,0,0,0,0,0,0,0,0,0,0,0,0,0,0,0,0,0,0,0,0,0,0,0,0,0,0,0,0,0,0,0,0,0,0,0,0,0,0,0,0,0,0,0,0,0,0,0,0,0,0,0,0,0,0,0,0,0,0,0,0,0,0,0,0,0,0,0,0,0,0,0,0,0,0,0,0,0,0,0,0,0,0,0,0,0,0,0,0,0,0,0,0,0,0,0,0,0,0,0,0,0,0,0,0,0,0,0,0,0,0,0,0,0,0,0,0,0,0,0,0,0,0,0,0,0,0,0,0,0,0,0,0,0,0,0,0,0,0,0,0,0,0,0,0,0,0,0,0,0,0,0,0,0,0,0,0,0,0,0,0,0,0,0,0,0,0,0,0,0,0,0,0,0,0,0,0,0,0,0,0,0,0,0,0,0,0,0,0,0,0,0,0,0,0,0,0,0,0,0,0,0,0,0,0,0,0,0,0,0,0,0,0,0,0,0,0,0,0,0,0,0,0,0,0,0,0,0,0,0,0,0
Copenhagen,78,1007263_1,69,347,95,11,30,332,37,0,0,145,0,14,1011,237,874,6,196,1278,14,356,5,22,134,22,154,1307,76,13,16,86,228,70,179,27,648,358,290,126,454,16,0,280,281,19,18,247,0,229,226,0,81,29,28,25,130,147,8,1788,22,600,100,87,189,0,28,1546,56,168,243,124,81,97,180,0,55,6,202,11,596,84,19,58,0,1647,7,0,184,36,0,21,319,717,225,4,2948,148,21,73,0,0,10,72,2,17,9,48,41,11,87,5,9,0,18,12,15,29,0,4,19,10,14,5,21,0,0,0,6,51,0,0,4,15,19,0,8,0,24,0,4,0,4,4,4,13,4,11,0,5,4,0,26,15,31,0,68,3,3,0,0,0,0,0,0,0,50,0,6,0,0,0,4,0,0,0,19,0,1,2,2,0,0,0,3,0,34,6,0,0,0,0,2,5,2,0,0,0,0,0,5,0,0,3,3,56,4,0,4,0,1,0,10,0,2,1,0,0,14,0,0,0,0,7,1,0,4,2,4,0,0,0,5,0,23,3,0,0,0,0,0,0,0,0,0,0,0,0,0,0,0,0,0,0,0,0,0,0,0,0,0,0,0,4,0,0,0,2,0,0,0,0,0,0,0,0,0,0,1,0,1,0,0,0,0,0,0,0,0,0,2,0,0,0,0,0,0,0,0,0,0,0,0,0,0,0,0,0,0,5,0,0,0,0,1,0,0,0,0,0,0,0,0,0,0,0,0,0,0,0,1,0,0,0,0,0,0,0,0,0,0,0,0,0,0,0,0,0,0,0,0,0,0,0,0,0,0,0,0,0,0,0,0,0,0,0,0,0,0,0,0,0,0,0,0,0,0,0,0,0,0,0,0,0,0,0,0,0,0,0,0,0,0,0,0,0,0,0,0,0,0,0,0,0,0,0,0,0,0,0,0,0,0,0,0,0,0,0,0,0,0,0,0,0,0,0,0,0,0,0,0,0,0,0,0,0,0,0,0,0,0,0,0,0,0,0,0,0,0,0,0,0,0,0,0,0,0,0,0,0,0,0,0,0,0,0,0,0,0,0,0,0,0,0,0,0,0,0,0,0,0,0,0,0,0,0,0,0,0,0,0,0,0,0,0,0,0,0,0,0,0,0,0,0,0,0,0,0,0,0,0,0,0,0,0,0,0,0,0,0,0,0,0,0,0,0,0,0,0,0,0,0,0,0,0,0,0,0,0,0,0,0,0,0,0,0,0,0,0,0,0,0,0,0,0,0
Copenhagen,78,1007261_1,20,65,27,0,6,43,3,0,0,23,0,0,277,50,509,0,51,198,0,30,0,4,57,23,12,313,22,0,8,39,104,0,26,5,191,68,132,36,208,0,206,78,58,11,0,69,4,47,85,0,21,5,5,23,72,32,0,298,0,125,43,11,42,0,0,297,0,67,72,45,24,23,25,0,0,4,8,0,67,13,5,8,0,350,0,0,30,15,0,17,94,172,60,0,587,4,29,5,0,0,0,59,0,0,0,80,0,4,36,0,0,0,4,0,5,14,0,0,0,1,15,0,16,0,0,0,0,0,0,0,5,4,4,0,0,0,0,0,0,0,0,3,0,4,0,0,0,0,0,4,0,7,3,0,2,0,2,0,0,0,0,0,0,0,45,0,0,0,0,0,1,0,0,0,4,0,2,0,0,0,0,0,0,0,0,2,2,0,0,0,0,0,0,0,0,0,0,0,3,0,0,0,0,0,0,0,0,0,0,0,3,0,0,2,3,2,0,0,0,0,0,0,0,0,9,0,0,0,0,0,0,0,0,0,0,0,0,0,0,0,0,0,0,0,3,0,0,0,0,0,0,6,0,0,0,0,0,0,0,0,0,0,0,0,3,0,0,0,0,0,0,0,0,0,7,0,0,0,0,0,0,0,0,0,0,0,0,0,0,0,0,0,0,0,0,0,0,0,0,0,0,0,0,0,0,0,0,0,0,0,0,0,0,0,0,0,0,0,0,0,0,0,0,0,0,0,0,0,0,0,0,0,0,0,0,0,0,0,0,0,0,0,0,0,0,0,0,0,0,0,0,0,0,0,0,0,0,0,0,0,0,0,0,0,0,0,0,0,0,0,0,0,0,0,0,0,0,0,0,0,0,0,0,0,0,0,0,0,0,0,0,0,0,0,0,0,0,0,0,0,0,0,0,0,0,0,0,0,0,0,0,0,0,0,0,0,0,0,0,0,0,0,0,0,0,0,0,0,0,0,0,0,0,0,0,0,0,0,0,0,0,0,0,0,0,0,0,0,0,0,0,0,0,0,0,0,0,0,0,0,0,0,0,0,0,0,0,0,0,0,0,0,0,0,0,0,0,0,0,0,0,0,0,0,0,0,0,0,0,0,0,0,0,0,0,0,0,0,0,0,0,0,0,0,0,0,0,0,0,0,0,0,0,0,0,0,0,0,0,0,0,0,0,0,0,0,0,0,0,0,0,0,0,0,0,0,0,0,0,0,0,0,0,0,0,0,0,0,0,0,0,0,0,0
Copenhagen,78,1007265_1,20,72,20,2,10,43,10,0,0,26,0,0,168,43,141,0,47,221,2,47,0,4,31,2,26,194,9,0,2,17,27,6,16,0,126,65,39,27,78,5,0,48,49,7,0,37,0,30,27,0,11,0,8,3,18,29,0,293,3,84,15,19,33,0,8,173,7,40,48,16,22,15,32,0,14,0,25,1,92,31,4,12,0,282,0,0,7,5,0,2,53,145,29,0,544,27,5,3,0,3,0,6,0,4,2,9,7,2,11,0,0,0,3,0,0,12,0,0,57,3,4,0,4,0,2,0,3,6,0,0,3,4,4,0,3,1,16,0,0,0,0,0,0,0,0,3,0,0,1,0,13,3,7,0,23,0,0,0,0,0,0,5,0,0,13,0,0,0,0,0,2,0,0,0,0,0,3,0,0,0,0,0,0,0,3,0,0,0,0,0,0,0,0,0,0,0,0,1,1,0,0,0,0,7,0,0,0,0,0,0,1,0,0,0,0,0,0,6,0,0,0,0,0,0,0,0,0,0,0,0,0,0,0,0,0,0,0,0,0,0,0,0,0,0,0,0,0,0,0,0,0,0,0,0,0,0,0,0,0,0,0,1,0,0,0,3,0,0,0,4,0,0,0,0,0,0,0,0,0,0,0,1,0,0,0,0,0,0,0,0,0,3,0,0,0,0,0,0,0,0,0,0,0,0,0,0,0,0,0,0,0,0,0,0,0,0,0,0,0,0,0,0,0,0,0,0,0,0,0,0,0,0,0,0,0,0,0,0,0,0,0,0,0,0,0,0,0,0,0,0,0,0,0,0,0,0,0,0,0,0,0,0,0,0,0,0,0,0,0,0,0,0,0,0,0,0,0,0,0,0,0,0,0,0,0,0,0,0,0,0,0,0,0,0,0,0,0,0,0,0,0,0,0,0,0,0,0,0,0,0,0,0,0,0,0,0,0,0,0,0,0,0,0,0,0,0,0,0,0,0,0,0,0,0,0,0,0,0,0,0,0,0,0,0,0,0,0,0,0,0,0,0,0,0,0,0,0,0,0,0,0,0,0,0,0,0,0,0,0,0,0,0,0,0,0,0,0,0,0,0,0,0,0,0,0,0,0,0,0,0,0,0,0,0,0,0,0,0,0,0,0,0,0,0,0,0,0,0,0,0,0,0,0,0,0,0,0,0,0,0,0,0,0,0,0,0,0,0,0,0,0,0,0,0,0,0,0,0,0,0,0,0,0,0,0,0,0,0,0,0,0,0,0,0
Copenhagen,78,1007266_1,18,142,49,3,0,50,6,4,0,65,12,6,291,99,251,53,19,188,2,32,0,0,25,7,59,215,11,0,29,40,137,5,16,0,159,135,49,31,244,0,12,50,131,11,7,84,73,42,52,0,19,4,5,15,31,57,0,400,3,251,54,12,70,0,11,255,3,66,57,44,40,24,97,0,12,3,8,2,49,27,8,9,0,288,0,0,52,10,0,6,91,173,81,0,860,72,5,0,12,4,0,22,6,2,5,17,14,0,28,0,0,0,5,0,6,11,0,0,7,3,0,0,8,0,0,0,0,17,0,0,3,5,4,0,0,3,17,0,0,0,0,0,0,0,1,3,0,0,0,0,8,6,0,0,35,0,1,0,0,0,0,3,0,0,0,5,7,0,0,0,0,2,0,0,7,0,0,0,0,0,0,0,0,0,6,0,0,0,0,0,0,4,0,0,0,5,0,0,0,0,0,0,0,18,0,0,0,0,0,0,0,0,0,1,0,0,0,0,0,0,0,0,0,0,5,3,0,0,0,0,0,0,0,0,0,0,0,0,4,0,0,0,0,0,0,0,0,0,0,0,0,0,0,0,0,0,0,0,0,0,0,0,0,0,0,0,0,0,0,0,0,0,0,0,0,0,0,0,0,0,0,0,0,0,0,0,0,0,0,0,0,0,0,0,0,0,0,0,0,0,0,0,0,0,0,0,0,0,0,0,0,0,0,0,0,0,0,0,0,0,0,0,0,0,0,0,0,0,0,0,0,0,0,0,0,0,0,0,0,0,0,0,0,0,0,0,0,0,0,0,0,0,0,0,0,0,0,0,0,0,0,0,0,0,0,0,0,0,0,0,0,0,0,0,0,0,0,0,0,0,0,0,0,0,0,0,0,0,0,0,0,0,0,0,0,0,0,0,0,0,0,0,0,0,0,0,0,0,0,0,0,0,0,0,0,0,0,0,0,0,0,0,0,0,0,0,0,0,0,0,0,0,0,0,0,0,0,0,0,0,0,0,0,0,0,0,0,0,0,0,0,0,0,0,0,0,0,0,0,0,0,0,0,0,0,0,0,0,0,0,0,0,0,0,0,0,0,0,0,0,0,0,0,0,0,0,0,0,0,0,0,0,0,0,0,0,0,0,0,0,0,0,0,0,0,0,0,0,0,0,0,0,0,0,0,0,0,0,0,0,0,0,0,0,0,0,0,0,0,0,0,0,0,0,0,0,0,0,0,0,0,0,0,0,0,0,0,0,0,0,0,0,0,0
Copenhagen,78,1007264_1,70,334,73,14,37,308,35,0,0,176,0,30,1493,279,1269,3,150,914,15,117,9,12,166,22,117,1064,30,13,69,118,456,21,95,10,1295,315,306,206,739,5,491,383,304,26,11,298,7,242,296,0,77,28,37,45,227,105,1,2334,0,634,110,56,184,11,17,1026,38,234,258,188,97,59,245,0,36,9,59,5,246,63,22,57,5,1431,0,0,125,54,11,31,321,1047,295,0,4248,175,44,14,0,15,2,147,3,10,19,219,23,27,127,3,7,0,12,0,20,29,0,7,8,11,20,4,33,0,12,0,0,27,0,0,23,16,50,0,0,0,15,0,5,0,2,1,7,13,3,13,0,5,0,5,14,10,12,0,65,5,3,0,1,0,0,2,0,0,14,0,5,0,0,0,3,0,0,0,17,4,0,4,0,0,2,0,0,1,24,5,3,0,1,0,0,9,7,0,8,0,1,1,3,0,0,2,13,18,0,3,6,0,2,0,14,0,7,1,11,0,0,0,0,0,0,11,0,0,36,1,0,0,0,0,4,3,0,0,0,7,0,0,0,0,0,5,0,0,0,0,0,0,0,0,0,0,0,0,0,0,3,0,0,0,0,0,0,0,0,0,0,4,0,0,0,0,2,0,0,0,0,0,0,1,0,3,0,0,0,0,0,0,0,0,0,0,0,0,0,0,0,0,0,0,0,0,1,0,0,0,0,0,0,0,0,0,0,0,0,0,0,0,0,0,0,0,0,0,0,0,0,0,0,0,0,0,1,0,0,0,0,0,0,0,0,0,0,0,0,0,0,0,0,0,0,0,0,0,0,0,0,0,0,0,0,0,0,0,0,0,0,0,3,2,0,0,0,0,0,0,0,0,0,0,0,0,0,0,0,0,0,0,0,0,0,0,0,0,0,0,0,0,0,0,0,0,0,0,0,0,0,0,0,0,0,0,0,0,0,0,0,0,0,0,0,0,0,0,0,0,0,0,0,0,0,0,0,0,0,0,0,0,0,0,0,0,0,0,0,0,0,0,0,0,0,0,0,0,0,0,0,0,0,0,0,0,0,0,0,0,0,0,0,0,0,0,0,0,0,0,0,0,0,0,0,0,0,0,0,0,0,0,0,0,0,0,0,0,0,0,0,0,0,0,0,0,0,0,0,0,0,0,0,0,0,0,0,0,0,0,0,0,0,0,0,0,0,0,0,0,0,0,0,0,0,0,0,0,0,0,0,0,0,0,0,0,0,0,0,0,0,0,0,0,0,0,0,0
Copenhagen,80,1007268_1,9,295,34,11,16,174,23,4,0,81,0,16,533,132,818,5,65,785,6,72,3,10,83,4,100,631,8,6,12,87,139,6,73,17,217,335,193,50,282,9,92,183,168,18,4,84,9,124,153,0,42,7,17,25,87,26,1,920,0,273,63,23,58,7,5,685,37,104,133,71,61,41,127,0,22,4,90,0,158,56,0,29,0,888,0,0,80,22,0,21,168,225,89,1,1549,91,16,17,0,5,0,75,0,5,0,50,12,13,64,3,6,0,8,5,8,20,0,0,3,9,10,0,11,0,0,0,0,15,0,0,5,4,4,0,0,0,8,0,0,0,3,0,3,7,1,7,0,2,1,0,10,9,4,0,15,4,5,0,3,0,0,9,0,3,23,0,4,0,0,0,3,0,0,0,10,0,2,0,0,0,6,0,0,5,8,1,0,0,0,0,0,0,5,0,0,0,1,0,0,0,0,3,4,0,0,0,0,0,0,0,4,0,0,0,0,0,0,0,0,0,0,5,1,0,8,4,0,0,0,0,6,2,6,0,0,0,0,0,0,0,0,2,0,0,0,0,0,0,0,0,0,0,0,0,0,0,0,0,0,0,0,0,0,0,0,0,0,0,0,0,0,0,0,0,0,0,0,0,0,0,0,0,0,0,0,0,0,0,0,0,0,0,0,0,0,0,0,0,0,0,0,0,0,0,0,0,0,0,0,0,0,0,0,0,0,0,0,0,0,0,0,0,0,0,1,0,0,0,0,0,0,0,0,0,0,0,0,0,0,0,0,0,0,0,0,0,0,0,0,0,0,0,0,0,0,0,0,0,0,0,0,0,0,0,0,0,0,0,0,0,0,0,0,0,0,0,0,0,0,0,0,0,0,0,0,0,0,0,0,0,0,0,0,0,0,0,0,0,0,0,0,0,0,0,0,0,0,0,0,0,0,0,0,0,0,0,0,0,0,0,0,0,0,0,0,0,0,0,0,0,0,0,0,0,0,0,0,0,0,0,0,0,0,0,0,0,0,0,0,0,0,0,0,0,0,0,0,0,0,0,0,0,0,0,0,0,0,0,0,0,0,0,0,0,0,0,0,0,0,0,0,0,0,0,0,0,0,0,0,0,0,0,0,0,0,0,0,0,0,0,0,0,0,0,0,0,0,0,0,0,0,0,0,0,0,0,0,0,0,0,0,0,0,0,0,0,0,0,0,0,0,0,0,0,0,0,0,0,0,0,0,0,0,0,0,0,0,0,0,0,0,0,0,0
Copenhagen,80,1007269_1,11,31,18,3,1,20,6,1,0,22,0,0,133,34,105,0,18,105,1,23,1,1,19,2,13,113,5,0,3,5,45,4,8,0,142,37,33,21,107,0,0,31,53,6,4,33,0,27,25,0,5,4,3,3,15,16,0,287,2,91,11,9,34,0,3,72,4,18,35,11,12,10,29,0,7,0,6,0,42,26,2,9,0,177,0,0,7,5,0,2,34,161,21,0,500,22,3,3,0,0,0,6,0,0,0,14,10,0,4,0,1,0,3,0,0,11,0,3,8,2,4,0,5,0,0,0,0,5,0,0,0,2,4,0,0,0,3,0,0,0,0,0,0,2,2,2,0,0,1,3,8,4,3,0,9,0,3,0,0,0,0,2,0,0,4,0,0,0,0,0,1,0,0,0,4,0,2,0,0,0,0,0,1,0,0,2,0,0,0,0,3,0,0,0,0,0,2,0,3,0,0,0,0,10,0,0,2,0,0,0,4,0,2,0,0,0,0,3,0,1,0,0,0,0,2,0,0,0,0,0,0,0,0,0,0,2,0,0,0,0,0,0,0,1,0,0,1,0,0,0,0,0,0,1,1,1,0,0,0,0,0,0,0,0,0,0,0,1,0,0,0,0,0,0,0,0,1,0,0,1,0,0,0,0,0,0,0,0,0,0,0,0,0,0,0,0,0,0,0,0,0,0,0,0,0,0,0,0,0,0,0,0,0,0,0,0,0,0,0,0,0,0,0,0,0,0,0,0,0,0,0,0,0,0,0,0,0,0,0,0,0,0,0,0,0,0,0,0,0,0,0,0,0,0,0,0,0,0,0,0,0,0,0,0,0,0,0,0,0,0,0,0,0,0,0,0,0,0,0,0,0,0,0,0,0,0,0,0,0,0,0,0,0,0,0,0,0,0,0,0,0,0,0,0,0,0,0,0,0,0,0,0,0,0,0,0,0,0,0,0,0,0,0,0,0,0,0,0,0,0,0,0,0,0,0,0,0,0,0,0,0,0,0,0,0,0,0,0,0,0,0,0,0,0,0,0,0,0,0,0,0,0,0,0,0,0,0,0,0,0,0,0,0,0,0,0,0,0,0,0,0,0,0,0,0,0,0,0,0,0,0,0,0,0,0,0,0,0,0,0,0,0,0,0,0,0,0,0,0,0,0,0,0,0,0,0,0,0,0,0,0,0,0,0,0,0,0,0,0,0,0,0,0,0,0,0,0,0,0,0,0,0,0,0,0,0,0,0,0,0,0,0,0,0
Copenhagen,80,1007267_2,39,138,48,8,41,59,5,0,0,57,31,0,162,115,520,76,51,357,0,70,0,6,57,15,11,401,13,0,24,54,145,0,29,7,278,135,126,29,243,0,19,95,84,11,12,77,73,24,64,11,23,14,9,15,41,66,0,602,0,156,50,27,57,0,15,252,0,53,70,38,29,15,32,0,4,0,30,0,100,10,8,18,0,483,16,0,20,13,0,13,171,248,60,0,1186,9,19,14,44,0,0,19,0,0,7,21,0,5,27,0,0,0,2,0,6,0,0,0,0,0,10,4,9,0,0,0,0,10,0,0,0,8,3,0,0,0,3,0,0,0,0,2,0,6,0,0,0,0,0,0,0,4,0,0,6,0,1,0,0,0,0,0,0,0,0,0,0,0,0,0,0,0,0,0,4,0,0,0,0,0,0,0,0,0,0,0,0,0,0,0,0,0,0,0,0,0,1,0,0,0,0,0,0,0,0,0,0,0,0,0,8,0,0,6,0,0,0,0,0,0,0,0,2,0,19,0,0,0,0,0,0,0,0,0,0,0,0,0,0,0,0,0,0,0,0,0,0,0,0,0,0,0,0,0,0,0,0,0,0,0,0,0,0,0,0,0,0,0,0,0,0,0,0,0,0,0,0,0,0,0,0,0,0,0,0,0,0,0,0,0,0,0,0,0,0,0,0,0,0,0,0,0,0,0,0,0,0,0,0,0,0,0,0,0,0,0,0,0,0,0,0,0,0,0,0,0,0,0,0,0,0,0,0,0,0,0,2,0,0,0,0,0,0,0,0,0,0,0,0,0,0,0,0,0,0,0,0,0,0,0,0,0,0,0,0,0,0,0,0,0,0,0,0,0,0,0,0,0,0,0,0,0,0,0,0,0,0,0,0,0,0,0,0,0,0,0,0,0,0,0,0,0,0,0,0,0,0,0,0,0,0,0,0,0,0,0,0,0,0,0,0,0,0,0,0,0,0,0,0,0,0,0,0,0,0,0,0,0,0,0,0,0,0,0,0,0,0,0,0,0,0,0,0,0,0,0,0,0,0,0,0,0,0,0,0,0,0,0,0,0,0,0,0,0,0,0,0,0,0,0,0,0,0,0,0,0,0,0,0,0,0,0,0,0,0,0,0,0,0,0,0,0,0,0,0,0,0,0,0,0,0,0,0,0,0,0,0,0,0,0,0,0,0,0,0,0,0,0,0,0,0,0,0,0,0,0,0,0,0,0,0,0,0,0,0,0,0,0,0,0,0,0,0,0
Copenhagen,81,1007271_2,33,260,79,0,25,132,23,0,0,111,0,12,539,145,981,6,119,478,6,113,4,14,132,19,41,490,51,13,43,78,116,3,96,11,380,281,222,64,283,17,0,93,216,21,6,227,4,127,141,0,57,15,29,38,73,195,2,869,2,450,55,43,159,0,20,1064,14,124,84,95,92,107,101,1,3,0,112,3,194,115,13,23,0,700,0,0,99,19,3,46,467,297,121,3,1467,37,32,35,0,12,3,37,0,5,17,28,7,25,69,0,0,0,19,0,16,47,0,0,0,23,21,2,12,0,0,0,8,23,0,0,0,9,8,0,0,2,9,0,0,0,2,3,0,10,0,0,0,3,0,3,3,11,10,0,22,0,3,0,0,0,0,7,0,0,45,3,0,0,0,0,5,0,0,0,6,0,10,0,0,0,0,0,0,0,0,1,0,0,2,0,0,0,0,0,0,0,2,0,0,0,0,3,1,6,3,0,0,0,2,0,6,0,0,5,0,2,0,8,0,0,0,6,0,0,8,1,0,0,0,0,0,0,0,4,0,0,0,0,0,0,0,0,1,0,0,0,0,0,0,0,3,0,0,0,0,0,0,0,0,0,0,0,0,0,0,0,0,0,4,0,0,0,0,0,0,0,2,0,0,0,0,0,0,0,0,0,0,0,0,0,0,0,0,0,0,0,0,0,0,0,0,0,0,0,0,0,0,0,0,0,0,0,0,0,0,0,0,0,0,3,0,0,0,0,0,0,0,0,0,0,0,0,0,0,0,0,0,0,0,0,0,0,0,0,0,0,0,0,0,0,0,0,0,0,0,0,0,0,0,0,0,0,0,0,0,0,0,0,0,0,0,0,0,0,0,0,0,0,0,0,0,0,0,0,0,0,0,0,0,0,0,0,0,0,0,0,0,0,0,0,0,0,0,0,0,0,0,0,0,0,0,0,0,0,0,0,0,0,0,0,0,0,0,0,0,0,0,0,0,0,0,0,0,0,0,0,0,0,0,0,0,0,0,0,0,0,0,0,0,0,0,0,0,0,0,0,0,0,0,0,0,0,0,0,0,0,0,0,0,0,0,0,0,0,0,0,0,0,0,0,0,0,0,0,0,0,0,0,0,0,0,0,0,0,0,0,0,0,0,0,0,0,0,0,0,0,0,0,0,0,0,0,0,0,0,0,0,0,0,0,0,0,0,0,0,0,0,0,0,0,0,0,0,0,0,0,0,0,0,0,0,0,0,0,0,0,0,0,0,0,0,0,0,0
Copenhagen,81,1007270_2,21,120,34,0,7,89,9,2,0,62,0,11,631,68,678,0,50,156,0,41,5,10,91,27,10,261,22,8,13,45,82,1,39,3,837,136,174,72,162,0,71,65,89,25,0,108,0,91,117,0,29,5,9,28,55,33,0,859,0,174,19,15,68,0,0,375,4,89,25,59,29,19,28,0,0,5,24,0,58,19,7,19,0,250,0,0,32,7,8,22,204,453,101,0,1692,6,29,6,0,12,0,36,0,1,0,42,0,0,27,0,0,0,0,0,11,9,0,4,0,5,4,0,11,0,10,0,0,0,0,0,4,13,16,0,0,0,0,0,0,0,0,2,0,0,0,0,4,0,0,3,0,4,0,0,15,0,1,0,0,0,0,0,0,0,157,0,0,2,0,0,0,0,0,0,3,0,0,0,0,0,7,0,0,0,0,0,1,0,2,0,0,0,0,0,0,0,0,0,0,0,0,0,0,0,0,0,0,0,0,0,9,0,0,0,2,0,0,0,0,0,0,0,0,0,0,1,0,0,0,0,0,0,0,0,0,0,0,0,0,0,0,0,0,0,0,0,0,0,2,0,0,0,0,0,0,0,0,0,0,0,0,0,0,0,0,0,0,0,0,0,0,0,0,0,0,0,0,0,0,0,0,0,0,0,0,0,0,0,0,0,0,0,0,0,1,0,0,0,0,4,0,0,0,0,0,0,0,0,0,0,0,0,0,0,0,0,0,0,0,0,0,0,0,0,0,0,0,0,0,0,0,0,0,0,0,0,0,0,0,0,0,0,0,0,0,0,0,0,0,0,0,0,0,0,0,0,0,0,0,0,0,0,0,0,0,0,0,0,0,0,0,0,0,0,0,0,0,0,0,0,0,0,0,0,0,0,0,0,0,0,0,0,0,0,0,0,0,0,0,0,0,0,0,0,0,0,0,0,0,0,0,0,0,0,0,0,0,0,0,0,0,0,0,0,0,0,0,0,0,0,0,0,0,0,0,0,0,0,0,0,0,0,0,0,0,0,0,0,0,0,0,0,0,0,0,0,0,0,0,0,0,0,0,0,0,0,0,0,0,0,0,0,0,0,0,0,0,0,0,0,0,0,0,0,0,0,0,0,0,0,0,0,0,0,0,0,0,0,0,0,0,0,0,0,0,0,0,0,0,0,0,0,0,0,0,0,0,0,0,0,0,0,0,0,0,0,0,0,0,0,0,0,0,0,0,0,0,0,0,0,0,0,0,0,0,0,0,0,0,0,0,0,0,0
Copenhagen,82,1007273_2,94,410,96,6,37,251,26,0,0,166,83,0,650,243,1888,228,137,1711,8,171,4,19,155,21,43,1046,44,11,79,191,589,2,120,17,648,415,296,76,954,15,57,345,281,41,31,376,295,148,224,0,90,26,38,63,159,117,0,1887,14,514,50,66,210,8,27,1079,16,182,253,108,117,47,85,9,20,4,69,3,377,94,22,41,4,1597,0,0,115,61,9,63,438,650,151,1,3314,66,52,31,92,24,3,102,6,5,7,66,21,10,156,0,3,5,4,0,18,18,1,0,16,23,12,2,15,0,5,0,0,30,0,0,24,25,11,0,0,24,35,0,2,0,3,4,12,7,4,4,0,3,1,5,0,19,1,0,41,0,4,0,3,0,0,4,0,0,4,11,7,0,0,0,2,0,0,1,40,134,2,4,0,0,3,0,0,6,12,4,1,0,2,0,4,6,12,0,0,16,3,0,0,0,12,3,0,6,0,6,4,0,3,0,7,0,0,7,2,5,0,6,4,0,0,0,0,0,18,0,0,0,0,0,2,0,0,0,0,2,0,0,0,3,0,0,0,0,0,0,0,0,0,0,0,0,0,1,0,0,0,3,0,1,0,0,0,0,0,3,0,0,0,0,0,0,0,0,0,0,1,0,0,0,0,0,5,0,0,0,0,0,0,0,0,0,0,0,0,0,0,0,0,0,0,0,2,0,0,0,5,0,0,0,0,0,0,0,0,0,0,0,0,0,0,0,0,0,0,0,0,0,0,0,0,0,0,0,0,1,0,0,0,0,0,0,0,0,0,1,0,0,0,0,0,0,0,0,0,0,1,0,0,0,5,3,0,0,0,1,0,0,0,0,0,0,0,0,0,0,0,0,0,0,0,0,0,0,0,0,0,0,0,0,0,0,0,0,0,0,0,0,0,0,0,0,0,0,0,0,0,0,0,0,0,0,0,0,0,0,0,0,0,0,0,0,0,0,0,0,0,0,0,0,0,0,0,0,0,0,0,0,0,0,0,0,0,0,0,0,0,0,0,0,0,0,0,0,0,0,0,0,0,0,0,0,0,0,0,0,0,0,0,0,0,0,0,0,0,0,0,0,0,0,0,0,0,0,0,0,0,0,0,0,0,0,0,0,0,0,0,0,0,0,0,0,0,0,0,0,0,0,0,0,0,0,0,0,0,0,0,0,0,0,0,0,0,0,0,0,0,0,0,0,0,0,0,0,0,0,0,0,0,0,0,0,0,0,0,0,0,0,0,0,0,0,0,0
Copenhagen,82,1007274_1,0,8,1,0,0,4,0,0,0,1,0,2,48,1,19,0,4,18,0,3,0,0,6,0,0,12,1,1,0,0,2,0,2,1,21,2,4,5,2,0,3,5,2,0,0,3,0,5,4,0,4,1,0,3,4,0,0,50,0,3,1,0,3,0,1,18,3,1,2,0,1,0,1,0,1,0,2,0,1,1,0,0,0,24,0,0,4,1,0,0,6,20,2,0,90,2,1,1,0,0,0,2,0,0,0,0,0,0,1,1,0,0,0,0,0,0,0,0,0,0,0,0,0,0,1,0,0,0,0,0,0,0,0,0,0,0,0,0,3,0,0,0,0,0,1,0,0,0,0,0,1,0,0,0,1,0,0,0,0,0,0,0,0,0,0,0,0,0,0,0,0,0,0,0,0,0,0,0,0,0,0,0,0,0,0,0,0,0,0,0,0,0,0,0,0,0,0,0,0,0,0,0,0,1,0,0,0,0,0,0,0,0,0,0,0,0,0,0,0,0,0,0,0,0,0,0,0,0,0,0,0,0,0,0,0,0,0,0,0,0,0,0,0,0,0,0,0,0,0,0,0,0,0,0,0,0,0,0,0,0,0,0,0,0,0,0,0,0,0,0,0,0,0,0,0,0,0,0,0,0,0,0,0,0,0,0,0,0,0,0,0,0,0,0,0,0,0,0,0,0,0,0,0,0,0,0,0,0,0,0,0,0,0,0,0,0,0,0,0,0,0,0,0,0,0,0,0,0,0,0,0,0,0,0,0,0,0,0,0,0,0,0,0,0,0,0,0,0,0,0,0,0,0,0,0,0,0,0,0,0,0,0,0,0,0,0,0,0,0,0,0,0,0,0,0,0,0,0,0,0,0,0,0,0,0,0,0,0,0,0,0,0,0,0,0,0,0,0,0,0,0,0,0,0,0,0,0,0,0,0,0,0,0,0,0,0,0,0,0,0,0,0,0,0,0,0,0,0,0,0,0,0,0,0,0,0,0,0,0,0,0,0,0,0,0,0,0,0,0,0,0,0,0,0,0,0,0,0,0,0,0,0,0,0,0,0,0,0,0,0,0,0,0,0,0,0,0,0,0,0,0,0,0,0,0,0,0,0,0,0,0,0,0,0,0,0,0,0,0,0,0,0,0,0,0,0,0,0,0,0,0,0,0,0,0,0,0,0,0,0,0,0,0,0,0,0,0,0,0,0,0,0,0,0,0,0,0,0,0,0,0,0,0,0,0,0,0,0,0,0,0,0,0,0
Copenhagen,82,1007272_2,34,833,38,396,17,246,26,0,76,98,123,0,306,100,960,943,71,1396,2,172,0,30,69,9,23,1074,16,11,49,144,130,0,87,31,314,964,166,53,319,17,37,268,133,14,20,110,1053,60,89,11,52,50,68,45,113,40,0,951,3,223,24,27,83,11,59,912,4,198,228,64,58,40,58,0,4,9,105,0,301,74,9,41,0,1328,14,0,35,17,4,29,201,246,83,2,1694,27,40,69,202,3,2,75,5,0,7,28,4,13,51,0,0,0,13,0,18,17,0,0,6,2,18,0,5,0,0,0,0,13,0,0,14,11,6,0,0,5,10,0,0,0,0,0,7,10,3,0,4,2,0,0,4,2,0,0,8,0,1,0,0,0,0,3,0,0,0,6,0,2,0,0,0,0,0,0,2,72,8,2,0,0,0,0,0,0,0,0,0,0,0,0,0,0,0,0,0,0,1,1,0,0,0,0,0,0,0,7,0,0,0,0,4,0,0,9,0,5,0,0,0,0,0,0,0,0,14,0,0,0,0,0,2,0,0,0,0,0,0,0,0,0,0,0,0,0,0,0,0,0,0,0,0,0,0,0,0,0,0,0,0,0,0,0,0,0,0,0,0,0,0,0,0,0,0,0,0,4,0,0,0,0,0,0,0,0,0,0,0,2,3,0,0,0,0,0,0,0,0,0,0,0,0,0,1,0,0,0,0,0,0,0,0,0,0,0,0,0,0,0,0,0,0,0,0,0,0,0,0,0,0,0,0,0,0,0,0,0,0,0,0,0,0,0,0,0,0,0,0,0,0,0,0,0,0,0,0,0,0,0,0,0,0,0,0,0,0,0,0,0,0,0,0,0,0,0,0,0,0,0,0,0,0,0,0,0,0,0,0,0,0,0,0,0,0,0,0,0,0,0,0,0,0,0,0,0,0,0,0,0,0,0,0,0,0,0,0,0,0,0,0,0,0,0,0,0,0,0,0,0,0,0,0,0,0,0,0,0,0,0,0,0,0,0,0,0,0,0,0,0,0,0,0,0,0,0,0,0,0,0,0,0,0,0,0,0,0,0,0,0,0,0,0,0,0,0,0,0,0,0,0,0,0,0,0,0,0,0,0,0,0,0,0,0,0,0,0,0,0,0,0,0,0,0,0,0,0,0,0,0,0,0,0,0,0,0,0,0,0,0,0,0,0,0,0,0,0,0,0,0,0,0,0,0,0,0,0,0,0,0,0,0,0,0,0,0,0,0,0,0,0,0,0,0,0,0
Copenhagen,86,1007278_1,50,240,70,4,26,244,22,0,0,133,0,0,1173,220,789,0,75,962,16,106,13,15,151,12,110,847,19,8,26,69,208,15,68,13,799,220,312,168,400,7,143,275,240,23,16,133,4,223,315,0,60,19,32,37,190,63,2,1740,5,418,78,41,91,5,12,768,54,168,204,145,74,39,154,0,44,9,48,0,198,46,16,59,0,1163,0,0,96,50,0,20,172,798,292,0,2989,161,16,13,0,4,6,186,0,9,20,86,26,15,99,2,8,0,3,0,9,13,0,7,4,2,14,0,35,0,5,0,0,30,0,0,13,18,13,0,0,1,12,0,5,0,3,3,9,24,0,7,4,0,2,2,14,11,0,0,54,0,6,0,4,0,0,0,0,0,18,0,0,0,0,0,6,0,0,0,27,0,4,3,0,0,2,0,0,1,25,0,0,0,1,0,0,0,0,3,0,0,1,0,5,0,0,4,0,24,0,0,0,0,5,0,10,0,0,0,3,0,0,0,0,0,0,0,0,0,41,6,0,0,0,0,4,2,5,0,0,0,0,0,0,0,0,0,0,0,0,0,0,0,0,0,0,0,0,0,0,0,0,0,0,0,0,0,0,0,0,0,0,0,0,4,0,0,0,0,0,0,0,0,0,0,0,3,0,0,0,0,0,0,0,0,0,0,0,0,0,0,0,0,0,0,0,0,0,0,0,0,0,0,0,0,0,0,0,0,0,0,0,0,0,0,0,0,0,0,0,0,0,0,0,0,0,0,0,1,0,0,0,0,0,0,0,0,0,0,0,0,0,0,0,0,0,0,0,1,0,0,0,0,0,0,0,0,0,0,0,0,0,0,0,0,0,0,0,0,0,0,0,0,0,0,0,0,0,0,0,0,0,0,0,0,0,0,0,0,0,0,0,0,0,0,0,0,0,0,0,0,0,0,0,0,0,0,0,0,0,0,0,0,0,0,0,0,0,0,0,0,0,0,0,0,0,0,0,0,0,0,0,0,0,0,0,0,0,0,0,0,0,0,0,0,0,0,0,0,0,0,0,0,0,0,0,0,0,0,0,0,0,0,0,0,0,0,0,0,0,0,0,0,0,0,0,0,0,0,0,0,0,0,0,0,0,0,0,0,0,0,0,0,0,0,0,0,0,0,0,0,0,0,0,0,0,0,0,0,0,0,0,0,0,0,0,0,0,0,0,0,0,0,0,0,0,0,0,0,0,0,0,0,0,0,0,0,0,0,0,0,0,0,0,0,0,0,0,0
Copenhagen,86,1007280_2,89,246,75,4,33,251,19,4,0,127,0,0,180,138,1046,0,123,939,7,284,2,20,49,29,23,939,64,42,49,127,298,0,84,14,416,231,137,19,470,16,0,259,204,24,13,215,0,37,118,0,80,34,26,39,145,170,7,1249,29,381,74,60,152,8,20,880,19,177,185,36,73,206,107,5,8,0,61,3,384,245,11,30,8,1263,2,0,107,36,0,29,186,506,55,1,2217,35,33,26,0,17,27,126,2,7,9,71,28,18,125,0,9,0,47,0,17,90,0,0,52,21,14,0,11,0,5,0,0,17,0,0,3,8,7,3,19,0,42,0,0,0,0,6,0,21,1,6,0,3,0,0,0,13,4,0,23,0,10,0,0,0,0,15,0,0,6,8,3,2,0,0,10,0,0,1,11,0,4,3,0,0,2,0,0,3,4,0,0,0,0,0,0,7,0,0,0,0,0,2,0,2,0,0,10,18,0,7,4,0,2,0,6,0,0,0,0,0,5,15,0,0,0,0,0,0,7,4,0,0,0,0,10,0,0,0,0,8,0,0,0,0,0,0,0,0,0,3,2,0,0,0,0,0,0,0,0,0,0,0,0,0,0,0,0,0,0,3,0,0,0,0,0,0,0,0,0,0,0,0,0,0,0,0,4,0,0,0,0,0,0,0,0,4,10,0,0,0,0,0,0,0,0,0,0,0,0,0,0,0,0,0,0,0,0,0,7,2,1,5,0,0,0,0,0,0,0,0,0,0,0,0,0,0,0,0,0,0,0,0,0,0,0,0,0,0,0,0,0,0,0,0,0,0,0,0,0,0,0,0,0,0,0,0,0,0,0,0,0,0,0,0,0,0,0,0,0,0,0,0,0,0,0,0,0,0,0,0,0,0,0,0,0,0,0,0,0,0,0,0,0,0,0,0,0,0,0,0,0,0,0,0,0,0,0,0,0,0,0,0,0,0,0,0,0,0,0,0,0,0,0,0,0,0,0,0,0,0,0,0,0,0,0,0,0,0,0,0,0,0,0,0,0,0,0,0,0,0,0,0,0,0,0,0,0,0,0,0,0,0,0,0,0,0,0,0,0,0,0,0,0,0,0,0,0,0,0,0,0,0,0,0,0,0,0,0,0,0,0,0,0,0,0,0,0,0,0,0,0,0,0,0,0,0,0,0,0,0,0,0,0,0,0,0,0,0,0,0,0,0,0,0,0,0,0,0,0,0,0,0,0,0,0,0,0,0,0,0,0,0,0,0,0,0,0,0
Copenhagen,86,1007276_1,59,236,52,13,19,142,18,0,0,76,2,8,563,232,556,0,134,656,4,155,0,22,62,4,100,682,51,0,20,60,121,53,67,16,413,254,141,89,320,15,0,141,192,9,4,129,0,81,89,0,54,12,17,9,69,125,5,976,14,438,63,59,113,0,22,519,36,96,162,42,61,86,158,0,20,0,62,2,300,168,15,20,0,896,7,0,79,27,0,29,200,447,142,0,1655,86,16,29,0,5,7,15,0,24,6,40,21,11,61,0,5,0,41,8,7,58,0,16,177,11,12,0,15,0,7,0,7,25,0,0,6,9,10,0,6,4,46,0,0,0,1,3,0,10,2,4,0,0,1,5,25,10,35,0,79,3,4,0,0,0,2,10,0,0,48,0,7,0,0,0,18,0,0,0,14,2,0,0,0,0,3,0,2,0,19,2,0,0,0,0,0,1,0,0,0,6,3,0,3,0,0,9,5,36,0,6,0,0,0,0,4,0,0,5,0,0,0,15,0,0,0,0,0,0,15,6,3,0,0,0,7,5,0,6,0,0,0,0,0,0,0,0,0,0,0,0,0,0,0,0,0,0,0,0,0,0,0,0,0,0,0,0,0,0,0,0,0,4,0,0,0,0,0,0,0,0,0,0,0,0,0,4,0,0,0,0,0,0,0,0,0,0,0,0,0,0,0,0,0,0,0,0,0,0,0,0,0,3,0,0,0,0,0,0,0,0,0,0,0,0,0,0,0,0,0,0,0,0,0,0,0,0,0,0,0,0,0,0,0,0,0,0,0,0,0,0,0,0,0,0,0,0,0,0,0,0,0,0,0,0,0,0,0,0,0,0,0,0,0,0,0,0,0,0,0,0,0,0,0,0,0,0,0,0,0,0,0,0,0,0,0,0,0,0,0,0,0,0,0,0,0,0,0,0,0,0,0,0,0,0,0,0,0,0,0,0,0,0,0,0,0,0,0,0,0,0,0,0,0,0,0,0,0,0,0,0,0,0,0,0,0,0,0,0,0,0,0,0,0,0,0,0,0,0,0,0,0,0,0,0,0,0,0,0,0,0,0,0,0,0,0,0,0,0,0,0,0,0,0,0,0,0,0,0,0,0,0,0,0,0,0,0,0,0,0,0,0,0,0,0,0,0,0,0,0,0,0,0,0,0,0,0,0,0,0,0,0,0,0,0,0,0,0,0,0,0,0,0,0,0,0,0,0,0,0,0,0,0,0,0,0,0,0,0,0,0,0,0,0,0,0,0,0,0
Rome,58,1015073_1,38,192,9,10,10,11,1,0,1,110,2,0,90,67,402,0,18,22,2,9,3,2,180,5,2,35,65,1,7,24,36,2,7,0,288,225,279,12,92,1,0,4,184,10,2,109,0,6,24,0,11,1,9,20,6,26,0,701,0,269,17,34,38,0,0,113,7,81,8,72,95,1,33,1,8,0,1,45,18,4,2,4,0,26,3,0,0,1,2,2,64,245,79,0,1396,6,5,1,0,0,0,2,0,0,34,0,7,10,8,0,1,0,1,12,24,1,0,0,0,0,16,1,13,0,2,0,0,3,3,0,8,57,13,0,0,0,1,1,75,0,1,4,0,0,0,6,0,8,7,0,3,24,2,0,3,0,0,0,0,0,0,0,0,0,86,0,0,0,0,0,0,4,0,0,0,0,1,0,0,0,3,5,0,0,0,0,0,0,0,0,2,1,5,0,2,0,0,0,0,0,0,0,0,3,1,0,1,0,0,0,0,0,0,0,0,0,0,2,0,0,4,2,3,0,5,2,0,0,0,3,0,0,4,0,0,1,0,0,1,0,1,0,0,0,0,1,0,0,0,0,0,0,1,0,0,0,0,0,0,0,0,0,0,0,3,0,0,0,4,1,0,0,0,0,0,0,0,0,0,0,0,0,0,0,0,1,1,0,1,0,0,0,0,0,0,0,0,0,0,0,0,2,0,0,0,0,1,0,0,0,0,0,0,0,0,0,0,0,0,0,0,0,0,1,1,0,1,0,0,0,0,0,0,0,0,0,0,0,0,5,0,0,0,0,0,0,0,0,0,0,1,0,0,0,0,0,0,0,0,0,0,0,0,0,0,0,0,0,0,0,0,0,0,0,1,0,0,0,0,0,0,0,0,0,0,0,0,0,3,0,0,0,0,0,0,0,0,0,0,0,0,0,0,0,1,0,0,0,0,0,1,0,0,0,0,0,0,0,0,0,0,0,1,0,0,0,0,0,0,0,0,0,0,0,0,0,0,0,0,0,1,0,0,0,0,0,0,0,0,0,0,0,0,0,0,0,0,0,0,0,0,0,0,0,0,0,0,1,1,0,0,0,0,0,0,0,0,0,0,0,0,0,0,0,0,0,0,0,0,0,0,0,0,0,0,0,0,0,0,0,0,0,0,0,0,0,0,0,0,0,0,0,0,0,0,0,0,0,0,0,0,0,0,0,0,0,0,0,0,0,0,0,0,0,0,0,0,0,0,0,0,0,0,0,0,0,0,0,0,0,0,0,0,0
Rome,60,1015075_1,159,870,12,30,8,57,8,0,16,219,4,0,214,130,674,0,27,138,5,33,60,1,281,4,62,128,148,0,88,101,60,32,29,0,1398,838,376,35,304,2,1,18,389,41,4,192,0,16,44,0,23,2,21,41,44,49,0,3635,0,723,16,50,86,0,0,301,4,190,15,133,175,18,114,3,5,0,7,136,65,14,32,12,0,136,2,0,14,9,1,8,146,998,82,0,7202,59,26,5,1,3,0,20,0,5,44,36,15,28,30,0,4,0,3,18,95,4,0,0,2,0,7,3,18,0,0,0,0,7,0,0,28,2,87,0,1,1,3,10,560,0,2,6,0,2,1,13,7,11,72,5,9,29,12,0,22,0,0,0,0,0,0,2,0,1,53,0,0,1,0,0,0,23,0,1,0,74,0,2,0,0,3,1,1,0,0,2,3,0,0,1,0,9,15,0,1,0,0,0,0,0,0,1,0,3,6,0,8,2,0,0,0,0,1,2,2,0,0,0,0,0,7,8,0,0,6,3,0,0,0,0,0,1,2,1,0,3,0,0,2,5,0,3,0,0,2,0,0,0,1,0,2,0,0,0,0,0,0,0,0,0,0,0,5,0,1,0,0,0,4,0,0,0,0,0,0,0,1,0,1,0,0,2,0,1,0,0,2,1,1,0,0,0,0,0,0,0,0,0,0,0,3,2,1,0,0,0,1,0,0,1,0,1,0,0,0,0,0,0,0,0,0,0,0,4,1,0,0,0,0,0,0,0,0,2,0,0,0,0,0,11,0,0,0,0,0,0,0,0,0,0,6,0,0,0,0,0,0,0,0,0,0,0,0,0,0,0,1,0,0,0,0,0,0,0,1,0,0,0,0,0,0,0,2,2,0,0,0,0,17,0,0,0,0,0,0,0,0,0,0,0,0,0,0,0,3,0,0,0,0,0,0,4,0,0,1,0,0,0,0,0,0,0,0,0,0,0,0,0,0,0,0,0,0,0,0,0,0,0,0,0,0,0,0,0,1,0,0,0,0,0,0,0,0,0,0,0,0,0,1,0,0,0,0,0,0,0,0,0,0,1,0,0,0,0,0,0,0,0,0,0,1,0,0,0,0,0,0,2,0,0,0,0,0,0,0,0,0,0,0,0,0,0,0,0,0,0,0,0,0,0,0,0,0,0,0,0,0,0,0,0,0,0,0,0,0,0,0,0,0,0,0,0,0,0,0,0,0,0,0,0,0,0,0,0,0,0,0,0,0,0,0,0,0,0
Rome,62,1015077_1,66,625,18,26,30,14,7,0,3,300,0,0,60,129,1302,0,34,103,8,27,29,7,216,10,19,76,150,14,16,114,78,29,13,0,843,570,307,7,322,0,0,12,493,60,9,171,0,3,31,0,13,1,8,57,24,35,1,1780,1,654,142,44,87,1,1,174,5,125,22,52,207,58,95,2,2,0,10,33,42,60,27,5,0,75,5,0,6,5,4,34,225,346,43,0,3726,32,60,0,0,5,0,5,0,0,45,13,6,15,68,7,13,0,1,57,77,12,0,0,0,6,22,12,2,0,2,0,0,2,0,0,43,10,51,0,1,1,8,5,206,1,3,1,1,0,1,5,1,9,25,7,5,28,3,0,13,0,1,0,1,0,0,5,0,3,21,0,0,0,0,0,0,22,0,0,0,0,6,0,0,0,4,3,1,0,0,2,0,0,0,0,2,3,1,0,7,0,0,0,1,1,0,0,0,5,0,0,6,1,0,0,1,1,9,0,1,0,3,0,0,0,9,0,4,0,1,2,0,0,0,5,1,0,0,0,0,1,0,0,1,8,0,1,0,0,0,0,0,0,0,0,0,0,0,0,0,2,0,8,0,1,0,2,1,0,0,0,0,0,1,0,0,0,0,0,0,1,4,0,0,0,0,0,0,2,0,0,1,1,0,0,0,0,0,0,0,0,0,1,0,0,0,0,6,0,0,0,3,0,0,1,0,0,0,0,1,0,2,0,0,0,0,2,0,5,0,0,3,0,0,0,0,0,0,0,0,1,0,0,0,13,0,0,0,0,0,0,0,0,0,0,5,0,0,0,0,0,0,0,1,0,0,1,0,0,0,0,0,0,0,0,0,0,0,0,3,0,0,0,0,0,0,0,5,2,0,0,0,0,25,0,0,0,0,0,0,0,0,0,0,0,0,0,0,0,0,2,0,0,0,0,0,0,0,0,4,0,0,0,0,0,1,0,0,0,0,0,0,0,0,0,0,0,0,0,0,0,0,1,2,1,0,0,0,0,0,0,0,0,0,0,0,0,0,0,0,0,0,0,0,0,0,0,0,0,0,0,0,0,0,0,0,0,0,0,0,0,0,0,0,0,0,0,0,0,0,0,0,0,0,0,0,0,0,0,0,0,0,0,0,0,0,0,0,0,0,0,0,0,0,0,0,0,0,0,0,0,0,0,0,0,0,0,0,0,0,0,0,0,0,0,0,0,0,0,0,0,0,0,0,0,0,0,0,0,0,0,0,0,0,0,0,0,0,0
Rome,63,1015078_1,103,842,34,17,12,7,14,0,22,396,0,0,81,188,1824,0,53,203,5,52,72,2,227,36,98,92,239,11,56,179,131,35,13,0,1089,743,346,7,439,3,2,13,742,117,9,256,0,8,52,0,18,1,7,67,21,46,0,3093,0,1004,189,87,187,4,1,202,4,259,28,94,301,36,146,0,2,0,2,39,66,25,47,7,3,83,0,0,5,11,2,29,322,558,63,0,5416,44,95,3,0,1,4,8,1,0,79,19,7,23,96,3,15,0,6,15,155,12,0,2,1,10,19,19,8,0,23,0,0,7,0,0,56,12,107,0,1,0,2,6,244,0,2,2,1,3,2,13,3,23,19,18,7,46,0,0,3,0,1,0,1,0,0,4,0,0,68,2,1,0,0,1,0,20,0,0,0,5,7,0,0,0,4,3,2,0,0,8,1,0,0,0,1,6,18,0,6,1,0,0,0,3,0,0,6,0,0,0,5,0,0,0,8,0,6,1,2,0,0,2,0,0,9,10,1,0,9,1,0,0,0,0,3,3,0,0,0,4,0,0,0,13,0,2,0,0,12,0,0,0,0,0,1,0,0,0,0,3,0,2,0,2,0,0,2,0,2,0,0,1,11,2,0,0,0,0,0,0,0,0,0,0,0,0,1,0,0,0,2,2,0,1,0,0,0,0,0,0,0,0,0,0,0,2,2,0,0,0,1,0,0,0,0,0,0,0,0,0,0,0,0,0,0,0,1,1,3,0,0,0,0,0,0,0,0,0,3,0,0,0,0,28,0,0,0,0,0,0,2,0,0,0,4,0,0,0,0,1,0,0,0,0,0,0,0,0,0,0,0,0,1,0,0,0,0,0,1,0,0,0,0,0,0,0,7,1,1,0,0,2,42,0,0,2,0,0,0,0,0,0,0,0,0,0,0,1,0,0,0,0,0,0,0,2,0,0,0,0,1,0,0,0,1,0,0,0,0,0,0,0,0,0,0,0,0,0,0,0,0,0,0,0,0,0,0,0,2,0,0,0,0,0,0,1,0,0,0,0,0,0,0,0,0,0,0,0,0,0,0,0,0,0,0,0,0,0,0,0,0,0,0,0,0,0,0,0,0,0,0,0,0,0,0,0,0,0,0,0,0,0,0,0,0,0,0,0,0,0,0,0,0,0,0,0,0,0,0,0,0,0,0,0,0,0,0,0,0,0,0,0,0,0,0,0,0,0,0,0,0,0,0,0,0,0,0,0,0,0,0,0,0,0,0,0,0,0
Rome,66,1015081_1,59,385,3,14,10,10,1,0,2,93,0,0,44,77,601,0,10,38,2,15,28,2,68,2,44,12,42,1,13,40,20,12,7,1,348,420,112,11,93,0,0,4,228,17,0,50,0,5,25,0,3,0,7,21,7,16,0,1008,0,468,44,21,25,0,0,97,6,184,10,25,67,30,92,0,3,0,1,98,21,20,8,6,0,22,0,1,3,0,0,12,62,422,22,1,2188,20,16,2,0,0,0,2,0,1,15,4,1,12,28,5,3,0,6,9,61,12,0,2,0,1,9,1,2,0,17,0,0,1,0,0,22,10,31,0,1,0,2,0,150,0,3,4,0,1,0,7,0,2,15,2,8,20,4,0,12,2,3,0,0,0,0,7,0,0,236,3,1,0,0,1,1,14,0,0,0,3,2,0,0,0,5,3,0,0,0,6,0,0,0,0,1,2,0,0,0,0,0,0,0,0,0,0,9,6,1,0,0,0,0,0,1,0,2,0,0,0,0,0,0,0,1,1,7,0,2,6,0,0,0,4,3,0,1,0,0,0,0,0,4,10,0,0,0,0,0,0,0,0,0,0,0,0,0,0,2,0,0,2,0,0,0,0,0,0,1,0,0,0,20,0,0,0,0,0,2,2,6,0,0,0,0,0,1,0,0,0,1,0,0,0,0,0,0,0,0,0,0,0,0,0,3,0,0,0,0,0,0,0,0,1,0,0,0,0,2,4,0,0,0,3,0,0,0,1,1,0,0,0,0,0,0,0,0,1,0,0,0,0,0,6,0,0,0,0,0,1,0,0,0,0,3,0,0,0,0,1,0,0,0,0,0,0,0,0,0,0,0,0,0,0,0,0,0,0,1,0,2,0,0,0,0,0,1,1,1,0,0,0,3,0,0,0,0,0,0,0,0,0,0,0,0,0,0,3,0,0,0,0,0,0,0,0,0,0,0,0,0,0,0,0,1,0,0,0,0,0,0,0,0,0,0,0,0,0,0,1,0,1,0,0,0,0,0,0,0,0,0,0,0,0,0,0,0,0,0,0,0,0,0,0,0,0,0,0,0,0,0,0,0,0,0,0,0,0,0,0,0,0,1,0,5,0,0,0,0,0,0,0,0,0,0,0,0,0,0,0,0,0,0,0,0,0,0,0,0,0,0,0,0,0,0,0,0,0,0,0,0,0,0,0,0,0,0,0,0,0,0,0,0,0,0,0,0,0,0,0,0,0,0,0,0,0,0,0,0,0,0,0,0,0,0,0,0,0
Rome,68,1015083_1,102,832,22,18,13,15,3,0,10,312,0,0,8,166,1324,1,66,176,3,30,27,3,208,16,64,77,181,10,33,92,94,18,11,1,791,838,399,6,328,1,2,28,555,73,5,216,1,8,44,0,9,1,5,46,7,35,0,3406,0,650,156,62,151,3,0,143,2,227,12,65,200,26,182,0,1,0,6,26,32,35,23,11,0,100,6,0,5,2,0,32,344,738,25,0,5543,41,45,9,0,0,6,6,1,9,48,12,2,22,83,5,12,0,11,19,85,8,0,0,1,3,25,9,12,1,12,0,0,1,0,1,74,9,77,2,0,1,7,10,234,0,5,4,0,0,10,7,1,11,31,6,4,25,3,0,10,0,4,0,0,0,0,3,0,0,99,2,1,0,0,0,0,6,0,0,0,5,4,0,1,0,0,2,0,0,0,3,2,0,0,0,2,6,8,0,2,1,0,1,1,3,0,0,6,3,5,0,10,1,1,0,4,0,16,0,4,0,0,1,3,0,13,1,0,0,7,8,0,0,0,6,1,1,1,0,0,5,0,0,0,10,1,0,0,0,5,0,0,0,1,0,0,0,0,0,0,1,0,5,0,0,0,0,2,0,0,2,0,0,0,0,0,1,0,0,0,0,0,0,1,0,0,1,2,0,0,0,3,4,1,0,0,2,0,0,0,0,0,0,0,0,3,2,0,0,0,0,4,0,0,0,0,0,0,0,0,0,0,0,0,1,0,0,0,8,0,0,0,0,0,0,0,0,0,0,0,0,0,0,0,18,0,0,0,0,0,1,0,0,0,0,11,0,0,0,0,0,0,0,0,0,0,0,0,0,0,0,0,0,1,0,0,0,0,0,1,0,0,0,0,1,0,0,1,2,2,0,0,1,19,0,0,0,0,0,0,0,0,1,0,0,0,0,0,0,0,0,0,0,0,0,0,1,0,0,0,0,0,0,0,0,0,0,0,0,0,0,0,0,0,0,0,0,0,0,0,0,0,0,0,0,0,0,0,0,0,0,0,0,0,0,0,0,0,0,0,0,0,0,0,0,0,0,0,0,0,0,0,1,0,0,0,0,0,0,0,0,0,0,0,0,2,0,0,0,0,0,0,4,0,0,0,0,0,0,0,0,0,0,0,0,0,0,0,0,0,0,0,1,0,0,0,0,0,0,0,0,0,0,0,3,0,0,0,0,0,0,0,0,0,0,0,0,0,0,0,0,0,0,0,0,0,0,0,0,0,0,0,0,0,0,0,0,0,0
Rome,71,1015085_1,152,980,22,28,16,15,3,0,22,174,0,0,40,126,801,2,31,68,5,13,55,1,247,3,65,28,113,16,124,89,64,24,4,1,1554,1025,343,13,201,0,0,8,330,68,6,175,0,4,50,0,2,0,14,26,13,44,1,3776,0,814,7,46,110,1,4,103,5,232,4,101,137,19,82,0,5,0,4,117,19,29,22,3,0,35,1,0,3,1,2,11,165,1195,18,0,7229,36,27,3,0,0,3,2,1,14,33,9,10,19,67,2,3,0,2,20,148,8,0,1,0,9,7,5,3,0,25,0,1,3,2,0,40,0,90,2,0,1,6,7,592,1,1,3,4,1,2,3,2,18,80,5,7,22,18,0,18,1,1,0,1,0,0,4,0,1,110,0,3,2,0,0,0,27,0,0,1,152,5,0,0,0,1,8,0,0,1,3,0,0,0,0,7,5,1,0,8,0,2,0,0,4,0,0,1,5,1,0,17,0,0,0,3,0,15,1,0,0,0,0,0,0,0,1,0,0,4,21,1,0,1,0,6,0,0,0,0,2,0,0,1,22,1,0,0,0,1,0,0,0,1,0,0,0,0,0,5,1,0,2,0,0,0,0,2,0,1,1,0,0,11,0,0,0,0,2,0,0,0,0,0,0,0,0,2,0,0,0,3,0,0,0,0,1,0,0,0,0,0,0,0,0,0,1,0,0,0,0,0,0,0,0,0,0,0,0,0,1,0,0,0,1,0,0,0,13,0,0,1,0,0,0,1,0,0,0,0,0,0,0,0,14,0,0,0,0,0,0,0,1,0,0,4,0,0,0,0,0,0,0,0,0,0,0,0,0,0,0,0,0,0,0,0,0,0,0,1,0,0,0,0,3,0,0,4,0,0,0,0,0,15,0,0,2,0,0,0,0,0,0,0,0,0,0,0,2,0,0,0,0,0,0,2,0,1,0,1,0,0,0,0,0,0,0,0,0,0,0,0,0,0,0,0,0,0,0,0,0,0,1,0,0,0,0,0,0,0,0,0,0,0,0,0,0,0,0,0,0,0,0,0,0,0,0,0,0,0,0,0,0,0,0,0,0,0,0,0,0,0,0,0,0,0,0,0,0,0,0,0,0,0,0,0,0,0,0,0,0,0,0,0,0,0,0,0,0,0,0,0,0,0,0,0,0,0,0,0,0,0,0,0,0,1,0,0,0,0,0,0,0,0,0,0,0,0,1,0,0,0,0,0,0,0,0,0,0,0,0,0,0,0,0,0,0,0,0
Rome,73,1015087_1,58,802,21,14,15,3,1,0,4,246,0,0,35,85,747,0,24,27,4,10,32,0,402,11,51,16,140,1,78,96,58,24,0,0,891,751,541,8,245,0,0,5,355,54,0,144,0,0,75,0,3,0,3,57,19,48,0,2465,0,498,55,41,88,0,0,53,11,175,2,63,174,5,66,0,7,0,5,101,9,13,22,2,0,18,0,0,2,2,4,8,274,652,46,0,4695,21,14,0,1,0,2,4,0,2,65,4,5,4,39,2,4,0,7,11,63,3,0,1,0,8,3,7,14,0,0,0,0,1,0,0,30,7,54,0,0,4,7,4,351,3,7,0,0,0,0,10,2,8,39,4,4,28,0,0,8,0,2,0,1,0,0,2,0,2,18,0,0,0,0,0,0,11,0,0,0,0,0,0,0,0,0,9,0,0,0,1,0,0,0,0,0,6,0,0,3,0,0,0,0,0,0,0,0,2,2,0,1,0,0,0,4,0,7,0,0,0,0,1,0,0,1,6,0,0,6,0,1,0,0,0,6,0,0,0,0,1,0,0,0,3,0,0,0,0,0,0,0,0,0,0,0,0,0,0,0,2,0,1,0,0,0,0,1,0,1,0,0,0,4,0,0,0,0,0,0,4,0,1,0,0,0,0,0,0,0,0,1,0,0,0,0,0,0,0,0,0,0,0,0,0,0,1,0,0,0,0,1,0,0,2,0,0,0,0,1,0,0,0,0,0,0,0,0,7,0,0,0,0,0,0,0,0,0,1,0,0,1,0,0,5,0,0,0,1,0,1,0,0,0,0,4,0,0,0,0,2,0,0,0,0,0,0,0,0,0,0,0,0,0,0,0,0,0,2,0,0,0,0,0,0,0,0,2,2,0,0,0,0,6,0,0,1,0,0,0,0,0,0,0,0,0,0,0,0,0,0,0,0,0,0,0,0,0,0,0,0,0,0,0,0,1,0,0,0,0,0,0,0,0,0,0,0,0,0,0,0,0,0,0,0,0,1,0,0,0,0,0,0,0,0,0,0,0,0,0,0,0,0,0,0,0,0,0,0,0,0,0,0,0,0,0,0,0,0,1,0,0,0,0,0,0,0,0,0,0,0,0,0,0,0,0,0,0,0,0,0,0,0,0,0,0,0,0,0,0,0,0,0,0,0,0,0,0,0,0,0,0,0,0,0,0,0,0,0,0,0,0,0,0,0,0,0,0,0,0,0,0,0,0,0,0,0,0,0,0,0,0,0,0,0,0,0,0,0
Rome,75,1015089_1,45,480,19,4,4,4,0,0,4,165,0,0,20,76,876,0,13,11,1,13,18,0,158,5,12,12,96,3,24,83,45,12,2,0,609,471,172,2,182,0,0,0,299,35,3,134,0,1,30,0,3,0,0,30,27,28,0,1688,2,362,68,29,101,0,0,33,0,106,7,27,120,14,118,0,0,0,3,16,19,15,11,2,1,17,0,0,1,0,1,13,173,290,29,0,3020,18,42,0,0,1,1,0,0,5,23,9,3,5,43,0,0,0,3,37,59,6,0,1,5,5,6,11,3,0,5,0,0,1,0,0,39,4,35,0,0,1,4,7,102,0,3,10,0,1,1,6,0,9,17,4,2,17,0,0,2,3,0,0,1,0,0,2,0,3,3,3,0,0,0,0,0,9,0,0,1,0,3,0,0,0,0,1,0,1,0,0,1,0,0,0,4,5,0,0,0,0,0,0,0,0,0,0,4,1,0,0,2,0,0,0,3,0,17,0,1,0,0,1,0,0,1,2,1,0,5,9,0,0,0,4,1,0,0,0,0,0,0,0,2,4,1,0,0,0,1,0,0,0,0,0,4,0,0,0,0,2,0,1,0,1,0,0,0,0,0,6,0,0,7,0,0,0,0,0,0,1,1,0,0,0,0,0,0,0,0,0,1,0,0,0,0,0,0,0,0,0,0,0,0,0,0,0,0,0,0,0,0,0,0,0,0,0,0,0,0,0,0,0,0,0,1,0,0,3,0,0,0,0,0,0,0,0,0,0,0,0,0,0,0,15,0,0,0,0,0,0,0,0,0,0,1,0,4,0,0,1,0,0,0,0,0,0,0,0,0,0,0,0,1,0,0,0,0,0,0,0,0,0,0,0,0,0,4,0,0,0,0,0,7,0,0,0,0,0,0,0,0,0,0,0,0,0,0,1,1,1,3,0,0,0,0,0,0,0,0,0,0,0,0,0,0,0,0,0,0,0,0,0,0,0,0,0,0,0,0,0,0,0,0,0,0,0,0,0,0,0,0,0,0,0,0,0,0,0,0,0,0,0,0,0,0,0,0,0,0,0,0,0,0,0,0,0,0,0,0,0,0,0,0,0,0,0,0,0,0,0,0,0,0,0,0,0,0,0,0,0,0,0,0,0,0,0,0,0,0,0,0,0,0,0,0,0,0,0,0,0,0,0,0,0,0,0,0,0,0,0,0,0,0,0,0,0,0,0,0,0,0,0,0,0,0,0,0,0,0,0,0,0,0,0,0,0,0,0
Rome,78,1015091_1,49,463,27,11,4,2,1,0,8,176,0,0,14,96,703,0,11,25,3,9,21,0,97,17,8,15,109,8,5,77,60,17,0,0,454,420,153,4,209,0,0,3,330,37,1,145,0,1,16,0,0,0,0,32,9,32,0,1589,0,340,80,32,54,0,1,21,2,131,2,48,122,26,186,0,2,0,2,22,10,31,23,4,0,16,5,0,1,0,1,16,157,466,17,0,2800,13,58,3,0,0,0,1,0,1,37,3,3,3,51,0,10,0,6,25,49,3,0,2,3,7,7,7,0,0,7,0,0,2,0,4,37,6,23,0,0,0,1,3,82,0,1,1,0,0,2,7,0,10,17,6,2,23,3,0,1,0,3,0,0,0,0,0,0,0,2,0,0,0,0,1,0,2,0,0,0,5,5,0,0,0,0,7,1,0,0,2,0,0,0,0,0,6,2,0,2,1,3,0,0,0,0,0,2,9,0,0,5,0,0,0,3,0,7,1,0,0,0,0,0,0,3,0,0,0,5,16,0,0,0,0,7,0,0,0,0,0,0,0,0,5,0,0,0,0,1,0,0,0,3,0,0,0,0,0,0,0,0,1,0,0,0,0,0,0,0,1,0,0,4,1,0,0,0,0,9,17,0,0,0,0,0,0,0,0,0,0,0,2,0,0,0,0,0,0,1,0,0,0,0,0,0,0,0,0,0,0,0,0,0,1,0,0,1,0,0,0,0,0,0,0,0,0,0,0,0,0,0,0,0,1,0,0,0,0,0,0,0,0,0,5,0,0,0,1,0,2,0,0,0,0,0,0,0,0,0,0,0,0,0,0,0,0,0,0,0,0,1,0,0,0,0,0,0,0,0,0,1,0,0,1,0,0,3,0,1,0,0,0,19,0,0,0,0,0,0,0,0,0,0,0,0,0,0,1,1,1,0,0,0,0,0,0,0,0,0,0,0,0,0,0,0,0,0,0,0,0,0,0,0,0,0,0,0,0,0,0,0,0,0,0,0,0,0,0,0,0,0,0,0,0,0,0,0,0,0,0,0,0,0,0,0,0,0,0,0,0,0,1,0,0,0,0,0,0,0,0,0,0,0,0,0,0,0,0,0,0,0,0,0,0,0,0,0,0,0,0,0,0,0,0,0,0,0,0,0,0,0,0,0,0,0,0,0,0,0,0,0,0,0,0,0,0,0,0,0,0,0,0,0,0,0,0,0,0,0,0,0,0,0,0,0,0,0,0,0,0,0,0,0,0,0,0,0,0
Rome,80,1015093_1,0,43,3,1,3,2,0,0,0,7,0,0,0,38,111,0,0,1,0,3,0,0,8,7,6,0,15,4,0,8,27,3,0,0,3,55,4,4,38,0,0,0,41,2,0,28,0,1,2,0,1,0,0,8,0,0,0,155,0,53,3,6,5,0,0,11,2,21,0,6,11,28,133,0,0,0,22,0,0,36,5,0,2,0,0,0,0,1,0,1,10,5,2,0,261,0,21,0,0,2,3,0,0,1,0,0,2,1,21,0,0,0,9,0,3,6,0,0,3,1,0,1,0,0,0,0,0,0,0,0,2,2,2,1,1,0,4,1,4,0,0,0,0,0,0,0,0,0,0,3,0,0,0,0,0,0,0,0,0,0,0,7,0,0,0,0,0,0,0,0,0,0,0,0,0,0,4,0,0,0,0,0,0,0,0,0,0,0,0,0,0,1,0,0,0,1,0,0,0,0,0,0,0,3,0,0,0,0,0,0,0,0,0,0,0,0,0,1,0,0,0,0,0,0,0,17,0,0,1,0,3,0,0,0,0,0,0,0,0,0,0,0,0,0,0,0,0,0,0,0,0,0,0,0,0,0,0,0,0,0,0,0,0,0,0,0,0,0,0,0,0,0,0,0,0,0,0,0,0,0,0,0,0,0,0,0,0,0,0,0,0,4,0,0,0,0,0,0,0,0,0,0,0,0,0,0,1,0,0,0,0,0,0,0,0,0,0,0,0,0,0,0,0,0,2,0,0,0,0,0,0,0,0,0,0,0,0,0,0,0,0,0,0,0,0,0,0,0,0,0,0,0,0,0,0,0,0,0,0,0,0,0,0,0,0,0,0,0,0,0,0,0,0,0,0,0,0,0,0,0,0,0,0,3,0,0,0,0,2,0,0,0,0,0,0,0,0,0,0,0,0,0,0,0,0,0,0,0,0,0,0,0,0,0,0,0,0,0,0,0,0,0,0,0,0,0,0,0,0,0,0,0,0,0,0,0,0,0,0,0,0,0,0,0,0,0,0,0,0,0,0,0,0,0,0,0,0,0,0,0,0,0,0,0,0,0,0,0,0,0,0,0,0,0,0,0,0,0,0,0,0,0,1,0,0,0,0,0,0,0,0,0,0,0,0,0,0,0,0,0,0,0,0,0,0,0,0,0,0,0,0,0,0,0,0,0,0,0,0,0,0,0,0,0,0,0,0,0,0,0,0,0,0,0,0,0,0,0,0,0,0,0,0,0,0,0,0,0,0,0,0,0,0,0
Rome,82,1015094_1,32,282,15,7,3,3,3,0,2,74,0,0,10,68,343,0,15,10,0,1,16,0,52,2,25,10,54,5,5,43,32,5,5,0,177,270,63,0,102,0,0,3,139,32,3,82,0,0,7,0,2,0,1,15,2,32,0,600,1,223,53,13,54,0,0,24,2,103,1,10,71,13,104,0,2,0,2,3,4,8,9,5,0,17,1,0,0,0,1,12,62,297,6,0,1091,12,31,0,0,0,0,0,0,0,18,2,4,5,21,1,2,0,6,3,46,7,0,2,3,3,7,2,3,0,7,0,0,3,0,0,26,8,8,0,0,0,1,2,71,0,1,9,0,0,2,2,0,3,13,2,3,30,0,0,0,0,0,0,0,0,0,8,0,0,6,0,0,0,0,0,0,2,0,0,0,0,5,0,0,0,0,1,1,0,0,2,0,0,0,0,3,4,2,0,1,0,0,0,0,0,0,0,0,0,0,0,0,0,0,0,0,0,3,0,1,0,0,0,0,0,0,3,0,0,2,2,0,0,0,0,1,0,0,0,0,1,0,0,1,13,0,0,0,0,2,0,0,0,0,0,0,2,1,0,1,1,0,9,0,0,0,0,0,0,0,0,0,0,1,0,0,0,0,0,2,5,0,0,0,0,0,0,0,0,0,0,0,1,0,0,0,2,0,0,0,0,0,0,0,0,0,2,1,0,0,0,0,0,0,0,0,0,0,0,0,0,0,0,0,0,0,0,0,1,0,0,0,0,0,0,0,0,0,0,0,0,0,0,0,9,0,0,0,0,0,0,0,0,0,0,0,0,1,0,0,0,0,0,0,0,0,0,0,0,0,0,0,0,0,0,0,0,0,0,0,0,0,0,0,0,0,0,0,1,0,0,0,0,6,0,0,0,0,0,0,0,0,0,0,0,0,0,0,1,0,0,0,0,0,0,0,0,2,0,0,0,0,0,0,0,0,0,0,0,0,0,0,0,0,0,0,0,0,0,0,0,0,0,0,0,0,0,0,0,0,0,0,0,0,0,0,0,0,0,0,0,0,0,0,0,0,0,0,0,1,0,0,0,0,0,0,0,0,0,0,0,0,0,0,0,0,0,0,0,0,0,0,0,0,0,0,0,0,0,0,1,0,0,0,0,0,0,0,0,0,0,0,0,0,0,0,0,0,0,0,0,0,0,0,0,0,0,0,0,0,0,0,0,0,0,0,0,0,0,0,0,0,0,0,0,0,0,0,0,0,0,0,0,0,0,0,0,0,0
Rome,83,1015096_1,48,413,22,10,6,5,1,0,5,72,0,0,38,94,456,0,5,40,2,4,13,2,93,10,60,24,59,3,14,62,46,10,2,0,329,413,150,13,149,0,0,6,255,31,1,135,0,0,45,0,3,1,8,40,6,35,0,1249,0,365,41,31,71,3,0,70,1,139,6,39,61,11,139,0,4,0,5,13,15,23,13,7,0,28,2,0,2,1,3,12,108,414,35,2,2016,12,12,0,0,0,0,4,0,4,19,5,2,9,58,0,1,0,3,8,43,3,0,0,1,2,2,3,6,0,1,0,0,1,0,0,19,7,16,0,0,4,2,1,116,0,1,0,0,2,0,6,0,7,11,2,7,14,1,0,1,0,0,0,0,0,0,0,0,0,9,0,0,0,0,0,0,1,0,0,0,0,2,0,0,0,3,0,0,0,0,1,2,0,0,0,0,7,1,0,4,0,0,0,0,0,0,0,1,2,0,0,8,0,0,0,0,0,8,1,0,0,0,1,0,0,1,8,1,0,0,11,0,0,0,1,8,0,0,0,0,1,0,0,0,4,0,0,0,0,4,0,0,0,0,0,0,0,0,0,0,0,0,3,0,0,0,0,0,0,1,0,0,0,2,0,0,0,0,0,6,7,0,0,1,0,0,0,0,0,0,0,0,2,0,0,0,0,0,0,0,0,1,0,0,0,0,1,1,0,0,0,0,0,0,2,0,0,0,0,0,0,0,0,0,0,0,0,0,1,0,0,0,0,0,0,0,0,0,0,0,0,0,0,0,4,0,0,0,0,0,0,0,0,0,0,0,0,0,3,0,1,0,0,0,0,0,0,0,0,0,0,1,0,0,0,0,0,0,0,0,0,1,0,0,0,0,0,3,1,1,2,1,1,9,0,0,0,0,0,0,0,0,0,0,0,0,0,0,0,0,0,0,0,0,0,0,0,0,0,0,0,0,0,0,0,0,0,0,0,0,0,0,0,0,0,0,0,0,0,0,0,0,0,0,0,0,0,0,0,0,0,0,0,0,0,0,0,0,0,0,0,0,0,0,0,0,0,0,0,0,0,0,0,0,0,0,0,0,0,0,0,0,0,0,0,0,0,0,0,0,0,0,0,0,0,0,0,0,0,0,0,0,0,0,0,0,0,0,0,0,0,0,0,0,0,0,0,0,0,0,0,0,0,0,0,0,0,0,0,0,0,0,0,0,0,0,0,0,0,0,0,0,0,0,0,0,0,0,0,0,0,0,0,0,0,0,0,0,0
Rome,85,1015098_1,38,253,37,10,6,3,0,0,0,115,0,0,13,63,708,0,8,14,4,7,5,1,90,14,7,28,69,6,14,52,89,6,0,0,338,226,150,2,210,1,1,10,256,52,1,143,0,1,12,0,2,0,2,32,4,36,0,730,0,286,44,35,61,0,0,28,2,112,2,30,89,23,202,0,0,0,1,0,11,17,24,4,0,26,0,0,0,1,0,25,124,218,26,0,1432,23,20,0,0,0,0,1,0,2,30,5,0,6,32,1,3,0,3,19,33,3,0,1,7,0,5,13,7,0,3,0,0,1,1,1,39,9,16,0,2,0,7,8,39,0,4,7,0,0,0,1,1,7,5,8,2,15,0,0,0,0,1,0,0,0,0,3,0,0,4,1,2,3,0,0,0,6,0,0,0,0,0,0,0,0,0,2,0,0,0,0,5,0,0,0,0,4,1,0,2,0,0,0,0,1,0,0,0,2,0,0,0,0,0,0,0,0,7,0,0,0,0,1,0,0,3,9,0,0,9,16,0,0,0,0,2,1,0,0,0,0,0,0,1,6,0,0,0,0,0,0,0,0,0,0,0,0,1,0,0,1,0,3,0,0,0,0,0,0,0,0,0,0,3,0,0,0,0,0,0,3,0,0,0,0,0,0,0,0,0,0,0,0,0,0,0,0,0,0,0,0,0,0,0,0,0,1,0,0,1,0,0,0,0,0,0,0,0,0,0,2,1,0,0,0,0,0,0,0,0,0,0,1,0,0,0,0,0,0,0,0,0,0,0,5,0,0,0,0,0,0,0,0,0,0,2,0,0,0,0,0,0,0,0,0,0,0,0,0,0,0,0,0,0,0,0,0,0,0,0,0,0,0,0,2,0,0,1,2,0,0,0,0,10,0,0,0,0,0,0,0,0,0,0,0,0,0,0,3,0,0,0,0,0,0,0,0,0,0,0,0,0,0,0,0,0,0,0,0,0,0,0,0,0,0,0,0,0,0,0,0,0,0,0,0,0,0,0,0,0,0,0,0,0,0,0,0,0,0,0,0,0,0,0,0,0,0,0,0,0,0,0,0,0,0,0,0,1,0,0,0,0,0,0,0,0,0,0,0,0,0,0,1,0,0,0,0,0,0,0,0,0,0,0,0,0,0,0,0,0,0,0,0,0,0,0,0,0,1,0,0,0,0,0,0,0,0,0,0,0,0,0,0,0,0,0,0,0,0,0,0,0,0,0,0,0,0,0,0,0,0,0,0,0,0,0,0,0,0
Rome,87,1015100_1,62,328,6,1,14,1,1,0,5,97,0,0,25,37,1499,1,8,10,0,2,14,0,121,1,7,6,22,3,24,59,32,3,1,0,315,310,277,4,97,0,0,2,197,29,0,98,0,5,22,0,1,0,0,25,3,26,0,982,0,332,80,26,43,0,0,36,6,107,0,23,121,15,81,1,1,0,4,14,1,14,11,1,0,11,16,0,1,1,1,14,146,323,29,0,1752,7,20,0,0,0,0,2,0,1,27,3,2,3,30,0,1,0,9,24,32,4,0,0,0,1,1,3,1,0,3,0,0,1,0,0,29,7,37,0,0,0,5,2,96,0,0,4,0,0,1,2,0,6,15,1,3,18,0,0,3,0,0,0,0,0,0,0,0,0,5,0,1,1,2,0,0,4,0,0,0,0,2,0,0,0,0,4,0,0,0,0,0,0,0,0,0,4,0,0,1,0,0,0,0,0,0,2,0,0,0,0,2,0,0,0,0,0,0,0,0,0,0,0,0,0,3,0,1,0,0,0,0,0,0,1,0,0,0,0,0,3,0,0,0,6,0,0,0,0,4,0,0,0,0,0,0,0,1,0,0,1,0,3,0,0,2,0,0,0,1,0,0,0,1,0,0,0,0,0,1,4,0,0,0,0,0,0,0,0,0,0,0,0,0,0,0,0,0,0,0,0,0,0,0,0,0,0,0,0,0,0,0,0,0,1,0,0,0,0,0,0,0,0,0,0,0,0,0,1,0,0,0,0,0,0,0,0,0,0,0,0,0,0,0,9,0,0,0,0,0,0,0,0,0,0,0,0,0,0,0,1,0,0,1,0,0,0,0,0,0,0,0,0,0,0,0,0,0,0,0,0,0,0,0,0,0,0,0,0,0,0,0,1,6,0,0,0,0,0,0,0,0,0,0,0,0,0,0,0,1,0,0,0,0,0,0,0,0,0,0,0,0,0,0,0,0,0,0,0,1,0,0,0,0,0,0,0,0,0,0,0,0,0,0,0,0,0,0,0,0,0,1,0,0,0,0,0,0,0,0,0,0,0,0,0,0,0,0,0,0,0,0,0,0,0,0,0,0,0,0,0,0,0,0,0,0,0,0,0,0,0,0,0,0,0,0,0,0,0,0,0,0,0,0,0,0,0,0,0,0,0,0,0,0,0,0,0,0,0,0,0,0,0,0,0,0,0,0,0,0,0,0,0,0,0,0,0,0,0,0,0,0,0,0,0,0,0,0,0,0,0,0,0,0,0,0,0,0,0
Rome,90,1015103_1,131,641,8,11,10,4,2,0,18,144,0,0,25,52,710,0,10,35,2,7,33,1,136,11,24,17,109,3,44,106,62,16,0,0,1027,577,239,5,238,1,0,6,300,49,0,136,0,3,30,0,6,0,6,40,3,27,0,2929,0,513,143,19,88,2,0,63,0,149,8,35,137,32,95,0,6,0,4,21,13,22,16,1,0,24,5,0,0,1,0,9,177,728,30,0,5040,12,25,0,0,2,0,3,0,1,41,3,5,4,37,1,5,0,5,3,90,3,0,2,0,6,3,2,2,0,5,0,0,2,2,0,26,2,68,0,0,0,3,6,223,0,1,1,0,2,0,1,0,6,33,3,2,21,1,0,4,0,3,0,0,0,2,4,1,0,34,0,0,1,1,0,0,21,0,0,0,2,3,0,2,0,1,1,0,0,0,1,0,0,0,0,2,4,0,0,2,0,0,1,0,0,0,0,1,0,0,0,7,0,0,0,2,0,11,0,1,0,0,0,0,0,0,2,2,0,3,4,0,0,0,0,6,0,1,0,0,2,0,0,0,4,1,0,0,0,4,0,0,0,0,0,0,4,0,0,4,0,0,3,0,0,0,0,3,0,1,2,0,0,5,0,0,0,0,0,0,3,0,0,0,0,0,0,0,0,0,0,1,0,0,0,0,0,0,0,0,0,0,0,0,0,0,0,0,0,0,0,0,0,0,0,0,0,0,0,0,1,0,0,0,0,0,0,0,8,1,0,0,0,0,1,0,0,0,0,0,0,0,0,0,12,0,0,0,0,0,3,0,0,0,0,0,0,0,0,0,0,0,0,0,0,0,0,0,0,0,0,0,0,0,0,0,0,0,0,0,0,1,0,0,0,0,0,8,0,0,0,0,1,17,1,1,2,0,0,0,0,0,0,0,0,0,0,0,0,0,0,0,0,0,0,0,0,1,0,0,0,0,0,0,0,0,0,0,0,0,0,0,0,0,0,0,0,0,0,0,0,0,0,0,0,0,0,0,0,0,0,0,0,0,0,0,0,0,0,0,0,0,0,0,0,0,0,0,0,0,0,0,0,0,0,0,0,0,0,0,0,0,0,0,0,1,0,0,0,0,0,0,0,0,0,0,0,0,0,0,0,0,0,0,0,0,0,0,0,0,0,0,0,0,0,0,0,0,0,0,0,0,0,0,0,0,0,0,0,0,0,0,0,0,0,0,0,0,0,0,0,0,0,0,0,0,0,0,0,0,0,0,1,0,0,0,0,0,0
Rome,92,1015105_1,63,444,10,4,5,1,1,3,8,152,0,2,27,137,660,0,11,68,1,13,12,0,187,5,27,33,75,8,20,80,45,6,5,0,548,433,329,7,194,0,0,6,361,34,1,153,0,2,29,0,0,0,1,62,0,20,0,2084,0,456,69,21,58,0,0,52,6,113,2,40,132,6,128,3,2,0,3,21,24,15,18,3,1,19,0,0,0,0,4,6,186,437,39,1,3706,13,35,3,0,0,0,7,0,0,31,7,0,5,54,0,4,0,6,6,46,5,0,0,1,2,6,12,4,0,1,0,0,3,0,0,40,7,33,1,3,4,3,4,173,0,5,2,0,0,0,4,0,11,29,3,0,18,0,0,5,0,0,0,0,0,0,5,0,0,4,0,0,0,1,0,0,6,0,2,0,4,2,0,0,0,3,2,0,0,0,1,0,0,0,0,0,2,1,0,4,0,1,0,0,0,0,0,0,0,1,0,1,0,0,0,1,0,3,0,0,0,0,1,0,0,13,4,1,0,3,6,0,0,0,0,8,0,0,0,0,1,0,0,0,3,1,2,0,0,0,0,0,0,0,0,0,0,0,0,2,0,0,7,0,0,0,1,1,0,0,0,0,0,3,0,0,0,0,0,0,8,1,1,0,0,0,0,0,0,0,0,0,2,0,0,0,0,0,0,0,0,0,0,0,0,0,1,1,0,0,1,1,0,0,0,0,0,0,0,0,0,0,0,0,0,0,0,0,2,0,0,0,0,0,0,0,0,0,0,0,0,0,0,0,6,0,0,0,0,0,0,0,0,0,0,1,0,0,0,0,0,0,0,0,0,0,0,0,0,0,0,0,0,0,0,0,0,0,2,0,0,0,0,0,0,0,0,0,0,0,0,0,0,7,0,0,0,0,0,0,0,0,0,0,0,0,0,0,0,0,0,0,0,0,0,0,0,0,0,0,0,0,0,0,1,2,0,0,0,0,0,0,0,0,0,0,0,0,0,0,0,0,0,0,0,0,0,0,0,1,0,0,0,0,3,0,0,0,0,0,0,0,0,0,0,0,0,0,0,0,0,0,0,0,0,0,0,0,0,0,0,0,0,0,0,0,0,0,0,0,0,0,0,0,0,0,0,0,0,0,0,0,0,0,0,0,0,0,0,0,0,0,0,0,0,0,0,0,0,0,0,0,0,0,0,0,0,0,0,0,0,1,0,0,0,1,0,0,0,0,0,0,0,0,0,0,0,0,0,0,0,0,0,0,0,0,0,0,0
Rome,94,1015107_1,26,281,9,6,11,1,1,0,8,43,0,0,7,20,278,0,1,7,1,1,14,0,58,1,13,3,32,4,23,35,19,6,11,0,401,251,95,1,51,0,0,0,109,22,0,40,0,0,10,0,0,0,1,20,0,20,0,761,0,265,53,10,23,1,0,43,0,64,2,5,53,15,68,0,5,0,1,0,1,22,3,1,0,3,0,0,0,0,0,3,59,234,8,0,1409,8,15,0,1,1,1,1,0,0,14,1,1,8,19,2,3,0,9,3,44,8,0,0,4,1,4,0,0,0,4,0,0,2,0,0,14,4,44,0,0,0,1,0,127,0,1,1,0,0,0,0,2,4,10,0,3,13,0,0,1,0,0,0,1,0,0,2,0,0,17,0,0,1,0,0,0,2,0,0,0,0,1,0,0,0,0,0,0,0,0,0,0,0,0,0,2,3,0,0,2,0,0,0,0,0,0,0,2,3,0,0,1,0,0,0,2,0,1,0,0,0,0,0,0,0,0,1,8,0,0,2,0,0,1,0,0,0,0,0,0,0,0,0,0,13,0,0,0,0,2,0,0,0,0,0,0,0,0,0,0,0,0,1,0,0,0,1,3,0,0,0,0,0,3,0,0,2,0,0,2,10,2,0,0,0,0,0,0,0,0,0,0,2,0,0,0,0,0,0,0,0,0,0,0,0,0,1,0,0,0,0,0,0,0,1,0,0,0,0,0,0,0,0,0,0,0,0,0,1,0,0,0,0,0,0,0,0,0,0,0,0,0,0,0,2,0,0,0,0,0,0,0,0,0,0,0,0,0,0,0,0,0,0,0,0,0,0,0,0,0,0,0,0,0,0,0,0,0,0,0,0,0,0,0,0,0,0,1,0,1,0,0,0,3,0,0,0,0,0,0,0,0,0,0,0,0,0,0,0,0,0,0,0,0,0,0,0,0,0,0,0,0,0,0,0,0,0,0,0,0,0,0,0,0,0,0,0,0,0,0,0,0,0,0,0,0,0,0,0,0,0,0,0,0,0,0,0,0,0,0,0,0,0,0,0,0,0,0,0,0,0,0,0,0,2,0,0,0,0,0,0,0,0,0,0,1,0,0,0,0,0,0,0,0,0,0,0,0,0,0,0,0,0,0,0,0,0,0,0,0,0,0,0,0,0,0,0,0,2,1,0,0,0,0,0,0,0,0,0,0,0,0,0,0,0,0,0,0,0,0,0,0,0,0,0,0,0,0,0,0,0,0,0,0,0,0,0,0,0
Rome,95,1015108_1,124,558,11,6,7,2,3,0,4,139,0,0,10,74,525,0,6,71,2,3,28,0,267,1,28,29,48,4,45,76,45,21,2,0,888,544,423,6,163,3,0,6,227,33,0,122,0,2,63,0,3,0,1,36,4,33,0,3580,0,477,56,29,65,0,0,45,0,106,4,71,127,5,121,3,2,0,5,135,10,13,12,2,0,25,3,0,3,1,0,9,148,866,53,1,6195,15,15,0,0,0,0,4,0,1,24,1,1,7,31,0,4,0,2,5,83,2,0,1,1,3,9,2,3,0,7,0,0,1,0,0,12,3,55,0,1,1,3,4,296,0,7,3,0,1,0,2,2,4,37,4,2,38,2,0,4,1,0,0,0,0,0,2,0,1,28,1,0,0,1,0,0,4,0,0,0,0,2,0,1,0,0,7,0,0,0,2,1,0,0,0,1,5,2,0,2,0,0,0,0,0,0,2,0,3,1,0,3,0,0,0,3,0,1,0,0,0,0,0,0,0,0,1,0,0,2,10,0,0,0,0,4,0,0,0,0,0,0,0,2,8,1,0,0,0,0,0,0,0,0,0,0,0,0,0,2,0,0,2,0,0,0,0,0,0,1,0,0,0,6,0,0,0,0,0,1,8,0,0,0,0,0,0,0,0,0,0,1,0,0,0,0,0,0,0,0,0,0,0,0,0,0,0,0,0,0,0,0,0,0,2,0,0,0,0,0,0,0,0,0,0,0,0,0,2,0,0,0,0,0,0,0,0,0,0,0,0,0,0,0,4,0,0,0,1,0,1,0,0,0,0,0,0,0,0,0,2,0,0,0,0,0,0,0,0,1,0,0,0,0,0,0,0,0,0,0,0,0,0,0,0,0,0,1,0,0,0,0,1,12,0,0,0,0,0,0,0,0,0,0,0,0,0,0,1,0,0,0,0,0,0,0,0,0,0,0,0,0,0,0,0,0,0,0,0,0,0,0,0,0,0,0,0,0,0,0,0,0,0,0,0,0,0,0,0,0,0,1,0,0,0,0,0,0,0,0,0,0,0,0,0,0,0,0,0,0,0,0,0,0,0,0,0,0,0,0,0,0,0,0,0,0,0,0,0,0,0,0,0,0,0,0,0,0,0,0,0,0,0,0,0,0,0,0,0,0,0,0,0,0,0,0,0,0,0,0,0,0,0,0,0,0,0,0,0,0,0,0,0,0,0,0,0,0,0,0,0,0,0,0,0,0,0,0,0,0,0,0,0,0,0,0,0,0,0
Rome,97,1015109_1,64,319,13,16,2,6,0,0,7,148,0,0,44,63,757,0,20,56,5,4,15,0,322,9,2,42,117,0,15,93,27,4,5,2,668,353,555,15,198,0,0,4,275,44,1,139,0,4,64,0,7,1,4,42,10,73,0,1587,0,356,83,39,88,0,0,53,2,100,8,70,128,6,78,1,3,0,5,20,15,3,2,1,0,26,2,0,1,4,0,6,139,540,66,0,3123,30,21,3,0,0,0,1,0,2,43,3,10,8,19,0,2,0,0,20,61,1,0,1,0,5,10,2,11,0,4,0,0,3,2,0,26,7,60,0,0,0,2,11,261,0,7,1,0,0,1,3,5,16,34,3,4,38,0,0,0,3,2,2,1,0,0,1,0,0,25,0,0,0,0,0,0,4,0,0,0,2,0,0,0,0,4,8,0,0,0,2,1,0,0,0,0,5,4,0,3,0,0,0,2,0,0,0,0,5,0,0,1,0,0,0,1,0,2,0,0,0,0,0,0,0,4,3,2,0,2,4,0,0,0,0,3,0,0,0,0,3,0,0,0,10,0,0,0,0,2,0,0,0,0,0,0,0,0,0,0,3,0,0,0,0,0,2,6,0,0,0,0,0,6,0,0,0,0,0,0,2,0,0,0,0,0,1,0,0,0,0,9,0,0,0,0,0,0,0,0,0,0,0,0,0,0,3,2,0,0,0,0,0,0,0,0,0,0,0,0,0,0,0,1,0,0,0,0,5,0,0,1,0,0,0,0,0,0,0,0,0,0,0,0,16,0,0,0,0,0,0,0,0,0,0,0,0,0,0,0,1,0,0,2,0,0,0,0,1,0,0,0,0,0,0,0,0,0,0,0,0,0,0,0,3,0,0,2,0,0,0,0,0,8,0,0,0,0,0,0,0,0,0,0,0,0,0,0,0,0,0,0,0,0,0,0,0,0,0,1,0,0,0,0,0,0,0,0,0,0,0,0,0,0,0,0,0,0,0,0,0,0,0,0,0,0,0,0,0,0,0,0,1,0,0,0,0,0,0,0,0,0,0,0,0,0,0,0,0,0,0,0,0,0,0,0,0,0,0,0,0,0,0,0,0,0,0,0,0,0,0,0,2,0,0,0,0,0,0,0,0,0,0,0,0,0,0,0,0,0,0,0,0,0,0,0,0,0,0,0,0,0,0,0,0,0,0,0,0,0,0,0,0,0,0,0,0,0,0,0,0,0,0,0,0,0,0,0,0,0,0,0,0,0,0,0,0,0,0
Rotterdam,62,1014139_1,44,391,118,22,84,315,79,2,1,270,2,1,1864,728,980,1,73,527,17,286,12,18,46,30,297,989,52,31,20,110,249,62,78,5,451,452,99,208,807,10,12,154,515,71,15,245,3,316,27,0,74,34,36,53,333,58,18,679,9,1137,51,122,254,2,20,1675,169,231,431,167,107,162,703,1,140,6,5,14,495,292,55,21,6,816,3,0,153,46,3,31,236,232,364,3,1357,396,35,58,0,37,140,53,2,21,38,264,68,24,109,5,6,0,56,56,15,87,0,4,9,36,8,2,40,1,6,0,3,128,2,0,2,26,19,7,11,0,49,0,8,0,2,2,2,7,3,41,1,2,7,14,71,43,36,0,61,3,25,2,1,0,1,20,0,10,10,2,19,4,0,3,6,0,1,1,12,193,16,4,0,0,5,0,7,5,34,9,2,0,0,0,2,28,9,5,1,18,0,2,7,1,0,8,16,31,13,9,0,4,3,0,0,8,0,1,7,0,6,8,0,0,0,13,0,0,37,31,14,0,0,1,16,3,22,2,0,1,0,1,0,0,1,1,1,0,0,0,0,0,1,0,2,0,1,0,0,3,0,3,0,3,0,10,3,1,0,2,0,0,0,6,0,0,0,0,0,0,4,1,0,0,0,3,0,1,0,0,0,2,0,0,0,8,0,2,0,0,0,4,0,0,0,0,0,1,0,0,10,1,0,1,0,0,1,0,0,0,2,0,0,1,1,0,0,0,4,1,0,0,0,7,0,0,0,4,1,0,0,0,0,0,0,0,0,2,0,5,0,0,0,0,3,0,0,0,0,1,0,0,2,0,0,0,0,0,0,0,0,0,1,0,0,0,2,0,0,0,0,0,0,0,0,0,0,0,0,0,0,0,0,1,0,1,0,0,0,0,0,0,3,0,0,1,0,15,0,0,0,0,0,0,1,0,0,0,0,0,0,0,0,1,0,0,0,0,0,2,0,0,0,0,0,0,0,0,0,0,0,0,0,0,1,0,0,0,0,0,0,0,0,0,0,0,0,1,0,0,0,0,0,0,1,0,0,0,0,0,0,0,0,0,0,0,0,0,0,0,0,0,0,0,0,0,0,0,0,0,0,0,0,0,0,0,0,0,0,0,0,0,0,0,0,0,0,0,0,0,1,0,0,0,0,0,0,0,0,0,0,0,0,0,0,0,0,0,0,0,0,0,0,0,0,0,1,0,0,0,0,0,0,0,0,0,0,0,0,0,0,0,0,0,0,0,0,0
Rotterdam,64,1014141_1,56,1241,149,27,78,256,59,5,0,419,8,0,1546,1125,1008,1,80,358,46,286,2,19,42,38,453,690,32,36,25,115,242,118,52,0,282,1294,84,195,1362,0,5,107,1013,83,20,211,1,239,37,0,39,19,16,134,267,80,26,761,0,1827,82,133,465,4,27,1117,332,189,381,132,107,149,1062,2,252,8,3,24,414,199,100,18,21,668,4,0,115,56,3,20,212,234,361,2,1359,870,30,31,0,34,44,57,1,56,19,256,123,26,266,3,2,0,36,112,20,74,0,18,21,29,7,1,39,0,1,0,5,168,0,7,7,24,20,0,11,0,39,0,15,0,2,0,3,4,8,33,0,18,9,12,140,66,144,0,103,7,21,2,4,0,0,11,3,17,12,4,25,7,1,12,6,0,0,0,18,296,10,2,1,0,6,2,6,1,48,6,4,0,0,2,8,23,2,5,1,27,0,4,2,0,0,20,22,102,19,1,1,10,4,0,0,2,0,0,7,1,2,13,0,0,0,11,0,0,38,49,11,0,0,0,21,2,62,4,0,1,0,0,0,2,0,2,2,0,0,0,0,0,0,0,3,0,1,2,0,4,0,2,0,0,0,22,0,0,1,10,0,0,7,0,0,1,0,0,0,1,2,4,0,0,0,6,0,0,0,0,0,0,0,2,0,8,0,0,0,0,0,4,2,0,1,5,0,0,0,0,5,1,0,2,0,0,0,0,2,0,0,0,0,1,0,0,1,0,2,1,0,0,0,5,0,0,0,11,1,0,0,0,0,0,2,0,0,3,0,3,0,0,0,0,7,0,1,5,0,0,0,0,3,0,0,1,0,0,0,0,0,0,0,0,0,0,2,0,0,0,0,0,1,0,1,0,0,0,1,0,0,0,0,1,0,0,0,0,0,0,0,0,0,0,0,0,0,28,1,0,0,0,0,0,0,0,0,0,0,0,0,0,0,0,0,0,0,0,0,0,0,0,0,0,0,0,0,0,0,0,0,0,0,0,0,0,1,0,0,0,0,0,0,0,0,0,0,0,0,0,0,0,1,0,0,0,0,0,1,0,0,0,0,0,0,0,0,0,0,0,0,0,0,0,0,0,0,0,0,0,0,0,0,0,0,0,0,0,0,0,0,0,0,0,1,0,0,0,0,0,0,0,0,0,0,0,0,0,0,0,0,0,0,0,0,0,0,0,1,0,0,0,0,0,0,0,0,0,0,0,0,0,0,0,0,0,0,0,0,0,0,0,0,0,0,0,0,0
Rotterdam,65,1014143_1,19,709,84,9,35,60,21,1,0,197,4,0,189,404,1245,0,1103,62,8,97,2,7,30,56,142,189,54,16,12,75,120,23,16,0,174,757,88,25,664,0,1,33,382,44,1,193,0,17,17,0,32,7,4,98,80,38,3,542,1,740,117,135,217,1,4,278,93,134,98,45,57,41,333,0,85,8,4,10,132,108,40,6,6,212,5,0,18,35,0,18,253,124,68,0,875,222,36,3,0,12,12,27,2,18,18,88,29,0,133,0,31,0,15,41,16,20,0,3,17,21,13,2,27,0,1,0,0,69,0,1,0,9,7,0,2,0,21,3,1,0,2,0,1,2,2,18,0,6,2,2,51,27,30,0,10,2,11,0,0,0,0,4,0,4,3,5,7,0,0,2,3,0,0,0,3,15,9,0,0,0,0,0,1,1,9,4,2,0,0,0,0,22,0,2,0,6,0,0,0,0,0,6,17,20,4,1,0,0,2,0,0,0,1,0,0,0,3,8,0,0,0,5,2,0,23,26,1,0,0,2,23,5,15,0,0,1,0,0,0,0,3,0,3,0,0,0,0,0,1,0,0,0,1,0,0,3,0,0,0,2,0,13,0,0,2,4,1,0,1,0,0,0,0,0,0,0,1,3,0,0,0,1,1,0,0,1,0,1,0,0,0,1,0,0,0,0,0,0,0,0,0,2,0,0,0,0,0,0,0,0,0,0,0,0,1,0,0,0,0,1,0,0,0,0,0,0,0,0,0,7,0,0,0,7,0,0,0,0,0,0,0,0,0,2,0,2,0,0,0,0,1,0,0,2,0,0,0,0,0,0,0,0,0,0,0,0,0,0,0,0,0,0,1,0,0,0,0,0,0,0,0,0,0,0,0,0,0,0,0,0,0,0,0,0,0,0,0,0,0,0,0,0,0,13,3,0,0,0,0,0,1,0,0,0,0,0,0,0,0,0,0,11,2,1,1,0,0,0,0,0,0,0,0,0,0,0,0,0,0,0,0,0,0,0,0,0,0,0,0,0,0,0,0,0,0,0,0,0,0,0,0,0,0,0,0,0,0,0,0,0,0,0,0,0,0,0,0,0,0,0,0,0,0,0,0,0,0,0,0,0,0,0,0,0,0,0,0,0,0,0,0,0,0,0,0,0,0,0,0,0,0,0,0,0,0,0,0,0,0,0,0,0,0,0,0,0,0,0,0,0,0,0,0,0,0,0,0,0,0,0,0,0,0,0,0,0,0,0,0,0,0,0,0,0
Rotterdam,68,1014145_1,86,1116,233,35,86,178,70,1,1,490,4,0,1016,1345,1005,2,127,210,36,207,8,21,51,52,386,589,66,32,36,138,228,187,32,0,287,1114,101,147,1511,3,2,109,1090,125,10,248,1,106,43,0,59,19,24,61,218,120,25,788,5,2609,107,202,527,3,29,962,295,260,356,94,118,153,973,0,215,4,1,22,368,343,119,18,15,604,8,0,76,46,5,29,304,264,234,3,1458,725,39,8,0,24,57,46,2,55,49,236,102,15,381,0,9,0,74,77,16,111,0,25,24,34,8,14,36,0,8,0,3,170,0,1,5,35,21,3,12,0,63,2,15,0,0,12,0,0,6,64,1,3,7,16,120,62,103,0,95,7,18,1,1,0,4,26,0,15,8,7,25,10,2,4,18,1,0,0,21,285,32,0,0,0,4,0,13,3,67,16,4,0,0,0,4,45,8,1,1,31,1,8,1,2,0,13,21,79,12,3,1,4,0,0,1,7,2,2,13,0,5,28,0,0,0,6,0,0,63,49,4,0,0,4,31,0,91,1,0,0,0,0,0,0,1,6,5,0,1,0,0,0,0,0,4,0,4,0,0,6,0,8,0,0,0,27,7,0,1,8,0,0,11,9,0,0,0,0,0,1,5,0,0,0,0,1,1,1,0,1,0,1,0,0,0,9,0,0,0,0,0,1,0,0,0,3,0,0,0,0,5,1,0,0,0,0,0,0,1,0,4,0,0,8,10,0,1,0,3,0,0,0,0,5,0,0,0,10,1,0,0,0,0,0,0,0,0,4,0,2,0,3,0,0,4,0,0,1,0,0,0,0,1,0,0,0,0,0,0,0,0,0,0,0,0,0,1,0,0,0,0,0,0,0,0,0,1,0,0,0,0,0,0,6,0,3,0,2,1,0,0,0,0,0,0,0,0,25,0,0,0,4,0,0,0,0,0,0,0,0,0,0,0,0,0,0,0,0,0,0,0,0,0,0,0,0,0,1,0,0,0,0,0,0,0,0,1,0,0,0,0,0,0,0,0,0,0,0,0,1,1,1,1,1,0,0,0,0,0,0,0,0,0,0,0,0,0,0,0,0,0,0,0,0,0,0,0,0,0,0,0,0,0,0,0,0,0,0,0,0,0,0,0,0,0,0,0,0,0,0,0,0,0,0,0,0,0,0,0,0,0,0,0,0,0,0,0,0,0,0,0,0,0,0,0,0,0,0,0,0,0,0,0,0,0,0,0,0,0,0,0,0,0,0,0,0,0,0
Rotterdam,70,1014146_1,40,669,195,33,80,187,56,0,0,455,0,0,681,1742,1135,0,127,115,62,211,16,12,46,46,439,481,45,31,12,125,253,211,35,0,187,805,104,84,1629,1,1,102,1047,127,8,259,0,115,27,0,54,8,13,79,228,70,8,575,0,2664,93,172,498,2,15,824,287,199,288,98,100,135,1055,0,260,8,6,10,320,354,139,16,20,384,6,0,84,58,0,47,265,135,202,0,1094,810,23,9,0,32,59,51,1,61,57,268,121,9,345,0,13,0,89,95,17,89,0,20,27,28,17,6,42,0,5,0,1,219,0,4,1,22,18,2,8,0,78,0,18,0,0,14,0,8,8,77,1,4,18,12,172,76,118,0,62,9,38,1,3,0,0,28,0,17,6,5,11,7,1,6,23,2,0,0,3,269,26,0,0,0,1,1,7,1,61,5,4,0,0,0,8,28,7,4,3,17,2,6,4,0,0,9,38,81,27,2,0,1,0,0,0,10,0,0,4,0,3,17,0,0,0,9,0,0,26,76,1,0,0,1,18,5,58,2,0,2,0,2,0,0,3,1,3,0,1,0,0,0,1,0,4,0,5,3,0,10,0,1,0,2,0,30,0,0,0,4,0,2,7,2,0,1,2,0,0,1,3,0,0,0,0,7,1,0,1,2,0,0,0,0,0,9,0,0,0,0,0,0,0,2,0,4,0,0,0,0,0,0,0,3,0,0,0,0,2,0,0,0,0,5,4,0,0,3,3,1,0,0,0,6,0,0,0,10,0,0,0,0,1,2,1,0,0,6,0,3,1,0,0,0,4,1,0,3,0,0,0,0,2,0,0,0,0,0,0,0,0,0,0,0,0,0,5,0,0,0,0,0,0,0,0,0,0,0,2,0,0,0,0,1,1,2,0,1,0,0,0,0,0,0,0,0,0,34,1,0,0,1,0,0,0,0,0,0,0,0,0,0,0,0,0,1,0,1,0,0,0,0,0,0,0,0,1,2,0,0,0,0,0,0,0,0,3,2,0,0,0,0,0,0,0,0,0,0,0,0,0,0,0,0,0,0,0,0,0,0,0,0,0,0,0,0,0,0,0,0,0,0,0,0,0,0,0,0,0,0,0,0,0,0,0,0,0,0,0,0,0,0,0,0,0,0,0,0,0,0,0,0,0,0,0,0,0,0,0,0,0,0,0,0,0,0,0,0,0,0,0,0,0,0,0,0,0,0,0,0,0,0,0,0,0,0,0,0,0,0,0,0,0,0,0,0,0,0
Rotterdam,73,1014149_1,19,381,123,12,53,61,6,12,4,277,6,0,598,864,902,0,80,52,15,120,13,2,23,19,207,295,100,20,36,99,199,104,21,0,125,464,49,157,990,2,3,55,663,69,1,336,2,36,13,0,23,4,7,90,77,75,5,401,4,1620,58,108,257,1,24,392,101,236,171,63,92,168,519,1,73,0,0,8,164,323,73,5,15,255,0,0,50,39,1,16,316,80,138,0,740,359,39,0,2,14,60,25,0,27,43,101,47,8,279,0,2,0,72,47,7,96,0,18,16,22,4,12,46,0,0,0,2,73,0,0,0,6,8,3,5,3,73,4,6,0,0,5,0,2,4,27,0,8,6,5,71,43,51,0,135,2,35,1,0,0,0,26,0,18,43,4,18,9,1,8,23,3,0,0,21,135,11,0,1,0,0,0,7,3,35,14,0,0,0,0,2,29,0,2,3,18,0,9,0,1,0,6,25,162,8,0,0,4,0,0,2,9,8,0,3,0,0,21,0,0,1,9,2,0,95,7,5,0,0,3,16,2,90,0,0,1,0,0,1,0,1,0,7,0,1,0,0,0,0,0,5,0,1,0,0,3,0,3,0,1,0,15,0,0,0,5,0,2,4,2,0,2,0,0,0,0,2,0,0,0,0,2,1,0,0,1,1,1,0,0,0,18,0,0,0,0,0,0,0,0,0,0,0,0,0,0,2,0,0,2,0,0,1,0,2,0,1,3,0,1,1,0,0,0,0,0,0,0,0,0,0,0,0,7,0,0,0,0,0,0,0,0,0,2,0,3,0,0,0,0,2,2,0,3,0,0,0,0,4,0,0,0,0,0,0,0,0,0,0,0,0,0,2,0,0,0,0,0,0,0,0,0,0,0,0,0,0,0,0,0,0,1,2,3,1,0,0,0,0,0,0,2,0,14,3,0,0,0,0,0,0,1,0,0,0,0,0,0,0,1,2,0,0,1,0,0,0,0,0,0,0,0,1,4,0,1,1,4,0,0,0,0,0,0,0,0,0,0,0,0,0,0,0,0,0,0,0,0,0,0,0,0,0,0,0,0,0,0,0,0,0,0,0,0,0,0,0,0,0,0,0,0,0,0,0,0,0,0,0,0,0,0,0,0,0,0,0,0,0,0,0,0,0,0,0,0,0,0,0,0,0,0,0,0,0,0,0,0,0,0,0,0,0,0,0,0,0,0,0,0,0,0,0,0,0,0,0,0,0,0,0,0,0,0,0,0,0,0,0,0,0,0,0,0
Rotterdam,74,1014151_1,42,574,127,48,77,129,48,7,1,431,2,0,604,1518,1421,0,74,50,60,121,4,10,42,38,290,314,27,14,52,172,206,90,41,0,239,574,88,89,1369,0,11,56,934,98,1,176,1,113,27,0,29,2,13,39,152,50,1,440,18,2654,68,130,407,5,1,682,224,262,160,80,95,168,710,0,164,2,2,20,185,517,98,7,28,299,0,0,44,39,5,21,239,167,172,0,839,644,25,0,0,28,73,44,0,133,31,150,146,10,433,0,10,0,124,63,24,173,0,24,29,14,5,8,14,0,42,0,0,164,0,0,5,27,9,12,3,2,89,3,14,0,1,12,1,2,3,83,0,13,19,18,73,44,54,0,48,11,60,1,1,0,2,54,5,17,4,3,19,7,1,18,57,2,0,0,15,225,14,0,1,0,0,0,3,1,38,27,4,0,0,0,5,19,0,9,3,18,1,2,3,0,0,11,26,65,14,4,1,7,1,0,0,7,0,0,1,0,1,18,0,0,0,3,1,0,42,102,2,0,0,0,16,8,30,0,1,2,0,0,5,0,0,4,10,0,1,0,0,0,4,0,3,0,4,0,0,1,0,1,0,2,0,15,37,0,0,7,3,0,5,3,2,0,0,0,0,1,21,0,0,0,0,3,1,1,0,1,0,0,0,0,0,10,2,0,0,0,0,1,1,0,0,0,0,0,0,0,3,0,0,2,0,0,0,0,1,0,0,1,0,3,9,0,0,4,2,0,0,1,0,0,0,0,0,11,0,0,0,0,0,0,0,0,0,10,0,8,1,0,0,0,6,0,2,3,0,0,2,0,7,0,0,0,0,0,0,0,0,0,0,0,0,0,8,0,0,0,0,0,0,0,0,0,0,0,1,0,0,0,0,4,0,1,0,3,3,0,2,0,0,0,0,3,0,27,0,0,0,0,0,0,0,0,0,0,0,1,0,0,0,1,1,0,0,0,0,0,0,0,0,0,0,2,0,0,0,0,0,2,0,0,0,0,0,0,0,0,0,0,0,0,0,0,0,0,0,0,0,0,1,1,0,2,0,0,0,0,0,0,0,0,0,0,0,0,0,0,0,0,0,0,0,0,0,0,0,0,0,0,0,0,0,1,0,0,0,0,0,0,0,0,0,0,0,0,0,0,2,0,0,0,0,0,0,0,0,0,0,0,0,0,0,0,0,0,0,0,0,0,1,0,0,0,0,0,0,0,0,0,0,0,0,0,0,0,0,0,0,0,0,0,0,0,0,0
Rotterdam,77,1014154_1,48,410,156,36,71,121,38,0,2,302,9,0,981,989,965,1,50,75,36,107,6,10,74,44,160,441,44,26,53,152,241,49,25,2,142,385,136,281,1024,4,4,84,699,100,5,194,0,65,41,0,24,15,19,53,140,117,12,540,6,1694,56,135,339,3,94,396,106,217,261,122,74,106,490,4,84,3,4,17,244,245,95,11,6,346,0,0,33,53,0,20,249,188,273,0,988,338,45,0,1,7,33,19,2,25,33,198,74,13,276,0,0,0,73,28,27,88,0,28,21,20,5,6,73,0,11,0,1,95,0,1,2,12,9,1,7,4,32,1,5,0,2,6,2,5,7,55,1,3,9,13,44,44,31,0,56,3,28,1,2,0,2,31,0,11,28,7,14,6,0,1,33,1,0,3,12,212,3,0,0,0,3,0,10,1,17,11,9,0,0,0,14,39,2,2,3,11,1,7,0,0,0,6,9,69,7,1,0,14,1,0,2,8,2,0,1,0,2,10,0,0,0,10,0,0,177,37,2,0,0,2,7,6,52,2,0,4,0,0,1,4,1,0,8,0,0,0,0,0,0,0,5,0,1,2,0,6,0,11,0,0,0,18,1,0,0,5,0,1,8,0,0,0,0,0,0,0,0,0,0,0,0,1,2,0,0,0,0,1,0,0,0,4,0,2,0,0,0,1,0,0,0,1,0,1,0,0,2,0,0,1,0,0,0,0,0,3,0,0,0,2,2,0,0,2,1,0,0,0,0,1,0,0,0,9,0,0,0,0,0,0,0,0,0,3,0,4,0,0,0,0,4,0,0,2,0,1,0,0,2,0,0,0,0,0,0,0,0,1,0,0,0,0,2,2,0,0,0,0,0,0,0,0,3,0,4,0,0,0,0,0,0,0,2,2,0,0,0,0,0,0,0,0,0,6,0,0,1,0,0,0,0,1,0,0,0,1,0,0,0,0,0,0,0,0,0,1,0,0,0,0,0,0,0,2,0,0,0,0,0,0,0,0,0,0,0,0,0,0,0,0,0,0,0,0,0,0,0,0,0,0,0,0,0,0,0,0,0,0,0,0,0,0,0,2,0,0,0,0,0,0,0,0,0,0,0,0,0,0,0,0,0,0,0,0,0,0,0,0,0,0,0,0,0,0,0,0,0,0,0,0,0,0,0,0,0,0,0,0,0,0,0,0,0,0,0,0,0,0,0,0,0,0,0,0,0,0,0,0,0,0,0,0,0,0,0,1,1,0,0,0,0,0,0,0
Rotterdam,79,1014156_1,20,268,75,26,44,60,23,0,2,334,0,0,439,800,1537,0,84,23,32,79,4,4,52,39,181,252,36,15,29,131,142,73,9,0,93,265,114,64,875,1,4,43,777,114,5,124,1,25,29,0,16,3,11,97,90,41,4,407,4,1637,57,106,280,6,4,246,139,187,141,103,80,88,498,0,91,3,0,14,149,175,62,3,10,177,0,0,36,46,1,53,269,112,135,0,837,359,67,0,0,6,37,20,0,36,21,84,55,3,330,0,6,0,52,34,23,64,0,22,12,16,7,6,39,0,30,0,0,95,0,0,0,20,4,3,0,0,42,4,3,0,5,4,0,3,2,39,7,3,9,21,57,56,45,0,42,5,31,1,2,0,2,11,0,14,9,1,19,2,0,1,15,0,0,0,8,178,13,1,1,1,0,2,7,2,29,17,3,0,0,0,6,15,3,4,1,10,2,3,0,0,0,0,11,58,15,0,0,3,0,0,3,8,0,0,6,0,3,14,0,0,0,6,0,0,37,30,2,0,0,0,10,9,31,0,0,5,0,0,2,3,5,0,1,0,1,0,0,0,0,0,3,0,0,0,0,3,1,0,0,0,0,22,1,0,0,3,0,4,0,4,0,1,0,0,0,0,1,0,0,0,0,5,1,0,0,2,0,0,0,0,0,4,0,0,0,0,0,0,0,0,5,0,0,0,0,0,3,0,0,3,0,0,2,0,1,0,0,0,0,2,4,0,0,0,1,0,2,0,0,0,0,0,0,6,0,0,0,0,0,0,1,0,0,7,0,7,0,0,0,0,2,0,0,4,0,0,0,0,0,0,0,0,0,0,0,0,0,0,0,0,0,0,1,0,0,0,0,0,0,0,1,0,0,0,1,0,0,0,2,0,0,0,0,0,1,0,0,1,0,0,0,0,0,14,0,0,0,0,0,0,0,0,0,0,0,0,0,0,0,0,0,0,0,0,0,0,0,0,0,0,0,1,0,1,0,0,0,0,0,0,0,0,0,0,0,0,0,0,0,0,0,0,0,0,0,0,0,0,1,0,0,0,0,0,0,0,0,0,0,0,0,0,0,0,0,0,0,0,0,0,0,0,0,0,0,0,0,0,0,0,0,0,0,0,0,0,0,0,0,0,0,0,0,0,0,0,0,0,0,0,0,0,0,0,0,0,0,0,0,0,0,0,0,0,0,0,0,0,0,0,0,0,0,0,0,0,0,0,0,0,0,0,0,0,0,0,0,0,0,0,0,0,1,1
Rotterdam,81,1014158_1,42,665,195,27,95,101,61,14,2,709,0,0,607,1832,1120,0,95,54,103,146,12,8,58,67,271,475,47,21,38,280,286,159,14,0,114,660,86,243,1489,0,7,99,1492,129,11,259,0,65,55,0,31,4,18,62,137,120,2,549,5,3612,125,175,527,3,30,498,267,265,313,115,138,165,953,0,136,5,0,30,226,565,151,16,27,501,0,0,41,50,6,30,248,126,304,1,934,805,44,0,1,16,168,20,0,113,46,194,209,13,642,0,0,0,94,77,38,196,0,50,33,19,5,15,73,0,5,0,2,222,0,0,7,48,6,1,2,1,80,10,37,2,0,6,0,0,9,99,12,15,6,16,114,107,145,0,58,6,55,0,1,0,0,40,0,23,43,10,11,4,2,6,52,3,1,0,20,228,33,2,0,0,0,0,6,1,45,26,1,0,0,1,16,45,3,6,10,18,0,7,4,0,0,9,36,133,23,1,0,3,2,0,1,4,4,1,5,0,3,24,0,0,0,8,0,0,173,101,0,0,0,2,16,10,75,0,0,6,0,0,2,0,1,1,7,0,0,0,0,0,0,0,5,0,7,1,0,2,0,7,0,1,0,23,3,0,0,5,1,1,7,4,0,1,0,0,0,0,6,0,0,0,0,9,4,0,4,7,0,0,0,0,0,13,1,0,0,0,0,0,0,0,0,3,0,0,0,0,1,3,0,3,0,0,0,0,0,0,4,0,0,4,4,0,0,2,2,0,0,0,1,4,1,0,0,6,0,0,0,0,0,0,0,0,0,10,1,3,0,0,0,0,1,0,1,4,0,0,0,0,2,0,0,0,0,0,0,0,0,0,0,0,0,0,6,0,0,1,0,0,0,0,3,0,0,0,1,0,0,0,0,3,2,0,3,0,1,1,0,0,0,0,0,2,0,23,0,0,0,0,0,0,0,0,0,0,0,1,0,0,0,0,2,0,0,0,0,0,1,0,0,0,0,0,3,0,0,0,0,2,0,2,1,0,0,0,0,0,0,0,0,0,0,0,0,0,0,0,0,0,3,0,0,0,0,0,0,0,0,0,0,0,0,0,0,0,0,0,0,0,0,0,0,0,0,0,0,0,0,0,0,0,0,0,0,0,0,0,0,0,1,0,0,0,0,0,0,0,0,0,0,0,0,0,0,0,0,0,0,0,0,0,0,0,0,0,0,0,0,1,0,0,0,0,0,0,0,0,0,0,0,0,0,0,0,0,0,0,0,0,0,0,0,0,0,0
Rotterdam,83,1014159_1,44,946,272,60,147,225,71,14,5,893,6,0,908,3112,1297,1,123,92,140,154,45,27,47,37,625,483,31,21,151,488,337,244,46,1,169,957,91,159,2379,0,7,102,2049,216,8,286,3,132,36,0,51,19,33,214,190,141,9,748,13,5363,156,218,846,11,12,1208,463,400,304,110,130,309,1735,2,261,1,7,45,223,816,235,9,28,600,0,1,106,60,4,70,345,206,243,0,1359,1627,81,1,1,49,144,21,2,302,58,179,236,15,844,2,25,2,192,153,41,282,0,74,42,35,7,15,50,0,4,0,0,370,4,0,7,50,23,4,17,16,140,6,65,1,2,19,0,4,25,147,2,15,11,15,312,148,192,0,80,6,72,16,7,0,0,42,0,17,1,3,60,11,1,30,39,4,0,4,9,508,104,0,1,0,3,4,18,1,61,59,0,0,0,0,8,43,2,16,4,36,0,3,0,0,0,13,55,158,53,0,0,6,1,0,3,13,0,0,5,0,0,35,0,0,0,5,0,0,52,256,1,0,0,3,38,13,106,1,0,5,0,0,12,1,4,3,29,0,4,0,0,0,0,0,5,0,8,1,0,3,0,1,0,0,0,64,0,0,0,5,0,2,3,6,0,2,0,0,0,0,1,1,1,0,0,9,8,4,0,1,0,0,0,0,0,24,3,0,0,0,0,1,0,0,0,0,0,0,0,0,5,0,0,3,0,0,2,0,2,0,0,0,0,9,7,0,0,0,3,0,1,1,0,1,0,2,0,26,0,2,0,0,0,0,1,0,0,19,0,13,0,0,0,0,2,0,0,7,0,0,0,0,3,0,0,0,0,0,0,0,0,0,0,0,2,0,15,1,0,0,0,0,0,2,2,0,0,0,0,0,0,0,0,4,2,3,3,4,7,1,1,1,1,2,2,2,1,54,0,0,0,0,0,0,0,0,0,0,0,0,0,0,0,0,0,0,0,0,0,0,0,0,0,0,0,0,0,0,0,0,0,0,0,0,0,0,0,0,0,0,0,0,0,0,0,0,0,0,0,0,0,0,0,0,0,0,0,0,0,0,0,0,0,0,0,0,0,0,0,0,0,0,0,0,0,0,0,0,0,0,0,0,0,0,0,0,0,0,0,0,0,0,0,0,0,0,0,0,0,0,0,0,0,0,0,0,0,0,0,0,0,0,0,0,0,0,0,0,0,0,0,0,0,0,0,0,0,0,0,0,0,0,0,0,0,0,0,0,0,0,0,0,0,0,0,0,0,0
Rotterdam,86,1014162_1,17,352,155,19,49,112,34,6,1,326,5,0,709,1003,709,0,114,58,33,100,0,8,67,51,185,320,34,22,43,158,188,58,30,0,109,385,116,108,913,1,0,78,648,112,1,186,1,53,23,0,25,13,13,48,97,68,3,371,8,1646,54,91,278,4,8,414,120,216,173,81,64,95,483,0,85,2,0,3,177,227,91,4,3,333,0,0,19,36,2,28,199,117,160,0,749,417,44,4,2,10,39,14,1,35,35,135,80,2,272,3,91,0,29,37,16,97,0,36,22,7,4,8,48,0,7,0,1,102,1,0,6,25,3,0,5,1,17,4,6,0,0,3,0,5,4,65,6,1,5,6,35,33,45,0,82,6,19,3,2,0,1,21,0,9,7,4,6,2,0,1,18,4,0,0,13,172,12,0,0,0,0,0,11,1,30,9,1,0,0,3,6,29,4,2,2,4,1,8,7,0,0,9,24,129,10,0,1,1,0,0,3,3,1,1,1,2,0,10,0,0,0,7,0,0,66,41,0,0,0,1,6,4,33,2,0,2,0,0,1,0,3,2,9,0,0,0,0,0,0,0,2,0,1,1,0,2,3,19,0,0,0,12,1,0,0,5,0,0,1,4,0,2,0,0,0,1,3,1,0,0,0,4,3,0,0,2,0,1,0,0,0,3,0,0,0,0,0,1,0,0,0,1,0,0,0,0,3,0,0,0,0,0,0,0,2,0,0,0,0,4,4,0,0,2,3,0,0,0,2,2,0,1,0,6,0,0,0,0,0,0,0,0,0,1,0,2,0,0,0,0,3,0,0,2,0,0,0,0,4,0,0,0,0,0,0,0,0,0,0,0,0,0,2,0,0,0,1,0,0,0,0,0,0,0,0,0,0,0,3,3,1,1,0,1,0,0,0,0,0,0,0,0,0,15,0,0,0,0,0,0,0,0,0,0,0,1,0,0,0,1,2,0,0,0,0,0,0,0,0,0,0,0,1,0,0,0,0,1,0,0,0,0,0,0,0,0,0,0,0,0,0,0,0,0,0,0,0,0,0,0,0,0,0,0,0,0,0,0,0,0,0,0,0,1,0,0,0,0,0,0,0,0,0,0,0,0,0,0,0,0,1,0,0,0,0,0,0,0,0,0,0,0,0,0,0,0,0,0,0,0,0,0,0,0,0,0,0,0,0,0,0,0,0,0,0,0,0,0,0,0,0,0,0,0,1,0,0,0,0,0,0,0,0,0,0,0,0,0,0,0,0,0,0,0
Rotterdam,88,1014164_1,48,238,81,13,34,76,17,0,1,293,1,0,899,665,873,0,107,62,2,54,5,9,51,36,83,231,41,16,36,99,110,31,27,0,378,284,98,87,668,0,2,38,432,94,2,155,1,127,40,0,30,6,14,73,89,100,2,575,6,1122,37,90,359,2,2,467,79,152,73,100,53,52,236,1,44,1,6,6,78,123,45,6,7,242,0,0,15,24,0,19,160,277,202,0,1058,227,40,0,1,11,16,17,0,19,25,138,42,5,240,0,11,0,42,22,14,26,0,16,5,22,4,3,26,0,11,0,0,55,0,0,5,14,25,1,7,0,17,2,10,0,1,5,0,0,1,48,6,4,0,7,15,32,9,0,45,0,9,1,2,0,0,9,0,11,70,1,6,1,1,3,3,1,0,0,8,102,6,2,1,0,2,0,4,0,30,5,0,0,0,0,6,13,3,0,1,11,0,5,3,0,0,4,18,33,5,1,1,0,0,0,1,0,4,0,3,0,6,7,0,0,0,6,0,0,36,27,0,0,0,0,11,4,18,3,0,2,0,0,0,0,0,1,0,0,0,0,0,0,7,0,1,0,2,0,1,4,0,1,0,0,0,9,4,0,0,0,0,0,2,1,1,0,0,0,2,0,4,0,0,0,0,5,0,0,0,0,0,2,0,0,0,2,0,0,0,0,0,0,0,0,0,0,0,0,0,0,1,1,0,1,0,0,0,0,0,0,0,0,0,2,1,0,0,0,1,0,0,0,0,1,0,0,0,3,0,2,0,0,0,0,0,0,0,4,0,1,0,0,0,0,0,2,0,0,0,0,0,0,1,0,0,0,0,0,0,0,0,0,1,0,0,0,3,0,0,0,0,0,0,0,0,0,0,0,0,0,0,0,0,2,0,0,0,3,0,0,0,0,0,0,0,0,0,11,1,0,0,0,0,0,0,0,0,0,0,0,0,0,0,0,0,2,0,0,0,0,2,0,0,0,0,0,0,0,0,0,0,0,0,0,0,0,0,0,0,0,0,0,0,0,0,0,0,0,0,0,0,0,1,0,0,0,0,0,0,0,0,0,0,0,0,0,0,0,0,0,0,0,0,0,0,0,0,0,0,0,0,0,0,0,1,0,0,0,0,0,1,0,0,0,0,0,0,0,0,0,0,0,0,0,0,0,0,0,0,0,0,0,0,0,0,0,0,0,0,0,0,0,0,0,0,0,0,0,0,0,0,0,0,0,0,0,0,0,0,0,0,0,0,0,0,0,0,0
Rotterdam,90,1014166_1,36,479,131,15,64,151,69,1,3,349,2,0,641,1036,1215,1,124,100,42,198,21,9,70,39,279,403,32,36,19,92,261,72,53,1,309,520,116,75,906,0,0,84,690,112,3,263,3,117,52,0,43,16,19,121,140,74,0,787,3,1705,60,100,545,1,2,1055,151,227,224,85,143,137,674,3,92,5,3,22,322,245,81,19,18,351,0,1,98,42,1,30,244,192,214,0,1462,454,45,7,0,57,87,19,0,55,33,189,55,12,354,0,22,0,38,59,13,77,0,28,16,46,6,18,23,3,14,0,1,156,0,0,11,16,22,9,3,1,48,0,12,0,0,7,0,6,5,31,107,15,6,7,78,54,48,0,45,0,33,4,1,0,0,29,0,12,3,16,10,6,0,9,4,2,0,0,9,158,11,0,1,0,1,0,3,0,27,11,3,0,0,0,2,29,8,0,8,14,1,3,1,0,0,2,17,32,6,2,0,1,1,0,0,8,0,0,3,0,5,21,0,0,0,6,0,0,28,68,1,0,0,3,24,1,26,5,0,3,1,0,0,0,1,1,2,0,2,0,0,0,3,0,2,0,0,0,0,5,0,3,0,5,0,16,4,0,2,0,0,0,1,2,0,1,0,0,0,0,2,0,0,0,0,6,1,1,0,0,0,0,0,1,0,8,0,0,0,0,0,1,0,0,0,2,0,0,0,0,1,1,0,3,0,0,0,0,0,0,0,1,0,1,0,0,0,0,8,0,0,0,0,4,0,3,0,3,0,0,0,2,0,0,0,0,0,0,0,0,0,0,0,0,2,0,0,4,0,0,0,0,1,0,0,0,0,0,0,0,0,0,0,0,0,0,0,0,0,0,0,0,0,0,0,0,0,0,1,0,0,0,1,4,0,0,0,0,0,0,0,0,0,0,0,0,0,22,0,2,0,1,0,0,0,0,0,0,0,0,0,0,0,0,0,0,1,0,0,0,0,0,0,0,0,0,0,0,0,0,0,0,0,0,0,0,0,0,0,0,1,0,0,0,0,0,0,0,0,0,0,0,1,0,0,0,0,0,0,0,0,0,0,0,0,0,0,0,0,0,0,0,0,0,0,0,0,0,0,0,0,0,0,0,0,0,0,0,0,0,0,0,0,0,0,0,0,0,0,0,0,0,0,0,0,0,0,0,0,0,0,0,0,0,0,0,0,0,0,0,0,0,0,0,0,0,0,0,0,0,0,0,0,0,0,0,0,0,0,0,0,0,0,0,0,0,0,0
Rotterdam,92,1014168_1,37,338,77,27,57,201,56,1,3,339,4,0,1133,786,888,0,201,147,17,90,6,7,35,21,242,416,49,11,46,217,184,38,87,1,328,439,60,122,807,4,0,66,590,69,8,206,4,215,28,0,67,26,16,87,182,83,9,684,3,1335,49,89,438,2,7,1242,113,203,221,123,99,127,497,1,82,7,0,15,169,197,74,11,10,408,0,3,82,36,0,14,243,223,245,1,1381,348,44,3,1,23,32,36,0,19,19,127,46,21,225,6,12,0,43,57,20,76,0,7,12,26,5,2,25,0,2,0,0,72,0,0,2,20,28,3,0,11,29,0,5,0,2,5,0,7,7,41,0,3,6,5,45,40,35,0,41,4,48,3,2,0,0,5,0,7,15,3,4,2,0,14,8,0,0,3,12,159,32,0,0,0,1,0,2,2,11,5,0,0,0,0,7,15,3,5,9,10,1,6,7,1,0,13,20,35,22,5,0,3,0,0,1,2,0,2,0,0,7,6,0,0,0,7,0,0,32,35,1,0,0,0,11,3,20,3,0,0,1,0,3,1,2,0,5,0,0,0,0,1,2,0,1,0,0,0,0,5,0,1,0,1,0,19,3,0,0,5,0,1,2,0,0,1,0,0,0,1,0,0,0,0,0,7,3,0,2,3,0,0,0,0,0,3,3,0,2,1,0,4,0,0,0,0,0,0,0,0,1,0,0,1,0,0,0,0,0,0,0,1,0,5,0,0,0,0,2,0,0,1,0,0,0,0,0,3,0,0,0,0,0,3,0,0,0,1,0,5,0,0,0,0,2,0,0,3,0,0,0,0,2,0,1,0,0,0,0,1,0,0,0,0,0,0,0,0,0,0,0,0,0,0,0,0,0,0,1,1,0,0,0,0,0,0,1,0,1,0,0,0,1,0,1,0,0,14,0,2,0,0,0,0,0,0,0,0,0,0,0,0,0,0,0,0,1,1,0,2,0,0,0,0,0,0,1,0,0,0,0,0,0,0,0,0,0,0,0,0,0,0,0,0,0,0,0,0,0,0,0,0,0,0,0,0,0,0,0,0,0,0,0,0,0,0,0,0,0,0,0,0,0,0,0,0,0,1,0,0,0,0,0,0,0,0,0,0,0,0,0,0,0,0,0,0,0,0,0,0,0,0,0,0,0,0,0,0,0,0,0,0,0,0,0,0,0,0,0,0,0,0,0,0,0,0,0,0,0,0,0,0,0,0,0,0,0,0,0,0,0,0,0,0,0,0,0,0
Rotterdam,95,1014171_1,44,722,193,68,92,272,81,11,0,622,5,19,2085,1785,1243,3,246,205,41,144,13,29,55,47,476,530,65,25,63,198,310,174,110,0,368,727,78,263,1611,6,4,117,1177,139,16,272,4,334,33,0,90,41,29,106,224,109,15,920,5,2955,143,197,646,1,20,1537,307,319,261,192,118,142,1145,3,260,1,3,15,236,225,143,41,16,498,0,1,153,39,7,26,309,219,449,1,1778,905,46,16,0,39,58,35,0,88,39,223,103,29,488,0,12,5,69,117,29,88,0,23,23,44,9,12,51,0,3,0,6,214,5,2,0,22,22,1,18,2,47,5,23,2,1,6,4,6,10,80,3,8,6,11,149,90,125,0,95,9,33,6,3,0,0,35,1,21,12,12,24,5,0,10,26,4,0,4,16,356,25,5,1,0,2,1,18,4,50,16,1,0,0,0,8,20,2,7,8,14,1,4,4,0,0,6,10,88,27,1,1,5,2,0,0,17,1,0,11,0,4,10,0,0,0,8,0,0,71,107,5,0,0,5,21,5,78,5,0,4,1,1,0,0,5,6,12,0,0,0,0,0,0,0,1,0,4,0,0,4,2,0,0,0,3,29,4,0,0,4,0,6,2,3,0,0,0,0,0,2,0,2,0,1,0,6,2,3,2,0,0,0,0,0,0,7,0,0,1,0,1,0,0,0,0,1,1,0,0,2,5,0,0,3,0,0,0,0,0,0,0,0,0,2,1,0,0,1,2,0,0,0,0,5,0,1,0,13,0,0,0,0,0,0,0,0,0,10,0,0,1,3,0,0,0,1,0,1,0,0,0,0,2,0,0,0,0,1,0,0,0,0,0,0,0,0,2,0,0,0,0,0,0,0,0,0,0,0,0,0,0,0,3,4,0,1,0,2,0,0,0,0,1,0,0,0,0,32,1,0,0,0,0,0,0,0,0,0,0,0,0,0,0,0,0,0,0,0,1,0,0,0,0,0,0,0,3,0,0,0,0,0,0,0,0,0,0,0,0,0,0,0,0,0,0,0,0,0,0,0,0,0,3,0,0,0,0,0,0,0,0,0,0,0,0,0,0,0,0,0,0,0,0,0,0,0,0,0,0,0,0,0,0,0,0,0,0,0,0,0,0,2,0,0,0,0,0,0,0,0,0,0,0,0,0,0,0,0,0,0,0,0,0,0,0,0,0,0,0,0,0,0,0,0,0,0,0,0,0,0,0,0,0,0,0,0,0,0,0,0,0,0,0,0,0,0,0,0
Rotterdam,96,1014172_1,51,238,80,13,35,130,33,0,3,213,4,0,847,514,1036,0,183,153,5,119,7,12,48,31,120,451,51,15,38,103,157,36,45,0,386,243,82,129,530,6,0,69,335,71,6,195,1,150,29,0,40,15,14,63,167,86,10,627,1,825,29,81,261,4,6,774,62,189,219,122,85,59,281,3,35,2,1,9,212,114,37,13,13,417,1,0,77,18,4,18,201,256,228,3,1220,158,46,28,1,25,17,42,0,9,27,199,23,16,150,0,11,1,29,26,14,32,0,7,6,18,6,7,42,0,11,0,2,47,0,1,3,13,19,0,0,0,14,2,3,0,1,2,1,5,2,50,1,2,2,12,25,24,21,0,51,0,8,1,1,0,0,6,1,12,10,5,6,1,0,0,3,0,0,2,5,106,9,0,0,0,2,0,0,3,8,3,0,0,0,0,1,21,3,0,0,4,1,1,0,0,0,7,12,14,9,0,2,3,1,0,0,2,0,0,1,0,0,2,0,0,0,4,0,0,46,19,2,0,0,0,1,2,10,2,0,3,0,0,0,0,2,0,0,0,1,0,0,0,4,0,1,0,1,0,0,0,0,0,0,0,0,4,0,0,0,0,2,0,7,4,0,0,0,0,0,3,3,0,0,0,0,2,0,1,0,2,0,0,0,0,0,4,0,0,0,0,0,0,0,0,0,0,1,1,0,0,4,0,0,0,0,0,0,0,0,0,0,0,0,2,0,0,0,1,6,2,0,0,0,3,0,0,0,7,0,0,0,0,0,0,0,0,0,0,0,3,0,0,0,0,2,0,0,0,0,0,0,0,2,0,0,0,0,0,0,0,0,0,0,0,0,0,0,0,0,0,0,0,0,0,0,0,0,0,0,0,0,0,0,1,0,0,0,0,0,0,0,0,1,0,0,0,0,5,0,0,0,0,0,0,0,0,0,0,0,0,1,1,0,0,0,0,0,0,0,0,0,0,0,0,0,0,0,0,0,0,0,0,0,0,0,0,0,0,0,0,0,0,0,0,0,0,0,0,0,0,0,0,0,0,0,0,0,0,0,0,0,0,0,0,0,0,0,0,0,0,0,0,0,0,0,0,0,0,0,0,0,0,0,0,0,0,0,0,0,0,0,0,0,0,0,0,0,0,0,0,0,0,0,0,0,0,0,0,0,0,0,0,0,0,0,0,0,0,0,0,0,0,0,0,0,0,0,0,0,0,0,0,0,0,0,0,0,0,0,0,0,0,0,0,0,0,0,0
Rotterdam,99,1014175_1,28,212,112,26,25,107,27,1,2,139,1,0,603,418,1196,0,118,159,1,156,2,13,61,35,64,491,31,18,35,94,176,19,23,0,356,224,81,68,468,1,2,58,224,42,7,213,2,97,42,0,21,15,16,57,189,96,3,499,1,610,62,54,158,1,8,644,36,178,221,98,83,83,189,2,8,3,28,5,258,92,26,19,3,494,1,1,66,35,1,17,213,211,202,1,917,76,51,32,0,17,21,47,1,2,33,238,5,4,128,3,5,0,20,12,23,18,0,2,5,25,5,2,36,2,5,0,0,19,0,1,6,9,31,0,3,0,18,0,0,0,0,5,1,4,1,23,1,0,1,5,8,28,11,0,24,6,4,4,1,0,0,4,0,2,21,2,6,1,0,0,2,1,0,3,2,0,1,0,1,0,1,0,1,1,4,2,6,0,0,0,5,29,9,1,1,6,0,1,6,0,0,5,10,12,0,2,0,3,0,0,1,0,0,0,4,0,1,1,0,0,0,15,0,0,55,4,2,0,0,1,5,1,7,2,1,4,0,0,0,0,1,1,0,0,0,0,0,0,5,0,5,0,0,0,0,3,0,1,0,0,0,3,1,0,0,0,0,0,0,0,0,2,0,0,0,0,4,1,0,0,0,0,0,0,0,1,0,1,0,0,0,3,0,0,0,0,0,0,0,0,1,1,0,0,0,0,0,2,0,2,0,0,0,1,0,0,0,0,0,2,0,0,0,0,1,0,0,0,0,1,0,0,0,0,0,0,0,0,2,0,0,0,0,0,0,0,2,0,0,0,2,1,4,0,0,0,0,0,0,0,0,0,0,0,0,0,0,0,0,0,0,0,0,0,0,0,0,0,0,0,0,0,0,0,0,0,0,0,0,0,0,0,4,0,0,0,1,0,1,0,1,0,0,0,0,0,1,0,0,0,0,0,0,0,0,0,0,0,0,1,2,0,0,0,0,0,0,0,0,0,0,0,0,0,0,0,0,0,0,0,0,0,0,0,0,0,0,0,0,0,0,0,0,0,0,0,0,0,0,0,0,0,0,0,2,0,0,0,0,0,0,0,0,0,0,0,0,0,0,0,0,0,0,0,0,0,0,0,0,0,0,0,0,0,0,0,1,0,0,0,0,0,0,0,0,0,0,0,0,0,0,0,0,0,0,0,0,0,0,0,0,0,0,0,0,0,0,0,0,0,0,0,0,0,0,0,0,0,0,0,0,0,0,0,0,0,0,0,0,1,1,1,0,0
Rotterdam,101,1014176_1,30,239,73,10,44,220,51,2,1,168,5,0,1148,371,893,2,71,354,10,187,6,21,39,22,99,768,20,21,25,82,125,23,66,3,367,238,62,108,441,2,4,115,264,44,25,175,11,217,19,0,51,22,20,34,207,60,11,481,0,613,94,71,170,3,9,1215,52,158,261,107,59,100,240,0,53,6,8,3,323,150,36,17,1,696,1,0,90,57,4,20,225,248,236,4,996,171,43,59,0,29,12,38,1,2,13,180,16,15,113,0,8,0,27,22,18,40,1,4,3,9,10,1,33,0,1,0,0,37,0,0,0,9,20,4,3,0,16,1,2,0,0,2,3,8,2,17,0,2,4,1,21,14,14,0,23,0,7,2,0,0,0,14,0,4,47,3,4,1,0,0,3,1,1,1,7,5,7,1,1,0,4,0,2,1,6,3,1,0,0,0,3,14,5,1,0,6,0,1,4,0,0,2,5,9,1,1,0,2,5,0,0,0,0,1,8,1,5,6,0,0,0,5,1,0,13,0,1,0,0,0,10,3,13,4,0,0,0,0,0,2,0,0,3,0,0,0,0,0,3,0,4,0,0,1,0,7,0,1,0,0,0,5,2,0,1,4,0,0,6,2,0,1,1,0,0,0,3,1,0,0,0,1,0,0,0,1,0,0,0,0,0,3,1,0,0,0,0,0,0,0,0,2,0,0,0,1,2,0,0,0,0,0,0,0,1,0,2,0,0,0,1,0,0,1,0,0,0,0,0,1,0,2,0,3,0,0,0,0,0,0,0,0,0,1,0,0,0,0,0,0,3,0,2,0,0,0,0,0,1,0,0,0,0,0,0,0,0,0,0,0,0,0,0,0,0,0,0,0,0,0,0,0,0,0,2,0,0,0,0,0,0,0,0,0,0,0,0,0,0,0,0,0,0,4,0,0,0,7,0,0,0,0,1,0,0,0,0,0,0,0,2,0,0,0,0,0,0,0,0,0,0,0,0,1,1,0,0,0,0,0,0,0,0,0,0,0,0,0,0,0,0,0,0,0,0,0,0,0,0,0,0,0,0,0,0,0,0,0,0,0,0,0,0,0,0,0,0,0,0,0,0,0,0,0,0,0,0,0,0,0,0,0,0,0,0,0,0,0,0,0,0,0,0,0,0,0,0,0,0,0,0,0,0,0,0,0,0,0,0,0,0,0,0,0,0,0,0,0,0,0,0,0,0,0,0,0,0,0,0,0,0,0,0,0,0,0,0,0,0,0,0,0,0,0
Rotterdam,103,1014178_1,49,213,82,23,20,105,27,0,0,148,0,6,804,368,1162,0,99,177,7,171,6,8,44,25,74,478,75,14,21,101,99,12,43,0,428,187,93,91,421,7,0,79,195,28,4,149,0,164,55,0,33,21,13,42,128,101,9,567,4,509,55,82,165,0,13,646,32,146,223,89,53,50,195,3,26,8,20,2,235,94,15,18,5,453,4,0,51,28,1,16,189,218,201,1,1037,79,59,38,0,15,17,42,0,0,23,154,14,24,118,0,3,0,11,22,14,15,0,5,3,18,6,2,55,0,0,0,3,35,0,0,2,16,25,0,0,0,7,2,2,0,1,5,0,8,1,21,2,1,0,3,5,19,5,0,39,0,23,0,0,0,0,7,0,8,134,10,19,2,0,0,0,0,0,3,2,0,2,0,0,0,0,0,0,1,11,9,1,1,0,0,3,13,3,0,0,4,0,1,1,0,0,1,2,3,1,2,0,4,0,0,0,2,0,0,2,0,2,8,0,0,0,5,0,0,44,9,2,0,0,0,5,0,4,2,0,1,0,1,0,0,2,0,0,0,0,0,0,0,6,0,2,0,0,0,0,5,0,0,0,0,1,1,0,1,0,2,0,0,0,5,0,2,0,0,0,0,4,0,0,0,0,0,0,0,0,0,0,1,0,0,0,1,0,1,0,2,0,0,0,0,0,2,0,0,0,0,3,0,0,6,0,0,2,0,1,0,0,0,0,0,0,0,0,0,1,0,0,0,6,5,0,0,0,2,0,0,0,0,0,0,0,0,0,1,0,0,0,1,0,0,1,0,6,2,0,0,0,0,0,0,0,0,0,0,0,0,0,0,0,0,0,0,0,0,0,0,0,0,0,0,0,0,0,0,0,0,0,0,0,0,0,0,0,0,0,0,0,0,0,0,0,0,0,3,0,0,0,0,0,0,0,0,0,0,0,0,0,0,0,0,1,0,0,0,0,0,0,0,0,0,0,0,1,1,0,0,0,0,0,0,0,0,0,0,0,1,0,0,0,0,0,0,0,0,0,0,0,0,0,0,0,0,0,0,0,0,0,0,0,0,0,0,0,0,0,0,0,0,0,0,0,0,0,0,1,1,1,0,0,0,0,0,0,0,0,0,0,0,0,0,0,0,0,0,0,0,0,0,0,0,0,0,0,0,0,0,0,0,0,0,0,0,0,0,0,0,0,0,0,0,0,0,0,0,0,0,0,0,0,0,0,0,0,0,0,0,0,0,0,0,0,0,0,0
Rotterdam,105,1014180_1,34,246,91,18,7,89,32,0,0,162,2,0,998,482,612,0,95,200,8,106,4,9,46,22,96,282,33,16,21,47,58,24,28,4,246,286,61,124,430,8,0,53,272,35,8,153,0,200,34,0,45,15,20,25,75,90,3,443,3,908,92,83,169,6,10,639,52,95,157,71,45,50,297,1,53,1,2,5,205,81,22,11,2,337,0,0,54,12,1,16,179,195,205,3,792,170,29,35,0,9,6,28,1,5,18,61,25,10,113,0,2,0,16,34,20,25,0,3,4,22,6,5,20,0,4,0,4,56,0,0,2,16,41,1,4,2,13,2,3,1,0,1,1,0,1,19,1,0,0,6,22,36,8,0,56,2,17,0,0,0,0,9,0,2,64,5,15,0,0,2,5,0,0,0,7,2,7,2,0,0,3,0,0,2,18,6,2,0,0,0,2,8,1,0,5,18,0,0,1,0,0,10,4,9,13,4,0,5,0,0,2,1,0,0,2,0,7,12,0,0,0,8,1,0,21,9,0,0,0,0,8,2,12,1,0,1,1,0,0,1,1,1,2,0,0,0,0,0,0,0,4,0,0,0,0,1,0,3,0,0,0,6,0,0,0,1,0,0,6,0,0,0,0,0,0,1,0,0,0,0,0,0,0,1,0,0,0,0,0,0,0,7,0,0,0,0,0,1,0,0,0,4,0,0,0,1,6,0,0,1,0,0,0,0,0,0,0,0,0,1,0,0,0,1,2,0,0,0,0,2,0,1,0,5,1,0,0,0,0,1,0,0,0,1,0,0,0,0,0,0,0,0,0,0,0,0,0,0,1,0,0,0,0,0,0,0,0,0,0,0,0,0,0,0,0,0,0,0,0,0,0,0,0,0,0,0,0,0,0,0,1,0,0,0,0,0,0,0,0,0,0,0,0,5,1,0,0,2,0,0,0,0,0,0,0,0,2,0,0,0,0,0,0,0,0,0,0,0,0,0,0,0,0,3,0,0,0,0,0,0,0,0,0,0,0,0,0,0,0,0,0,0,0,0,0,0,0,0,0,0,0,0,0,0,0,0,0,0,0,0,0,0,0,0,0,0,0,0,0,0,0,0,0,0,0,0,1,0,0,0,0,0,1,0,0,0,0,0,0,0,0,0,0,1,0,0,0,0,0,0,0,0,0,0,0,0,0,0,0,0,0,0,0,0,0,0,0,0,0,0,0,0,0,0,0,0,0,0,0,0,0,0,0,0,0,0,0,0,0,0,0,0,0,0
Rotterdam,108,1014183_1,29,272,160,24,46,156,32,2,2,209,2,0,576,416,1676,0,298,408,6,228,1,7,67,27,105,675,69,22,36,96,106,14,50,2,247,303,116,70,613,6,4,69,295,43,19,243,13,83,38,0,44,28,15,68,132,92,15,573,0,832,111,111,207,1,15,1023,54,171,274,120,78,86,318,1,42,1,7,1,361,130,25,14,5,663,0,0,47,21,0,41,279,149,166,6,921,168,30,91,0,34,20,52,0,2,33,146,12,17,127,0,19,0,17,29,24,57,0,7,2,22,13,1,30,0,6,0,0,81,0,1,2,16,20,0,6,0,32,1,6,0,3,1,0,12,7,16,1,0,6,4,8,23,24,0,21,3,12,2,2,0,1,9,0,0,34,2,10,2,0,3,3,0,2,1,8,0,20,0,0,0,1,0,0,3,3,3,3,0,0,0,6,35,4,2,2,3,1,4,0,2,0,4,5,6,6,2,0,1,0,0,1,0,1,0,4,0,11,3,0,0,1,6,3,0,17,1,2,0,0,0,7,6,10,0,0,5,1,0,0,0,1,1,0,0,0,0,0,0,2,0,0,0,2,0,0,5,0,0,0,0,0,6,0,0,0,1,0,0,1,5,0,0,0,0,0,0,6,0,0,0,0,3,0,0,0,0,0,0,0,0,0,3,1,0,0,0,0,0,0,0,0,1,0,0,0,0,2,0,0,1,0,0,0,0,2,0,0,0,0,3,0,0,0,0,0,0,0,1,1,0,0,0,0,2,0,0,0,0,1,0,0,0,0,0,0,1,0,0,0,0,1,0,1,0,0,0,0,0,0,0,0,0,0,0,0,0,0,0,0,0,0,0,1,0,0,0,0,0,0,0,0,0,0,0,0,0,0,0,0,0,0,0,1,0,0,0,0,0,0,0,0,1,0,6,1,0,0,0,0,0,0,0,0,0,0,0,0,0,0,0,0,0,0,0,0,1,0,0,0,0,0,0,1,0,0,0,0,0,0,0,0,0,0,0,0,0,0,0,0,0,0,0,0,0,0,0,0,0,0,0,0,0,0,0,0,0,0,0,0,0,0,0,0,0,0,0,0,0,0,0,0,0,0,0,0,0,0,0,0,0,0,0,0,0,0,0,0,0,0,0,0,0,0,0,0,0,0,0,0,0,0,0,0,0,0,0,0,0,0,0,0,0,0,0,0,3,0,0,0,0,0,0,0,0,0,0,0,0,0,0,0,0,0,0,0,0,0,0,0,0,0,0,0,0
Rotterdam,109,1014184_1,19,272,143,25,12,38,9,0,1,189,3,0,589,447,769,0,131,67,8,114,3,4,79,6,131,233,35,12,15,64,100,37,17,0,119,285,115,92,441,0,0,52,305,25,2,406,0,37,18,0,21,16,5,28,47,106,2,316,0,836,94,110,149,3,1,267,45,188,147,81,69,46,341,1,35,2,0,5,161,69,17,6,4,231,2,0,26,17,0,18,250,95,132,2,489,160,20,11,0,8,16,15,0,0,41,74,20,16,69,0,11,0,2,37,12,16,0,1,5,5,3,5,34,0,0,0,0,54,0,0,3,7,5,0,9,0,7,0,3,0,1,2,0,2,0,13,1,2,1,5,28,20,30,0,70,0,9,2,2,0,0,3,0,0,32,1,6,0,0,1,4,0,0,0,7,0,6,1,0,0,3,0,0,0,20,11,0,0,0,0,1,12,8,0,9,4,0,1,0,1,0,4,5,48,5,0,1,2,0,0,3,0,0,2,5,0,1,5,0,0,0,8,0,0,80,2,1,0,0,1,4,0,37,2,0,1,0,0,0,4,0,1,2,0,1,0,0,0,0,0,3,0,0,0,0,5,0,0,0,0,0,3,1,0,0,0,0,0,6,0,2,0,0,0,0,2,0,0,0,0,0,1,0,0,0,0,0,0,0,0,0,2,0,0,0,0,0,0,0,0,0,2,2,0,0,0,0,0,0,2,0,0,1,0,0,0,0,0,0,0,0,0,0,0,0,0,0,0,0,6,0,0,0,2,0,0,0,0,0,0,0,0,0,0,0,0,0,1,0,0,1,0,0,0,0,0,0,0,2,0,0,0,0,0,0,0,0,0,0,0,0,0,0,0,0,0,0,0,0,0,0,0,0,0,1,0,0,0,0,0,0,0,0,0,0,0,0,0,0,0,0,0,0,14,0,0,0,0,0,0,0,0,0,0,0,0,0,0,0,0,0,0,0,0,0,0,0,0,0,0,0,0,0,4,0,0,0,0,0,0,0,0,0,1,0,0,0,0,0,0,0,0,0,0,0,0,0,0,0,0,0,0,0,0,0,0,0,0,0,0,0,0,2,1,1,1,1,0,0,0,0,0,0,0,0,0,0,0,0,0,0,0,0,0,0,0,0,0,0,0,0,0,0,0,0,0,0,0,0,0,0,0,0,0,0,0,0,0,0,0,0,0,0,0,0,0,0,0,0,0,0,0,0,0,0,0,0,0,0,0,0,0,0,0,0,0,0,0,0,0,0,0,0,0
Rotterdam,112,1014187_1,25,365,156,19,28,77,35,3,10,225,6,4,828,620,618,1,209,141,21,127,5,11,52,12,134,302,85,10,59,109,108,58,49,0,243,375,114,146,820,1,18,71,401,36,5,408,2,102,29,0,22,15,1,30,144,92,4,557,1,983,61,110,236,3,2,576,125,178,324,80,37,56,483,2,93,6,0,11,223,95,37,19,4,372,0,0,61,23,1,33,197,197,256,0,955,234,20,25,1,13,15,42,2,1,17,103,51,7,140,0,28,1,17,40,6,41,0,11,3,18,2,1,47,0,2,0,1,85,0,0,5,11,22,1,3,4,16,0,7,0,1,3,4,4,5,37,5,9,6,11,62,24,50,0,107,2,14,0,2,0,3,3,0,14,36,5,10,1,0,3,2,1,0,0,19,119,7,0,1,0,0,0,3,2,27,1,0,0,0,0,1,18,4,1,3,7,1,4,1,0,0,15,7,54,12,4,0,7,0,0,1,5,0,0,0,0,6,7,0,0,0,6,0,0,80,15,8,0,0,0,11,1,67,4,0,1,0,0,0,0,1,4,0,0,0,0,0,0,1,0,9,0,0,0,8,0,0,2,0,0,0,17,0,1,0,2,0,0,22,1,0,2,0,0,2,0,3,2,0,0,0,1,0,1,0,0,0,0,0,0,0,7,0,0,1,0,0,0,0,0,0,0,0,1,0,0,3,0,0,0,0,0,3,0,0,0,0,0,0,0,0,0,0,2,0,0,0,0,0,4,0,0,0,3,0,0,0,0,0,0,0,0,0,2,0,2,0,0,0,0,1,0,0,0,0,0,0,0,0,0,0,0,0,0,0,0,0,0,0,0,0,0,0,1,0,0,0,0,0,0,0,0,0,0,1,0,0,0,0,2,0,3,0,0,0,0,0,0,0,0,0,2,0,7,0,1,1,0,0,0,0,0,0,0,0,0,0,0,0,1,0,0,0,0,0,0,0,0,0,0,0,0,0,0,0,0,0,0,0,0,0,0,0,0,0,0,0,0,0,0,0,0,0,0,0,0,0,0,0,0,0,0,0,0,0,0,0,0,0,0,0,0,0,0,0,0,0,0,0,0,0,0,0,0,0,0,0,0,0,0,0,0,1,0,0,0,0,0,0,0,0,0,0,0,0,0,0,0,0,0,0,0,0,0,0,0,0,0,0,0,0,0,0,0,0,0,0,0,0,0,0,0,0,0,0,0,0,0,0,0,0,0,0,0,0,0,0,0,0,0,0,0,0,0
Rotterdam,114,1014188_1,9,311,68,9,58,82,45,7,0,163,0,0,522,681,737,6,51,93,9,114,6,11,21,31,217,328,33,16,23,47,140,57,79,1,103,341,23,58,379,2,3,52,353,46,3,181,3,76,4,0,59,4,17,25,146,35,2,151,1,998,45,36,126,3,10,1531,88,214,103,32,65,170,553,0,35,0,2,4,169,292,36,9,5,259,1,0,139,13,0,22,200,51,108,2,259,244,22,23,1,32,26,26,0,3,11,196,8,21,124,1,11,0,79,53,21,92,1,2,6,26,5,2,11,0,1,0,5,61,0,2,5,10,9,3,10,0,29,0,4,0,0,4,0,4,1,17,0,2,5,3,51,31,59,0,112,2,22,1,1,0,0,34,1,2,1,5,13,2,1,1,25,0,0,1,1,105,18,0,2,0,5,1,5,1,5,10,0,0,0,0,2,14,2,4,1,5,3,10,0,0,0,11,10,16,13,1,0,2,2,0,0,1,0,0,5,0,1,8,0,0,0,4,0,0,9,8,6,0,1,2,5,2,18,2,0,0,0,0,0,0,2,3,4,0,1,0,0,0,2,0,4,0,0,1,0,4,0,0,0,2,0,4,1,0,0,1,0,0,3,1,0,0,0,0,0,0,4,0,0,0,0,0,0,0,1,0,0,0,0,0,0,7,0,0,0,0,0,0,1,0,0,3,0,0,0,0,5,2,0,0,0,0,1,0,0,1,2,0,0,1,1,0,0,0,0,0,0,0,0,1,0,0,0,0,0,0,0,0,0,0,0,0,0,0,0,1,0,0,0,0,4,0,0,0,0,0,0,0,1,0,0,0,0,0,0,0,0,0,0,0,2,0,0,0,0,0,0,0,0,0,0,0,0,0,0,0,0,0,0,0,0,0,0,7,0,0,0,0,0,0,0,1,1,16,0,0,0,0,0,0,0,0,0,3,0,0,0,0,1,0,0,0,0,0,0,2,0,0,0,0,0,0,0,0,0,0,0,0,0,0,0,0,0,0,0,0,0,0,0,0,0,0,0,0,0,0,0,0,0,0,0,0,0,0,1,0,1,0,0,0,0,0,0,0,0,0,0,0,0,0,0,0,0,0,0,0,0,0,0,0,2,0,0,0,0,0,0,0,0,0,0,0,0,0,0,0,0,0,0,0,0,0,0,0,0,0,0,0,0,0,0,0,0,0,0,0,0,0,0,0,0,0,0,0,0,0,0,0,0,0,0,0,0,0,0,0,0,0,0,0,0,0,0,0
Rotterdam,116,1014190_1,34,503,206,27,50,117,39,0,0,403,5,0,1177,1371,869,1,93,145,25,152,7,15,55,35,424,402,36,18,24,115,140,164,51,0,271,529,82,227,1074,1,0,85,731,103,5,329,1,132,42,0,61,12,18,51,190,94,3,626,5,2189,62,204,355,3,5,704,216,235,429,71,117,83,989,2,193,5,9,10,256,171,77,19,9,418,0,0,69,32,0,20,323,228,289,0,1316,522,15,24,3,22,31,34,0,15,42,173,71,22,244,0,9,0,35,116,20,78,0,2,10,20,4,2,56,0,9,0,15,127,0,1,0,18,25,1,6,0,26,1,9,2,1,3,4,5,8,53,0,3,4,4,122,46,126,0,219,3,29,0,0,0,1,22,2,11,17,4,14,3,1,3,8,0,0,0,14,198,13,2,1,0,5,0,1,3,52,10,0,0,0,0,0,21,2,2,6,22,0,2,2,0,0,18,9,82,21,4,0,2,0,0,0,8,0,0,0,0,5,12,0,0,0,9,0,0,161,13,14,0,0,1,15,2,87,2,0,0,1,1,1,0,2,2,2,0,1,0,0,0,2,0,3,0,1,0,0,3,0,2,0,0,4,26,0,2,0,5,0,0,6,6,0,3,0,0,0,0,9,0,0,3,0,2,1,1,0,1,0,1,0,0,0,4,1,0,2,0,0,0,0,0,0,5,0,0,0,0,0,0,0,0,0,0,0,0,1,0,0,0,2,1,1,0,0,0,4,0,0,0,0,6,0,0,0,11,0,0,0,0,0,1,0,0,0,4,0,2,0,0,0,0,0,0,2,1,0,0,0,0,1,0,0,0,0,0,0,0,0,0,0,1,0,0,0,0,0,0,0,0,0,0,0,0,0,0,0,0,0,0,0,0,0,1,0,1,0,0,0,0,0,0,0,0,0,28,2,0,1,0,0,0,0,0,1,0,0,0,0,0,0,0,0,0,0,1,0,0,0,0,0,0,0,0,0,0,0,0,0,0,0,0,0,0,0,0,0,0,0,0,0,0,0,0,0,0,0,0,0,0,0,0,0,0,0,0,0,0,0,0,0,0,0,0,0,0,0,0,0,0,0,0,0,0,0,0,0,0,0,0,0,0,0,0,0,0,0,0,0,0,0,0,0,0,0,0,0,0,0,0,0,0,0,0,0,0,0,0,0,0,0,0,0,0,0,0,1,0,0,0,0,0,0,0,0,0,0,0,0,0,0,0,0,0,0,0,0,0,0,0,0,0,0,0,0,0
Rotterdam,118,1014192_1,31,458,172,32,45,112,42,0,2,279,1,0,941,1029,1111,0,102,133,32,191,4,12,53,32,235,551,67,20,39,130,195,129,32,0,337,465,117,129,886,2,3,111,549,92,8,357,0,108,31,0,39,23,18,39,161,168,4,742,3,1762,51,142,354,2,6,733,134,227,349,75,105,90,744,1,99,9,4,21,312,241,55,12,7,504,3,1,68,51,0,27,287,286,256,3,1396,406,51,25,0,23,27,31,0,22,33,166,69,17,213,1,10,0,55,54,24,80,0,6,6,24,7,1,45,0,5,0,6,107,0,0,3,19,35,0,9,4,11,2,11,0,1,1,0,6,4,36,1,8,3,11,111,59,82,0,167,6,19,2,1,0,0,22,1,4,30,6,23,6,0,11,9,0,0,0,11,176,24,0,5,0,1,0,1,0,46,7,2,1,0,0,4,38,10,1,5,20,0,1,1,0,0,16,8,62,25,9,0,10,0,0,0,1,1,0,1,1,1,12,0,0,0,10,0,0,122,20,6,0,0,7,6,3,66,5,0,3,0,0,2,0,4,1,3,0,0,0,0,0,2,0,3,0,0,0,4,2,0,0,0,4,0,13,3,3,0,1,0,0,1,4,3,1,0,0,0,0,3,1,1,0,0,2,0,0,0,0,0,2,0,0,0,5,0,0,0,0,0,0,0,0,0,1,0,0,0,0,2,0,0,0,0,0,4,0,1,1,0,0,0,2,0,0,0,1,0,0,0,0,0,1,0,0,0,6,0,0,0,0,0,0,0,0,0,1,0,1,0,0,2,0,4,0,0,3,0,0,0,0,1,0,0,0,0,0,0,0,0,0,0,0,0,0,0,0,0,0,0,0,0,0,1,0,0,0,0,0,0,0,0,0,0,3,2,5,1,0,0,0,0,0,0,1,0,16,1,0,0,0,0,0,0,2,0,0,0,0,0,0,0,0,1,0,0,0,0,4,0,1,0,0,0,0,0,1,0,0,0,0,0,0,2,0,0,0,0,0,0,0,0,0,0,0,0,0,1,0,0,0,0,0,0,0,0,0,0,0,0,0,0,1,0,0,0,1,0,0,0,0,0,0,0,0,0,0,0,0,0,0,0,0,0,0,0,0,0,0,0,0,0,0,0,0,0,0,0,0,0,0,0,0,0,0,1,0,0,0,0,0,0,0,0,0,0,0,0,0,0,0,0,0,0,0,0,0,0,0,0,0,0,0,0,0,0,0,0,0,0,0,0,0,0,0,0,0
Rotterdam,121,1014194_1,31,555,200,13,30,76,24,5,8,352,2,0,745,1425,879,6,129,113,9,157,5,3,37,27,301,348,53,7,15,86,93,306,34,0,202,531,75,197,927,1,0,53,732,102,7,199,0,77,32,0,35,15,11,57,117,125,0,496,0,2118,55,169,381,0,1,394,172,129,234,87,61,69,733,1,136,1,2,14,198,169,87,13,9,336,0,0,28,21,2,17,211,161,207,0,888,532,44,9,0,6,28,23,0,30,39,107,123,15,231,0,7,0,52,76,9,48,0,10,12,13,5,5,79,0,3,0,7,129,0,0,1,16,16,0,8,0,21,1,11,0,2,1,0,5,8,67,0,10,8,5,191,62,237,0,206,3,10,0,2,0,0,12,0,19,30,4,12,11,0,12,6,8,0,0,19,187,12,0,1,0,0,0,2,2,82,11,1,0,0,0,1,41,4,1,10,16,0,2,0,0,0,26,19,108,48,4,0,4,4,0,0,6,0,1,3,0,4,10,0,0,0,9,1,0,158,41,6,0,0,3,11,1,113,2,0,1,0,0,0,0,0,2,6,0,3,0,0,0,0,0,2,0,4,0,0,1,0,0,0,0,0,21,0,0,0,4,0,0,4,1,0,0,0,0,0,1,3,0,0,0,0,0,0,0,0,0,0,0,0,0,1,6,4,0,0,0,0,1,0,0,0,2,0,0,0,1,3,0,0,3,0,0,0,0,2,0,0,0,0,1,1,0,0,0,2,0,0,0,0,4,0,0,0,16,0,0,0,0,0,0,0,0,0,5,0,3,0,0,0,0,2,0,0,1,0,0,0,0,3,0,0,0,0,0,0,0,0,1,0,0,0,0,0,0,0,0,0,0,0,0,1,0,0,0,0,0,0,0,0,1,0,1,0,1,2,0,0,0,0,0,0,0,0,24,0,0,0,0,0,0,0,0,0,0,0,0,0,0,0,0,0,0,0,0,0,1,0,0,0,0,0,0,3,0,0,0,0,0,0,0,1,0,1,0,0,0,0,0,0,0,0,0,0,0,0,0,0,0,1,0,0,0,0,0,0,0,0,0,0,0,0,0,0,0,0,0,0,0,1,0,0,0,0,0,0,0,0,0,0,0,0,0,0,0,0,0,0,0,0,0,0,0,0,0,0,0,0,0,0,0,0,0,0,0,0,0,0,0,0,0,0,0,0,0,0,0,0,0,0,0,0,0,0,0,0,0,0,0,0,0,0,0,0,0,0,0,0,0,0,0,0,0,0,0
Rotterdam,123,1014196_1,23,422,151,22,62,80,28,0,0,376,2,2,574,1289,841,0,194,73,37,118,3,11,43,21,331,243,43,21,32,94,174,120,33,0,156,477,44,99,1094,0,1,62,764,146,2,235,0,93,14,0,16,0,11,67,74,72,16,516,3,2125,74,127,380,8,10,635,175,168,159,71,88,90,792,0,131,1,6,17,177,348,83,10,12,191,0,0,36,21,3,12,220,143,155,0,948,611,32,4,0,15,70,19,0,45,32,148,63,15,278,0,26,0,71,72,12,120,0,9,9,29,4,2,30,0,0,0,0,151,0,0,4,17,15,7,9,0,46,1,14,0,1,5,0,1,3,53,0,12,9,15,109,57,79,0,69,3,20,3,4,0,1,25,0,14,0,3,18,7,0,4,21,1,0,0,8,215,16,0,5,0,1,0,4,0,36,11,1,0,0,0,14,29,2,4,2,24,2,5,2,1,0,12,14,52,12,6,0,7,3,0,2,1,0,0,5,0,0,27,0,0,0,7,0,0,36,35,9,0,0,2,10,1,43,0,0,1,0,0,0,0,0,2,1,0,0,0,0,0,0,0,1,0,5,0,0,6,0,0,0,0,0,12,0,0,0,0,3,0,0,1,0,0,2,0,0,0,4,0,0,0,0,1,1,0,0,0,0,3,0,0,0,6,0,0,0,0,0,0,0,0,1,0,0,1,0,0,0,0,0,0,0,0,0,0,0,0,1,0,0,1,3,0,0,4,3,0,0,0,1,1,0,0,0,10,0,0,0,0,0,0,0,0,0,4,0,0,0,0,1,0,3,0,0,1,0,0,0,0,0,0,0,0,0,0,0,0,0,0,1,0,0,0,0,0,0,0,1,0,0,0,0,0,0,0,1,0,0,0,0,6,0,0,0,3,0,0,0,0,1,0,0,0,0,18,0,0,0,0,0,0,0,0,1,0,0,0,0,0,0,0,0,0,0,0,0,0,0,0,0,0,0,0,0,0,1,0,0,0,0,0,0,0,0,0,0,0,0,0,0,0,0,0,0,0,0,0,0,0,0,0,0,0,0,0,0,0,0,0,0,0,0,0,0,0,0,0,0,2,0,0,0,0,0,0,0,0,0,0,0,0,0,0,0,0,0,0,0,0,0,0,0,0,0,0,0,0,0,0,0,0,0,0,0,0,0,0,0,0,0,0,0,0,0,0,0,0,0,0,0,0,0,0,0,0,0,0,0,0,0,0,0,0,0,0,0,0,0,0,0,0,0,0,0,0
Rotterdam,125,1014198_1,34,437,151,19,61,89,28,0,0,395,5,0,806,1457,776,1,161,58,46,64,6,10,48,27,315,296,34,10,34,114,162,140,22,0,296,446,71,93,1183,6,5,60,947,118,6,234,3,119,25,0,28,6,17,61,121,97,2,743,11,2479,66,115,427,2,6,559,252,225,143,74,92,121,864,0,129,1,14,31,136,342,81,9,17,284,1,0,52,24,0,32,204,313,197,1,1433,646,31,1,2,12,62,17,2,40,46,125,92,5,367,4,62,0,49,62,19,94,0,20,8,35,10,16,34,2,7,0,1,130,1,0,5,31,16,0,13,2,59,0,12,1,1,12,0,3,5,64,1,10,9,6,93,84,105,0,95,7,40,2,1,0,4,26,0,12,17,2,15,7,0,9,16,1,1,1,10,261,10,1,2,0,1,0,3,4,31,13,0,0,0,2,8,13,2,2,1,16,2,1,0,0,0,6,37,89,34,0,0,3,0,0,1,6,4,0,9,0,2,27,0,0,0,0,0,0,56,36,3,0,0,3,40,7,18,2,0,6,0,0,0,1,0,3,10,0,0,1,0,0,0,0,8,0,4,0,1,3,0,2,0,0,0,43,2,0,0,3,0,0,5,1,2,1,0,0,0,0,2,2,0,0,0,0,1,2,1,1,0,0,0,0,0,7,0,0,0,0,0,1,0,0,0,7,0,0,0,0,3,0,0,1,0,0,0,0,1,0,1,0,0,4,0,0,0,4,3,0,0,0,0,3,0,0,0,11,0,0,0,0,0,0,0,0,0,2,0,7,0,0,0,0,2,4,0,0,0,0,0,0,1,0,0,0,0,0,0,0,0,0,0,0,0,0,0,0,0,0,2,0,0,0,0,0,0,0,1,0,0,0,2,6,1,0,0,3,0,0,0,0,1,0,0,2,0,29,0,0,0,0,0,0,0,0,0,0,0,0,0,0,0,2,2,3,1,0,0,0,1,0,0,0,0,0,0,0,0,0,0,1,0,0,2,0,0,0,0,0,0,0,0,0,0,0,0,0,0,0,0,0,0,0,0,0,0,0,0,0,0,0,0,0,0,0,0,0,0,0,0,0,0,0,0,0,0,0,0,0,0,0,0,0,0,0,0,0,0,0,0,0,0,0,0,0,0,0,0,0,0,0,0,0,0,0,0,0,0,0,0,0,0,0,0,0,0,0,0,0,0,0,3,0,0,0,0,0,0,0,0,0,0,0,0,0,0,0,0,0,0,0,0,0,0,0,0,0
Rotterdam,127,1014200_1,34,360,162,24,63,88,27,2,1,270,4,0,641,855,922,0,142,46,21,74,5,4,57,33,209,301,52,8,23,93,224,79,19,0,176,376,104,154,910,0,1,75,669,100,7,347,0,49,33,0,25,11,10,66,113,122,5,624,0,1614,49,109,301,10,9,524,106,197,173,74,74,117,522,0,112,0,14,14,145,254,47,9,17,236,1,0,18,17,5,38,235,202,204,1,1134,400,39,1,0,12,59,19,1,17,66,132,64,7,264,0,77,0,69,44,26,78,0,18,13,20,5,13,40,0,2,0,6,109,0,0,3,27,17,7,5,0,48,1,12,0,0,17,1,4,3,32,1,2,10,11,84,41,63,0,81,7,29,0,0,0,0,9,0,18,15,4,17,2,1,3,31,2,0,0,11,180,19,0,0,0,3,1,6,4,35,7,1,0,0,0,15,30,4,0,7,18,2,2,2,1,0,7,14,82,20,3,0,0,1,0,0,7,4,0,4,1,2,15,0,0,0,11,0,0,100,14,7,0,0,1,16,5,37,1,0,3,0,0,0,4,0,1,2,0,0,0,0,0,1,0,4,0,2,0,0,1,0,2,0,1,0,12,6,0,0,1,0,2,10,0,0,4,0,0,0,2,0,3,0,0,0,1,0,0,0,0,0,1,0,0,2,9,0,0,0,0,0,0,0,0,0,2,0,0,0,0,1,0,0,5,0,0,1,0,0,0,0,1,0,1,1,0,0,1,0,0,0,0,0,9,0,0,0,8,0,0,0,0,1,0,0,0,0,4,0,1,0,0,0,0,0,0,0,8,0,0,0,0,0,0,0,0,0,0,0,0,0,0,0,0,0,0,1,0,0,0,1,0,0,0,0,0,0,0,0,0,0,0,0,7,0,1,0,1,0,0,0,0,0,0,0,0,0,7,0,0,0,3,0,0,0,0,0,0,0,0,0,0,0,0,1,0,1,0,0,0,1,0,0,0,0,0,0,0,0,0,0,0,0,0,0,0,0,0,0,0,0,0,0,0,0,0,0,0,0,0,0,0,0,0,0,0,0,0,0,0,0,0,0,0,0,0,0,5,0,0,0,0,0,0,0,0,0,0,0,0,0,0,0,0,0,0,0,0,1,0,0,0,0,0,0,0,0,0,0,0,0,0,0,0,0,0,0,0,0,0,0,0,0,0,0,0,0,0,0,0,0,0,0,1,0,0,0,0,0,0,0,0,0,0,0,0,0,0,0,0,0,0,0,0,0,0,0,0
Rotterdam,130,1014203_1,25,107,57,10,13,20,7,0,2,99,3,1,241,233,533,1,79,14,11,10,0,1,24,28,24,57,20,5,5,34,70,29,8,0,304,133,41,27,259,3,0,14,219,37,2,137,0,17,15,0,7,0,1,19,27,84,0,285,0,526,46,40,94,0,1,95,16,83,29,58,26,22,113,0,13,1,0,5,23,105,27,6,7,73,1,0,20,2,3,15,87,188,65,0,604,82,17,1,0,3,16,3,0,9,11,25,35,1,82,2,64,0,24,3,2,25,0,4,6,14,1,2,19,4,16,0,0,19,0,0,6,2,2,0,2,3,7,1,6,0,8,3,0,1,2,6,4,0,0,2,13,23,18,0,44,0,17,0,0,0,0,7,0,3,52,3,1,5,0,0,12,0,0,0,8,5,12,1,0,0,4,0,1,0,13,3,0,0,0,0,9,10,0,0,1,1,0,2,0,1,0,0,8,48,12,0,0,5,0,0,0,0,0,0,0,0,1,8,0,0,0,6,0,0,25,11,1,0,3,1,10,2,13,0,0,0,0,0,3,0,1,1,1,0,0,0,0,0,3,0,2,0,0,0,1,1,8,2,0,0,1,3,7,0,0,3,0,1,2,0,17,16,0,0,0,3,1,0,10,0,0,2,0,0,0,0,0,0,0,0,0,4,2,2,0,1,0,10,0,0,0,0,0,0,0,0,0,0,0,0,0,0,4,0,0,1,0,0,0,1,1,0,7,0,0,0,0,0,0,1,0,0,0,0,3,0,0,0,1,0,0,0,0,3,0,0,0,0,0,0,3,0,0,0,0,3,0,0,1,0,0,0,0,0,0,0,1,0,0,0,0,0,0,0,0,0,0,0,0,0,0,0,0,0,0,0,0,0,0,0,1,0,0,3,0,1,0,0,0,0,0,0,0,1,0,0,0,46,0,0,0,0,0,0,0,0,0,0,0,0,0,0,0,0,0,3,0,0,0,0,0,0,0,0,0,0,2,0,0,0,0,0,0,0,0,0,0,0,0,0,0,0,2,0,0,0,0,0,1,0,0,0,0,0,1,0,1,0,0,0,0,0,0,0,0,0,0,0,0,0,0,0,0,0,0,0,0,0,0,0,2,0,1,0,0,0,0,0,0,0,0,0,0,0,2,0,0,0,0,0,0,0,0,0,0,0,0,0,0,0,0,0,0,0,0,0,0,0,0,0,0,0,0,0,0,0,0,0,0,0,0,0,0,0,0,0,0,0,0,0,0,0,0,0
Rotterdam,132,1014205_1,27,433,143,11,46,88,15,2,1,310,4,0,456,1203,783,0,120,26,13,52,5,2,40,12,242,197,28,15,50,111,133,123,13,0,247,474,52,81,891,1,0,45,800,100,0,186,2,69,43,0,15,0,2,53,59,100,1,387,5,2297,12,125,336,2,1,398,112,200,101,84,52,127,594,0,75,0,21,125,94,517,74,1,31,171,0,0,10,17,7,25,181,138,134,0,822,459,46,3,0,5,66,13,0,44,17,77,54,6,310,1,31,0,99,69,9,156,0,9,7,19,8,4,23,1,10,0,0,151,1,0,5,14,11,1,8,0,59,3,12,0,1,7,0,3,4,49,0,8,5,13,116,72,127,0,152,3,57,0,1,0,1,54,0,9,4,1,16,10,0,10,42,0,0,0,10,90,17,0,0,0,0,0,7,1,42,12,1,0,0,0,8,16,0,3,1,25,1,3,1,0,0,9,27,63,21,1,1,0,0,0,0,8,0,0,3,0,2,25,0,0,0,5,0,0,71,35,5,0,0,0,19,4,48,0,0,0,0,2,0,0,0,2,4,0,2,1,0,0,1,0,0,0,2,0,0,3,0,0,0,0,0,18,0,0,0,4,1,2,8,1,0,0,0,0,0,1,10,0,0,0,0,3,2,0,1,0,0,0,0,0,0,8,0,0,0,0,0,0,0,0,1,5,0,0,0,0,1,0,0,7,0,0,1,0,1,0,1,0,0,5,2,0,0,4,1,0,0,0,0,2,0,3,0,4,0,0,0,0,0,0,0,0,0,4,0,5,1,0,0,0,0,0,2,1,0,0,0,0,2,0,0,0,0,1,0,0,0,0,0,0,0,0,2,0,0,2,0,0,0,0,0,0,0,0,2,0,0,0,0,2,0,0,0,1,1,0,0,0,0,0,0,2,0,21,0,0,0,0,0,0,0,0,0,0,0,0,0,0,0,0,0,0,0,0,0,0,0,0,0,0,0,0,1,0,0,0,0,0,0,0,0,0,0,0,0,0,0,0,0,0,0,0,0,0,0,0,0,0,0,1,0,1,0,0,0,0,1,0,0,0,0,0,0,0,0,0,0,0,0,0,0,0,0,0,0,0,0,0,0,0,0,0,0,0,0,0,0,0,0,0,0,0,0,0,0,0,0,0,0,0,0,0,0,0,0,0,0,0,0,0,0,0,0,0,0,0,0,0,0,0,0,0,0,0,0,0,0,0,0,0,0,0,0,0,0,0,0,0,0,0,0,0,0,0
Rotterdam,134,1014208_1,7,376,135,12,79,58,31,0,0,311,2,0,260,1196,775,3,87,33,46,78,7,6,24,25,221,226,32,22,26,99,182,88,21,0,107,344,78,54,823,0,4,44,726,86,1,173,1,22,28,0,18,7,11,48,65,65,0,325,2,2199,73,80,309,2,0,457,124,165,120,27,96,200,669,0,92,1,11,22,142,451,67,6,12,196,3,0,41,25,1,23,175,57,100,0,533,534,34,1,0,16,97,15,2,31,23,117,68,4,291,0,25,0,115,72,13,154,0,18,29,32,5,9,22,1,0,0,1,145,0,0,6,18,3,3,16,0,71,2,9,0,2,3,0,2,4,46,1,1,17,15,132,73,82,0,67,4,66,1,2,0,1,63,0,11,1,3,26,8,0,7,33,0,1,1,5,130,14,0,0,0,0,0,8,0,19,11,2,0,0,1,9,27,1,4,2,13,0,2,1,0,0,9,31,53,22,1,0,0,0,0,0,8,1,0,3,0,1,22,0,0,0,5,2,0,31,24,0,0,0,0,22,9,37,0,0,5,0,0,0,1,1,2,6,2,2,0,0,0,0,1,0,0,7,0,0,5,0,1,0,0,0,13,2,0,0,4,0,2,5,0,1,0,0,0,0,0,13,0,0,0,0,0,1,0,0,0,0,0,0,0,0,6,4,0,0,0,0,0,0,0,2,3,0,0,0,0,1,0,0,2,0,0,0,0,1,2,2,0,0,1,6,0,0,0,1,0,0,0,0,2,0,0,0,4,0,0,0,0,0,0,0,0,0,4,0,1,0,0,0,0,2,0,0,6,0,0,0,0,1,0,0,0,0,0,0,0,0,0,0,0,0,0,0,0,0,0,0,0,0,0,0,1,0,0,0,0,0,0,1,1,1,1,0,3,3,0,1,0,0,0,0,1,0,20,0,0,0,0,0,0,0,0,1,0,1,0,0,0,0,1,0,0,0,0,0,3,0,0,0,0,0,0,0,0,0,0,0,1,0,0,0,0,0,0,0,0,0,0,0,0,0,0,0,0,0,0,0,0,1,0,0,1,0,0,2,2,3,0,0,0,0,0,0,0,0,0,0,0,0,0,0,0,0,0,0,0,0,0,0,0,0,0,0,0,0,0,0,0,0,0,0,0,0,0,0,0,0,0,0,0,0,0,0,0,0,0,0,0,0,0,0,0,0,0,0,0,0,0,0,0,0,0,0,0,0,0,0,0,0,0,0,0,0,0,0,0,0,0,0,0,0,0,0,0
Rotterdam,138,1014209_1,31,427,144,21,52,40,17,0,6,319,4,0,531,1073,656,0,104,31,100,57,4,8,45,23,179,183,46,17,17,96,138,117,13,0,436,465,75,186,913,4,0,27,896,89,2,247,1,38,17,0,16,7,7,42,60,120,7,383,6,2261,47,142,232,1,1,286,91,161,83,78,72,116,674,0,66,0,9,17,97,311,82,7,13,143,11,0,31,16,3,17,183,162,185,4,731,524,24,0,0,11,39,17,0,45,34,64,71,3,303,1,16,0,63,39,18,119,0,24,21,24,4,13,30,1,3,0,10,120,2,0,1,14,12,2,10,2,57,1,7,0,0,7,0,1,4,46,1,7,4,20,117,63,139,0,347,0,36,3,2,0,0,19,0,14,34,2,20,7,1,10,22,1,0,0,20,152,28,2,0,1,2,0,13,0,39,9,1,0,0,1,4,24,1,3,3,19,0,3,1,1,0,10,29,186,19,1,0,2,0,0,1,2,1,0,3,0,0,15,0,0,0,8,0,0,109,37,3,0,0,3,15,8,117,0,0,1,0,0,0,1,0,2,7,0,0,0,0,0,0,0,4,0,0,0,0,1,0,0,0,2,0,10,3,2,0,3,0,2,7,0,1,0,0,0,0,0,6,4,0,0,0,1,0,0,0,2,0,0,0,0,0,6,1,0,0,0,0,0,0,0,0,2,0,0,0,0,0,0,0,0,0,0,0,0,0,0,0,0,0,5,0,0,0,1,0,0,0,0,0,0,0,1,0,6,0,0,0,0,0,0,0,0,0,8,0,0,0,0,0,0,2,0,0,4,0,0,0,0,3,0,0,0,0,0,0,0,0,0,0,0,1,0,3,1,0,0,0,0,0,0,0,0,0,0,0,0,0,0,1,1,0,0,0,0,0,0,0,0,0,0,0,0,0,24,0,1,0,0,0,0,0,0,0,0,0,0,0,0,0,0,0,0,0,0,0,0,0,0,0,0,0,0,1,0,0,0,0,0,0,0,0,0,0,0,0,0,0,0,0,0,0,0,0,0,0,0,0,0,0,0,0,1,0,0,0,0,0,0,0,0,0,0,0,0,0,0,0,0,0,0,0,0,0,0,0,0,0,0,0,0,0,0,0,0,0,0,0,0,1,1,0,0,0,0,0,0,0,0,0,0,0,0,0,0,0,0,0,0,0,0,0,0,0,0,0,0,0,0,0,0,0,0,0,0,0,0,0,0,0,0,0,0,0,0,0,0,0,0,0,0,0,0,0,0
Rotterdam,139,1014210_1,16,611,156,18,78,58,40,0,2,492,2,0,424,1375,1099,4,180,33,106,106,7,7,38,36,334,263,42,19,37,126,257,228,16,0,190,656,88,103,1265,0,1,39,1184,102,0,321,0,43,43,0,16,4,19,75,90,150,2,485,6,2872,69,153,434,1,2,485,194,267,181,115,119,168,1064,1,155,0,6,28,142,322,102,7,21,246,14,0,38,38,2,38,256,103,172,0,781,930,31,1,0,11,58,13,0,58,38,137,98,7,453,0,26,0,43,66,18,120,0,38,27,36,2,12,41,0,6,0,1,187,0,0,7,17,20,11,6,0,94,4,16,1,3,5,0,5,5,68,3,6,7,38,156,74,168,0,130,5,45,2,0,0,1,5,0,18,2,4,28,10,1,6,27,1,0,0,8,285,40,6,2,0,4,0,6,0,45,13,2,0,0,0,4,23,1,2,3,26,0,9,1,3,0,13,26,99,37,3,1,2,2,0,6,8,0,1,1,0,0,18,0,0,0,3,0,0,93,54,0,0,0,0,18,10,78,0,0,5,0,0,0,0,3,0,11,0,0,1,0,0,1,0,5,0,1,0,0,1,0,0,0,0,0,15,1,5,0,9,0,3,5,0,0,0,0,0,1,0,2,0,0,0,0,7,1,0,0,0,1,2,0,0,0,8,1,0,0,0,0,0,0,0,0,1,1,0,0,0,0,0,0,0,0,0,0,0,2,0,1,0,0,1,0,0,0,2,1,0,1,0,0,4,0,0,0,14,0,0,0,0,1,0,1,0,0,7,0,5,0,0,0,0,0,0,0,2,0,0,0,0,0,0,0,0,0,0,0,0,0,1,0,0,0,0,0,0,0,0,0,0,0,0,0,0,0,0,2,0,0,0,2,5,0,1,0,1,2,0,0,0,0,0,0,1,0,41,0,0,0,0,0,0,0,0,0,0,0,0,0,0,0,0,0,0,0,0,0,0,0,0,0,0,0,0,0,0,0,0,0,1,0,0,0,0,0,0,0,0,0,0,0,0,0,0,0,0,0,0,0,0,0,0,0,0,0,0,0,0,0,0,0,0,0,0,0,0,0,0,0,0,2,0,0,0,0,0,0,0,0,0,0,0,0,0,0,0,0,0,0,0,1,0,0,0,0,0,0,0,0,0,0,0,0,1,0,0,0,0,0,0,0,0,0,0,0,0,0,0,0,0,0,0,0,0,0,0,0,0,0,0,0,0,0,0,0,0,0,0,0,0,0,0,0,0,0,0
Rotterdam,140,1014211_1,84,435,82,25,17,29,3,0,2,271,0,3,440,649,674,2,87,25,10,20,7,3,74,16,138,114,22,5,30,71,62,81,22,0,914,398,114,50,534,0,2,23,513,53,2,135,1,39,64,0,10,10,2,39,33,90,2,1044,3,1401,41,72,271,2,4,307,86,168,66,131,58,45,370,0,56,2,4,21,48,96,36,10,8,120,12,0,19,7,2,15,139,679,113,0,1928,250,31,2,0,1,33,10,0,18,8,82,39,12,235,0,18,0,19,35,22,40,0,9,10,18,4,2,25,0,3,0,0,71,0,0,4,26,69,2,1,6,15,3,4,0,0,2,0,0,4,24,2,3,10,8,116,37,81,0,152,2,19,1,0,0,0,2,0,6,139,0,5,6,0,0,8,0,0,1,9,128,9,0,0,0,0,0,5,0,42,8,0,0,0,0,7,8,2,2,11,5,0,2,0,0,0,7,6,58,24,0,0,1,1,0,0,4,4,0,0,0,4,6,0,0,0,4,0,0,35,20,0,0,0,1,9,2,48,4,0,3,0,0,0,0,2,1,0,0,0,0,0,0,6,0,2,0,0,0,0,3,0,0,0,2,0,17,27,0,0,1,0,4,1,0,0,0,0,0,1,1,0,1,0,0,0,2,0,0,0,0,0,3,0,0,0,4,1,1,0,1,0,1,0,0,0,0,1,0,0,0,0,0,0,5,0,0,1,0,0,0,0,0,0,0,0,0,0,0,0,0,0,0,0,0,0,0,0,5,0,0,0,0,0,1,0,0,0,1,0,0,0,0,0,0,0,1,0,0,0,0,0,0,0,0,1,0,0,0,0,0,0,0,0,0,0,0,0,0,0,0,2,0,0,0,0,0,0,0,0,0,0,0,0,2,0,0,0,0,1,0,0,0,0,0,0,2,0,4,0,0,0,0,0,0,0,0,0,0,0,0,0,0,4,0,0,0,1,0,0,0,0,0,0,0,0,0,0,0,0,0,0,0,0,0,0,0,0,1,0,0,0,0,0,0,0,0,0,0,0,0,0,0,1,0,0,0,0,0,0,0,0,0,0,0,0,0,0,0,0,0,1,0,0,0,0,0,0,0,0,0,0,0,0,0,0,0,0,0,0,0,0,0,0,0,0,0,0,0,0,0,0,0,0,0,0,0,0,0,0,0,0,0,0,0,0,0,0,0,0,0,0,0,0,0,0,0,2,0,0,0,0,0,0,0,0,0,0,0,0,0,0,0,0,0,0,0,0,0
Rotterdam,142,1014213_1,33,692,284,45,77,156,47,1,4,633,3,0,1165,2027,1317,1,296,143,56,122,11,14,77,33,410,350,64,31,67,211,301,195,38,2,277,832,106,276,2139,3,4,105,1443,193,1,445,0,154,49,0,43,13,19,96,149,150,5,833,15,3561,138,262,608,5,12,809,272,253,223,151,164,129,1027,0,217,3,12,56,204,459,143,8,25,412,10,0,75,45,1,44,359,214,326,4,1394,994,67,9,1,24,69,25,0,82,63,170,161,13,592,0,57,1,98,100,27,161,1,40,20,27,17,9,68,0,1,0,2,233,3,0,3,22,14,0,13,2,69,6,19,2,2,15,3,7,10,137,0,2,13,18,194,133,156,0,172,0,25,5,3,0,0,15,2,15,13,5,29,5,0,12,44,2,1,0,9,344,48,0,3,0,2,0,6,4,65,34,0,0,0,0,11,34,4,3,2,20,3,9,2,4,0,27,21,184,27,1,0,2,3,0,2,16,4,0,10,0,1,24,0,0,0,11,0,0,108,71,4,0,0,0,34,6,81,2,0,4,0,0,0,3,0,4,7,0,0,0,0,0,3,0,9,0,4,0,0,6,0,0,0,0,0,38,3,0,0,3,0,0,9,3,0,1,0,0,0,0,7,0,1,0,0,7,0,1,1,2,1,1,0,0,1,5,2,0,0,0,0,0,0,0,0,3,0,0,0,0,1,2,0,0,0,0,0,0,5,0,0,0,0,11,0,0,0,0,0,0,0,0,0,5,0,0,0,5,0,0,0,0,0,0,0,0,0,5,0,2,0,1,0,0,0,0,1,3,0,0,0,0,3,0,0,0,0,0,0,0,0,0,0,0,0,0,0,1,0,0,0,0,0,0,0,0,0,0,0,0,0,0,0,3,5,1,0,2,0,0,0,0,0,0,0,0,0,38,0,0,0,0,0,0,0,0,0,0,1,2,1,1,1,2,1,0,0,0,0,0,0,0,0,0,0,0,0,0,0,0,0,0,0,0,0,0,0,0,0,0,0,0,0,0,0,0,0,0,0,0,0,0,0,0,0,0,0,0,0,0,0,0,0,0,0,0,0,0,0,0,0,0,0,0,0,0,0,0,0,0,0,0,0,0,0,0,0,0,0,0,0,0,0,0,0,0,0,0,0,0,0,0,0,0,0,0,0,0,0,0,0,0,0,0,0,0,0,0,0,0,0,0,0,0,0,0,0,0,0,0,0,0,0,0,0,0,0,0,0,0,0,0,0,0,0,0,0,0
Rotterdam,144,1014215_1,13,348,103,12,35,63,19,2,5,348,11,0,877,969,676,0,194,56,28,44,18,6,51,22,258,138,30,9,45,111,123,132,23,0,136,375,72,136,1064,0,2,59,751,93,2,250,1,100,37,0,23,5,5,37,61,90,4,452,0,1702,80,100,324,3,0,391,195,160,61,133,78,58,523,0,150,5,5,22,82,168,79,14,8,140,15,0,35,12,2,35,200,134,217,1,833,498,26,2,0,11,24,17,0,28,28,54,57,4,297,0,54,0,33,42,10,54,0,20,13,8,6,9,36,0,0,0,1,108,0,0,1,31,11,0,11,0,20,3,9,1,2,9,0,6,0,53,3,4,5,8,106,56,81,0,109,2,15,1,0,0,0,10,1,19,13,0,10,7,0,5,21,1,0,0,13,186,14,0,0,0,1,0,3,1,41,11,0,0,0,0,6,18,4,1,3,17,0,3,1,0,0,22,4,85,16,0,1,2,0,0,0,5,0,0,1,0,3,8,0,0,2,12,0,0,70,44,0,0,0,1,10,4,68,0,0,1,0,0,1,0,0,3,2,0,0,0,0,0,1,0,1,0,5,0,0,0,0,2,0,0,0,23,4,0,0,0,2,1,2,0,0,0,0,0,0,4,1,0,0,0,0,5,2,0,0,2,0,0,0,0,0,1,0,1,0,0,0,1,0,0,0,2,0,0,0,0,0,0,0,1,0,0,0,0,0,0,0,0,0,0,0,0,0,3,0,0,0,0,0,0,0,0,0,4,0,0,0,0,0,0,0,0,0,7,0,1,0,0,0,0,0,0,0,3,0,0,1,0,0,0,0,0,0,0,0,0,0,0,1,0,1,0,0,0,0,0,0,0,0,0,0,0,0,0,0,0,0,0,1,2,1,0,0,0,1,0,0,0,0,0,0,0,0,11,0,0,0,0,0,0,0,0,1,0,0,0,0,0,0,0,0,0,0,0,0,0,0,0,0,0,0,0,0,0,0,0,0,0,0,0,0,0,0,0,0,0,0,0,0,0,0,0,0,0,0,0,0,0,0,0,0,0,0,0,0,0,0,0,0,0,0,0,0,0,0,0,0,0,0,0,0,0,0,0,0,0,0,0,0,0,0,0,0,0,1,0,0,0,0,1,0,0,0,0,0,0,0,0,0,0,0,0,0,0,0,0,0,0,0,0,0,0,0,0,0,0,0,0,0,0,0,0,0,0,0,0,0,0,0,0,0,0,0,0,0,0,0,0,1,0,0,0,0,0