CITY,PLANT,COUNTRY,relative_week,COLLECTION_DATE,sample_id,blaOXA-58_1_AY665723,aph(3'')-Ib_2_AF024602,blaAER-1_1_U14748,aph(3')-Ia_3_EF015636,blaTEM-1D_1_AF188200,tet(O/32/O)_5_FP929050,lnu(C)_1_AY928180,dfrA32_1_GU067642,aph(3')-VI_1_KC170992,aadA1_3_JQ414041,aadD_2_M19465,tet(O/32/O)_1_JQ740052,tet(Q)_1_L33696,tet(C)_3_AF055345,aadA11_1_AY144590,aac(3)-IVa_1_X01385,blaOXA-5_1_AF347074,erm(B)_10_U86375,dfrA1_1_FJ591049,lnu(B)_1_AJ238249,aac(3)-IIa_3_X13543,cfr(C)_2_CANB01000378,mph(G)_1_AB571865,lnu(F)_1_EU118119,mph(A)_1_D16251,mef(A)_4_HG423652,blaOXA-20_2_AF024602,tet(B)_3_AJ277653,ant(2'')-Ia_3_X74412,blaGES-3_1_AB113580,ere(A)_6_DQ157752,blaFOX-4_1_AJ277535,tet(40)_2_AM419751,cat(pC194)_1_NC_002013,blaOXA-373_1_HG931732,aph(6)-Id_5_18676889,mef(C)_1_AB571865,cfxA_1_U38243,blaOXA-28_1_AF231133,str_1_X92946,VanHBX_1_AF192329,mef(A)_3_AF227520,ant(3'')-Ia_1_X02340,aadA7_2_AB114632,aph(2'')-Ia_3_AJ536195,blaOXA-119_1_DQ767903,aph(4)-Ia_1_V01499,cfxA6_1_GQ342996,ere(D)_1_KP265721,ole(C)_1_L06249,ant(6)-Ia_3_KF864551,ant(6)-Ia_2_KF421157,aph(3')-III_1_M26832,aadA10_1_U37105,tet(32)_2_EF626943,blaNPS_1_AY027589,poxtA_1_MF095097,mph(E)_1_DQ839391,qnrD2_1_KF055448,sul1_9_AY963803,ant(3'')-Ii-aac(6')-IId_1_AF453998,blaOXA-47_1_AY237830,blaOXA-415_1_KJ865754,ant(6)-Ia_1_AF330699,tet(S/M)_2_AY534326,tet(W)_3_AJ427421,dfrA14_5_DQ388123,sul2_2_AY034138,tet(M)_9_X56353,tet(X)_1_GU014535,aadA13_1_AY713504,mdf(A)_1_Y08743,tet(A)_3_AY196695,catP_1_U15027,qnrVC7_1_KM555152,cepA-44_1_U05885,blaCARB-8_1_AY178993,aac(6')-Ib_2_M23634,lsa(E)_1_JX560992,oqxB_1_EU370913,catB3_1_AJ009818,erm(G)_2_L42817,blaACT-9_1_HQ693810,msr(D)_3_AF227520,fosE_1_AB901041,nimF_1_AJ515145,tet(O/W/32/O)_1_EF065523,catQ_1_M55620,aph(3')-Ib_2_AJ744860,aadA16_1_EU675686,aadA5_1_AF137361,tet(39)_1_KT346360,erm(F)_1_M14730,rmtE_1_GU201947,msr(E)_1_FR751518,cmlA1_1_M64556,tet(G)_3_S52437,lnu(G)_1_KX470419,VanHAX_2_M97297,blaACI-1_1_AJ007350,blaMIR-1_1_M37839,tet(44)_1_NZ_ABDU01000081,aac(6')-Im_1_AF337947,blaMOX-1_1_D13304,blaBEL-1_1_DQ089809,mef(B)_1_FJ196385,qnrS5_1_HQ631377,cat_2_M35190,aadA2_1_NC_010870,erm(X)_3_U21300,blaOXA-198_1_HQ634775,aph(2'')-Id_1_AF016483,fosA5_1_EU195449,mph(A)_2_U36578,floR_2_AF118107,oqxA_1_EU370913,VanHDX_7_AB242319,catB8_1_AF227506,qnrB5_1_DQ303919,blaOXY-1-3_3_AY077482,cmx_1_U85507,catB2_1_AF047479,blaOXA-347_1_ACWG01000053,blaOXA-60d_1_AY664506,blaOXA-284_1_APRU01000004,VanC1XY_2_DQ022190,cphA1_4_AY261376,mcr-5.1_1_KY807921,aac(3)-Ic_1_AJ511268,blaACC-3_1_AF180958,mph(F)_1_AM260957,dfrA7_5_AJ419170,aac(3)-Ia_1_X15852,blaDHA-1_1_Y16410,blaCTX-M-28_6_AJ549244,blaOXA-25_1_AF201826,blaCMY-14_1_AJ555825,aac(6')-IIc_1_NC_012555,ARR-6_3_JF922883,tet(31)_1_GQ283908,blaOXA-209_1_JF268688,sul4_1_MG649393,aph(2'')-Ib_3_KF652098,ant(6)-Ib_1_FN594949,catA1_1_V00622,blaVEB-1_3_DQ393569,tet(X3)_1_MK134375,dfrB1_1_U36276,ARR-3_4_FM207631,blaOXA-9_1_KQ089875,ampS_1_X80276,blaVIM-10_1_AY524989,cphA6_1_AY227052,VanHDX_5_AY489045,blaOXA-427_1_KX827604,tet(D)_1_AF467077,fosA2_1_EU487198,blaCARB-4_1_FJ785525,tetA(46)_1_HQ652506,aac(3)-VIa_1_M88012,aac(6')-If_1_X55353,blaSHV-9_1_S82452,nimJ_1_NZ_JH815495,dfrA7_4_FN563072,blaOXA-296_1_APOH01000009,erm(A)_2_AF002716,fosA_2_AGDM01000012,dfrA30_1_AM997279,blaACC-4_1_GU256641,dfrA22_4_AJ628423,blaOKP-A-1_1_AM051138,blaPER-4_1_EU748544,aph(2'')-Ig_1_CP004067,rmtF_1_JQ808129,blaOXA-491_1_KU721148,aac(6')-Ib-Suzhou_1_EU085533,blaLEN2_1_AY037780,nimE_1_AJ244018,aph(3')-IIc_1_AM743169,aac(3)-IIIc_1_L06161,catS_1_X74948,aac(6')-Il_1_U13880,dfrA12_10_FM877486,VanG2XY_1_FJ872410,mcr-3.17_1_MH332767,aac(6')-IIa_1_M29695,aph(6)-Ic_1_X01702,erm(C)_15_U82607,fosE_2_AY029772,blaOXA-484_1_KR401105,blaCARB-6_1_AF030945,blaOXA-372_1_KJ746496,erm(47)_1_KU612222,blaBES-1_1_AF234999,cmlB1_1_AM296481,blaPLA-6A_1_DQ251478,blaOXY-2-1_1_AJ871866,blaDES-1_1_AF426161,nimD_1_X76949,blaL1_3_EF126059,ant(9)-Ia_1_X02588,dfrA3_1_J03306,blaACT-15_1_JX440356,tet(E)_2_L06940,imiS_1_Y10415,tet(T)_2_AY660530,blaEBR-1_1_AF416700,tetA(P)_2_L20800,tetB(P)_1_NC_010937,VanC2_1_L29638,aac(3)-I_1_AJ877225,mcr-4.2_1_MG822663,blaBRO-1_1_Z54180,aac(3)-Ib_1_L06157,lnu(D)_1_EF452177,dfrG_1_AB205645,mph(N)_1_KF648874,mcr-9_1_NZ_NAAN01000063.1,aph(2'')-Ic_1_U51479,aac(6')-IIb_1_L06163,blaIMP-33_1_JN848782,tet(X)_3_AB097942,qepA_1_FJ167861,blaFAR-1_1_AF024601,tet(36)_1_AJ514254,blaMOX-5_1_GQ152600,blaTER-2_1_FJ263090,lnu(E)_1_KF287643,blaOXA-444_1_CP010800,dfrB3_1_X72585,blaCMY-100_1_KF526113,dfrA16_3_AY878718,mcr-3.1_1_KY924928,nimA_1_X71444,aac(3)-IIIb_1_L06160,aph(3')-XV_2_GQ626879,rmtD2_1_HQ401565,blaOXA-85_1_JANA01000064,blaNDM-20_1_KY654092,aac(6')-30-aac(6')-Ib'_1_AJ584652,blaOXA-53_1_AY289608,blaCTX-M-64_1_AB284167,dfrB4_3_HQ317921,qnrB73_1_KF443075,tet(33)_1_AY255627,erm(T)_2_AY894138,blaIMP-63_1_KX821663,mcr-7.1_1_MG267386,blaOXA-275_1_APPJ01000001,fosB_4_CP000029,ere(B)_1_A15097,blaBIC-1_1_GQ260093,dfrB5_1_AY943084,aac(6')-Iz_1_AF140221,blaIMP-22_2_DQ361087,aph(3')-IIa_1_X57709,catB7_1_AF036933,tet(H)_1_Y16103,tet(J)_1_ACLE01000065,blaSGM-7_1_NG050614,vga(A)LC_2_DQ823382,qnrVC1_1_EU436855,blaOXA-299_1_APQD01000016,catA3_1_X07848,blaSCO-1_1_EF063111,qnrB60_1_AB734055,aac(6')-29a_1_AF263519,blaHERA-2_1_AF398334,tet(Y)_2_AB089606,tet(L)_4_D00006,blaOXA-485_1_LLNM01000004,aph(3')-IIb_1_X90856,aac(6')-Ic_1_M94066,msr(A)_1_X52085,blaRAHN-1_1_GU645205,blaRAHN-2_2_HM114350,blaCTX-M-24_1_EF374096,erm(42)_1_FR734406,blaPAO_1_AY083595,aac(6')-Ia_2_M86913,aac(6')-Iak_1_AB894482,dfrA15_1_AF156486,blaADC-25_1_EF016355,cat_3_S48276,blaOXA-421_1_KM401566,lsa(C)_1_HM990671,erm(36)_1_AF462611,blaBKC-1_1_KP689347,cat_5_U35036,catB1_1_M58472,vat(F)_1_AF170730,blaACT-12_1_JX440355,qnrB69_1_KC580658,aac(3)-Ih_1_CP000490,blaERP-1_1_AY077733,tet(41)_1_AY264780,qepA1_1_AB263754,cfiA1_1_AB087225,qnrA5_1_DQ058663,aac(2')-Ib_1_U41471,blaOCH-4_1_AJ295342,aac(6')-31_1_AM283489,blaPME-1_1_HQ541434,penA_1_AF515059,aac(6')-Iag_1_AB472901,blaB-5_1_AF189303,tetB(46)_1_HQ652506,erm(Q)_1_L22689,kamB_1_AJ629123,sul3_2_AJ459418,fosF_1_AY294333,blaPAM-1_1_AB858498,lsa(B)_1_AJ579365,aac(6')-Ih_1_L29044,catA2_1_X53796,blaOXA-276_1_APPI01000013,dfrA8_1_U10186,blaCMY-98_1_KC603538,blaOXA-466_1_KR061501,fosA7_1_LAPJ01000014,blaCMH-3_1_KX192165,blaOXA-553_1_KY682755,fosA_4_ACWU01000146,mph(B)_1_D85892,fosX_1_AP010904,nimC_1_X76948,blaPER-6_1_GQ396303,aph(2'')-If_2_AY701528,lnu(A)_1_M14039,blaOXY-3-1_1_AF491278,aac(6')-Ii_1_L12710,nimB_1_X71443,npmA_1_AB261016,dfrB2_1_J01773,lnu(P)_1_FJ589781,aac(3)-Ii_1_CP000356,dfrA20_1_AJ605332,tet(37)_1_AF540889,blaOXA-471_1_EU086833,blaOXA-45_1_AJ519683,tet(49)_1_KR857683,fusC_1_KF527883,blaTRU_1_EU046614,dfrA18_1_AJ310778,rmtG_1_JX486113,blaKPC-6_1_EU555534,blaOXA-339_1_KF048911,VanGXY_1_AY271782,cfr(B)_2_KM359438,erm(Y)_1_AB014481,erm(X)_1_M36726,dfrB7_1_DQ993182,blaFONA-2_1_AJ251240,blaTLA-1_1_AF148067,tet(K)_1_U38656,blaCME-1_1_AJ006275,blaOXA-458_1_KP903888,tet(V)_1_AF030344,dfrA27_1_FJ459817,kgmB_1_S60108,VanC3XY_2_EU151759,dfrK_1_FN377602,catB9_1_AF462019,blaOXA-443_1_LC030178,aph(2'')-Ih_1_KF652096,blaOXA-18_1_U85514,blaZ_6_AP003139,tet(Z)_1_AF121000,aac(6')-32_1_EF614235,blaOXA-279_1_APOM01000058,blaCTX-M-63_1_EU660216,fusB_2_JF777505,blaCTX-M-89_1_FJ971899,erm(35)_1_AF319779,tet(42)_1_EU523697,dfrA26_1_AM403715,blaSRT-2_1_AY524276,blaPEDO-2_1_KP109678,str_3_AM932524,ARR-6_1_FM955585,dfrA23_1_AJ746361,blaOXA-364_1_JX306689,ARR-5_1_EF660563,ARR-7_1_FN397623,lsa(A)_3_AY737526,crpP_1_HM560971,mph(C)_3_AM180068,blaSGM-1_1_AAQG01000013,ARR-4_1_EF660562,qnrE1_1_KY073238,blaOXA-308_1_APPN01000080,aac(3)-Ib-aac(6')-Ib'_1_AF355189,blaIMP-14_1_AY553332,blaCTX-M-6_1_AJ005044,fosA4_1_AB908992,blaDIM-1_1_GU323019,nimI_1_FJ940886,erm(39)_1_AY487229,erm(33)_1_AJ579365,aac(6')-Iid_1_AJ584700,aph(3'')-Ic_1_DQ336355,fosA3_1_AB522970,blaOXA-286_1_APOI01000030,cml_1_M22614,aadA9_1_AJ420072,catB10_1_AJ878850,POM-1_1_GU002295,blaMAL-1_1_AJ277209,blaOXA-114d_1_HM104633,erm(A)_3_EU348758,aac(3)-VIII_2_AJ843080,msr(C)_2_AF313494,aac(3)-If_1_AY884051,dfrD_1_Z50141,cat_4_AY238971,dfrA6_2_FJ905898,blaCARB-7_1_AF409092,blaZ_8_HE993884,blaGOB-10_1_AY647247,blaOXA-493_1_CP007774,tet(59)_1_KU736878,aac(6')-Ip_1_Z54241,blaOXA-257_1_KC567681,blaOXA-29_1_AJ400619,blaJOHN-1_1_AY028464,car(A)_1_M80346,blaIMP-4_1_AF244145,VanHDX_6_DQ172830,fosB1_1_CP001903,tet(30)_1_AF090987,erm(A)_1_X03216,erm(46)_1_KM679362,dfrA10_1_L06418,blaIMP-31_1_KF148593,aac(6')-Ik_1_L29510,tet(K)_2_J01764,vat(E)_7_AY043211,blaPER-2_1_X93314,blaIMP-53_1_HM106457,blaOXA-452_1_KR061505,mdt(A)_1_X92946,erm(43)_1_HE650138,catB_1_M93113,blaOXA-143_1_GQ861437,fexA_1_AJ549214,blaOXA-359_1_KF421162,aac(6')-Ig_1_L09246,vat(B)_1_U19459,aac(6')-Ian_1_AP014611,blaOXA-266_1_APPO01000008,vga(B)_1_U82085,vga(A)V_1_AF186237,erm(T)_4_AJ488494,blaOXA-398_1_KM087842,cmlV_1_U09991,blaOXA-527_1_KX599404,blaOXA-258_1_HE614014,dfrA25_1_DQ267940,dfrA29_1_AM237806,blaOXA-62_1_AY423074,aph(3')-Id_1_Z48231,aac(2')-IIa_1_AB669090,tet(51)_1_KR857685,tet(47)_1_KR857681,mcr-1.13_1_MG384739,aac(6')-I30_1_AY289608,rmtB_1_AB103506,blaKHM-1_1_AB364006,VanX_bc_1_Y15708,qnrB31_1_HQ418999,vanXmurFvanKWI_1_NZAGAF01000127,dfrA24_1_AJ972619,blaSGM-5_1_NG049987,tva(A)_1_ENA_SOX29786,tet(L)_1_HM235948,blaGOB-17_1_AY899332,blaOXA-447_1_KR061496,aph(6)-Ia_2_Y00459,fosX_3_CP003505,mcr-8_1_MG736312,EstDL136_1_JN242251,fosB2_1_AE016879,otr(B)_1_AF079900,blaGIM-1_1_JF414726,fosB_1_X54227,blaOXA-153_1_KP771981,aac(6')-Iih_1_AJ584701,blaIMP-73_1_MH021848,tetA(60)_1_KX000272,mecA_2_NC_002951,mecA1_3_Y13094,VanHAX_PA_1_DQ018711,blaSPU-1_1_GQ919044,cat(pC221)_1_X02529,blaIND-9_1_GU186045,fosX_4_DQ342344,VanHDX_1_AF130997,blaSMB-1_1_AB636283,blaOXA-22_1_AF064820,blaIND-5_1_AY504627,optrA_4_KT862777,erm(S)_1_M19269,otr(A)_1_X53401,cmr_1_U43535,blaSED1_1_AF321608,blaOXA-271_1_APQO01000006,otr(C)_1_AY509111,erm(U)_1_NG_047843,kmr_1_ENA_ACB88605,blaOXA-155_1_KP771983,blaIND-2a_4_AF219130,lmr(A)_1_X59926,blaA_2_AY954728,erm(41)_1_EU177504,blaOXA-43_1_AJ488303,cat_1_M11587,erm(Z)_1_AM709783,nimH_1_KX576455,blaOXA-292_1_APRO01000007,erm(38)_1_AY154657,blaAST-1_1_AF279904,erm(V)_1_U59450,aac(6')-Ir_1_AF031326,tet(45)_1_JF837331,erm(48)_1_LT223129,aac(2')-Ia_1_L06156,blaSPG-1_1_KP109680,erm(31)_1_AF079138,aph(3')-IX_1_APPN01000061,aac(6')-Iaa_1_NC_003197,erm(44)v_1_LN623525,VanHMX_1_FJ349556,blaFRI-4_1_NG_055267,aac(3)-XI_1_CTEG01000046,tcr3_1_D38215,aph(3')-Vb_2_AJ744850,aph(9)-Ia_1_U94857,tet(54)_1_KR857688,aac(3)-Id_1_AB114632,aadK_1_M26879,blaIND-8_1_GU186044,fosB_5_AJ605334,aph(7'')-Ia_1_X03615,ant(9)-Ia_2_M69221,tet(57)_1_KP137702,blaOXA-104_1_EF581285,blaOXA-304_1_APSC01000007,blaOXA-436_1_KT959105,blaCGB-1_1_EF672680,mph(K)_1_NC_000964,blaGOB-5_1_AF189290,aph(3')-IV_1_X03364,tlr(C)_1_M57437,blaSGM-4_1_CP002798,Unnamed: 555,Unnamed: 556,Acidovorax,Acinetobacter,Aeromonas,Aliarcobacter,Aquabacterium_A,Bacteroides,Brachymonas,Brevefilum,Brevundimonas,Cloacibacterium,Comamonas,Competibacter_A,Enterobacter,Fermentibacter,Flavobacterium,Giesbergeria,Hydrogenophaga,JAGOYM01,Janthinobacterium,Kaistella,Lactococcus_A,Lenti-01,Microthrix,Moraxella_A,Neisseria,Novosphingobium,Ottowia,Paracoccus,Phocaeicola,Prevotella,Propionivibrio,Pseudomonas_E,Pseudoxanthomonas,Pseudoxanthomonas_A,Psychrobacter,Rubrivivax,Streptococcus,Telluria,Thauera,Thermomonas,Thiothrix,Tolumonas,Trichococcus,UBA1413,merged
Bologna,Gruppo HERA,Italy,58,2020-03-12 00:00:00,1014216_1,34,448,21,13,58,56,29,0,4,253,1,0,123,153,1250,0,30,315,6,59,25,10,183,32,114,150,74,25,13,232,268,58,52,0,537,397,210,21,396,1,0,24,373,105,16,334,0,16,37,0,38,0,33,75,41,38,1,1684,1,839,38,78,113,4,2,440,16,304,29,77,424,178,133,12,9,3,16,33,106,135,24,10,11,124,1,0,16,9,0,29,240,280,64,0,2742,70,44,4,0,18,9,17,0,1,99,25,10,45,103,6,0,1,21,23,59,40,0,1,7,23,16,17,5,0,0,0,1,10,0,0,13,4,60,0,3,0,23,0,192,0,0,0,0,4,12,18,0,13,23,6,8,30,12,0,21,1,7,2,2,0,0,20,1,4,13,7,9,5,1,0,4,2,0,2,2,111,13,0,0,0,3,2,2,1,4,11,1,0,0,0,4,8,5,0,3,2,0,2,0,0,0,2,5,5,8,0,2,0,1,0,1,0,0,1,8,0,3,5,1,0,6,0,4,0,8,1,1,0,0,3,13,3,0,1,1,4,0,0,0,3,11,3,0,0,1,0,0,0,2,0,2,0,0,0,1,5,0,0,0,0,0,0,0,0,1,1,6,0,1,0,0,0,0,0,0,0,4,0,0,0,0,0,0,0,0,0,0,0,0,0,0,5,2,0,0,0,0,2,0,0,0,0,0,0,0,0,4,0,0,3,0,0,0,0,0,1,1,0,0,0,0,0,0,2,1,0,0,0,0,0,0,0,0,1,0,0,0,0,0,2,0,0,0,0,0,0,0,0,0,0,2,0,0,0,0,0,0,0,0,0,0,0,0,0,0,0,0,0,0,0,0,0,0,0,0,0,0,0,0,0,0,0,4,0,3,0,0,0,6,0,0,0,0,0,0,0,0,0,0,0,0,0,0,1,1,0,0,1,0,0,0,0,0,0,0,0,0,0,0,2,0,0,0,0,0,0,0,0,0,0,0,0,0,0,0,0,0,0,0,0,1,0,0,0,0,0,1,0,0,0,0,0,0,0,0,0,0,0,0,0,0,0,0,0,0,0,0,0,0,0,0,0,0,0,0,0,0,0,0,0,0,0,0,0,0,0,0,0,0,0,0,0,1,0,0,0,0,0,0,0,0,0,0,0,0,0,0,0,0,0,0,0,0,0,0,0,0,4,0,0,0,0,0,0,0,0,0,0,0,0,0,0,0,0,0,0,0,0,0,0,0,0,0,0,0,0,0,0,0,0,0,0,0,0,,,0.276368128,0.031886196,0.007572599,0.005577417,0.000850944,0.001645186,0.025106866,3.36921e-06,0.004187304,0.003837307,0.062121801,0.000526525,0.000241232,6.6026e-06,0.006121784,0.021889283,0.002100653,0.007536344,0.002003678,0.002554067,0.00135581,0.001543404,6.17702e-05,0.010444952,0.040533708,0.001999745,0.073051208,0.005504003,0.001198338,0.001735064,0.0135232,0.010367717,0.006976835,0.01629297,0.001793481,0.000295986,0.000989113,0.000557453,0.009553427,0.009561588,0.000856819,0.000596633,0.005970822,3.41077e-06,0.32309526
Bologna,Gruppo HERA,Italy,59,2020-03-24 00:00:00,1014218_1,29,472,14,31,81,85,31,7,0,276,2,8,148,219,1058,3,17,194,12,69,15,10,107,26,115,160,79,20,12,212,273,32,50,0,567,479,143,25,334,0,0,23,450,79,9,197,1,15,11,0,50,4,22,51,56,50,4,1153,2,903,23,97,116,2,0,567,13,214,30,39,300,199,218,2,12,1,19,9,98,162,22,8,5,125,4,0,35,20,3,25,162,202,53,1,2038,52,56,2,0,29,17,14,1,4,76,24,17,54,96,2,0,0,24,22,73,62,0,5,16,19,7,26,5,0,1,0,0,9,0,1,15,7,50,5,7,0,29,2,172,0,1,3,0,3,3,23,0,10,31,17,19,27,14,0,23,7,14,3,0,0,0,29,1,0,12,5,4,13,0,0,1,1,0,1,0,73,15,0,3,0,2,0,10,0,0,6,1,0,0,0,2,14,10,0,5,3,1,3,1,0,0,2,7,6,6,0,1,1,1,0,5,0,0,0,7,0,0,7,0,0,0,6,5,0,1,11,2,0,0,0,27,0,1,0,0,6,0,0,0,13,1,2,0,0,8,0,0,0,1,0,4,0,0,0,0,2,0,0,0,0,0,1,0,0,5,0,2,0,1,1,0,0,0,0,0,0,0,1,0,0,0,7,0,0,0,0,0,2,1,0,0,0,0,0,0,0,0,0,0,0,0,7,0,7,0,0,3,0,0,6,0,0,1,0,0,0,2,0,0,0,0,0,0,3,2,1,3,0,0,1,0,0,0,0,0,0,0,0,0,1,0,0,0,0,0,0,0,0,0,0,3,0,0,0,0,0,0,0,0,0,2,0,0,1,0,0,0,0,0,0,0,0,1,0,0,1,1,0,0,0,0,0,7,0,0,1,0,0,10,0,0,2,0,0,0,0,0,0,0,1,0,0,0,1,1,0,0,1,0,0,0,0,1,0,1,0,0,0,0,0,0,0,0,0,0,0,0,0,0,0,0,0,0,0,0,0,0,0,0,0,3,1,0,0,0,0,0,0,0,0,0,0,0,0,0,0,0,0,0,0,0,0,0,0,0,0,0,0,0,0,0,0,0,0,0,0,0,0,0,0,0,0,0,0,0,0,0,0,0,0,0,0,0,0,0,0,0,0,0,0,0,0,0,0,0,0,0,0,0,0,0,0,0,0,0,0,0,0,0,0,0,0,0,0,0,0,0,0,0,0,0,0,0,0,0,0,0,0,0,0,0,0,0,0,0,0,0,0,0,0,0,0,0,0,,,0.202938546,0.027852155,0.006944122,0.006824145,0.000683401,0.001525269,0.011662764,6.31407e-05,0.00961011,0.003248034,0.031995874,0.000180809,0.003406362,6.80176e-06,0.004867454,0.038510643,0.001781826,0.004120936,0.000716446,0.003993242,0.000482692,0.001283799,4.75176e-05,0.022331342,0.020643868,0.001087164,0.028066259,0.017349331,0.00093401,0.001868618,0.016300059,0.014292253,0.004313021,0.015022175,0.004182458,0.001612092,0.000920878,0.000614089,0.010318737,0.015765227,0.002310177,0.001241598,0.006793499,0.000193375,0.451093681
Bologna,Gruppo HERA,Italy,61,2020-04-07 00:00:00,1014220_1,20,298,20,4,37,44,17,0,0,201,1,0,85,170,1566,1,78,112,5,37,11,6,145,24,82,88,99,19,8,119,138,22,26,0,292,280,270,12,380,3,2,27,297,56,6,283,0,12,15,0,27,0,15,67,35,40,0,768,1,828,66,93,97,4,0,445,5,261,17,125,171,81,158,5,5,0,3,8,72,54,21,10,1,80,15,0,6,10,0,16,177,130,70,0,1418,48,60,2,0,6,14,11,0,1,113,25,12,44,60,1,7,0,9,15,67,19,0,0,16,5,27,41,7,0,0,0,1,5,1,0,26,18,32,1,2,0,14,1,112,0,0,3,2,0,6,17,2,6,26,9,5,41,7,0,13,0,6,0,1,0,0,10,0,0,9,9,0,0,1,0,0,2,0,1,1,0,14,0,0,1,6,0,2,0,0,9,3,2,0,0,2,6,8,0,0,0,1,0,0,0,0,0,7,2,1,1,0,2,1,0,1,0,0,0,5,0,10,2,0,0,0,8,2,0,3,1,0,0,1,1,8,0,0,0,0,0,0,3,0,6,5,0,0,0,6,0,0,0,1,0,1,0,0,0,0,7,0,4,0,0,0,0,1,0,1,2,0,0,2,0,0,0,0,0,0,0,1,0,0,0,0,0,1,0,0,0,0,0,1,0,0,2,0,0,0,0,1,2,0,0,1,5,3,1,0,0,0,0,0,4,0,0,0,0,3,0,0,0,0,0,0,0,0,3,1,1,0,0,1,3,0,0,0,1,0,0,0,0,0,1,0,0,0,0,0,2,1,0,0,0,1,1,0,0,0,0,0,0,0,0,0,0,0,2,0,1,0,0,0,0,0,0,0,1,0,0,1,0,0,0,0,1,1,0,1,0,0,0,9,1,0,0,0,0,0,0,0,0,1,0,0,0,0,1,0,0,3,0,0,0,0,0,3,0,0,0,2,0,0,0,0,0,1,0,0,0,0,0,0,0,0,0,0,0,0,0,0,0,0,0,0,0,0,0,0,0,0,0,0,0,0,0,0,0,0,0,0,0,0,0,0,0,0,0,0,0,0,0,0,0,0,0,0,0,0,0,0,0,0,0,2,0,0,0,0,0,0,0,0,0,0,0,1,0,0,0,0,0,0,0,0,2,0,0,0,0,0,0,0,0,0,0,0,0,0,0,0,0,0,0,0,2,0,0,0,0,0,0,0,0,0,0,0,0,0,0,0,0,0,0,0,0,0,0,0,0,0,0,0,0,0,0,0,0,,,0.151027869,0.017902061,0.004477809,0.006024745,0.067314551,0.000566395,0.007622803,9.6059e-05,0.002103927,0.001992027,0.022012356,0.000179805,0.000573086,6.57668e-06,0.004323289,0.023786934,0.005680741,0.004577393,0.001202827,0.001768094,0.000172346,0.000706069,0.00860672,0.002891391,0.005256431,0.005011927,0.065601206,0.002125051,0.00071128,0.001389768,0.006587944,0.022327219,0.002939546,0.010707754,0.000862418,0.00071515,0.001631514,0.000634116,0.010605097,0.014746905,0.005864157,0.000374621,0.007356474,0.000176371,0.498759176
Bologna,Gruppo HERA,Italy,63,2020-04-21 00:00:00,1014222_1,46,379,35,12,22,17,19,0,4,292,0,0,371,147,1110,0,74,94,7,42,17,4,201,55,76,78,118,6,11,127,178,17,22,0,468,313,315,49,423,0,0,19,474,70,1,282,0,9,17,0,19,1,12,88,36,62,1,941,0,764,117,121,140,2,0,288,11,232,17,111,229,36,96,3,15,2,116,21,52,33,27,12,1,61,2,1,6,10,1,20,211,394,149,0,2147,57,71,4,0,14,8,1,2,1,85,29,16,30,84,4,3,0,3,15,130,18,0,3,1,13,24,17,22,0,18,0,1,11,2,0,24,5,68,4,1,0,8,1,184,0,1,3,0,0,4,26,1,12,45,14,4,34,2,0,18,0,2,1,0,1,0,3,1,2,215,0,1,0,0,0,0,6,0,1,0,7,5,1,1,0,4,0,3,0,0,7,1,0,0,0,9,8,4,1,2,1,0,1,1,0,0,0,2,1,5,0,0,0,0,0,0,1,0,0,2,0,1,0,0,0,2,7,3,0,9,1,0,0,0,0,3,0,9,6,2,4,0,0,0,3,2,0,0,0,1,0,0,0,0,0,3,0,0,0,0,2,0,2,0,2,0,2,5,0,2,0,7,0,3,0,0,0,0,0,0,0,0,0,0,0,0,4,1,0,0,0,1,1,0,0,0,0,0,1,0,1,0,0,0,1,0,5,6,0,0,0,2,0,0,2,0,0,0,1,0,0,0,0,0,3,0,0,0,0,1,2,0,0,0,4,0,1,0,3,0,0,0,0,0,2,0,0,0,0,0,1,0,0,0,0,0,0,0,0,0,0,0,0,0,0,0,0,0,0,1,0,0,0,0,0,0,0,0,0,0,0,0,0,0,0,0,0,6,2,1,0,0,0,21,0,0,0,0,0,0,0,0,2,0,0,0,0,0,1,0,0,0,0,0,0,0,0,1,0,0,0,4,0,0,0,0,0,0,0,0,0,0,0,0,0,1,0,0,0,0,0,0,0,0,0,0,0,0,0,0,0,0,0,0,0,0,0,0,0,0,0,0,0,0,0,0,0,0,0,0,0,0,0,0,0,0,0,0,0,0,0,0,0,0,0,0,0,0,0,0,0,0,0,0,0,0,0,0,0,0,0,0,0,0,0,0,0,0,0,0,0,0,0,0,0,0,0,1,0,0,0,0,0,0,0,0,0,0,0,0,0,0,0,0,0,0,0,0,0,0,0,0,0,0,0,0,0,0,0,0,0,0,0,0,0,0,0,0,0,,,0.195504543,0.053401662,0.004094759,0.001273171,0.00899824,0.002687853,0.007944708,1.08245e-05,0.007313642,0.004182589,0.012189444,0.000227386,0.000388857,9.06805e-06,0.009750341,0.029282284,0.003616373,0.000346485,0.084977167,0.006535612,0.000128523,0.002331563,0.001459267,0.00508052,0.004615479,0.002736972,0.013396631,0.013409566,0.006427852,0.002394261,0.011148428,0.079478505,0.003641181,0.010462803,0.012183902,0.000228415,0.000686222,0.003562682,0.008061359,0.012298495,0.006839921,0.001166291,0.002077729,2.5035e-06,0.363445923
Bologna,Gruppo HERA,Italy,65,2020-05-05 00:00:00,1014224_1,76,399,27,20,31,45,9,4,3,323,0,5,85,165,1526,1,66,779,2,84,20,2,328,41,69,193,133,43,41,259,310,7,26,2,635,418,553,41,694,1,0,39,524,134,38,357,1,20,96,0,27,8,18,73,38,47,3,2558,1,859,148,162,214,1,2,292,16,287,34,111,479,68,115,1,10,0,4,23,113,109,20,14,6,300,1,0,13,22,5,28,294,460,87,2,4296,59,21,4,0,15,14,10,0,1,103,12,8,42,113,0,2,0,26,24,56,22,0,2,19,13,16,20,40,0,1,0,1,5,0,0,33,2,66,1,4,0,48,5,142,0,1,4,0,0,6,20,0,14,34,20,5,29,2,0,5,4,15,4,4,0,3,14,0,2,28,10,3,4,1,0,0,7,0,2,2,4,5,1,2,0,5,1,4,0,0,7,4,0,0,0,9,25,6,0,2,7,1,1,1,0,0,1,4,8,1,1,15,0,1,0,7,0,0,0,1,0,2,3,0,0,0,7,0,0,13,6,0,0,0,2,12,0,0,0,0,2,0,0,0,2,12,1,0,0,0,0,0,0,1,0,1,0,0,0,1,1,0,1,0,0,0,4,1,0,2,0,0,0,2,0,0,0,0,0,0,0,3,0,0,0,0,0,3,0,0,0,5,1,0,0,0,8,0,0,0,0,0,0,0,0,0,6,6,0,0,0,1,1,0,1,0,0,1,0,0,0,0,0,0,0,0,0,0,12,1,0,0,1,2,0,0,0,0,0,0,0,0,0,0,2,0,0,0,0,0,0,2,0,0,0,1,0,3,0,0,1,0,0,1,0,0,0,0,0,0,0,0,0,0,0,0,0,0,0,2,2,2,0,0,1,0,0,2,0,2,0,0,1,16,3,0,0,0,1,0,0,0,0,0,0,0,0,0,1,2,0,0,1,0,0,0,1,2,2,0,0,6,0,0,0,0,0,0,0,0,0,0,0,0,0,0,0,0,0,0,0,0,0,0,0,0,0,0,0,0,0,1,0,0,0,1,0,0,0,0,0,0,0,0,0,0,0,0,0,0,0,0,0,0,0,0,0,0,0,0,0,0,0,1,1,0,0,0,0,0,0,0,0,0,0,0,0,0,0,0,0,0,0,0,0,0,0,0,0,0,0,0,0,0,0,0,0,0,0,0,0,0,0,0,0,0,0,0,0,0,0,0,0,0,0,0,0,0,0,0,0,0,0,0,0,0,0,0,0,0,0,0,0,0,0,0,0,0,0,,,0.245589852,0.045212214,0.002893185,0.010808943,0.000382423,0.000837047,0.031530515,1.00272e-05,0.0017587,0.014289649,0.063271708,0.00015444,0.000412842,1.61225e-05,0.005424961,0.018825637,0.002650055,0.003589034,0.00145995,0.003688006,0.000437556,0.000803461,0.000246909,0.028364005,0.035069439,0.001957939,0.02969827,0.003231254,0.000457747,0.0009419,0.014420226,0.01548627,0.005922608,0.027247542,0.002794995,0.000569588,0.004663692,0.001590618,0.024526676,0.029835902,0.00437835,0.000991837,0.006932527,5.82056e-06,0.306619556
Bologna,Gruppo HERA,Italy,67,2020-05-18 00:00:00,1014226_1,136,852,50,82,32,238,70,4,7,628,2,0,627,366,2763,0,73,2220,8,221,21,21,586,115,133,570,273,44,98,416,667,57,53,3,1437,894,913,101,1164,9,0,181,825,252,93,615,4,101,204,0,101,21,44,103,143,113,16,5264,5,1539,71,258,365,6,3,911,23,443,109,362,666,69,199,21,28,3,7,45,386,87,60,43,3,773,1,0,42,36,1,78,417,1218,310,1,9449,115,72,17,0,19,10,60,0,10,167,56,28,164,192,14,2,0,20,34,88,35,0,5,14,22,33,39,72,0,7,0,1,19,2,0,80,25,91,7,7,1,34,5,526,0,6,5,1,6,3,60,1,27,137,22,15,56,25,0,14,4,25,9,5,0,0,16,0,8,33,23,5,1,0,2,1,9,0,0,5,199,11,3,1,2,8,5,5,0,0,18,4,8,0,0,13,39,27,0,4,4,1,3,1,4,3,0,10,2,0,0,28,1,1,0,6,0,43,2,3,0,13,7,0,0,1,12,2,0,22,12,1,0,4,0,17,0,4,2,0,7,0,1,0,7,2,0,3,0,8,1,5,0,0,0,4,0,2,0,2,7,0,1,0,1,0,1,0,0,10,3,1,0,0,3,0,0,0,0,0,0,0,7,0,0,0,0,2,0,1,2,2,4,3,0,0,4,0,0,0,0,0,0,0,0,1,15,6,1,0,0,7,1,0,5,0,0,0,0,0,0,0,0,0,0,0,0,0,74,0,1,0,0,1,2,0,0,0,1,0,0,0,0,0,9,1,0,0,0,2,0,4,0,0,0,13,0,0,2,0,0,0,0,1,0,0,0,0,4,0,0,0,0,0,0,0,0,0,3,2,0,2,0,0,1,1,0,12,3,0,0,0,0,42,0,0,0,0,0,0,1,0,0,7,0,0,0,0,4,12,0,0,0,0,0,0,1,3,1,0,0,1,0,0,1,0,0,0,0,0,0,0,0,0,0,0,0,0,0,0,2,0,0,0,0,0,0,0,0,0,0,0,0,0,0,0,0,0,1,0,0,0,0,0,0,0,0,0,0,0,0,0,0,0,0,0,0,0,0,0,0,0,0,0,0,0,0,0,0,0,0,0,0,0,0,0,0,0,0,0,0,0,0,0,0,0,0,0,0,0,0,0,0,0,0,0,0,0,0,0,0,0,0,0,1,0,0,1,0,0,0,2,0,0,0,0,0,0,0,0,0,0,0,0,0,0,0,0,0,0,0,0,0,0,0,0,0,0,0,,,0.176651078,0.042820995,0.003628389,0.017328234,0.00066067,0.002665971,0.032097762,1.83713e-05,0.002156973,0.044363968,0.032865003,0.000171508,0.000899816,7.12585e-06,0.008944153,0.009952964,0.001162992,0.004330018,0.001371038,0.004122477,0.003906218,0.001200383,6.46738e-05,0.034738594,0.024248381,0.000706638,0.08656957,0.002431747,0.004704475,0.002994371,0.015473745,0.008059392,0.0116709,0.013385417,0.001485819,0.000352935,0.019766897,0.001086999,0.010064235,0.013007697,0.009116247,0.001159239,0.0079871,2.44745e-05,0.339574344
Bologna,Gruppo HERA,Italy,69,2020-06-01 00:00:00,1014228_1,44,632,14,31,109,155,40,6,0,218,0,11,274,225,1600,3,55,831,17,43,39,11,164,44,151,203,98,32,24,146,246,36,77,3,557,640,249,40,395,1,1,54,402,109,35,202,1,54,46,0,51,0,40,57,43,62,10,1818,2,992,38,124,153,20,0,845,36,284,46,148,175,296,246,7,16,0,2,27,57,283,28,24,5,282,4,0,19,8,0,22,201,441,132,1,3291,91,31,3,0,42,25,24,3,13,67,9,32,103,141,12,4,0,85,26,75,113,0,1,33,29,15,16,8,0,7,0,0,19,0,2,14,13,40,3,5,5,16,0,136,0,4,1,0,1,8,16,4,16,22,13,29,27,18,0,16,5,36,1,4,0,1,39,0,4,15,5,5,2,8,1,14,5,0,0,4,128,19,1,0,0,6,1,5,0,2,10,3,1,0,0,3,19,11,0,1,6,1,2,1,0,0,0,17,21,13,0,30,3,2,0,6,1,5,0,2,0,20,8,1,0,1,3,0,0,3,22,3,0,1,0,1,1,7,5,0,5,0,0,0,4,24,2,3,0,4,0,2,0,1,0,1,0,1,2,0,6,0,3,0,2,0,0,1,0,5,1,3,0,4,5,0,0,0,2,0,0,9,0,0,0,0,0,1,0,0,1,2,1,3,0,0,1,0,0,0,0,0,0,2,0,0,0,5,1,0,0,6,0,0,2,0,1,0,0,0,1,2,0,0,1,0,0,0,3,2,2,0,0,1,1,0,0,0,1,2,0,0,0,0,2,0,0,0,2,0,4,0,0,0,0,6,0,0,0,0,0,0,0,0,0,1,0,0,1,0,1,2,0,0,0,0,0,0,0,0,0,0,0,0,1,0,0,1,1,2,0,0,0,34,2,0,0,0,0,0,0,0,0,0,0,0,0,0,3,1,0,0,2,0,0,0,0,0,1,1,0,0,0,0,1,0,0,0,0,0,0,0,0,0,0,0,0,0,0,0,0,0,0,0,1,0,0,0,0,0,0,0,1,0,0,1,0,0,0,0,0,0,0,0,0,0,0,0,0,0,0,0,0,0,0,0,0,0,0,0,0,0,0,0,0,0,0,0,0,0,0,0,0,0,0,0,0,0,0,0,0,0,0,0,0,0,0,0,0,0,0,0,0,0,0,0,0,0,0,0,0,0,0,1,0,0,0,0,0,0,0,0,0,0,0,0,0,0,0,0,0,0,0,0,0,0,0,0,0,0,0,0,0,0,0,0,0,0,0,,,0.160724584,0.037666304,0.008166559,0.008242963,0.000585342,0.002437245,0.027226956,7.43631e-06,0.002389142,0.012842896,0.020515145,0.000226789,0.001764296,6.5665e-06,0.00291839,0.004588959,0.001085929,0.001021849,0.001084593,0.001449994,0.000534079,0.001044059,0.000244947,0.039610373,0.082155331,0.001190618,0.037582673,0.002339514,0.010077909,0.004103407,0.008135313,0.012832228,0.010637843,0.011795516,0.00091902,0.000265936,0.007168985,0.000645685,0.009232601,0.012034292,0.002542928,0.001777161,0.006593164,3.30561e-06,0.441581173
Bologna,Gruppo HERA,Italy,72,2020-06-23 00:00:00,1014231_1,1,106,5,9,14,4,5,0,0,50,2,0,26,79,401,0,4,272,1,14,5,2,31,11,14,87,25,14,3,25,78,24,7,0,37,99,48,5,106,1,0,22,148,29,8,59,0,10,9,0,9,2,0,19,18,13,1,141,0,255,10,21,34,0,0,84,2,56,16,14,35,51,233,1,8,0,0,0,34,57,7,1,0,118,0,0,1,3,0,11,40,13,19,1,216,12,10,6,0,5,5,5,0,4,11,3,5,18,46,1,0,0,11,17,6,23,0,0,0,8,4,5,3,0,6,0,0,7,0,0,9,6,2,3,2,0,10,0,8,0,0,0,0,0,0,3,0,1,3,0,0,10,4,0,6,1,13,2,1,0,0,3,0,0,0,0,0,0,0,0,0,0,0,0,0,0,6,0,0,0,0,0,3,0,0,1,3,1,0,0,0,0,3,0,0,1,2,4,0,1,0,0,9,3,1,0,0,0,0,0,2,0,2,0,4,0,0,2,2,0,0,0,0,0,0,26,0,0,0,0,6,0,0,0,0,1,0,0,0,1,1,1,0,0,5,0,0,0,0,0,2,0,0,0,0,2,0,0,0,2,0,0,0,0,1,1,0,0,1,0,0,0,3,0,1,0,3,0,0,0,0,0,1,0,0,0,1,1,0,0,0,6,0,0,0,0,0,0,0,0,1,1,0,0,0,0,0,0,0,4,0,0,0,0,0,0,0,0,0,2,0,0,0,0,0,0,0,0,0,1,0,0,0,0,0,0,0,0,0,0,0,0,0,0,0,4,0,0,0,0,1,0,0,0,0,0,0,0,0,0,0,0,0,0,0,0,0,0,0,0,0,0,0,0,0,0,0,0,0,0,0,0,1,2,1,0,0,0,15,2,0,0,0,0,0,0,0,0,0,0,0,0,0,0,0,0,0,0,0,0,0,0,0,0,0,0,0,0,0,0,0,0,0,0,0,0,0,0,0,0,0,0,0,0,0,0,0,0,0,0,0,0,0,0,0,0,0,0,0,0,0,0,0,0,0,0,0,0,0,0,0,0,0,0,0,0,0,0,0,0,0,0,0,0,0,0,0,0,0,0,0,0,0,0,0,0,0,0,0,0,0,0,0,0,0,0,0,0,0,0,0,0,0,0,0,0,0,0,0,0,0,0,0,0,0,0,0,0,0,0,0,0,0,0,0,0,0,0,0,0,0,0,0,0,0,0,0,0,0,0,0,0,0,0,0,0,0,0,0,0,0,0,0,0,,,0.017900689,0.00352868,0.002955258,0.003492524,3.23346e-05,0.000309399,0.00618795,1.77988e-06,0.001645446,0.0017673,0.00204092,0.000290028,0.00092741,1.46081e-06,0.00082163,0.001343852,6.49473e-05,0.000335014,0.002005852,0.00033951,0.000170645,0.000659412,1.39924e-05,0.001006679,0.008818751,0.00015294,0.010600129,0.000762117,0.000226138,0.000430938,0.003456225,0.794417164,0.004349309,0.004866705,6.82181e-05,4.76874e-05,0.003613157,0.000605563,0.002776544,0.004498516,0.000203401,0.000407794,0.008427915,1.03254e-07,0.103427972
Bologna,Gruppo HERA,Italy,75,2020-07-09 00:00:00,1015033_1,30,954,51,67,371,250,77,34,10,406,2,0,341,647,2490,2,46,516,48,68,47,46,235,130,307,253,164,71,47,287,758,59,177,8,437,965,389,61,665,1,1,76,895,213,31,408,6,52,66,0,207,27,99,126,195,86,1,1301,1,1925,223,203,301,5,1,2268,55,677,104,114,435,870,6364,21,21,2,6,49,126,1394,68,25,54,365,4,0,199,37,3377,89,386,258,137,0,2545,201,80,8,0,99,161,55,2,61,101,43,65,306,291,20,1,0,280,73,117,518,1,3,82,99,22,45,18,0,7,0,0,24,1,3,28,12,35,14,39,0,179,5,203,0,1,7,9,8,22,66,2,23,46,28,31,60,27,0,25,23,181,5,4,0,1,240,0,5,3,4,7,17,2,1,38,5,2,0,3,2,120,0,2,0,22,0,27,1,3,22,2,4,0,1,6,28,31,1,9,11,13,8,3,2,0,1,189,18,11,1,12,4,8,0,8,0,60,6,5,1,6,20,0,0,0,2,1,0,2,80,0,0,2,1,64,0,2,2,0,11,0,0,0,8,5,17,4,0,14,1,1,0,0,0,8,0,0,1,0,14,0,2,0,6,0,0,1,0,15,12,2,3,3,1,2,0,0,3,0,1,27,0,0,0,0,0,3,6,0,2,2,1,4,0,0,55,1,0,0,0,0,0,1,1,2,11,1,1,0,0,12,4,0,4,0,0,0,0,5,0,2,0,0,6,7,0,0,8,5,0,0,0,3,3,0,0,0,1,0,0,0,0,0,1,0,0,0,0,0,5,0,0,0,0,7,0,0,0,0,0,0,0,0,0,3,0,0,2,0,2,0,0,0,0,0,0,1,1,0,0,1,0,0,0,0,0,1,0,17,0,0,0,35,6,0,0,0,0,2,0,0,1,1,1,1,1,0,6,1,1,0,6,0,0,0,3,2,2,0,0,0,0,0,0,1,0,0,1,0,0,0,1,0,0,0,0,0,0,0,0,0,1,0,0,1,0,0,0,0,0,0,0,0,0,0,0,0,0,0,0,0,0,1,0,0,2,0,0,4,0,0,0,0,0,0,0,0,0,0,0,0,0,0,0,0,0,0,0,1,0,0,0,1,1,1,0,0,0,0,0,3,0,0,0,0,0,0,0,0,0,0,1,1,3,0,0,0,0,0,0,0,0,0,0,0,0,0,0,0,0,0,0,0,0,0,0,0,0,0,0,0,0,0,0,0,0,0,0,0,0,0,0,0,0,0,0,0,0,,,0.082808856,0.013286173,0.008152267,0.005247272,0.000293665,0.001168886,0.027999981,3.59169e-05,0.001300588,0.003570138,0.013396094,0.00011335,0.006150393,4.3013e-06,0.001289532,0.006954507,0.002934265,0.000308012,0.00090201,0.000525861,0.000306921,0.003045906,0.000323554,0.010898074,0.013035611,0.000802618,0.018961905,0.178427089,0.000949689,0.00735169,0.017223497,0.012834479,0.008838266,0.014197489,0.000682086,0.0003066,0.015094214,0.000420322,0.008184416,0.010919576,0.001826864,0.00138984,0.002778781,1.17178e-05,0.49474673
Bologna,Gruppo HERA,Italy,77,2020-07-23 00:00:00,1015035_1,35,620,106,24,42,88,32,4,6,491,1,0,204,568,2648,1,44,339,12,93,20,8,273,156,190,270,224,17,16,267,597,27,28,0,241,603,320,51,1050,0,0,69,805,275,21,520,0,52,84,0,39,9,10,181,97,123,2,1221,2,1651,175,239,388,3,3,595,21,402,63,92,417,125,657,3,18,0,5,17,106,218,66,18,9,297,3,0,16,35,240,48,447,147,172,2,2055,96,78,3,2,16,31,37,3,15,159,78,21,46,307,5,0,0,45,46,69,114,0,11,16,25,35,32,47,0,2,0,0,14,1,0,46,13,26,11,2,0,45,7,111,0,2,8,0,9,5,67,1,29,43,19,6,48,9,0,12,5,30,2,4,0,0,44,1,0,5,13,3,2,3,3,3,4,0,0,13,5,14,0,1,0,5,5,5,0,1,9,5,3,0,0,6,46,34,1,1,2,1,8,7,2,0,2,22,4,8,0,3,1,0,0,4,1,63,3,0,0,2,4,0,0,1,12,0,0,22,27,0,0,0,0,5,2,3,1,1,11,0,1,0,17,3,4,2,0,8,0,0,0,0,0,7,0,3,0,0,6,0,1,1,0,0,2,1,0,13,2,1,0,1,2,2,0,0,0,0,0,2,0,1,0,0,3,1,2,0,2,0,2,3,0,0,9,0,0,0,0,0,0,0,0,0,13,7,0,0,0,0,1,0,2,0,0,0,0,0,0,4,0,0,0,0,0,0,7,5,2,0,0,0,0,0,0,0,0,0,0,0,0,0,5,0,0,0,4,0,1,1,0,0,0,5,0,0,1,0,0,0,0,2,0,0,0,0,3,0,0,0,0,0,0,0,0,0,2,0,0,1,0,0,2,0,0,4,3,4,0,0,1,69,2,0,0,0,2,0,0,0,0,0,0,5,0,0,3,4,0,0,1,0,0,0,0,1,0,0,0,1,0,0,0,1,0,0,0,0,0,0,0,0,0,0,0,2,0,0,0,0,0,0,0,1,0,0,0,0,0,0,0,0,0,0,0,0,0,0,0,0,0,0,0,0,0,0,0,0,2,0,0,0,0,0,0,0,0,0,0,0,0,0,0,0,0,0,0,0,0,0,0,0,0,0,0,0,0,0,0,0,0,0,0,0,0,0,0,0,2,1,0,0,0,0,0,0,0,0,0,0,0,0,0,0,0,0,0,0,0,0,0,0,0,0,0,0,0,0,0,0,0,0,0,0,0,0,0,0,0,0,0,0,0,0,0,0,0,,,0.131894126,0.013006759,0.005452264,0.004784138,0.000438082,0.00077676,0.042501416,2.24732e-05,0.00182386,0.009973519,0.016991303,0.000436221,0.001121806,1.31069e-05,0.00275721,0.011314915,0.002372505,0.000855144,0.00138965,0.001611822,0.000153838,0.00555418,9.18077e-05,0.015640021,0.022895208,0.002766704,0.046236633,0.007196898,0.001125276,0.001199013,0.022758774,0.020248081,0.016693484,0.013735548,0.007869737,0.001022667,0.007169095,0.000658324,0.018719225,0.035163371,0.00895493,0.001649581,0.006001755,3.54711e-05,0.486923297
Bologna,Gruppo HERA,Italy,79,2020-08-06 00:00:00,1015037_1,23,684,121,25,93,87,27,3,1,449,0,1,364,900,1806,6,43,301,30,26,26,10,206,80,346,248,117,20,30,264,490,74,55,1,147,562,279,132,709,1,0,68,792,204,19,430,7,48,62,0,61,10,16,126,67,151,1,573,3,2060,56,146,362,4,0,716,49,368,80,121,273,240,530,4,26,0,2,28,56,438,40,9,17,313,2,0,32,9,2,47,285,132,174,0,1048,193,44,0,1,17,59,20,0,77,109,33,42,96,287,10,0,0,101,100,64,163,0,8,32,28,15,35,65,0,1,0,0,36,1,6,39,2,17,5,12,0,70,6,68,0,3,4,1,1,14,135,1,56,19,15,53,66,28,0,7,10,36,4,2,1,0,77,0,1,0,12,4,4,5,3,14,2,1,3,16,156,35,0,3,0,3,1,4,1,2,9,6,0,0,0,4,55,2,2,14,7,1,16,3,4,0,2,46,9,3,0,2,1,1,0,3,0,12,6,2,1,25,18,0,0,3,3,1,0,8,50,0,0,0,0,15,0,5,0,2,16,0,0,0,2,0,5,3,2,10,2,2,0,0,0,16,0,0,0,0,4,0,3,0,2,0,0,1,0,6,4,2,4,3,1,0,0,0,0,0,0,4,1,0,0,0,3,3,2,0,1,0,3,4,0,0,20,2,0,0,0,0,0,0,0,0,6,11,0,0,0,0,0,0,2,0,0,1,0,1,0,1,3,0,6,0,0,0,4,1,1,3,0,0,1,0,0,0,0,0,0,0,0,0,1,0,0,0,0,0,5,0,0,0,0,2,0,0,3,0,0,0,0,1,0,0,0,0,0,1,0,0,0,0,0,0,0,1,2,0,0,1,0,0,3,0,0,4,1,6,0,0,3,41,1,0,0,0,1,0,1,0,0,2,0,1,0,0,4,4,0,0,0,0,4,0,0,1,0,0,0,0,0,0,1,0,0,0,0,0,0,0,0,0,0,0,0,0,0,0,0,0,0,0,0,1,0,0,0,1,0,0,0,0,0,0,0,0,0,0,0,0,0,0,0,1,0,0,0,1,2,0,0,0,0,0,0,0,0,0,0,0,0,0,0,0,0,0,0,0,0,0,0,0,0,0,0,0,0,1,0,2,0,0,0,0,0,0,0,0,0,0,0,0,0,0,0,0,0,0,0,0,0,0,0,0,0,0,0,0,0,0,0,0,0,0,0,0,0,0,0,1,0,0,0,0,0,0,0,0,0,0,0,0,0,0,0,0,0,,,0.097290052,0.012418132,0.013641345,0.029255918,0.000209935,0.00327308,0.034036786,1.32886e-05,0.001277973,0.010775699,0.019080292,0.000220963,0.002976935,7.57718e-06,0.002358406,0.00383536,0.000472394,0.001129915,0.000934484,0.001160215,0.000130834,0.00469136,3.53782e-05,0.005533335,0.022439197,0.001335611,0.057019296,0.002926336,0.010853404,0.0036776,0.037656907,0.024970269,0.012200648,0.010198738,0.000177507,0.000468438,0.00661304,0.001863433,0.015535955,0.01651153,0.001623437,0.008248541,0.00206599,6.18262e-06,0.518848284
Bologna,Gruppo HERA,Italy,81,2020-08-25 00:00:00,1015039_1,53,373,44,11,56,37,19,1,0,369,0,0,88,302,1576,0,41,315,8,65,16,3,189,61,87,164,139,33,22,180,325,26,20,2,219,363,289,20,586,1,2,63,495,171,20,351,0,10,40,0,26,4,9,98,82,77,4,983,0,931,142,135,277,2,0,325,16,299,43,58,279,177,217,2,0,0,8,14,92,247,28,10,0,269,5,0,8,19,2,30,256,258,75,4,1865,45,33,3,0,12,20,14,3,11,61,27,11,32,245,0,0,0,45,16,50,81,0,3,18,16,20,22,23,0,10,0,0,8,2,1,27,7,7,1,7,0,40,5,116,0,5,5,4,3,5,31,2,19,23,22,0,32,3,0,1,6,19,1,0,1,0,38,0,7,0,5,8,2,0,0,11,4,0,3,12,4,17,0,0,0,1,2,6,0,0,37,1,2,0,0,4,22,13,0,8,2,1,3,2,0,0,1,21,0,2,1,4,0,0,0,6,0,73,0,0,0,5,6,0,0,1,3,0,0,6,13,1,0,0,2,9,0,0,0,0,8,0,0,0,2,1,1,2,0,6,1,0,0,0,0,0,0,0,1,0,3,0,2,0,0,0,0,0,0,1,5,0,1,2,1,0,0,1,0,1,1,4,1,0,0,0,0,1,0,0,0,0,0,0,0,0,1,0,0,0,2,0,0,0,1,0,5,3,0,0,0,0,0,0,2,0,2,0,0,1,0,0,0,0,8,2,0,0,7,3,0,0,0,0,0,0,0,0,0,0,0,0,0,0,1,1,0,0,0,0,0,1,0,0,0,6,0,1,0,0,1,0,0,0,0,0,0,0,3,0,1,0,0,0,0,0,0,0,3,0,0,0,0,0,0,0,0,0,0,0,0,0,0,24,1,0,0,0,0,0,0,0,0,0,0,0,0,0,3,0,0,1,0,0,0,0,1,1,0,0,0,0,0,0,0,1,0,0,0,0,0,0,0,0,0,0,0,0,0,0,0,0,0,0,0,0,0,0,0,0,0,0,0,0,0,0,0,0,0,0,0,0,2,0,0,0,0,0,0,1,0,0,0,0,0,0,0,0,0,0,0,0,0,0,0,0,0,0,0,0,0,0,0,0,0,0,0,0,0,0,0,0,0,0,0,0,0,0,0,0,0,0,0,0,0,0,0,0,0,0,0,0,0,0,1,0,0,0,0,0,0,0,0,0,0,0,0,0,0,0,0,0,0,0,0,0,0,0,0,0,0,0,0,0,0,0,0,0,0,,,0.188127212,0.021956649,0.006111473,0.009256471,0.00026679,0.002811458,0.047762019,1.94527e-05,0.000975056,0.010075307,0.014200649,0.000212407,0.002556367,5.23197e-06,0.002683623,0.014308116,0.001567556,0.000835404,0.000733025,0.00159544,6.91867e-05,0.003167585,5.32416e-05,0.013051561,0.016375919,0.001285506,0.035940061,0.00172128,0.000643434,0.001426182,0.014956333,0.146425963,0.012389069,0.007913776,0.02284246,0.000315788,0.006698424,0.000767907,0.008147531,0.012964894,0.006068267,0.000880671,0.004830434,1.40112e-05,0.354990811
Bologna,Gruppo HERA,Italy,83,2020-09-08 00:00:00,1015041_1,43,608,20,24,222,73,48,20,1,386,0,0,114,451,2181,5,20,295,15,63,30,11,111,138,153,148,100,49,8,192,526,33,55,0,138,583,184,25,529,0,2,41,626,176,11,345,7,14,23,0,54,0,19,128,76,62,0,601,1,1359,137,123,285,2,1,849,19,450,35,71,337,641,734,6,8,0,0,25,79,829,63,17,12,185,1,0,20,15,4,59,305,99,67,0,1229,95,66,3,0,40,49,11,0,20,65,26,35,74,232,10,0,0,182,33,101,317,1,1,38,43,19,17,7,0,5,0,0,9,2,6,21,7,14,12,25,0,77,3,107,1,1,7,6,4,8,18,0,16,19,8,12,41,8,1,3,14,65,5,4,0,4,169,0,5,1,5,8,11,1,1,25,0,0,2,5,0,45,0,1,0,4,0,5,0,0,11,6,0,0,0,5,18,9,0,3,10,5,19,4,2,0,0,58,4,4,0,2,1,0,0,7,0,72,1,4,0,3,13,0,0,0,3,0,0,2,41,0,0,0,1,22,1,0,1,0,7,0,4,0,3,14,5,7,1,1,0,1,0,0,0,4,0,0,1,0,2,0,2,0,7,1,0,0,0,5,9,1,2,0,0,0,0,2,0,2,4,21,0,0,0,0,4,4,3,1,3,0,0,2,0,0,10,3,0,0,1,0,0,0,0,1,5,7,1,0,0,0,0,0,7,0,0,0,0,0,0,5,0,0,2,0,0,2,12,4,0,0,0,1,1,0,0,0,0,0,0,0,0,0,3,1,0,0,1,0,8,0,0,0,0,5,0,0,0,0,1,0,0,0,0,0,0,0,1,0,0,0,0,0,0,1,0,0,0,0,0,0,0,0,1,0,0,5,1,1,0,0,0,43,1,0,0,0,1,2,0,0,1,0,0,0,1,0,2,1,0,1,4,1,0,0,0,3,0,0,0,0,0,0,0,0,0,0,0,0,0,0,0,0,0,0,0,0,0,0,0,0,0,0,0,0,0,1,0,0,0,0,0,0,0,0,0,0,0,0,0,0,0,0,0,0,0,0,0,0,0,0,0,0,1,0,0,0,0,0,0,0,0,0,0,0,0,0,0,0,0,0,0,0,0,0,0,0,0,0,0,1,0,0,0,0,0,0,0,0,0,0,0,0,0,0,0,0,0,0,0,0,0,0,0,0,0,0,0,0,0,0,0,0,0,0,0,0,0,0,0,0,0,0,0,0,0,0,0,0,0,0,0,0,0,0,0,0,0,,,0.086982657,0.006239025,0.003367546,0.002115883,0.000164916,0.001088705,0.028407312,2.42464e-06,0.001073238,0.00349025,0.013007956,0.000183091,0.001974776,6.12519e-06,0.001768603,0.004297706,0.000967199,0.000209842,0.001083299,0.000553244,0.00012629,0.003565921,2.53808e-05,0.006837181,0.02708236,0.000793774,0.014532477,0.002071918,0.00069813,0.001239051,0.008505855,0.371495403,0.009315989,0.022629219,0.003510538,0.000189507,0.001794078,0.000683356,0.007606764,0.01811077,0.000960245,0.000728237,0.00300707,5.34189e-07,0.337506155
Bologna,Gruppo HERA,Italy,85,2020-09-22 00:00:00,1015043_1,7,60,5,1,5,0,1,0,0,36,0,0,10,15,260,0,10,86,1,3,2,0,20,7,2,23,31,2,2,17,38,0,3,0,51,58,55,0,90,0,1,10,122,31,2,35,0,3,7,0,9,0,0,14,8,5,0,123,0,117,16,15,26,0,0,45,0,42,6,4,23,21,216,0,0,0,0,0,4,35,0,1,0,47,1,0,0,0,11,3,33,12,18,0,203,7,11,0,0,0,4,0,0,2,9,0,1,3,23,0,0,0,8,17,9,8,0,0,1,1,9,0,1,0,0,0,0,1,2,0,3,4,1,0,0,0,1,0,15,0,0,0,0,0,0,0,0,1,2,4,0,8,0,0,1,2,1,3,0,0,0,0,0,0,0,0,0,0,0,0,0,0,0,0,0,0,3,0,0,0,0,0,1,0,0,0,1,1,0,0,2,1,3,0,0,0,0,2,0,0,0,0,1,0,0,0,2,0,0,0,2,0,8,0,0,0,0,1,0,1,0,0,0,0,0,16,0,0,0,0,3,0,0,0,0,0,0,0,0,1,0,0,0,0,1,0,0,0,0,0,0,0,0,0,0,0,0,0,0,0,0,0,0,0,2,0,0,0,0,0,0,0,0,0,1,4,0,0,0,0,0,0,0,0,0,0,0,1,0,0,0,0,0,0,0,0,0,0,0,0,0,0,0,0,0,0,3,0,0,0,0,0,0,0,0,0,0,0,0,1,0,0,0,0,0,0,0,0,0,0,0,0,0,0,0,0,0,0,0,0,0,0,0,0,0,0,0,0,0,0,0,0,0,0,0,1,0,0,0,0,0,0,0,0,0,0,0,0,0,0,0,0,1,0,0,0,0,0,0,0,0,0,0,0,0,0,0,0,0,0,0,0,0,0,0,0,0,0,0,0,0,0,0,2,0,0,0,0,0,0,0,0,0,0,0,0,0,0,0,0,0,0,0,0,0,0,0,0,0,0,0,0,0,0,0,0,0,0,0,0,0,0,0,0,0,0,0,0,0,0,0,0,0,0,0,0,0,0,0,0,0,0,0,0,0,0,0,0,0,0,0,0,0,0,0,0,0,0,0,0,0,0,0,0,0,0,0,0,0,0,0,0,0,0,0,0,0,0,0,0,0,0,0,0,0,0,0,0,0,0,1,0,0,0,0,0,0,0,0,0,0,0,0,0,0,0,0,0,0,0,0,0,0,0,0,0,0,0,0,0,0,0,0,0,0,0,0,0,0,0,0,0,0,0,,,0.027825777,0.003469193,0.000722008,0.000296406,0.000105034,6.33652e-05,0.004643409,2.44239e-06,0.000396283,0.001518733,0.001630264,0.00032566,0.000242493,2.2104e-06,0.000424286,0.003637814,0.001142448,8.04934e-05,0.000723699,0.000288883,3.66903e-05,0.000520871,5.02613e-06,0.000801462,0.005719422,0.000486801,0.004408356,0.000734924,6.55785e-05,0.000268891,0.001777692,0.852531041,0.002756313,0.001780948,0.000208385,0.000128847,0.001282881,0.000456673,0.002856359,0.002979838,0.00037673,0.000176735,0.001876171,4.35851e-07,0.070222027
Bologna,Gruppo HERA,Italy,88,2020-10-08 00:00:00,1015045_1,193,1458,65,72,200,156,84,5,11,655,0,0,380,635,4441,4,10,1326,22,96,73,31,398,179,299,593,234,127,107,527,647,84,145,4,1705,1372,469,67,978,1,16,244,1163,391,90,502,11,82,103,0,119,11,56,181,140,470,5,3278,4,2721,214,227,518,16,1,1852,67,704,82,183,604,638,567,20,12,1,9,67,145,694,93,40,13,896,2,0,180,23,3,105,603,767,232,4,6115,218,209,5,0,66,29,38,2,41,195,34,37,184,474,22,1,0,137,90,294,292,0,6,19,53,44,71,39,14,6,0,0,21,7,4,57,11,117,5,21,0,50,4,412,0,13,12,6,7,11,45,2,57,78,16,33,275,19,0,43,11,69,4,12,2,0,179,1,3,0,5,14,11,7,2,1,21,1,9,7,435,36,1,6,0,13,5,16,0,3,43,25,0,0,0,14,39,21,1,23,8,0,14,3,1,0,4,61,18,8,6,19,3,1,2,12,3,57,2,3,0,4,17,0,0,9,4,0,0,3,53,1,0,9,0,18,0,17,1,1,58,4,1,2,18,1,5,3,0,20,0,10,0,1,0,9,0,1,1,0,15,0,3,0,4,0,2,6,1,14,4,3,0,2,1,0,1,0,0,2,1,14,1,0,0,0,3,4,1,2,1,4,10,3,0,0,18,6,0,0,0,0,0,0,0,8,21,42,4,0,0,9,4,0,4,0,0,0,0,0,7,3,0,0,6,8,0,2,36,2,2,0,1,2,0,0,0,0,0,0,0,0,0,1,13,3,0,0,6,0,0,0,0,2,0,14,0,0,1,0,1,0,0,1,0,5,0,0,5,0,0,0,0,0,1,0,0,0,0,1,0,0,0,0,2,0,0,13,7,22,0,0,1,88,2,0,1,0,0,0,0,0,3,0,0,0,0,0,14,4,0,0,0,0,0,0,6,2,0,1,0,0,0,0,0,1,0,0,0,0,0,0,0,0,0,0,0,0,0,0,0,0,1,0,0,0,0,2,3,0,0,0,0,0,0,0,0,0,0,0,0,0,0,0,0,0,0,0,0,0,0,1,0,0,1,2,0,0,0,0,0,0,0,0,0,0,0,0,0,0,0,0,0,0,0,0,0,0,0,0,0,0,0,0,0,0,0,0,0,0,0,0,0,0,0,0,0,0,0,0,0,0,0,0,0,0,0,0,0,0,0,0,0,0,0,0,0,0,0,0,0,0,0,0,0,0,0,0,0,0,0,0,0,0,0,0,0,0,0,,,0.143123629,0.047074707,0.007202506,0.004172002,0.000295184,0.001624196,0.021969702,7.32629e-06,0.004498427,0.007257356,0.01215162,0.00130397,0.006972807,5.45749e-05,0.004203059,0.003825984,0.000681095,0.001007611,0.001106726,0.002523183,0.000184778,0.004218807,2.83335e-05,0.034618537,0.047610797,0.000795673,0.06244432,0.011989151,0.001510683,0.002421464,0.007128822,0.013077896,0.015470223,0.012990821,0.000644431,0.000702683,0.014328362,0.00236296,0.012380015,0.011202781,0.001027526,0.002018087,0.012414479,4.22486e-07,0.457372283
Bologna,Gruppo HERA,Italy,89,2020-10-20 00:00:00,1015047_1,1,61,3,0,7,1,5,2,2,21,0,0,9,18,120,0,7,79,1,12,1,0,24,5,3,42,10,7,2,5,22,0,2,0,38,58,26,2,36,1,0,21,62,15,9,11,0,2,2,0,7,0,5,6,5,7,1,82,0,65,13,7,8,2,0,47,1,20,8,3,11,24,290,0,0,0,0,0,19,18,5,0,1,60,1,0,0,2,41,4,13,12,1,1,148,2,6,0,0,1,3,0,0,0,4,3,2,2,8,2,0,0,3,3,1,7,0,1,5,3,0,1,0,0,0,0,0,0,0,0,2,3,2,1,1,0,2,0,10,1,1,0,0,0,0,5,0,3,0,0,0,0,1,0,0,0,1,2,1,0,0,7,0,0,0,0,3,0,0,0,0,1,0,0,0,0,7,0,0,0,0,0,0,0,0,0,1,0,0,0,0,3,0,0,1,0,1,0,0,0,0,0,2,0,0,0,3,0,0,0,0,0,0,0,0,0,0,0,1,0,0,0,0,0,0,8,0,0,0,0,2,0,0,0,0,0,0,0,0,1,0,0,0,0,0,0,0,0,0,0,0,0,0,0,0,1,0,0,0,0,0,0,0,0,0,0,0,0,0,0,0,0,0,0,0,0,0,0,0,0,0,0,0,0,0,0,0,0,1,0,0,0,0,0,0,0,0,0,0,0,0,0,0,0,0,0,0,0,0,0,0,0,0,0,0,0,0,0,0,0,0,0,0,0,0,0,0,0,1,0,0,0,0,0,0,0,0,0,0,1,0,0,0,0,0,0,0,0,0,0,0,0,0,0,0,0,0,0,0,0,0,0,0,0,0,0,0,0,0,0,0,0,0,0,0,0,0,0,0,1,0,0,0,0,0,0,0,0,3,0,0,0,0,0,0,0,0,0,0,0,0,0,0,0,0,0,0,0,0,0,0,0,1,0,0,0,0,0,0,0,0,0,0,0,0,0,0,0,0,0,0,0,0,0,0,0,0,0,0,0,0,0,0,0,0,0,0,0,0,0,0,0,0,0,0,0,0,0,0,0,0,0,0,0,0,0,0,0,0,0,0,0,0,0,0,0,0,0,0,0,0,0,0,0,0,0,0,0,0,0,0,0,0,0,0,0,0,0,0,0,0,0,0,0,0,0,0,0,0,0,0,0,0,0,0,0,0,0,0,0,0,0,0,0,0,0,0,0,0,0,0,0,0,0,0,0,0,0,0,0,0,0,0,0,0,0,0,0,0,0,0,0,0,0,,,0.015883268,0.001975379,0.000303392,0.000561571,2.24983e-05,5.58536e-05,0.002583844,1.76864e-07,0.000128052,0.000988163,0.002172783,0.000230378,0.000119143,2.1702e-06,0.000454257,0.002017816,6.07588e-05,0.000136069,0.0011361,0.000144245,2.07266e-05,0.000113684,4.34197e-06,0.001086555,0.003908089,5.97835e-05,0.001873896,0.000942501,3.5776e-05,0.000125141,0.001484089,0.912044786,0.001283518,0.001405015,0.001066485,2.00695e-05,0.001196388,0.000278279,0.001831155,0.001816753,0.00026391,7.97893e-05,0.006162923,5.78694e-08,0.033920372
Bologna,Gruppo HERA,Italy,92,2020-11-10 00:00:00,1015050_1,3,111,4,3,14,14,5,0,2,19,0,0,13,23,195,0,1,294,2,21,1,2,31,7,3,69,6,9,2,19,41,2,8,0,77,120,31,1,66,3,0,22,86,17,17,46,0,4,15,0,2,1,2,6,11,10,5,278,0,89,20,15,24,2,0,46,5,41,5,11,23,20,466,0,1,0,1,1,40,22,7,6,0,100,0,0,3,2,1,6,18,51,23,0,494,5,4,1,0,0,1,6,0,0,12,2,0,10,17,0,0,0,0,20,0,4,0,0,3,1,1,4,0,2,3,0,0,0,0,0,8,1,4,1,0,1,4,0,22,0,0,0,0,1,0,1,0,6,5,3,0,1,0,0,0,0,3,0,0,0,0,0,0,0,2,0,0,0,0,0,3,1,0,0,0,0,4,0,0,0,0,1,0,0,0,1,2,0,0,0,0,5,3,0,0,2,0,0,0,0,0,0,1,10,0,0,5,0,0,0,0,0,7,0,3,0,0,0,0,0,1,2,0,0,1,20,0,0,1,0,1,0,0,0,4,1,0,0,0,0,0,1,0,0,1,0,0,0,2,0,4,0,0,0,0,0,0,0,0,0,0,0,0,0,1,2,0,0,0,0,0,0,0,0,3,1,1,0,0,0,0,0,0,0,0,1,0,0,0,0,0,0,0,0,0,0,0,0,0,0,0,0,0,0,0,0,0,0,0,1,0,0,0,0,0,0,0,0,0,0,0,0,0,2,0,0,0,0,0,0,0,0,0,0,0,0,0,0,0,0,0,0,0,0,0,0,0,0,0,0,0,0,0,0,0,0,0,0,0,0,0,0,0,0,0,0,0,0,0,0,0,0,0,0,0,0,0,0,0,0,0,0,1,0,0,0,0,0,5,0,0,0,0,0,0,0,0,0,0,0,1,0,0,0,0,0,0,0,0,0,0,0,1,0,0,0,0,0,0,0,0,0,0,0,0,0,0,0,0,0,0,0,0,0,0,0,0,0,0,0,0,0,0,0,0,0,0,0,0,0,0,0,0,0,0,0,0,0,0,0,0,0,0,0,0,0,0,0,0,0,0,0,0,0,0,0,0,0,0,0,0,0,0,0,0,0,0,0,0,0,0,0,0,0,0,0,0,0,0,0,0,0,0,0,0,0,0,0,0,0,0,0,0,0,0,0,0,0,0,0,0,0,0,0,0,0,0,0,0,0,0,0,0,0,0,0,0,0,0,0,0,0,0,0,0,0,0,0,0,0,0,0,0,0,,,0.011366159,0.001625587,0.0001272,0.000340784,9.67471e-06,4.38495e-05,0.001083034,3.47648e-07,0.000105638,0.001640902,0.002983942,0.000132237,0.000139092,2.90207e-07,0.000233533,0.000320035,1.50078e-05,0.000523693,0.000255774,0.000207427,3.17449e-05,0.000123378,2.36802e-06,0.000633131,0.001648683,3.09453e-05,0.00165872,0.000146965,8.14197e-05,0.000147703,0.001655384,0.945297733,0.000375299,0.000702854,7.00666e-05,1.49011e-05,0.001591333,0.000122188,0.00087845,0.000367931,3.92856e-05,5.2757e-05,0.001141756,2.10379e-08,0.022030778
Bologna,Gruppo HERA,Italy,95,2020-11-26 00:00:00,1015052_1,86,606,21,38,38,172,28,0,8,207,0,21,341,167,1353,1,34,2218,3,156,24,9,290,41,58,539,160,40,22,193,237,16,72,7,989,667,430,43,373,13,0,119,383,88,106,210,0,69,95,0,51,34,30,75,72,65,5,2715,0,815,45,88,157,5,1,641,12,196,89,167,373,72,125,8,8,0,7,24,252,73,23,31,0,698,6,0,93,11,3,21,181,679,144,4,5058,63,40,30,0,20,9,45,0,4,74,16,16,59,61,14,3,0,19,22,79,30,0,1,11,6,19,16,24,2,0,0,0,5,0,0,27,13,49,4,5,0,22,1,386,0,3,0,4,4,4,25,2,11,72,7,5,14,3,0,23,2,10,3,4,0,0,17,0,2,4,8,0,1,0,0,2,9,0,0,2,124,7,0,0,0,13,1,1,2,1,7,2,2,0,0,4,15,13,1,3,1,2,0,3,0,0,1,11,7,0,1,26,1,2,3,4,0,11,0,2,0,6,2,1,0,1,2,0,0,5,15,0,0,2,0,3,3,8,0,0,5,0,0,0,9,2,2,0,0,14,2,0,0,0,0,3,0,0,2,0,0,0,0,0,0,0,0,0,0,8,0,1,0,2,1,0,0,0,0,0,0,4,4,1,0,0,0,0,0,1,6,1,1,0,0,0,1,0,0,0,0,0,0,0,0,1,4,3,0,0,0,4,0,0,1,0,0,0,0,0,1,0,0,0,1,0,0,0,19,0,0,4,0,2,0,0,0,0,2,0,0,0,0,0,6,1,0,0,0,0,1,0,0,0,0,5,0,0,3,0,0,0,0,0,0,1,0,0,5,0,0,0,0,0,0,0,0,0,0,0,0,0,0,0,0,0,0,5,0,3,0,0,0,15,2,0,0,0,0,0,0,0,0,1,0,0,0,0,0,4,0,0,0,0,0,0,3,2,0,0,0,1,0,0,0,2,0,0,0,0,0,0,0,0,0,0,0,0,0,0,0,0,0,0,0,0,0,0,0,0,0,0,0,0,0,7,0,1,0,0,0,0,0,0,0,0,0,0,0,0,0,0,0,0,0,0,0,0,0,0,0,0,0,0,0,0,0,0,0,0,0,1,0,0,0,0,0,0,0,0,0,0,0,0,0,0,0,0,0,0,0,0,0,0,0,0,0,0,0,0,0,0,1,0,0,0,0,0,0,0,0,0,0,0,0,0,0,0,0,0,0,0,0,0,0,0,0,0,0,0,0,0,0,0,0,0,0,0,0,,,0.186564762,0.090972762,0.005211311,0.015057027,0.001113602,0.001757973,0.014264114,0.000245427,0.00118994,0.014223375,0.041140018,0.000816788,0.001000395,1.19563e-05,0.009611583,0.013715719,0.000726712,0.002072428,0.001205517,0.00370103,0.002004229,0.001224511,0.000313863,0.031580767,0.030215029,0.001583432,0.028347314,0.004129863,0.003868565,0.002882678,0.011276652,0.034570467,0.007014366,0.009282065,0.004007744,0.000287809,0.015319088,0.000537517,0.0108227,0.009578517,0.00329506,0.000533329,0.025883967,4.38325e-05,0.356794197
Bologna,Gruppo HERA,Italy,97,2020-12-10 00:00:00,1015054_1,69,810,17,11,57,126,18,1,5,169,0,0,188,126,956,0,5,1158,2,100,10,6,242,22,6,337,46,26,231,148,145,16,30,3,1122,802,310,21,247,2,0,66,391,66,28,112,0,39,123,0,40,23,19,53,50,53,2,2047,0,658,91,43,94,0,3,489,8,191,54,149,265,147,309,9,2,0,1,23,162,121,21,16,0,435,1,0,17,8,71,15,150,879,117,5,4161,32,28,14,0,14,6,20,2,0,39,19,24,50,67,5,0,0,14,41,60,48,0,1,7,16,11,15,12,0,3,0,0,6,1,0,3,18,67,1,3,0,11,0,407,0,1,0,1,3,1,13,3,18,81,4,6,19,2,0,12,2,1,1,3,0,0,13,0,1,21,2,0,1,5,0,1,2,0,1,6,3,31,0,0,0,10,2,14,0,0,5,0,2,0,0,2,4,10,0,1,0,0,4,4,2,0,0,3,18,3,0,2,0,1,0,1,0,1,2,3,0,4,3,0,0,4,4,0,0,4,28,0,0,0,0,0,0,0,0,0,4,0,0,1,2,0,4,0,0,7,0,0,0,0,0,0,0,0,0,0,3,0,0,0,2,0,0,1,0,6,0,0,0,0,0,0,0,0,0,0,0,5,0,0,0,0,1,1,0,0,0,1,0,0,0,0,0,1,0,0,0,0,0,0,0,4,4,1,0,0,0,1,0,0,0,0,0,0,0,1,3,0,0,0,2,0,0,0,1,0,0,1,0,1,1,0,0,0,0,0,0,0,0,0,0,0,0,0,0,0,1,0,0,1,0,1,0,4,0,0,0,0,0,0,0,0,0,0,1,0,0,1,0,0,0,0,0,0,0,2,0,0,0,0,1,0,0,4,0,9,0,0,0,12,0,0,0,0,0,0,0,0,0,1,0,0,0,0,1,0,0,0,0,0,0,0,3,1,0,0,0,0,0,0,0,0,0,0,0,0,0,0,0,0,0,0,0,0,0,0,0,0,0,0,0,1,0,0,0,0,0,1,0,0,0,0,0,0,0,0,0,0,0,0,0,0,0,0,0,0,0,0,0,0,0,0,3,0,0,0,0,0,0,0,0,0,0,0,0,0,0,0,0,0,0,0,0,0,0,0,0,0,0,0,0,0,0,0,0,0,0,0,0,0,0,0,0,0,0,0,0,0,0,0,0,0,0,0,0,0,0,0,0,0,0,0,0,0,0,0,0,0,0,0,0,0,0,0,0,0,0,0,0,0,0,0,0,0,0,,,0.093636851,0.053580106,0.00243576,0.005712251,6.90334e-05,0.000672862,0.007197371,2.74083e-06,0.000896529,0.003239939,0.012512507,0.001422017,0.000259248,8.29613e-06,0.005945607,0.003194118,0.000200721,0.002641232,0.001372687,0.001842396,0.001367304,0.000419021,1.14011e-05,0.003275572,0.006010055,0.000160148,0.014950059,0.004831664,0.000599387,0.001390416,0.004505108,0.534242485,0.010214171,0.0138581,0.000535353,0.000211572,0.004428763,0.000814418,0.005013702,0.003670269,9.43398e-05,0.000583555,0.017847572,1.46489e-07,0.174123146
Bologna,Gruppo HERA,Italy,98,2020-12-22 00:00:00,1015056_1,33,380,6,19,26,32,9,2,2,125,1,0,81,74,633,0,5,629,1,55,10,2,115,8,8,219,31,10,16,101,82,6,22,0,310,374,170,12,174,0,0,21,217,42,27,98,0,14,53,0,13,4,11,23,22,31,8,848,0,383,79,29,75,5,3,211,15,98,16,71,147,69,144,3,5,0,23,7,90,49,12,13,2,232,0,0,9,3,10,18,113,288,50,4,1729,14,20,11,0,8,1,2,0,2,27,7,5,22,4,3,1,0,4,24,36,26,0,0,5,5,11,5,4,0,2,0,0,7,0,0,17,3,23,0,3,0,6,3,120,1,3,0,2,1,1,1,1,8,19,5,1,19,3,0,17,2,1,0,1,0,0,10,0,0,14,2,1,2,0,1,2,3,0,0,0,0,14,0,0,0,0,4,3,0,0,1,2,0,0,0,0,6,2,0,0,0,1,0,0,0,0,0,0,4,1,0,0,1,0,0,3,0,0,0,0,0,0,0,0,0,2,1,0,0,2,8,0,0,0,0,2,0,1,0,0,1,0,0,0,1,0,2,0,0,1,0,0,0,0,0,4,0,2,0,0,1,0,0,0,0,0,0,0,0,5,2,0,1,2,0,0,0,0,1,0,0,0,0,0,0,0,2,0,0,0,1,0,0,0,0,0,0,0,0,0,0,0,0,0,0,2,5,0,0,0,0,0,0,0,1,0,0,0,0,3,0,1,0,0,1,0,0,0,2,0,0,0,0,0,0,0,0,0,0,0,0,0,0,0,2,0,0,0,0,0,0,2,2,0,0,2,0,0,0,1,0,0,0,0,0,0,0,0,1,0,0,0,0,0,0,0,0,0,0,0,0,0,0,0,0,0,0,3,2,1,0,0,0,7,0,0,0,0,0,0,0,0,0,0,0,0,0,0,0,1,0,0,0,0,0,0,1,0,0,0,0,0,0,0,0,0,0,0,0,0,0,0,0,0,0,0,0,0,0,0,0,0,0,0,0,0,0,0,0,0,0,0,1,0,0,2,0,0,0,0,0,0,0,0,0,0,0,0,0,0,0,0,0,0,0,0,0,0,0,0,0,0,0,0,0,0,0,0,0,0,0,0,0,0,0,0,0,0,0,0,0,0,0,0,0,0,0,0,0,0,0,0,0,0,0,0,0,0,0,0,0,0,0,0,0,0,0,0,0,0,0,0,0,0,0,0,0,0,0,0,0,0,0,0,0,0,0,0,0,0,0,0,0,0,0,0,0,0,0,,,0.134850027,0.016177626,0.001620614,0.003508263,0.000142958,0.000622912,0.005812832,5.02733e-06,0.000689291,0.006916607,0.02260832,0.000833208,0.000448036,7.38051e-06,0.002881778,0.005031961,0.000250433,0.002505675,0.001486148,0.00225555,0.004469532,0.000374008,6.48716e-05,0.008983906,0.027305934,0.000402238,0.014884863,0.003186435,0.000985054,0.00081977,0.006352124,0.495805094,0.00461591,0.004862918,0.009978938,0.000236806,0.002516374,0.000707664,0.00624593,0.008479936,0.000376597,0.000330398,0.026672538,2.9217e-07,0.162687222
Bologna,Gruppo HERA,Italy,100,2021-01-05 00:00:00,1015058_1,10,73,3,0,10,17,3,0,0,25,0,0,59,43,126,0,0,74,2,12,0,1,15,7,3,26,7,4,5,14,28,9,5,0,40,102,25,10,37,1,0,7,71,6,5,18,0,12,3,0,9,0,3,9,14,12,0,194,0,146,18,9,11,0,0,92,5,48,5,28,26,12,54,0,2,0,55,2,18,18,5,4,1,33,0,0,7,4,0,3,22,32,20,0,444,10,9,2,0,2,0,1,0,6,6,8,1,12,15,0,0,0,3,27,8,8,0,1,2,6,3,5,2,0,0,0,0,2,0,0,0,1,1,0,1,0,1,0,23,1,3,0,0,0,0,1,0,2,2,2,8,7,2,0,4,0,2,0,0,0,0,1,0,0,102,0,0,0,0,0,0,0,0,0,0,2,1,0,0,1,0,0,0,0,0,0,0,0,0,0,1,0,1,0,0,0,0,1,2,0,0,0,1,3,1,0,0,0,0,0,0,0,0,0,0,0,1,0,0,0,0,1,0,0,2,7,0,0,0,0,2,1,0,1,0,0,0,0,0,2,0,0,0,0,0,0,0,0,0,0,0,0,0,0,0,0,0,0,0,0,0,0,0,0,0,0,0,0,0,0,0,0,0,0,0,0,1,0,0,0,0,1,0,0,0,0,0,0,0,0,0,0,0,0,2,0,0,0,0,0,0,0,0,0,0,0,1,0,0,1,0,0,0,0,0,1,0,0,0,0,0,0,0,2,0,0,0,0,0,0,0,0,0,0,0,0,0,0,0,1,0,0,0,0,0,0,0,0,0,0,1,0,0,0,0,0,0,0,0,0,0,0,0,0,0,0,0,0,0,0,0,0,0,0,0,0,0,0,0,0,0,0,1,0,0,0,0,0,4,0,0,0,0,0,0,0,0,0,1,0,0,0,0,0,0,0,0,0,0,0,0,1,0,1,0,0,0,0,0,0,0,0,0,0,0,0,0,0,0,0,0,0,0,0,0,0,0,0,0,0,0,0,0,0,0,0,0,0,0,0,0,0,0,0,0,0,0,0,0,0,0,0,0,0,0,0,0,0,0,0,0,0,0,0,0,0,0,0,0,0,0,0,0,0,0,0,0,0,0,0,0,0,0,0,0,0,0,0,0,0,0,0,0,0,0,0,0,0,0,0,0,0,0,0,0,0,0,0,0,0,0,0,0,0,0,0,0,0,0,0,0,0,0,0,0,0,0,0,0,0,0,0,0,0,0,0,0,0,0,0,0,0,0,0,,,0.03520816,0.007605533,0.003542816,0.000670836,6.61995e-05,0.000996263,0.002136645,6.73633e-06,0.000402967,0.000882707,0.002437042,0.000519239,0.000191535,5.00632e-06,0.001070264,0.001834979,0.000136886,0.000115733,0.045555193,0.00045735,0.000218128,0.00019813,9.0657e-06,0.000907646,0.001069355,0.000188169,0.004199169,0.002349902,0.000988933,0.001162045,0.002773908,0.680271514,0.000621623,0.002138456,0.021090979,0.000164188,0.000283449,0.060618412,0.002922832,0.001367103,0.00010586,0.000673314,0.015695001,9.26444e-07,0.096139801
Bologna,Gruppo HERA,Italy,102,2021-01-19 00:00:00,1015060_1,10,60,1,1,11,6,2,0,3,21,0,0,11,6,129,0,1,69,0,7,1,1,21,2,2,41,7,3,2,21,12,4,1,0,60,76,29,3,20,0,0,3,81,8,3,9,0,1,2,0,3,3,2,5,4,3,0,150,0,77,9,1,10,3,0,37,1,12,2,2,35,16,156,0,0,0,0,2,17,18,5,3,0,30,0,0,0,3,0,2,15,29,2,0,292,0,9,0,0,0,0,0,0,0,3,0,0,4,11,0,0,0,1,2,7,6,0,0,1,1,5,6,0,0,0,0,0,4,0,0,0,4,8,0,0,0,1,0,12,0,0,0,0,0,0,0,1,1,13,1,0,0,0,0,1,0,0,0,0,0,0,0,0,0,4,0,0,0,0,0,0,0,0,0,0,0,1,0,0,0,2,0,1,0,0,1,0,0,0,0,0,1,9,0,0,0,0,0,0,0,0,1,0,6,0,0,0,0,0,0,0,0,0,0,1,0,0,0,0,0,0,0,0,0,1,15,0,0,0,0,1,0,0,0,1,1,0,0,0,0,0,0,0,0,1,0,0,0,2,0,0,0,0,0,0,0,0,0,0,0,0,0,1,0,0,0,0,0,0,1,0,0,0,0,0,0,0,0,0,0,0,0,0,0,0,0,0,1,1,0,0,0,0,0,0,0,0,0,0,0,0,3,0,0,0,0,0,0,0,0,0,0,0,0,0,0,0,0,0,0,0,0,0,1,0,0,0,0,0,0,0,0,0,0,0,0,0,0,0,0,0,0,0,0,0,0,0,0,0,0,0,0,0,0,0,0,0,0,0,0,0,0,0,0,0,0,0,0,0,0,0,0,0,1,0,0,0,0,0,0,0,0,4,0,0,0,0,0,1,0,0,0,0,0,0,0,0,0,0,0,0,0,0,0,0,0,0,0,0,0,0,0,0,0,0,0,0,0,0,0,0,0,0,0,0,0,0,0,0,0,0,0,0,0,0,0,0,0,0,0,0,0,0,0,0,0,0,0,0,0,0,0,0,0,0,0,0,0,0,0,0,0,0,0,0,0,0,0,0,0,0,0,0,0,0,0,0,0,0,0,0,0,0,0,0,0,0,0,0,0,0,0,0,0,0,0,0,0,0,0,0,0,0,0,0,0,0,0,0,0,0,0,0,0,0,0,0,0,0,0,0,0,0,0,0,0,0,0,0,0,0,0,0,0,0,0,0,0,0,0,0,0,0,0,0,0,0,0,0,0,0,0,0,0,,,0.033724034,0.006955298,0.000434873,0.000317236,8.85064e-05,0.000109017,0.001429215,3.15481e-06,0.000219505,0.000590704,0.00221656,0.000216858,0.00011001,2.00364e-06,0.001393288,0.001659312,9.79757e-05,0.001354094,0.01127704,0.000596584,0.000175116,0.000133285,4.98153e-05,0.001442911,0.001895774,0.00010461,0.00358828,0.000681473,9.66405e-05,0.000157609,0.001977611,0.868066635,0.000575304,0.001356586,0.00180614,4.65657e-05,0.000125272,0.000490401,0.001499984,0.00213253,0.000150479,7.08297e-05,0.002171985,8.23599e-07,0.04840807
Bologna,Gruppo HERA,Italy,104,2021-02-02 00:00:00,1015062_1,43,379,12,18,63,217,26,1,3,167,1,8,182,108,1394,2,12,1587,4,221,19,5,276,33,49,490,63,14,15,163,149,8,69,5,722,385,384,21,211,8,0,121,310,85,82,117,1,67,96,0,66,79,43,70,52,28,6,1651,3,553,108,52,115,6,0,721,12,236,63,119,215,161,147,14,2,0,9,14,344,138,9,29,3,552,2,0,28,8,0,27,173,350,131,7,2980,22,26,31,0,8,3,33,7,1,33,10,11,80,123,13,0,0,33,17,76,54,0,0,5,7,25,11,10,0,2,0,0,10,3,4,12,4,50,1,5,0,4,5,139,0,0,3,2,4,0,19,2,15,24,9,9,26,2,0,1,3,7,1,9,1,0,25,0,1,4,7,4,2,1,0,0,9,0,6,1,4,6,0,0,0,12,1,0,0,0,2,2,3,0,0,1,5,16,0,0,1,3,0,5,0,0,0,9,0,0,0,16,3,2,0,3,0,0,0,5,0,7,5,0,0,0,2,0,0,5,2,0,0,4,0,1,1,0,0,2,2,0,0,1,6,0,0,1,0,4,1,0,0,0,0,1,0,0,0,0,2,0,0,0,1,1,0,0,0,13,1,0,0,0,3,0,0,0,0,0,0,0,0,0,0,0,0,1,2,0,1,1,0,0,0,0,3,0,0,0,0,0,0,0,1,9,3,0,0,0,0,7,0,0,2,0,0,0,0,1,0,2,0,0,1,1,0,0,6,0,0,1,0,0,0,0,0,0,0,0,0,0,0,0,1,0,0,0,0,0,1,3,0,0,0,7,1,0,0,0,0,0,0,0,0,0,0,0,2,0,0,1,0,0,0,0,0,0,2,3,0,0,0,0,0,0,0,2,1,2,0,0,0,17,0,0,0,0,0,0,0,0,0,0,0,0,0,0,2,2,0,0,0,0,0,1,1,0,0,0,0,0,0,0,0,0,0,0,0,1,0,0,0,0,0,0,0,0,0,0,0,0,0,0,0,4,0,0,0,2,1,1,1,1,1,2,0,0,0,0,0,0,0,0,0,0,0,0,0,0,0,0,0,0,0,0,0,0,0,0,0,0,0,0,0,0,0,0,0,0,0,0,0,0,0,0,0,0,0,0,0,0,0,0,0,0,0,0,0,0,0,0,0,0,0,0,0,0,0,0,0,0,0,0,0,0,0,0,0,0,0,0,0,0,0,0,0,0,0,0,0,0,0,0,0,0,0,0,0,0,0,0,0,0,0,0,0,0,0,,,0.189348559,0.059554299,0.00269284,0.012195625,0.000242125,0.002190011,0.018077456,6.61259e-06,0.003920956,0.008063145,0.022729608,0.000118955,0.000775086,7.06702e-06,0.012241166,0.004326071,0.002793578,0.002113137,0.002079875,0.0067566,0.002298349,0.001127501,0.000266006,0.01649064,0.017679816,0.001062746,0.050994982,0.006601142,0.001358651,0.00297465,0.004667507,0.008076753,0.005725221,0.027870716,0.003332818,0.000470166,0.004538447,0.000680792,0.01058431,0.009811187,0.00030759,0.000516385,0.065461634,4.18712e-07,0.4068688
Bologna,Gruppo HERA,Italy,107,2021-02-23 00:00:00,1015064_1,3,197,6,12,73,71,25,3,3,87,0,0,135,82,685,0,4,247,0,38,9,10,75,21,8,103,24,23,4,51,75,3,35,0,170,194,94,27,54,1,1,20,208,32,6,50,0,33,17,0,38,3,24,68,32,25,1,465,2,288,22,39,39,6,1,480,2,107,14,42,41,214,138,2,2,1,27,6,67,123,8,12,1,127,0,0,20,3,0,23,46,49,73,0,859,22,51,2,0,6,9,20,0,1,17,13,6,45,67,10,0,0,30,34,49,40,0,0,8,7,16,2,10,0,2,0,0,4,0,0,7,2,13,3,6,1,6,0,24,0,0,0,2,4,4,18,1,8,0,4,1,10,6,0,3,0,11,1,10,1,0,24,0,0,6,0,1,0,0,0,4,0,0,0,0,0,12,0,0,0,11,0,3,0,0,3,0,0,0,0,6,1,8,0,1,0,0,1,2,0,0,0,4,0,0,1,0,3,1,0,1,0,0,1,7,0,0,0,0,0,0,0,1,0,1,3,0,0,0,0,0,0,0,0,0,7,0,0,0,0,2,1,0,0,10,0,0,0,0,0,1,0,0,0,0,1,0,22,0,0,0,0,0,0,1,0,1,0,1,0,0,0,0,0,0,0,4,1,0,0,0,4,1,0,0,0,0,0,0,0,0,0,0,0,0,0,0,0,0,0,0,2,0,0,0,0,3,1,0,9,0,0,0,0,0,0,5,0,0,0,0,0,0,1,0,0,0,1,0,0,0,0,0,0,0,0,0,0,0,0,0,0,0,0,0,2,0,0,0,0,6,0,0,0,0,0,0,0,1,0,0,0,0,0,0,0,0,0,0,0,0,0,0,0,2,0,0,0,0,0,0,0,0,3,2,0,0,0,5,0,0,0,0,0,0,0,0,0,0,0,0,0,0,0,0,0,0,0,0,0,0,0,1,0,0,0,0,0,0,0,0,0,0,1,0,0,0,0,0,0,0,0,0,0,0,0,0,0,0,0,1,0,0,0,0,0,0,0,0,0,0,0,0,0,0,0,0,0,0,0,1,1,1,1,0,0,0,0,0,0,0,0,0,0,0,0,0,0,0,0,0,0,0,0,0,0,0,0,0,0,0,0,0,0,0,0,0,0,0,0,0,0,0,0,0,0,0,0,0,0,0,0,0,0,0,0,0,0,0,0,0,0,0,0,0,0,0,0,0,0,0,0,0,0,0,0,0,0,0,0,0,0,0,0,0,0,0,0,0,0,0,0,0,0,,,0.041201497,0.023555892,0.001505373,0.00164021,0.000163963,0.000421543,0.003502298,7.59127e-06,0.001448987,0.003674229,0.008593079,0.003205528,0.000946353,8.75503e-06,0.00364166,0.002779961,0.000256756,0.011568862,0.004294913,0.002098668,0.001153132,0.000520916,0.000129594,0.00152058,0.012791993,0.000545535,0.01523423,0.003050138,0.000940145,0.003064287,0.002900909,0.426455057,0.00361268,0.010467972,0.09663903,8.65997e-05,0.001291225,0.001270358,0.004385275,0.03213061,0.000231498,0.000467876,0.008505898,1.47973e-07,0.258088194
Bologna,Gruppo HERA,Italy,109,2021-03-09 00:00:00,1015066_1,6,81,3,6,27,20,5,0,0,19,0,0,24,44,352,0,2,296,3,30,7,3,40,10,4,108,12,14,1,20,40,13,9,5,56,91,63,3,36,0,2,12,97,25,22,23,2,8,17,0,7,5,5,12,5,10,1,160,0,145,16,27,29,6,2,101,0,32,8,14,34,38,36,2,2,0,16,3,44,38,3,5,0,86,0,0,6,1,1,12,15,41,23,2,279,14,9,9,0,8,0,6,0,0,8,4,2,6,25,2,0,0,7,15,22,8,0,0,2,2,8,7,2,0,0,0,0,0,0,0,10,1,9,1,0,0,3,0,17,0,2,0,0,1,0,0,0,2,0,0,0,1,0,0,1,0,2,0,0,0,0,3,0,0,0,0,0,0,0,0,0,1,0,0,0,0,5,0,0,0,0,2,1,0,0,3,0,0,0,0,1,2,0,0,0,2,0,2,0,0,0,0,2,0,0,0,0,1,0,0,0,0,0,1,4,0,0,0,0,0,0,2,1,0,0,0,2,0,1,0,6,0,0,0,0,2,0,0,0,0,0,0,0,0,2,0,0,0,0,1,0,0,0,0,0,0,0,0,0,0,0,0,0,0,3,0,2,0,0,0,1,0,0,0,0,0,0,0,0,0,0,0,0,0,0,0,3,1,0,0,0,0,0,2,0,0,0,0,0,0,0,1,1,0,0,0,0,0,0,1,0,0,0,0,0,0,0,0,0,0,0,0,0,0,0,0,0,0,0,0,0,0,0,0,0,0,0,0,0,1,0,0,0,0,0,0,0,0,0,0,7,0,0,0,0,0,0,0,0,0,0,0,0,2,0,0,0,0,0,0,0,0,0,0,0,0,0,0,0,0,0,0,0,0,9,0,0,0,6,0,0,0,0,0,0,0,0,0,0,0,0,0,0,0,0,0,0,0,0,0,0,0,0,0,0,0,0,0,0,0,0,0,0,0,0,0,0,0,0,0,0,0,0,0,0,0,0,0,0,0,0,1,0,0,0,0,0,0,0,0,0,0,0,0,0,0,0,0,0,0,0,0,0,0,0,0,0,0,0,0,0,0,0,0,0,0,0,0,0,0,0,0,0,0,0,0,0,0,0,0,0,0,0,0,0,0,0,0,0,0,0,0,0,0,0,0,0,0,0,0,0,0,0,0,0,0,0,0,0,0,0,0,0,0,0,0,0,0,0,0,0,0,0,0,0,0,0,0,0,0,0,0,0,0,0,0,0,0,0,0,0,0,0,0,,,0.026727486,0.018512943,0.000935805,0.001383119,8.14371e-05,0.00011892,0.002916278,2.68996e-06,0.003667992,0.001147772,0.005640792,0.001093982,0.000361138,4.32513e-06,0.002146562,0.00243335,7.4252e-05,0.010316055,0.001471598,0.001443771,0.000323515,0.000970917,2.31055e-05,0.000309602,0.020077106,0.000260637,0.009416327,0.003710042,0.000283286,0.000717364,0.002777588,0.66157081,0.013839301,0.010554908,0.014810163,0.0002027,0.001776446,0.00134543,0.005421641,0.00676275,0.000176943,0.000196478,0.007474942,3.22857e-07,0.156517409
Bologna,Gruppo HERA,Italy,111,2021-03-23 00:00:00,1015068_1,289,605,8,17,69,43,12,1,19,83,0,0,36,63,489,0,1,237,10,16,18,5,25,1,27,73,8,15,2,25,38,11,3,0,123,584,22,4,58,1,0,5,258,25,5,26,2,8,5,0,10,11,6,23,9,15,1,2510,0,686,9,15,29,0,1,117,21,189,67,19,35,145,106,0,2,0,179,219,41,106,5,3,0,86,0,0,2,10,0,14,34,218,18,0,4211,41,18,2,0,1,0,10,0,0,10,1,9,17,26,11,0,0,8,4,53,48,0,9,18,5,3,3,0,0,14,0,0,3,0,1,7,11,24,1,1,0,10,0,619,0,0,0,2,2,3,10,3,1,57,2,3,17,4,0,7,0,3,0,2,0,0,10,0,4,553,0,3,4,1,0,4,0,0,2,1,16,3,0,0,0,4,0,10,0,0,2,1,0,0,0,2,2,0,0,2,0,1,0,0,0,0,0,8,9,0,9,2,15,34,0,3,0,0,1,1,0,0,1,0,0,0,0,0,0,0,0,0,0,1,0,51,0,2,0,0,1,0,0,0,94,1,3,1,0,0,0,0,0,15,0,1,1,0,1,0,6,0,29,0,0,0,2,0,0,3,3,2,3,22,0,0,0,0,0,4,14,1,0,0,0,0,0,0,1,0,3,1,0,0,0,0,0,0,0,0,0,0,0,0,2,0,1,2,0,0,0,3,0,0,6,0,0,2,0,0,0,0,0,0,0,0,0,0,0,0,0,0,0,0,0,0,0,0,0,0,0,0,0,1,0,0,0,0,0,0,1,0,0,0,0,7,0,15,0,0,0,0,0,1,0,0,0,0,3,0,0,1,0,0,0,0,0,0,0,0,0,0,0,0,0,0,0,20,0,1,0,0,0,6,2,0,0,0,0,0,0,0,0,0,0,0,0,0,0,1,0,0,1,0,0,0,0,0,0,0,0,0,0,0,0,12,0,0,0,0,0,0,0,0,0,0,0,0,0,0,0,0,0,0,0,0,0,0,1,0,0,0,0,0,0,0,0,0,0,0,0,0,0,0,0,0,0,0,0,0,0,0,0,0,0,0,0,0,0,0,0,0,0,0,0,0,0,0,0,0,0,0,0,0,0,0,0,0,0,1,0,0,0,0,0,0,0,0,0,0,0,0,0,0,0,2,0,0,0,0,0,0,0,0,0,0,0,0,0,0,0,0,0,0,0,0,0,0,0,0,0,0,0,0,0,0,0,0,0,0,0,0,0,0,0,0,0,0,0,,,0.022196525,0.112537137,0.002332172,0.004299283,7.28006e-05,0.001021963,0.001810427,0.000122474,0.003549065,0.002115919,0.005805776,4.40129e-05,0.002609797,1.08549e-05,0.002991977,0.002932249,0.000266593,0.00148072,0.001235536,0.001128829,0.000147872,0.000505106,5.86077e-05,0.000264145,0.010812572,0.000233931,0.011548726,0.005395652,0.000362183,0.000644666,0.001750922,0.453831166,0.00492288,0.007560369,0.064038392,0.0001339,0.000409769,0.000881747,0.005817465,0.005423688,9.20845e-05,0.000443696,0.008296619,1.92642e-05,0.247840467
Bologna,Gruppo HERA,Italy,114,2021-04-13 00:00:00,1015070_1,0,72,0,0,16,11,9,0,0,14,0,0,24,6,75,0,0,30,1,3,1,2,14,4,4,16,8,2,0,6,6,1,1,0,26,66,11,3,18,0,0,10,82,2,0,4,0,1,0,0,3,0,0,7,9,4,0,40,0,80,7,5,12,0,0,85,3,16,6,5,13,52,164,1,1,0,0,3,8,43,1,1,1,8,0,0,6,0,0,4,15,2,9,0,63,4,6,0,0,7,1,0,2,1,4,1,2,6,9,2,0,0,14,6,15,17,0,0,1,0,0,7,0,0,1,0,0,1,0,0,3,6,1,0,2,0,1,0,1,0,0,0,0,0,0,0,0,0,0,0,1,0,0,0,8,2,1,0,0,0,0,13,0,0,6,0,0,1,0,0,1,0,0,0,0,0,3,0,0,0,0,0,0,0,2,0,0,0,0,0,0,0,0,0,0,0,0,0,1,0,0,0,2,7,0,0,1,1,0,0,0,0,0,0,0,0,0,2,0,0,0,0,0,0,0,13,0,0,0,0,1,1,0,0,0,1,0,0,0,2,0,0,0,0,0,0,0,0,0,0,0,0,0,0,0,1,0,0,0,0,0,0,0,0,0,1,0,0,1,0,0,0,0,0,0,1,2,0,0,0,0,0,0,0,0,1,0,2,0,0,0,0,0,0,0,1,0,0,0,0,0,0,0,0,0,0,0,0,0,1,0,0,0,0,0,0,0,0,0,0,0,0,0,0,0,0,0,0,0,0,0,0,0,0,0,0,0,0,0,0,0,0,0,0,0,0,0,0,0,0,0,0,0,0,0,0,0,0,0,0,0,0,0,0,0,0,0,0,0,0,0,0,0,0,0,0,0,0,0,1,0,0,0,0,2,0,0,0,1,0,0,0,0,0,0,0,0,0,0,0,0,0,0,0,0,0,0,0,0,0,0,0,0,0,0,0,0,0,0,0,0,0,0,0,0,0,0,0,0,0,0,0,0,0,0,0,0,0,0,0,0,0,0,0,0,0,0,0,0,0,0,0,0,0,0,0,0,0,0,0,0,0,0,0,0,0,0,0,0,0,0,0,0,0,0,0,0,0,0,0,0,0,0,0,0,0,0,0,0,0,0,0,0,0,0,0,0,0,0,0,0,0,0,0,0,0,0,0,0,0,0,0,0,0,0,0,0,0,0,0,0,0,0,0,0,0,0,0,0,0,0,0,0,0,0,0,0,0,0,0,0,0,0,0,0,0,0,0,0,0,0,0,0,0,,,0.012752841,0.004558973,0.001410189,0.000479713,5.18487e-05,0.000392587,0.000770545,7.3339e-07,0.000291366,0.000110306,0.003822052,0.000154859,0.000304142,2.13675e-06,0.000276831,0.002248396,0.000106495,5.51688e-05,0.003441243,9.08117e-05,5.79165e-05,0.000144723,4.42207e-05,0.000159467,0.000889914,7.04947e-05,0.002215978,0.003494599,0.000192774,0.00038248,0.002449141,0.88869457,0.000843364,0.001235449,0.003123133,2.10036e-05,0.000196987,0.000437095,0.001675457,0.001003718,0.000124808,0.000381143,0.000708104,6.15732e-08,0.060132159
Bologna,Gruppo HERA,Italy,116,2021-04-27 00:00:00,1015072_1,1,60,0,2,5,1,2,0,0,8,0,0,5,4,123,0,0,79,0,16,1,0,7,6,1,22,6,1,1,8,20,6,2,0,31,48,11,2,25,0,0,9,119,6,1,7,0,0,2,0,1,0,1,7,1,2,0,76,0,73,9,5,7,0,0,40,0,21,1,5,21,29,1571,0,1,0,0,0,20,21,2,2,0,31,0,0,1,0,0,1,5,16,3,1,127,0,5,0,0,4,2,0,0,0,7,3,0,4,8,2,0,0,2,9,6,4,0,0,0,3,1,0,1,0,0,0,0,0,0,0,2,15,1,0,0,0,0,0,9,0,0,0,0,0,0,0,0,2,5,0,0,5,0,0,0,0,8,0,0,0,0,3,0,0,0,1,0,0,0,0,2,0,0,0,0,0,4,0,0,0,0,0,2,0,0,1,2,1,0,0,1,1,0,0,0,0,0,0,0,0,0,0,0,1,0,0,0,0,0,0,0,0,0,0,0,0,0,1,0,0,0,0,0,0,0,19,0,0,0,0,0,0,0,1,0,2,0,0,0,0,0,0,0,0,0,0,0,0,0,0,1,0,0,0,0,0,0,0,0,0,0,0,0,0,0,0,0,0,0,0,0,0,0,0,2,7,1,0,0,0,0,0,0,0,0,0,0,0,0,0,0,0,0,0,0,0,0,0,0,0,0,2,0,0,0,0,0,0,0,0,0,0,0,0,0,0,0,0,0,0,0,0,0,0,0,0,0,0,0,0,0,0,0,0,0,0,0,0,0,0,0,0,0,0,0,0,0,0,0,0,0,0,0,0,0,0,0,0,0,0,0,0,0,0,0,0,0,0,0,0,0,0,0,0,0,0,0,0,0,0,0,0,0,2,0,0,0,0,2,0,0,0,0,0,0,0,0,0,0,0,0,0,0,0,0,0,0,0,0,0,0,0,0,0,0,0,0,0,0,0,0,0,0,0,0,0,0,0,0,0,0,0,0,0,0,0,0,0,0,0,0,0,0,0,0,0,0,0,0,0,0,0,0,0,0,0,0,0,0,0,0,0,0,0,0,0,0,0,0,0,0,0,0,0,0,0,0,0,0,0,0,0,0,0,0,0,0,0,0,0,0,0,0,0,0,0,0,0,0,0,0,0,0,0,0,0,0,0,0,0,0,0,0,0,0,0,0,0,0,0,0,0,0,0,0,0,0,0,0,0,0,0,0,0,0,0,0,0,0,0,0,0,0,0,0,0,0,0,0,0,0,0,0,0,,,0.025143513,0.002616567,0.000311186,0.000310307,2.84567e-05,7.37456e-05,0.001372275,9.70463e-07,0.000315249,0.000337496,0.001830685,0.000381149,0.000171755,1.09139e-06,0.000352839,0.000862073,4.90252e-05,0.001517785,0.000652156,0.000199419,0.000103229,0.000418111,7.45396e-05,0.000198631,0.004572327,6.20494e-05,0.00247663,0.00073955,7.26579e-05,0.000146406,0.00249558,0.861438655,0.005186777,0.001403973,6.96595e-05,4.29583e-05,0.000817284,0.000472026,0.005013176,0.00325262,3.2459e-05,9.4938e-05,0.002393343,8.04869e-07,0.07189387
Budapest,Budapesti Kozponti Szennyviztisztito Telep,Hungary,67,2020-05-18 00:00:00,1014082_1,65,702,56,40,58,242,93,2,1,295,4,5,201,474,3994,1,109,1204,16,356,17,56,157,123,55,467,99,31,38,335,262,0,119,0,327,680,200,35,458,10,18,117,491,113,64,462,3,68,62,0,79,1,50,99,174,82,16,2226,2,987,58,96,357,17,9,1725,18,490,137,70,263,201,204,1,8,0,76,3,659,186,41,62,9,593,0,0,63,16,7,90,305,260,187,1,3975,57,217,33,30,47,7,151,1,1,50,46,17,16,210,2,118,1,44,12,100,49,0,6,40,21,57,7,9,0,8,0,0,4,0,0,25,14,44,4,5,0,24,1,1,11,1,10,2,25,17,10,1,6,0,24,2,32,0,0,5,6,25,6,12,5,0,32,0,3,0,19,2,2,0,1,3,1,0,2,3,0,13,0,7,1,4,3,3,7,0,11,5,10,0,0,8,164,23,0,4,2,0,2,0,2,1,0,52,11,0,36,0,3,6,0,4,0,9,1,10,3,7,2,0,0,0,3,0,0,6,2,0,0,0,0,21,3,0,2,0,9,4,0,0,8,2,4,0,0,6,7,0,0,4,2,0,0,2,3,0,8,0,5,0,2,0,1,0,0,1,2,10,0,9,2,0,0,0,0,0,0,2,4,0,0,0,0,1,1,0,3,2,6,0,0,0,4,0,1,0,0,0,0,0,0,3,3,0,0,0,0,7,2,0,5,0,0,0,0,0,0,1,1,0,4,0,0,0,1,0,0,0,0,0,2,0,0,0,0,0,3,0,0,0,0,0,0,0,0,0,5,4,17,11,0,9,0,0,2,0,0,0,0,0,0,0,0,0,3,0,0,0,0,0,0,0,0,0,2,0,0,0,0,0,0,0,0,0,3,3,0,0,0,0,4,2,0,0,0,0,0,0,0,8,0,0,0,0,3,0,0,1,0,0,3,0,0,1,0,0,0,0,0,0,0,0,0,0,0,0,0,0,1,0,0,4,0,0,0,0,0,0,0,0,0,0,0,2,0,0,0,0,1,0,0,0,0,0,0,0,0,0,0,0,0,0,0,0,1,0,0,0,0,0,0,0,0,0,0,1,0,0,0,0,0,0,0,0,0,0,0,0,0,0,0,0,1,0,0,0,0,0,0,0,0,0,0,0,0,0,0,0,0,0,0,0,0,0,0,0,0,0,0,0,0,0,0,1,0,0,0,0,0,0,0,0,0,0,0,0,0,0,1,1,0,0,0,0,0,0,0,0,0,0,0,0,0,0,0,,,0.045217689,0.018943706,0.001809338,0.010735778,0.000233025,0.000320471,0.018538545,5.52669e-06,0.003380112,0.004240889,0.022621628,0.000141496,0.00162238,6.00578e-06,0.004572419,0.003776837,0.000845356,0.003726366,0.001623788,0.002694426,0.000475281,0.005791666,0.000273307,0.000541621,0.057190328,0.005375852,0.063455176,0.010410301,0.000443149,0.000982007,0.010262023,0.009701454,0.050325209,0.02980598,0.004637499,0.000545577,0.013893007,0.001134191,0.025492944,0.030891514,0.002698215,0.000464522,0.008658807,1.84099e-06,0.521492747
Budapest,Budapesti Kozponti Szennyviztisztito Telep,Hungary,68,2020-05-25 00:00:00,1014083_1,52,434,66,17,34,173,77,1,2,257,2,5,193,325,2904,1,75,1522,8,448,7,47,173,96,17,519,84,18,25,308,261,9,79,1,258,473,253,72,511,3,17,155,370,90,86,457,2,65,100,0,80,16,33,89,157,95,5,1838,0,754,58,105,250,3,3,1147,22,285,156,87,202,27,135,1,16,2,41,11,778,48,32,65,4,714,0,0,146,24,5,94,268,239,170,4,3125,96,154,35,22,28,11,130,1,0,58,51,12,15,185,10,20,0,5,58,60,12,0,0,9,5,39,2,14,0,2,0,1,21,0,0,32,16,29,1,1,0,12,4,16,10,0,5,3,19,7,21,3,16,2,14,5,32,6,0,10,2,17,2,10,0,1,6,0,1,1,19,0,0,0,0,4,0,0,2,6,0,3,0,6,2,5,1,7,7,0,2,2,15,0,0,12,70,22,0,0,0,1,2,0,0,5,1,24,9,1,35,2,4,2,0,0,2,10,3,16,1,13,2,0,2,0,3,1,0,10,5,0,0,1,0,3,3,0,1,1,3,0,0,0,0,0,0,0,0,13,10,0,0,1,0,5,0,0,0,0,7,0,0,0,0,0,1,1,0,7,2,4,1,2,1,0,0,0,7,0,0,2,5,0,0,0,0,4,1,0,5,0,1,0,0,0,3,0,0,0,1,1,0,0,0,5,0,0,1,0,0,3,1,0,3,0,0,1,0,0,0,0,0,0,0,0,0,0,0,0,0,1,1,3,0,0,0,0,0,0,1,0,0,0,0,0,0,0,0,0,0,0,9,2,0,16,0,0,1,0,2,0,0,0,0,0,0,0,0,0,0,0,1,0,0,0,0,0,3,0,0,0,0,0,1,0,0,0,0,1,0,0,0,1,0,0,0,0,0,0,0,1,0,8,0,0,0,0,4,1,0,0,0,0,0,0,1,0,0,0,0,0,0,0,0,0,0,0,0,0,3,1,1,1,1,1,1,1,0,0,0,0,0,0,0,0,0,0,0,0,0,0,0,0,0,0,0,0,0,0,0,0,0,0,0,0,0,0,0,0,0,0,0,0,0,0,0,0,0,0,0,0,0,0,0,0,0,0,0,0,0,0,0,0,0,0,0,0,0,0,0,0,0,0,0,0,0,0,0,0,0,0,0,0,0,0,0,0,0,0,0,0,0,0,0,0,0,0,0,0,0,0,0,0,0,0,0,0,0,0,0,0,0,0,0,0,0,0,0,0,0,0,0,0,0,0,0,0,0,,,0.111855034,0.015108029,0.002986376,0.009333883,0.000430871,0.000744597,0.017629901,1.03099e-05,0.001953347,0.004468209,0.015269992,0.000207143,0.0013014,3.62419e-06,0.008547189,0.004673214,0.000863083,0.067991523,0.0024134,0.002712107,0.0007315,0.011908834,8.44147e-05,0.000576067,0.029985059,0.001566923,0.080328019,0.005617639,0.000678442,0.00306024,0.01230562,0.017343116,0.023155562,0.040860778,0.00225785,0.000715037,0.008719028,0.001091958,0.041799616,0.01635383,0.000670027,0.000485625,0.012128417,1.21093e-06,0.419071958
Budapest,Budapesti Kozponti Szennyviztisztito Telep,Hungary,69,2020-06-01 00:00:00,1014087_1,119,456,50,17,29,275,105,5,2,219,2,27,169,351,2882,0,104,1749,4,429,3,57,162,96,43,742,83,17,40,444,389,1,99,1,386,491,239,33,740,12,33,215,450,100,67,554,3,58,60,0,90,15,47,91,160,59,7,2340,5,645,74,83,291,5,12,1471,23,312,195,82,325,49,153,4,5,1,69,4,802,80,37,54,3,903,2,0,171,43,4,65,292,288,137,1,3911,57,181,32,74,43,8,94,3,2,88,89,8,26,168,4,53,0,13,16,52,32,0,2,12,8,38,3,7,0,1,0,0,5,2,0,47,10,21,3,1,0,8,1,1,7,0,5,1,14,8,20,2,10,1,12,6,18,4,0,1,3,20,0,13,0,0,7,0,4,0,25,1,0,0,1,0,0,0,4,3,2,8,0,0,0,7,4,0,10,0,11,4,43,0,0,6,294,15,0,2,2,0,3,1,6,4,0,26,17,0,72,2,0,1,0,1,0,11,0,19,4,10,4,0,0,0,2,0,0,9,5,0,0,0,0,4,0,1,0,0,6,0,0,0,0,0,0,0,0,8,12,0,0,5,0,2,0,0,0,0,3,2,6,0,1,0,0,0,0,1,0,0,0,7,0,0,0,0,0,0,0,1,6,0,0,0,0,1,0,0,4,1,7,2,0,0,2,0,0,0,1,0,0,0,0,1,0,2,0,0,0,7,4,0,0,0,0,0,0,0,1,0,0,0,1,1,0,0,0,0,1,0,2,3,0,0,0,0,0,0,0,0,0,1,0,0,0,0,0,0,0,0,14,15,1,6,0,0,2,0,3,0,0,0,0,0,0,0,0,0,0,0,0,0,0,0,0,0,0,0,0,0,0,0,2,0,0,0,0,1,0,0,0,0,0,0,0,0,0,0,0,0,0,18,0,0,0,0,1,0,0,0,0,0,4,0,3,0,0,0,0,0,0,0,0,0,0,0,0,0,0,0,0,0,0,7,0,0,0,0,0,0,0,0,0,0,0,0,1,0,0,1,0,0,0,0,0,0,0,0,0,0,1,0,0,0,0,0,0,0,0,0,0,0,0,0,0,0,0,0,0,0,0,0,0,3,1,0,0,0,0,0,0,0,0,0,0,0,0,0,0,0,0,0,0,0,0,0,0,0,0,0,0,0,0,0,0,0,0,0,0,0,0,0,0,0,0,0,0,0,0,0,0,0,0,0,0,0,0,0,0,0,0,0,0,0,0,0,0,0,0,0,0,0,0,0,0,0,0,,,0.10946109,0.018920821,0.001375523,0.018756238,0.000379183,0.000761832,0.023362063,8.52163e-06,0.001435809,0.006947092,0.06398463,9.65985e-05,0.000444688,2.73119e-06,0.00474767,0.01400094,0.002490438,0.007468844,0.001343257,0.002539307,0.000538656,0.005461472,0.001742067,0.001100578,0.026905525,0.002184333,0.125685102,0.00357878,0.001323881,0.000912401,0.018336214,0.005629589,0.01642722,0.021454918,0.005251623,0.000711916,0.010771487,0.000555939,0.01684723,0.016366536,0.002041957,0.000217659,0.023070495,4.20459e-06,0.41435294
Budapest,Budapesti Kozponti Szennyviztisztito Telep,Hungary,73,2020-06-29 00:00:00,1014086_1,229,1070,83,50,46,94,62,9,2,443,3,11,165,702,4999,1,173,748,19,342,13,24,213,153,68,610,126,46,50,514,532,14,40,0,703,1107,264,69,960,5,17,207,653,168,21,629,2,32,98,0,30,23,17,176,151,109,4,3348,8,1569,149,161,591,5,4,746,19,683,156,173,300,106,311,1,19,0,31,2,632,130,71,37,2,707,3,0,27,28,1,129,474,574,169,0,5533,122,221,15,49,18,23,76,3,21,56,98,38,19,412,7,5,0,26,26,120,48,0,9,27,26,49,11,73,2,65,0,0,4,1,0,28,13,41,12,0,0,22,3,19,10,1,25,0,8,17,20,10,8,0,17,10,65,6,0,11,3,28,4,1,0,0,13,0,1,1,30,1,0,0,0,4,5,0,0,14,2,11,0,6,1,0,8,0,5,4,14,3,13,0,2,29,5,27,0,20,2,1,8,0,0,1,0,51,27,5,39,4,1,0,0,3,0,50,2,18,0,9,7,0,9,0,11,4,0,24,15,0,0,1,0,17,1,3,2,1,15,0,0,0,11,1,1,1,0,4,2,0,0,3,0,4,0,4,3,0,6,0,2,0,0,0,2,1,0,7,2,8,2,34,1,1,0,0,1,0,0,2,4,0,3,0,9,48,1,1,10,0,1,0,0,0,6,0,0,0,1,0,0,5,0,0,0,0,0,0,2,4,2,0,2,0,0,1,0,2,47,0,0,0,2,0,0,0,5,0,0,0,0,1,3,0,0,0,1,0,0,0,0,0,2,0,0,0,0,0,0,42,2,4,0,13,0,0,3,0,0,0,0,2,0,0,0,0,0,0,0,0,1,0,0,1,0,1,1,1,0,0,0,0,4,2,0,5,1,1,0,0,0,0,0,0,3,0,0,0,0,0,1,5,2,0,0,0,2,0,0,0,0,0,5,0,0,2,0,0,1,0,0,0,0,0,0,0,1,0,0,0,0,0,0,2,0,1,0,0,0,0,0,0,0,1,0,0,0,0,0,0,0,0,0,1,1,0,2,0,0,0,0,0,0,0,0,0,0,0,0,0,0,0,0,0,0,0,0,0,0,0,0,0,0,7,0,0,0,0,0,0,0,0,0,0,1,0,0,0,0,0,0,0,0,0,0,0,0,0,0,0,0,0,0,0,0,0,0,0,0,0,0,0,0,0,0,0,0,0,0,0,0,0,0,0,0,0,0,0,0,0,0,0,0,0,1,2,1,3,0,0,0,0,0,0,0,0,0,,,0.066955015,0.036668328,0.003285437,0.008981862,0.000248165,0.00148426,0.04050436,1.25231e-05,0.005012386,0.009234836,0.021745692,0.000163291,0.001063828,3.85825e-06,0.003715992,0.007091111,0.001171413,0.002359976,0.00201224,0.002328995,0.000251093,0.008459341,7.85331e-05,0.016176484,0.043695667,0.001735591,0.073166322,0.006438301,0.000774973,0.00058242,0.008982323,0.012631735,0.013981456,0.048366037,0.001682515,0.000780664,0.007769254,0.001189906,0.015877437,0.016467627,0.000447961,0.000707167,0.003430729,1.77427e-06,0.50228112
Budapest,Budapesti Kozponti Szennyviztisztito Telep,Hungary,74,2020-07-06 00:00:00,1014089_1,79,583,94,13,21,92,28,2,0,260,0,0,230,646,2208,0,114,442,13,188,10,21,142,113,126,278,79,14,34,286,335,36,25,0,248,618,179,100,653,3,3,109,495,114,12,392,1,20,73,0,36,12,20,112,95,102,2,1502,13,1035,124,121,301,2,5,497,47,335,112,105,200,63,245,0,27,0,12,5,280,79,50,19,5,388,4,0,64,13,0,71,278,201,208,0,2354,154,106,11,23,8,19,32,0,24,32,46,92,5,229,0,7,1,9,25,58,20,0,4,7,3,31,9,69,0,1,0,0,10,0,0,13,12,19,3,0,0,25,0,18,9,1,14,1,12,7,35,1,6,6,15,41,21,15,0,9,4,12,2,4,0,0,8,0,0,1,22,6,3,0,1,6,5,0,0,11,8,2,0,0,0,1,8,5,2,4,8,4,6,0,1,6,8,15,0,6,3,0,1,2,2,2,4,26,25,5,25,0,5,2,0,0,0,15,0,5,1,9,1,0,0,0,6,0,0,33,32,0,0,0,0,5,2,1,1,0,5,1,0,0,10,0,1,2,0,5,1,0,0,1,0,14,0,0,0,0,1,0,0,0,0,0,2,0,0,3,3,3,0,4,0,1,0,0,0,0,0,0,2,0,0,0,0,1,4,0,4,0,1,0,0,0,0,0,0,0,0,0,0,0,1,0,1,0,0,0,0,4,3,0,1,0,0,0,0,1,0,0,0,0,5,1,0,0,4,0,0,0,0,1,0,1,1,0,0,0,0,0,0,0,0,0,0,0,0,0,3,0,4,2,0,9,0,3,4,0,1,0,0,1,0,0,0,0,0,0,0,1,0,0,0,0,0,0,3,0,0,0,1,0,2,0,0,1,0,5,0,0,0,0,1,0,2,0,0,0,0,0,0,0,0,0,0,0,4,0,0,0,0,0,0,0,0,0,0,0,1,0,0,0,0,0,0,0,0,0,0,0,0,0,0,0,2,0,0,0,0,0,1,0,0,0,0,1,0,0,1,0,0,0,0,0,0,0,0,0,0,0,0,1,0,0,0,0,0,0,0,0,0,0,0,0,0,0,0,2,0,0,0,0,0,0,0,0,0,0,0,0,0,0,0,0,0,0,0,1,0,0,0,0,0,0,0,0,0,0,0,0,0,0,0,0,0,0,0,0,0,0,0,0,0,0,0,0,0,0,0,0,0,0,0,0,0,0,0,0,0,0,0,0,0,0,0,0,0,0,0,0,0,0,0,0,0,0,0,,,0.070088526,0.020938981,0.009156186,0.02534875,0.000140512,0.001225608,0.031720075,1.30326e-05,0.002158204,0.012272386,0.021558177,0.002520808,0.000854731,7.45393e-06,0.002787907,0.010670679,0.001213535,0.007696451,0.002048334,0.002060411,0.000254057,0.007593532,1.78204e-05,0.004646022,0.08681309,0.001907754,0.054230293,0.003838625,0.001806427,0.001328414,0.02299734,0.02563686,0.018808822,0.030376189,0.00070027,0.00092527,0.008407562,0.000857993,0.022451587,0.015745415,0.000695886,0.002039812,0.003808237,2.78082e-06,0.459629194
Budapest,Budapesti Kozponti Szennyviztisztito Telep,Hungary,77,2020-07-27 00:00:00,1014091_1,143,625,55,23,38,406,66,1,0,265,3,0,669,479,2168,4,79,1532,21,274,17,72,322,35,93,786,63,28,32,307,229,35,97,2,661,706,461,138,505,3,272,256,441,106,66,327,0,130,121,0,59,25,43,83,196,117,5,2328,6,970,134,120,303,8,6,1586,25,295,146,373,218,82,212,2,52,5,7,4,452,106,29,75,5,917,0,0,166,37,2,77,309,555,296,0,4202,111,110,20,9,44,20,328,1,23,29,99,100,16,213,3,2,1,23,37,57,39,2,1,16,8,22,5,28,3,0,0,0,5,0,1,17,15,19,1,4,3,21,3,7,11,2,15,7,44,10,36,10,5,7,9,23,64,19,0,20,8,10,2,8,0,0,17,1,5,0,16,0,4,0,3,1,0,0,3,17,0,11,0,2,0,5,4,0,14,0,11,7,0,0,0,17,13,13,0,7,3,2,2,0,2,0,2,24,29,10,9,67,2,3,0,1,0,26,0,47,4,29,2,0,0,8,4,0,0,22,38,0,0,0,0,6,3,11,6,1,9,2,0,0,9,2,0,0,0,6,0,0,0,1,0,2,0,1,2,0,2,0,5,0,0,3,6,2,0,0,5,1,2,1,4,0,0,0,3,0,1,0,3,2,0,0,0,2,0,1,5,1,0,2,3,0,3,0,0,0,0,0,0,0,0,0,1,0,0,0,0,6,0,0,1,0,0,0,0,2,0,0,0,0,1,0,0,0,4,0,0,0,0,1,0,0,0,0,0,0,2,0,0,1,3,0,0,0,0,1,1,0,32,9,0,7,1,0,7,0,1,0,0,0,0,0,0,0,0,0,0,0,0,0,0,0,0,0,1,3,0,2,0,0,0,5,0,0,0,0,0,0,0,1,2,0,0,0,0,0,0,0,0,1,1,0,0,0,6,2,0,0,0,0,0,0,1,0,4,0,0,0,0,2,0,0,0,0,0,0,0,0,1,0,0,0,0,0,0,0,1,0,0,0,0,0,0,1,0,0,0,0,0,0,0,1,0,0,0,0,0,0,0,0,0,0,0,0,0,0,0,0,0,0,0,0,0,0,0,0,0,0,0,0,0,0,0,0,0,0,0,0,0,0,0,0,0,0,0,0,0,0,0,0,0,0,0,0,0,0,0,0,0,0,0,0,0,0,0,0,0,0,0,0,0,0,0,0,0,0,0,0,0,0,0,0,0,0,0,0,1,0,0,0,0,0,0,0,0,0,0,0,0,0,0,0,0,0,0,,,0.067820553,0.038387498,0.008237394,0.025444909,0.001191671,0.001108978,0.015287426,6.69672e-06,0.000900362,0.017185828,0.090259365,0.007269967,0.002665516,1.07766e-05,0.004469167,0.004714351,0.000346588,0.002280733,0.000728605,0.002793813,0.000494206,0.008512015,0.006121302,0.002815838,0.051865852,0.002263424,0.038928134,0.002749556,0.003489263,0.008959962,0.012566148,0.038884028,0.010215682,0.01240648,0.001076537,0.001986266,0.015071722,0.000699066,0.016242119,0.012780304,0.000324767,0.001065442,0.005592528,1.86837e-06,0.453777293
Budapest,Budapesti Kozponti Szennyviztisztito Telep,Hungary,78,2020-08-03 00:00:00,1014093_1,78,470,92,10,40,142,56,0,1,191,0,16,406,453,1295,0,67,785,6,209,10,24,190,88,54,404,70,18,24,223,327,10,48,1,118,534,230,152,598,8,5,133,377,96,33,323,0,85,95,0,36,17,21,55,86,63,6,1609,10,675,74,119,312,3,2,577,28,257,198,159,187,69,226,0,27,0,18,17,417,72,40,37,2,496,0,0,42,29,0,40,278,229,292,0,2367,84,76,18,16,6,13,75,0,19,58,62,60,11,168,0,4,0,3,13,26,26,0,2,6,9,6,6,84,0,4,0,1,9,1,0,11,5,14,4,8,2,15,1,9,2,3,9,5,14,4,51,3,5,4,8,6,18,5,0,10,0,13,1,0,0,0,2,0,0,0,19,0,3,0,1,0,2,0,0,12,0,8,3,0,0,5,1,6,6,2,15,3,4,0,0,15,62,17,0,3,1,0,1,3,0,2,0,7,18,2,18,11,8,1,0,0,0,26,0,8,1,17,3,2,0,1,20,0,0,46,20,0,0,0,0,6,2,5,2,0,7,0,0,0,0,1,4,0,0,3,2,0,0,1,0,12,0,2,1,0,3,0,2,0,0,0,4,1,0,2,0,0,2,2,2,0,1,0,0,0,0,2,3,0,0,0,2,2,0,0,10,0,0,0,0,0,1,1,0,0,2,0,0,0,0,0,5,0,0,3,0,0,3,0,1,0,0,1,0,0,1,0,0,0,0,0,0,0,1,0,0,0,0,0,2,1,0,0,0,0,0,0,0,0,0,0,0,0,1,0,1,0,11,7,0,8,0,0,9,0,1,0,0,2,0,2,0,0,0,0,0,0,0,0,0,0,0,1,3,0,0,0,0,0,0,1,0,0,0,1,0,0,0,4,1,0,0,0,0,0,0,1,0,2,1,0,0,0,4,0,0,0,0,0,3,0,1,1,0,0,0,0,0,1,0,0,2,0,0,0,0,0,0,0,0,0,0,2,0,0,0,0,0,0,0,0,0,0,0,0,0,1,0,0,0,0,0,0,1,0,0,0,0,0,0,0,0,0,0,0,0,0,0,0,0,0,0,0,0,0,0,0,0,0,0,0,0,0,0,0,0,0,0,0,0,0,1,0,1,0,0,0,0,0,0,0,0,0,0,0,0,0,0,0,0,0,0,0,0,0,0,0,0,0,0,0,0,0,0,0,0,0,0,0,0,0,0,0,0,0,0,0,0,0,0,0,0,0,0,0,0,0,0,0,0,0,0,0,0,,,0.065301614,0.018129525,0.005099118,0.032053984,0.000180063,0.001426665,0.014756465,7.81505e-06,0.001462937,0.033469396,0.014728868,0.00026608,0.000724237,4.40191e-06,0.004948574,0.005209389,0.000989462,0.002747068,0.001376803,0.007019606,0.000184899,0.009616142,2.90376e-05,0.003879633,0.021043235,0.001340817,0.064205509,0.002194427,0.004360887,0.001679273,0.031775354,0.168961776,0.01307143,0.007390347,0.000620933,0.000241452,0.015009526,0.000589315,0.020091842,0.009279642,0.000899201,0.001225239,0.010018413,1.63389e-06,0.402387962
Budapest,Budapesti Kozponti Szennyviztisztito Telep,Hungary,80,2020-08-17 00:00:00,1014095_1,21,242,32,12,10,12,15,0,0,112,0,0,66,168,1185,0,32,203,3,31,7,7,38,51,4,65,42,18,12,189,142,2,4,1,105,240,66,7,274,1,6,20,273,32,5,214,0,7,30,0,5,3,1,38,14,29,2,446,4,392,22,64,141,0,3,107,6,221,34,43,101,46,282,0,5,0,18,0,92,82,14,8,7,121,2,0,6,7,0,32,159,121,45,0,762,23,58,4,2,3,17,6,1,6,27,22,9,2,111,1,1,0,12,13,21,28,0,2,13,12,10,7,2,0,31,0,0,1,0,0,6,11,4,1,0,1,18,4,1,1,2,6,0,5,3,1,3,5,5,3,1,20,0,0,1,2,13,3,0,0,0,13,0,0,9,3,2,3,0,1,1,1,0,0,2,0,9,0,3,0,0,1,1,1,0,0,4,3,0,0,7,32,5,0,3,4,3,0,0,0,0,0,11,20,0,6,1,3,0,0,0,0,14,1,0,0,0,0,0,0,0,2,1,0,8,20,0,0,0,0,4,0,0,0,0,4,0,0,0,1,0,1,0,0,3,1,0,0,0,0,1,0,0,0,0,1,4,3,0,0,0,1,2,0,6,0,1,0,5,0,0,0,0,0,1,1,2,1,0,0,0,0,0,0,0,0,0,0,0,0,0,0,0,0,0,1,0,0,0,0,0,0,0,0,0,0,6,0,0,0,0,0,0,0,0,1,0,0,0,2,3,0,0,0,1,0,0,0,0,0,0,0,1,0,0,0,0,0,0,0,0,0,0,0,0,0,2,1,0,0,2,0,0,0,0,0,0,0,0,0,0,0,0,0,0,0,0,1,0,0,0,0,0,0,0,0,0,0,0,0,0,0,0,0,0,0,0,0,0,2,0,0,0,0,0,0,0,0,0,0,0,0,0,3,0,0,0,1,1,0,0,0,0,0,0,0,0,0,0,1,0,0,0,0,0,0,0,0,0,0,0,0,0,0,0,0,0,0,0,0,0,0,0,0,0,0,0,0,0,0,0,0,0,1,0,0,0,0,0,0,0,0,0,0,0,0,0,0,0,0,0,0,0,0,0,0,0,0,0,0,0,0,0,0,0,0,0,0,0,0,0,0,0,0,0,0,0,0,0,0,0,0,0,0,0,0,0,0,0,0,0,0,0,0,0,0,0,0,0,0,0,0,0,0,0,0,0,0,0,0,0,0,0,0,0,0,0,0,0,0,0,0,0,0,0,0,0,0,0,0,0,0,0,0,,,0.032367251,0.010741576,0.00078757,0.001503182,0.000131712,8.21136e-05,0.006641569,9.8359e-06,0.00068114,0.00283966,0.00806012,0.000131665,0.000537399,2.8117e-06,0.000888232,0.004351965,0.000420447,0.000226422,0.002385895,0.00047074,3.48175e-05,0.002359487,1.08277e-05,0.000531471,0.017499456,0.000538913,0.011831323,0.001062357,0.000136214,0.000299403,0.007762017,0.730372713,0.003935687,0.007622305,0.004307357,0.000108127,0.001583498,0.002078001,0.004941549,0.00559499,0.000392136,0.000136573,0.001830558,2.42979e-06,0.121766484
Budapest,Budapesti Kozponti Szennyviztisztito Telep,Hungary,83,2020-09-07 00:00:00,1014098_1,33,188,22,5,18,23,17,2,2,81,0,0,65,139,723,2,36,171,7,79,6,5,42,45,7,90,31,7,9,69,121,8,5,0,92,206,63,29,231,2,6,53,206,39,8,125,2,5,22,0,10,0,7,33,34,25,0,376,0,281,34,39,121,4,0,192,11,133,25,19,39,51,474,0,8,0,5,8,119,77,7,12,1,121,0,0,6,5,1,27,100,84,43,0,749,35,29,0,3,4,6,17,0,5,6,18,15,2,96,2,2,0,3,23,13,23,0,1,9,4,3,1,12,0,12,0,0,9,0,0,2,8,2,1,1,0,11,2,7,2,5,6,0,1,4,9,2,4,0,5,2,10,3,0,3,1,16,3,2,0,0,2,0,0,0,3,3,0,0,2,1,0,0,0,0,0,1,0,3,0,1,0,1,0,0,1,0,0,0,0,12,34,1,0,3,1,0,2,0,1,0,1,13,11,2,3,1,0,0,0,1,0,15,6,0,1,1,1,0,0,0,1,0,0,6,28,0,0,0,0,7,1,2,0,0,4,0,0,0,0,0,1,3,0,0,0,0,0,0,0,2,0,0,0,0,2,0,0,0,0,2,0,0,0,0,2,3,1,0,0,0,0,0,0,0,0,1,0,0,0,0,0,1,0,2,4,0,0,0,0,0,1,0,0,0,0,0,0,1,0,0,0,0,0,0,0,0,1,0,0,0,0,1,0,0,6,0,0,0,1,1,0,0,0,0,0,0,0,0,1,0,0,0,0,0,0,0,0,0,1,0,0,0,0,0,0,0,1,0,0,0,0,0,0,0,0,0,0,0,0,0,0,0,0,0,0,0,0,0,0,0,0,0,0,0,0,0,0,0,0,0,0,0,0,1,0,0,0,0,0,0,0,0,0,0,0,0,0,0,0,0,0,1,2,0,0,0,0,0,0,0,0,2,0,0,0,1,0,0,1,0,0,0,0,0,0,0,0,0,0,0,0,0,0,0,0,0,0,0,0,0,0,0,0,0,0,0,0,0,0,0,0,0,0,0,0,0,0,0,0,0,0,0,0,0,0,0,0,0,0,0,0,0,0,0,0,0,0,0,0,0,0,0,0,0,0,0,0,0,0,0,0,0,0,0,0,0,0,0,0,0,0,0,0,0,0,0,0,0,0,0,0,0,0,0,0,0,0,0,0,0,0,0,0,0,0,0,0,0,0,0,0,0,0,0,0,0,0,0,0,0,0,0,0,0,0,0,0,0,0,0,0,0,0,,,0.015662156,0.009641882,0.001084428,0.002564137,5.23278e-05,0.000183532,0.014133484,1.7902e-06,0.000859641,0.002529222,0.004141093,0.000357954,0.0005083,2.07333e-06,0.000636381,0.001067025,9.50669e-05,0.000941939,0.000624601,0.000555212,3.64303e-05,0.00191362,5.06433e-06,0.000356574,0.009711455,0.000428387,0.009884237,0.001128262,0.000513516,0.000267422,0.007690424,0.774807017,0.003752701,0.005557893,0.000125972,7.0633e-05,0.003405863,0.000441732,0.003890841,0.003524823,8.17307e-05,0.000392171,0.003151928,1.98912e-07,0.113218859
Budapest,Budapesti Kozponti Szennyviztisztito Telep,Hungary,84,2020-09-15 00:00:00,1014099_1,18,165,11,2,15,13,9,0,0,66,0,0,12,137,591,1,17,91,6,40,0,4,28,27,6,46,35,10,6,67,86,3,12,0,93,198,36,12,189,2,1,17,124,13,0,112,0,9,19,0,16,3,2,28,25,23,0,290,5,281,21,14,69,2,0,151,6,98,27,26,47,42,295,1,2,0,1,3,46,60,22,1,2,61,0,0,1,0,1,13,102,44,32,0,516,44,31,3,2,4,7,8,0,2,6,11,6,5,82,0,1,0,7,23,12,17,0,0,2,6,2,2,4,0,2,0,0,3,0,0,8,5,7,1,0,0,13,1,3,2,5,3,0,0,2,7,0,3,0,5,1,10,1,0,1,3,8,1,0,0,0,0,0,0,0,3,0,1,1,0,1,0,1,0,0,0,6,0,1,1,0,0,0,0,1,2,0,0,0,0,6,32,3,0,3,0,0,1,0,1,2,0,8,9,0,2,0,0,0,0,1,0,4,0,3,0,1,1,0,0,0,0,0,0,3,14,0,0,0,0,6,2,0,0,0,5,0,0,0,1,0,0,0,0,0,0,0,0,0,0,0,0,1,0,0,2,0,0,0,0,0,0,0,0,3,2,0,0,1,0,0,0,0,0,0,0,1,2,0,0,0,1,0,0,0,0,0,4,0,0,0,5,0,0,0,0,0,0,0,0,0,0,0,0,0,0,1,0,0,0,0,0,0,0,0,0,0,0,0,0,0,0,0,0,0,0,0,0,0,0,0,0,0,0,0,0,0,0,0,0,0,0,0,0,0,0,0,0,2,0,0,0,0,0,0,0,0,0,0,0,0,0,0,0,0,0,0,0,0,0,0,0,0,1,0,0,0,0,0,0,0,0,0,0,2,0,0,0,0,0,0,0,0,0,0,0,0,0,4,0,0,0,0,0,0,0,0,0,0,1,0,0,0,0,0,0,0,0,0,0,0,0,0,0,0,0,0,0,0,0,0,0,0,0,0,0,0,0,0,0,0,0,0,0,0,0,0,0,0,0,0,0,0,0,0,0,0,0,0,0,0,0,0,0,0,0,0,0,0,0,0,0,0,0,0,0,0,0,0,0,0,0,0,0,0,0,0,0,0,0,0,0,0,0,0,0,0,0,0,0,0,0,0,0,0,0,0,0,0,0,0,0,0,0,0,0,0,0,0,0,0,0,0,0,0,0,0,0,0,0,0,0,0,0,0,0,0,0,0,0,0,0,0,0,0,0,0,0,0,0,0,0,0,0,,,0.020519051,0.005654566,0.001408871,0.004661676,7.07803e-05,0.000150853,0.00679658,6.79992e-07,0.000367639,0.002013575,0.006281052,0.000243318,0.000473024,1.3576e-06,0.000532604,0.003215249,0.000169073,0.001800731,0.000742472,0.000304133,2.19381e-05,0.001516165,5.9922e-06,0.000382922,0.008441931,0.000598923,0.01678895,0.000690713,0.000213997,0.000225922,0.00948712,0.75165879,0.004405702,0.005336469,6.50159e-05,0.000145875,0.001494591,0.000435029,0.004513457,0.004477571,0.000265712,0.000522836,0.000691747,4.7067e-06,0.13220064
Budapest,Budapesti Kozponti Szennyviztisztito Telep,Hungary,87,2020-10-05 00:00:00,1014103_1,96,632,65,16,36,72,35,1,4,238,2,0,359,505,1473,1,83,414,17,66,23,21,132,40,157,241,58,14,29,297,204,47,42,0,316,690,188,128,436,1,9,97,482,96,20,283,2,56,64,0,38,5,24,83,57,91,1,1593,4,1161,107,148,274,0,1,496,37,477,54,180,187,77,257,0,55,0,4,16,126,88,43,22,7,369,0,0,22,12,0,47,363,301,172,1,2768,171,105,2,42,23,14,34,0,58,24,34,117,14,231,0,22,0,26,37,53,23,0,8,28,8,19,3,39,0,3,0,0,11,0,0,8,31,27,3,2,0,19,7,24,6,0,15,2,2,7,37,4,5,7,12,41,41,47,0,63,3,6,0,2,1,0,10,0,5,0,18,3,1,0,5,0,18,1,0,20,7,1,0,0,0,1,1,8,0,6,12,1,5,0,3,7,102,4,0,5,2,1,0,1,0,1,0,10,51,12,9,6,3,1,0,1,2,30,1,4,2,15,2,0,0,0,16,0,0,26,134,0,0,0,0,8,3,20,5,0,9,1,0,0,0,0,0,1,0,2,0,0,0,0,0,7,0,1,2,0,2,0,0,0,2,0,10,3,0,0,3,0,1,6,2,0,0,0,0,0,0,0,0,0,3,0,4,1,0,0,16,0,0,1,0,0,2,0,0,0,1,0,1,0,0,1,0,0,0,0,0,1,0,0,4,0,0,0,0,0,2,0,0,0,4,0,0,0,1,0,1,1,0,0,3,0,0,0,2,0,0,0,0,0,0,0,0,0,1,0,2,0,6,3,0,2,0,0,2,0,0,0,0,2,0,0,0,0,0,0,0,0,0,0,0,0,0,0,0,0,0,1,0,0,0,0,0,0,0,0,0,0,0,1,2,0,0,0,0,0,1,1,0,1,0,0,0,0,7,0,0,0,0,1,0,0,1,4,0,0,0,0,0,0,0,0,0,0,0,0,0,0,0,0,0,0,0,0,0,0,0,0,0,0,0,0,0,0,0,0,0,0,0,0,0,0,0,0,1,0,0,0,0,0,0,0,0,0,0,0,0,0,0,0,0,0,0,0,0,0,0,0,0,0,0,0,0,0,0,0,0,0,0,0,0,0,0,0,0,0,0,3,0,0,0,0,0,0,0,0,0,0,0,0,0,0,0,0,0,0,0,0,0,0,0,2,0,0,0,0,0,0,0,0,0,0,0,0,0,0,0,0,0,0,0,0,0,0,0,0,0,0,0,0,0,0,0,0,0,,,0.09267191,0.031564913,0.018047863,0.037647545,0.003350903,0.003537864,0.014946938,4.02009e-06,0.001120462,0.017954932,0.049424405,0.000171952,0.001632134,4.88325e-06,0.004421209,0.015724173,0.002651942,0.003314519,0.001291597,0.003225071,8.23393e-05,0.002581509,1.99665e-05,0.00423185,0.031078061,0.004861042,0.04012623,0.002525648,0.005679047,0.003046273,0.028590804,0.025056152,0.008519786,0.034025278,0.000354248,0.000982644,0.008386607,0.000812901,0.019176842,0.032891328,0.00445421,0.001649531,0.001972011,1.65519e-06,0.436184801
Budapest,Budapesti Kozponti Szennyviztisztito Telep,Hungary,90,2020-10-27 00:00:00,1014106_1,107,584,41,25,47,326,73,2,1,262,0,0,259,416,2991,6,70,1120,8,295,7,65,125,58,65,816,77,42,44,461,288,9,130,5,658,622,241,70,529,4,911,258,466,84,68,468,0,57,62,0,73,6,33,94,189,70,1,2051,5,947,100,88,292,10,7,1936,19,431,123,148,255,191,225,4,14,0,28,13,480,169,32,43,7,727,2,0,72,35,2,79,326,377,140,5,3411,72,166,13,7,46,19,213,4,27,14,132,31,16,276,0,1,0,48,11,71,65,0,6,25,13,28,8,16,0,0,0,0,7,0,0,10,10,37,5,8,0,26,2,6,9,1,3,6,38,5,22,6,8,2,13,18,66,7,0,20,4,23,3,11,2,0,24,1,2,0,9,5,1,0,2,4,1,0,3,6,0,3,0,6,0,3,1,2,11,0,12,2,4,0,0,12,4,2,0,6,3,0,0,1,4,0,0,9,24,2,24,14,3,1,0,0,0,16,2,60,4,10,4,1,0,5,2,0,0,14,18,1,0,1,3,12,1,2,7,0,1,0,1,0,3,0,2,0,0,5,1,0,0,0,0,0,0,0,0,0,5,0,0,0,2,0,0,0,0,1,0,2,1,8,0,0,0,0,0,0,0,3,1,0,0,0,4,1,1,0,3,2,3,2,0,0,2,0,2,0,0,0,0,0,0,1,2,0,0,0,0,5,6,0,2,0,0,0,0,1,1,0,0,0,1,0,0,0,0,0,0,0,1,1,0,0,0,0,0,0,3,0,0,0,1,0,0,0,0,0,0,1,19,14,0,2,0,0,1,0,0,2,0,0,0,0,0,0,0,0,0,0,1,0,0,1,0,1,1,0,0,0,0,0,2,0,0,1,0,6,0,0,0,3,0,0,0,0,1,0,0,0,1,6,0,0,0,0,9,3,0,0,0,0,0,2,0,1,0,0,0,0,0,1,0,0,0,0,0,0,0,0,1,0,0,0,0,0,0,0,0,0,0,0,0,2,0,1,0,0,0,0,0,0,0,0,0,0,0,0,0,0,0,0,0,0,0,0,0,0,0,0,0,0,0,0,0,0,0,4,0,0,0,0,0,0,0,0,0,0,0,0,3,1,0,0,0,0,1,0,0,0,0,0,0,0,0,0,0,0,0,0,0,0,0,0,0,0,0,0,1,1,0,0,0,0,0,0,0,0,0,0,0,0,0,0,0,0,0,0,0,0,0,0,0,0,0,0,0,0,0,0,0,0,0,0,0,0,0,,,0.097326923,0.030022722,0.004426892,0.008442666,0.003436665,0.001228054,0.019331584,5.60278e-06,0.002117811,0.007020643,0.024096411,0.003420766,0.001111155,6.33757e-06,0.003104267,0.004696648,0.000504165,0.003841519,0.0021622,0.002022094,0.000381577,0.011437451,0.001115497,0.001174862,0.030662297,0.001789978,0.062971685,0.003494631,0.001829151,0.003865899,0.012564896,0.013438779,0.0139845,0.025518574,0.000218114,0.001302793,0.009600262,0.000898626,0.012408291,0.012079593,0.000146559,0.000454266,0.005989438,6.58772e-06,0.554340569
Budapest,Budapesti Kozponti Szennyviztisztito Telep,Hungary,91,2020-11-03 00:00:00,1014107_1,44,289,28,12,43,334,48,1,7,126,0,2,445,199,768,0,95,851,7,191,6,33,71,17,61,371,28,11,11,134,79,14,56,4,329,268,113,144,161,5,153,157,217,30,48,129,0,108,54,0,57,6,24,11,175,35,2,1373,5,395,47,46,108,3,14,939,31,199,115,185,106,77,165,0,33,1,13,3,335,116,12,56,0,354,1,0,129,11,0,14,104,328,223,2,2166,73,48,11,2,7,6,311,1,16,16,61,66,20,64,0,0,2,23,17,18,31,0,1,9,1,13,2,20,0,0,0,0,3,0,0,6,16,9,5,6,0,5,0,2,3,3,3,0,37,3,28,6,4,3,3,14,20,10,0,9,10,2,0,5,0,0,16,0,5,3,5,4,7,0,2,16,1,2,0,12,0,7,9,0,1,0,0,1,1,0,4,1,3,0,2,4,4,7,0,2,0,0,0,0,0,0,2,2,40,3,7,10,1,1,0,0,0,7,0,45,1,13,0,0,0,13,1,0,0,9,10,0,0,1,0,0,0,4,2,1,2,0,0,0,6,4,4,1,0,3,2,0,0,0,0,2,0,0,0,0,1,0,1,1,0,2,9,2,0,1,3,0,0,3,8,0,0,0,0,2,0,6,2,0,0,0,0,1,0,1,1,0,0,0,0,0,1,0,1,0,0,0,18,0,0,2,0,2,0,0,0,7,1,0,1,0,0,2,0,0,4,0,0,0,1,1,0,0,0,0,1,1,0,1,1,1,0,0,0,0,0,0,0,1,0,0,0,0,0,0,0,2,13,8,0,3,0,0,0,0,2,0,0,0,0,2,0,0,0,0,0,0,0,0,0,0,0,0,1,0,0,0,0,0,0,3,0,0,0,2,0,0,0,0,0,0,0,0,0,0,0,0,0,0,0,0,0,0,5,0,0,0,0,0,3,0,14,1,0,0,0,0,0,0,0,0,0,2,0,0,0,5,0,0,0,1,0,0,0,0,0,0,0,0,0,0,0,0,0,0,0,0,0,0,0,0,0,0,3,0,0,0,0,0,0,0,0,0,0,0,0,0,0,0,0,0,0,0,0,0,0,0,0,0,0,0,0,0,0,0,0,0,5,1,1,1,1,1,1,0,0,0,0,0,0,0,0,0,0,0,0,0,0,0,0,0,0,0,0,0,0,0,0,0,0,0,0,0,0,0,0,0,0,0,0,0,0,0,0,0,0,0,0,0,0,0,0,0,0,0,0,0,0,0,0,0,0,0,0,,,0.037513742,0.034387921,0.004952173,0.04841841,0.00142118,0.001837823,0.006957197,2.4769e-06,0.000526251,0.007605393,0.017616113,0.088432818,0.000319006,3.42812e-06,0.004919802,0.003991479,0.000287023,0.003576267,0.000505426,0.001626931,0.000254809,0.001917618,0.00158601,0.001180124,0.009931466,0.002309294,0.02012357,0.001962897,0.002997897,0.007845116,0.004405117,0.105799705,0.002834616,0.006702935,0.000618962,0.004094925,0.006406209,0.000356853,0.005756621,0.006250396,0.000166948,0.000482173,0.018088467,8.43673e-06,0.523017974
Budapest,Budapesti Kozponti Szennyviztisztito Telep,Hungary,94,2020-11-23 00:00:00,1014111_1,58,336,44,7,19,143,57,0,1,183,0,0,240,255,2063,0,67,1321,5,354,3,45,96,47,53,447,49,14,26,219,130,14,61,6,282,317,179,66,313,0,5,105,276,66,46,238,0,44,47,0,44,1,25,58,89,46,2,1389,5,518,55,70,221,7,3,702,11,173,82,83,113,35,137,0,12,0,15,1,575,47,19,28,1,595,2,0,76,4,1,57,176,214,143,1,2325,33,88,25,33,18,3,48,0,10,19,41,17,3,139,2,68,0,8,9,47,11,0,3,10,1,25,2,17,0,0,0,0,10,2,0,20,14,16,0,1,0,1,1,4,5,2,5,1,11,3,14,1,11,0,12,6,30,3,0,18,1,10,0,5,0,0,5,0,1,2,19,1,1,1,0,0,0,0,0,3,2,5,0,3,0,0,3,1,0,5,9,3,1,0,3,2,59,12,0,0,0,0,1,2,0,2,0,1,21,0,7,0,7,2,0,3,0,2,0,5,1,12,1,0,0,0,4,0,0,9,15,0,0,1,0,3,1,6,2,0,12,0,2,0,1,0,0,0,0,4,1,0,0,0,0,0,0,0,0,0,4,0,0,0,0,1,1,0,0,7,0,2,0,2,0,0,2,0,0,0,0,1,3,1,0,0,0,3,0,1,2,2,3,1,0,0,0,0,0,0,0,0,0,2,2,2,0,0,0,0,0,2,1,0,0,0,0,0,0,1,0,0,0,0,0,0,0,0,1,0,0,0,1,0,0,0,0,0,0,0,1,0,0,0,0,0,0,0,0,0,0,0,2,9,1,5,0,0,0,0,0,0,0,0,0,0,0,0,0,0,0,0,0,0,0,0,0,0,0,0,0,0,0,0,0,0,0,0,0,1,0,0,0,0,0,0,0,0,0,0,0,0,0,1,0,0,0,0,2,1,0,0,1,1,4,1,1,2,1,0,0,0,0,0,0,0,0,0,0,0,0,0,0,0,0,0,0,0,0,0,0,0,0,0,0,0,0,0,0,0,0,0,0,0,0,0,0,0,0,0,0,0,0,0,0,0,0,0,0,0,0,0,0,0,0,0,0,0,0,0,0,0,0,0,0,0,0,0,0,0,0,0,0,0,0,0,0,0,0,0,0,0,0,0,0,0,0,0,0,0,0,0,0,0,0,0,0,0,0,0,0,0,0,0,0,0,0,0,0,0,0,0,0,0,0,0,0,0,0,0,0,0,0,0,0,0,0,0,0,0,0,0,0,0,0,0,0,0,0,,,0.065211257,0.022904338,0.00648146,0.012355802,0.000411426,0.001500208,0.018552352,7.48649e-06,0.002155385,0.004657898,0.015168215,0.000178852,0.000323892,1.47821e-05,0.005181734,0.00307309,0.000824244,0.022887859,0.001599683,0.004231054,0.000859337,0.015879262,2.85927e-05,0.001790339,0.038225235,0.002534712,0.052894676,0.008090184,0.001615251,0.004016127,0.009109642,0.157741087,0.015977566,0.020518417,0.002477332,0.000348099,0.020353317,0.001071003,0.013276435,0.016287615,0.002218844,0.000639832,0.010717399,1.22704e-06,0.415607452
Budapest,Budapesti Kozponti Szennyviztisztito Telep,Hungary,96,2020-12-07 00:00:00,1014114_1,66,459,40,8,23,125,49,1,4,245,0,16,138,303,2693,0,158,1158,6,397,4,36,137,129,55,636,110,16,25,340,189,4,47,5,326,450,238,52,501,2,21,105,352,107,53,495,1,53,65,0,29,17,17,80,69,49,3,1518,2,708,64,111,322,2,6,681,4,272,115,81,229,68,119,2,9,0,22,2,593,65,10,45,2,638,1,0,66,8,0,58,289,241,132,2,2625,33,110,45,58,14,3,73,0,8,55,73,23,7,144,0,170,0,3,12,57,12,0,0,9,8,37,3,22,0,3,0,1,4,0,1,12,22,13,1,2,0,7,2,0,6,1,10,0,8,5,9,0,7,0,24,7,30,0,0,8,1,8,0,1,0,0,8,0,5,0,22,2,1,0,0,0,0,0,0,2,0,11,0,4,3,1,0,0,7,0,10,0,4,0,1,9,101,14,0,1,0,0,1,0,0,0,2,4,6,1,5,0,3,4,0,1,0,2,0,4,2,3,0,0,0,0,0,6,0,6,7,0,0,2,0,8,1,3,2,3,10,3,0,0,2,1,0,0,0,2,0,0,0,3,0,3,0,0,0,0,3,0,0,0,0,0,0,0,2,5,0,2,0,5,0,0,0,0,0,0,0,2,0,0,0,0,0,1,5,0,3,2,6,2,0,0,0,0,0,0,0,0,0,0,0,2,1,0,0,2,0,3,1,0,4,0,0,0,0,0,0,0,0,0,1,1,0,0,0,0,0,0,2,0,2,1,0,0,0,0,0,0,0,0,0,0,0,0,0,0,0,0,8,5,0,4,0,0,1,0,0,0,0,0,0,0,0,0,2,0,0,0,1,0,0,0,0,0,0,0,0,0,0,0,1,0,0,0,0,3,0,0,0,0,0,1,0,0,0,0,0,0,0,0,0,1,0,0,1,2,0,0,0,0,5,0,0,3,0,0,0,0,0,0,0,0,0,0,0,0,0,0,0,0,0,1,0,0,0,0,0,0,0,0,0,1,2,0,0,0,0,0,1,0,0,0,0,0,0,0,0,0,0,0,0,0,0,0,0,0,0,0,0,0,0,0,0,0,0,0,0,0,0,0,0,0,0,0,0,0,0,0,0,0,0,0,1,0,0,0,0,0,0,0,0,0,0,0,0,0,0,0,0,0,0,0,0,0,0,0,0,0,0,0,0,0,0,0,0,0,0,0,0,0,0,0,1,0,0,0,0,0,0,0,0,0,0,0,0,0,0,0,0,0,0,0,0,0,0,,,0.157766877,0.024376371,0.003643919,0.00838033,0.001149995,0.000391006,0.022705757,1.7738e-05,0.002471651,0.005528613,0.036796014,0.000219904,0.00024055,7.09331e-06,0.010681022,0.008702076,0.001191936,0.011295804,0.00332573,0.002868175,0.000656355,0.008472019,2.22087e-05,0.000857449,0.021461162,0.002941643,0.048985926,0.00510419,0.001867659,0.001620138,0.025435131,0.017460486,0.018610977,0.015495695,0.001635856,0.00056866,0.009170883,0.001154783,0.02639059,0.021168094,0.003087021,0.000197884,0.018997703,1.88754e-06,0.446875035
Budapest,Budapesti Kozponti Szennyviztisztito Telep,Hungary,99,2020-12-28 00:00:00,1014117_1,28,140,12,1,5,73,23,0,0,78,4,0,168,79,536,0,113,269,3,89,3,10,27,8,28,88,16,3,3,74,37,17,35,2,87,162,43,27,67,20,20,32,154,44,13,66,0,22,14,0,18,15,14,18,49,10,1,390,0,260,34,23,42,12,0,314,3,206,86,200,52,9,36,0,8,1,9,0,159,13,4,24,0,139,1,0,42,2,0,10,63,57,152,0,701,27,23,7,6,7,1,40,0,4,11,23,7,7,21,0,3,0,2,5,13,2,0,3,3,2,5,0,8,1,0,0,0,3,0,0,3,34,8,0,1,0,2,1,2,0,0,9,0,6,5,5,2,0,1,7,4,34,0,0,8,2,1,0,2,0,0,0,0,0,0,23,0,1,0,0,1,0,0,0,1,0,2,0,2,1,0,0,5,1,1,0,6,39,0,0,0,1,4,0,1,2,0,0,0,0,6,0,2,21,1,108,0,3,0,0,2,0,0,1,4,0,8,0,0,0,5,5,1,0,16,4,0,0,2,1,3,0,0,3,4,0,0,0,0,4,1,0,1,0,2,9,0,0,0,0,1,0,0,0,0,0,0,2,0,1,0,5,0,0,1,0,1,0,6,0,0,0,0,0,0,0,1,3,1,0,0,0,0,0,0,0,0,2,0,0,0,0,0,0,0,1,0,0,0,0,0,0,0,0,0,0,2,3,0,0,0,0,0,0,0,0,0,0,0,0,0,0,0,0,0,0,0,2,0,0,0,0,1,0,0,0,0,0,0,2,0,0,0,0,0,0,0,3,3,0,0,0,0,0,0,0,0,0,0,0,0,0,0,0,0,0,0,0,0,0,0,0,0,2,1,0,0,0,0,0,0,0,0,0,0,0,0,0,0,0,0,0,0,0,0,0,0,0,15,0,0,0,0,0,0,0,0,0,0,5,0,0,0,2,0,0,0,0,0,0,0,0,0,2,0,2,3,0,0,0,0,0,0,0,0,0,0,0,1,0,0,0,0,0,0,0,0,0,0,1,0,0,0,1,0,0,0,0,0,0,0,0,0,0,0,0,0,0,0,0,0,0,0,1,0,0,0,0,0,0,0,0,0,0,0,0,0,1,0,0,0,0,0,0,0,0,0,0,0,0,8,1,1,0,0,0,0,0,0,0,0,0,0,0,0,0,0,0,0,0,0,0,0,0,0,0,0,0,0,0,0,0,0,0,0,0,0,0,0,0,0,0,0,0,0,0,0,0,0,0,0,0,0,0,,,0.026278916,0.004440784,0.001473587,0.006626975,0.003278096,0.000852201,0.002041407,4.50329e-06,0.000320565,0.002372503,0.005722802,0.024793945,9.60111e-05,3.09889e-06,0.002034439,0.014755444,0.000517417,0.002364816,0.001166142,0.000967627,0.000107166,0.001321544,0.025339851,0.000522316,0.012127008,0.003095061,0.024232516,0.001046357,0.001233648,0.001342111,0.003321891,0.006035736,0.002786385,0.003432742,0.001059561,0.05256154,0.001208697,0.000295894,0.006202858,0.067254327,0.00019785,0.000174575,0.002682017,2.86881e-06,0.682304201
Budapest,Budapesti Kozponti Szennyviztisztito Telep,Hungary,102,2021-01-18 00:00:00,1014120_1,27,315,34,15,31,131,38,3,1,121,0,0,154,147,1908,0,69,1529,6,422,5,33,100,42,28,555,39,14,21,163,122,3,45,9,223,387,154,48,212,2,12,83,262,55,94,235,1,49,54,0,62,6,30,52,69,46,6,1134,1,418,38,74,161,11,2,639,15,186,127,72,94,59,130,1,7,1,9,3,688,63,5,36,1,574,0,0,38,9,0,48,152,142,136,4,1650,30,134,40,18,9,6,96,2,1,29,26,16,8,81,1,11,0,13,2,62,21,0,2,4,5,36,2,9,0,6,0,1,12,0,0,10,8,13,0,3,0,2,0,1,4,0,2,4,16,4,20,0,4,0,10,14,23,10,0,8,2,3,2,5,1,0,4,0,0,9,6,1,0,0,0,1,0,0,0,4,0,1,0,0,0,1,3,0,1,1,4,3,1,0,0,2,29,11,0,2,0,3,2,0,1,0,0,12,17,1,2,0,0,2,0,3,1,1,0,7,0,7,4,0,0,0,3,1,0,5,3,0,0,0,0,2,0,1,1,0,8,0,1,0,2,0,2,0,0,3,0,0,0,0,0,0,0,2,3,0,7,1,0,0,0,0,0,0,0,0,0,2,0,5,2,0,0,0,0,0,3,1,1,0,0,0,1,2,0,0,1,2,3,1,0,0,0,0,0,0,0,0,0,0,0,0,0,0,0,0,0,1,0,0,0,0,0,1,0,0,0,0,0,0,1,0,0,0,0,0,0,0,1,0,0,1,0,0,0,0,0,0,0,0,1,0,0,0,0,0,0,6,0,1,0,7,0,0,0,0,0,0,0,0,0,0,0,0,1,0,0,0,0,0,0,0,0,0,0,0,0,1,0,0,0,0,0,0,1,3,0,0,0,1,1,1,0,0,0,0,0,0,1,0,0,2,0,0,1,0,0,0,0,0,2,0,0,2,0,0,0,0,0,0,0,0,2,0,0,0,0,0,0,0,0,0,0,0,0,0,0,0,0,0,0,1,1,0,0,0,0,0,0,1,0,1,0,0,0,0,0,0,0,0,0,0,0,0,0,0,0,0,0,0,0,0,0,0,0,3,0,0,0,0,0,0,0,0,0,0,0,0,0,0,0,0,0,0,0,0,0,2,0,0,0,0,0,0,0,0,0,0,0,0,0,0,0,0,0,0,0,0,0,0,0,0,0,1,5,0,0,0,0,0,0,0,0,0,0,0,0,0,0,0,0,0,0,0,0,0,0,0,0,0,0,0,0,0,0,,,0.054210544,0.02207743,0.002290437,0.020573503,0.000465221,0.000620481,0.006884162,6.53189e-06,0.002040402,0.003611838,0.010872192,9.30617e-05,0.00032764,6.55873e-06,0.00639997,0.004002618,0.00209874,0.007345999,0.012661038,0.003656834,0.001134591,0.002500905,5.74094e-05,0.000463333,0.0235257,0.002019402,0.034274117,0.006807107,0.002873237,0.001236694,0.009382561,0.3430157,0.012405878,0.03967217,0.003795466,0.000386271,0.005379531,0.000818835,0.01111783,0.00961824,0.001017912,0.000194829,0.014869575,2.4812e-07,0.31318726
Budapest,Budapesti Kozponti Szennyviztisztito Telep,Hungary,103,2021-01-25 00:00:00,1014121_1,16,252,25,3,9,79,15,0,2,112,0,3,137,133,1019,0,42,773,4,192,5,25,42,24,31,258,26,5,12,112,51,4,43,0,83,249,63,18,163,0,7,27,149,34,31,125,0,22,30,0,35,1,20,28,58,30,2,559,1,322,35,33,101,14,6,573,5,136,38,36,58,27,82,0,9,0,35,1,316,22,8,22,0,319,0,0,17,3,1,31,100,99,53,1,1060,35,55,12,12,7,0,45,0,0,18,18,9,7,54,0,20,0,12,15,44,17,0,1,0,0,15,3,7,0,0,0,0,7,0,0,5,10,8,0,0,0,1,4,2,4,2,6,2,5,1,6,1,5,0,5,4,19,3,0,8,0,1,0,6,0,0,1,0,0,19,9,0,0,0,0,0,0,0,2,2,0,2,0,2,0,0,0,0,0,0,4,3,1,0,0,0,10,3,0,1,0,0,1,0,2,0,0,6,8,2,11,0,1,1,0,1,2,0,2,3,0,5,0,0,0,0,5,5,0,2,1,0,0,0,0,0,0,0,2,0,4,1,0,0,7,0,0,0,0,0,2,0,0,0,0,0,0,0,0,0,4,0,1,0,0,0,3,0,0,2,0,1,0,7,1,0,0,0,0,1,0,0,0,1,0,0,0,1,0,0,1,0,2,0,0,0,0,0,0,0,0,0,0,0,0,0,0,0,0,0,0,4,0,0,0,0,0,2,2,0,0,0,0,0,1,0,0,0,0,1,0,0,0,0,0,0,0,0,0,0,0,0,0,0,1,0,0,0,0,0,0,1,3,5,0,2,0,0,1,0,0,0,0,0,0,0,0,0,0,0,0,0,0,0,0,0,1,0,1,0,0,0,0,0,0,0,0,0,0,2,0,0,0,0,0,0,0,0,0,0,0,0,0,3,0,0,0,0,1,0,0,0,0,0,4,1,2,0,0,0,0,0,0,0,0,0,0,0,0,0,0,0,0,0,0,0,0,0,0,0,1,0,0,0,0,0,0,0,0,0,0,0,0,0,0,0,0,0,0,0,0,0,0,0,0,0,0,0,0,0,0,0,0,0,0,0,0,0,0,0,0,0,0,0,0,0,0,0,0,0,0,0,0,0,0,0,0,0,0,0,0,0,0,0,0,0,0,0,0,0,0,0,0,0,0,0,0,0,0,0,0,0,0,0,0,0,0,0,0,0,0,0,0,0,0,0,0,0,0,0,0,0,0,0,0,0,0,0,0,0,0,0,0,0,0,0,0,0,0,,,0.055520608,0.01616687,0.004077619,0.008835413,0.000565044,0.00041439,0.008571192,8.83435e-06,0.002222345,0.002684051,0.012477978,9.57605e-05,0.000388399,2.02795e-06,0.00462822,0.004437812,0.000526454,0.005224556,0.002563205,0.001941602,0.000746324,0.004516349,3.10193e-05,0.001338156,0.063896979,0.002363582,0.045048353,0.005749821,0.00084524,0.001194924,0.018229144,0.292111081,0.019666404,0.019940189,0.012451699,0.000324746,0.003919379,0.00136097,0.018947091,0.010504363,0.00106859,0.000574343,0.014815733,7.6051e-07,0.329002378
Budapest,Budapesti Kozponti Szennyviztisztito Telep,Hungary,106,2021-02-15 00:00:00,1014124_1,28,289,14,38,34,101,34,1,0,102,0,10,104,138,1630,0,17,937,7,180,5,36,43,29,18,302,22,6,23,100,43,9,47,4,101,293,81,28,114,0,3,32,203,31,69,96,2,47,32,0,40,1,20,42,34,20,1,525,0,324,39,29,125,4,4,798,12,197,59,34,66,64,114,3,5,0,31,3,311,68,2,15,1,309,2,0,16,5,1,46,84,67,66,5,928,39,80,38,9,7,0,58,0,2,7,19,11,8,67,4,3,0,26,4,84,26,0,3,2,5,26,3,5,0,0,0,0,1,0,0,8,10,17,1,1,0,0,0,0,2,0,6,0,9,0,8,0,3,0,1,4,19,9,0,6,0,5,1,5,1,0,10,0,0,2,9,0,1,0,0,0,0,1,1,0,0,6,0,0,0,2,1,1,3,0,4,3,9,0,1,4,6,3,0,4,0,0,0,3,1,0,0,13,2,2,13,0,0,4,0,3,0,0,4,1,1,7,0,0,0,0,2,9,0,2,2,0,0,0,0,0,2,1,1,0,2,0,3,0,1,0,0,0,0,0,4,0,0,3,0,0,0,0,0,0,1,0,2,0,0,0,0,0,0,3,0,6,0,4,0,0,0,0,0,0,0,1,1,0,0,0,2,0,0,1,1,2,3,0,1,0,2,0,0,0,0,0,0,0,0,3,2,0,1,0,0,3,2,0,1,0,0,0,0,0,0,0,0,0,0,0,0,0,0,0,0,0,2,0,2,0,0,0,0,1,1,0,0,0,2,0,0,0,0,0,0,1,1,0,0,2,0,0,2,0,0,0,0,0,0,0,0,0,3,0,0,0,0,0,0,0,0,0,1,0,0,0,0,0,0,0,0,0,0,6,0,0,0,0,0,0,0,0,0,0,0,0,0,1,0,0,0,0,0,0,0,0,0,0,0,0,0,1,0,0,0,0,0,0,0,0,0,0,0,0,0,0,0,0,0,0,0,0,0,0,0,0,0,0,0,0,0,0,0,0,0,0,0,0,0,0,0,1,0,0,0,0,0,0,0,0,0,0,0,0,0,0,0,0,0,0,0,0,0,0,0,0,0,0,0,0,0,0,0,0,0,0,0,0,0,0,1,0,0,0,0,0,0,0,0,0,0,0,0,0,0,0,0,0,0,0,0,0,0,0,0,0,0,0,0,0,0,0,0,0,0,0,0,0,0,0,0,0,0,0,0,0,0,0,0,0,0,0,0,0,0,0,0,0,0,0,0,0,0,,,0.037186631,0.013308345,0.003715135,0.006439137,0.000253168,0.000506161,0.006540115,8.04768e-06,0.003252081,0.002927656,0.010856451,0.000157678,0.000594166,1.08899e-05,0.005127847,0.006754391,0.000364941,0.003998507,0.013021965,0.002185683,0.000835178,0.056743791,0.000611708,0.001588932,0.029124448,0.000720662,0.034794004,0.009395544,0.001902314,0.001882171,0.006806843,0.294994658,0.017103914,0.022461634,0.02434657,0.000311207,0.002276198,0.000963976,0.013572701,0.011425484,0.000346296,0.00018609,0.011897686,5.01363e-07,0.338498494
Budapest,Budapesti Kozponti Szennyviztisztito Telep,Hungary,107,2021-02-22 00:00:00,1014125_1,13,222,25,0,29,116,18,0,1,107,0,0,201,118,996,0,130,509,1,132,2,27,63,11,24,205,22,10,11,114,49,6,49,2,167,223,94,35,157,0,4,31,179,33,20,94,0,37,50,0,53,3,16,16,73,20,3,617,1,438,34,21,79,2,1,646,14,101,75,118,88,31,62,0,8,0,18,3,253,39,7,21,0,272,0,0,42,17,0,20,89,93,154,3,1072,36,72,20,1,3,1,51,1,2,13,21,30,9,37,0,1,0,3,6,31,12,0,3,7,5,9,0,10,2,2,0,0,3,0,0,11,21,11,0,0,0,3,0,1,1,0,6,2,7,0,20,1,1,1,6,5,53,5,0,10,0,2,0,3,1,0,0,0,0,1,3,3,0,0,0,0,1,0,0,2,0,2,0,0,0,1,3,1,1,4,1,2,1,0,0,1,1,3,0,0,3,0,0,0,0,0,0,7,3,1,2,2,0,2,0,0,0,0,0,3,2,16,0,0,0,6,2,0,0,2,8,0,0,0,0,4,1,2,4,0,2,0,1,0,0,0,0,0,0,0,0,0,0,0,0,1,0,1,0,0,2,0,0,0,2,0,0,0,0,1,1,3,0,2,0,0,0,0,0,0,0,3,0,0,0,0,0,0,0,0,3,0,2,0,0,0,0,0,0,0,0,0,0,0,0,4,0,1,0,0,0,6,2,0,0,0,0,0,0,0,0,0,0,0,0,0,0,0,0,0,0,0,0,1,13,0,0,0,0,0,0,0,0,0,0,0,0,0,0,0,0,0,1,4,0,7,0,0,0,0,1,0,0,1,0,0,0,0,0,0,0,0,0,1,0,0,0,0,1,1,0,0,0,0,0,0,1,0,0,0,0,0,0,1,0,0,0,0,0,0,0,0,0,0,0,0,0,0,1,0,0,0,0,0,0,0,0,0,0,0,0,0,0,0,0,1,0,0,0,0,0,3,1,0,0,0,0,0,0,0,0,0,2,4,0,0,2,0,0,0,0,0,0,0,0,0,0,0,0,0,0,0,0,0,0,0,0,0,0,0,0,0,0,0,0,0,0,0,0,0,0,0,0,2,0,1,0,0,0,0,0,0,1,0,0,0,0,0,0,0,0,0,0,0,0,0,0,0,0,0,0,0,0,0,0,0,0,0,0,0,0,0,0,0,0,0,0,0,0,0,0,0,0,0,0,0,0,0,0,0,0,0,0,0,0,0,0,0,0,0,0,0,0,0,0,0,0,0,0,,,0.040930576,0.009351048,0.00190635,0.006553415,0.003358738,0.000982577,0.002063329,3.007e-06,0.000956631,0.002858674,0.012414669,0.005535069,0.000273226,2.79743e-06,0.003283132,0.00548171,0.000329461,0.002874868,0.000675312,0.002285065,0.000569557,0.122829418,0.111602929,0.000465306,0.043730662,0.004028768,0.025600103,0.00364657,0.000672602,0.001160452,0.003714385,0.02150174,0.004398616,0.009852562,0.004423114,0.003132875,0.0019887,0.000279589,0.006628412,0.034167186,7.29795e-05,0.000127433,0.018312948,1.60469e-06,0.474971834
Budapest,Budapesti Kozponti Szennyviztisztito Telep,Hungary,110,2021-03-15 00:00:00,1014129_1,1,38,1,21,2,3,0,0,0,11,0,0,5,9,118,0,1,39,1,5,3,4,11,0,0,20,3,0,1,5,3,0,1,0,25,70,27,0,11,0,0,2,32,1,1,7,0,0,5,0,1,0,0,6,2,4,0,108,0,50,1,2,12,0,0,26,0,17,9,13,4,3,63,0,0,0,9,0,29,1,2,4,0,21,0,0,3,0,0,2,9,32,24,0,230,2,3,0,0,0,0,2,0,0,1,0,2,0,0,0,1,0,0,1,9,2,0,0,0,0,3,2,0,0,0,0,0,2,0,0,1,10,2,0,2,0,0,0,0,0,0,1,0,2,0,1,0,0,0,0,2,6,1,0,0,0,0,0,0,0,0,0,0,0,1,0,0,0,0,0,0,1,0,0,0,0,0,0,0,0,0,0,0,2,0,2,0,0,0,0,0,1,0,0,0,0,0,0,0,0,0,0,0,3,0,0,0,0,0,0,0,0,0,0,0,0,0,0,0,0,0,1,0,0,1,2,0,0,1,3,0,0,0,0,0,0,0,0,0,0,0,0,0,0,2,0,0,0,0,0,0,0,0,0,0,0,0,2,0,0,0,0,0,0,0,0,0,0,2,0,0,0,0,0,1,6,0,0,0,0,0,0,0,0,0,0,2,0,0,0,0,0,0,0,0,0,0,0,0,0,0,0,0,0,0,0,0,0,0,0,0,0,0,0,0,0,0,0,0,0,0,0,0,0,0,0,0,0,1,0,0,0,0,0,0,0,0,0,0,0,0,0,0,0,0,0,0,0,0,0,0,0,18,0,0,0,0,0,0,0,0,0,0,0,0,0,0,1,0,0,0,0,0,1,0,0,0,0,0,0,0,0,0,1,0,0,0,0,0,0,0,0,0,0,0,0,0,0,0,0,0,0,0,0,0,0,0,0,0,0,0,0,0,1,0,0,0,0,0,0,0,0,0,0,0,0,0,0,0,0,0,0,0,0,0,0,0,0,0,0,0,0,0,0,0,0,0,0,0,0,0,0,0,0,0,0,0,0,0,0,0,0,0,0,0,0,0,0,0,0,0,0,0,0,0,0,0,0,0,0,0,0,0,0,0,0,0,0,0,0,0,0,0,0,0,0,0,0,0,0,0,0,0,0,0,0,0,0,0,0,0,0,0,0,0,0,0,0,0,0,0,0,0,0,0,0,0,0,0,0,0,0,0,0,0,0,0,0,0,0,0,0,0,0,0,0,0,0,0,0,0,0,0,0,,,0.005046986,0.004025559,0.000128978,0.000346614,5.16449e-05,3.21121e-05,0.000196559,1.77456e-07,0.000437758,0.000180508,0.000790101,0.000200983,1.88935e-05,9.53731e-07,0.001537157,0.001546427,0.000142778,0.00070704,0.001761118,0.001401573,2.39518e-05,0.002388599,3.51402e-05,4.11939e-05,0.001480211,0.000291196,0.002370677,0.001239531,9.02642e-05,5.58917e-05,0.000688309,0.905290116,0.000756788,0.004154871,0.002577827,7.03696e-05,0.000158874,0.00030049,0.001379897,0.002628017,7.3141e-05,2.24873e-05,0.001945663,6.69088e-08,0.053382507
Budapest,Budapesti Kozponti Szennyviztisztito Telep,Hungary,112,2021-03-29 00:00:00,1014131_1,44,373,41,65,31,104,39,2,0,93,0,0,146,160,1372,0,57,919,2,274,7,20,95,26,29,340,42,8,21,135,87,5,28,3,282,392,153,40,180,0,7,67,217,25,35,149,0,53,53,0,24,10,24,41,49,55,3,1732,1,432,35,54,149,3,3,423,6,150,91,81,73,46,123,1,9,2,243,1,436,52,17,15,0,386,4,0,60,6,0,28,119,252,133,2,2842,56,96,29,10,8,5,44,0,3,16,25,7,3,90,5,18,0,10,10,33,17,0,6,11,7,48,1,10,0,4,0,0,6,0,0,12,18,26,0,0,0,8,0,2,3,2,2,1,9,3,9,6,10,2,9,4,19,0,0,2,0,8,0,1,1,0,12,0,1,2,12,1,1,2,0,0,2,0,0,4,0,5,0,3,0,4,0,1,1,0,3,2,1,0,0,6,11,5,0,3,0,0,3,1,0,0,0,9,7,1,10,0,3,3,0,1,0,2,0,1,0,5,1,0,0,1,0,9,0,10,8,0,0,0,3,4,0,1,0,4,3,0,0,0,5,0,0,0,0,3,0,0,0,0,0,2,0,0,0,0,1,0,0,0,0,0,1,0,0,3,0,2,0,10,1,0,0,0,0,4,0,2,1,0,0,0,0,3,0,0,0,0,2,0,0,0,0,0,1,0,0,0,0,0,0,0,0,0,0,0,0,1,1,0,3,0,0,0,0,0,0,0,0,0,0,0,0,0,0,0,0,0,0,0,1,0,0,0,0,0,0,0,0,0,0,0,0,0,0,0,0,0,2,0,0,6,0,1,2,0,0,0,0,0,0,1,0,0,2,0,0,0,0,0,0,0,0,0,3,1,0,0,0,0,0,0,0,0,0,0,0,0,0,0,0,0,0,0,0,0,0,0,0,1,0,0,0,0,1,0,0,0,0,0,4,0,0,0,3,0,0,0,0,0,0,0,0,0,0,0,0,1,0,0,0,0,0,0,0,0,0,0,0,0,0,0,1,0,0,0,0,0,0,0,0,3,0,0,0,0,0,0,0,0,0,0,0,0,0,0,0,0,0,0,0,0,0,0,0,0,0,0,0,0,0,0,0,0,0,0,0,0,0,0,0,0,0,0,0,0,0,0,0,0,0,1,0,0,0,0,0,0,0,0,0,0,0,0,0,0,0,0,0,0,0,0,0,0,0,0,0,0,0,0,0,0,0,0,0,0,0,0,0,0,0,0,0,0,0,0,0,0,0,0,0,0,0,0,0,,,0.044730478,0.021890676,0.002036757,0.008380175,0.000201663,0.000684903,0.007009542,5.50982e-06,0.002770892,0.002853539,0.010127648,0.000311102,0.000506663,4.81212e-06,0.006585233,0.005799251,0.000478007,0.006801187,0.001278644,0.002484884,0.00129462,0.00791722,0.000737279,0.000906875,0.02010451,0.000825391,0.036463638,0.005229485,0.003708778,0.001217717,0.015774941,0.336303408,0.007733391,0.059326391,0.015430922,0.000496513,0.001987114,0.00089651,0.017411688,0.012067984,0.001142157,0.00021576,0.022179536,3.76419e-07,0.305686231
Budapest,Budapesti Kozponti Szennyviztisztito Telep,Hungary,113,2021-04-04 00:00:00,1014137_1,63,295,31,16,15,172,39,0,3,153,0,10,393,174,1655,1,92,954,5,321,2,35,225,48,47,393,36,5,22,136,94,2,40,1,241,276,286,99,226,2,5,61,179,35,41,179,1,205,175,0,53,11,21,47,42,21,4,2008,1,434,26,64,124,4,10,465,6,221,115,154,86,35,86,7,3,2,140,1,579,60,6,47,0,436,1,0,53,9,0,39,136,288,295,2,3121,36,79,43,4,21,1,136,5,3,22,47,15,12,33,8,49,0,3,5,33,16,0,0,2,9,66,1,37,1,1,2,0,3,0,0,7,22,18,0,2,0,1,0,5,0,1,0,1,9,1,32,0,2,7,5,4,21,4,0,2,0,5,0,3,0,0,17,0,0,3,14,0,2,0,0,0,6,2,0,3,0,6,0,3,0,3,4,2,4,4,4,0,1,0,3,7,23,7,0,0,0,2,0,0,1,0,0,16,6,2,3,0,2,11,0,2,2,0,1,4,2,20,0,0,0,0,2,1,0,7,1,1,0,0,0,2,0,2,0,1,6,0,0,0,1,0,0,0,0,5,0,0,0,0,0,7,0,2,0,0,1,0,2,2,0,0,1,0,0,5,0,1,0,5,0,0,0,0,0,0,0,3,1,0,1,0,1,1,0,0,1,0,7,0,0,0,4,0,0,0,0,0,0,0,0,1,0,3,0,0,0,3,0,0,1,0,0,1,0,1,0,1,0,0,0,0,0,0,2,0,0,0,1,1,0,0,0,0,0,2,0,0,0,0,0,0,0,0,1,0,2,3,1,6,0,7,0,2,7,0,2,0,0,0,0,0,0,0,4,0,0,0,0,0,0,0,0,0,3,1,0,0,1,0,1,2,0,0,0,1,1,1,0,0,0,2,0,0,0,0,0,0,0,1,0,0,0,0,0,0,0,0,0,0,0,1,0,0,1,0,0,0,0,1,0,0,0,0,0,0,0,0,1,0,0,0,1,0,0,0,0,0,5,0,0,3,0,0,0,1,0,0,0,0,0,0,0,0,0,0,0,0,0,0,0,0,0,0,0,0,0,0,0,0,0,0,0,0,0,1,0,0,0,0,0,0,0,0,0,0,0,0,0,0,0,0,0,0,0,0,0,0,0,0,0,0,0,0,0,0,0,0,0,0,0,0,0,0,0,0,0,0,0,0,0,0,1,0,0,0,0,0,0,0,2,0,0,0,0,0,0,0,0,0,1,1,0,0,0,0,0,0,0,0,0,0,0,0,0,,,0.111330855,0.036194974,0.002436795,0.039040274,0.000321494,0.001143395,0.006747467,5.86073e-06,0.00403773,0.007604363,0.014600813,0.000154269,0.000734763,1.64072e-05,0.015120865,0.00502824,0.000545993,0.009536314,0.001788667,0.004841771,0.001023341,0.011831107,0.000287011,0.003751932,0.036575896,0.00156066,0.044970817,0.005940356,0.003247914,0.003435831,0.016650719,0.009200216,0.013995248,0.034162614,0.013625151,0.000682553,0.007239276,0.000956173,0.030171538,0.051759932,0.007673254,0.000216433,0.015662674,4.0878e-07,0.424147634
Budapest,Budapesti Kozponti Szennyviztisztito Telep,Hungary,116,2021-04-26 00:00:00,1014134_1,10,178,8,2,3,23,10,1,0,28,0,0,61,57,388,1,27,271,3,74,1,7,28,16,0,122,9,4,6,36,21,2,10,2,67,174,36,16,41,0,1,11,94,11,8,46,0,24,19,0,7,0,8,13,13,4,1,365,1,116,5,11,47,0,2,163,3,57,25,27,34,26,109,0,1,0,60,1,122,12,14,5,0,97,0,0,8,2,0,12,57,48,31,0,607,12,28,5,0,0,2,27,0,5,3,13,2,6,28,3,16,0,6,10,17,7,0,1,1,0,8,0,9,0,0,0,0,1,0,1,0,5,6,0,0,2,3,0,1,2,5,0,0,5,1,6,1,2,0,0,1,4,4,0,3,0,8,0,1,0,0,1,0,0,3,3,0,2,0,0,0,2,0,0,4,0,0,0,0,0,1,1,1,0,1,3,2,0,0,0,1,5,3,0,1,0,1,0,0,0,0,0,4,7,0,1,0,1,0,0,0,0,0,0,1,2,3,3,0,0,0,1,0,0,3,13,0,0,1,0,0,0,1,0,0,0,0,0,0,1,0,0,0,0,0,0,0,0,0,0,0,0,0,0,0,1,0,0,0,0,0,0,0,0,0,0,0,0,1,0,0,0,0,0,0,0,3,0,0,0,0,0,0,2,0,0,0,2,2,3,0,0,0,0,0,2,0,0,0,0,0,0,0,0,0,0,1,0,0,0,0,0,0,0,0,0,0,0,0,0,0,0,0,1,0,0,0,0,0,0,0,0,0,0,0,0,0,0,0,0,0,0,0,0,0,0,0,1,1,0,0,0,0,0,0,0,0,0,0,0,0,0,0,1,0,0,0,0,0,0,0,0,0,0,0,0,0,0,0,0,0,0,0,0,0,0,0,0,0,0,0,0,0,0,0,0,0,0,1,0,0,0,0,1,0,0,0,1,0,0,0,0,0,0,0,0,0,0,0,0,0,0,0,1,0,0,0,0,0,0,0,0,0,0,0,0,0,0,0,0,0,0,0,0,0,0,0,0,0,0,1,0,0,0,0,0,0,0,0,0,0,0,0,0,0,0,0,0,0,0,0,0,0,0,0,0,0,0,0,0,0,0,0,0,0,0,0,0,0,0,0,0,0,0,0,0,0,0,0,0,0,0,0,0,0,0,0,0,0,0,0,0,0,0,0,0,0,0,0,0,0,0,0,0,0,0,0,0,0,0,0,0,0,0,0,0,0,0,0,0,0,0,0,0,0,0,0,0,0,0,0,0,0,0,,,0.019703969,0.005310753,0.000995648,0.006624889,8.0518e-05,0.000368755,0.001554202,3.02664e-06,0.00067992,0.001923925,0.005052686,0.000185128,0.000638118,2.29112e-06,0.002319415,0.002647807,9.25571e-05,0.000952021,0.00091547,0.000798357,0.000259837,0.003894602,0.000137818,0.000307213,0.00810838,0.001049014,0.013481662,0.001420861,0.001293089,0.000595998,0.003559825,0.775574624,0.00343631,0.004170257,0.004688023,0.000225265,0.000974875,0.000313868,0.007844174,0.006426692,0.000665255,0.000127607,0.002691632,2.46133e-07,0.107903417
Budapest,Budapesti Kozponti Szennyviztisztito Telep,Hungary,117,2021-05-04 00:00:00,1014135_1,32,246,17,13,15,71,31,0,0,56,0,0,202,110,1037,0,18,635,4,188,3,13,68,17,10,258,20,4,13,107,67,6,18,2,167,208,124,28,128,0,1,39,127,22,29,113,0,42,49,0,32,4,10,29,24,21,2,920,0,249,24,34,67,7,5,338,12,137,41,40,36,32,210,0,6,2,8,0,300,53,12,17,1,280,0,0,6,3,1,22,87,139,124,0,1435,26,32,18,1,2,4,50,2,4,8,20,10,3,57,3,0,0,9,28,28,16,2,1,9,1,20,1,14,0,2,0,0,4,0,0,5,7,3,0,1,0,3,0,6,5,6,1,0,7,5,4,1,3,2,5,5,14,5,0,3,0,4,0,2,0,0,4,0,1,1,7,0,1,0,1,2,0,0,2,2,2,0,0,0,0,3,1,1,0,0,5,2,0,0,0,4,2,3,0,0,1,0,1,0,0,0,0,8,8,1,5,1,3,1,0,0,0,2,1,5,0,5,1,0,0,0,1,0,0,4,23,0,0,1,0,1,3,0,0,0,4,0,1,0,3,0,2,0,0,2,1,0,0,1,0,3,0,0,0,0,0,0,0,0,0,0,0,0,0,0,0,2,1,2,1,0,0,0,0,2,2,1,0,0,0,0,0,0,0,0,1,0,1,0,0,0,2,0,0,0,0,0,0,0,0,1,0,0,1,0,0,2,6,0,0,0,0,0,0,0,0,1,0,0,3,2,0,0,0,0,0,0,1,1,1,1,0,0,0,0,1,0,0,0,0,0,0,0,0,0,0,0,0,4,0,5,0,0,0,0,0,0,0,0,0,0,0,0,0,0,0,0,0,0,0,0,0,0,0,0,0,0,0,0,0,0,0,0,0,0,0,0,0,0,0,0,0,0,0,0,0,0,0,1,0,0,0,0,2,0,0,0,1,0,1,0,0,0,0,0,0,0,0,0,0,0,0,0,1,0,0,0,0,0,0,0,0,0,0,0,0,0,0,0,0,0,2,0,0,0,0,0,0,0,0,1,0,0,0,0,0,0,0,0,0,0,0,0,0,0,0,0,0,0,0,0,0,0,0,0,0,0,0,0,0,0,0,0,0,0,0,0,0,0,0,0,0,0,0,0,0,0,0,0,0,0,0,0,0,0,0,0,0,0,0,0,0,0,0,0,0,0,0,0,0,0,0,0,0,0,0,0,0,0,0,0,0,0,0,0,0,0,0,0,0,0,0,0,0,0,0,0,0,0,0,0,0,0,0,,,0.052332383,0.013992695,0.002364561,0.019472943,0.000277354,0.000524245,0.004745677,3.15223e-06,0.001542781,0.007507818,0.009626065,0.000236452,0.000388406,3.88862e-06,0.008733767,0.006014687,0.000225506,0.011559832,0.003735793,0.003737864,0.000369563,0.002434785,3.19415e-05,0.000695426,0.01315618,0.000367662,0.048765561,0.001820709,0.001000313,0.001136907,0.005928631,0.492431316,0.018960072,0.010199408,0.001524712,0.000505637,0.005647202,0.001925245,0.01478524,0.0191156,0.000116944,0.000388227,0.008816716,2.07602e-07,0.202849923
Budapest,Budapesti Kozponti Szennyviztisztito Telep,Hungary,119,2021-05-17 00:00:00,1014138_1,58,319,38,8,16,100,34,0,6,199,0,5,183,230,1527,0,56,660,1,353,1,24,149,78,23,324,66,15,25,223,168,17,21,5,388,341,216,45,397,1,20,57,338,55,35,324,3,75,70,0,23,17,12,74,79,41,1,1747,0,598,73,68,240,2,5,389,8,222,131,121,132,34,85,1,11,0,42,13,560,47,18,32,3,341,9,0,17,23,0,43,294,337,172,0,2944,30,94,29,10,9,3,21,0,5,44,66,23,7,69,0,16,0,8,4,55,7,0,2,12,6,24,14,21,0,3,0,2,7,1,0,9,21,31,0,1,0,5,0,2,4,1,9,0,6,4,13,2,9,0,3,3,16,7,0,10,0,5,5,4,0,0,7,0,1,6,23,0,0,0,0,0,3,0,1,1,2,1,0,1,0,2,0,0,1,2,1,2,0,0,0,3,14,11,0,0,0,0,1,0,0,0,0,9,3,2,11,0,5,0,0,4,0,2,1,9,1,2,0,0,0,0,12,0,0,17,2,0,0,0,1,7,1,0,2,0,7,0,0,0,0,3,0,0,0,7,1,0,0,0,0,6,0,0,0,0,6,0,2,0,0,1,0,2,0,3,1,1,0,2,4,0,3,0,0,0,0,0,2,0,0,0,1,4,0,0,3,2,1,0,0,0,0,0,0,0,0,0,0,0,0,2,1,0,0,0,0,0,0,0,1,0,0,1,0,0,0,0,0,0,0,0,0,0,1,0,0,0,0,3,0,0,0,0,0,0,0,0,0,0,0,0,0,0,0,0,0,0,1,4,0,13,0,0,1,0,1,0,0,0,0,0,0,0,0,0,0,0,0,0,0,0,0,0,5,1,0,0,0,0,0,0,0,0,0,0,0,0,0,0,0,0,0,0,0,0,0,0,0,1,0,0,0,0,2,4,0,0,0,0,0,0,0,1,0,0,0,0,0,1,0,0,0,0,0,0,0,0,0,0,0,0,0,0,0,0,0,0,1,0,0,0,0,0,0,0,0,0,0,0,0,0,0,2,1,1,0,0,0,0,0,0,0,0,0,0,0,0,0,0,0,0,0,0,0,0,0,0,0,0,0,0,0,0,0,0,0,0,0,0,0,0,0,0,0,0,0,0,0,0,0,0,0,0,0,0,0,0,0,0,0,0,0,0,0,0,0,0,0,0,0,0,0,0,0,0,0,0,0,0,0,0,0,0,0,0,0,0,0,0,0,0,0,0,0,0,0,0,0,0,0,0,0,0,0,,,0.239312653,0.031523789,0.002777758,0.012896818,0.001125296,0.001171671,0.014369455,1.09434e-05,0.00243256,0.010990257,0.018629282,0.000136069,0.000519787,1.17093e-05,0.00759211,0.012160227,0.001700621,0.006035252,0.001655138,0.002941938,0.00126708,0.003786243,0.000337648,0.009413244,0.021178109,0.002986251,0.059159322,0.003581053,0.000830471,0.00185684,0.016619762,0.013709165,0.014934086,0.012317134,0.004542838,0.00084642,0.002356596,0.001057291,0.014836005,0.013346994,0.00164486,0.000233451,0.011302328,7.28509e-07,0.419862748
Copenhagen,Rensningsanlaeg Avedoere,Denmark,0,2019-01-30 00:00:00,1007150_1,38,193,9,3,9,244,24,5,0,59,0,19,317,48,1065,6,95,821,0,201,0,15,122,6,13,787,47,7,12,80,47,0,77,32,347,186,315,33,160,15,13,142,98,8,0,92,0,72,158,0,49,43,18,41,77,42,2,1253,0,171,14,19,45,0,17,666,1,165,141,40,31,38,37,0,0,0,140,0,302,29,0,47,0,838,4,0,65,15,0,33,245,454,88,2,2198,0,51,52,0,9,0,66,0,0,0,15,10,14,38,0,0,0,6,0,14,9,0,0,0,3,17,0,4,0,0,0,0,12,0,0,8,6,8,0,0,0,0,0,0,0,6,0,0,7,0,0,0,0,0,0,0,5,2,0,0,0,0,0,0,0,0,4,0,0,58,0,0,2,0,0,2,0,0,0,4,0,3,0,0,0,0,0,0,0,0,3,1,0,0,0,0,0,0,0,0,0,0,0,0,0,0,0,0,0,0,0,0,0,0,0,6,0,0,0,0,8,0,0,0,0,0,0,2,0,0,2,0,0,0,0,0,0,0,0,0,6,0,0,0,0,0,0,0,0,0,0,0,0,0,0,0,0,0,0,0,0,0,5,0,0,0,0,0,0,0,0,2,0,5,0,0,0,0,0,0,0,2,0,0,0,0,0,0,0,0,0,0,0,0,0,0,0,0,0,0,0,3,0,0,0,0,0,0,0,0,0,0,0,0,0,0,0,0,0,0,0,0,0,0,0,0,0,0,0,0,0,0,0,0,0,0,2,0,0,0,0,0,0,0,0,0,0,0,0,0,0,0,0,0,0,0,0,0,0,0,0,0,0,0,0,0,0,0,0,0,0,0,0,0,0,0,0,0,0,0,0,0,0,0,0,0,0,0,0,0,0,0,0,0,0,0,0,0,0,0,0,0,0,0,0,0,0,0,0,0,0,0,0,0,0,0,0,0,0,0,0,0,0,0,0,0,0,0,0,0,0,0,0,0,0,0,0,0,0,0,0,0,0,0,0,0,0,0,0,0,0,0,0,0,0,0,0,0,0,0,0,0,0,0,0,0,0,0,0,0,0,0,0,0,0,0,0,0,0,0,0,0,0,0,0,0,0,0,0,0,0,0,0,0,0,0,0,0,0,0,0,0,0,0,0,0,0,0,0,0,0,0,0,0,0,0,0,0,0,0,0,0,0,0,0,0,0,0,0,0,0,0,0,0,0,0,0,0,0,0,0,0,0,0,0,0,0,0,0,0,0,0,0,0,0,0,0,0,0,,,0.204314423,0.019715459,0.004884335,0.048749376,0.000294536,0.003079586,0.007323633,0.000164484,0.000931213,0.006942622,0.028077714,0.000105262,0.000536854,0.000562278,0.01523746,0.02136816,0.000877579,0.010788088,0.001485967,0.006738195,0.031830929,0.000175753,0.000340121,0.001854499,0.019453284,0.000546611,0.045514294,0.002189562,0.002603598,0.006991169,0.004679338,0.021874721,0.004961787,0.007023809,0.009673043,0.000624047,0.007034098,0.000448198,0.07841862,0.005160323,0.001389257,0.000824371,0.021267804,0.000760336,0.342183206
Copenhagen,Rensningsanlaeg Avedoere,Denmark,2,2019-02-18 00:00:00,1007153_1,61,427,31,57,22,178,27,0,2,87,115,7,239,88,1263,371,72,1500,0,225,4,7,105,16,0,989,34,0,82,125,53,0,54,55,340,419,236,42,228,21,54,222,112,20,17,118,399,96,142,2,47,48,37,59,56,85,2,1504,4,250,21,30,122,8,54,473,0,129,200,65,34,31,48,0,0,0,114,5,402,28,3,44,0,1165,201,0,57,7,0,51,241,393,111,1,2316,10,59,78,217,0,0,77,2,0,0,27,3,10,29,6,3,6,2,9,11,7,0,0,0,1,26,0,15,0,0,0,0,4,0,0,8,22,12,0,0,10,0,0,0,0,6,5,0,6,0,0,0,3,0,0,0,9,0,0,0,0,3,0,0,0,0,3,0,0,8,7,2,0,0,0,4,0,0,0,4,69,5,2,0,0,5,0,0,0,0,2,0,0,0,0,0,0,6,0,0,0,0,0,0,0,0,0,0,0,0,0,0,0,5,0,4,0,0,10,0,10,0,0,0,0,0,0,0,0,11,0,2,0,0,7,0,0,0,0,1,3,0,0,2,0,0,0,0,0,0,0,0,0,0,0,0,0,0,0,0,0,0,0,0,0,0,0,0,0,0,0,4,0,0,0,0,0,0,0,0,0,1,0,0,0,0,0,0,0,0,0,0,2,2,0,0,0,0,0,0,0,0,0,0,0,0,0,0,0,0,0,0,0,0,0,0,0,0,0,0,0,0,0,0,0,0,0,0,0,0,0,0,0,0,0,0,0,0,0,0,0,0,0,0,0,0,0,0,0,0,0,0,0,0,0,0,0,0,0,0,0,0,0,0,0,0,0,0,0,0,0,0,0,0,0,0,0,0,0,0,0,2,0,0,0,0,0,0,0,0,0,0,0,0,0,0,0,0,0,0,0,0,0,0,0,0,0,0,0,0,0,0,0,0,0,0,0,0,0,0,0,0,0,0,0,0,0,0,0,0,0,0,0,0,0,0,0,0,0,0,0,0,0,0,0,0,0,0,0,0,0,0,0,0,0,0,0,0,0,0,0,0,0,0,0,0,0,0,0,0,0,0,0,0,0,0,0,0,0,0,0,0,0,0,0,0,0,0,0,0,0,0,0,0,0,0,0,0,0,0,0,0,0,0,0,0,0,0,0,0,0,0,0,0,0,0,0,0,0,0,0,0,0,0,0,0,0,0,0,0,0,0,0,0,0,0,0,0,0,0,0,0,0,0,0,0,0,0,0,0,0,0,0,0,0,0,0,0,0,,,0.10389895,0.016172525,0.002270458,0.038804735,0.00013011,0.002327104,0.003351287,7.06314e-06,0.000515157,0.011733352,0.023608998,0.000150956,0.000434935,0.000219095,0.013860646,0.017661129,0.001107225,0.023024427,0.029745836,0.00444505,0.007343391,0.000214509,0.0002182,0.00075389,0.010592987,0.000264373,0.01389213,0.001684722,0.001860146,0.003049897,0.006641852,0.318499784,0.002887776,0.00334999,0.046870456,0.000488001,0.003867788,0.001182697,0.020943944,0.003060381,0.000401907,0.001290978,0.014319381,0.00102659,0.241825195
Copenhagen,Rensningsanlaeg Damhusaaen,Denmark,2,2019-02-18 00:00:00,1007154_2,5,48,11,0,6,83,17,0,0,7,0,0,119,29,470,10,36,158,0,36,0,2,11,10,9,136,19,2,12,15,29,0,42,3,70,45,40,17,41,0,0,21,58,7,0,38,4,15,18,0,23,32,9,12,19,15,0,231,0,402,11,10,18,0,7,335,2,76,32,21,18,17,17,0,0,0,23,0,96,5,3,35,0,177,1,0,20,0,0,7,69,80,419,0,413,2,13,3,0,4,0,27,0,0,5,6,0,0,16,0,0,0,0,0,9,4,0,2,0,1,0,0,4,0,0,0,0,0,0,0,0,6,0,0,0,0,3,0,0,0,0,39,3,0,0,0,0,0,0,0,0,12,0,0,4,0,2,0,0,0,0,1,0,0,4,4,0,0,0,0,0,0,0,2,0,0,0,0,0,0,0,0,0,0,0,0,0,0,0,0,0,0,0,0,0,0,0,0,4,1,0,0,0,0,0,0,0,0,0,0,4,0,0,1,2,0,0,0,0,0,2,0,0,0,1,1,0,0,0,0,0,0,0,0,0,0,0,0,0,0,0,0,0,0,0,1,0,0,0,0,0,0,0,0,0,0,0,0,0,0,0,0,0,0,0,0,0,0,0,0,0,0,0,0,0,0,0,0,0,0,0,0,0,0,0,0,0,0,0,0,0,0,0,0,0,0,0,0,0,0,0,0,0,0,0,0,0,0,0,6,0,0,0,0,0,0,0,0,0,0,0,0,0,0,0,1,0,0,0,0,0,0,0,0,0,1,0,0,0,0,0,0,0,0,0,0,0,0,0,0,0,0,0,0,0,0,0,0,0,0,0,0,0,0,0,0,0,0,0,0,0,0,0,0,0,0,0,0,0,0,0,0,0,0,0,0,0,0,0,0,0,0,0,0,0,0,0,0,0,0,0,0,0,0,0,0,0,0,0,0,0,0,0,0,0,0,0,0,0,0,0,0,0,0,0,0,0,0,0,0,0,0,0,0,0,0,0,0,0,0,0,0,0,0,0,0,0,0,0,0,0,0,0,0,0,0,0,0,0,0,0,0,0,0,0,0,0,0,0,0,0,0,0,0,0,0,0,0,0,0,0,0,0,0,0,0,0,0,0,0,0,0,0,0,0,0,0,0,0,0,0,0,0,0,0,0,0,0,0,0,0,0,0,0,0,0,0,0,0,0,0,0,0,0,0,0,0,0,0,0,0,0,0,0,0,0,0,0,0,0,0,0,0,0,0,0,0,0,0,0,0,0,0,0,,,0.152200999,0.014667322,0.001511445,0.013811512,0.000139586,0.001676246,0.003783819,4.91639e-06,0.000470118,0.004356011,0.013284393,0.000154385,0.00019417,0.000384471,0.010402023,0.012226421,0.000787684,0.007518259,0.046699609,0.003708097,0.006169591,6.53505e-05,0.000373466,0.000983763,0.007041153,0.000203796,0.017972591,0.001842343,0.001610963,0.003377627,0.003303721,0.334044155,0.002464674,0.003917926,0.066727239,0.000255268,0.005695607,0.00094361,0.007856805,0.004474169,0.000564396,0.000769936,0.014128541,9.81387e-05,0.227133687
Copenhagen,Rensningsanlaeg Damhusaaen,Denmark,8,2019-03-27 00:00:00,1007157_1,61,232,81,0,26,240,34,0,4,146,0,0,781,199,1722,3,171,997,15,241,3,15,122,33,93,876,44,9,46,129,376,4,76,17,514,218,232,112,646,15,372,267,263,47,10,303,4,156,201,0,75,26,16,61,209,81,2,1536,3,417,102,40,156,0,24,1004,12,181,197,114,82,61,158,0,17,6,72,0,360,57,26,54,0,1129,0,0,108,39,4,41,366,485,183,0,2634,73,49,28,0,16,3,148,4,0,13,175,2,20,146,0,10,0,9,0,23,13,0,5,0,10,13,5,16,0,11,0,0,11,0,0,11,15,13,0,5,0,10,0,2,0,0,6,0,19,4,9,0,9,0,4,11,20,1,0,13,0,6,0,6,0,0,0,0,0,0,5,0,2,3,0,1,0,0,0,24,0,8,0,2,3,0,0,0,2,8,2,2,0,0,0,6,4,0,1,1,4,1,0,3,1,0,0,0,11,1,5,4,0,1,0,6,0,0,2,5,0,0,8,0,0,0,0,0,0,11,1,0,0,0,0,0,2,0,0,0,8,0,2,0,0,0,0,0,0,0,0,0,0,0,0,0,0,0,0,0,0,0,0,0,1,1,4,0,0,0,5,0,0,8,0,0,0,0,0,0,0,2,0,0,0,0,0,0,0,0,1,1,0,0,0,0,0,0,0,0,0,0,0,0,0,3,0,1,0,0,0,0,1,0,0,0,0,0,0,0,0,0,0,0,0,0,0,0,0,0,0,0,0,0,0,0,0,0,0,0,0,0,0,0,0,0,0,0,0,0,0,0,0,0,0,0,0,0,0,0,0,0,0,0,0,0,0,0,0,0,0,0,0,0,0,0,0,0,0,0,0,0,0,0,0,0,0,0,0,0,0,0,0,0,0,0,0,0,0,0,0,0,0,0,0,0,0,0,0,0,0,0,0,0,0,0,0,0,0,0,0,0,0,0,0,0,0,0,0,0,0,0,0,0,0,0,0,0,0,0,0,0,0,0,0,0,0,0,0,0,0,0,0,0,0,0,0,0,0,0,0,0,0,0,0,0,0,0,0,0,0,0,0,0,0,0,0,0,0,0,0,0,0,0,0,0,0,0,0,0,0,0,0,0,0,0,0,0,0,0,0,0,0,0,0,0,0,0,0,0,0,0,0,0,0,0,0,0,0,0,0,0,0,0,0,0,0,0,0,0,0,0,0,0,0,0,0,0,0,0,0,0,0,0,0,0,0,0,0,0,0,0,0,0,0,0,0,0,0,,,0.128814843,0.016205978,0.000750739,0.004280511,0.000117089,0.001873624,0.001975634,6.94276e-06,0.001764698,0.003523756,0.009799576,5.97877e-05,0.000148938,1.40119e-05,0.01264556,0.0173422,0.00152677,0.014875399,0.00607133,0.033734694,0.004331772,0.000140948,9.10925e-05,0.001078775,0.020147617,0.000504841,0.063261071,0.001812674,0.001206604,0.001486465,0.001493078,0.139054429,0.005256943,0.005705794,0.132658561,0.000225852,0.005154229,0.000942081,0.006719959,0.011865916,0.000436481,0.000108941,0.046210139,3.01303e-06,0.294570642
Copenhagen,Rensningsanlaeg Lynetten,Denmark,8,2019-03-27 00:00:00,1007158_1,44,120,60,5,8,83,3,0,0,61,11,9,273,98,598,54,37,413,0,60,0,2,65,14,19,647,8,9,38,65,196,0,18,3,261,132,117,34,379,5,24,126,159,28,9,134,70,40,99,19,17,21,20,29,62,113,0,570,0,214,14,7,90,0,8,332,4,98,125,60,64,16,60,0,0,0,23,0,95,14,6,12,0,758,0,0,12,34,0,19,163,290,77,0,1071,16,20,9,28,0,4,55,0,0,5,62,0,6,64,0,4,0,5,0,13,3,0,0,3,0,10,3,14,0,0,0,0,9,0,0,4,4,7,0,0,3,7,2,0,0,0,3,7,8,2,0,0,0,0,6,0,6,0,0,6,0,0,0,0,0,0,0,0,0,21,0,0,0,0,0,0,0,0,0,7,66,2,0,0,0,0,0,0,0,0,0,0,0,2,0,0,8,4,0,0,0,0,0,0,0,0,0,0,6,0,8,0,0,0,0,2,0,6,2,4,0,0,0,0,0,0,0,0,0,25,0,0,0,0,0,0,0,0,0,0,0,0,0,0,0,0,0,0,0,0,0,0,0,0,0,2,6,0,0,0,0,0,0,0,0,0,0,0,0,0,0,0,0,0,0,0,0,0,0,2,0,0,0,0,0,0,0,0,0,0,0,0,2,0,0,0,0,0,0,0,0,0,0,0,0,0,0,0,0,0,0,0,0,0,0,0,0,0,0,0,0,0,0,0,0,0,0,0,0,0,0,0,0,0,0,0,0,0,0,0,0,0,0,0,0,0,0,0,0,0,0,0,0,0,0,0,0,0,0,0,0,0,0,0,0,0,0,0,0,0,0,0,0,0,0,0,0,0,0,0,0,0,0,0,0,0,0,0,0,0,0,0,0,0,0,0,0,0,0,0,0,0,0,0,0,0,0,0,0,0,0,0,0,0,0,0,0,0,0,0,0,0,0,0,0,0,0,0,0,0,0,0,0,0,0,0,0,0,0,0,0,0,0,0,0,0,0,0,0,0,0,0,0,0,0,0,0,0,0,0,0,0,0,0,0,0,0,0,0,0,0,0,0,0,0,0,0,0,0,0,0,0,0,0,0,0,0,0,0,0,0,0,0,0,0,0,0,0,0,0,0,0,0,0,0,0,0,0,0,0,0,0,0,0,0,0,0,0,0,0,0,0,0,0,0,0,0,0,0,0,0,0,0,0,0,0,0,0,0,0,0,0,0,0,0,0,0,0,0,0,0,0,0,0,0,0,0,0,0,,,0.208172625,0.012315829,0.00147064,0.003597203,0.00090168,0.001733597,0.017126625,0.000389488,0.00265299,0.003079841,0.027735524,8.83266e-05,0.000253363,5.64453e-05,0.009409213,0.020123246,0.00111114,0.012626416,0.027659541,0.005321044,0.007705858,0.00041409,0.000417185,0.000555115,0.024871428,0.000433626,0.063717387,0.002986134,0.001998289,0.002092873,0.002903816,0.044705703,0.015766465,0.016120168,0.033665867,0.000719006,0.004852812,0.001003754,0.02017208,0.01049086,0.000786759,0.000347368,0.028959511,5.34987e-05,0.358435573
Copenhagen,Rensningsanlaeg Damhusaaen,Denmark,12,2019-04-26 00:00:00,1007160_1,68,410,26,27,58,242,18,0,6,109,136,19,190,138,1110,284,100,841,2,162,0,14,118,18,14,517,45,11,71,111,140,0,110,24,379,405,257,27,332,16,17,117,150,15,20,171,326,48,165,0,53,9,51,43,89,59,0,1282,7,236,39,37,128,23,21,850,3,161,121,65,38,20,50,0,0,0,115,0,245,28,7,13,0,728,155,0,90,10,5,47,237,389,68,1,2182,13,15,48,237,0,0,71,7,0,4,18,2,16,52,0,0,0,6,0,20,7,0,0,0,3,11,3,5,0,6,0,0,0,0,0,13,14,5,0,4,4,4,0,0,0,9,2,5,11,0,0,0,1,0,6,0,8,3,0,1,0,0,0,0,0,0,3,0,0,33,0,0,0,0,0,1,0,0,4,1,80,4,0,0,0,0,0,0,0,0,0,1,0,0,0,0,0,3,0,0,0,0,0,0,0,0,0,0,0,0,0,0,0,0,0,4,0,0,5,0,0,0,0,0,0,0,5,0,0,6,0,0,8,0,1,0,3,0,0,1,0,0,0,0,0,0,0,0,0,0,0,0,0,0,0,0,3,0,0,0,0,0,0,0,0,0,0,0,0,0,0,0,0,0,0,0,0,0,0,0,0,0,0,0,0,0,0,0,0,0,0,0,1,0,0,0,0,0,0,0,0,0,0,0,0,0,0,0,0,0,0,0,0,0,0,0,0,0,0,0,0,0,0,0,0,0,0,0,0,0,0,0,0,0,0,0,0,0,0,0,0,0,0,0,0,0,0,0,0,0,0,0,0,0,0,0,0,0,0,0,0,0,0,0,0,0,0,0,0,0,0,0,0,0,0,0,0,0,0,1,0,0,0,0,0,0,0,0,0,0,0,0,0,0,0,0,0,0,0,0,0,0,0,0,0,0,0,0,0,0,0,0,0,0,0,0,0,0,0,0,0,0,0,0,0,0,0,0,0,0,0,0,0,0,0,0,0,0,0,0,0,0,0,0,0,0,0,0,0,0,0,0,0,0,0,0,0,0,0,0,0,0,0,0,0,0,0,0,0,0,0,0,0,0,0,0,0,0,0,0,0,0,0,0,0,0,0,0,0,0,0,0,0,0,0,0,0,0,0,0,0,0,0,0,0,0,0,0,0,0,0,0,0,0,0,0,0,0,0,0,0,0,0,0,0,0,0,0,0,0,0,0,0,0,0,0,0,0,0,0,0,0,0,0,0,0,0,0,0,0,0,0,0,0,0,0,0,0,0,,,0.039094219,0.026491473,0.00030746,0.004459243,6.20429e-05,0.000190714,0.001470928,1.99178e-05,0.000479693,0.002896453,0.00310912,5.7243e-05,0.000270183,1.98888e-05,0.003313237,0.003758519,0.000204675,0.01593569,0.004083162,0.006028261,0.003514553,6.34564e-05,2.92449e-05,0.003964574,0.020752584,0.000103013,0.013524746,0.002637236,0.001193216,0.000605808,0.001183296,0.387608432,0.002288823,0.009508264,0.201420245,0.000123526,0.011752774,0.000479842,0.003034301,0.002253455,0.000206146,0.000250314,0.007012999,1.24634e-06,0.214235785
Copenhagen,Rensningsanlaeg Avedoere,Denmark,16,2019-05-27 00:00:00,1007162_1,133,439,110,14,49,333,34,0,0,217,0,20,836,355,977,7,234,1230,38,259,0,12,111,41,91,1136,79,26,47,87,407,38,120,19,1150,472,197,105,785,19,13,372,417,47,15,302,4,236,144,0,87,16,34,43,126,142,4,2804,63,774,105,114,241,0,72,904,30,218,312,86,146,164,188,0,40,13,129,5,441,263,31,61,7,1642,0,2,97,64,0,38,305,1300,195,3,4937,132,19,43,10,26,6,69,6,20,24,122,119,15,164,0,12,0,59,0,13,103,0,10,124,72,23,7,29,0,4,0,5,52,0,0,0,19,34,0,17,8,119,0,7,0,0,4,4,12,9,13,0,4,0,21,61,24,36,0,134,5,29,5,0,0,0,0,0,0,18,9,11,0,2,0,11,6,0,0,45,0,20,6,0,0,0,0,3,3,34,3,0,0,1,0,4,7,0,0,0,5,6,2,6,2,0,5,4,59,7,9,0,0,1,7,15,0,9,2,1,0,9,26,0,0,0,6,0,0,17,17,7,0,0,0,10,2,14,3,0,10,0,0,0,0,0,0,0,0,0,0,0,0,0,0,0,0,0,0,0,0,0,3,0,2,0,14,5,0,0,6,0,0,9,0,0,0,0,0,0,0,0,0,0,1,0,0,4,5,0,3,0,0,0,0,0,0,0,0,0,0,0,0,0,0,0,0,0,0,0,0,0,2,0,0,0,0,1,0,0,0,0,0,0,0,0,0,0,0,0,0,0,0,0,8,0,0,0,3,0,0,0,0,0,0,0,0,2,0,0,0,0,0,0,0,0,0,0,0,0,0,0,0,0,0,0,0,0,0,0,0,0,0,0,0,0,0,0,0,0,0,0,0,0,0,0,0,0,0,0,0,0,0,0,0,0,0,0,0,0,0,0,0,0,0,0,0,0,0,0,0,0,0,0,0,0,0,0,0,0,0,0,0,0,0,0,0,0,0,0,0,0,0,0,0,0,0,0,0,0,0,0,0,0,0,0,0,0,0,0,0,0,0,0,0,0,0,0,0,0,0,0,0,0,0,0,0,0,0,0,0,0,0,0,0,0,0,0,0,0,0,0,0,0,0,0,0,0,0,0,0,0,0,0,0,0,0,0,0,0,0,0,0,0,0,0,0,0,0,0,0,0,0,0,0,0,0,0,0,0,0,0,0,0,0,0,0,0,0,0,0,0,0,0,0,0,0,0,0,0,0,0,0,0,0,0,0,0,0,0,0,0,0,0,0,0,0,0,0,,,0.078258695,0.043379493,0.007764074,0.046393683,0.000108385,0.001441787,0.007890161,1.02363e-05,0.000524592,0.016500067,0.015726945,4.1348e-05,0.000126413,4.30672e-05,0.011471802,0.010072852,0.000704655,0.095565348,0.00067708,0.00653386,0.008096729,0.000104615,6.54633e-05,0.002352342,0.127964338,0.000262061,0.015870145,0.003176114,0.005553952,0.001476597,0.005361286,0.008837571,0.004681476,0.004684134,0.017335985,0.000120096,0.028328914,0.000333633,0.017447471,0.002832843,0.000839387,0.000588154,0.0094465,4.78293e-06,0.391000866
Copenhagen,Rensningsanlaeg Avedoere,Denmark,21,2019-06-28 00:00:00,1007165_1,65,230,50,7,44,159,24,2,0,153,0,0,580,201,641,0,148,794,10,151,0,22,68,5,75,729,62,15,39,56,210,20,87,11,616,241,135,59,464,15,0,235,226,36,9,181,5,138,160,0,47,16,16,22,110,143,3,1382,32,454,63,47,166,3,14,586,41,153,172,68,93,140,152,0,28,3,42,5,267,199,14,35,0,1116,1,0,81,35,0,14,154,753,163,0,2541,102,26,36,0,9,10,43,0,7,11,57,76,14,65,0,6,2,46,0,9,77,0,14,99,10,8,0,22,0,3,0,0,61,0,0,0,12,21,0,13,0,26,0,4,0,0,0,0,8,1,13,0,5,0,7,14,7,14,0,32,2,150,0,0,0,0,32,0,0,13,6,0,0,0,0,13,0,0,0,32,0,12,0,0,0,3,0,0,0,10,3,3,0,0,0,0,5,2,1,0,5,2,1,4,0,0,2,356,45,5,0,0,0,0,0,11,5,7,0,0,0,0,15,0,0,0,0,0,1,11,2,5,0,0,1,5,0,0,0,0,0,0,0,0,0,0,0,0,0,0,0,0,0,0,0,0,0,0,0,0,0,0,0,0,0,1,4,8,0,0,0,0,0,0,5,0,0,0,1,0,0,7,0,0,0,0,2,2,0,0,2,0,0,0,0,0,0,0,0,0,0,0,0,0,0,0,0,0,0,0,0,0,1,0,0,0,0,0,0,4,0,0,0,0,0,0,0,0,0,0,0,0,0,0,0,0,0,0,0,0,0,0,0,0,0,0,0,0,0,0,0,2,0,0,0,0,0,0,0,0,0,0,0,0,0,0,0,0,0,0,0,0,0,0,0,0,0,0,0,0,0,0,0,0,0,0,0,0,0,0,0,0,0,0,0,0,0,0,0,0,0,0,0,0,0,0,0,0,0,0,0,0,0,0,0,0,0,0,0,0,0,0,0,0,0,0,0,0,0,0,0,0,0,0,0,0,0,0,0,0,0,0,0,0,0,0,0,0,0,0,0,0,0,0,0,0,0,0,0,0,0,0,0,0,0,0,0,0,0,0,0,0,0,0,0,0,0,0,0,0,0,0,0,0,0,0,0,0,0,0,0,0,0,0,0,0,0,0,0,0,0,0,0,0,0,0,0,0,0,0,0,0,0,0,0,0,0,0,0,0,0,0,0,0,0,0,0,0,0,0,0,0,0,0,0,0,0,0,0,0,0,0,0,0,0,0,0,0,0,0,0,0,0,0,0,0,0,0,0,,,0.171396962,0.014767091,0.003949104,0.006361911,0.000193341,0.001940043,0.018193506,6.70428e-06,0.009267616,0.006731422,0.145889838,0.00017041,0.001667332,0.000154159,0.002329521,0.01094645,0.000767336,0.027824164,0.001233151,0.002279248,0.029946226,0.000316649,0.000104238,0.001767536,0.027995284,0.000546533,0.037112327,0.002390756,0.001321995,0.001638079,0.007380401,0.012416081,0.008428552,0.009265722,0.003610298,0.000328354,0.01163107,0.000603062,0.028005607,0.012287848,0.001868712,0.000667291,0.024858942,2.9706e-06,0.349436156
Copenhagen,Rensningsanlaeg Damhusaaen,Denmark,21,2019-06-28 00:00:00,1007166_1,10,97,42,0,11,40,12,0,0,55,0,0,144,86,503,7,65,241,0,58,4,2,23,26,13,374,33,4,2,37,146,0,29,7,167,103,64,9,223,0,0,103,123,11,0,121,0,17,39,0,18,10,4,29,64,54,1,230,8,201,44,23,105,0,9,213,5,88,75,32,40,45,43,0,5,0,27,5,92,52,5,4,0,457,0,0,34,16,0,12,114,130,46,0,528,12,23,10,0,0,0,26,0,0,10,44,7,0,37,0,0,0,5,0,11,15,0,0,0,7,10,0,16,0,0,0,0,9,0,0,5,9,0,0,0,0,0,0,0,0,0,0,0,4,0,0,0,0,0,3,0,6,0,0,2,0,3,0,0,0,0,2,0,0,0,0,2,0,0,0,0,0,0,0,1,0,7,0,0,0,2,0,0,0,0,0,0,0,0,0,0,7,0,0,0,0,0,0,0,0,0,0,2,4,0,0,0,0,0,0,3,0,2,0,0,0,0,0,0,0,0,0,0,0,12,0,0,0,0,0,0,0,0,3,0,2,0,0,0,0,0,0,0,0,0,0,0,0,0,0,0,0,0,0,0,0,0,0,0,0,0,0,0,0,0,0,0,0,0,0,0,0,0,0,0,10,2,0,0,0,0,0,0,0,0,0,0,0,0,0,0,0,0,0,0,0,0,0,0,0,0,0,0,0,0,0,0,0,0,0,0,0,0,0,0,0,0,0,0,0,0,0,0,0,0,0,0,0,0,0,0,0,0,0,0,0,0,0,0,0,0,0,0,0,0,0,0,0,0,0,0,0,0,0,0,0,1,0,0,0,0,0,0,0,0,0,0,0,0,0,0,0,0,0,0,0,0,0,0,0,0,0,0,0,0,0,0,0,0,0,0,0,0,0,0,0,0,0,0,0,0,0,0,0,0,0,0,0,0,0,0,0,0,0,0,0,0,0,0,0,0,0,0,0,0,0,0,0,0,0,0,0,0,0,0,0,0,0,0,0,0,0,0,0,0,0,0,0,0,0,0,0,0,0,0,0,0,0,0,0,0,0,0,0,0,0,0,0,0,0,0,0,0,0,0,0,0,0,0,0,0,0,0,0,0,0,0,0,0,0,0,0,0,0,0,0,0,0,0,0,0,0,0,0,0,0,0,0,0,0,0,0,0,0,0,0,0,0,0,0,0,0,0,0,0,0,0,0,0,0,0,0,0,0,0,0,0,0,0,0,0,0,0,0,0,0,0,0,0,0,0,0,0,0,,,0.122442471,0.018583075,0.002475652,0.007202948,0.000600438,0.001173634,0.034213906,9.26314e-06,0.0018743,0.005919621,0.018549728,0.000193667,0.001069542,0.00173912,0.003597546,0.010622469,0.001906307,0.008847746,0.001525705,0.003378669,0.005982153,0.000277421,0.002661078,0.00166432,0.122240488,0.000987194,0.061231046,0.002159452,0.004054437,0.00450461,0.004192972,0.007978321,0.019090572,0.014419215,0.010118363,0.000603216,0.018552053,0.000638525,0.014834357,0.01494308,0.00053071,0.000466892,0.01488345,0.00030957,0.426750696
Copenhagen,Rensningsanlaeg Avedoere,Denmark,25,2019-07-27 00:00:00,1007167_1,23,534,31,4,22,128,20,0,0,64,0,0,324,68,779,6,58,629,0,192,4,10,79,0,27,622,28,0,20,87,98,1,62,20,294,575,199,57,219,9,0,189,108,18,7,82,5,85,120,0,37,18,15,18,34,28,2,884,0,183,30,18,57,0,15,531,13,100,94,37,46,41,81,0,7,3,59,2,248,47,2,28,0,784,0,0,54,14,0,19,218,329,82,0,1479,19,18,41,0,5,0,39,0,0,7,0,2,9,38,0,6,0,5,0,15,24,0,0,2,8,0,0,7,0,0,0,0,0,0,0,5,10,0,0,0,3,0,0,0,0,0,0,0,7,1,0,0,1,0,0,0,2,0,0,10,0,3,0,0,0,0,8,0,0,10,0,0,0,0,0,1,0,0,0,7,0,3,0,0,0,2,0,0,0,0,0,0,0,0,0,0,0,0,0,0,0,1,0,0,0,0,0,0,8,0,0,0,0,0,0,6,0,0,0,0,10,0,0,0,0,0,0,0,0,0,0,0,0,0,0,0,0,0,0,0,0,0,0,0,0,0,1,0,0,0,0,0,0,0,0,0,0,0,0,0,0,0,0,0,1,0,0,0,0,0,0,0,0,0,0,0,0,0,0,0,7,0,0,0,0,0,0,0,0,0,0,0,0,0,0,0,0,0,0,1,0,0,0,0,0,0,0,0,0,0,0,0,0,0,0,0,0,0,0,0,0,0,0,0,0,0,0,0,0,0,0,0,0,0,0,0,0,0,0,0,0,0,0,0,0,0,0,0,0,0,0,0,0,0,0,0,0,0,0,0,0,0,0,0,0,0,0,0,0,0,0,0,0,0,0,0,0,0,0,0,0,0,0,0,0,0,0,0,0,0,0,0,0,0,0,0,0,0,0,0,0,0,0,0,0,0,0,0,0,0,0,0,0,0,0,0,0,0,0,0,0,0,0,0,0,0,0,0,0,0,0,0,0,0,0,0,0,0,0,0,0,0,0,0,0,0,0,0,0,0,0,0,0,0,0,0,0,0,0,0,0,0,0,0,0,0,0,0,0,0,0,0,0,0,0,0,0,0,0,0,0,0,0,0,0,0,0,0,0,0,0,0,0,0,0,0,0,0,0,0,0,0,0,0,0,0,0,0,0,0,0,0,0,0,0,0,0,0,0,0,0,0,0,0,0,0,0,0,0,0,0,0,0,0,0,0,0,0,0,0,0,0,0,0,0,0,0,0,0,0,0,0,0,0,0,0,0,0,0,,,0.125441444,0.035572725,0.004969873,0.014786953,0.000167734,0.002101714,0.017169932,1.47079e-05,0.000866715,0.023987466,0.043349193,0.000765042,0.001123684,0.000695474,0.00603362,0.006857781,0.00142585,0.032365217,0.001065766,0.0052414,0.010768311,0.000379863,0.000267181,0.004078431,0.057516029,0.000473925,0.041591094,0.002307946,0.005732644,0.003370707,0.010910889,0.008799859,0.008539514,0.007518685,0.004485964,0.000481183,0.029279417,0.000396823,0.024035935,0.005712088,0.00149924,0.001126129,0.008895694,3.19169e-05,0.437798238
Copenhagen,Rensningsanlaeg Lynetten,Denmark,30,2019-08-29 00:00:00,1007170_1,15,131,35,0,12,157,20,4,0,61,0,9,165,91,578,0,82,758,0,212,0,14,52,8,0,788,35,0,9,59,68,0,64,20,180,136,104,33,158,11,0,153,103,15,8,99,0,36,68,0,27,21,8,11,47,157,3,478,0,247,29,23,63,0,29,525,0,68,137,47,54,39,45,0,5,4,42,0,352,45,0,19,0,1027,2,0,51,17,0,21,216,143,62,7,823,9,37,73,0,0,0,39,0,0,4,21,0,11,53,0,0,0,4,8,3,19,0,0,4,3,20,0,9,0,3,0,0,7,0,0,4,12,5,0,0,0,4,0,0,0,2,1,0,10,0,6,0,4,0,0,2,5,1,0,2,0,1,0,0,0,0,6,0,0,4,3,0,0,0,0,2,0,0,4,0,0,0,0,0,0,0,0,0,0,0,0,0,0,0,0,0,4,0,0,0,0,0,0,0,0,0,0,4,0,0,0,0,0,0,0,6,0,0,0,0,8,0,0,0,0,0,0,1,1,0,0,0,0,0,0,0,0,0,0,0,0,0,0,0,0,0,0,0,0,4,0,0,0,0,0,0,0,0,0,0,0,0,0,0,0,0,0,0,0,0,0,0,0,0,0,0,0,0,0,0,0,0,0,0,0,0,2,0,0,0,0,0,0,0,0,0,0,0,0,0,0,2,0,0,0,0,0,0,0,0,0,0,0,0,0,0,0,0,0,0,0,0,0,0,0,0,0,0,0,0,0,0,0,0,0,0,0,0,0,0,0,0,0,0,0,0,0,0,0,0,0,0,0,0,0,0,0,0,0,0,0,0,0,0,0,0,0,0,0,0,0,0,0,0,0,0,0,0,0,0,0,0,0,0,0,0,0,0,0,0,0,0,0,0,0,0,0,0,0,0,0,0,0,0,0,0,0,0,0,0,0,0,0,0,0,0,0,0,0,0,0,0,0,0,0,0,0,0,0,0,0,0,0,0,0,0,0,0,0,0,0,0,0,0,0,0,0,0,0,0,0,0,0,0,0,0,0,0,0,0,0,0,0,0,0,0,0,0,0,0,0,0,0,0,0,0,0,0,0,0,0,0,0,0,0,0,0,0,0,0,0,0,0,0,0,0,0,0,0,0,0,0,0,0,0,0,0,0,0,0,0,0,0,0,0,0,0,0,0,0,0,0,0,0,0,0,0,0,0,0,0,0,0,0,0,0,0,0,0,0,0,0,0,0,0,0,0,0,0,0,0,0,0,0,0,0,0,0,0,,,0.11608002,0.019598662,0.005211865,0.006459528,0.001015005,0.001810902,0.058190348,9.59899e-06,0.003034931,0.013586698,0.025752549,0.000101868,0.000540101,4.48213e-06,0.003925254,0.011379506,0.002240674,0.005050793,0.002075368,0.00288554,0.004279152,0.000363359,9.67286e-05,0.002018255,0.063962453,0.001794264,0.062427661,0.001698197,0.001372782,0.005382281,0.011163841,0.007150837,0.011709003,0.015912175,0.001475919,0.000390338,0.049859158,0.00157116,0.011924424,0.017811849,0.001186205,0.003176436,0.016950609,3.15336e-06,0.427366065
Copenhagen,Rensningsanlaeg Avedoere,Denmark,34,2019-09-28 00:00:00,1007277_1,43,158,19,13,117,264,17,4,0,52,178,8,334,173,658,106,42,1065,0,168,0,13,71,7,9,597,25,7,39,61,70,0,80,31,156,189,147,34,136,17,8,143,87,8,28,67,145,91,79,6,59,31,33,22,47,37,1,721,0,134,61,21,53,11,51,659,3,83,131,52,19,26,37,0,0,0,44,0,266,28,5,18,0,760,0,0,85,7,3,16,136,190,66,0,1179,5,18,42,343,12,0,49,0,0,0,12,3,32,26,3,0,0,7,0,15,16,0,0,0,2,25,0,7,0,2,0,0,5,0,0,3,3,4,0,0,0,3,0,0,0,0,0,0,0,0,0,0,3,0,0,0,2,0,0,4,0,2,0,0,0,0,5,0,0,0,0,0,0,0,0,0,0,0,0,5,0,0,0,0,0,6,0,0,0,0,0,0,0,0,0,0,0,0,0,0,0,0,2,0,0,0,0,5,4,0,0,0,0,0,0,0,0,0,2,0,6,0,0,0,0,0,0,0,0,0,0,0,0,0,0,0,0,0,0,0,3,0,0,0,10,0,0,0,0,0,2,0,0,0,0,0,0,0,0,0,0,0,0,0,0,0,0,0,0,0,0,0,0,0,0,0,0,0,0,0,0,0,0,0,0,0,0,0,0,0,0,0,0,0,0,0,0,0,0,0,0,0,0,0,0,0,0,0,0,0,0,0,0,4,0,0,0,0,0,0,0,0,0,0,0,0,0,0,0,0,0,0,0,0,0,0,0,0,0,0,0,0,0,0,0,0,0,0,0,0,0,0,0,0,0,0,0,0,0,0,0,0,0,2,3,0,0,0,0,0,0,0,0,0,0,0,0,0,0,0,0,0,0,0,0,0,0,0,0,0,0,0,0,0,0,0,0,0,0,0,0,0,0,0,0,0,0,0,0,0,0,0,0,0,0,0,0,0,0,0,0,0,0,0,0,0,0,0,0,0,0,0,0,0,0,0,0,0,0,0,0,0,0,0,0,0,0,0,0,0,0,0,0,0,0,0,0,0,0,0,0,0,0,0,0,0,0,0,0,0,0,0,0,0,0,0,0,0,0,0,0,0,0,0,0,0,0,0,0,0,0,0,0,0,0,0,0,0,0,0,0,0,0,0,0,0,0,0,0,0,0,0,0,0,0,0,0,0,0,0,0,0,0,0,0,0,0,0,0,0,0,0,0,0,0,0,0,0,0,0,0,0,0,0,0,0,0,0,0,0,0,0,0,0,0,0,0,0,0,,,0.064859873,0.014558423,0.001221854,0.00338531,9.95833e-05,0.002098256,0.008522647,9.52886e-06,0.000698795,0.004287273,0.015089025,0.000200702,0.00019879,4.60285e-05,0.003358726,0.042912958,0.000335403,0.008112814,0.080194275,0.001567236,0.005875601,0.000266469,2.32474e-05,0.001147485,0.017802898,0.001080858,0.016216323,0.000664651,0.002489295,0.00179522,0.008642516,0.388654117,0.004064294,0.003560861,0.005825914,0.000166573,0.008134705,0.001066303,0.012389196,0.007681666,0.000481002,0.000611042,0.003595125,8.88168e-06,0.255998257
Copenhagen,Rensningsanlaeg Damhusaaen,Denmark,34,2019-09-28 00:00:00,1007279_1,41,223,96,7,8,104,13,0,0,123,3,13,322,258,874,12,90,657,9,191,9,13,84,14,64,715,46,6,22,55,182,31,54,12,301,206,176,38,397,9,0,179,212,25,0,164,15,33,164,0,41,28,16,24,76,81,1,879,8,525,77,45,124,5,7,490,28,137,158,64,64,102,141,0,21,4,54,0,293,105,10,24,0,848,0,0,57,26,0,24,212,411,97,0,1585,86,21,29,0,0,6,68,0,3,9,54,27,12,67,0,0,0,29,0,12,27,0,5,0,13,16,3,11,0,0,0,8,48,0,0,9,13,6,0,0,0,7,0,0,0,1,0,3,9,8,10,0,0,0,5,27,10,18,0,24,0,11,0,0,0,0,0,0,3,107,0,0,0,0,0,0,0,0,0,11,0,9,4,0,0,0,0,0,0,9,5,1,0,0,0,0,9,0,0,0,0,4,1,0,2,0,3,3,12,0,0,0,0,0,0,5,32,0,5,0,0,0,0,0,0,0,0,0,1,17,0,0,0,0,0,3,0,0,4,0,0,0,0,0,0,0,0,0,0,0,0,0,0,0,0,0,0,0,0,0,0,0,0,0,0,0,5,0,0,0,0,0,0,0,0,0,0,0,0,0,0,1,0,0,0,0,0,0,0,0,3,0,0,0,0,0,0,0,0,0,0,0,0,0,0,0,0,0,0,0,0,0,0,0,0,0,0,0,0,6,0,2,0,0,0,0,0,0,0,0,0,0,0,0,0,0,0,0,0,0,0,0,0,0,0,0,0,0,0,0,3,0,0,0,0,0,0,0,0,0,0,0,0,0,0,0,0,0,0,0,0,0,0,0,0,0,0,0,0,0,0,0,0,0,0,0,0,0,0,0,0,0,0,0,0,0,0,0,0,0,0,0,0,0,0,0,0,0,0,0,0,0,0,0,0,0,0,0,0,0,0,0,0,0,0,0,0,0,0,0,0,0,0,0,0,0,0,0,0,0,0,0,0,0,0,0,0,0,0,0,0,0,0,0,0,0,0,0,0,0,0,0,0,0,0,0,0,0,0,0,0,0,0,0,0,0,0,0,0,0,0,0,0,0,0,0,0,0,0,0,0,0,0,0,0,0,0,0,0,0,0,0,0,0,0,0,0,0,0,0,0,0,0,0,0,0,0,0,0,0,0,0,0,0,0,0,0,0,0,0,0,0,0,0,0,0,0,0,0,0,0,0,0,0,0,0,0,0,0,0,0,0,0,0,0,0,0,0,0,,,0.082165839,0.021707504,0.001137616,0.004115517,0.000515524,0.002677243,0.01842412,2.58769e-05,0.00086676,0.011968931,0.011635196,0.000448762,0.00055721,9.23484e-05,0.018023187,0.009133755,0.000568843,0.003415503,0.089516373,0.004860438,0.000622864,0.000204186,0.000301559,0.002406498,0.006132103,0.000832885,0.038976284,0.000811988,0.004282976,0.008542746,0.0048375,0.240285987,0.004645087,0.005806505,0.006208237,0.000269533,0.009980262,0.003526595,0.005542598,0.008424048,0.001025948,0.000196544,0.004839118,0.000108108,0.359333294
Copenhagen,Rensningsanlaeg Lynetten,Denmark,34,2019-09-28 00:00:00,1007275_2,18,160,59,0,8,165,16,0,0,116,0,14,436,140,840,0,79,1035,4,141,0,15,113,15,30,897,32,14,22,92,175,2,87,12,319,176,217,55,330,0,10,204,167,21,9,169,0,70,143,0,57,32,28,33,97,49,0,926,7,308,44,35,121,4,14,649,11,103,190,59,49,19,53,0,7,0,42,0,264,17,11,31,0,1289,0,0,77,45,0,35,233,376,105,0,1555,31,33,26,0,8,0,82,3,0,7,42,9,14,66,3,4,0,11,0,16,6,0,0,0,0,13,0,20,0,4,0,0,19,0,0,4,18,7,0,0,0,6,0,0,0,0,3,7,11,2,3,0,3,0,4,5,9,1,0,35,0,1,0,2,0,0,0,0,0,8,0,0,0,0,0,0,0,0,0,8,0,7,0,0,0,2,0,0,1,9,3,1,0,0,0,0,4,5,0,0,0,0,0,0,0,0,0,0,18,0,11,0,0,0,0,13,0,0,3,0,3,0,0,0,0,0,0,0,0,9,0,0,0,0,0,0,0,0,4,0,0,0,0,0,0,0,2,0,0,0,0,0,0,0,0,0,0,0,0,0,0,0,5,0,0,0,0,0,0,0,0,0,0,0,0,0,0,0,0,0,0,0,0,0,0,0,0,0,0,0,0,0,0,0,0,0,0,0,0,0,0,1,0,0,0,0,0,0,0,0,0,0,0,0,0,0,0,0,0,0,0,0,0,0,0,0,0,0,0,0,0,0,0,0,0,0,0,0,0,0,0,0,0,0,0,0,0,0,0,0,0,0,0,0,0,0,0,0,0,0,0,0,0,0,0,0,0,0,0,0,0,0,0,0,0,0,0,0,0,0,0,0,0,0,0,0,0,0,0,0,0,0,0,0,0,0,0,0,0,0,0,0,0,0,0,0,0,0,0,0,0,0,0,0,0,0,0,0,0,0,0,0,0,0,0,0,0,0,0,0,0,0,0,0,0,0,0,0,0,0,0,0,0,0,0,0,0,0,0,0,0,0,0,0,0,0,0,0,0,0,0,0,0,0,0,0,0,0,0,0,0,0,0,0,0,0,0,0,0,0,0,0,0,0,0,0,0,0,0,0,0,0,0,0,0,0,0,0,0,0,0,0,0,0,0,0,0,0,0,0,0,0,0,0,0,0,0,0,0,0,0,0,0,0,0,0,0,0,0,0,0,0,0,0,0,0,0,0,0,0,0,0,0,0,0,0,0,0,0,0,0,0,0,0,0,0,0,0,0,,,0.175204846,0.066874588,0.001222301,0.012928573,0.000207022,0.002245225,0.010719172,0.000113841,0.000688932,0.016488347,0.023365904,0.000116815,0.000206632,1.11423e-05,0.006101101,0.008005641,0.000419367,0.00240556,0.030349296,0.002618148,0.003370758,0.000209027,2.94648e-05,0.006904003,0.022057756,0.000465935,0.02937017,0.001607658,0.002030134,0.004617651,0.009204859,0.204246994,0.004289802,0.00390859,0.001773955,0.000337115,0.015656901,0.003232142,0.018458355,0.008183312,0.000268459,0.000656784,0.004502187,0.000403713,0.293921819
Copenhagen,Rensningsanlaeg Avedoere,Denmark,36,2019-10-13 00:00:00,1007174_2,26,176,58,0,12,165,11,0,0,106,0,10,471,146,1186,2,96,583,0,185,0,13,127,12,33,694,38,0,17,109,99,0,77,31,401,192,262,59,252,8,0,161,179,22,5,187,0,59,175,0,57,23,18,41,56,71,1,956,0,297,40,39,116,0,15,751,7,138,128,71,46,41,90,2,13,0,59,0,216,53,2,29,0,864,5,0,111,26,6,47,419,346,96,0,1586,36,24,40,0,6,0,43,0,0,7,20,0,6,71,0,0,0,5,0,11,13,0,2,0,1,15,2,11,0,0,0,0,14,0,0,19,4,13,4,0,0,3,0,6,0,1,0,0,4,3,3,0,0,0,3,3,12,1,0,9,0,5,0,0,3,0,5,0,0,21,3,0,0,0,0,2,0,0,1,9,0,0,3,0,0,0,0,0,0,0,0,2,0,4,0,3,0,5,0,0,0,0,1,0,0,0,3,3,10,0,0,0,0,0,0,13,0,0,5,0,7,0,0,0,0,0,0,0,0,0,0,0,0,0,2,0,0,0,2,0,0,0,0,0,0,0,0,0,0,0,0,0,0,0,0,0,0,0,1,0,0,0,0,0,3,0,0,0,0,0,0,0,0,0,0,0,0,0,0,0,0,1,0,0,0,0,0,0,0,0,0,0,0,0,0,0,0,0,0,0,0,0,0,0,0,1,0,0,0,0,0,0,0,0,0,0,0,0,0,0,0,0,0,0,0,0,0,0,0,0,0,0,0,0,0,0,0,0,0,1,1,0,0,0,0,0,0,0,0,0,0,0,0,0,0,0,0,0,0,0,0,0,0,0,0,0,0,0,0,0,0,0,0,0,0,0,0,0,0,0,0,0,0,0,0,0,0,0,0,0,0,0,0,0,0,0,0,0,0,0,0,0,0,0,0,0,0,0,0,0,0,0,0,0,0,0,0,0,0,0,0,0,0,0,0,0,0,0,0,0,0,0,0,0,0,0,0,0,0,0,0,0,0,0,0,0,0,0,0,0,0,0,0,0,0,0,0,0,0,0,0,0,0,0,0,0,0,0,0,0,0,0,0,0,0,0,0,0,0,0,0,0,0,0,0,0,0,0,0,0,0,0,0,0,0,0,0,0,0,0,0,0,0,0,0,0,0,0,0,0,0,0,0,0,0,0,0,0,0,0,0,0,0,0,0,0,0,0,0,0,0,0,0,0,0,0,0,0,0,0,0,0,0,0,0,0,0,0,0,0,0,0,0,0,0,0,0,0,0,,,0.245677826,0.055838728,0.022404974,0.024686634,0.000358471,0.010802102,0.014593359,1.34769e-05,0.002302886,0.009405909,0.029690205,5.14997e-05,0.000575854,0.000451767,0.016162668,0.015416754,0.000895364,0.019926413,0.001890707,0.004407176,0.024106703,0.000486517,4.55035e-05,0.002919502,0.015909708,0.00034152,0.013101888,0.001097895,0.00635577,0.012428706,0.008167464,0.027410679,0.00327514,0.004308008,0.008546372,0.000495824,0.008406773,0.001568063,0.024132454,0.006051565,0.001347949,0.003495644,0.011095971,0.0002625,0.339089111
Copenhagen,Rensningsanlaeg Damhusaaen,Denmark,36,2019-10-13 00:00:00,1007175_2,46,164,38,0,9,196,22,0,0,52,0,19,285,83,471,0,85,958,3,160,5,13,88,14,10,744,32,9,41,87,109,0,78,7,336,130,120,51,214,22,0,212,113,11,9,102,7,115,124,0,64,11,17,15,58,109,4,1010,0,229,33,38,87,5,33,678,4,69,109,45,47,48,49,0,0,3,62,0,276,76,4,27,0,1239,0,0,88,8,5,18,191,436,100,4,1786,12,12,59,0,14,4,48,0,0,4,16,9,23,42,0,6,3,11,0,16,30,0,0,4,8,15,0,8,0,0,0,0,0,0,0,0,13,10,0,0,0,3,3,0,0,0,5,0,6,0,0,0,5,0,4,9,7,5,0,15,0,1,0,0,0,0,6,0,2,14,3,0,0,0,0,3,0,0,0,5,0,3,0,0,0,0,0,0,0,0,1,3,0,1,0,0,0,3,0,0,0,0,0,0,0,0,0,0,0,0,0,0,0,0,0,3,0,0,3,0,2,4,9,0,0,0,0,0,0,0,4,0,0,0,0,0,0,0,0,0,0,0,0,0,0,0,0,0,0,0,0,0,0,0,0,0,0,0,0,0,0,0,0,0,0,0,4,0,0,0,0,0,0,0,0,0,0,0,0,0,0,0,0,0,0,0,3,3,3,0,0,0,0,0,0,0,0,0,0,0,0,0,0,0,0,0,0,0,0,0,0,0,0,0,0,0,0,0,0,0,0,0,0,0,0,0,0,0,0,0,0,0,0,0,0,0,0,0,0,0,0,0,0,0,0,0,0,0,0,0,0,0,0,0,0,0,0,0,0,0,0,0,0,0,0,0,0,0,0,0,0,0,0,0,0,0,0,0,0,0,0,0,0,0,0,0,0,0,0,0,0,0,0,0,0,0,0,0,0,0,0,0,0,0,0,0,0,0,0,0,0,0,0,0,0,0,0,0,0,0,0,0,0,0,0,0,0,0,0,0,0,0,0,0,0,0,0,0,0,0,0,0,0,0,0,0,0,0,0,0,0,0,0,0,0,0,0,0,0,0,0,0,0,0,0,0,0,0,0,0,0,0,0,0,0,0,0,0,0,0,0,0,0,0,0,0,0,0,0,0,0,0,0,0,0,0,0,0,0,0,0,0,0,0,0,0,0,0,0,0,0,0,0,0,0,0,0,0,0,0,0,0,0,0,0,0,0,0,0,0,0,0,0,0,0,0,0,0,0,0,0,0,0,0,0,0,0,0,0,0,0,0,0,0,0,0,0,0,0,,,0.237297943,0.064017947,0.006266479,0.003881071,0.000620423,0.004353029,0.008302938,1.77154e-05,0.001780491,0.006135974,0.011335006,0.000245137,0.000261707,0.000121224,0.018713706,0.016182351,0.00087214,0.001063209,0.014141693,0.00803703,0.002935825,0.000191556,4.83029e-05,0.008883442,0.005416649,0.000682433,0.026797771,0.001338224,0.00699159,0.01785883,0.003738987,0.16427239,0.004724385,0.006459475,0.004746861,0.000235151,0.003568689,0.002081697,0.026266336,0.007613157,0.000859007,0.000536519,0.006807384,4.80499e-05,0.293250075
Copenhagen,Rensningsanlaeg Lynetten,Denmark,36,2019-10-13 00:00:00,1007173_1,49,312,82,8,12,125,15,0,0,135,12,10,671,177,1002,139,98,672,5,83,6,9,110,12,98,544,28,8,48,99,244,22,75,8,533,335,238,95,437,0,41,181,206,22,9,174,127,90,250,0,49,15,16,54,69,94,2,1118,4,526,38,39,144,0,5,584,40,156,93,108,76,23,139,0,36,0,31,0,115,58,24,27,0,761,0,0,90,17,5,24,357,391,173,0,1865,100,46,16,13,5,3,56,5,11,5,27,16,14,96,0,0,0,8,4,15,21,0,7,14,6,0,0,16,0,0,0,3,21,0,0,12,7,6,0,0,4,63,0,7,0,5,8,0,7,1,7,0,0,1,11,33,10,20,0,88,0,12,0,0,0,0,7,0,0,0,0,18,2,0,0,1,0,0,0,23,115,5,0,0,0,5,0,0,3,25,0,3,0,1,0,0,7,0,0,0,22,0,0,0,0,0,0,10,36,0,4,0,0,0,0,1,0,6,7,0,0,5,5,0,0,0,0,0,0,9,19,0,0,0,0,4,0,14,0,0,3,0,0,0,0,0,2,0,0,0,0,0,0,3,0,3,0,0,0,0,0,0,0,0,0,0,0,0,0,0,0,4,0,0,0,0,0,0,0,0,0,0,0,0,0,0,0,0,0,0,0,0,0,0,0,0,0,0,0,0,0,0,0,0,0,0,0,0,0,0,1,0,0,0,0,0,0,0,0,0,0,0,0,0,0,0,0,0,0,0,0,0,0,0,0,0,0,0,0,0,0,0,0,0,0,0,0,0,0,0,1,0,0,0,0,0,0,0,0,0,0,0,0,0,0,0,0,0,0,0,0,0,0,0,0,0,0,0,0,0,0,0,0,0,0,0,0,0,0,0,0,0,0,0,0,0,0,0,0,0,0,0,0,0,0,0,0,0,0,0,0,0,0,0,0,0,0,0,0,0,0,0,0,0,0,0,0,0,0,0,0,0,0,0,0,0,0,0,0,0,0,0,0,0,0,0,0,0,0,0,0,0,0,0,0,0,0,0,0,0,0,0,0,0,0,0,0,0,0,0,0,0,0,0,0,0,0,0,0,0,0,0,0,0,0,0,0,0,0,0,0,0,0,0,0,0,0,0,0,0,0,0,0,0,0,0,0,0,0,0,0,0,0,0,0,0,0,0,0,0,0,0,0,0,0,0,0,0,0,0,0,0,0,0,0,0,0,0,0,0,0,0,0,0,0,0,0,0,0,0,0,0,0,0,0,0,0,0,0,,,0.161551557,0.084949526,0.001701535,0.005050446,0.000220299,0.002548055,0.005546441,0.000115855,0.001949474,0.008694385,0.022433496,7.98147e-05,0.000204712,8.30605e-06,0.014776187,0.009649249,0.000482781,0.001707505,0.165277692,0.011465976,0.001542379,0.000158,4.49498e-05,0.003187265,0.009297527,0.000449477,0.013367818,0.001611537,0.001364634,0.003335428,0.005293433,0.15588736,0.004369456,0.004067666,0.030865963,0.000210918,0.00760123,0.005770882,0.012242082,0.007029416,0.000249343,0.000279453,0.015377115,1.1051e-05,0.217972323
Copenhagen,Rensningsanlaeg Damhusaaen,Denmark,39,2019-11-02 00:00:00,1007177_2,53,288,87,5,30,256,29,3,0,117,0,11,879,124,1112,3,158,1050,6,315,7,38,99,16,57,1052,114,13,39,116,208,4,92,22,487,324,252,117,469,24,8,241,237,32,21,230,0,222,156,0,54,25,32,39,107,170,2,1411,22,425,49,69,142,2,36,857,26,152,263,105,62,194,113,0,31,8,237,0,516,158,20,52,0,1317,22,0,84,40,3,31,338,554,208,4,2539,76,37,57,0,17,3,64,0,6,17,76,21,16,78,0,8,0,23,4,17,58,0,4,66,7,31,8,19,0,0,0,0,25,0,0,5,19,18,0,6,0,27,0,2,0,0,3,2,6,2,8,0,9,0,6,9,10,11,0,14,0,13,0,0,0,0,0,2,0,48,0,4,1,1,0,2,0,0,2,13,0,19,2,0,0,4,0,0,0,6,7,0,0,0,0,9,4,0,0,0,0,2,1,4,0,0,0,1,8,0,0,0,0,0,0,12,0,0,5,0,4,15,7,0,0,0,0,18,0,16,1,0,0,0,8,7,2,0,4,0,0,0,0,0,0,0,0,0,0,0,0,0,0,0,0,0,0,0,0,0,0,0,0,0,0,1,0,0,0,0,3,0,0,5,0,1,0,2,0,0,0,3,0,0,0,0,0,0,0,0,0,0,0,0,0,2,4,3,2,1,1,7,2,0,0,0,0,0,0,0,0,0,0,0,0,0,0,0,0,0,0,0,0,0,0,0,0,0,0,0,0,0,0,0,0,0,0,0,0,0,0,0,0,0,0,0,0,0,0,0,0,0,0,0,0,0,0,0,0,0,0,0,0,0,0,0,0,0,0,0,0,0,0,0,0,0,0,0,0,0,0,0,0,0,0,0,0,0,0,0,0,0,0,0,0,0,0,0,0,0,0,0,0,0,0,0,0,0,0,0,0,0,0,0,0,0,0,0,0,0,0,0,0,0,0,0,0,0,0,0,0,0,0,0,0,0,0,0,0,0,0,0,0,0,0,0,0,0,0,0,0,0,0,0,0,0,0,0,0,0,0,0,0,0,0,0,0,0,0,0,0,0,0,0,0,0,0,0,0,0,0,0,0,0,0,0,0,0,0,0,0,0,0,0,0,0,0,0,0,0,0,0,0,0,0,0,0,0,0,0,0,0,0,0,0,0,0,0,0,0,0,0,0,0,0,0,0,0,0,0,0,0,0,0,0,0,0,0,0,0,0,0,0,0,0,0,0,0,0,0,0,0,0,0,0,0,0,0,0,,,0.153059138,0.022691301,0.012925721,0.012495642,0.000538498,0.002607509,0.015686445,2.12298e-05,0.00054169,0.020024115,0.156569754,0.00019969,0.000227834,0.00111203,0.01192066,0.018076759,0.000792859,0.006476113,0.001886265,0.004639444,0.026699422,0.00018466,0.000467703,0.004904352,0.016575783,0.000629333,0.056958241,0.001301769,0.003508745,0.004667303,0.020231094,0.010401245,0.004934019,0.006390226,0.001274208,0.002522137,0.017473418,0.000478571,0.01855805,0.009357215,0.000423339,0.000714243,0.023865741,0.000856062,0.324130425
Copenhagen,Rensningsanlaeg Lynetten,Denmark,39,2019-11-02 00:00:00,1007176_2,57,201,56,11,62,80,11,0,0,59,23,0,183,156,704,120,60,489,3,92,0,10,87,28,15,468,26,0,28,51,140,0,33,11,446,214,156,27,298,4,31,112,136,22,14,133,128,31,106,14,23,23,9,34,69,89,1,744,4,263,71,27,88,7,13,382,4,107,139,55,44,11,45,0,5,0,36,0,145,18,9,24,0,666,41,0,44,16,3,27,207,318,61,0,1442,11,23,13,66,0,0,55,6,0,8,71,5,10,59,0,0,0,5,0,15,5,0,0,0,8,18,3,13,0,0,0,0,14,0,0,8,6,14,0,0,0,7,0,0,0,1,6,8,17,0,0,0,0,0,11,0,4,0,0,8,0,0,0,0,0,0,0,0,0,0,0,0,0,0,0,0,0,0,0,13,0,0,0,0,0,0,0,3,0,0,0,0,0,0,0,5,0,0,0,0,0,0,0,0,0,0,0,0,4,0,0,0,0,0,0,9,0,0,5,0,0,0,0,0,0,0,0,0,0,15,0,0,0,0,0,0,0,0,3,0,0,0,0,0,0,0,2,0,0,0,0,0,0,0,0,0,0,1,0,0,0,0,0,0,1,0,0,0,0,0,0,0,0,0,0,0,0,0,0,0,0,0,0,0,0,0,0,0,0,0,0,0,0,0,0,0,0,0,0,0,0,0,0,0,0,0,0,0,0,0,0,0,0,0,0,0,0,0,0,0,0,0,0,0,0,0,0,0,0,0,0,0,0,0,0,0,0,0,0,0,0,0,0,0,0,0,0,0,0,0,0,0,0,0,0,0,0,0,0,0,0,0,0,0,0,0,0,0,0,0,0,0,0,0,0,0,0,0,0,0,0,0,0,0,3,0,0,0,0,0,0,0,0,0,0,0,0,0,0,0,0,0,0,0,0,0,0,0,0,0,0,0,0,0,0,0,0,0,0,0,0,0,0,0,0,0,0,0,0,0,0,0,0,0,0,0,0,0,0,0,0,0,0,0,0,0,0,0,0,0,0,0,0,0,0,0,0,0,0,0,0,0,0,0,0,0,0,0,0,0,0,0,0,0,0,0,0,0,0,0,0,0,0,0,0,0,0,0,0,0,0,0,0,0,0,0,0,0,0,0,0,0,0,0,0,0,0,0,0,0,0,0,0,0,0,0,0,0,0,0,0,0,0,0,0,0,0,0,0,0,0,0,0,0,0,0,0,0,0,0,0,0,0,0,0,0,0,0,0,0,0,0,0,0,0,0,0,0,0,,,0.185072155,0.027442501,0.012194475,0.012701463,0.000284448,0.01050708,0.019818861,1.92605e-05,0.000720015,0.015633141,0.044272447,3.67115e-05,0.000453205,7.88816e-06,0.007741227,0.014398979,0.000869431,0.010394458,0.001446144,0.004435287,0.011527434,0.000206004,1.99471e-05,0.007873223,0.020282247,0.001159428,0.026057729,0.001430311,0.005470606,0.006646683,0.009849222,0.007196489,0.003798229,0.005948644,0.00556376,0.000378839,0.080564025,0.000437969,0.015096985,0.00894853,0.000280892,0.004613218,0.015243268,5.04477e-06,0.392952098
Copenhagen,Rensningsanlaeg Avedoere,Denmark,40,2019-11-11 00:00:00,1007178_1,11,145,37,0,12,154,9,0,0,75,5,0,229,80,926,6,84,614,0,219,0,10,80,12,12,650,37,12,7,90,89,0,65,10,244,174,153,20,220,7,0,134,128,11,6,128,10,39,96,0,53,23,25,25,55,60,2,747,7,183,31,24,80,3,21,590,7,86,142,41,33,50,70,0,3,0,61,0,369,54,6,11,0,864,0,0,50,15,0,28,190,221,59,1,1202,14,30,71,0,8,0,37,0,0,8,27,7,16,43,0,0,0,6,0,9,23,0,0,5,8,9,0,7,0,0,0,0,12,0,0,5,4,6,0,0,0,0,0,0,0,1,0,0,11,2,0,0,3,0,0,0,5,0,0,3,0,1,0,0,0,0,2,0,0,22,0,0,0,0,0,0,0,0,0,2,0,5,0,0,0,2,0,0,0,0,0,1,0,1,0,0,0,0,0,0,0,0,2,0,0,0,0,0,0,0,0,0,0,0,0,4,0,0,7,0,8,0,0,0,0,0,0,0,0,0,0,0,0,0,0,0,0,0,0,0,4,0,0,0,0,0,0,0,0,0,0,0,0,0,0,0,0,0,0,0,0,0,0,0,3,0,0,0,0,0,0,0,0,0,0,0,0,0,0,0,0,2,0,0,0,0,0,0,0,0,0,0,0,0,1,0,0,0,0,0,0,0,0,0,0,1,0,2,0,0,0,0,0,0,0,0,0,0,0,0,0,0,0,0,0,0,0,0,0,0,0,0,0,0,0,0,0,0,0,0,0,0,0,0,0,0,0,0,0,0,0,0,0,0,0,0,0,0,0,0,0,0,0,0,0,0,0,0,0,0,0,0,0,0,0,0,0,0,0,0,0,0,0,0,0,0,0,0,0,0,0,0,0,0,0,0,0,0,0,0,0,0,0,0,0,0,0,0,0,0,0,0,0,0,0,0,0,0,0,0,0,0,0,0,0,0,0,0,0,0,0,0,0,0,0,0,0,0,0,0,0,0,0,0,0,0,0,0,0,0,0,0,0,0,0,0,0,0,0,0,0,0,0,0,0,0,0,0,0,0,0,0,0,0,0,0,0,0,0,0,0,0,0,0,0,0,0,0,0,0,0,0,0,0,0,0,0,0,0,0,0,0,0,0,0,0,0,0,0,0,0,0,0,0,0,0,0,0,0,0,0,0,0,0,0,0,0,0,0,0,0,0,0,0,0,0,0,0,0,0,0,0,0,0,0,0,0,0,0,0,0,0,0,0,0,0,0,0,0,,,0.20213114,0.030824447,0.009830449,0.013671103,0.000178305,0.002218065,0.037801879,1.74975e-05,0.002006292,0.016203528,0.028781334,5.28005e-05,0.000444111,0.000118061,0.017220292,0.016960251,0.000553884,0.014243351,0.000937744,0.004714502,0.018646873,0.000292892,5.43868e-05,0.009975653,0.028487356,0.000406357,0.037926198,0.002302333,0.002208566,0.005052006,0.010659795,0.020230187,0.004913394,0.011697569,0.013136149,0.000228033,0.023918269,0.000655261,0.033909355,0.005417952,0.001593067,0.001472141,0.025015401,8.14931e-05,0.34281028
Copenhagen,Rensningsanlaeg Damhusaaen,Denmark,40,2019-11-11 00:00:00,1007179_2,27,217,44,5,42,251,18,0,0,149,0,21,209,140,2085,0,102,1527,0,199,7,22,68,36,28,978,42,28,48,209,356,0,127,22,293,242,136,33,580,7,657,304,226,36,8,223,0,70,71,0,61,31,15,65,147,26,1,910,7,381,66,33,126,7,10,1271,9,221,206,22,61,107,187,0,7,3,41,0,347,108,9,28,0,1271,0,0,83,60,0,69,310,252,53,1,1647,30,65,30,0,18,4,214,7,0,4,230,6,21,114,4,3,0,24,0,24,45,0,3,2,15,22,0,15,0,0,0,0,19,0,0,11,11,14,0,4,0,8,0,0,0,0,4,6,51,0,5,0,3,0,0,1,26,0,0,10,3,2,0,0,0,0,4,0,0,0,2,0,0,0,0,1,0,3,0,2,0,6,0,2,0,9,0,0,3,6,2,0,2,0,3,0,8,0,0,0,0,3,6,0,0,0,0,18,5,0,4,0,6,4,0,5,0,0,7,4,0,4,0,0,0,0,0,0,0,10,2,1,0,2,0,3,0,0,2,0,5,0,0,0,0,0,0,0,0,4,0,0,0,0,0,0,0,0,3,0,2,0,0,0,2,0,0,0,0,0,0,0,0,0,0,0,0,0,0,0,0,7,0,0,0,0,0,0,0,0,5,0,2,0,0,0,0,0,0,0,0,0,0,0,0,0,0,0,1,0,0,0,2,0,0,0,0,0,0,0,0,0,0,0,0,0,0,0,0,1,0,0,0,0,0,0,0,0,0,0,0,0,0,0,0,0,0,0,0,0,0,0,0,0,0,0,0,2,0,0,0,0,0,0,0,0,0,0,0,0,0,0,0,0,0,0,0,0,0,0,0,0,0,0,0,0,0,0,0,0,0,0,0,0,0,0,0,0,0,0,0,0,0,0,0,0,0,0,0,0,0,0,0,0,0,0,0,0,0,0,0,0,0,0,0,0,0,0,0,0,0,0,0,0,0,0,0,0,0,0,0,0,0,0,0,0,0,0,0,0,0,0,0,0,0,0,0,0,0,0,0,0,0,0,0,0,0,0,0,0,0,0,0,0,0,0,0,0,0,0,0,0,0,0,0,0,0,0,0,0,0,0,0,0,0,0,0,0,0,0,0,0,0,0,0,0,0,0,0,0,0,0,0,0,0,0,0,0,0,0,0,0,0,0,0,0,0,0,0,0,0,0,0,0,0,0,0,0,0,0,0,0,0,0,0,0,0,0,0,0,0,0,0,0,0,0,0,0,0,,,0.146431784,0.042855949,0.005617278,0.008362808,0.000558872,0.002766703,0.011428225,0.000339175,0.000796573,0.009085199,0.013827155,0.000431904,0.001636729,0.006679768,0.007962579,0.012653038,0.000509681,0.005886165,0.00135171,0.003382645,0.019687886,0.000220169,0.014121034,0.005367779,0.02338447,0.000816559,0.038911787,0.003360791,0.007639159,0.00390469,0.007464021,0.008220183,0.007196304,0.009162188,0.002332971,0.000738736,0.029332,0.000508168,0.014455224,0.009932487,0.001612861,0.00080216,0.049223434,0.00239055,0.456650449
Copenhagen,Rensningsanlaeg Avedoere,Denmark,41,2019-11-17 00:00:00,1007181_2,30,145,50,5,16,130,22,0,0,94,0,14,748,162,470,7,78,271,8,48,3,8,71,25,31,438,34,6,25,49,79,2,59,0,471,179,154,100,247,4,0,101,172,10,0,98,0,167,74,0,26,8,12,29,47,56,6,746,4,304,39,39,84,0,0,524,8,95,50,58,50,64,66,0,6,0,30,0,118,42,27,20,0,600,0,0,54,11,0,14,156,452,141,0,1496,35,16,28,0,12,0,26,0,5,6,26,47,10,41,0,6,0,8,0,11,18,0,12,10,9,6,0,15,0,6,0,0,26,0,0,0,16,14,0,8,2,6,2,2,0,0,4,0,3,1,0,0,2,0,3,4,7,7,0,65,0,2,0,0,0,0,0,0,0,34,0,3,2,0,0,0,0,0,0,3,0,2,0,0,0,0,0,0,0,8,3,1,0,0,0,0,6,0,0,0,4,0,0,3,0,0,0,0,54,0,0,1,0,0,0,5,0,9,0,0,0,0,8,0,0,0,0,0,0,13,1,0,0,0,0,0,0,0,0,0,0,0,0,0,0,0,0,0,0,0,0,0,0,4,0,0,0,0,0,0,0,0,0,0,0,0,0,0,0,0,0,0,0,0,0,0,0,0,0,0,0,0,0,0,0,0,0,0,0,0,0,0,0,0,1,0,0,0,0,0,0,0,0,0,0,0,0,0,0,0,0,0,0,0,0,0,0,0,0,0,0,0,0,0,0,0,0,0,5,0,0,0,0,0,0,0,0,0,0,0,0,0,0,0,0,0,0,0,0,0,0,0,0,0,0,0,0,0,0,0,0,0,0,0,0,0,0,0,0,0,0,0,0,0,0,0,0,0,0,0,0,0,0,0,0,0,0,0,0,0,0,0,0,0,0,0,0,0,0,0,0,0,0,0,0,0,0,0,0,0,0,0,0,0,0,0,0,0,0,0,0,0,0,0,0,0,0,0,0,0,0,0,0,0,0,0,0,0,0,0,0,0,0,0,0,0,0,0,0,0,0,0,0,0,0,0,0,0,0,0,0,0,0,0,0,0,0,0,0,0,0,0,0,0,0,0,0,0,0,0,0,0,0,0,0,0,0,0,0,0,0,0,0,0,0,0,0,0,0,0,0,0,0,0,0,0,0,0,0,0,0,0,0,0,0,0,0,0,0,0,0,0,0,0,0,0,0,0,0,0,0,0,0,0,0,0,0,0,0,0,0,0,0,0,0,0,0,0,0,0,0,0,0,0,0,0,0,0,0,,,0.180514128,0.022065461,0.006522317,0.031490224,0.000435494,0.004313473,0.011717018,2.65977e-05,0.00124566,0.026587649,0.051199247,3.91659e-05,0.000310208,1.81828e-05,0.010206172,0.015022354,0.000844453,0.019040889,0.000674022,0.004194772,0.039577306,0.000285224,6.99811e-05,0.004071514,0.019951133,0.000418293,0.021600763,0.001710048,0.004674712,0.012428234,0.013317017,0.01578103,0.004579521,0.004935354,0.006470039,0.00021302,0.019269358,0.000744493,0.028062466,0.006395863,0.001447968,0.001487863,0.025371041,2.72102e-05,0.380643061
Copenhagen,Rensningsanlaeg Damhusaaen,Denmark,41,2019-11-17 00:00:00,1007182_2,4,22,5,2,2,12,3,0,0,10,0,0,22,5,88,0,17,112,0,39,0,0,7,0,7,124,5,1,4,7,15,4,6,0,29,23,29,0,37,3,0,22,24,0,0,22,1,6,10,0,6,3,5,2,5,7,0,120,0,34,5,12,14,0,4,72,0,9,17,9,12,5,16,0,0,0,22,0,85,4,1,4,0,165,0,0,0,6,0,6,42,38,5,0,226,3,3,10,0,3,0,4,0,0,0,6,0,2,4,0,0,0,0,0,2,3,0,0,5,0,3,0,0,0,0,0,0,2,0,0,0,0,0,2,1,1,1,1,1,3,2,1,2,1,1,1,1,1,2,2,1,3,1,2,0,0,0,0,0,0,0,0,0,0,0,0,0,0,0,0,0,0,0,0,0,0,0,0,0,0,0,0,0,0,0,0,0,0,0,0,0,0,0,0,0,0,0,0,0,0,0,0,0,0,0,0,0,0,0,0,0,0,0,0,0,0,0,0,0,0,0,0,0,0,0,0,0,0,0,0,0,0,0,0,0,0,0,0,0,0,0,0,0,0,0,0,0,0,0,0,0,0,0,0,0,0,0,0,0,0,0,0,0,0,0,0,0,0,0,0,0,0,0,0,0,0,0,0,0,0,0,0,0,0,0,0,0,0,0,0,0,0,0,0,0,0,0,0,0,0,0,0,0,0,0,0,0,0,0,0,0,0,0,0,0,0,0,0,0,0,0,0,0,0,0,0,0,0,0,0,0,0,0,0,0,0,0,0,0,0,0,0,0,0,0,0,0,0,0,0,0,0,0,0,0,0,0,0,0,0,0,0,0,0,0,0,0,0,0,0,0,0,0,0,0,0,0,0,0,0,0,0,0,0,0,0,0,0,0,0,0,0,0,0,0,0,0,0,0,0,0,0,0,0,0,0,0,0,0,0,0,0,0,0,0,0,0,0,0,0,0,0,0,0,0,0,0,0,0,0,0,0,0,0,0,0,0,0,0,0,0,0,0,0,0,0,0,0,0,0,0,0,0,0,0,0,0,0,0,0,0,0,0,0,0,0,0,0,0,0,0,0,0,0,0,0,0,0,0,0,0,0,0,0,0,0,0,0,0,0,0,0,0,0,0,0,0,0,0,0,0,0,0,0,0,0,0,0,0,0,0,0,0,0,0,0,0,0,0,0,0,0,0,0,0,0,0,0,0,0,0,0,0,0,0,0,0,0,0,0,0,0,0,0,0,0,0,0,0,0,0,0,0,0,,,0.305932724,0.037671937,0.004615857,0.007450854,0.001101563,0.002672304,0.012226081,0.000108329,0.001855523,0.009148901,0.014214048,0.000584797,0.000137816,0.005263265,0.017216652,0.017018429,0.001300427,0.024816939,0.001031071,0.00431335,0.009161897,0.000393867,0.002807882,0.004085466,0.010756804,0.000559596,0.029602317,0.00121372,0.002419996,0.007709518,0.009574611,0.00725224,0.005364155,0.005177188,0.00255782,0.001005477,0.013532497,0.000470131,0.02015576,0.007218996,0.001533864,0.00053219,0.032461333,0.002346335,0.353425473
Copenhagen,Rensningsanlaeg Lynetten,Denmark,41,2019-11-17 00:00:00,1007180_2,3,35,13,0,6,29,4,0,0,30,3,4,122,45,175,0,23,161,0,39,0,5,19,3,3,196,18,2,2,17,37,2,18,5,55,49,35,8,78,3,0,52,29,2,0,54,0,34,44,0,10,9,5,8,14,25,0,145,2,82,13,13,42,0,5,129,4,18,45,15,12,13,14,2,0,0,7,0,79,13,0,0,0,269,0,0,22,10,0,5,71,76,27,0,256,6,9,7,0,4,0,11,0,0,3,15,8,6,15,0,1,0,5,0,0,5,0,2,0,0,0,0,7,0,0,0,0,7,0,0,0,8,2,0,1,0,4,2,0,0,0,1,0,0,0,6,0,1,0,5,1,0,0,0,4,0,0,0,0,0,0,0,0,0,5,0,0,0,0,0,0,0,0,0,0,0,2,1,0,0,0,0,0,0,0,0,0,0,0,0,0,2,0,0,0,0,0,1,0,0,0,0,0,6,0,3,0,0,0,0,0,0,0,1,0,0,0,0,0,0,0,0,0,0,0,1,0,0,0,0,1,0,0,0,0,0,0,0,0,0,0,0,0,0,0,0,0,0,0,0,0,0,0,0,0,0,0,0,0,0,0,2,0,0,0,0,0,0,0,0,0,0,0,0,0,0,0,0,0,0,0,0,0,0,0,0,0,0,0,0,0,0,1,0,0,0,0,0,0,0,0,0,0,0,0,0,0,2,0,0,0,0,0,0,0,0,0,0,0,0,0,0,0,0,0,0,0,0,0,0,0,0,0,0,0,0,0,0,0,0,0,0,0,0,0,0,0,0,1,1,0,0,0,0,0,0,0,0,0,0,0,0,0,0,0,0,0,0,0,0,0,0,0,0,0,0,0,0,0,0,0,0,0,0,0,0,0,0,0,0,0,0,0,0,0,0,0,0,0,0,0,0,0,0,0,0,0,0,0,0,0,0,0,0,0,0,0,0,0,0,0,0,0,0,0,0,0,0,0,0,0,0,0,0,0,0,0,0,0,0,0,0,0,0,0,0,0,0,0,0,0,0,0,0,0,0,0,0,0,0,0,0,0,0,0,0,0,0,0,0,0,0,0,0,0,0,0,0,0,0,0,0,0,0,0,0,0,0,0,0,0,0,0,0,0,0,0,0,0,0,0,0,0,0,0,0,0,0,0,0,0,0,0,0,0,0,0,0,0,0,0,0,0,0,0,0,0,0,0,0,0,0,0,0,0,0,0,0,0,0,0,0,0,0,0,0,0,0,0,0,0,0,0,0,,,0.300754998,0.034662277,0.002566647,0.017449277,0.000289981,0.004849352,0.012007459,3.46437e-05,0.00106025,0.012382508,0.023926674,3.9405e-05,0.000346091,7.32965e-06,0.010542294,0.017774344,0.000889487,0.010447719,0.001075786,0.004990596,0.013425421,0.000240126,0.00010122,0.005670449,0.013934003,0.000819154,0.037229718,0.002223529,0.003132265,0.002857875,0.009024931,0.012301752,0.004801509,0.007180888,0.003212223,0.000751436,0.009540085,0.000564994,0.017404645,0.009362259,0.000377022,0.000459569,0.015878311,4.19479e-06,0.373405304
Copenhagen,Rensningsanlaeg Avedoere,Denmark,42,2019-11-24 00:00:00,1007184_2,0,0,0,0,0,0,0,0,0,0,0,0,2,0,0,1,0,0,0,0,0,0,0,0,0,1,0,0,0,0,0,0,0,0,2,0,1,0,0,0,0,0,0,0,0,0,0,0,1,0,0,0,0,0,0,0,0,3,0,0,0,0,0,0,0,1,0,0,2,0,0,0,0,0,0,0,0,0,0,2,0,0,0,3,0,0,0,0,0,0,0,1,2,0,1,0,0,0,1,0,0,0,0,0,0,0,0,0,0,0,0,0,0,0,0,0,0,0,0,0,0,0,0,0,0,0,0,0,0,0,0,0,0,0,0,0,0,0,0,0,0,0,0,0,0,0,0,0,0,0,1,0,0,0,0,0,0,0,0,0,0,0,0,0,0,0,0,0,0,0,0,0,0,0,0,0,0,0,0,0,0,0,0,0,0,0,0,0,0,0,0,0,0,0,0,0,0,0,0,0,0,0,0,0,0,0,0,0,0,0,0,0,0,0,0,0,0,0,0,0,0,0,0,0,0,0,0,0,0,0,0,0,0,0,0,0,0,0,0,0,0,0,0,0,0,0,0,0,0,0,0,0,0,0,0,0,0,0,0,0,0,0,0,0,0,0,0,0,0,0,0,0,0,0,0,0,0,0,0,0,0,0,0,0,0,0,0,0,0,0,0,0,0,0,0,0,0,0,0,0,0,0,0,0,0,0,0,0,0,0,0,0,0,0,0,0,0,0,0,0,0,0,0,0,0,0,0,0,0,0,0,0,0,0,0,0,0,0,0,0,0,0,0,0,0,0,0,0,0,0,0,0,0,0,0,0,0,0,0,0,0,0,0,0,0,0,0,0,0,0,0,0,0,0,0,0,0,0,0,0,0,0,0,0,0,0,0,0,0,0,0,0,0,0,0,0,0,0,0,0,0,0,0,0,0,0,0,0,0,0,0,0,0,0,0,0,0,0,0,0,0,0,0,0,0,0,0,0,0,0,0,0,0,0,0,0,0,0,0,0,0,0,0,0,0,0,0,0,0,0,0,0,0,0,0,0,0,0,0,0,0,0,0,0,0,0,0,0,0,0,0,0,0,0,0,0,0,0,0,0,0,0,0,0,0,0,0,0,0,0,0,0,0,0,0,0,0,0,0,0,0,0,0,0,0,0,0,0,0,0,0,0,0,0,0,0,0,0,0,0,0,0,0,0,0,0,0,0,0,0,0,0,0,0,0,0,0,0,0,0,0,0,0,0,0,0,0,0,0,0,0,0,0,0,,,0.184600161,0.053642128,0.005120353,0.017078973,0.000464774,0.00579542,0.010391072,1.29476e-05,0.001128364,0.011991895,0.028205451,7.91314e-05,0.000547609,7.82565e-05,0.008688149,0.019381537,0.001525168,0.024903711,0.012485229,0.004875312,0.030011427,0.00020474,0.000145751,0.004087557,0.024093297,0.000377563,0.023113274,0.001885889,0.001794254,0.00523744,0.015621021,0.048968431,0.004887775,0.005568686,0.035315093,0.000317038,0.014634594,0.000905781,0.021495336,0.006048933,0.00126366,0.000930547,0.029353774,0.000155093,0.332587404
Copenhagen,Rensningsanlaeg Damhusaaen,Denmark,42,2019-11-24 00:00:00,1007185_2,48,208,56,0,11,221,26,0,0,76,0,23,1565,144,607,0,87,610,13,60,10,15,91,21,111,608,36,0,23,37,131,36,112,5,648,255,191,209,283,5,44,172,190,12,8,153,0,356,149,0,60,18,30,29,114,54,0,1523,0,371,52,33,105,4,14,852,25,144,198,146,62,25,111,4,33,10,52,3,152,47,11,56,0,616,0,0,123,22,4,28,186,629,328,0,2681,114,37,14,0,14,0,80,2,3,7,72,15,27,49,0,3,0,2,0,10,12,0,9,3,4,9,0,24,0,6,0,4,16,0,0,11,11,15,0,0,0,14,0,0,0,1,0,0,17,0,11,3,3,0,0,23,8,3,0,82,0,3,0,0,0,0,4,4,0,25,3,1,3,0,0,0,0,0,0,19,0,0,5,0,0,0,0,0,2,23,0,0,0,4,0,3,0,4,0,0,0,0,0,0,0,0,2,0,18,0,0,5,0,1,0,13,0,9,0,0,2,3,0,0,0,0,9,1,0,12,4,0,0,0,0,0,0,0,5,0,0,0,0,0,0,0,0,0,0,0,0,0,0,0,0,0,0,0,1,0,0,0,3,0,0,0,3,0,0,0,0,0,0,0,0,0,0,1,0,0,0,4,0,0,1,0,2,0,0,0,0,0,0,0,0,0,0,0,0,0,0,0,0,0,0,0,0,0,0,0,0,0,0,0,0,0,0,1,0,0,6,0,0,0,0,0,0,0,0,2,0,0,2,0,0,0,0,0,0,0,0,0,0,0,0,0,0,0,0,0,0,0,0,0,0,0,0,0,0,0,0,0,0,2,0,0,0,0,0,0,0,0,0,0,0,2,0,0,0,0,0,0,0,0,0,0,0,0,0,0,0,0,0,0,0,0,0,0,0,0,0,0,0,0,0,0,0,0,0,0,0,0,0,0,0,0,0,0,0,0,0,0,0,0,0,0,0,0,0,0,0,0,0,0,0,0,0,0,0,0,0,0,0,0,0,0,0,0,0,0,0,0,0,0,0,0,0,0,0,0,0,0,0,0,0,0,0,0,0,0,0,0,0,0,0,0,0,0,0,0,0,0,0,0,0,0,0,0,0,0,0,0,0,0,0,0,0,0,0,0,0,0,0,0,0,0,0,0,0,0,0,0,0,0,0,0,0,0,0,0,0,0,0,0,0,0,0,0,0,0,0,0,0,0,0,0,0,0,0,0,0,0,0,0,0,0,0,0,0,0,0,0,0,0,0,0,0,0,0,,,0.228132716,0.03984229,0.002503861,0.008522163,0.000632586,0.003620539,0.007552534,0.00046636,0.0006795,0.008869286,0.039083948,0.000271531,0.00115144,0.021358904,0.013061564,0.009916156,0.000553132,0.022330661,0.004030517,0.00566325,0.006210252,0.000405133,0.005748506,0.016746924,0.013963407,0.000543385,0.039692801,0.001713204,0.00170664,0.006650387,0.003076406,0.026070162,0.009215612,0.009576936,0.009937792,0.000871123,0.012386074,0.000737611,0.007812443,0.009759165,0.000720997,0.000546537,0.04100156,0.001667746,0.354996259
Copenhagen,Rensningsanlaeg Lynetten,Denmark,42,2019-11-24 00:00:00,1007183_2,40,474,26,18,15,303,24,4,0,121,86,20,276,125,1345,338,97,1988,6,235,6,21,111,12,22,1284,34,18,65,146,151,1,135,37,301,510,217,43,444,26,44,223,198,25,31,146,443,68,120,0,76,57,42,45,102,85,4,1101,4,307,43,12,120,9,74,1363,0,157,243,69,41,34,54,0,0,0,96,3,421,55,4,39,0,1663,384,0,138,11,0,38,271,306,91,10,1795,27,84,106,215,10,0,91,0,0,11,34,3,23,54,4,0,0,7,0,16,10,0,0,0,6,32,0,16,0,5,0,0,5,0,0,11,15,10,0,0,7,4,0,0,0,2,3,0,15,1,0,0,0,0,0,0,10,0,0,4,0,0,0,0,0,0,0,0,0,0,5,0,0,0,0,1,0,0,7,5,130,7,0,0,0,8,0,0,7,0,3,6,0,0,0,0,0,3,0,0,0,0,0,0,1,0,0,0,0,1,0,0,0,6,0,7,0,3,7,0,9,0,0,0,0,0,0,0,0,0,0,0,0,0,0,0,0,0,0,0,0,1,0,0,0,0,3,0,0,4,0,3,0,0,0,0,0,3,1,0,3,0,4,0,0,0,0,0,0,0,0,0,0,0,0,0,0,0,0,0,0,0,0,0,0,0,0,0,0,0,0,0,1,0,0,0,0,0,0,0,0,1,0,0,0,0,0,2,0,0,0,0,0,0,0,0,0,0,0,0,0,0,0,0,0,0,0,0,0,0,0,0,0,0,0,0,0,0,0,0,0,0,0,0,4,0,0,0,0,1,0,0,0,0,0,0,0,0,0,0,0,0,0,0,0,0,0,0,0,0,0,0,0,0,0,0,0,0,0,0,0,0,0,0,0,0,0,0,0,0,0,0,0,0,0,0,0,0,0,0,0,0,0,0,0,0,0,0,0,0,0,0,0,0,0,0,0,0,0,0,0,0,0,0,0,0,0,0,0,0,0,0,0,0,0,0,0,0,0,0,0,0,0,0,0,0,0,0,0,0,0,0,0,0,0,0,0,0,0,0,0,0,0,0,0,0,0,0,0,0,0,0,0,0,0,0,0,0,0,0,0,0,0,0,0,0,0,0,0,0,0,0,0,0,0,0,0,0,0,0,0,0,0,0,0,0,0,0,0,0,0,0,0,0,0,0,0,0,0,0,0,0,0,0,0,0,0,0,0,0,0,0,0,0,0,0,0,0,0,0,0,0,0,0,0,0,0,0,0,0,0,0,0,0,0,0,0,0,0,,,0.1582273,0.023338537,0.004905888,0.009906143,0.000788768,0.002276707,0.009934008,3.87192e-05,0.001909862,0.013103809,0.062852753,5.91092e-05,0.000333509,0.000308493,0.014313107,0.018624535,0.000610616,0.010256438,0.005356698,0.003622456,0.020798482,0.000173855,7.74489e-05,0.003694534,0.032460331,0.000851054,0.05772082,0.002120159,0.002271951,0.005778262,0.002927621,0.033977831,0.008233475,0.00869813,0.023936979,0.001135826,0.021747383,0.000899748,0.016613349,0.010335475,0.000467136,0.000976641,0.044808076,7.45962e-05,0.358453383
Copenhagen,Rensningsanlaeg Avedoere,Denmark,43,2019-12-02 00:00:00,1007187_2,30,176,49,0,22,121,19,0,0,76,0,10,299,102,659,2,86,344,4,114,3,8,52,6,25,491,26,7,17,71,78,3,79,9,117,212,127,60,156,11,0,130,153,12,8,121,4,94,83,0,46,5,11,22,50,105,1,384,4,251,39,27,81,0,16,750,8,88,76,35,51,91,77,0,4,0,113,0,210,114,9,27,0,596,0,0,66,5,3,31,234,104,96,3,606,16,35,74,0,11,2,29,0,4,9,17,5,12,20,9,0,0,18,4,18,35,0,0,72,29,21,0,15,0,3,0,0,16,0,0,4,4,8,0,0,0,4,2,0,0,1,2,0,5,0,3,0,2,0,3,3,11,7,0,14,0,4,0,0,0,0,10,0,0,17,8,3,0,0,0,1,0,0,3,4,0,2,0,0,0,0,0,0,0,0,4,1,0,1,0,4,0,0,0,0,0,0,3,0,0,0,0,0,6,0,0,0,0,0,0,3,0,0,6,0,0,0,0,0,0,0,0,0,1,0,1,0,0,0,0,0,0,0,0,0,0,0,0,0,0,0,0,0,0,0,0,0,0,0,0,0,0,0,0,0,0,0,0,0,1,0,0,0,0,0,0,0,0,0,0,0,0,0,0,0,0,2,0,0,0,0,0,0,0,0,0,0,0,0,0,0,0,0,0,0,0,0,0,0,0,0,0,0,0,0,0,0,0,0,0,0,0,0,0,0,0,0,0,0,0,0,0,0,0,0,0,0,0,0,0,0,0,0,0,0,0,0,0,0,0,0,0,0,0,0,0,0,0,0,0,0,0,0,0,0,0,0,0,0,0,0,0,0,0,0,0,0,0,0,0,0,0,0,0,0,0,0,0,0,0,0,0,0,0,0,0,0,0,0,0,0,0,0,0,0,0,0,0,0,0,0,0,0,0,0,0,0,0,0,0,0,0,0,0,0,0,0,0,0,0,0,0,0,0,0,0,0,0,0,0,0,0,0,0,0,0,0,0,0,0,0,0,0,0,0,0,0,0,0,0,0,0,0,0,0,0,0,0,0,0,0,0,0,0,0,0,0,0,0,0,0,0,0,0,0,0,0,0,0,0,0,0,0,0,0,0,0,0,0,0,0,0,0,0,0,0,0,0,0,0,0,0,0,0,0,0,0,0,0,0,0,0,0,0,0,0,0,0,0,0,0,0,0,0,0,0,0,0,0,0,0,0,0,0,0,0,0,0,0,0,0,0,0,0,0,0,0,0,0,0,0,0,0,0,,,0.155573097,0.04039166,0.003697683,0.060516499,0.000158919,0.002179894,0.029443915,1.75382e-05,0.000486291,0.013232519,0.082899861,4.3574e-05,0.000950548,7.88395e-05,0.013740642,0.008729657,0.000643832,0.023300986,0.002809723,0.003178245,0.013346622,0.000137714,4.29571e-05,0.002898314,0.016726162,0.000248645,0.023794705,0.001582587,0.001208116,0.003864674,0.007144865,0.093955274,0.00308144,0.004872574,0.065660746,0.000540709,0.012153557,0.000407294,0.020209621,0.005929362,0.000849538,0.001374454,0.035132738,0.00023678,0.242526631
Copenhagen,Rensningsanlaeg Damhusaaen,Denmark,43,2019-12-02 00:00:00,1007188_2,14,43,17,0,5,32,0,0,0,13,3,0,72,7,108,33,4,132,2,11,2,4,11,1,5,111,4,1,7,7,36,0,6,4,106,53,17,9,71,0,7,26,20,3,4,32,33,11,19,0,6,0,5,2,11,18,0,221,0,44,8,10,19,2,0,77,0,22,26,8,6,2,10,0,1,0,8,1,19,7,3,7,2,155,0,0,11,5,0,0,24,94,21,0,391,0,0,0,5,3,0,6,0,3,2,11,1,1,17,0,0,0,1,0,4,5,0,1,1,0,2,0,1,0,1,0,0,4,0,0,1,1,4,0,0,2,0,0,0,0,0,2,1,0,1,2,0,0,0,0,0,2,1,0,1,0,3,0,0,0,0,0,0,0,0,0,0,0,0,0,1,0,0,1,1,0,0,2,0,0,0,0,0,0,2,3,0,0,0,0,0,3,0,0,0,0,0,0,0,0,0,0,0,2,0,0,0,0,0,0,2,0,1,2,0,0,0,0,0,0,0,0,0,0,3,0,0,0,0,0,0,0,0,0,0,0,0,0,0,0,0,0,0,0,0,0,0,0,0,0,0,0,0,0,0,0,0,0,0,0,0,0,0,0,0,1,0,1,0,0,0,0,0,0,0,0,0,0,0,0,0,0,0,0,0,0,0,0,0,0,0,0,0,0,0,0,0,0,0,0,0,0,0,0,0,0,0,0,0,0,0,0,0,0,0,0,0,0,0,0,0,0,0,0,0,0,0,0,0,0,0,0,0,0,0,0,0,0,0,0,0,0,0,0,0,0,0,0,0,0,0,0,0,0,0,0,0,0,0,0,0,0,0,0,0,0,1,0,0,0,0,0,0,0,0,0,0,0,0,0,0,0,0,0,0,0,0,0,0,0,0,0,0,0,0,0,0,0,0,0,0,0,0,0,0,0,0,0,0,0,0,0,0,0,0,0,0,0,0,0,0,0,0,0,0,0,0,0,0,0,0,0,0,0,0,0,0,0,0,0,0,0,0,0,0,0,0,0,0,0,0,0,0,0,0,0,0,0,0,0,0,0,0,0,0,0,0,0,0,0,0,0,0,0,0,0,0,0,0,0,0,0,0,0,0,0,0,0,0,0,0,0,0,0,0,0,0,0,0,0,0,0,0,0,0,0,0,0,0,0,0,0,0,0,0,0,0,0,0,0,0,0,0,0,0,0,0,0,0,0,0,0,0,0,0,0,0,0,0,0,0,0,0,0,0,0,0,0,0,0,0,0,0,0,,,0.223373903,0.022900277,0.002523304,0.029494493,0.000503721,0.003022592,0.010304357,7.25023e-06,0.000803844,0.012533025,0.025971699,8.76409e-05,0.000422345,5.13716e-05,0.01925161,0.011140974,0.000739863,0.007866561,0.007664801,0.004484391,0.008114498,0.000157183,5.15267e-05,0.002049333,0.017589883,0.000297873,0.027605281,0.00328872,0.002710564,0.002825955,0.003263171,0.118460091,0.007510492,0.0072115,0.054772662,0.000306903,0.01124382,0.000767518,0.008231,0.008208372,0.001178529,0.000716973,0.054736893,2.32168e-05,0.275530017
Copenhagen,Rensningsanlaeg Lynetten,Denmark,43,2019-12-02 00:00:00,1007186_2,79,309,27,11,173,248,38,0,6,57,101,0,465,263,1002,224,61,1434,0,202,6,19,152,5,11,935,11,4,57,91,107,0,107,52,345,283,325,73,267,14,22,196,122,31,21,109,251,99,240,0,67,17,49,33,124,70,2,1057,8,263,26,27,94,28,70,1047,5,130,265,99,38,46,57,6,3,0,88,0,330,38,9,29,0,1072,127,0,109,16,5,31,253,334,140,4,1870,34,58,62,213,10,0,57,0,0,3,25,8,22,32,0,6,6,10,0,19,6,0,0,0,5,23,0,12,1,3,0,0,5,3,0,10,19,6,0,0,12,4,0,5,0,5,0,0,5,1,0,0,2,0,0,3,10,0,0,17,0,3,0,0,0,0,0,0,0,13,0,4,0,0,0,2,0,4,6,10,72,3,1,0,0,7,0,0,0,0,0,2,0,0,0,0,0,0,0,0,0,3,0,0,0,0,0,0,0,0,0,2,0,0,0,8,0,2,8,0,7,0,0,0,0,0,0,0,0,9,0,0,3,0,0,0,0,0,0,0,0,0,0,0,0,0,3,0,0,0,0,0,0,0,0,0,0,0,1,0,0,0,0,0,5,0,0,0,0,0,0,0,0,0,0,0,0,0,0,0,0,0,0,0,0,0,0,0,0,0,3,0,1,0,0,0,5,0,0,0,0,0,0,0,0,0,0,0,0,0,0,0,2,0,0,0,0,0,0,0,0,0,0,0,0,0,0,0,0,0,0,0,0,0,0,0,0,0,0,0,0,0,0,0,0,0,0,0,0,0,0,0,0,0,0,0,0,0,0,0,0,0,0,0,0,0,0,0,0,0,0,0,0,0,0,0,0,0,0,0,0,0,0,0,0,0,0,0,0,0,0,0,0,0,0,0,0,0,0,0,0,0,0,0,0,0,0,0,0,0,0,0,0,0,0,0,0,0,0,0,0,0,0,0,0,0,0,0,0,0,0,0,0,0,0,0,0,0,0,0,0,0,0,0,0,0,0,0,0,0,0,0,0,0,0,0,0,0,0,0,0,0,0,0,0,0,0,0,0,0,0,0,0,0,0,0,0,0,0,0,0,0,0,0,0,0,0,0,0,0,0,0,0,0,0,0,0,0,0,0,0,0,0,0,0,0,0,0,0,0,0,0,0,0,0,0,0,0,0,0,0,0,0,0,0,0,0,0,0,0,0,0,0,0,0,0,0,0,0,0,0,0,0,0,0,0,0,0,0,0,0,0,0,0,0,0,0,0,0,,,0.183903894,0.053674765,0.006209454,0.034218185,0.000279023,0.004768892,0.007770694,4.92064e-05,0.001034622,0.022497096,0.028971497,3.05526e-05,0.000401021,6.92586e-05,0.016832004,0.011456236,0.000527688,0.008056585,0.004033093,0.00458296,0.016901355,0.000110556,5.81997e-05,0.007471103,0.025538883,0.000343009,0.026619341,0.002277131,0.006574746,0.006704065,0.004786576,0.045510546,0.006042791,0.014077802,0.01104213,0.000281316,0.045288149,0.000410126,0.011655831,0.006620322,0.000433462,0.005597571,0.026279108,4.30503e-05,0.339966103
Copenhagen,Rensningsanlaeg Avedoere,Denmark,46,2019-12-20 00:00:00,1007190_2,10,81,31,0,0,47,1,0,0,37,6,6,197,53,126,19,11,116,6,17,2,0,14,9,27,144,4,0,10,12,55,5,18,0,96,75,40,24,107,3,8,35,63,4,6,51,42,31,38,0,11,6,4,5,17,27,0,301,1,139,3,12,35,3,0,157,7,28,66,26,16,12,34,0,9,0,7,0,34,17,6,10,0,203,0,0,15,11,0,6,58,126,52,0,614,37,3,0,15,1,3,18,0,3,0,13,7,4,34,0,3,0,8,0,3,0,0,2,2,4,0,0,6,0,0,0,0,6,0,0,0,3,5,0,0,0,8,0,2,0,0,0,2,0,1,0,0,0,0,4,4,3,1,0,13,0,0,0,0,0,1,2,0,0,0,0,3,0,0,0,0,0,0,0,5,27,0,3,0,0,0,0,0,0,0,0,0,0,0,0,0,2,0,0,0,0,0,0,0,0,0,0,2,15,0,0,0,0,4,0,3,0,8,7,0,2,0,2,0,0,0,0,0,0,7,0,0,0,0,0,0,2,8,3,0,0,0,0,0,0,0,0,0,0,0,0,0,0,0,0,0,0,0,0,0,0,0,0,0,0,0,0,0,0,0,0,0,0,0,0,0,0,0,0,0,0,0,0,0,0,0,0,0,0,0,0,0,0,0,0,0,0,0,0,0,0,0,0,0,0,0,0,0,0,0,0,0,0,0,0,0,0,0,0,0,0,0,0,0,0,0,0,0,0,0,0,0,0,0,0,0,0,0,0,0,0,0,0,0,0,0,0,0,0,0,0,0,0,0,0,0,0,0,0,0,0,0,0,0,0,0,0,0,0,0,0,0,0,0,0,0,0,0,0,0,0,0,0,0,0,0,0,0,0,0,0,0,0,0,0,0,0,0,0,0,0,0,0,0,0,0,0,0,0,0,0,0,0,0,0,0,0,0,0,0,0,0,0,0,0,0,0,0,0,0,0,0,0,0,0,0,0,0,0,0,0,0,0,0,0,0,0,0,0,0,0,0,0,0,0,0,0,0,0,0,0,0,0,0,0,0,0,0,0,0,0,0,0,0,0,0,0,0,0,0,0,0,0,0,0,0,0,0,0,0,0,0,0,0,0,0,0,0,0,0,0,0,0,0,0,0,0,0,0,0,0,0,0,0,0,0,0,0,0,0,0,0,0,0,0,0,0,0,0,0,0,0,0,0,0,0,0,0,0,0,0,0,0,0,0,0,0,0,0,0,0,0,0,0,0,0,0,0,0,,,0.1636288,0.037308965,0.003141387,0.050609885,0.000337837,0.001254653,0.013630027,0.000558784,0.001207729,0.014295488,0.076302375,5.04003e-05,0.001217752,0.000213488,0.014738244,0.009720314,0.001435909,0.01547982,0.000752492,0.004741919,0.050011221,0.000325455,0.000134247,0.001846888,0.0176179,0.000338082,0.0206127,0.001845781,0.002048326,0.005737551,0.005580666,0.019274906,0.00462172,0.003452585,0.008928643,0.000185839,0.009179414,0.000576524,0.051399791,0.004707928,0.001132878,0.000646322,0.01664405,0.000357083,0.36216723
Copenhagen,Rensningsanlaeg Damhusaaen,Denmark,46,2019-12-20 00:00:00,1007191_1,10,28,9,4,0,19,3,0,0,13,4,0,81,27,133,16,21,111,0,11,0,0,17,5,5,162,2,1,7,6,49,0,6,0,74,33,47,6,92,0,10,29,39,6,1,39,26,2,30,2,5,7,1,2,25,29,0,149,0,42,19,3,28,2,3,102,0,19,28,13,10,10,21,0,0,3,3,1,27,5,3,3,0,175,0,0,0,14,1,4,61,68,15,0,255,3,0,3,8,0,2,8,2,0,2,14,0,0,15,0,1,0,0,0,2,0,0,0,2,3,0,0,3,0,1,0,0,5,0,0,0,2,2,0,0,1,3,0,0,0,0,1,4,1,0,0,0,0,0,2,0,1,0,0,0,0,0,0,0,0,0,0,0,1,3,0,0,0,0,0,0,0,0,0,1,0,0,0,0,0,2,0,0,0,0,0,0,0,0,0,1,5,1,0,0,0,0,0,0,0,0,0,1,0,0,0,0,2,0,0,4,0,0,0,0,0,0,0,2,0,0,0,1,0,5,0,1,0,0,0,0,0,0,0,0,0,0,0,0,0,0,0,0,0,0,0,0,0,0,0,0,2,0,0,0,2,0,0,0,0,0,4,0,0,2,1,0,0,0,0,0,0,0,0,0,0,0,0,0,0,0,0,0,0,0,0,0,0,0,0,0,0,0,0,0,0,0,0,0,0,0,0,0,0,0,0,0,0,0,0,0,0,0,0,0,0,0,0,0,0,0,0,0,0,0,0,0,0,0,0,0,0,0,0,0,0,0,0,0,0,0,0,0,0,0,0,0,0,0,0,0,0,0,0,0,0,0,0,0,0,0,0,0,0,0,0,0,0,0,0,0,0,0,0,0,0,0,0,0,0,0,0,0,0,0,0,0,0,0,0,0,0,0,0,0,0,0,0,0,0,0,0,0,0,0,0,0,0,0,0,0,0,0,0,0,0,0,0,0,0,0,0,0,0,0,0,0,0,0,0,0,0,0,0,0,0,0,0,0,0,0,0,0,0,0,0,0,0,0,0,0,0,0,0,0,0,0,0,0,0,0,0,0,0,0,0,0,0,0,0,0,0,0,0,0,0,0,0,0,0,0,0,0,0,0,0,0,0,0,0,0,0,0,0,0,0,0,0,0,0,0,0,0,0,0,0,0,0,0,0,0,0,0,0,0,0,0,0,0,0,0,0,0,0,0,0,0,0,0,0,0,0,0,0,0,0,0,0,0,0,0,0,0,0,0,0,0,0,0,0,0,0,0,0,,,0.050333292,0.00600122,0.000919785,0.009554525,0.000920063,0.001181906,0.00229889,0.006712116,0.000317966,0.00137403,0.005095018,0.002111035,0.000104493,0.145385342,0.002336258,0.005027581,0.000507708,0.001979303,0.000473348,0.001189516,0.003394201,0.00216219,0.019663086,0.002379537,0.002979584,0.0030382,0.016165171,0.00079769,0.000914555,0.001148408,0.000927243,0.003306804,0.001956646,0.003348151,0.001287923,0.007895509,0.001601091,0.000244055,0.00844885,0.016189556,0.000447743,0.000107045,0.005270079,0.070351842,0.582151447
Copenhagen,Rensningsanlaeg Lynetten,Denmark,46,2019-12-20 00:00:00,1007189_1,13,82,27,0,10,76,4,0,0,57,2,0,384,59,619,4,37,246,0,50,2,2,66,27,10,351,13,5,12,45,116,0,19,0,180,82,165,21,202,0,228,92,77,13,0,92,9,41,87,0,14,12,9,25,107,35,1,420,0,145,33,12,56,0,0,357,0,87,65,66,28,17,26,0,0,2,13,0,72,19,6,15,0,427,0,0,25,20,0,15,98,198,79,0,663,9,20,10,0,0,0,56,0,0,0,111,0,4,34,0,0,0,5,0,7,13,0,0,0,5,0,0,23,0,8,0,0,9,0,0,4,6,5,0,0,0,0,0,0,0,0,2,0,21,0,0,0,0,0,3,0,6,0,0,4,0,0,0,0,0,0,0,0,0,48,0,0,0,0,0,1,0,0,0,0,2,0,3,0,0,0,0,0,0,0,0,0,0,0,0,0,6,3,0,0,0,0,0,0,0,0,0,0,4,0,5,0,0,0,0,4,0,4,0,1,0,0,0,0,0,0,0,0,0,23,0,0,0,0,0,0,0,0,0,0,0,0,0,0,0,0,0,0,0,0,0,0,0,0,0,0,7,0,0,0,0,0,0,0,0,0,0,0,0,0,0,0,0,0,0,0,0,0,0,5,0,0,0,0,0,0,0,0,0,0,0,0,0,0,0,0,0,0,0,0,0,0,0,0,0,0,0,0,0,0,0,0,0,0,0,0,0,0,0,0,0,0,0,0,0,0,0,0,0,0,0,0,0,0,0,0,0,0,0,0,0,0,0,0,0,0,0,0,0,0,0,0,0,0,0,0,0,0,0,0,0,0,0,0,0,0,0,0,0,0,0,0,0,0,0,0,0,0,0,0,0,0,0,0,0,0,0,0,0,0,0,0,0,0,0,0,0,0,0,0,0,0,0,0,0,0,0,0,0,0,0,0,0,0,0,0,0,0,0,0,0,0,0,0,0,0,0,0,0,0,0,0,0,0,0,0,0,0,0,0,0,0,0,0,0,0,0,0,0,0,0,0,0,0,0,0,0,0,0,0,0,0,0,0,0,0,0,0,0,0,0,0,0,0,0,0,0,0,0,0,0,0,0,0,0,0,0,0,0,0,0,0,0,0,0,0,0,0,0,0,0,0,0,0,0,0,0,0,0,0,0,0,0,0,0,0,0,0,0,0,0,0,0,0,0,0,0,0,0,0,0,0,0,0,0,0,0,0,0,0,0,0,0,0,0,0,0,0,0,0,0,0,0,0,0,0,0,0,0,,,0.228141155,0.021029587,0.001954422,0.009609895,0.000588189,0.003659223,0.031824247,0.001130354,0.001139543,0.005771555,0.025762999,6.05209e-05,0.000220427,1.46781e-05,0.01373419,0.015632693,0.00179042,0.009461364,0.001002789,0.003184567,0.024352418,0.000299189,0.000328327,0.004799957,0.029379148,0.000844693,0.051799108,0.00207596,0.004126583,0.002687156,0.004976253,0.007788729,0.004928192,0.006841006,0.003080719,0.000279635,0.014218041,0.001000711,0.015561555,0.005846425,0.000290181,0.00095911,0.083639494,3.26614e-06,0.354181326
Copenhagen,Rensningsanlaeg Avedoere,Denmark,48,2020-01-07 00:00:00,1007193_2,52,180,48,3,70,259,26,0,0,101,152,26,479,188,1572,35,83,1159,0,157,0,22,127,17,29,694,40,0,53,129,160,0,141,50,409,183,282,60,344,35,26,174,184,40,30,130,65,66,198,2,82,44,69,43,95,92,3,1057,2,315,111,29,135,21,47,1179,5,132,159,65,52,29,78,0,0,0,61,3,256,65,12,48,0,892,0,0,136,13,5,48,301,276,125,3,1715,24,67,28,409,6,0,63,5,0,7,20,2,21,59,0,0,0,14,0,22,19,0,4,0,10,12,0,11,0,2,0,3,10,0,0,10,18,18,0,0,14,0,0,0,0,3,4,0,15,1,0,0,3,0,4,4,12,0,0,5,0,2,0,0,0,0,8,0,0,0,0,2,0,0,0,0,6,0,0,6,0,0,0,0,0,3,0,0,1,0,0,0,0,1,0,0,0,0,0,0,6,0,0,0,0,0,0,3,5,0,0,0,0,0,0,8,0,0,3,0,0,0,0,0,3,3,6,1,2,8,5,2,2,2,1,3,0,0,0,0,0,0,0,0,0,0,0,0,0,0,0,0,0,0,0,0,0,0,0,0,0,0,0,0,0,0,0,0,0,0,0,0,0,0,0,0,0,0,0,0,0,0,0,0,0,0,0,0,0,0,0,0,0,0,0,0,0,0,0,0,0,0,0,0,0,0,0,0,0,0,0,0,0,0,0,0,0,0,0,0,0,0,0,0,0,0,0,0,0,0,0,0,0,0,0,0,0,0,0,0,0,0,0,0,0,0,0,0,0,0,0,0,0,0,0,0,0,0,0,0,0,0,0,0,0,0,0,0,0,0,0,0,0,0,0,0,0,0,0,0,0,0,0,0,0,0,0,0,0,0,0,0,0,0,0,0,0,0,0,0,0,0,0,0,0,0,0,0,0,0,0,0,0,0,0,0,0,0,0,0,0,0,0,0,0,0,0,0,0,0,0,0,0,0,0,0,0,0,0,0,0,0,0,0,0,0,0,0,0,0,0,0,0,0,0,0,0,0,0,0,0,0,0,0,0,0,0,0,0,0,0,0,0,0,0,0,0,0,0,0,0,0,0,0,0,0,0,0,0,0,0,0,0,0,0,0,0,0,0,0,0,0,0,0,0,0,0,0,0,0,0,0,0,0,0,0,0,0,0,0,0,0,0,0,0,0,0,0,0,0,0,0,0,0,0,0,0,0,0,0,0,0,0,0,0,0,0,0,0,0,0,0,0,0,0,0,0,0,0,,,0.257259206,0.015017193,0.002179857,0.025470122,0.000274473,0.001706105,0.006487993,1.50457e-05,0.003083653,0.011360719,0.017083268,3.74053e-05,0.000194419,2.28878e-05,0.008243209,0.009847286,0.001279671,0.013847514,0.000877948,0.00427641,0.03354476,0.000378156,0.000167078,0.001429851,0.025214884,0.000534937,0.017091043,0.001777445,0.001091772,0.00198811,0.004734707,0.03040365,0.007563252,0.005117438,0.01076071,0.00043424,0.006590832,0.000589683,0.025923088,0.004431352,0.001526917,0.000495925,0.044303615,0.000278087,0.395064078
Copenhagen,Rensningsanlaeg Damhusaaen,Denmark,48,2020-01-07 00:00:00,1007194_1,56,305,83,12,17,255,32,0,0,125,0,32,1009,229,1006,0,117,846,14,109,3,12,155,10,88,870,40,0,28,71,252,25,73,4,1153,308,316,114,453,8,289,259,229,24,6,213,0,135,259,0,73,21,19,35,158,65,0,2351,4,422,69,45,114,0,9,880,35,135,153,120,73,57,162,0,32,6,66,0,226,64,18,48,0,1153,0,0,125,36,3,27,224,1007,193,0,4225,95,25,8,0,13,3,182,0,6,7,113,24,21,77,0,5,0,19,8,13,23,0,0,8,1,12,0,19,0,9,0,0,29,0,0,21,16,19,0,0,0,14,0,0,0,4,1,10,34,1,9,0,2,0,3,17,15,7,0,61,0,5,0,0,0,0,0,0,0,19,0,0,0,0,0,3,0,0,0,28,3,4,0,0,0,3,0,0,1,20,1,0,0,1,0,0,8,0,0,0,0,0,0,5,0,0,2,4,16,0,2,0,0,3,0,9,0,5,3,3,0,0,6,0,0,0,6,0,0,23,7,0,0,0,0,3,2,7,3,0,0,0,0,0,0,0,0,0,0,0,0,0,0,2,0,0,0,0,0,0,0,0,0,0,1,0,3,0,0,0,0,0,0,0,0,0,0,0,0,0,0,1,0,0,0,0,4,0,0,0,0,0,0,0,0,0,0,0,0,0,0,0,0,0,0,0,0,0,0,0,0,0,0,0,0,0,0,0,0,0,0,0,0,0,0,0,0,0,0,0,0,0,3,0,0,0,0,0,0,0,0,0,0,0,0,0,0,0,0,0,0,0,0,0,0,0,0,0,0,1,0,0,0,0,0,0,0,0,0,0,0,0,0,0,0,0,0,0,0,0,0,0,0,0,0,0,0,0,0,0,0,0,0,0,0,0,0,0,0,0,0,0,0,0,0,0,0,0,0,0,0,0,0,0,0,0,0,0,0,0,0,0,0,0,0,0,0,0,0,0,0,0,0,0,0,0,0,0,0,0,0,0,0,0,0,0,0,0,0,0,0,0,0,0,0,0,0,0,0,0,0,0,0,0,0,0,0,0,0,0,0,0,0,0,0,0,0,0,0,0,0,0,0,0,0,0,0,0,0,0,0,0,0,0,0,0,0,0,0,0,0,0,0,0,0,0,0,0,0,0,0,0,0,0,0,0,0,0,0,0,0,0,0,0,0,0,0,0,0,0,0,0,0,0,0,0,0,0,0,0,0,0,0,0,0,0,0,0,0,0,0,0,0,0,0,0,0,0,0,,,0.174016972,0.024918328,0.002171755,0.010567126,0.000764963,0.003720256,0.017585838,0.000374272,0.001493764,0.009525766,0.013541668,0.000190258,0.0009824,0.001494371,0.014273588,0.019277456,0.001813595,0.008198604,0.001765613,0.006714574,0.012599048,0.000511723,0.000813292,0.000966655,0.015617768,0.00207607,0.057482443,0.00308757,0.003295383,0.006918838,0.006523501,0.010158632,0.009737295,0.020349696,0.00745477,0.000511281,0.008921987,0.000816434,0.018410105,0.018333873,0.002078376,0.000305777,0.031100176,0.001811435,0.446726707
Copenhagen,Rensningsanlaeg Lynetten,Denmark,48,2020-01-07 00:00:00,1007192_1,22,211,38,2,28,322,42,0,0,90,0,0,478,86,1206,0,110,1650,0,426,0,16,117,10,35,1548,46,9,12,112,109,0,137,64,360,256,300,76,324,16,29,288,138,15,30,149,0,125,179,0,85,74,28,42,192,39,1,1349,0,212,44,24,106,8,49,1198,7,124,308,68,39,59,54,0,10,6,182,0,751,52,7,65,0,1642,0,0,121,31,0,43,283,366,115,1,2366,27,37,137,0,14,0,127,0,0,0,57,6,28,65,6,6,0,20,5,15,14,0,0,10,4,16,0,19,0,3,0,0,9,0,0,9,23,10,0,0,0,0,0,0,0,2,0,0,23,3,6,0,0,0,0,2,10,1,0,4,0,1,0,0,0,0,0,2,2,17,9,0,0,0,0,0,0,0,3,5,0,3,3,0,0,0,0,0,3,0,1,0,0,3,0,0,5,5,0,0,0,0,0,3,0,0,0,2,0,0,0,0,2,5,0,0,0,0,3,0,14,6,0,0,0,0,4,0,0,0,1,0,6,0,0,2,0,0,3,0,0,3,0,0,0,0,0,0,0,4,3,0,0,0,0,0,0,0,0,0,0,0,0,0,8,0,3,0,0,0,0,0,0,0,0,0,0,0,1,0,0,1,0,0,0,0,0,0,0,0,2,0,1,0,0,0,0,0,0,0,1,0,0,0,0,0,0,0,0,0,0,0,1,0,0,0,0,0,0,0,0,2,0,0,0,0,0,0,0,0,0,0,2,0,0,0,0,0,0,0,0,0,0,0,0,0,0,0,0,0,0,2,0,0,0,0,0,3,0,0,0,0,0,0,0,0,0,0,0,0,0,0,0,0,0,0,0,0,0,0,0,0,0,0,0,0,0,0,0,0,0,0,0,0,0,0,0,0,0,0,0,0,0,0,0,0,0,0,0,0,0,0,0,0,0,0,0,0,0,0,0,0,0,0,0,0,0,0,0,0,0,0,0,0,0,0,0,0,0,0,0,0,0,0,0,0,0,0,0,0,0,0,0,0,0,0,0,0,0,0,0,0,0,0,0,0,0,0,0,0,0,0,0,0,0,0,0,0,0,0,0,0,0,0,0,0,0,0,0,0,0,0,0,0,0,0,0,0,0,0,0,0,0,0,0,0,0,0,0,0,0,0,0,0,0,0,0,0,0,0,0,0,0,0,0,0,0,0,0,0,0,0,0,0,0,0,0,0,0,0,0,0,0,0,0,0,0,0,0,0,0,0,0,0,0,0,0,0,0,,,0.225375274,0.028684138,0.001934486,0.005406038,0.000702458,0.002760649,0.01005409,1.66207e-05,0.002281898,0.007488982,0.022728569,0.000198386,0.000178648,4.97283e-06,0.010714963,0.031914737,0.001401244,0.009118705,0.001519973,0.005570058,0.020454729,0.000171047,0.000110359,0.00144592,0.063341152,0.000519113,0.043947366,0.005078019,0.002321686,0.00382079,0.003200651,0.007358138,0.009786248,0.012954691,0.015044016,0.000264931,0.019080869,0.00087874,0.025476213,0.010452671,0.000718102,0.000315038,0.022762906,5.21415e-06,0.362436499
Copenhagen,Rensningsanlaeg Avedoere,Denmark,49,2020-01-14 00:00:00,1007196_1,133,314,70,5,29,305,55,3,0,118,0,26,818,190,704,3,128,908,11,173,0,28,62,10,46,821,56,31,50,59,251,8,117,7,1071,334,121,98,532,10,0,258,220,23,9,212,6,223,144,0,98,18,32,30,115,107,1,2642,40,368,64,76,175,7,9,980,19,165,206,76,109,51,121,0,19,9,84,0,276,110,22,37,0,1181,0,0,118,44,9,14,198,1224,173,0,4541,91,15,19,9,27,9,65,0,14,17,78,50,15,107,0,10,0,9,0,7,43,0,10,123,11,14,3,18,0,6,0,0,18,0,0,0,11,27,0,4,6,56,2,0,0,0,4,3,12,9,10,0,4,0,10,11,7,9,0,49,0,10,4,0,0,0,5,0,0,24,0,21,0,0,0,8,0,0,0,20,0,5,0,0,0,3,0,0,4,18,0,2,0,0,0,9,0,0,0,0,5,0,0,0,0,0,2,4,31,4,8,3,0,3,0,10,0,3,3,0,0,5,19,0,0,0,0,0,2,8,14,0,0,0,0,4,0,11,5,0,4,0,2,0,0,0,0,1,0,0,4,1,0,0,0,0,0,0,0,0,0,0,0,1,0,0,5,7,0,0,2,0,0,4,9,0,2,0,0,0,0,2,0,0,0,0,0,3,0,0,2,0,0,0,0,0,0,0,0,0,0,0,0,0,0,0,0,0,0,2,1,0,0,0,0,0,0,0,0,0,0,0,0,2,4,0,0,0,0,0,0,0,2,0,0,0,0,0,0,2,0,0,0,0,0,0,0,0,0,0,0,0,0,0,0,0,0,0,0,0,0,0,0,0,0,8,0,0,0,0,0,0,0,0,0,0,0,0,0,0,0,0,0,0,0,0,0,0,0,0,0,0,0,0,0,0,0,0,0,0,0,0,0,0,0,0,0,0,0,0,0,0,0,0,0,0,0,0,0,0,0,0,0,0,0,0,0,0,0,0,0,0,0,0,0,0,0,0,0,0,0,0,0,0,0,0,0,0,0,0,0,0,0,0,0,0,0,0,0,0,0,0,0,0,0,0,0,0,0,0,0,0,0,0,0,0,0,0,0,0,0,0,0,0,0,0,0,0,0,0,0,0,0,0,0,0,0,0,0,0,0,0,0,0,0,0,0,0,0,0,0,0,0,0,0,0,0,0,0,0,0,0,0,0,0,0,0,0,0,0,0,0,0,0,0,0,0,0,0,0,0,0,0,0,0,0,0,0,0,0,0,0,0,0,0,0,0,0,0,,,0.260219238,0.037994326,0.005073408,0.033310476,0.000245924,0.005761424,0.007051363,3.23846e-05,0.001964244,0.007266797,0.026023185,9.39923e-05,0.000457876,0.000215368,0.020067681,0.025554015,0.001407096,0.00762166,0.021104272,0.005574448,0.017843704,0.000412772,0.000230912,0.00196034,0.014673419,0.000403875,0.016369441,0.002509142,0.004469682,0.007788019,0.009835901,0.02881062,0.003424913,0.005339517,0.026284215,0.000482598,0.008426261,0.002619872,0.02600218,0.009080739,0.001560234,0.000666548,0.018521879,0.000706996,0.324537043
Copenhagen,Rensningsanlaeg Damhusaaen,Denmark,49,2020-01-14 00:00:00,1007197_1,31,165,49,0,7,110,12,0,0,88,0,6,200,83,780,0,99,699,4,195,0,8,73,8,17,823,54,7,18,73,88,0,64,21,175,148,168,18,203,26,0,163,147,4,9,190,7,57,124,0,29,20,14,19,35,66,3,791,3,288,38,58,119,0,20,442,8,85,120,60,43,23,53,0,3,0,144,5,403,41,0,16,0,1233,0,0,37,20,3,25,261,197,62,0,1432,10,32,64,0,3,0,37,0,0,0,15,3,12,36,0,0,0,10,0,5,16,0,0,40,3,19,0,12,0,0,0,0,23,0,0,6,9,4,0,0,0,7,0,0,0,2,0,0,6,0,0,0,4,0,0,2,6,1,0,7,2,0,0,0,0,0,0,0,0,12,3,0,0,0,0,4,0,0,0,0,0,1,0,0,0,0,0,0,0,0,0,0,0,3,0,0,0,0,0,0,0,0,1,0,1,0,0,0,0,0,7,0,0,0,0,0,0,0,2,0,0,0,0,0,0,0,0,0,0,0,2,0,0,0,0,0,0,0,0,0,0,0,0,0,0,0,0,0,0,0,0,0,0,0,0,0,0,0,0,0,0,0,0,0,0,0,0,0,0,0,0,0,0,0,0,0,0,0,0,0,0,0,0,0,0,0,0,0,0,0,0,0,2,0,0,0,0,0,0,0,0,0,0,0,0,0,0,0,0,0,0,0,0,0,0,0,0,0,0,0,0,0,0,0,0,0,0,0,0,0,0,0,0,0,0,0,0,0,0,0,0,0,0,0,0,0,0,0,0,0,0,0,0,0,0,0,2,0,0,0,0,0,0,0,0,0,0,0,0,0,0,0,0,0,0,0,0,0,0,0,0,0,0,0,0,0,0,0,0,0,0,0,0,0,0,0,0,0,0,0,0,0,0,0,0,0,0,0,0,0,0,0,0,0,0,0,0,0,0,0,0,0,0,0,0,0,0,0,0,0,0,0,0,0,0,0,0,0,0,0,0,0,0,0,0,0,0,0,0,0,0,0,0,0,0,0,0,0,0,0,0,0,0,0,0,0,0,0,0,0,0,0,0,0,0,0,0,0,0,0,0,0,0,0,0,0,0,0,0,0,0,0,0,0,0,0,0,0,0,0,0,0,0,0,0,0,0,0,0,0,0,0,0,0,0,0,0,0,0,0,0,0,0,0,0,0,0,0,0,0,0,0,0,0,0,0,0,0,0,0,0,0,0,0,0,0,0,0,0,0,0,0,0,0,0,0,0,0,0,,,0.262081552,0.027218867,0.001418071,0.010511407,0.0001915,0.002095811,0.025611597,0.000101769,0.00064047,0.009234875,0.021774007,3.92514e-05,0.000222208,3.50201e-06,0.016625183,0.020449781,0.001533992,0.009451955,0.028518759,0.004564846,0.010286164,0.000131985,0.000333166,0.002257416,0.015898947,0.000326429,0.048026072,0.001265583,0.001897903,0.001785564,0.005074748,0.122118578,0.00319062,0.00811161,0.008651173,0.000268245,0.006560358,0.000858926,0.012409733,0.004512441,0.000717943,0.000399827,0.018658038,9.72806e-06,0.283959393
Copenhagen,Rensningsanlaeg Lynetten,Denmark,49,2020-01-14 00:00:00,1007195_1,46,183,47,4,20,190,44,0,0,92,0,15,739,132,892,4,84,894,4,167,5,10,124,4,96,768,34,0,21,65,137,3,90,23,721,203,282,76,303,7,111,159,164,17,11,166,0,126,176,0,66,22,14,28,129,38,0,1641,3,260,55,36,73,0,6,948,23,99,179,77,50,46,123,0,23,7,167,0,275,27,18,49,5,904,4,0,115,22,0,29,227,597,136,2,2981,99,27,34,0,11,4,99,0,0,13,80,6,17,53,5,0,0,4,9,11,5,0,0,2,6,17,0,12,0,8,0,0,20,0,0,4,8,6,0,2,0,20,0,0,0,0,0,0,20,3,3,0,3,0,6,6,11,13,0,17,0,0,0,0,0,0,0,0,0,31,4,0,0,0,0,0,0,0,4,3,0,0,0,0,0,7,0,0,0,12,0,1,0,0,0,2,0,0,0,0,0,1,0,0,0,0,7,0,6,0,6,0,4,0,0,10,0,0,0,2,4,0,0,0,0,0,0,0,0,0,0,0,0,0,0,0,0,0,0,0,0,0,3,0,0,0,0,0,0,0,0,0,0,0,0,0,0,0,0,0,0,0,0,0,0,0,3,0,0,0,0,0,0,0,0,0,0,0,0,0,0,1,0,0,0,0,0,0,0,0,0,0,0,0,0,0,0,0,0,0,0,0,0,0,4,0,0,0,0,0,0,0,0,0,0,0,0,0,0,0,0,0,0,0,0,0,0,0,0,0,0,0,0,0,0,0,0,0,0,0,0,0,0,0,0,0,0,0,0,0,0,0,0,0,0,0,0,0,0,0,0,0,0,0,0,0,0,0,0,0,0,0,0,0,0,0,0,0,0,0,0,0,0,0,0,0,0,0,0,0,0,0,0,0,0,0,0,0,0,0,0,0,0,0,0,0,0,0,0,0,0,0,0,0,0,0,0,0,0,0,0,0,0,0,0,0,0,0,0,0,0,0,0,0,0,0,0,0,0,0,0,0,0,0,0,0,0,0,0,0,0,0,0,0,0,0,0,0,0,0,0,0,0,0,0,0,0,0,0,0,0,0,0,0,0,0,0,0,0,0,0,0,0,0,0,0,0,0,0,0,0,0,0,0,0,0,0,0,0,0,0,0,0,0,0,0,0,0,0,0,0,0,0,0,0,0,0,0,0,0,0,0,0,0,0,0,0,0,0,0,0,0,0,0,0,0,0,0,0,0,0,0,0,0,0,0,0,0,0,0,0,0,0,0,0,0,0,0,0,,,0.189619372,0.043167492,0.00342747,0.041115306,0.000459169,0.00518593,0.006683854,8.99627e-05,0.001054844,0.010014445,0.018373388,3.96864e-05,0.000286248,0.000202806,0.021765761,0.024447048,0.000874332,0.005069179,0.014605602,0.009726032,0.036977945,0.000144341,0.000138454,0.001536592,0.035668243,0.000743883,0.049163778,0.002543894,0.002149393,0.006980816,0.004386023,0.014309717,0.010626297,0.010495558,0.010313634,0.000297112,0.005960462,0.000932429,0.011841313,0.009074123,0.001009851,0.001362123,0.023756141,0.000133019,0.363246931
Copenhagen,Rensningsanlaeg Avedoere,Denmark,51,2020-01-22 00:00:00,1007199_1,64,197,73,2,14,122,22,0,0,159,2,0,561,226,661,4,96,636,9,111,8,11,79,21,75,567,34,11,34,64,218,5,40,7,750,213,161,79,518,11,0,193,229,22,3,174,4,127,155,0,28,18,9,39,69,90,0,1479,24,515,15,78,171,4,12,377,28,129,154,36,85,64,174,0,33,0,18,5,188,140,20,28,5,858,0,0,35,30,3,12,186,763,141,0,2472,72,12,13,0,12,7,42,0,10,13,61,37,9,90,0,0,0,48,0,6,59,0,11,40,9,7,0,18,0,3,0,0,33,0,0,12,7,21,0,8,0,23,0,0,0,1,4,0,12,2,12,0,3,3,4,17,13,22,0,51,0,13,0,0,0,0,10,0,3,24,1,8,0,0,0,6,0,0,0,25,51,3,6,0,0,0,0,3,0,15,4,0,0,0,0,6,0,0,0,0,0,0,1,4,0,0,0,0,24,0,8,0,0,0,0,8,0,18,1,0,0,7,10,0,0,0,0,0,1,29,0,0,0,0,0,4,4,4,3,0,3,0,0,0,0,0,0,0,0,0,0,0,0,0,0,0,0,0,0,0,0,0,0,0,0,0,10,0,0,0,2,0,0,0,0,0,0,0,0,0,0,2,2,1,1,2,6,0,0,0,0,0,0,0,0,0,0,0,0,0,0,0,0,0,0,0,0,0,0,0,0,0,0,0,0,0,0,0,0,0,0,0,0,0,0,0,0,0,0,0,0,0,0,0,0,0,0,0,0,0,0,0,0,0,0,0,0,0,0,0,0,0,0,0,0,0,0,0,0,0,0,0,0,0,0,0,0,0,0,0,0,0,0,0,0,0,0,0,0,0,0,0,0,0,0,0,0,0,0,0,0,0,0,0,0,0,0,0,0,0,0,0,0,0,0,0,0,0,0,0,0,0,0,0,0,0,0,0,0,0,0,0,0,0,0,0,0,0,0,0,0,0,0,0,0,0,0,0,0,0,0,0,0,0,0,0,0,0,0,0,0,0,0,0,0,0,0,0,0,0,0,0,0,0,0,0,0,0,0,0,0,0,0,0,0,0,0,0,0,0,0,0,0,0,0,0,0,0,0,0,0,0,0,0,0,0,0,0,0,0,0,0,0,0,0,0,0,0,0,0,0,0,0,0,0,0,0,0,0,0,0,0,0,0,0,0,0,0,0,0,0,0,0,0,0,0,0,0,0,0,0,0,0,0,0,0,0,0,0,0,0,0,0,0,0,0,0,0,0,,,0.130129817,0.052102406,0.001876625,0.017554973,0.000546214,0.001306093,0.007132134,9.74924e-06,0.001096182,0.008081162,0.021764402,0.000200665,0.000308973,5.928e-05,0.01132992,0.015863872,0.000947668,0.030015722,0.006980097,0.00408165,0.019602818,0.002021591,0.000232647,0.001605756,0.021635704,0.000363901,0.028468475,0.002248727,0.001460332,0.003128911,0.004958567,0.203537155,0.004554191,0.021775539,0.020137532,0.000272072,0.00719947,0.000764133,0.015396697,0.00605394,0.001176897,0.001104735,0.027793486,0.001274136,0.291844981
Copenhagen,Rensningsanlaeg Lynetten,Denmark,51,2020-01-22 00:00:00,1007198_1,0,7,2,0,1,9,0,0,0,3,0,0,48,10,56,0,4,18,2,6,0,0,10,2,0,46,4,0,0,4,11,0,2,0,24,4,16,4,38,0,32,15,10,1,0,5,0,6,9,0,1,2,0,3,7,2,0,47,0,25,1,2,5,0,0,32,1,10,5,3,3,2,6,0,0,1,5,4,11,5,0,3,0,62,0,0,6,3,0,1,11,13,5,0,75,2,0,1,0,0,0,3,1,0,0,17,0,0,12,0,1,0,1,0,3,0,0,0,0,0,1,0,3,0,0,0,0,2,0,0,0,1,0,0,0,0,0,0,0,0,0,0,0,1,0,0,0,0,0,0,0,2,0,0,0,0,0,0,0,0,0,1,0,0,1,0,0,0,0,0,1,0,0,0,0,0,0,0,0,0,0,0,0,0,0,0,0,0,0,0,0,0,0,0,0,0,0,0,0,0,0,0,0,0,0,0,0,0,0,0,0,0,0,0,0,0,0,0,0,0,0,0,0,0,1,0,0,0,0,0,0,0,0,0,0,0,0,0,0,0,0,0,0,0,0,0,0,0,0,0,0,1,0,0,0,0,0,0,0,0,0,0,0,0,0,0,0,0,0,0,0,0,0,0,1,1,0,0,0,0,0,0,0,0,0,0,0,0,0,0,0,0,0,0,0,0,0,0,0,0,0,0,0,0,0,0,0,0,0,0,0,0,0,0,0,0,0,0,0,0,0,0,0,0,0,0,0,0,0,0,0,0,0,0,0,0,0,0,0,0,0,0,0,0,0,0,0,0,0,0,0,0,0,0,0,0,0,0,0,0,0,0,0,0,0,0,0,0,0,0,0,0,0,0,0,0,0,0,0,0,0,0,0,0,0,0,0,0,0,0,0,0,0,0,0,0,0,0,0,0,0,0,0,0,0,0,0,0,0,0,0,0,0,0,0,0,0,0,0,0,0,0,0,0,0,0,0,0,0,0,0,0,0,0,0,0,0,0,0,0,0,0,0,0,0,0,0,0,0,0,0,0,0,0,0,0,0,0,0,0,0,0,0,0,0,0,0,0,0,0,0,0,0,0,0,0,0,0,0,0,0,0,0,0,0,0,0,0,0,0,0,0,0,0,0,0,0,0,0,0,0,0,0,0,0,0,0,0,0,0,0,0,0,0,0,0,0,0,0,0,0,0,0,0,0,0,0,0,0,0,0,0,0,0,0,0,0,0,0,0,0,0,0,0,0,0,0,0,0,0,0,0,0,0,,,0.179246021,0.028724208,0.000995452,0.0102159,0.000510555,0.001431928,0.00501486,1.95879e-05,0.001227099,0.004509366,0.010257046,0.000103382,0.000351576,0.000147131,0.011252991,0.017677904,0.001107645,0.019398347,0.027501227,0.005217696,0.036291524,0.000645897,0.000507865,0.001899992,0.024548239,0.000659816,0.035329991,0.001805262,0.001514959,0.00189665,0.004089716,0.198632574,0.006369521,0.011694287,0.018369351,0.000222383,0.006109125,0.001882991,0.018563735,0.005901426,0.00133428,0.000382434,0.025816564,0.000340638,0.270280856
Copenhagen,Rensningsanlaeg Avedoere,Denmark,52,2020-02-04 00:00:00,1007204_1,19,65,17,0,9,142,19,0,0,45,60,7,295,36,432,31,74,560,0,47,0,15,34,19,0,320,13,0,9,40,57,0,54,16,145,79,104,38,82,8,0,78,50,0,7,58,25,79,53,5,43,6,16,19,40,36,1,503,0,190,36,4,43,9,34,500,0,79,68,36,11,11,33,0,0,0,20,0,115,15,3,66,0,404,0,0,62,18,0,8,99,146,555,0,838,6,9,10,77,4,0,55,0,0,0,12,0,11,0,0,0,0,0,0,4,0,0,0,0,0,7,0,8,0,0,0,0,0,0,0,9,2,4,0,0,6,0,1,0,0,0,54,0,9,0,0,0,0,0,4,0,8,0,0,3,0,0,0,0,0,0,0,0,0,0,4,0,0,0,0,0,0,0,1,12,0,1,2,0,0,0,0,0,0,0,0,1,0,0,0,0,0,0,0,0,0,0,0,3,0,0,0,0,0,0,0,0,0,0,0,5,0,0,7,0,0,0,0,0,0,0,0,0,0,0,1,0,0,0,0,0,0,0,2,0,0,0,0,0,0,0,0,0,0,0,0,0,0,0,0,0,0,0,0,0,0,0,0,0,0,0,0,0,0,0,0,0,0,0,0,0,0,0,0,0,0,0,0,0,0,0,0,0,0,0,0,0,0,0,0,0,0,0,0,0,0,0,0,0,0,0,0,0,0,0,0,0,0,1,6,1,0,0,0,0,0,0,0,0,0,0,0,0,0,0,0,0,0,0,0,0,0,0,0,0,0,0,0,0,0,0,0,0,0,0,0,0,0,0,0,0,0,0,0,0,0,0,0,0,0,0,0,0,0,0,0,0,0,0,0,0,0,0,0,0,0,0,0,0,0,0,0,0,0,0,0,0,0,0,0,0,0,0,0,0,0,0,0,0,0,0,0,0,0,0,0,0,0,0,0,0,0,0,0,0,0,0,0,0,0,0,0,0,0,0,0,0,0,0,0,0,0,0,0,0,0,0,0,0,0,0,0,0,0,0,0,0,0,0,0,0,0,0,0,0,0,0,0,0,0,0,0,0,0,0,0,0,0,0,0,0,0,0,0,0,0,0,0,0,0,0,0,0,0,0,0,0,0,0,0,0,0,0,0,0,0,0,0,0,0,0,0,0,0,0,0,0,0,0,0,0,0,0,0,0,0,0,0,0,0,0,0,0,0,0,0,0,0,0,0,0,0,0,0,0,0,0,0,0,0,0,0,0,0,0,0,0,0,0,0,0,0,0,0,,,0.228594915,0.021984344,0.001677643,0.016178582,0.000203993,0.001366415,0.01697368,1.82224e-05,0.000911436,0.006880823,0.074120658,6.14601e-05,0.000261218,1.50631e-05,0.00971076,0.013105363,0.001202931,0.02576967,0.000908587,0.003658735,0.013051225,0.001220068,0.000130058,0.001790746,0.042530288,0.000514509,0.033394535,0.0020453,0.002115001,0.003340106,0.006831782,0.011145864,0.003099661,0.005914906,0.006241246,0.000306252,0.004357846,0.000452073,0.023776864,0.004013728,0.001171742,0.000765327,0.140035083,0.000263415,0.267887879
Copenhagen,Rensningsanlaeg Damhusaaen,Denmark,52,2020-02-04 00:00:00,1007205_1,60,277,84,0,27,180,38,0,0,124,0,0,1327,190,535,0,110,881,6,130,4,19,125,16,119,724,33,8,28,91,87,50,86,33,485,308,257,187,268,23,0,178,268,29,9,175,0,333,209,0,60,0,28,13,86,195,5,1475,7,456,72,65,137,16,20,677,44,134,127,149,60,74,180,0,27,9,66,3,234,104,17,63,0,971,0,0,82,18,0,14,252,698,288,4,2243,120,12,38,0,7,5,42,0,31,8,24,41,21,70,0,4,0,5,5,7,48,0,9,28,3,10,0,34,0,0,0,0,52,0,0,11,15,25,0,4,4,19,0,9,0,0,5,0,12,2,10,0,2,0,0,21,11,47,0,70,0,28,0,0,0,0,3,0,6,65,0,5,0,0,0,8,0,0,0,20,2,0,1,0,0,0,0,0,0,24,4,0,0,3,0,0,0,0,0,0,4,0,0,7,0,0,10,10,32,0,6,0,0,1,0,15,0,5,2,0,4,14,5,0,0,0,0,1,1,13,7,0,0,0,0,0,0,18,5,0,3,0,0,0,0,0,0,0,0,0,0,0,0,0,0,0,0,0,0,0,0,0,0,0,0,0,0,0,0,0,0,0,0,0,7,0,0,0,0,0,0,0,0,0,0,0,4,0,0,0,4,0,2,0,0,0,0,0,0,0,0,0,0,0,0,0,0,0,0,0,0,0,0,0,0,0,0,1,0,0,0,0,0,0,0,0,0,0,0,0,0,0,0,0,0,0,0,0,0,1,0,0,0,0,0,0,0,0,0,0,3,0,0,0,0,0,0,0,0,0,0,0,0,0,0,0,0,0,0,0,0,0,0,0,0,0,0,0,0,0,0,0,0,0,0,0,0,0,0,0,0,0,0,0,0,0,0,0,0,0,0,0,0,0,0,0,0,0,0,0,0,0,0,0,0,0,0,0,0,0,0,0,0,0,0,0,0,0,0,0,0,0,0,0,0,0,0,0,0,0,0,0,0,0,0,0,0,0,0,0,0,0,0,0,0,0,0,0,0,0,0,0,0,0,0,0,0,0,0,0,0,0,0,0,0,0,0,0,0,0,0,0,0,0,0,0,0,0,0,0,0,0,0,0,0,0,0,0,0,0,0,0,0,0,0,0,0,0,0,0,0,0,0,0,0,0,0,0,0,0,0,0,0,0,0,0,0,0,0,0,0,0,0,0,0,0,0,0,0,0,0,0,0,0,0,0,0,0,0,0,0,0,0,0,0,0,0,0,0,,,0.243162409,0.03588371,0.001317917,0.012051832,0.000461209,0.001269529,0.005935473,1.69451e-05,0.000964533,0.006302327,0.025175471,0.000144294,0.000229277,2.09418e-05,0.018278795,0.025758609,0.001153076,0.035074589,0.000928949,0.00874207,0.022990743,0.000264999,0.000340974,0.001715877,0.018245041,0.000712634,0.040595618,0.002247757,0.002432412,0.003295128,0.003732497,0.009157953,0.005796548,0.008868458,0.006985675,0.000551963,0.009991577,0.000733545,0.016392271,0.008429313,0.001275618,0.000162542,0.051526715,3.13046e-05,0.360650882
Copenhagen,Rensningsanlaeg Lynetten,Denmark,52,2020-02-04 00:00:00,1007203_1,60,412,112,13,14,162,22,0,4,143,5,0,819,240,1204,164,94,1163,15,107,5,12,129,34,123,767,35,16,64,144,346,27,52,7,697,416,262,106,708,11,46,241,302,35,23,230,191,92,247,0,44,25,23,56,106,108,1,1444,6,560,51,48,169,7,14,733,43,184,178,104,84,43,164,2,32,5,34,12,173,64,36,40,0,1230,0,0,78,42,0,34,302,573,184,0,2532,94,26,13,24,11,2,71,6,26,17,56,24,10,102,7,4,0,3,7,22,23,0,0,26,17,21,0,27,0,15,0,4,34,0,0,11,12,19,0,4,7,85,0,6,0,4,0,0,7,3,9,0,2,1,23,31,15,22,0,49,0,14,4,0,0,0,0,0,4,6,0,19,5,0,0,4,3,0,0,27,146,4,0,0,0,0,0,0,7,17,6,0,0,0,0,0,9,0,0,0,23,0,0,0,0,0,0,3,28,0,0,0,0,1,0,13,0,5,6,5,6,0,4,0,0,0,0,0,0,23,6,0,0,0,2,5,0,0,0,0,7,0,0,0,0,2,0,0,0,0,0,0,0,0,0,0,0,0,0,0,0,0,0,0,0,0,0,0,0,0,3,4,0,0,0,0,0,0,0,0,0,1,0,0,0,0,2,0,0,0,0,0,0,0,0,0,0,0,0,0,0,0,0,0,0,0,0,0,0,0,0,0,1,0,0,0,0,1,0,0,0,0,0,0,0,0,0,0,0,0,0,0,0,0,0,0,0,0,0,0,0,0,0,0,0,0,0,0,0,0,0,0,0,0,0,0,0,0,0,0,0,0,0,0,0,0,0,0,0,0,0,0,0,0,0,0,0,0,0,0,0,0,0,0,0,0,0,0,0,0,0,0,0,0,0,0,0,0,0,0,0,0,0,0,0,0,0,0,0,0,0,0,0,0,0,0,0,0,0,0,0,0,0,0,0,0,0,0,0,0,0,0,0,0,0,0,0,0,0,0,0,0,0,0,0,0,0,0,0,0,0,0,0,0,0,0,0,0,0,0,0,0,0,0,0,0,0,0,0,0,0,0,0,0,0,0,0,0,0,0,0,0,0,0,0,0,0,0,0,0,0,0,0,0,0,0,0,0,0,0,0,0,0,0,0,0,0,0,0,0,0,0,0,0,0,0,0,0,0,0,0,0,0,0,0,0,0,0,0,0,0,0,0,0,0,0,0,0,0,0,0,0,0,0,0,0,0,0,0,0,0,0,0,0,0,0,0,0,0,,,0.157572337,0.042776811,0.001089032,0.010693191,0.000818001,0.001781706,0.008206807,3.27001e-05,0.00188831,0.008106607,0.01677761,0.000158481,0.000277897,6.91227e-06,0.011983353,0.034541112,0.003733164,0.00521418,0.005831095,0.010833153,0.020058057,0.000275035,0.000383643,0.004923207,0.029674377,0.000589019,0.064238614,0.00261617,0.002697748,0.003711231,0.003611148,0.01395856,0.00949311,0.027901975,0.007329592,0.000421409,0.00770207,0.000798862,0.015638903,0.022342839,0.001519556,0.000347307,0.062790084,4.27529e-06,0.37465075
Copenhagen,Rensningsanlaeg Avedoere,Denmark,53,2020-02-11 00:00:00,1007207_1,13,109,42,0,9,49,0,0,0,58,3,5,154,83,580,6,58,264,0,79,0,3,34,33,10,399,31,9,10,48,159,0,25,5,134,101,58,9,301,0,0,123,134,11,0,131,5,10,52,0,24,13,8,19,39,75,1,318,0,236,33,37,99,0,12,260,6,74,60,28,39,35,80,0,4,0,17,0,112,61,18,7,0,551,0,0,28,20,0,13,107,107,60,0,562,17,18,6,0,0,0,36,0,0,12,49,7,9,48,0,0,0,11,0,9,19,0,3,3,1,13,0,20,0,0,0,0,13,0,0,0,8,5,0,0,0,0,0,0,0,0,0,3,6,3,5,0,2,0,0,0,1,0,0,2,0,0,0,0,0,0,5,0,0,3,0,0,0,0,0,2,0,0,0,2,0,4,0,0,0,0,0,0,0,0,4,5,0,0,0,0,5,0,0,0,0,0,0,3,0,0,0,0,4,0,0,0,0,0,0,0,0,4,5,0,0,0,0,0,0,0,0,0,0,11,0,0,0,0,0,0,0,0,0,0,0,4,0,0,0,0,0,0,0,0,0,0,0,0,0,0,0,0,0,0,0,0,0,0,0,0,0,0,0,0,0,0,0,0,0,0,0,0,0,0,2,1,0,0,0,0,0,0,0,0,0,0,0,0,0,0,6,0,0,0,0,0,0,0,0,0,0,0,0,0,0,0,0,0,0,0,0,0,0,0,0,0,0,0,0,0,0,0,0,0,0,0,0,0,0,0,0,0,0,0,0,0,0,0,0,0,0,0,0,0,0,0,0,0,0,0,0,0,0,0,0,0,0,0,0,0,0,0,0,0,0,0,0,0,0,0,0,0,0,0,0,0,0,0,0,0,0,0,0,0,0,0,0,0,0,0,0,0,0,0,0,0,0,0,0,0,0,0,0,0,0,0,0,0,0,0,0,0,0,0,0,0,0,0,0,0,0,0,0,0,0,0,0,0,0,0,0,0,0,0,0,0,0,0,0,0,0,0,0,0,0,0,0,0,0,0,0,0,0,0,0,0,0,0,0,0,0,0,0,0,0,0,0,0,0,0,0,0,0,0,0,0,0,0,0,0,0,0,0,0,0,0,0,0,0,0,0,0,0,0,0,0,0,0,0,0,0,0,0,0,0,0,0,0,0,0,0,0,0,0,0,0,0,0,0,0,0,0,0,0,0,0,0,0,0,0,0,0,0,0,0,0,0,0,0,0,0,0,0,0,0,0,0,0,0,0,0,0,0,,,0.196968144,0.013043737,0.007593051,0.018247492,0.000570861,0.004737422,0.010446556,0.000342456,0.001560257,0.005709122,0.019923979,0.000310335,0.000312897,0.000148656,0.008468195,0.019957309,0.000989641,0.007576396,0.006612452,0.003826088,0.02981262,0.001429142,0.003848845,0.001463508,0.017574236,0.000676216,0.030498599,0.004562096,0.001442701,0.007293403,0.016153881,0.029458635,0.005328602,0.009479185,0.014257825,0.001136311,0.004873714,0.000812272,0.034146311,0.005257231,0.001637091,0.001115966,0.007711461,0.000720606,0.441964496
Copenhagen,Rensningsanlaeg Damhusaaen,Denmark,53,2020-02-11 00:00:00,1007208_1,22,186,62,6,24,301,26,0,0,124,3,0,1171,165,1235,6,122,1068,5,214,4,19,140,10,86,1095,32,6,28,101,191,2,115,21,581,198,305,119,391,14,287,290,199,31,11,204,0,218,179,0,98,32,36,43,247,75,0,1583,5,293,68,53,107,6,20,1178,37,159,319,145,41,48,121,3,39,10,159,2,375,76,9,51,0,1348,0,0,138,43,0,35,247,641,216,1,2821,113,47,36,0,12,0,144,0,0,4,170,4,16,52,5,12,0,11,9,11,34,0,0,10,3,24,0,21,0,0,0,0,24,0,0,12,16,15,0,0,0,13,0,0,0,0,4,0,29,3,0,0,2,0,0,11,16,0,0,8,0,1,0,0,0,0,7,0,0,18,6,0,0,0,0,3,0,0,0,8,0,0,4,0,0,2,0,4,0,10,3,0,0,0,0,3,0,0,0,0,0,1,0,6,0,0,4,4,10,5,4,1,0,3,0,8,0,0,0,3,7,5,0,0,0,0,0,0,0,13,2,0,0,0,0,0,0,0,0,0,0,0,0,0,0,0,0,0,0,0,0,0,0,1,0,0,0,0,0,0,2,0,0,0,1,0,0,0,0,0,0,3,0,0,0,0,0,0,0,0,0,2,0,0,0,0,3,0,0,0,0,0,0,0,0,0,5,0,0,0,0,0,0,0,0,0,0,0,0,0,0,0,0,0,0,0,0,0,0,0,0,0,0,0,0,0,0,0,0,0,0,0,0,0,0,0,0,0,0,0,0,0,0,0,0,0,0,0,0,0,0,0,0,0,0,0,0,0,0,0,0,0,0,0,0,0,0,0,0,0,0,0,0,0,0,0,0,0,0,0,0,0,0,0,0,0,0,0,0,0,0,0,0,0,0,0,0,0,0,0,0,0,0,0,0,0,0,0,0,0,0,0,0,0,0,0,0,0,0,0,0,0,0,0,0,0,0,0,0,0,0,0,0,0,0,0,0,0,0,0,0,0,0,0,0,0,0,0,0,0,0,0,0,0,0,0,0,0,0,0,0,0,0,0,0,0,0,0,0,0,0,0,0,0,0,0,0,0,0,0,0,0,0,0,0,0,0,0,0,0,0,0,0,0,0,0,0,0,0,0,0,0,0,0,0,0,0,0,0,0,0,0,0,0,0,0,0,0,0,0,0,0,0,0,0,0,0,0,0,0,0,0,0,0,0,0,0,0,0,0,0,0,0,0,0,0,0,0,0,0,0,0,0,0,0,0,0,0,0,,,0.235051136,0.013765874,0.001252792,0.008016192,0.000671862,0.001564766,0.004681562,1.68207e-05,0.001320837,0.003329556,0.029689288,0.000242102,0.000116957,2.64412e-05,0.048907724,0.032613362,0.001208526,0.034168328,0.009009094,0.017612925,0.004599823,0.000256292,0.000150997,0.001212986,0.01192019,0.000601484,0.043776583,0.00204648,0.001281687,0.003749439,0.002713744,0.045184694,0.004425004,0.014526608,0.064836801,0.000551755,0.003555723,0.001427511,0.013327542,0.00756662,0.001586361,0.000172622,0.028261414,7.82204e-05,0.298923274
Copenhagen,Rensningsanlaeg Lynetten,Denmark,53,2020-02-11 00:00:00,1007206_1,91,545,92,25,43,296,34,4,2,112,80,0,1055,179,1146,421,100,1490,16,180,9,36,138,13,128,915,24,5,168,124,274,12,111,20,700,615,290,156,580,18,41,254,239,21,54,264,476,279,228,2,73,22,37,44,179,69,6,2003,18,410,37,40,104,8,32,986,42,175,259,121,75,60,127,0,37,8,207,8,285,68,12,68,0,1278,0,0,103,26,3,29,272,755,241,0,3574,118,24,29,86,13,5,97,0,4,10,55,20,13,84,0,4,6,5,12,19,12,0,0,14,18,18,2,15,0,6,0,0,23,0,0,16,20,19,0,5,12,9,0,3,0,1,0,0,14,5,4,0,3,0,3,10,17,7,0,58,0,8,0,0,0,0,11,0,3,22,5,9,0,0,0,1,0,0,0,36,126,2,8,0,0,9,0,5,0,13,2,1,0,1,0,0,5,2,0,0,0,1,1,4,0,0,4,5,24,0,7,2,3,5,0,8,6,0,10,1,4,8,0,0,0,0,0,0,0,7,1,2,0,0,0,3,2,12,0,0,0,0,0,0,0,0,0,0,0,0,0,0,0,0,0,0,0,0,1,0,0,0,0,0,0,0,0,0,0,0,0,0,0,6,0,0,0,0,0,0,0,2,0,0,0,0,0,0,2,0,0,0,0,0,0,0,0,0,0,0,0,0,0,0,0,0,0,0,0,0,0,7,2,0,0,0,0,1,0,0,0,0,0,0,0,0,0,0,0,0,0,0,0,1,10,2,2,1,0,0,0,0,0,0,0,0,0,0,0,0,0,0,0,0,0,0,0,0,0,0,0,0,0,0,0,0,0,0,0,0,0,0,0,0,0,0,0,0,0,0,0,0,0,0,0,0,0,0,0,0,0,0,0,0,0,0,0,0,0,0,0,0,0,0,0,0,0,0,0,0,0,0,0,0,0,0,0,0,0,0,0,0,0,0,0,0,0,0,0,0,0,0,0,0,0,0,0,0,0,0,0,0,0,0,0,0,0,0,0,0,0,0,0,0,0,0,0,0,0,0,0,0,0,0,0,0,0,0,0,0,0,0,0,0,0,0,0,0,0,0,0,0,0,0,0,0,0,0,0,0,0,0,0,0,0,0,0,0,0,0,0,0,0,0,0,0,0,0,0,0,0,0,0,0,0,0,0,0,0,0,0,0,0,0,0,0,0,0,0,0,0,0,0,0,0,0,0,0,0,0,0,0,0,0,0,0,0,0,0,0,0,0,0,0,0,0,0,0,0,,,0.065974818,0.011685167,0.000897693,0.012511055,0.000322793,0.001880678,0.003965164,0.188705837,0.00047957,0.00677087,0.005658104,0.000445488,5.23665e-05,0.000273525,0.01398477,0.009807623,0.00032897,0.00482728,0.000607208,0.002306451,0.006247642,0.001057108,0.011156078,0.001801329,0.008559357,0.002524612,0.022746529,0.000726759,0.001705168,0.005668392,0.001460691,0.003414364,0.00266659,0.003463761,0.002116881,0.009865071,0.002144924,0.000369683,0.007317795,0.00577885,0.000101522,0.000250347,0.013362502,0.015131143,0.538877472
Copenhagen,Rensningsanlaeg Avedoere,Denmark,55,2020-02-19 00:00:00,1007210_1,1,3,0,0,0,14,2,0,0,2,0,0,3,0,18,0,1,33,0,6,0,1,2,0,1,31,0,0,0,1,2,0,1,0,6,4,5,3,5,0,0,2,2,0,0,7,0,7,3,0,4,3,0,0,5,0,0,32,0,5,0,0,2,1,2,24,0,2,9,3,1,3,1,0,0,0,0,0,19,0,0,1,0,33,0,0,1,4,0,0,5,10,4,0,52,2,2,5,0,0,0,4,0,0,0,0,0,1,0,0,0,0,0,0,0,0,0,0,0,0,0,0,0,0,0,0,0,0,0,0,0,0,2,0,0,0,2,0,0,0,0,0,1,0,0,0,0,0,0,0,0,0,0,0,1,0,0,0,0,0,0,0,0,1,2,0,1,0,0,0,0,0,0,0,0,0,0,0,0,0,0,1,0,0,0,0,0,0,0,0,0,0,0,0,0,0,0,0,0,0,0,0,0,0,0,1,0,1,0,0,0,0,0,0,0,1,0,0,0,0,0,0,0,0,0,0,0,0,0,0,0,0,0,0,0,0,0,0,0,0,0,0,0,0,0,0,0,0,0,0,0,0,0,0,0,0,0,0,0,0,0,0,0,0,0,0,0,0,0,0,0,0,0,0,0,0,0,0,0,0,0,0,0,0,0,0,0,0,0,0,0,0,0,0,0,0,0,0,0,0,0,0,0,0,0,0,0,0,0,0,0,0,0,0,0,0,0,0,0,0,0,0,0,0,0,0,0,0,0,0,0,0,0,0,0,0,0,0,0,0,0,0,0,0,0,0,0,0,0,0,0,0,0,0,0,0,0,0,0,0,0,0,0,0,0,0,0,0,0,0,0,0,0,1,0,0,0,0,0,0,0,0,0,0,0,0,0,0,0,0,0,0,0,0,0,0,0,0,0,0,0,0,0,0,0,0,0,0,0,0,0,0,0,0,0,0,0,0,0,0,0,0,0,0,0,0,0,0,0,0,0,0,0,0,0,0,0,0,0,0,0,0,0,0,0,0,0,0,0,0,0,0,0,0,0,0,0,0,0,0,0,0,0,0,0,0,0,0,0,0,0,0,0,0,0,0,0,0,0,0,0,0,0,0,0,0,0,0,0,0,0,0,0,0,0,0,0,0,0,0,0,0,0,0,0,0,0,0,0,0,0,0,0,0,0,0,0,0,0,0,0,0,0,0,0,0,0,0,0,0,0,0,0,0,0,0,0,0,0,0,0,0,0,0,0,0,0,0,0,0,0,0,0,0,,,0.192431633,0.016623877,0.004884766,0.040805653,0.000315001,0.001207959,0.008323075,0.000506609,0.002268298,0.006478299,0.016790585,9.12702e-05,0.000461784,3.44449e-05,0.010142276,0.032637081,0.001606636,0.008951104,0.009047224,0.004022622,0.010633343,0.000305767,0.000803415,0.003068662,0.025330256,0.000620585,0.021261235,0.003665663,0.002213897,0.004873935,0.005305024,0.048282441,0.003430661,0.006044863,0.048397259,0.000339523,0.005388721,0.000746472,0.032868712,0.004108679,0.001236968,0.000615862,0.013954657,0.001121134,0.397752069
Copenhagen,Rensningsanlaeg Damhusaaen,Denmark,55,2020-02-19 00:00:00,1007211_1,18,105,43,5,15,130,6,0,0,54,0,0,1672,100,344,0,39,58,5,33,4,6,59,12,52,151,14,4,5,18,46,23,52,0,389,136,156,281,153,0,0,87,108,18,3,122,0,371,98,0,41,7,9,21,47,16,0,378,0,220,40,35,63,0,0,351,20,75,49,152,20,24,83,5,19,12,15,0,43,16,13,63,0,133,0,0,46,7,0,9,150,134,264,0,643,43,7,0,0,7,0,0,0,7,4,11,12,0,30,0,0,0,0,0,0,5,0,5,0,4,0,0,9,0,0,0,4,19,0,0,2,5,6,0,0,0,5,0,5,0,3,2,0,3,2,8,0,0,0,3,8,7,13,0,75,0,0,0,0,0,0,0,0,0,136,0,2,0,0,0,0,0,0,0,24,0,0,0,0,0,5,0,0,0,18,0,0,0,0,0,0,0,0,0,0,0,0,0,0,0,0,4,6,34,0,0,0,3,2,0,8,0,6,0,0,0,14,0,0,0,0,9,0,0,6,3,0,0,0,0,0,3,20,0,0,0,0,0,0,0,0,0,0,0,0,0,0,0,0,0,0,0,0,0,0,0,0,0,0,0,0,0,0,0,0,0,0,0,0,0,0,0,0,0,0,0,1,0,0,1,0,0,0,0,0,0,0,0,0,0,0,0,0,0,0,0,0,0,0,0,0,0,0,0,0,0,0,0,0,0,0,0,0,0,0,0,0,0,0,0,0,0,0,0,0,0,0,0,0,0,0,0,0,0,0,0,0,0,0,0,0,0,0,0,0,0,0,0,0,0,0,0,0,0,0,0,0,0,0,0,0,0,0,0,0,0,0,0,0,0,0,0,0,0,0,0,0,0,0,0,0,0,0,0,0,0,0,0,0,0,0,0,0,0,0,0,0,0,0,0,0,0,0,0,0,0,0,0,0,0,0,0,0,0,0,0,0,0,0,0,0,0,0,0,0,0,0,0,0,0,0,0,0,0,0,0,0,0,0,0,0,0,0,0,0,0,0,0,0,0,0,0,0,0,0,0,0,0,0,0,0,0,0,0,0,0,0,0,0,0,0,0,0,0,0,0,0,0,0,0,0,0,0,0,0,0,0,0,0,0,0,0,0,0,0,0,0,0,0,0,0,0,0,0,0,0,0,0,0,0,0,0,0,0,0,0,0,0,0,0,0,0,0,0,0,0,0,0,0,0,0,0,0,0,0,0,0,0,0,0,0,0,0,0,0,0,0,0,0,0,0,0,0,0,,,0.220121911,0.046708291,0.003480832,0.014830438,0.000436476,0.004183033,0.003668572,0.000191273,0.000867473,0.006975035,0.015561147,9.2468e-05,0.000169513,1.10859e-05,0.039429208,0.017171775,0.000865319,0.004762824,0.0427452,0.01401992,0.009061632,0.000118627,0.000172706,0.00204704,0.028325259,0.000628054,0.035050426,0.00321554,0.004046288,0.006061833,0.002370076,0.04066741,0.005588761,0.00738065,0.047609767,0.000260078,0.005164024,0.001193631,0.01425683,0.005148538,0.000562193,0.000380284,0.044543394,4.3766e-05,0.299811398
Copenhagen,Rensningsanlaeg Lynetten,Denmark,55,2020-02-19 00:00:00,1007209_1,95,413,75,8,14,220,23,0,0,123,21,24,500,165,957,277,98,984,2,81,6,15,104,55,44,941,33,20,88,80,348,0,71,14,804,406,185,68,685,0,54,278,233,35,11,260,293,90,149,0,45,6,15,45,110,106,1,1864,5,413,38,32,156,19,11,683,5,181,181,81,102,43,91,0,7,5,81,0,198,56,18,34,0,1318,0,0,93,44,11,25,218,760,123,0,3155,37,31,17,36,6,2,59,7,4,11,92,6,12,110,0,0,0,5,0,32,20,0,0,14,4,13,4,25,0,6,0,0,16,0,0,6,16,15,0,0,11,33,0,0,0,0,6,0,15,4,3,0,3,1,8,3,7,1,0,18,0,2,0,3,0,0,0,0,0,3,0,2,0,0,0,2,0,0,2,18,108,2,0,0,0,4,0,0,1,0,3,0,0,0,0,6,12,8,0,0,0,0,0,0,0,0,0,3,3,0,7,0,0,0,0,13,6,7,11,1,0,0,0,0,0,0,0,0,2,23,7,0,0,0,0,6,0,0,0,0,2,0,0,0,0,0,5,0,0,0,0,2,0,0,0,0,0,0,0,0,0,0,0,0,0,0,0,0,0,0,0,2,4,6,0,0,0,0,0,0,0,0,0,0,0,0,0,0,0,0,0,0,0,0,0,0,0,0,0,0,0,0,0,0,0,0,0,0,0,0,0,0,0,0,0,0,0,0,0,0,0,0,0,0,0,0,0,0,0,0,0,0,0,0,0,0,0,0,0,0,0,0,0,0,0,0,0,0,0,0,0,0,0,0,0,0,0,0,0,0,0,0,0,0,0,0,0,0,0,0,0,0,0,0,0,0,0,0,0,0,0,0,0,0,0,0,0,0,0,0,0,0,0,0,0,0,0,0,0,0,0,0,0,0,0,0,0,0,0,0,0,0,0,0,0,0,0,0,0,0,0,0,0,0,0,0,0,0,0,0,0,0,0,0,0,0,0,0,0,0,0,0,0,0,0,0,0,0,0,0,0,0,0,0,0,0,0,0,0,0,0,0,0,0,0,0,0,0,0,0,0,0,0,0,0,0,0,0,0,0,0,0,0,0,0,0,0,0,0,0,0,0,0,0,0,0,0,0,0,0,0,0,0,0,0,0,0,0,0,0,0,0,0,0,0,0,0,0,0,0,0,0,0,0,0,0,0,0,0,0,0,0,0,0,0,0,0,0,0,0,0,0,0,0,0,0,0,0,0,0,0,0,0,0,0,0,0,0,0,,,0.248067439,0.025194144,0.002698207,0.011938912,0.000335379,0.005634995,0.008210296,0.000749187,0.001126141,0.007643373,0.027512262,5.99745e-05,0.000409373,0.000286449,0.013198401,0.01436063,0.00061013,0.003967725,0.065037552,0.004360872,0.014153391,0.000173585,0.000593812,0.002176063,0.032274777,0.000468577,0.048905951,0.003544277,0.003086751,0.003787634,0.003183932,0.026654502,0.018211191,0.015408431,0.004703277,0.000515871,0.008135657,0.002983222,0.012206598,0.011375564,0.000473797,0.000484755,0.018014348,0.000421713,0.326660883
Copenhagen,Rensningsanlaeg Damhusaaen,Denmark,56,2020-02-26 00:00:00,1007212_1,46,214,65,6,35,125,25,0,0,108,4,0,518,157,906,6,174,405,8,221,6,22,76,18,83,729,71,11,29,95,188,11,44,9,463,212,177,65,399,7,0,139,203,13,6,174,0,108,85,0,40,16,12,29,78,140,1,966,6,379,73,54,155,0,17,425,36,113,124,53,74,88,134,2,29,0,78,0,351,58,11,31,3,886,5,0,55,22,2,25,256,452,111,5,1767,73,42,84,0,10,2,38,0,0,14,35,29,10,61,3,7,0,6,8,14,25,0,4,61,6,12,0,6,0,2,0,0,16,0,0,4,9,7,0,0,0,25,0,3,0,0,3,3,9,0,9,0,4,0,4,7,18,13,0,42,0,6,0,0,0,0,9,0,4,16,4,6,0,0,0,2,0,0,0,8,0,0,2,0,0,0,0,0,0,10,5,1,0,0,0,3,9,0,0,0,0,0,1,0,0,0,0,0,29,3,0,0,0,0,0,3,0,0,5,0,0,0,0,0,0,0,0,0,1,0,4,0,0,0,0,0,0,0,0,0,0,0,0,0,0,0,2,0,0,0,0,0,0,0,0,0,0,0,0,0,0,0,0,0,1,0,3,0,0,0,0,0,0,0,0,0,0,0,0,0,0,0,0,0,0,0,0,0,0,0,0,0,0,0,0,0,0,0,0,0,0,0,0,0,0,0,0,0,0,0,0,0,0,0,0,0,0,0,0,0,0,0,0,2,0,0,0,0,0,0,0,0,0,0,0,0,0,0,0,0,0,0,0,0,0,0,0,0,0,0,0,0,0,0,0,0,0,0,0,0,0,0,0,0,0,0,0,0,0,0,0,0,0,0,0,0,0,0,0,0,0,0,0,0,0,0,0,0,0,0,0,0,0,0,0,0,0,0,0,0,0,0,0,0,0,0,0,0,0,0,0,0,0,0,0,0,0,0,0,0,0,0,0,0,0,0,0,0,0,0,0,0,0,0,0,0,0,0,0,0,0,0,0,0,0,0,0,0,0,0,0,0,0,0,0,0,0,0,0,0,0,0,0,0,0,0,0,0,0,0,0,0,0,0,0,0,0,0,0,0,0,0,0,0,0,0,0,0,0,0,0,0,0,0,0,0,0,0,0,0,0,0,0,0,0,0,0,0,0,0,0,0,0,0,0,0,0,0,0,0,0,0,0,0,0,0,0,0,0,0,0,0,0,0,0,0,0,0,0,0,0,0,0,0,0,0,0,0,0,0,0,0,0,0,0,0,0,0,0,,,0.515416679,0.019436888,0.001457911,0.005046416,0.000400763,0.002273744,0.002755588,0.000170589,0.000599804,0.002266189,0.012520002,8.44079e-05,0.00028298,3.43834e-05,0.055315433,0.023942409,0.000939588,0.001920813,0.005284761,0.012538783,0.00383507,6.63627e-05,7.99324e-05,0.001692249,0.007293276,0.000275022,0.01254413,0.001310509,0.00291597,0.0025329,0.001657461,0.044562797,0.001717453,0.003293955,0.069800711,0.000160039,0.001113584,0.000639553,0.009491297,0.003169573,0.000756525,0.000159952,0.00954723,1.87422e-05,0.158677573
Copenhagen,Rensningsanlaeg Avedoere,Denmark,56,2020-02-29 00:00:00,1007201_1,65,240,86,11,24,199,32,5,0,100,0,13,928,188,511,4,126,751,19,113,4,13,81,4,110,680,46,5,22,80,130,53,67,5,520,311,152,107,313,13,0,175,217,8,5,131,4,195,119,0,83,9,20,13,93,144,3,1300,12,461,73,37,139,0,23,688,36,119,133,96,68,96,154,0,28,0,54,11,245,84,16,35,3,996,7,0,80,12,0,24,176,628,202,0,2353,113,14,31,0,11,1,41,0,24,14,50,74,14,93,0,7,0,15,0,5,37,0,13,52,13,10,2,16,0,3,0,6,27,0,0,2,7,21,0,4,0,31,0,3,0,2,4,0,7,1,13,0,3,0,10,27,9,34,0,111,0,3,0,0,0,0,0,0,0,58,0,5,0,0,0,10,0,0,0,12,0,17,5,0,0,0,0,0,3,18,11,0,0,0,0,0,5,0,0,0,0,0,0,6,0,0,7,2,28,0,0,0,0,2,0,8,6,0,3,0,0,7,10,0,0,0,0,0,1,8,6,0,0,0,0,3,0,6,0,0,0,0,0,0,0,0,0,0,0,0,0,0,0,0,0,0,0,0,0,0,0,0,0,0,0,0,11,0,0,0,0,0,0,0,0,0,0,0,0,0,0,0,0,0,0,0,0,0,3,0,1,0,0,0,0,0,0,0,0,0,0,0,0,0,0,0,0,0,0,0,0,0,0,0,0,0,0,0,0,0,0,0,0,0,0,0,0,0,0,0,0,0,0,0,0,0,0,0,0,0,0,0,0,0,0,0,0,0,0,0,0,2,0,0,0,0,0,0,0,0,0,0,0,0,0,9,0,0,0,0,0,0,0,0,0,0,0,0,0,0,0,0,0,0,0,0,0,0,0,0,0,0,0,0,0,0,0,0,0,0,0,0,0,0,0,0,0,0,0,0,0,0,0,0,0,0,0,0,0,0,0,0,0,0,0,0,0,0,0,0,0,0,0,0,0,0,0,0,0,0,0,0,0,0,0,0,0,0,0,0,0,0,0,0,0,0,0,0,0,0,0,0,0,0,0,0,0,0,0,0,0,0,0,0,0,0,0,0,0,0,0,0,0,0,0,0,0,0,0,0,0,0,0,0,0,0,0,0,0,0,0,0,0,0,0,0,0,0,0,0,0,0,0,0,0,0,0,0,0,0,0,0,0,0,0,0,0,0,0,0,0,0,0,0,0,0,0,0,0,0,0,0,0,0,0,0,0,0,0,0,0,0,0,0,0,0,0,0,0,,,0.186438839,0.025138607,0.002347667,0.027811658,0.000355574,0.003122699,0.00714426,4.79482e-05,0.001629051,0.008910081,0.020874491,3.10352e-05,0.000428814,5.75302e-05,0.017762931,0.01965592,0.002437769,0.050164855,0.00079543,0.004954105,0.035304238,0.001589407,0.000347751,0.00246276,0.018488416,0.000704543,0.017484005,0.001166745,0.00203517,0.004392203,0.011087361,0.014305608,0.006527414,0.010170516,0.006976118,0.000502088,0.005310175,0.000522101,0.034394567,0.004804319,0.000843899,0.000419395,0.021907551,0.000525722,0.417618662
Copenhagen,Rensningsanlaeg Damhusaaen,Denmark,56,2020-02-29 00:00:00,1007202_1,81,617,119,4,29,314,25,3,0,155,13,19,710,278,1212,394,136,1589,23,144,5,17,160,11,109,1133,41,10,75,110,395,11,76,8,633,648,306,95,818,12,63,396,340,25,23,305,440,111,278,0,60,28,24,54,114,135,2,1788,10,554,164,74,169,9,30,766,30,160,280,137,97,47,204,0,28,8,86,0,230,62,21,47,0,1618,1,0,83,81,8,42,308,691,204,0,3309,113,24,18,49,13,2,109,5,8,7,96,22,12,119,0,2,0,14,10,19,20,0,10,15,11,17,4,21,0,6,0,0,28,0,0,29,17,7,0,0,16,25,0,3,0,2,6,0,14,3,8,0,7,2,5,10,7,14,0,44,0,8,0,0,0,0,0,0,4,5,3,6,3,0,2,3,0,0,0,34,0,3,0,4,0,5,0,3,0,10,3,1,0,0,0,6,11,4,1,0,9,1,1,2,4,0,7,3,32,0,2,6,7,0,0,7,0,9,14,2,2,0,0,0,0,0,0,0,0,29,6,0,0,0,0,5,0,0,0,1,3,0,0,0,4,1,2,2,2,4,2,2,0,0,0,0,0,0,0,0,0,0,0,0,0,0,0,0,0,0,0,0,0,0,0,0,0,0,0,0,0,0,0,0,0,0,0,0,0,0,0,0,0,0,0,0,0,0,0,0,0,0,0,0,0,0,0,0,0,0,0,0,0,0,0,0,0,0,0,0,0,0,0,0,0,0,0,0,0,0,0,0,0,0,0,0,0,0,0,0,0,0,0,0,0,0,0,0,0,0,0,0,0,0,0,0,0,0,0,0,0,0,0,0,0,0,0,0,0,0,0,0,0,0,0,0,0,0,0,0,0,0,0,0,0,0,0,0,0,0,0,0,0,0,0,0,0,0,0,0,0,0,0,0,0,0,0,0,0,0,0,0,0,0,0,0,0,0,0,0,0,0,0,0,0,0,0,0,0,0,0,0,0,0,0,0,0,0,0,0,0,0,0,0,0,0,0,0,0,0,0,0,0,0,0,0,0,0,0,0,0,0,0,0,0,0,0,0,0,0,0,0,0,0,0,0,0,0,0,0,0,0,0,0,0,0,0,0,0,0,0,0,0,0,0,0,0,0,0,0,0,0,0,0,0,0,0,0,0,0,0,0,0,0,0,0,0,0,0,0,0,0,0,0,0,0,0,0,0,0,0,0,0,0,0,0,0,0,0,0,0,0,0,0,0,0,0,0,0,0,0,0,0,0,0,0,0,0,0,,,0.403892228,0.022535328,0.002475393,0.033368545,0.000304784,0.002182498,0.005586205,1.53908e-05,0.000984524,0.005927089,0.016223598,7.79788e-05,0.000245878,2.39151e-05,0.018516783,0.034756217,0.00119619,0.006769363,0.001071707,0.005723771,0.011094038,0.000153853,0.000953418,0.001912113,0.008306805,0.000496205,0.056796232,0.001373451,0.002389245,0.003972096,0.004249619,0.011651968,0.004042422,0.006065035,0.005299001,0.000509301,0.001925533,0.00043659,0.017164,0.013711977,0.000510554,0.000305317,0.024807001,3.78719e-05,0.259958969
Copenhagen,Rensningsanlaeg Lynetten,Denmark,56,2020-02-29 00:00:00,1007200_1,42,237,74,5,23,110,15,0,5,140,0,0,986,189,916,0,101,566,13,93,4,15,119,20,115,493,21,8,30,90,182,23,56,7,856,260,297,125,394,6,137,157,223,20,6,153,4,155,291,0,41,11,12,50,111,60,2,1479,5,549,78,56,143,0,7,634,26,142,116,102,75,29,134,0,39,3,52,3,154,46,25,39,0,667,0,0,64,33,6,22,283,690,284,0,2543,117,37,12,0,11,2,103,0,20,5,70,11,10,91,0,0,0,0,11,8,11,0,5,2,6,13,2,19,0,0,0,0,28,0,0,9,12,16,0,6,0,14,0,6,0,1,13,0,16,6,11,0,0,0,12,21,5,19,0,107,0,3,0,0,0,0,0,0,4,25,7,4,0,0,0,1,0,0,0,25,0,6,3,0,0,2,0,0,3,27,2,1,0,0,0,0,9,3,0,0,0,0,0,9,0,0,4,0,21,0,0,3,0,0,0,11,0,13,0,1,0,5,0,0,0,0,0,0,0,16,8,0,0,0,0,5,0,0,4,0,0,0,0,0,0,0,0,0,0,0,0,0,0,0,0,0,0,0,0,0,0,0,3,0,0,0,0,0,0,0,0,0,4,0,4,0,0,0,0,0,0,0,0,0,1,0,5,0,0,0,0,0,0,0,0,0,0,0,0,0,0,0,0,0,0,0,0,0,0,0,0,0,0,0,0,0,0,0,0,0,0,0,0,0,0,0,0,0,0,0,0,0,0,0,0,0,0,0,0,0,0,0,0,0,0,0,0,0,0,0,0,0,0,0,0,0,0,0,0,0,0,0,0,0,0,0,0,0,0,0,0,0,0,0,0,0,0,0,0,0,0,0,0,0,0,0,0,0,0,0,0,0,0,0,0,0,0,0,0,0,0,0,0,0,0,0,0,0,0,0,0,0,0,0,0,0,0,0,0,0,0,0,0,0,0,0,0,0,0,0,0,0,0,0,0,0,0,0,0,0,0,0,0,0,0,0,0,0,0,0,0,0,0,0,0,0,0,0,0,0,0,0,0,0,0,0,0,0,0,0,0,0,0,0,0,0,0,0,0,0,0,0,0,0,0,0,0,0,0,0,0,0,0,0,0,0,0,0,0,0,0,0,0,0,0,0,0,0,0,0,0,0,0,0,0,0,0,0,0,0,0,0,0,0,0,0,0,0,0,0,0,0,0,0,0,0,0,0,0,0,0,0,0,0,0,0,0,0,0,0,0,0,0,0,0,0,0,0,0,,,0.181965082,0.039398887,0.001060137,0.011301584,0.000224705,0.001133465,0.007176997,6.73191e-05,0.000943725,0.007950381,0.02254888,4.82303e-05,0.000182711,1.37413e-05,0.015933404,0.024882855,0.003185183,0.010306391,0.041563098,0.010427118,0.012099429,0.000116078,0.000318291,0.002410569,0.037150984,0.000350099,0.037540197,0.00157472,0.002126576,0.001982067,0.003554987,0.132000563,0.005546945,0.011622488,0.032216897,0.000419608,0.005349667,0.001380832,0.012777332,0.006474569,0.000411533,0.000247725,0.03582646,2.9194e-05,0.276158296
Copenhagen,Rensningsanlaeg Damhusaaen,Denmark,57,2020-03-05 00:00:00,1007217_1,110,291,53,23,56,252,18,0,0,56,128,16,223,160,902,191,79,1226,0,199,0,25,84,19,0,788,26,10,67,81,127,1,135,36,464,308,235,34,326,35,29,150,148,16,30,116,242,51,211,0,61,45,55,39,74,50,1,1488,5,202,100,21,113,16,43,946,7,107,165,51,47,29,62,0,0,0,105,2,312,36,6,33,0,997,136,0,142,7,0,31,260,442,97,4,2543,15,20,42,235,5,0,75,9,0,0,19,0,20,57,2,4,0,9,10,18,4,0,3,0,5,17,0,6,0,5,0,0,8,0,0,12,11,9,0,3,16,2,0,0,0,0,4,5,10,0,0,0,0,0,0,6,3,0,0,3,0,3,3,0,0,0,0,0,0,24,0,4,0,0,0,1,0,0,2,6,0,5,0,0,0,9,0,0,0,0,1,2,0,0,0,4,0,0,0,0,0,0,0,0,0,0,0,0,0,0,0,0,0,0,0,4,0,0,2,0,4,0,0,0,0,0,0,0,0,0,0,0,14,0,0,0,0,0,0,0,0,0,0,0,0,0,0,0,0,0,0,0,0,0,0,0,0,0,0,0,0,0,0,0,0,0,0,0,0,0,0,0,0,0,0,0,0,0,0,0,0,1,0,0,0,0,0,0,0,0,0,0,2,0,0,0,0,0,0,0,0,0,0,0,0,0,0,0,0,0,0,0,0,0,0,0,0,0,0,0,0,0,0,0,0,0,0,0,0,0,0,0,0,0,0,0,0,0,0,0,0,0,0,0,0,0,0,0,0,0,0,0,0,0,0,0,0,0,0,0,0,0,0,0,0,0,0,0,0,0,0,0,0,0,0,0,0,0,0,0,0,0,0,0,0,0,0,0,0,0,0,0,0,0,0,0,0,0,0,0,0,0,0,0,0,0,0,0,0,0,0,0,0,0,0,0,0,0,0,0,0,0,0,0,0,0,0,0,0,0,0,0,0,0,0,0,0,0,0,0,0,0,0,0,0,0,0,0,0,0,0,0,0,0,0,0,0,0,0,0,0,0,0,0,0,0,0,0,0,0,0,0,0,0,0,0,0,0,0,0,0,0,0,0,0,0,0,0,0,0,0,0,0,0,0,0,0,0,0,0,0,0,0,0,0,0,0,0,0,0,0,0,0,0,0,0,0,0,0,0,0,0,0,0,0,0,0,0,0,0,0,0,0,0,0,0,0,0,0,0,0,0,0,0,0,0,0,0,0,0,0,0,0,0,0,0,0,0,0,,,0.273624132,0.021953318,0.002343769,0.020387209,0.000746849,0.005631203,0.003922134,4.0479e-06,0.001147939,0.003942225,0.017390893,0.000113972,0.000436326,2.30408e-05,0.022995409,0.024674309,0.001313809,0.032943394,0.001222005,0.008339953,0.016048991,8.97413e-05,8.0288e-05,0.00184488,0.0116608,0.000428561,0.040217154,0.002099703,0.011810909,0.010564631,0.004668944,0.011153979,0.005892251,0.007162832,0.010012771,0.000438741,0.005273753,0.00084717,0.01357223,0.007944422,0.001268426,0.000598125,0.010842708,3.21101e-05,0.382289943
Copenhagen,Rensningsanlaeg Lynetten,Denmark,57,2020-03-05 00:00:00,1007216_2,7,32,15,0,3,43,5,0,0,24,0,0,115,44,196,0,14,274,0,44,0,4,20,3,4,199,3,0,5,21,41,0,18,4,93,37,52,18,102,0,3,69,42,8,5,34,0,12,41,0,13,7,3,11,37,16,0,236,0,62,7,6,20,0,4,181,4,31,54,9,12,3,9,0,5,0,9,0,74,3,0,15,0,350,1,0,15,12,1,6,55,96,32,0,439,8,0,11,0,4,0,20,0,0,0,6,4,6,18,0,0,0,0,0,3,0,0,0,2,0,2,0,10,0,0,0,0,0,0,0,10,1,2,0,1,0,2,0,0,0,0,2,2,1,0,0,0,0,0,0,1,1,3,0,8,0,2,0,0,0,0,0,0,0,4,0,0,0,0,0,0,0,0,0,0,0,0,0,0,0,0,0,0,0,4,1,0,0,0,0,0,0,0,0,0,0,0,0,0,0,0,0,0,4,0,0,0,0,0,0,5,0,1,0,0,2,0,0,0,0,0,0,0,0,0,0,0,0,0,0,0,0,0,0,0,0,0,0,0,0,0,0,0,0,0,0,0,0,0,0,0,0,0,0,0,0,0,0,0,0,0,0,0,0,0,0,0,0,0,0,0,0,0,0,0,0,0,0,0,0,0,0,0,0,0,0,0,0,0,0,0,0,0,0,0,0,0,0,0,0,0,0,0,0,0,0,0,0,0,0,0,0,0,0,0,0,0,0,0,0,0,0,0,0,0,0,0,3,0,0,0,0,0,0,0,0,0,0,0,0,0,0,0,0,0,0,0,0,0,0,0,0,0,0,0,0,0,0,0,0,0,0,0,0,0,0,0,0,0,0,0,0,0,0,0,0,0,0,0,0,0,0,0,0,0,0,0,0,0,0,0,0,0,0,0,0,0,0,0,0,0,0,0,0,0,0,0,0,0,0,0,0,0,0,0,0,0,0,0,0,0,0,0,0,0,0,0,0,0,0,0,0,0,0,0,0,0,0,0,0,0,0,0,0,0,0,0,0,0,0,0,0,0,0,0,0,0,0,0,0,0,0,0,0,0,0,0,0,0,0,0,0,0,0,0,0,0,0,0,0,0,0,0,0,0,0,0,0,0,0,0,0,0,0,0,0,0,0,0,0,0,0,0,0,0,0,0,0,0,0,0,0,0,0,0,0,0,0,0,0,0,0,0,0,0,0,0,0,0,0,0,0,0,0,0,0,0,0,0,0,0,0,0,0,0,0,0,0,0,0,0,0,0,0,,,0.219919311,0.026598823,0.002610126,0.011792987,0.000243941,0.004733136,0.005916134,0.000466414,0.000844781,0.009432222,0.030508873,3.12446e-05,0.000340305,1.04429e-05,0.016295855,0.009700024,0.000636689,0.031842529,0.001011769,0.011540884,0.013546013,0.000132815,0.000134412,0.010445965,0.016860503,0.000401889,0.038388497,0.001457957,0.005709057,0.006920285,0.002159655,0.009300708,0.005152949,0.005635651,0.037175014,0.000264881,0.007815924,0.000449483,0.012768621,0.006367042,0.000349018,0.00064281,0.050498233,3.11291e-05,0.382915
Copenhagen,Rensningsanlaeg Avedoere,Denmark,58,2020-03-12 00:00:00,1007218_2,53,829,42,18,34,204,20,0,4,90,50,13,668,179,837,908,94,1025,10,122,3,11,122,14,104,731,14,0,64,103,228,10,66,12,653,925,234,69,481,10,44,198,177,12,21,181,1089,77,205,0,54,16,30,36,66,66,2,1648,14,368,116,27,136,5,21,682,28,182,99,70,69,24,104,0,18,4,148,0,210,39,7,31,0,1015,0,0,28,37,4,31,199,612,158,2,2949,85,39,25,70,7,0,49,4,0,5,38,13,9,54,0,0,0,2,6,9,9,0,0,10,10,17,3,20,0,6,0,0,21,0,0,12,20,18,0,0,7,39,0,2,0,3,4,5,9,4,9,0,4,0,7,9,6,10,0,30,0,2,0,5,0,2,5,0,0,33,0,2,0,0,0,0,0,0,0,11,0,0,0,0,0,3,0,0,1,17,3,0,0,0,0,0,0,0,1,0,0,0,0,5,0,3,3,0,9,3,0,0,0,0,0,6,0,0,8,0,0,6,0,0,0,0,0,0,0,11,0,0,0,0,0,0,0,0,3,0,0,0,2,0,0,0,0,0,0,0,0,0,0,0,0,0,0,0,0,0,0,0,0,0,0,0,0,0,0,0,2,0,0,4,0,0,0,0,0,0,0,0,0,1,0,0,0,0,0,0,0,0,1,0,0,0,0,0,0,0,0,0,0,0,0,0,0,0,0,0,0,0,0,0,0,0,0,0,0,0,0,0,0,0,0,0,0,0,0,0,0,0,0,0,0,0,0,0,0,0,0,0,0,0,0,0,0,0,0,0,0,0,0,0,0,0,0,0,0,0,0,0,0,0,0,0,0,0,0,0,0,0,0,0,0,0,0,0,0,0,0,0,0,0,0,0,0,0,0,0,0,0,0,0,0,0,0,0,0,0,0,0,0,0,0,0,0,0,0,0,0,0,0,0,0,0,0,0,0,0,0,0,0,0,0,0,0,0,0,0,0,0,0,0,0,0,0,0,0,0,0,0,0,0,0,0,0,0,0,0,0,0,0,0,0,0,0,0,0,0,0,0,0,0,0,0,0,0,0,0,0,0,0,0,0,0,0,0,0,0,0,0,0,0,0,0,0,0,0,0,0,0,0,0,0,0,0,0,0,0,0,0,0,0,0,0,0,0,0,0,0,0,0,0,0,0,0,0,0,0,0,0,0,0,0,0,0,0,0,0,0,0,0,0,0,0,0,0,0,0,0,0,0,0,0,0,0,0,0,0,0,0,0,0,0,0,0,0,0,,,0.195519498,0.034344603,0.003694703,0.024017204,0.000379774,0.001630608,0.010166925,0.000182431,0.001334483,0.006444121,0.021051175,0.001115707,0.000341039,9.17145e-06,0.021519069,0.03353111,0.002738767,0.027602156,0.002332854,0.00779216,0.035794065,0.000225678,0.000117679,0.002299529,0.042727443,0.000376959,0.031397008,0.002039798,0.002637964,0.002385843,0.010320617,0.017513277,0.008307036,0.00807431,0.018686666,0.00049834,0.008954754,0.000671876,0.017400729,0.008248655,0.002463414,0.000429494,0.027110885,0.000123364,0.355447058
Copenhagen,Rensningsanlaeg Damhusaaen,Denmark,58,2020-03-12 00:00:00,1007220_1,25,132,34,0,10,87,8,2,0,58,3,0,144,49,652,0,67,393,5,232,0,8,35,10,9,657,22,9,5,56,43,0,41,15,79,164,83,10,115,8,0,106,84,10,0,58,0,30,49,0,38,0,9,14,21,66,3,379,0,183,28,27,51,3,10,336,3,54,67,18,29,33,36,0,2,3,80,0,401,84,0,20,0,701,4,0,37,16,0,23,196,92,41,0,663,16,24,81,0,4,3,55,0,0,0,0,0,5,39,0,0,0,11,0,9,28,0,0,6,3,11,0,3,0,0,0,0,11,0,0,0,6,6,0,0,0,3,0,0,0,0,0,0,0,0,0,0,2,0,0,0,9,1,0,0,0,3,0,0,0,0,4,0,0,6,0,0,0,3,0,6,0,0,0,2,0,6,0,0,0,0,0,0,0,0,1,0,0,0,0,0,0,0,0,0,0,0,0,0,0,0,0,5,0,0,0,0,0,0,0,0,0,0,1,0,0,0,0,0,0,0,0,13,0,0,0,0,0,0,0,0,0,0,0,0,0,0,0,0,0,0,0,0,0,0,0,0,0,0,0,0,0,0,0,0,0,0,0,0,0,0,0,0,0,0,0,0,0,0,0,0,0,0,0,0,0,1,0,0,1,0,0,0,0,0,0,0,0,0,0,0,0,0,0,0,0,4,0,0,0,0,0,0,0,0,0,0,0,0,0,0,0,0,0,0,0,0,0,0,0,0,0,0,0,0,0,0,0,0,0,0,0,0,0,0,0,0,0,0,0,0,0,0,0,0,0,0,0,0,0,0,0,0,0,0,0,0,0,0,0,0,0,0,0,0,0,0,0,0,0,0,0,0,0,0,0,0,0,0,0,0,0,0,0,0,0,0,0,0,0,0,0,0,0,0,0,0,0,0,0,0,0,0,0,0,0,0,0,0,0,0,0,0,0,0,0,0,0,0,0,0,0,0,0,0,0,0,0,0,0,0,0,0,0,0,0,0,0,0,0,0,0,0,0,0,0,0,0,0,0,0,0,0,0,0,0,0,0,0,0,0,0,0,0,0,0,0,0,0,0,0,0,0,0,0,0,0,0,0,0,0,0,0,0,0,0,0,0,0,0,0,0,0,0,0,0,0,0,0,0,0,0,0,0,0,0,0,0,0,0,0,0,0,0,0,0,0,0,0,0,0,0,0,0,0,0,0,0,0,0,0,0,0,0,0,0,0,0,0,0,0,0,0,0,0,0,0,0,0,0,0,0,0,0,,,0.224005965,0.027989144,0.001202208,0.010695088,0.000297448,0.003140145,0.006825889,8.46914e-06,0.001048017,0.005449177,0.030424031,3.00184e-05,0.000194717,1.44916e-05,0.039951249,0.054963462,0.001331032,0.009557047,0.000955841,0.017869626,0.006573068,0.000178007,0.000213065,0.002225809,0.011516705,0.000362738,0.029245844,0.002017285,0.002286031,0.002614469,0.001767259,0.01656682,0.003564307,0.009121254,0.079412595,0.000441638,0.004889537,0.000449827,0.011577719,0.010544498,0.001939994,0.000461168,0.034284943,4.23567e-06,0.331788118
Copenhagen,Rensningsanlaeg Lynetten,Denmark,58,2020-03-12 00:00:00,1007219_2,16,87,50,0,8,97,12,0,0,47,0,0,176,54,501,0,56,389,0,85,0,7,50,16,10,488,27,0,7,46,81,0,57,7,249,78,114,40,192,0,24,136,82,9,0,83,0,51,74,0,36,14,18,28,76,45,1,489,0,156,34,23,93,0,11,400,4,63,101,42,26,17,34,0,0,0,31,0,156,14,3,27,0,636,0,0,49,20,0,21,133,188,64,0,969,7,11,17,0,7,0,25,0,0,5,39,3,7,37,0,0,0,0,0,6,9,0,0,0,2,0,0,8,0,0,0,0,7,0,0,10,12,7,0,0,0,0,0,0,0,0,4,3,0,0,0,0,0,0,8,2,7,0,0,9,0,0,0,0,0,0,0,0,2,8,0,0,0,0,0,0,0,0,0,2,0,0,0,0,0,0,0,0,0,0,2,0,0,0,0,0,0,0,0,0,0,0,0,0,0,0,0,0,0,0,0,0,0,0,0,5,0,0,2,0,4,0,0,0,0,0,5,0,0,9,2,0,0,0,0,0,0,0,0,0,0,0,0,0,0,0,0,0,0,0,0,0,0,0,0,0,0,0,0,0,0,0,0,0,0,0,0,0,0,0,0,0,0,0,0,0,0,0,0,0,0,0,0,0,0,0,0,0,0,0,0,0,0,0,0,0,0,0,0,0,0,0,0,0,0,0,0,0,0,0,0,0,0,0,0,0,0,0,0,0,0,0,0,0,0,0,0,0,0,0,0,0,0,0,0,0,0,0,0,0,0,0,0,0,0,0,0,0,0,0,0,0,0,0,0,0,0,0,0,0,0,0,0,0,0,0,0,0,0,0,0,0,0,0,0,0,0,0,0,0,0,0,0,0,0,0,0,0,0,0,0,0,0,0,0,0,0,0,0,0,0,0,0,0,0,0,0,0,0,0,0,0,0,0,0,0,0,0,0,0,0,0,0,0,0,0,0,0,0,0,0,0,0,0,0,0,0,0,0,0,0,0,0,0,0,0,0,0,0,0,0,0,0,0,0,0,0,0,0,0,0,0,0,0,0,0,0,0,0,0,0,0,0,0,0,0,0,0,0,0,0,0,0,0,0,0,0,0,0,0,0,0,0,0,0,0,0,0,0,0,0,0,0,0,0,0,0,0,0,0,0,0,0,0,0,0,0,0,0,0,0,0,0,0,0,0,0,0,0,0,0,0,0,0,0,0,0,0,0,0,0,0,0,0,0,0,0,0,0,0,0,0,0,0,0,0,0,0,0,,,0.184113281,0.028468304,0.001987359,0.01587664,0.000267364,0.002834166,0.007782812,0.000309055,0.001375164,0.009838831,0.017100952,5.82587e-05,0.000307324,1.01513e-05,0.034666839,0.012040803,0.000825007,0.00552937,0.000748096,0.005728764,0.015998555,0.000127748,0.000151728,0.002101843,0.024262407,0.000405517,0.032418621,0.001959237,0.014057739,0.0075367,0.002996379,0.008904633,0.010042548,0.014244949,0.008851763,0.000142141,0.014967986,0.000562235,0.010608593,0.008121002,0.000781264,0.001301842,0.041901619,5.49968e-05,0.447629415
Copenhagen,Rensningsanlaeg Avedoere,Denmark,59,2020-03-20 00:00:00,1007221_2,22,106,88,5,16,197,10,0,0,108,0,10,377,111,662,5,117,629,5,211,0,10,68,25,22,919,65,8,10,82,132,0,53,13,220,160,135,45,334,10,0,185,164,17,8,143,7,104,116,0,50,20,23,42,83,101,2,584,9,321,44,38,158,0,27,482,11,68,175,42,69,32,63,0,4,5,40,0,355,35,7,45,0,1218,0,0,56,38,0,26,194,243,110,2,957,21,22,33,0,12,0,49,0,0,13,61,16,6,70,0,8,0,5,0,7,13,0,2,0,2,18,0,21,0,0,0,0,19,0,0,9,22,5,0,0,0,4,0,0,0,0,0,0,7,2,10,0,0,0,8,1,12,1,0,38,0,0,0,0,0,0,4,1,0,20,0,0,0,0,0,1,0,0,0,4,2,4,3,0,0,0,0,0,0,0,0,0,0,1,0,0,4,0,0,0,0,0,0,0,0,0,0,0,22,0,0,0,0,0,0,7,0,0,3,0,3,0,0,0,0,0,0,0,0,9,2,0,0,0,0,0,0,0,0,0,3,2,0,0,0,0,0,0,0,0,0,0,0,0,0,0,0,0,1,0,0,0,0,0,0,0,0,0,0,0,0,0,0,0,0,0,1,0,0,0,0,3,0,0,0,0,0,0,0,0,0,0,0,0,0,0,0,0,0,0,0,0,0,0,0,0,0,1,0,0,0,0,0,0,0,0,0,0,0,0,0,0,0,0,0,0,0,0,0,0,0,0,0,0,0,0,0,0,0,0,0,0,0,0,0,0,0,0,0,0,0,0,0,0,0,0,0,0,0,0,0,0,0,0,0,0,0,0,0,0,0,0,0,0,0,0,0,0,0,0,0,0,0,0,0,0,0,0,0,0,0,0,0,0,0,0,0,0,0,0,0,0,0,0,0,0,0,0,0,0,0,0,0,0,0,0,0,0,0,0,0,0,0,0,0,0,0,0,0,0,0,0,0,0,0,0,0,0,0,0,0,0,0,0,0,0,0,0,0,0,0,0,0,0,0,0,0,0,0,0,0,0,0,0,0,0,0,0,0,0,0,0,0,0,0,0,0,0,0,0,0,0,0,0,0,0,0,0,0,0,0,0,0,0,0,0,0,0,0,0,0,0,0,0,0,0,0,0,0,0,0,0,0,0,0,0,0,0,0,0,0,0,0,0,0,0,0,0,0,0,0,0,0,0,0,0,0,0,0,0,0,0,0,0,0,0,0,0,0,0,0,0,0,0,0,0,0,0,0,,,0.164158982,0.018655091,0.001246413,0.011319359,0.00021729,0.001129411,0.00725472,3.54773e-05,0.004119891,0.005645605,0.00917876,5.4141e-05,0.000194949,9.578e-05,0.018198872,0.055971816,0.001543274,0.027785847,0.003682059,0.010139694,0.009368925,0.000245666,0.001327412,0.002793151,0.022354525,0.000402674,0.029812619,0.004297875,0.003936527,0.001966137,0.008133982,0.038966839,0.004623733,0.030222015,0.028711516,0.000569368,0.00674244,0.000731701,0.029154712,0.007046117,0.002684814,0.000344536,0.043566741,0.000848369,0.380520175
Copenhagen,Rensningsanlaeg Damhusaaen,Denmark,59,2020-03-20 00:00:00,1007223_2,11,118,12,0,7,146,13,0,0,31,0,8,260,53,379,9,37,599,3,153,0,17,48,0,18,433,10,4,5,41,39,0,51,27,89,129,115,35,80,5,26,104,89,6,7,49,9,62,73,0,41,12,15,18,45,31,0,515,0,109,22,2,38,0,8,463,2,37,112,31,14,22,57,0,10,5,62,0,232,25,0,13,0,466,0,0,44,6,0,12,122,157,53,0,893,19,6,34,0,0,0,38,0,0,0,19,3,12,18,0,0,0,8,0,10,4,0,0,2,5,7,0,9,0,0,0,0,0,0,0,3,6,0,0,0,0,0,0,0,0,0,0,0,7,0,0,0,0,0,0,0,2,0,0,0,0,0,0,0,0,0,6,0,0,6,0,0,0,0,0,0,0,0,0,1,0,0,0,0,0,0,0,0,0,0,0,0,0,3,0,0,0,0,0,0,0,0,0,0,0,0,0,0,12,0,0,0,0,0,0,0,10,0,1,0,0,0,0,0,0,0,0,0,0,0,0,0,0,0,0,0,0,0,2,0,0,0,0,0,0,0,0,0,0,0,0,0,0,0,0,0,0,0,0,0,0,0,0,0,0,0,0,0,0,0,0,0,0,0,0,0,0,0,0,0,0,0,0,0,0,0,0,0,0,0,0,0,0,0,0,0,0,0,0,0,0,0,0,0,0,0,0,0,0,0,0,3,0,0,0,0,0,0,0,0,0,0,0,0,0,0,5,0,0,0,0,0,0,0,0,0,0,0,0,0,0,0,0,0,0,0,0,0,0,0,0,0,0,0,0,0,0,0,0,0,0,0,0,0,0,0,0,0,0,0,0,0,0,0,0,0,0,0,0,0,0,0,0,0,0,0,0,0,0,0,0,0,0,0,0,0,0,0,0,0,0,0,0,0,0,0,0,0,0,0,0,0,0,0,0,0,0,0,0,0,0,0,0,0,0,0,0,0,0,0,0,0,0,0,0,0,0,0,0,0,0,0,0,0,0,0,0,0,0,0,0,0,0,0,0,0,0,0,0,0,0,0,0,0,0,0,0,0,0,0,0,0,0,0,0,0,0,0,0,0,0,0,0,0,0,0,0,0,0,0,0,0,0,0,0,0,0,0,0,0,0,0,0,0,0,0,0,0,0,0,0,0,0,0,0,0,0,0,0,0,0,0,0,0,0,0,0,0,0,0,0,0,0,0,0,0,0,0,0,0,0,0,0,0,0,0,0,0,0,0,0,0,0,0,0,0,0,0,0,,,0.114873328,0.044774191,0.001601585,0.014999154,0.000322402,0.001997597,0.008475908,5.78324e-06,0.001265529,0.006236449,0.012043532,3.54802e-05,0.00024473,6.57073e-05,0.036063881,0.014020587,0.00092091,0.013805804,0.003436476,0.012197555,0.010587843,7.99107e-05,0.000280413,0.000982945,0.022136862,0.000312173,0.033590256,0.001911702,0.004063061,0.014396532,0.00340621,0.034608305,0.006425226,0.007245696,0.040405278,0.00035155,0.040133556,0.001384737,0.008376467,0.008480379,0.001593316,0.000479247,0.060344569,6.72951e-06,0.411030447
Copenhagen,Rensningsanlaeg Lynetten,Denmark,59,2020-03-20 00:00:00,1007222_1,38,229,38,0,25,247,30,4,0,111,0,19,278,105,1429,0,123,1370,7,287,8,24,116,25,4,1103,51,13,17,90,102,2,132,44,454,243,279,42,274,24,9,275,161,15,11,148,0,85,174,0,91,27,34,56,97,56,1,1459,5,262,42,34,124,5,24,931,9,98,162,65,57,29,54,5,0,3,90,0,537,29,10,43,0,1492,0,0,125,23,7,62,463,491,93,1,2433,9,52,83,0,11,0,63,3,0,7,23,0,24,59,0,0,0,6,0,12,14,0,0,0,3,16,0,16,0,5,0,0,8,0,0,7,8,9,0,0,5,0,0,0,0,2,5,0,16,1,0,0,7,0,5,0,11,0,0,4,5,1,0,0,0,0,2,0,0,21,6,0,0,0,0,0,0,0,2,5,0,0,0,0,0,5,0,0,0,0,3,0,0,4,0,6,0,5,0,0,0,2,0,4,0,0,0,0,0,0,0,2,0,0,0,5,0,0,9,2,12,4,0,0,0,0,0,0,0,0,1,0,0,0,0,0,0,0,0,0,0,1,0,0,0,0,0,0,0,0,0,0,0,0,0,0,0,0,0,0,0,0,0,0,0,0,0,0,0,0,0,0,0,0,0,0,0,0,0,0,0,0,0,0,0,0,0,0,0,0,0,0,0,0,0,0,0,0,0,0,0,0,0,0,2,0,0,0,0,0,0,0,0,0,0,0,0,0,0,0,0,0,0,0,0,0,0,0,0,0,0,0,0,0,0,0,0,0,0,0,0,0,0,0,0,0,0,0,0,0,0,0,0,0,0,0,0,0,2,0,0,0,0,0,0,0,0,0,0,0,0,0,0,0,0,0,0,0,0,0,0,0,0,0,0,0,0,0,0,0,0,0,0,0,0,0,0,0,0,0,0,0,0,0,0,0,0,0,0,0,0,0,0,0,0,0,0,0,0,0,0,0,0,0,0,0,0,0,0,0,0,0,0,0,0,0,0,0,0,0,0,0,0,0,0,0,0,0,0,0,0,0,0,0,0,0,0,0,0,0,0,0,0,0,0,0,0,0,0,0,0,0,0,0,0,0,0,0,0,0,0,0,0,0,0,0,0,0,0,0,0,0,0,0,0,0,0,0,0,0,0,0,0,0,0,0,0,0,0,0,0,0,0,0,0,0,0,0,0,0,0,0,0,0,0,0,0,0,0,0,0,0,0,0,0,0,0,0,0,0,0,0,0,0,0,0,0,0,0,0,0,0,0,0,0,0,0,0,0,,,0.111506087,0.03579436,0.000923502,0.012222998,0.00027697,0.001186732,0.014210316,0.000214394,0.001118055,0.011254885,0.020877672,6.15284e-05,0.00017999,8.3823e-06,0.02045092,0.010571091,0.000717177,0.034921533,0.002179041,0.012802076,0.014315757,0.000230304,0.000108526,0.001434381,0.037138091,0.000324466,0.040220234,0.002214667,0.001145199,0.004759065,0.003792572,0.018674657,0.009007109,0.011056455,0.007541622,0.000580368,0.064734682,0.000537921,0.010144104,0.014042056,0.000333328,0.000294489,0.095535281,5.60412e-05,0.370300918
Copenhagen,Rensningsanlaeg Damhusaaen,Denmark,60,2020-03-26 00:00:00,1007225_1,49,195,77,8,14,110,9,3,0,105,0,0,466,133,876,0,109,460,12,216,0,7,64,28,58,725,56,18,27,75,187,18,56,22,441,176,136,49,412,9,0,135,237,23,0,182,3,90,101,0,41,3,10,28,51,140,2,930,17,332,70,64,129,9,17,370,33,119,88,65,75,76,88,0,20,5,76,5,312,70,16,41,0,933,0,0,40,18,0,22,253,327,100,0,1677,70,67,76,0,3,4,34,0,2,8,36,18,12,68,0,12,0,10,0,9,21,0,4,49,7,19,5,18,0,2,0,0,13,0,0,6,8,10,0,6,0,16,0,0,0,0,3,0,5,0,5,0,4,0,3,5,8,3,0,21,0,2,0,0,0,3,0,2,4,9,0,3,0,0,0,0,0,0,0,6,2,6,0,0,0,0,0,0,0,4,2,1,0,3,0,0,9,0,0,0,0,0,0,0,0,0,2,2,10,0,8,0,0,0,0,4,0,0,3,0,0,0,0,0,0,0,0,0,0,0,0,3,0,0,0,0,0,0,0,0,0,0,0,0,0,0,0,0,0,0,0,0,0,0,0,0,0,0,0,0,0,0,0,0,0,0,0,0,0,0,0,0,0,0,0,0,0,0,0,0,0,0,0,0,0,0,0,0,0,0,0,0,0,0,0,0,0,0,2,0,0,0,0,0,0,0,0,0,0,0,0,0,0,0,0,0,0,0,0,0,0,0,0,0,0,0,0,0,0,0,0,0,0,0,0,0,0,0,0,0,0,0,0,0,0,0,0,0,0,0,0,0,0,0,0,0,0,0,0,0,0,0,0,0,0,0,0,0,0,0,0,0,0,0,0,0,0,0,0,0,0,0,0,0,0,0,0,0,0,0,0,0,0,0,0,0,0,0,0,0,0,0,0,0,0,0,0,0,0,0,0,0,0,0,0,0,0,0,0,0,0,0,0,0,0,0,0,0,0,0,0,0,0,0,0,0,0,0,0,0,0,0,0,0,0,0,0,0,0,0,0,0,0,0,0,0,0,0,0,0,0,0,0,0,0,0,0,0,0,0,0,0,0,0,0,0,0,0,0,0,0,0,0,0,0,0,0,0,0,0,0,0,0,0,0,0,0,0,0,0,0,0,0,0,0,0,0,0,0,0,0,0,0,0,0,0,0,0,0,0,0,0,0,0,0,0,0,0,0,0,0,0,0,0,0,0,0,0,0,0,0,0,0,0,0,0,0,0,0,0,0,0,0,0,0,0,0,0,0,,,0.166986219,0.034378154,0.001464274,0.016640049,0.000408246,0.002790574,0.007292343,4.88268e-05,0.001105841,0.006081339,0.019266444,3.91607e-05,0.000176673,1.74318e-05,0.013191101,0.01710199,0.000609595,0.009612835,0.002236134,0.012443771,0.028658836,8.64254e-05,0.000244457,0.000934559,0.016856432,0.000265656,0.047558361,0.003451628,0.003722929,0.004366164,0.003929229,0.051803353,0.007535216,0.006220628,0.049324333,0.000307307,0.013040235,0.000468024,0.008522379,0.007237793,0.000943388,0.000225147,0.066272014,6.62915e-06,0.366127876
Copenhagen,Rensningsanlaeg Lynetten,Denmark,60,2020-03-26 00:00:00,1007224_1,42,159,46,8,12,100,9,0,0,93,17,12,322,126,723,97,54,532,0,67,0,3,75,25,15,723,16,0,32,46,244,0,32,9,327,178,158,55,418,0,36,156,167,18,12,220,93,47,96,27,24,36,19,42,78,90,2,690,7,246,100,21,106,5,10,306,9,75,182,58,44,23,89,0,5,0,21,5,84,25,7,12,0,825,0,0,48,28,0,19,203,341,96,0,1263,13,38,6,22,3,0,51,15,0,14,81,4,0,80,0,3,0,4,0,20,12,0,5,6,3,5,0,22,0,2,0,0,14,0,0,5,12,6,0,0,5,7,0,0,0,0,3,6,7,0,0,0,2,0,10,1,5,0,0,6,0,0,0,0,0,0,0,0,0,25,5,0,0,0,0,2,0,0,0,9,0,0,0,0,0,2,0,0,0,0,2,0,0,0,0,0,6,5,0,0,0,0,0,0,0,0,0,0,0,0,0,3,0,0,0,3,0,5,2,1,2,0,0,0,0,0,0,0,0,33,0,0,0,0,0,2,2,0,0,0,6,0,0,0,0,0,0,0,0,0,0,0,0,0,0,3,6,2,1,0,0,0,0,0,0,0,0,0,0,0,0,0,0,0,0,0,0,0,0,0,0,0,0,0,0,0,0,0,0,0,0,0,0,0,0,0,0,0,0,0,0,0,0,0,0,0,0,0,0,0,0,0,0,0,0,0,0,0,0,0,0,0,0,0,0,0,0,0,0,0,0,0,0,0,0,0,0,0,0,0,0,0,0,0,0,0,0,0,0,0,0,0,0,0,0,0,0,0,0,0,0,0,0,0,0,0,0,0,0,0,0,0,0,0,0,0,0,0,0,0,0,0,0,0,0,0,0,0,0,0,0,0,0,0,0,0,0,0,0,0,0,0,0,0,0,0,0,0,0,0,0,0,0,0,0,0,0,0,0,0,0,0,0,0,0,0,0,0,0,0,0,0,0,0,0,0,0,0,0,0,0,0,0,0,0,0,0,0,0,0,0,0,0,0,0,0,0,0,0,0,0,0,0,0,0,0,0,0,0,0,0,0,0,0,0,0,0,0,0,0,0,0,0,0,0,0,0,0,0,0,0,0,0,0,0,0,0,0,0,0,0,0,0,0,0,0,0,0,0,0,0,0,0,0,0,0,0,0,0,0,0,0,0,0,0,0,0,0,0,0,0,0,0,0,0,0,0,0,0,0,0,0,0,0,0,0,0,0,0,0,0,0,0,0,0,0,0,0,0,,,0.225400304,0.026420767,0.002848275,0.014773983,0.000256031,0.003486851,0.013287002,0.000490732,0.000640673,0.012434092,0.094031258,2.9563e-05,0.000187233,6.45133e-06,0.016676846,0.015337422,0.000822911,0.01050997,0.001179084,0.00895033,0.009553102,0.000125455,0.000102167,0.004894704,0.025895319,0.000279229,0.027066519,0.003875792,0.003371638,0.005515245,0.003955901,0.034098837,0.005788327,0.006865042,0.015823266,0.000388418,0.018257539,0.001018646,0.009747565,0.010250444,0.000293477,0.000361627,0.038562097,0.000147428,0.32599244
Copenhagen,Rensningsanlaeg Avedoere,Denmark,61,2020-04-02 00:00:00,1007213_1,122,540,84,0,20,219,26,0,0,160,44,20,714,260,1513,371,149,1578,10,150,3,13,177,18,142,1224,30,13,80,141,467,16,80,13,1103,580,368,130,1006,5,38,377,344,37,17,339,418,87,343,0,50,5,37,71,106,105,2,2202,15,589,52,39,186,30,21,686,37,173,209,131,131,64,197,0,37,6,70,0,214,76,25,38,0,1736,0,0,98,43,4,51,340,872,210,4,3984,121,36,16,66,6,3,79,8,6,16,55,25,12,155,0,9,3,14,0,23,21,0,8,46,34,19,3,25,0,10,0,5,59,4,0,14,9,18,0,0,12,93,1,4,0,5,2,12,9,6,13,0,4,1,13,16,20,12,0,60,0,7,0,0,0,0,7,0,4,20,3,11,0,0,0,5,5,0,0,49,162,2,2,0,0,3,0,0,3,14,6,1,0,0,0,5,5,0,2,9,17,0,7,4,0,0,0,8,38,0,7,6,0,2,0,9,0,13,13,0,4,7,0,0,0,0,0,0,0,15,1,0,0,0,0,0,5,5,4,0,5,0,0,0,0,1,0,0,0,0,0,0,0,0,0,0,0,0,2,3,2,0,0,0,0,0,0,0,0,0,0,0,0,0,0,0,0,0,0,0,0,1,0,1,2,0,5,0,0,0,0,0,0,0,0,0,0,0,0,0,0,0,0,0,0,1,1,2,1,2,1,0,0,0,0,0,0,0,0,0,0,0,0,0,0,0,0,0,0,0,0,0,0,0,0,0,0,0,0,0,0,0,0,0,0,0,0,0,0,0,0,0,0,0,0,0,0,0,0,0,0,0,0,0,0,0,0,0,0,0,0,0,0,0,0,0,0,0,0,0,0,0,0,0,0,0,0,0,0,0,0,0,0,0,0,0,0,0,0,0,0,0,0,0,0,0,0,0,0,0,0,0,0,0,0,0,0,0,0,0,0,0,0,0,0,0,0,0,0,0,0,0,0,0,0,0,0,0,0,0,0,0,0,0,0,0,0,0,0,0,0,0,0,0,0,0,0,0,0,0,0,0,0,0,0,0,0,0,0,0,0,0,0,0,0,0,0,0,0,0,0,0,0,0,0,0,0,0,0,0,0,0,0,0,0,0,0,0,0,0,0,0,0,0,0,0,0,0,0,0,0,0,0,0,0,0,0,0,0,0,0,0,0,0,0,0,0,0,0,0,0,0,0,0,0,0,0,0,0,0,0,0,0,0,0,0,0,0,0,0,0,0,0,0,0,0,0,0,0,,,0.101999681,0.057671259,0.032201614,0.203386545,0.000251056,0.052115094,0.00390056,0.000158592,0.000607228,0.008647448,0.01241297,2.36202e-05,0.000499518,2.32875e-05,0.014346719,0.037545718,0.001123329,0.009697724,0.001193176,0.002766649,0.00142686,0.000122116,7.0718e-05,0.001113573,0.023287722,0.000366994,0.008385934,0.000426016,0.032708191,0.017411306,0.006232883,0.014056673,0.001164553,0.005126727,0.009864186,0.000171744,0.000597207,0.000682944,0.019171567,0.003482268,0.000660449,0.003531147,0.001474754,0.000109975,0.307781705
Copenhagen,Rensningsanlaeg Damhusaaen,Denmark,61,2020-04-02 00:00:00,1007214_2,28,230,78,0,9,161,17,0,0,92,0,0,1455,164,839,0,75,537,9,112,0,22,121,11,86,560,19,0,15,65,165,7,90,6,546,262,205,196,334,11,177,219,200,17,6,193,0,254,173,0,64,29,24,32,132,55,0,1440,0,396,66,57,118,6,16,929,30,139,200,124,72,36,142,0,33,4,59,0,194,56,18,52,0,605,0,0,89,31,0,23,230,600,276,0,2431,97,16,4,0,11,0,109,0,14,5,85,11,16,57,0,0,0,9,0,9,33,0,4,5,2,0,3,21,0,0,0,4,30,0,0,11,3,18,4,0,0,5,0,4,0,0,6,0,27,4,9,0,1,1,0,16,3,9,0,70,0,8,0,0,0,0,9,3,0,24,0,0,0,0,0,1,0,0,2,14,0,0,7,0,0,5,0,4,3,14,4,1,0,1,0,6,8,3,2,8,0,0,0,7,1,0,6,0,20,0,5,0,0,1,0,10,0,0,2,1,0,0,0,0,0,0,7,0,0,18,6,0,0,0,0,0,0,0,6,0,3,0,0,0,3,0,0,0,0,0,0,0,0,0,0,0,0,0,0,0,0,0,0,0,1,0,0,0,0,0,0,0,0,0,0,0,0,0,0,0,0,0,0,0,0,0,0,0,0,0,2,0,1,0,0,0,0,0,0,0,0,0,0,0,0,0,0,0,0,0,0,0,0,0,0,0,0,1,0,0,0,0,0,0,0,0,0,0,0,0,0,0,0,0,0,0,0,0,1,0,0,0,0,0,0,0,0,0,0,0,0,0,0,0,0,0,0,0,0,0,0,0,0,0,0,0,0,0,0,0,0,0,0,0,0,0,0,0,0,0,0,0,0,0,0,0,0,0,0,0,0,0,0,0,0,0,0,0,0,0,0,0,0,0,0,0,0,0,0,0,0,0,0,0,0,0,0,0,0,0,0,0,0,0,0,0,0,0,0,0,0,0,0,0,0,0,0,0,0,0,0,0,0,0,0,0,0,0,0,0,0,0,0,0,0,0,0,0,0,0,0,0,0,0,0,0,0,0,0,0,0,0,0,0,0,0,0,0,0,0,0,0,0,0,0,0,0,0,0,0,0,0,0,0,0,0,0,0,0,0,0,0,0,0,0,0,0,0,0,0,0,0,0,0,0,0,0,0,0,0,0,0,0,0,0,0,0,0,0,0,0,0,0,0,0,0,0,0,0,0,0,0,0,0,0,0,0,0,0,0,0,0,0,0,0,0,0,0,0,,,0.107674905,0.057873942,0.030282085,0.258843736,0.000151598,0.027552622,0.003930972,1.97417e-05,0.000601201,0.008065246,0.009607693,3.15392e-05,0.000507298,1.35453e-05,0.019189913,0.028373547,0.001903539,0.004762494,0.000922873,0.004765324,0.002295289,9.67942e-05,1.74687e-05,0.002711727,0.007771615,0.000170611,0.013637344,0.000509025,0.027262994,0.054264783,0.005665872,0.014735728,0.00140723,0.002704108,0.006383975,0.000171344,0.000720939,0.000234136,0.010045333,0.002193348,0.000417701,0.001012245,0.00204044,9.97275e-06,0.278446162
Copenhagen,Rensningsanlaeg Lynetten,Denmark,61,2020-04-02 00:00:00,1007215_2,85,575,101,15,58,327,42,0,0,175,210,24,814,246,1430,373,129,2029,12,243,0,41,160,29,73,1259,40,11,171,141,353,3,147,21,940,611,275,97,801,9,50,286,288,40,38,268,459,112,275,0,89,42,65,59,174,117,3,2579,13,498,72,46,173,18,23,1272,29,201,267,127,87,38,157,5,24,8,150,4,407,64,19,50,0,1666,0,0,141,59,9,52,353,783,172,0,4372,68,44,51,333,16,4,94,0,0,16,69,8,29,113,0,0,5,7,0,22,21,0,3,9,15,32,0,26,0,6,0,0,31,0,0,28,22,28,0,0,33,37,0,3,0,1,3,13,15,3,8,0,5,2,0,4,18,2,0,26,0,6,3,2,1,0,4,0,3,18,6,12,3,0,0,0,0,0,3,22,171,2,2,2,1,5,2,5,1,7,5,2,3,4,2,3,10,5,2,9,20,1,2,3,2,10,2,2,10,1,5,6,2,4,3,16,5,10,12,4,4,6,0,0,0,0,0,0,0,0,0,0,0,0,0,0,0,0,0,0,0,0,0,0,0,0,0,0,0,0,0,0,0,0,0,0,0,0,0,0,0,0,0,0,0,0,0,0,0,0,0,0,0,0,0,0,0,0,0,0,0,0,0,0,0,0,0,0,0,0,0,0,0,0,0,0,0,0,0,0,0,0,0,0,0,0,0,0,0,0,0,0,0,0,0,0,0,0,0,0,0,0,0,0,0,0,0,0,0,0,0,0,0,0,0,0,0,0,0,0,0,0,0,0,0,0,0,0,0,0,0,0,0,0,0,0,0,0,0,0,0,0,0,0,0,0,0,0,0,0,0,0,0,0,0,0,0,0,0,0,0,0,0,0,0,0,0,0,0,0,0,0,0,0,0,0,0,0,0,0,0,0,0,0,0,0,0,0,0,0,0,0,0,0,0,0,0,0,0,0,0,0,0,0,0,0,0,0,0,0,0,0,0,0,0,0,0,0,0,0,0,0,0,0,0,0,0,0,0,0,0,0,0,0,0,0,0,0,0,0,0,0,0,0,0,0,0,0,0,0,0,0,0,0,0,0,0,0,0,0,0,0,0,0,0,0,0,0,0,0,0,0,0,0,0,0,0,0,0,0,0,0,0,0,0,0,0,0,0,0,0,0,0,0,0,0,0,0,0,0,0,0,0,0,0,0,0,0,0,0,0,0,0,0,0,0,0,0,0,0,0,0,0,0,0,0,0,0,0,0,0,0,0,0,0,0,0,0,0,,,0.154694816,0.083023131,0.030261079,0.083738956,0.00026213,0.016893977,0.004555997,3.50038e-05,0.000645776,0.01210814,0.060374646,3.49562e-05,0.000432513,6.08507e-05,0.028904504,0.039428545,0.001195784,0.00311577,0.001133639,0.003914357,0.004060724,0.000189184,2.08234e-05,0.00441612,0.014051219,0.000359085,0.031115889,0.000802573,0.014946767,0.020155811,0.012115552,0.018571528,0.004069433,0.0140655,0.008505266,0.000389841,0.002477126,0.000530177,0.014124891,0.004862981,0.000746868,0.001089108,0.005769067,8.09347e-05,0.297668962
Copenhagen,Rensningsanlaeg Lynetten,Denmark,63,2020-04-16 00:00:00,1007226_1,61,320,109,3,31,166,21,0,0,111,33,19,793,256,587,142,75,555,10,70,3,10,82,36,111,644,21,9,69,80,214,15,50,6,503,344,155,139,503,6,38,222,270,27,18,184,194,114,168,0,35,28,27,36,97,125,0,1330,5,569,40,38,142,8,8,614,26,137,211,106,84,32,176,3,23,6,19,4,127,79,38,26,0,792,0,0,86,41,7,22,212,522,192,0,2413,110,10,11,34,13,3,65,4,16,13,67,24,15,96,0,0,0,9,10,8,15,0,4,15,5,8,3,41,0,0,0,2,35,0,0,12,15,13,0,0,9,34,0,0,0,2,1,8,12,0,6,0,0,1,12,23,24,10,0,110,2,9,0,0,0,0,0,0,2,15,0,7,0,0,0,4,4,0,0,17,108,0,2,0,0,0,0,0,1,10,6,0,1,0,0,0,14,6,1,0,13,0,3,0,0,0,1,16,76,0,0,0,0,0,0,7,4,12,18,0,0,0,0,0,0,0,6,4,0,27,4,0,0,0,0,0,0,17,4,0,0,0,0,0,0,0,0,3,0,0,0,2,0,0,0,3,0,0,0,0,0,0,0,0,0,0,3,0,0,0,0,0,0,0,0,0,0,0,0,0,0,0,0,0,1,0,2,0,0,0,0,0,0,0,0,0,0,0,0,0,0,0,0,0,0,0,0,0,0,0,0,0,0,0,0,0,0,0,0,0,0,0,0,0,0,0,0,0,0,0,0,0,0,0,0,0,0,0,1,0,0,0,0,0,0,0,0,0,0,0,0,0,0,0,0,0,0,0,0,0,0,0,0,0,0,0,0,0,0,0,0,0,0,0,0,0,0,0,0,0,0,0,0,0,0,0,0,0,0,0,0,0,0,0,0,0,0,0,0,0,0,0,0,0,0,0,0,0,0,0,0,0,0,0,0,0,0,0,0,0,0,0,0,0,0,0,0,0,0,0,0,0,0,0,0,0,0,0,0,0,0,0,0,0,0,0,0,0,0,0,0,0,0,0,0,0,0,0,0,0,0,0,0,0,0,0,0,0,0,0,0,0,0,0,0,0,0,0,0,0,0,0,0,0,0,0,0,0,0,0,0,0,0,0,0,0,0,0,0,0,0,0,0,0,0,0,0,0,0,0,0,0,0,0,0,0,0,0,0,0,0,0,0,0,0,0,0,0,0,0,0,0,0,0,0,0,0,0,0,0,0,0,0,0,0,0,0,0,0,0,0,0,0,0,0,0,0,0,0,,,0.113853506,0.024166308,0.0102445,0.042683694,0.000192587,0.006842237,0.012642235,1.76338e-05,0.001090325,0.012272922,0.020632628,4.38695e-05,0.000349594,4.84958e-05,0.011028552,0.018733062,0.000952282,0.009238501,0.00095273,0.005090829,0.016872263,0.000102908,5.93665e-05,0.00247992,0.030849461,0.000167997,0.040430913,0.001890835,0.005183751,0.005318769,0.005765677,0.011796727,0.006873212,0.010336922,0.019069868,0.000318086,0.012118291,0.00042279,0.014625227,0.005885551,0.000828356,0.001156959,0.150782128,1.06942e-05,0.365576835
Copenhagen,Rensningsanlaeg Avedoere,Denmark,64,2020-04-27 00:00:00,1007228_1,21,73,11,3,5,40,2,0,0,24,8,0,116,42,180,35,16,239,1,10,0,0,28,5,21,154,3,2,12,24,59,0,19,0,121,63,51,7,98,3,14,50,39,2,4,54,48,23,37,0,9,0,7,5,34,15,2,335,1,73,8,6,14,2,7,158,6,22,19,14,16,10,34,0,7,0,10,0,31,14,7,8,0,209,0,0,13,8,0,11,56,114,23,0,580,15,11,2,13,3,0,6,0,0,0,8,3,3,23,0,4,0,2,0,3,2,0,0,0,1,0,1,1,0,0,0,0,10,0,0,0,2,2,0,0,0,3,0,0,0,0,0,1,2,0,2,0,1,0,2,0,0,3,0,11,0,0,0,0,0,0,2,0,0,0,0,1,0,0,0,0,0,0,0,6,21,0,0,0,0,0,0,0,0,4,0,0,0,0,0,0,0,0,0,0,0,0,0,0,0,0,0,0,0,0,0,3,0,0,0,2,0,0,5,0,2,0,0,0,0,0,0,0,0,0,2,0,0,0,0,0,0,0,0,0,0,0,0,0,0,0,0,1,1,0,0,0,1,2,2,0,0,0,0,0,0,0,0,0,0,0,0,0,0,0,0,0,0,0,0,0,0,0,0,0,0,0,0,0,0,0,0,0,0,0,0,0,0,0,0,0,0,0,0,0,0,0,0,0,0,0,0,0,0,0,0,0,0,0,0,0,0,0,0,0,0,0,0,0,0,0,0,0,0,0,0,0,0,0,0,0,0,0,0,0,0,0,0,0,0,0,0,0,0,0,0,0,0,0,0,0,0,0,0,0,0,0,0,0,0,0,0,0,0,0,0,0,0,0,0,0,0,0,0,0,0,0,0,0,0,0,0,0,0,0,0,0,0,0,0,0,0,0,0,0,0,0,0,0,0,0,0,0,0,0,0,0,0,0,0,0,0,0,0,0,0,0,0,0,0,0,0,0,0,0,0,0,0,0,0,0,0,0,0,0,0,0,0,0,0,0,0,0,0,0,0,0,0,0,0,0,0,0,0,0,0,0,0,0,0,0,0,0,0,0,0,0,0,0,0,0,0,0,0,0,0,0,0,0,0,0,0,0,0,0,0,0,0,0,0,0,0,0,0,0,0,0,0,0,0,0,0,0,0,0,0,0,0,0,0,0,0,0,0,0,0,0,0,0,0,0,0,0,0,0,0,0,0,0,0,0,0,0,0,0,0,0,0,0,0,0,0,0,0,0,0,0,0,0,0,0,0,0,0,,,0.177934091,0.038700897,0.015453586,0.109189792,0.000443412,0.004126496,0.008266199,8.86147e-06,0.000930731,0.024157011,0.036134637,4.02452e-05,0.000459261,3.92925e-06,0.018003572,0.015091538,0.001855107,0.011189818,0.00052986,0.011499402,0.007269114,0.000133228,0.000147105,0.000965153,0.017270941,0.000188763,0.014292443,0.002390642,0.004608933,0.016646408,0.011462668,0.012655781,0.001913067,0.004938189,0.019521913,0.000320119,0.039258826,0.000482476,0.012283589,0.004759009,0.001707308,0.001563747,0.019695442,5.74219e-06,0.331500946
Copenhagen,Rensningsanlaeg Damhusaaen,Denmark,64,2020-04-27 00:00:00,1007229_1,39,199,57,7,22,278,24,0,0,109,0,26,1150,147,693,6,99,974,11,100,0,14,134,11,84,849,23,10,31,64,160,16,84,13,885,244,285,117,360,6,119,217,234,15,7,131,5,268,243,0,54,30,23,37,151,60,1,1924,4,530,57,40,103,7,11,829,36,120,212,110,63,30,115,0,29,5,52,3,186,29,18,57,0,1180,0,0,89,61,3,15,181,864,398,0,3251,126,17,13,0,13,4,114,5,9,11,120,33,16,61,0,0,0,7,0,8,8,0,6,0,8,0,0,25,0,4,0,0,20,0,0,7,8,21,0,0,0,9,0,5,0,2,7,3,14,3,7,0,0,2,0,8,17,4,0,57,0,0,0,2,0,0,0,0,0,16,4,1,0,0,2,5,0,0,0,13,2,3,4,0,0,4,0,0,1,21,0,0,0,3,0,0,0,3,0,0,0,2,0,3,0,0,5,0,10,0,0,0,0,1,0,11,0,4,0,0,0,0,0,0,0,0,7,0,0,22,3,0,0,0,0,3,0,0,3,0,0,0,0,0,0,0,0,0,0,0,0,0,0,0,0,0,0,0,0,0,0,0,0,0,1,0,2,4,0,0,0,0,0,0,4,1,3,0,0,0,0,0,0,0,0,0,0,0,0,0,0,0,0,0,0,0,0,0,0,0,0,0,0,0,0,0,0,0,0,0,0,0,0,0,0,0,0,0,0,0,0,0,0,0,0,0,0,0,0,0,0,0,0,0,0,0,0,0,0,0,0,0,0,0,0,0,0,0,0,0,0,0,0,0,0,0,0,0,0,0,0,0,0,0,0,0,0,0,0,0,0,0,0,0,0,0,0,0,0,0,0,0,0,0,0,0,0,0,0,0,0,0,0,0,0,0,0,0,0,0,0,0,0,0,0,0,0,0,0,0,0,0,0,0,0,0,0,0,0,0,0,0,0,0,0,0,0,0,0,0,0,0,0,0,0,0,0,0,0,0,0,0,0,0,0,0,0,0,0,0,0,0,0,0,0,0,0,0,0,0,0,0,0,0,0,0,0,0,0,0,0,0,0,0,0,0,0,0,0,0,0,0,0,0,0,0,0,0,0,0,0,0,0,0,0,0,0,0,0,0,0,0,0,0,0,0,0,0,0,0,0,0,0,0,0,0,0,0,0,0,0,0,0,0,0,0,0,0,0,0,0,0,0,0,0,0,0,0,0,0,0,0,0,0,0,0,0,0,0,0,0,0,0,0,0,0,0,0,0,,,0.181489648,0.037960346,0.010242838,0.038157997,0.000271363,0.007865256,0.007404572,5.96442e-06,0.000967471,0.012865382,0.024636186,8.85321e-05,0.000400783,1.53316e-05,0.02801624,0.017930641,0.000900526,0.008029624,0.000774279,0.008353712,0.006724446,0.000201714,0.000160874,0.017083584,0.009901898,0.00025708,0.056470004,0.001681929,0.002518706,0.019504115,0.009470267,0.010219282,0.0041746,0.006248508,0.023264846,0.000495734,0.008769552,0.000653272,0.010274987,0.005795064,0.000245254,0.000859407,0.026331317,2.96326e-06,0.392313905
Copenhagen,Rensningsanlaeg Lynetten,Denmark,64,2020-04-27 00:00:00,1007227_1,76,268,98,4,17,136,14,0,0,166,16,13,675,230,632,129,55,316,5,55,0,6,48,29,117,463,27,10,46,63,229,8,62,0,349,313,98,85,497,0,24,141,253,26,8,189,157,92,105,0,32,22,18,27,62,100,0,888,0,517,34,32,127,3,6,507,34,127,119,85,95,40,194,0,26,0,28,3,100,74,24,23,0,659,0,0,55,29,6,18,183,394,123,0,1870,112,21,4,34,14,0,44,5,21,12,63,22,10,46,0,0,0,14,6,20,22,0,8,20,20,8,4,11,0,0,0,0,41,0,0,10,10,8,0,3,0,35,0,4,0,4,3,4,0,2,9,0,0,2,8,26,14,12,0,58,0,11,0,0,0,0,8,0,0,4,0,11,0,0,0,5,0,0,0,22,84,0,4,2,0,3,0,0,2,7,5,0,0,0,0,0,9,2,1,3,14,1,0,4,0,0,0,0,36,0,0,6,0,1,0,3,9,6,6,0,0,0,0,4,0,0,0,0,1,25,4,0,0,0,0,0,0,0,8,0,2,0,0,2,0,0,0,0,0,0,0,0,1,0,0,0,0,2,0,0,0,0,4,0,0,0,10,0,0,0,0,0,0,0,0,0,0,0,0,0,0,1,0,0,0,0,0,0,0,0,0,0,0,0,0,0,0,0,0,0,0,0,0,0,0,0,0,0,0,0,0,0,0,0,0,0,0,0,0,0,0,0,0,0,0,0,0,0,0,0,0,0,0,0,0,0,0,0,0,0,0,0,0,0,0,0,0,0,0,0,0,0,0,0,0,0,0,0,0,0,0,0,0,0,0,0,0,0,0,0,0,0,0,0,0,0,0,0,0,0,0,0,0,0,0,0,0,0,0,0,0,0,0,0,0,0,0,0,0,0,0,0,0,0,0,0,0,0,0,0,0,0,0,0,0,0,0,0,0,0,0,0,0,0,0,0,0,0,0,0,0,0,0,0,0,0,0,0,0,0,0,0,0,0,0,0,0,0,0,0,0,0,0,0,0,0,0,0,0,0,0,0,0,0,0,0,0,0,0,0,0,0,0,0,0,0,0,0,0,0,0,0,0,0,0,0,0,0,0,0,0,0,0,0,0,0,0,0,0,0,0,0,0,0,0,0,0,0,0,0,0,0,0,0,0,0,0,0,0,0,0,0,0,0,0,0,0,0,0,0,0,0,0,0,0,0,0,0,0,0,0,0,0,0,0,0,0,0,0,0,0,0,0,0,0,0,0,0,0,,,0.198211886,0.043566096,0.012215556,0.05352864,0.000340491,0.002664592,0.007854597,2.6639e-05,0.000725329,0.011968408,0.034812289,1.8958e-05,0.000360044,8.54848e-06,0.018748622,0.019695765,0.000713197,0.008702947,0.000776077,0.005280342,0.017401482,0.000113448,5.37093e-05,0.001465942,0.01761718,0.00016438,0.02472129,0.001719442,0.002727909,0.006276202,0.007676132,0.016969507,0.003632982,0.00619324,0.043018202,0.000245314,0.009132896,0.000492439,0.016263924,0.004237801,0.000353265,0.001503072,0.047697487,6.59766e-06,0.350097132
Copenhagen,Rensningsanlaeg Avedoere,Denmark,65,2020-05-05 00:00:00,1007231_1,89,215,84,6,26,489,28,2,0,147,0,44,858,237,1042,4,113,1016,16,149,6,17,121,23,80,1026,35,15,38,100,332,8,120,9,994,239,250,102,620,8,485,345,224,28,8,269,3,134,204,0,75,27,31,43,194,70,0,1927,5,472,74,62,150,5,13,934,30,165,256,116,111,38,150,0,38,4,53,0,296,49,15,34,0,1368,0,0,166,63,0,31,216,760,215,0,3544,124,53,24,0,22,5,194,7,4,8,235,21,43,99,0,0,0,11,0,13,26,0,5,6,11,13,2,28,0,8,0,2,25,0,0,18,15,15,0,2,0,15,0,2,0,0,2,5,33,2,8,0,6,0,3,13,16,3,0,40,0,5,0,0,0,0,7,0,0,14,0,0,2,0,0,7,0,0,0,14,0,0,8,0,0,0,0,0,3,13,4,0,0,0,0,0,8,0,0,0,0,3,0,5,1,0,6,4,21,0,1,7,7,0,0,8,0,11,4,6,3,0,0,0,0,0,2,0,0,18,2,0,0,0,0,4,0,0,3,0,0,0,0,0,0,0,0,0,0,0,0,0,0,0,0,0,0,0,0,0,0,0,0,0,0,0,3,3,0,0,0,0,0,0,0,0,0,0,0,0,0,0,0,0,1,0,0,0,0,0,0,0,0,0,0,0,0,0,0,0,0,0,0,0,0,0,0,0,0,0,0,0,0,0,0,0,0,0,0,0,0,0,0,0,0,0,0,0,0,0,0,0,0,0,0,0,0,0,0,0,0,0,0,0,0,0,0,0,0,0,0,0,0,0,0,0,0,0,0,0,0,0,0,0,0,0,0,0,0,0,0,0,0,0,0,0,0,0,0,0,0,0,0,0,0,0,0,0,0,0,0,0,0,0,0,0,0,0,0,0,0,0,0,0,0,0,0,0,0,0,0,0,0,0,0,0,0,0,0,0,0,0,0,0,0,0,0,0,0,0,0,0,0,0,0,0,0,0,0,0,0,0,0,0,0,0,0,0,0,0,0,0,0,0,0,0,0,0,0,0,0,0,0,0,0,0,0,0,0,0,0,0,0,0,0,0,0,0,0,0,0,0,0,0,0,0,0,0,0,0,0,0,0,0,0,0,0,0,0,0,0,0,0,0,0,0,0,0,0,0,0,0,0,0,0,0,0,0,0,0,0,0,0,0,0,0,0,0,0,0,0,0,0,0,0,0,0,0,0,0,0,0,0,0,0,0,0,0,0,0,0,0,0,0,0,0,0,0,0,,,0.129472153,0.052976036,0.041328281,0.11436616,0.000223164,0.010080346,0.004412134,9.92907e-06,0.000887459,0.026805921,0.016382822,6.0222e-05,0.001483627,6.74475e-06,0.028321212,0.019831636,0.002138908,0.007828071,0.000362809,0.008116728,0.015876011,0.000185764,7.95081e-05,0.001278494,0.010784763,0.000298099,0.007647437,0.001381444,0.009382887,0.015273149,0.013061019,0.025458958,0.001753119,0.00501214,0.010078103,0.000252854,0.009366678,0.000551547,0.0466772,0.002333138,0.001582485,0.003177754,0.016961676,1.78492e-05,0.336433563
Copenhagen,Rensningsanlaeg Damhusaaen,Denmark,65,2020-05-05 00:00:00,1007232_2,6,29,2,2,0,50,6,0,0,12,0,0,48,22,117,2,17,185,0,64,0,2,17,0,0,214,9,5,7,18,23,0,14,5,49,35,33,3,33,5,3,48,24,2,0,19,0,9,18,0,18,6,5,6,8,41,1,156,3,49,8,5,25,0,0,148,1,17,40,8,16,14,6,0,0,2,12,0,97,11,5,7,0,237,0,0,14,5,0,3,44,37,18,0,238,4,3,10,0,8,1,17,1,1,2,3,1,3,16,2,2,2,4,2,1,6,1,1,2,1,9,2,2,1,1,2,1,4,1,1,2,2,1,0,0,0,0,0,0,0,0,0,0,0,0,0,0,0,0,0,0,0,0,0,0,0,0,0,0,0,0,0,0,0,0,0,0,0,0,0,0,0,0,0,0,0,0,0,0,0,0,0,0,0,0,0,0,0,0,0,0,0,0,0,0,0,0,0,0,0,0,0,0,0,0,0,0,0,0,0,0,0,0,0,0,0,0,0,0,0,0,0,0,0,0,0,0,0,0,0,0,0,0,0,0,0,0,0,0,0,0,0,0,0,0,0,0,0,0,0,0,0,0,0,0,0,0,0,0,0,0,0,0,0,0,0,0,0,0,0,0,0,0,0,0,0,0,0,0,0,0,0,0,0,0,0,0,0,0,0,0,0,0,0,0,0,0,0,0,0,0,0,0,0,0,0,0,0,0,0,0,0,0,0,0,0,0,0,0,0,0,0,0,0,0,0,0,0,0,0,0,0,0,0,0,0,0,0,0,0,0,0,0,0,0,0,0,0,0,0,0,0,0,0,0,0,0,0,0,0,0,0,0,0,0,0,0,0,0,0,0,0,0,0,0,0,0,0,0,0,0,0,0,0,0,0,0,0,0,0,0,0,0,0,0,0,0,0,0,0,0,0,0,0,0,0,0,0,0,0,0,0,0,0,0,0,0,0,0,0,0,0,0,0,0,0,0,0,0,0,0,0,0,0,0,0,0,0,0,0,0,0,0,0,0,0,0,0,0,0,0,0,0,0,0,0,0,0,0,0,0,0,0,0,0,0,0,0,0,0,0,0,0,0,0,0,0,0,0,0,0,0,0,0,0,0,0,0,0,0,0,0,0,0,0,0,0,0,0,0,0,0,0,0,0,0,0,0,0,0,0,0,0,0,0,0,0,0,0,0,0,0,0,0,0,0,0,0,0,0,0,0,0,0,0,0,0,0,0,0,0,0,0,0,0,0,0,0,0,0,0,0,0,0,,,0.170764358,0.055274021,0.014344366,0.074198416,0.000311907,0.018504935,0.007994499,2.12078e-05,0.000698567,0.020196209,0.032045583,4.91858e-05,0.000594077,6.24022e-05,0.028234809,0.020100247,0.001697987,0.011145883,0.000640802,0.016933039,0.011598089,0.000159172,0.00026036,0.002613237,0.017606574,0.000250727,0.017412419,0.001430757,0.025094839,0.032231473,0.01001541,0.008703796,0.003014107,0.00597366,0.010614261,0.00022189,0.00472629,0.000439612,0.019626463,0.006345352,0.000853353,0.001434998,0.019100348,5.82439e-05,0.326402071
Copenhagen,Rensningsanlaeg Lynetten,Denmark,65,2020-05-05 00:00:00,1007230_2,26,644,47,3,24,182,18,0,0,71,25,15,404,141,731,600,59,1111,6,71,0,13,90,6,84,789,15,9,33,83,213,11,77,6,245,648,183,60,387,7,34,236,162,14,17,123,716,53,127,0,40,7,30,28,70,30,2,758,3,317,93,14,80,22,18,696,26,157,156,49,50,46,109,0,11,9,74,3,152,47,11,28,0,1092,1,0,102,30,5,30,168,239,89,0,1350,101,21,30,63,0,4,96,5,0,2,30,13,14,76,3,0,0,1,14,9,16,0,5,20,8,11,0,12,0,5,0,0,29,0,0,13,6,7,0,0,6,49,0,0,0,4,3,8,6,3,7,0,0,2,0,17,9,6,0,19,3,10,0,0,0,0,6,0,0,20,0,6,0,0,0,0,0,0,0,13,0,0,0,0,0,0,0,0,0,0,0,0,0,0,0,0,7,0,2,0,0,4,1,0,1,0,0,0,9,0,0,0,0,0,0,3,0,0,5,0,0,0,0,0,0,0,0,0,0,8,0,0,4,0,0,6,0,0,2,0,0,0,0,0,0,0,0,0,0,0,0,0,0,0,0,0,0,1,0,0,0,0,0,0,0,0,0,0,0,0,0,0,0,0,0,0,0,0,0,0,0,1,0,0,0,0,5,0,0,0,0,0,0,0,0,0,0,0,0,0,0,0,0,0,0,0,0,0,0,0,0,0,0,0,0,0,0,0,0,0,0,0,0,0,0,0,0,0,0,0,0,0,0,0,0,0,0,0,0,0,1,0,0,0,0,0,0,0,0,0,0,0,1,0,0,0,0,0,0,0,0,0,0,0,0,0,0,0,0,0,0,0,0,0,0,0,0,0,0,0,0,0,0,0,0,0,0,0,0,0,0,0,0,0,0,0,0,0,0,0,0,0,0,0,0,0,0,0,0,0,0,0,0,0,0,0,0,0,0,0,0,0,0,0,0,0,0,0,0,0,0,0,0,0,0,0,0,0,0,0,0,0,0,0,0,0,0,0,0,0,0,0,0,0,0,0,0,0,0,0,0,0,0,0,0,0,0,0,0,0,0,0,0,0,0,0,0,0,0,0,0,0,0,0,0,0,0,0,0,0,0,0,0,0,0,0,0,0,0,0,0,0,0,0,0,0,0,0,0,0,0,0,0,0,0,0,0,0,0,0,0,0,0,0,0,0,0,0,0,0,0,0,0,0,0,0,0,0,0,0,0,0,0,0,0,0,0,0,0,0,0,0,0,0,0,0,0,0,0,,,0.210107241,0.042456244,0.039325285,0.052412088,0.000296255,0.010227398,0.009129533,0.001233935,0.000756388,0.013583152,0.049315171,0.000102505,0.002903386,5.7744e-05,0.024527002,0.017203409,0.000748803,0.005297064,0.000761585,0.010751296,0.022211059,0.000106729,9.95738e-05,0.001804024,0.016712777,0.000334484,0.028206835,0.00119695,0.00670231,0.03793108,0.00639536,0.016360046,0.002715576,0.005281306,0.015243207,0.000303942,0.010233325,0.00061876,0.013779255,0.004171547,0.00041125,0.001130834,0.009222772,0.000376219,0.307255296
Copenhagen,Rensningsanlaeg Avedoere,Denmark,67,2020-05-14 00:00:00,1007234_1,29,142,23,2,18,195,21,0,2,88,0,11,536,92,1016,2,116,797,2,181,4,16,209,17,43,743,50,5,14,79,154,0,89,26,465,149,503,64,339,6,167,185,135,19,9,162,0,59,350,0,41,23,24,36,128,51,0,1174,5,230,50,17,87,5,22,707,9,100,180,69,49,24,80,0,6,0,147,0,326,20,6,30,0,905,5,0,114,29,0,37,232,457,126,4,2292,45,33,26,0,7,0,106,0,0,4,105,0,9,39,5,6,0,7,0,7,8,3,0,0,1,27,2,13,0,0,0,0,5,0,0,0,9,11,0,3,0,0,0,0,0,2,0,0,13,0,4,0,0,0,4,1,12,0,0,1,0,2,0,0,0,0,0,0,0,155,0,0,0,0,0,2,0,0,0,2,0,2,3,0,0,0,0,0,4,0,2,0,0,0,0,0,2,0,0,0,0,2,0,0,0,0,0,0,0,0,0,0,0,0,0,3,0,0,2,2,7,4,0,0,0,0,0,0,0,15,1,0,3,0,0,0,0,0,0,0,2,0,0,0,0,0,0,0,0,0,0,0,0,0,0,2,0,0,0,0,0,0,6,0,0,0,0,0,0,0,0,0,0,0,0,0,0,0,0,0,0,1,0,0,0,0,0,0,0,0,0,0,2,0,0,0,0,0,0,0,0,0,0,0,0,0,0,0,0,0,0,0,0,0,0,0,0,0,0,0,0,0,0,0,0,0,0,0,0,0,0,0,0,2,0,0,0,0,0,0,0,0,0,0,0,0,0,0,0,0,0,0,0,0,0,0,2,0,0,0,0,0,0,0,0,0,0,0,0,0,0,0,0,0,0,0,0,0,0,0,0,0,0,0,0,0,0,0,0,0,0,0,0,0,0,0,0,0,0,0,0,0,0,0,0,0,0,0,0,0,0,0,0,0,0,0,0,0,0,0,0,0,0,0,0,0,0,0,0,0,0,0,0,0,0,0,0,0,0,0,0,0,0,0,0,0,0,0,0,0,0,0,0,0,0,0,0,0,0,0,0,0,0,0,0,0,0,0,0,0,0,0,0,0,0,0,0,0,0,0,0,0,0,0,0,0,0,0,0,0,0,0,0,0,0,0,0,0,0,0,0,0,0,0,0,0,0,0,0,0,0,0,0,0,0,0,0,0,0,0,0,0,0,0,0,0,0,0,0,0,0,0,0,0,0,0,0,0,0,0,0,0,0,0,0,0,0,0,0,0,0,0,0,0,0,0,0,0,0,,,0.114776155,0.046635213,0.005001574,0.022587913,0.000203666,0.003870308,0.008657364,5.12028e-06,0.001599913,0.010328652,0.018141274,0.000345481,0.000805938,8.57012e-06,0.025926114,0.07454903,0.002768966,0.012136744,0.000728528,0.006723213,0.011764844,0.000154483,8.21525e-05,0.002286179,0.023782646,0.000254074,0.024528649,0.005823538,0.00520003,0.009342332,0.00728697,0.016482364,0.002972952,0.015166208,0.0249975,0.000345227,0.006072714,0.000529955,0.020755458,0.00476874,0.002685739,0.001166362,0.08831044,3.43173e-05,0.36940639
Copenhagen,Rensningsanlaeg Damhusaaen,Denmark,67,2020-05-14 00:00:00,1007235_1,41,177,46,8,14,162,42,0,0,77,2,21,1171,100,745,3,65,855,8,116,6,16,107,12,90,685,21,0,20,55,117,12,86,9,737,217,219,148,281,10,54,178,169,12,4,149,0,248,190,0,75,15,22,28,111,54,2,1651,9,292,67,27,91,4,16,756,31,105,154,126,42,24,114,0,31,9,75,3,216,33,9,70,0,807,0,0,118,17,0,29,194,716,260,0,3069,104,9,37,0,9,3,55,3,3,0,48,7,19,58,0,7,0,3,9,9,4,0,0,3,13,11,0,11,0,7,0,0,12,0,0,5,15,9,0,0,0,5,0,3,0,2,4,0,11,3,9,0,4,0,5,7,7,0,0,46,0,3,0,0,0,0,0,0,3,40,0,0,0,0,3,0,0,0,2,24,2,4,5,0,0,5,0,2,0,16,1,0,0,2,0,0,0,0,0,0,0,2,0,3,0,0,4,3,17,3,0,0,0,0,0,4,0,0,1,0,0,0,0,0,0,0,0,0,0,5,2,2,0,0,0,0,0,0,0,0,0,4,0,0,0,0,0,0,0,0,0,0,0,0,0,0,0,0,0,0,0,0,0,0,0,0,0,0,0,0,0,0,0,0,0,0,0,0,0,0,0,0,0,0,0,0,0,0,0,0,0,0,0,0,0,0,0,0,0,0,0,0,0,0,0,0,0,0,0,0,0,0,1,0,0,0,0,0,2,0,0,0,0,0,0,0,0,0,0,0,0,0,0,0,0,0,0,0,0,0,0,0,0,0,0,0,0,0,0,0,0,0,0,0,0,0,0,0,0,0,0,0,0,0,0,0,0,0,0,0,0,0,0,0,0,0,0,0,0,0,0,0,0,0,0,0,0,0,0,0,0,0,0,0,0,0,0,0,0,0,0,0,0,0,0,0,0,0,0,0,0,0,0,0,0,0,0,0,0,0,0,0,0,0,0,0,0,0,0,0,0,0,0,0,0,0,0,0,0,0,0,0,0,0,0,0,0,0,0,0,0,0,0,0,0,0,0,0,0,0,0,0,0,0,0,0,0,0,0,0,0,0,0,0,0,0,0,0,0,0,0,0,0,0,0,0,0,0,0,0,0,0,0,0,0,0,0,0,0,0,0,0,0,0,0,0,0,0,0,0,0,0,0,0,0,0,0,0,0,0,0,0,0,0,0,0,0,0,0,0,0,0,0,0,0,0,0,0,0,0,0,0,0,0,0,0,0,0,0,0,0,0,0,0,0,0,0,0,0,,,0.181976794,0.034281257,0.006249232,0.038353277,0.000454497,0.006342301,0.013432917,4.79143e-05,0.001482661,0.009130501,0.014706065,0.000272226,0.000344925,0.000350484,0.023226204,0.018637974,0.001140641,0.007900159,0.001136664,0.013101278,0.014569201,0.000200623,0.002367587,0.002217539,0.020849875,0.000511169,0.026520896,0.001554709,0.008096423,0.029678239,0.005863879,0.010463678,0.005548137,0.010961992,0.020207842,0.000780629,0.011492996,0.00069854,0.016230487,0.00585544,0.001058347,0.00065403,0.012249931,0.000386853,0.418412987
Copenhagen,Rensningsanlaeg Lynetten,Denmark,67,2020-05-14 00:00:00,1007233_1,62,1637,66,107,40,277,33,0,0,89,86,20,610,214,927,1584,87,1555,9,158,8,12,123,15,180,1060,17,7,74,117,232,20,116,36,674,1470,220,58,541,16,64,235,235,28,34,157,1808,87,183,7,80,28,48,33,100,70,3,1855,0,410,35,33,120,6,42,959,48,315,230,95,62,34,183,4,59,3,323,0,291,62,21,45,0,1419,0,0,120,29,9,30,243,603,121,2,3459,138,42,43,174,7,1,76,7,3,9,33,8,16,70,2,5,0,7,12,80,12,0,5,5,11,12,0,11,0,0,0,6,28,0,0,13,11,15,0,0,8,37,2,0,0,1,0,13,8,1,15,0,2,2,5,25,13,14,0,61,0,12,0,0,0,0,6,0,0,20,8,2,0,0,0,0,0,0,3,30,86,0,0,0,0,0,0,0,6,7,3,0,0,0,0,0,0,3,0,0,0,0,0,4,0,0,3,0,18,0,0,0,0,1,0,10,0,0,1,1,4,8,0,0,0,0,6,0,0,9,3,4,0,0,0,4,0,5,8,0,0,0,0,0,0,0,0,0,0,0,0,0,0,0,0,0,0,0,1,0,0,0,89,0,0,0,0,0,0,0,2,5,0,0,0,0,0,0,0,0,0,1,0,0,0,0,0,0,0,0,0,0,2,2,0,0,0,0,0,0,0,0,2,0,0,0,0,0,0,0,0,0,3,0,0,0,0,0,0,0,0,0,0,0,0,0,0,0,30,0,0,0,0,0,0,0,0,0,0,0,0,0,0,0,0,0,0,0,0,0,0,0,0,0,0,0,0,0,0,0,0,0,0,0,0,0,0,0,0,0,0,0,0,0,0,0,0,0,0,0,0,0,0,0,0,0,0,0,0,0,0,0,0,0,0,0,0,0,0,0,0,0,0,0,0,0,0,0,0,0,0,0,0,0,0,0,0,0,0,0,0,0,0,0,0,0,0,0,0,0,0,0,0,0,0,0,0,0,0,0,0,0,0,0,0,0,0,0,0,0,0,0,0,0,0,0,0,0,0,0,0,0,0,0,0,0,0,0,0,0,0,0,0,0,0,0,0,0,0,0,0,0,0,0,0,0,0,0,0,0,0,0,0,0,0,0,0,0,0,0,0,0,0,0,0,0,0,0,0,0,0,0,0,0,0,0,0,0,0,0,0,0,0,0,0,0,0,0,0,0,0,0,0,0,0,0,0,0,0,0,0,0,0,0,0,0,0,0,0,0,0,0,0,0,0,0,0,0,0,,,0.1772029,0.039311976,0.012699126,0.042097013,0.00029726,0.006709173,0.010268647,3.51618e-05,0.000684371,0.017552823,0.052799664,3.61313e-05,0.000544073,8.36638e-06,0.02157684,0.025812859,0.000896385,0.008640062,0.000724259,0.006372124,0.00917584,0.000158947,7.52246e-05,0.003043806,0.032594411,0.000268164,0.034524268,0.002152665,0.007522918,0.015316978,0.006532787,0.010764862,0.009531709,0.008489748,0.016413234,0.000260556,0.01397526,0.000588619,0.016388324,0.005520372,0.000330074,0.001937513,0.02157252,1.248e-05,0.358579504
Copenhagen,Rensningsanlaeg Avedoere,Denmark,68,2020-05-20 00:00:00,1007284_1,61,973,92,18,21,144,16,0,0,193,17,0,440,220,1353,873,109,1182,8,154,3,12,142,24,109,1141,31,15,71,113,330,5,69,8,567,974,290,83,666,11,63,333,300,25,40,252,1069,42,228,0,40,35,20,44,134,109,1,1443,8,677,156,37,237,9,24,573,38,453,283,86,94,44,153,0,23,3,134,9,250,63,12,25,0,1313,0,0,61,43,3,45,365,483,137,0,2465,99,33,25,43,5,5,102,8,5,10,110,10,8,125,0,0,0,4,0,17,17,0,10,46,15,24,3,53,0,5,0,0,34,0,0,29,14,16,0,0,17,86,0,3,5,2,4,10,18,1,5,3,0,0,8,23,11,7,0,18,3,7,0,1,0,0,0,0,0,65,0,12,0,0,0,1,0,0,0,29,0,1,1,0,0,0,0,0,0,9,3,2,0,1,2,0,9,4,4,7,11,2,0,0,0,0,0,11,25,0,7,0,1,4,0,10,0,5,11,1,0,2,0,0,0,0,4,0,0,33,0,0,0,0,0,8,0,0,5,0,0,0,0,0,0,2,0,0,0,0,0,0,0,0,0,5,0,0,0,0,3,0,0,0,0,0,0,0,0,0,0,0,0,0,0,0,0,0,0,0,0,2,0,0,0,0,0,0,0,0,0,0,0,0,0,0,0,0,0,0,0,1,0,0,0,0,0,0,0,0,0,0,0,0,0,0,0,0,0,0,0,0,0,0,0,0,0,0,0,0,0,0,0,0,0,0,0,0,0,0,0,0,0,0,0,0,0,0,0,0,0,0,0,0,0,0,0,0,0,0,0,0,1,0,0,0,0,0,0,0,0,0,0,0,0,0,0,0,0,0,0,0,0,0,0,0,0,0,0,0,0,0,0,0,0,0,0,0,0,0,0,0,0,0,0,0,0,0,0,0,0,0,0,0,0,0,0,0,0,0,0,0,0,0,0,0,0,0,0,0,0,0,0,0,0,0,0,0,0,0,0,0,0,0,0,0,0,0,0,0,0,0,0,0,0,0,0,0,0,0,0,0,0,0,0,0,0,0,0,0,0,0,0,0,0,0,0,0,0,0,0,0,0,0,0,0,0,0,0,0,0,0,0,0,0,0,0,0,0,0,0,0,0,0,0,0,0,0,0,0,0,0,0,0,0,0,0,0,0,0,0,0,0,0,0,0,0,0,0,0,0,0,0,0,0,0,0,0,0,0,0,0,0,0,0,0,0,0,0,0,0,0,0,0,0,0,0,0,0,,,0.216704125,0.044685661,0.010133635,0.037729219,0.000283904,0.002601295,0.012580636,5.56135e-05,0.001730812,0.015064547,0.033140058,4.71704e-05,0.000445428,1.21853e-05,0.008487205,0.022550837,0.001946175,0.033093507,0.000761974,0.005383104,0.010615194,0.00030075,0.000120824,0.001750761,0.030373916,0.000219283,0.022012994,0.003778921,0.003515602,0.005751002,0.011334719,0.016636443,0.004052703,0.007733421,0.008284264,0.000390115,0.007258678,0.000598676,0.030874966,0.00513312,0.00239675,0.001026538,0.022577238,1.1191e-05,0.35581484
Copenhagen,Rensningsanlaeg Damhusaaen,Denmark,68,2020-05-20 00:00:00,1007286_1,23,178,22,0,24,117,6,0,0,68,0,0,423,66,1038,0,96,361,3,104,4,15,353,6,14,347,42,7,9,62,53,0,71,15,222,192,975,52,145,0,0,71,110,16,0,124,0,55,460,0,36,11,12,44,52,41,1,656,0,204,31,36,77,0,10,674,2,80,43,85,27,43,51,0,0,0,184,0,154,32,0,11,0,402,8,0,81,0,4,45,415,151,129,3,1109,9,34,35,0,9,2,18,0,0,10,12,3,12,32,0,0,0,7,0,11,8,0,0,0,2,10,0,7,0,5,0,3,0,0,0,4,12,5,0,0,0,0,4,0,0,12,3,0,0,0,3,0,5,0,0,0,11,0,0,8,0,0,0,0,0,0,0,0,0,33,0,0,0,0,0,0,0,0,0,4,0,1,0,0,0,0,2,0,0,0,0,0,0,0,0,0,0,0,0,0,0,0,0,0,0,0,0,8,0,0,0,0,0,0,0,7,0,0,0,0,7,0,0,0,0,0,7,0,0,0,2,0,0,0,0,0,1,0,0,0,4,0,0,0,0,0,2,0,0,0,0,0,0,0,0,0,0,0,0,0,0,0,3,0,0,0,0,0,0,0,0,0,0,0,0,0,0,0,0,0,0,0,0,0,0,0,0,0,0,0,0,0,2,0,0,0,0,0,0,0,0,0,0,0,0,0,0,0,0,0,0,0,0,0,0,0,0,0,0,0,0,0,0,0,0,0,0,0,0,0,0,0,0,0,0,0,0,0,0,0,0,0,0,0,0,0,0,0,0,0,0,0,0,0,0,0,2,0,0,0,0,0,0,0,0,0,0,0,0,0,0,0,3,0,0,0,0,0,0,0,0,0,0,0,0,0,0,0,0,0,0,0,0,0,0,0,0,0,0,0,0,0,0,0,0,0,0,0,0,0,0,0,0,0,0,0,0,0,0,0,0,0,0,0,0,0,0,0,0,0,0,0,0,0,0,0,0,0,0,0,0,0,0,0,0,0,0,0,0,0,0,0,0,0,0,0,0,0,0,0,0,0,0,0,0,0,0,0,0,0,0,0,0,0,0,0,0,0,0,0,0,0,0,0,0,0,0,0,0,0,0,0,0,0,0,0,0,0,0,0,0,0,0,0,0,0,0,0,0,0,0,0,0,0,0,0,0,0,0,0,0,0,0,0,0,0,0,0,0,0,0,0,0,0,0,0,0,0,0,0,0,0,0,0,0,0,0,0,0,0,0,0,0,0,0,0,0,0,0,,,0.156624314,0.042608092,0.003111648,0.026727361,0.000413676,0.004092797,0.02173719,1.66065e-05,0.001180625,0.012275733,0.01675491,4.89523e-05,0.000178532,8.39256e-05,0.030517466,0.027766319,0.000964187,0.011494375,0.004268061,0.01145386,0.008179919,0.000120711,0.000101949,0.003700065,0.010041131,0.000358819,0.025795707,0.001586974,0.003665707,0.008678485,0.003922087,0.034645713,0.004126216,0.007519103,0.034919615,0.000393255,0.006645541,0.000830084,0.009818644,0.00584382,0.001460102,0.000459049,0.138264472,8.98028e-05,0.316514397
Copenhagen,Rensningsanlaeg Lynetten,Denmark,68,2020-05-20 00:00:00,1007282_1,36,258,90,7,15,93,11,0,0,135,0,7,1481,200,475,0,87,85,13,64,5,7,85,20,79,128,40,6,23,41,86,31,34,0,406,293,163,230,232,1,0,61,236,18,0,186,0,277,96,0,51,4,11,16,20,121,0,606,2,535,21,51,128,0,0,406,39,127,20,103,73,67,147,0,33,3,45,5,128,105,20,63,0,147,5,0,33,0,0,18,188,221,231,0,932,129,12,6,0,8,2,7,0,55,9,9,15,6,43,0,0,0,14,6,13,53,0,9,10,5,0,4,9,0,0,0,21,34,0,0,5,12,12,0,0,0,45,0,0,0,0,1,0,0,3,7,0,12,0,0,18,9,62,0,130,0,0,0,0,0,0,7,0,0,198,0,6,0,0,2,4,0,0,0,28,59,2,3,0,0,0,0,0,0,34,0,0,0,0,0,0,0,0,1,0,0,0,0,0,0,0,10,0,49,15,0,0,0,1,0,11,0,10,3,0,0,16,6,0,0,0,5,0,1,7,13,0,0,0,0,0,0,35,0,0,0,0,0,0,0,0,0,0,0,0,0,0,0,0,0,2,0,1,0,0,0,0,0,1,1,3,2,4,2,0,0,0,0,0,0,0,0,0,0,0,0,0,0,0,0,0,0,0,0,0,0,0,0,0,0,0,0,0,0,0,0,0,0,0,0,0,0,0,0,0,0,0,0,0,0,0,0,0,0,0,0,0,0,0,0,0,0,0,0,0,0,0,0,0,0,0,0,0,0,0,0,0,0,0,0,0,0,0,0,0,0,0,0,0,0,0,0,0,0,0,0,0,0,0,0,0,0,0,0,0,0,0,0,0,0,0,0,0,0,0,0,0,0,0,0,0,0,0,0,0,0,0,0,0,0,0,0,0,0,0,0,0,0,0,0,0,0,0,0,0,0,0,0,0,0,0,0,0,0,0,0,0,0,0,0,0,0,0,0,0,0,0,0,0,0,0,0,0,0,0,0,0,0,0,0,0,0,0,0,0,0,0,0,0,0,0,0,0,0,0,0,0,0,0,0,0,0,0,0,0,0,0,0,0,0,0,0,0,0,0,0,0,0,0,0,0,0,0,0,0,0,0,0,0,0,0,0,0,0,0,0,0,0,0,0,0,0,0,0,0,0,0,0,0,0,0,0,0,0,0,0,0,0,0,0,0,0,0,0,0,0,0,0,0,0,0,0,0,0,0,0,0,0,0,0,0,0,0,0,0,0,0,0,0,0,0,0,0,0,,,0.203149963,0.045807329,0.00512554,0.037894578,0.000277764,0.004013616,0.0156189,0.000288129,0.001093775,0.021535456,0.022528166,5.60948e-05,0.000318777,3.51462e-05,0.029455653,0.015072166,0.001099618,0.008688554,0.00717058,0.017325283,0.008262497,0.0004461,0.000277908,0.001842527,0.032925163,0.000350783,0.026614005,0.002545832,0.002724163,0.005601963,0.00813566,0.032678297,0.007275256,0.009352937,0.034540574,0.000319253,0.023943861,0.001564028,0.027079082,0.006942674,0.0002366,0.000524847,0.020550918,7.54405e-05,0.308634543
Copenhagen,Rensningsanlaeg Avedoere,Denmark,69,2020-05-28 00:00:00,1007237_2,42,317,100,0,7,174,31,0,0,161,0,24,1005,293,1186,0,172,881,18,163,0,11,148,16,79,1059,48,9,23,94,242,37,75,11,683,319,351,154,495,6,237,281,281,43,8,266,0,112,293,0,49,58,12,49,164,89,6,1423,0,568,94,55,204,5,14,819,26,150,337,98,86,23,178,0,20,7,48,6,288,45,34,58,0,1224,0,0,110,72,3,41,331,648,217,0,2538,103,26,14,0,9,4,142,7,12,10,151,17,15,130,3,6,0,2,8,18,13,0,2,2,11,17,0,29,0,3,0,9,40,0,0,15,21,13,0,0,0,21,2,0,4,1,8,0,37,0,12,0,2,0,4,34,17,21,0,126,0,8,0,0,0,0,3,0,0,25,0,0,0,0,0,1,0,0,2,29,0,1,7,0,0,0,0,0,1,37,8,1,0,1,0,4,9,4,0,0,0,2,1,4,0,0,4,9,37,6,0,2,10,3,0,5,0,11,5,1,2,2,0,0,0,0,0,0,0,39,10,0,0,0,0,3,0,12,4,0,3,0,2,0,0,0,0,4,0,0,0,0,0,0,0,1,0,0,0,0,0,0,0,0,1,0,0,0,0,0,0,0,0,0,0,0,0,0,0,0,0,0,0,0,0,0,5,0,0,0,1,0,0,0,0,0,0,0,0,0,0,0,0,0,0,0,0,0,0,0,2,0,0,0,0,0,0,3,0,0,0,0,0,0,0,0,0,0,0,0,0,0,0,0,0,0,0,0,0,0,0,0,1,0,0,0,0,0,0,0,0,0,0,0,0,0,0,0,0,0,0,0,0,0,0,0,0,0,0,0,0,0,0,0,0,0,0,0,0,0,0,0,0,0,0,0,0,0,0,0,0,0,0,0,0,0,0,0,0,0,0,0,0,0,0,0,0,0,0,0,0,0,0,0,0,0,0,0,0,0,0,0,0,0,0,0,0,0,0,0,0,0,0,0,0,0,0,0,0,0,0,0,0,0,0,0,0,0,0,0,0,0,0,0,0,0,0,0,0,0,0,0,0,0,0,0,0,0,0,0,0,0,0,0,0,0,0,0,0,0,0,0,0,0,0,0,0,0,0,0,0,0,0,0,0,0,0,0,0,0,0,0,0,0,0,0,0,0,0,0,0,0,0,0,0,0,0,0,0,0,0,0,0,0,0,0,0,0,0,0,0,0,0,0,0,0,0,0,0,0,0,0,0,0,0,0,0,0,0,0,0,0,0,0,0,0,0,0,0,,,0.133513001,0.075065702,0.042418541,0.08616267,0.000286877,0.00649937,0.00734296,1.49337e-05,0.000878738,0.018981336,0.031630255,3.639e-05,0.002032661,1.1627e-05,0.024222668,0.024346105,0.00114361,0.015458041,0.000708716,0.004689383,0.022811283,0.000152964,2.62182e-05,0.003500863,0.013879441,0.000272765,0.00725298,0.001310303,0.004023014,0.010611038,0.012559506,0.012960375,0.002393315,0.005369113,0.010328243,0.000176859,0.011604611,0.000486863,0.036381974,0.002152888,0.002672723,0.003803352,0.017669114,1.39662e-05,0.342142646
Copenhagen,Rensningsanlaeg Damhusaaen,Denmark,69,2020-05-28 00:00:00,1007238_2,39,215,29,0,24,255,23,3,0,48,0,12,645,61,903,0,66,977,8,179,4,21,145,0,18,784,24,6,9,75,73,0,112,21,389,203,342,95,151,8,0,171,99,12,9,111,0,119,171,0,67,14,20,41,74,63,3,1210,0,176,28,22,70,0,30,886,4,109,131,73,24,39,35,0,3,0,193,0,314,40,9,24,0,926,6,0,110,7,0,47,332,409,154,1,2176,13,16,43,0,16,0,44,0,0,7,10,5,31,28,0,0,0,6,0,16,14,1,0,4,2,15,0,7,0,0,0,0,5,0,0,11,11,11,0,0,0,0,0,0,18,2,0,3,5,2,0,0,4,0,2,0,3,4,0,6,0,0,0,0,0,0,2,0,0,119,2,0,0,0,0,0,0,0,4,4,0,1,0,0,0,4,0,0,0,0,0,0,0,0,0,0,0,0,0,0,0,0,1,7,0,0,0,0,14,0,0,0,0,3,0,8,5,6,0,0,0,0,0,0,0,0,5,0,0,0,0,0,0,0,0,0,0,0,3,0,5,0,0,0,0,0,0,0,0,0,0,0,0,0,0,0,0,0,0,0,0,0,0,0,0,0,0,0,0,0,0,0,0,0,0,0,0,0,0,0,0,0,0,0,0,0,0,0,0,0,0,0,0,0,0,0,0,0,0,0,0,0,0,0,0,0,0,0,0,0,0,0,0,0,0,0,0,0,0,0,0,0,0,0,0,0,0,0,0,0,0,0,0,0,0,0,0,0,0,0,0,0,0,0,0,0,0,0,0,0,0,0,0,0,0,0,0,0,0,0,0,1,0,0,0,0,0,0,0,0,0,0,0,0,0,0,0,0,0,0,0,0,0,0,0,0,0,0,0,0,0,0,0,0,0,0,0,0,0,0,0,0,0,0,0,0,0,0,0,0,0,0,0,0,0,0,0,0,0,0,0,0,0,0,0,0,0,0,0,0,0,0,0,0,0,0,0,0,0,0,0,0,0,0,0,0,0,0,0,0,0,0,0,0,0,0,0,0,0,0,0,0,0,0,0,0,0,0,0,0,0,0,0,0,0,0,0,0,0,0,0,0,0,0,0,0,0,0,0,0,0,0,0,0,0,0,0,0,0,0,0,0,0,0,0,0,0,0,0,0,0,0,0,0,0,0,0,0,0,0,0,0,0,0,0,0,0,0,0,0,0,0,0,0,0,0,0,0,0,0,0,0,0,0,0,0,0,0,0,0,0,0,0,0,0,0,0,0,0,,,0.185174614,0.060531666,0.022720073,0.057971626,0.000301553,0.011592093,0.010241767,9.31233e-05,0.000613478,0.015089881,0.026110996,3.50063e-05,0.001395839,1.0008e-05,0.019945714,0.028678879,0.000924195,0.007075762,0.000723693,0.00473018,0.009893239,0.000195676,6.54499e-05,0.006396997,0.005797803,0.000252956,0.015581763,0.001042788,0.039923515,0.039264819,0.004681766,0.008462762,0.002366312,0.01036166,0.007442353,0.000176926,0.007405802,0.000599653,0.020645928,0.003830814,0.00382586,0.002297406,0.007874269,1.28021e-05,0.347640535
Copenhagen,Rensningsanlaeg Lynetten,Denmark,69,2020-05-28 00:00:00,1007236_2,1,8,6,0,2,3,0,0,0,8,0,3,52,6,22,0,9,27,1,3,0,0,3,0,0,22,2,0,2,3,8,2,3,0,31,16,4,11,8,0,0,10,3,1,0,5,0,21,6,0,7,0,1,3,5,1,0,79,0,16,3,5,0,0,1,33,0,0,13,4,2,1,6,0,2,0,3,6,6,4,0,2,0,23,0,0,6,0,0,0,7,31,14,0,148,7,2,0,0,1,0,3,0,1,1,4,2,0,2,0,0,0,0,2,0,1,0,0,1,0,0,0,3,0,0,0,0,2,0,0,0,2,0,0,0,0,3,0,0,0,0,0,0,1,0,0,0,0,0,0,0,1,0,0,1,0,0,0,0,0,0,0,0,0,0,0,0,0,0,0,0,0,0,0,1,0,0,1,0,0,0,0,0,0,0,0,0,0,0,0,0,1,0,0,0,0,0,0,0,0,0,0,1,2,0,0,0,0,0,0,0,0,0,2,0,0,0,1,0,0,0,1,0,0,0,0,0,0,0,0,0,0,0,0,0,0,0,0,0,0,0,0,0,0,0,0,0,0,0,0,0,0,0,0,0,0,0,0,0,0,0,0,0,0,0,0,0,0,0,0,0,0,0,0,0,0,0,0,0,0,0,0,0,0,0,0,0,0,1,0,0,0,0,0,0,0,0,0,0,0,0,0,0,0,0,0,0,0,0,0,0,0,0,0,0,0,0,0,0,0,0,0,0,0,0,0,0,0,0,0,0,0,0,0,0,0,0,0,0,0,0,0,0,0,0,0,0,0,0,0,0,0,0,0,0,0,0,0,0,0,0,0,0,0,0,0,0,0,0,0,0,0,0,0,0,0,0,0,0,0,0,0,0,0,0,0,0,0,0,0,0,0,0,0,0,0,0,0,0,0,0,0,0,0,0,0,0,0,0,0,0,0,0,0,0,0,0,0,0,0,0,0,0,0,0,0,0,0,0,0,0,0,0,0,0,0,0,0,0,0,0,0,0,0,0,0,0,0,0,0,0,0,0,0,0,0,0,0,0,0,0,0,0,0,0,0,0,0,0,0,0,0,0,0,0,0,0,0,0,0,0,0,0,0,0,0,0,0,0,0,0,0,0,0,0,0,0,0,0,0,0,0,0,0,0,0,0,0,0,0,0,0,0,0,0,0,0,0,0,0,0,0,0,0,0,0,0,0,0,0,0,0,0,0,0,0,0,0,0,0,0,0,0,0,0,0,0,0,0,0,0,0,0,0,,,0.15317059,0.056467713,0.01032034,0.020430326,0.000117465,0.0045323,0.011404075,0.005669473,0.001043402,0.017717725,0.159027017,4.22947e-05,0.000707789,4.36081e-05,0.015861353,0.012299761,0.001115517,0.001904855,0.001029867,0.005579537,0.009226938,0.000217051,0.000170322,0.00331553,0.020568388,0.000249723,0.018919632,0.001842177,0.010809579,0.005296409,0.009183233,0.026299169,0.005872455,0.015122368,0.021569554,0.000380176,0.016590053,0.00052162,0.012684193,0.005227553,0.000343228,0.003336739,0.020520118,0.001170271,0.312078511
Copenhagen,Rensningsanlaeg Avedoere,Denmark,70,2020-06-04 00:00:00,1007240_1,49,1046,44,30,25,167,16,0,0,98,336,22,449,133,1035,1079,76,863,8,105,12,36,202,24,48,559,25,11,108,108,218,3,77,10,567,1122,453,57,463,5,28,140,169,23,18,166,1253,48,290,0,52,0,143,47,72,81,1,1254,0,313,109,18,130,113,11,680,12,139,129,73,51,26,91,5,13,9,153,0,160,34,12,27,0,780,0,0,92,21,10,35,230,436,140,1,2261,51,43,13,699,6,0,48,0,0,6,26,3,18,57,0,3,0,7,0,21,10,0,3,0,4,14,0,19,0,5,0,0,9,0,0,11,12,16,0,0,11,13,0,4,0,4,4,0,7,3,0,4,2,0,6,3,13,0,0,7,0,8,0,0,0,0,5,0,0,110,0,1,4,0,0,0,0,0,0,13,0,0,0,0,0,0,0,0,3,0,1,1,0,2,0,0,7,0,0,0,0,0,2,5,0,0,0,3,0,0,0,0,0,0,0,5,0,0,11,1,2,0,6,0,0,0,4,0,0,11,0,0,0,0,0,2,2,0,0,0,0,0,0,0,0,2,0,0,0,0,0,0,0,0,0,0,0,0,0,0,0,0,0,0,0,0,0,0,0,0,0,0,0,0,0,0,0,0,0,0,0,2,0,0,0,0,0,0,0,0,0,0,2,0,0,0,0,0,0,0,0,0,0,0,0,0,0,0,0,0,0,0,0,0,0,0,0,0,0,0,0,0,0,0,0,0,0,0,0,0,0,0,0,0,0,0,0,0,0,0,0,0,0,0,0,0,0,0,0,0,0,0,0,0,0,0,0,0,0,0,0,0,0,0,0,0,0,0,0,0,0,0,0,0,0,0,0,0,0,0,0,0,0,0,0,0,0,0,0,0,0,0,0,0,0,0,0,0,0,0,0,0,0,0,0,0,0,0,0,0,0,0,0,0,0,0,0,0,0,0,0,0,0,0,0,0,0,0,0,0,0,0,0,0,0,0,0,0,0,0,0,0,0,0,0,0,0,0,0,0,0,0,0,0,0,0,0,0,0,0,0,0,0,0,0,0,0,0,0,0,0,0,0,0,0,0,0,0,0,0,0,0,0,0,0,0,0,0,0,0,0,0,0,0,0,0,0,0,0,0,0,0,0,0,0,0,0,0,0,0,0,0,0,0,0,0,0,0,0,0,0,0,0,0,0,0,0,0,0,0,0,0,0,0,0,0,0,0,0,0,0,0,0,0,0,0,0,0,0,0,0,0,0,0,0,0,0,0,0,,,0.197531668,0.043095059,0.006651684,0.015998374,0.00046474,0.003990712,0.014116606,0.000146199,0.001387866,0.022334112,0.037806601,4.68937e-05,0.000530305,6.00162e-06,0.015257634,0.015513214,0.000788868,0.011592043,0.000989927,0.004988086,0.00933385,0.000176555,5.95977e-05,0.004234245,0.046472378,0.000267993,0.046881994,0.001322471,0.006485083,0.006638152,0.005001481,0.009828253,0.003541515,0.008350301,0.005146335,0.000316485,0.038259846,0.000570212,0.015454108,0.007941964,0.000438312,0.001225089,0.01260841,1.54785e-05,0.3761933
Copenhagen,Rensningsanlaeg Damhusaaen,Denmark,70,2020-06-04 00:00:00,1007241_2,146,494,122,0,20,273,28,0,0,172,16,18,671,292,1363,236,130,1376,8,129,8,11,131,42,98,1116,43,13,61,136,468,7,55,8,1070,493,268,84,933,8,46,304,317,43,18,288,276,70,246,0,39,40,17,63,116,138,3,2575,9,541,42,46,221,5,26,599,24,238,292,126,141,39,150,0,32,6,112,0,260,58,35,43,0,1518,0,0,57,66,5,41,333,986,176,0,4676,73,34,16,27,9,4,102,5,17,22,104,20,16,128,0,0,0,8,2,18,22,0,7,25,7,12,3,32,0,11,0,0,22,0,0,17,19,17,0,5,10,29,1,0,0,1,11,12,17,2,3,0,4,0,4,8,14,2,0,43,0,16,0,2,0,0,0,0,2,22,6,8,0,0,0,4,5,0,0,44,155,1,2,0,0,0,0,0,1,6,5,4,0,0,0,4,14,5,0,0,0,0,3,4,1,0,1,5,30,0,4,0,4,0,0,4,0,12,17,1,2,0,0,0,0,0,0,0,0,32,8,0,0,0,0,8,0,0,0,0,2,0,0,0,0,0,0,2,0,0,0,2,0,0,0,0,0,4,0,0,3,0,0,0,0,0,0,0,0,0,0,0,0,0,0,0,0,0,0,0,0,0,1,0,0,0,4,0,0,2,0,0,0,0,0,0,0,0,0,0,0,0,0,0,0,0,0,0,0,0,0,0,0,0,0,0,0,0,0,0,0,0,0,0,0,0,0,0,0,0,0,0,0,0,0,0,0,0,0,0,0,0,0,0,0,0,0,0,0,0,0,0,0,0,0,0,0,0,1,0,0,0,0,0,0,0,0,0,0,0,0,0,0,0,0,0,0,0,0,0,0,0,0,0,0,0,0,0,0,0,0,0,0,0,0,0,0,0,0,0,0,0,0,0,0,0,0,0,0,0,0,0,0,0,0,0,0,0,0,0,0,0,0,0,0,0,0,0,0,0,0,0,0,0,0,0,0,0,0,0,0,0,0,0,0,0,0,0,0,0,0,0,0,0,0,0,0,0,0,0,0,0,0,0,0,0,0,0,0,0,0,0,0,0,0,0,0,0,0,0,0,0,0,0,0,0,0,0,0,0,0,0,0,0,0,0,0,0,0,0,0,0,0,0,0,0,0,0,0,0,0,0,0,0,0,0,0,0,0,0,0,0,0,0,0,0,0,0,0,0,0,0,0,0,0,0,0,0,0,0,0,0,0,0,0,0,0,0,0,0,0,0,0,0,0,0,0,0,0,,,0.200131528,0.064038549,0.035548648,0.047157059,0.000220562,0.003408376,0.008746205,1.34066e-05,0.001321599,0.018699629,0.055860749,5.46729e-05,0.000561626,1.35766e-05,0.011455538,0.015318675,0.000843949,0.012384998,0.00045401,0.006970048,0.012219776,0.000284259,0.000156538,0.001513792,0.01485115,0.000269897,0.0172721,0.001544679,0.003897957,0.008842702,0.018442964,0.017646904,0.002818691,0.004915417,0.007488208,0.000200656,0.013855406,0.000515718,0.027976067,0.003088538,0.003427422,0.00224541,0.023853196,2.25135e-05,0.329446635
Copenhagen,Rensningsanlaeg Lynetten,Denmark,70,2020-06-04 00:00:00,1007239_1,81,243,96,3,13,188,30,0,0,116,0,13,844,191,632,5,161,930,11,173,0,17,86,4,74,772,70,12,49,61,230,21,75,14,848,288,159,104,451,14,0,222,237,27,6,182,6,181,166,0,70,16,26,19,87,110,2,2015,24,421,68,57,138,4,18,716,25,135,210,84,78,75,132,0,29,6,76,0,294,113,21,44,0,1230,0,0,94,24,2,8,182,1029,192,0,3586,84,11,29,0,13,4,32,0,11,10,45,37,16,111,0,6,0,17,5,5,38,0,9,79,11,11,0,14,0,8,0,0,23,0,0,7,7,27,0,0,6,38,0,3,0,3,2,0,3,5,5,0,2,0,6,22,17,11,0,35,0,5,0,0,0,0,23,6,0,30,0,6,0,0,0,0,4,0,0,29,0,3,0,0,0,2,0,2,4,28,0,1,0,0,0,3,10,0,0,0,4,0,0,0,0,0,1,3,35,0,0,0,0,1,0,14,0,0,1,0,2,4,7,0,0,0,0,3,0,5,4,0,0,0,0,2,0,8,0,0,2,0,0,0,3,0,6,0,0,0,2,0,0,0,0,0,0,1,0,0,5,0,0,0,1,1,9,4,0,0,2,0,0,0,6,0,0,0,0,0,0,2,0,0,0,0,0,0,0,0,0,0,0,0,0,0,0,0,0,0,0,0,0,0,0,0,0,0,0,0,1,0,2,0,0,0,0,0,0,0,0,0,0,0,0,0,0,0,0,0,0,0,0,0,4,0,0,0,0,2,0,0,0,0,0,0,0,0,0,0,0,2,0,0,0,0,0,0,0,0,0,0,0,0,0,0,0,0,1,1,0,0,0,0,0,0,0,0,0,0,0,0,0,0,0,0,0,0,0,0,0,0,0,0,0,0,0,0,0,0,0,0,0,0,0,0,0,0,0,0,0,0,0,0,0,0,0,0,0,0,0,0,0,0,0,0,0,0,0,0,0,0,0,0,0,0,0,0,0,0,0,0,0,0,0,0,0,0,0,0,0,0,0,0,0,0,0,0,0,0,0,0,0,0,0,0,0,0,0,0,0,0,0,0,0,0,0,0,0,0,0,0,0,0,0,0,0,0,0,0,0,0,0,0,0,0,0,0,0,0,0,0,0,0,0,0,0,0,0,0,0,0,0,0,0,0,0,0,0,0,0,0,0,0,0,0,0,0,0,0,0,0,0,0,0,0,0,0,0,0,0,0,0,0,0,0,0,0,0,0,0,0,0,0,0,0,0,0,0,,,0.195477561,0.055927912,0.032351117,0.044909794,0.000354593,0.012446541,0.010825069,6.48613e-06,0.000563422,0.016896554,0.016668311,4.08373e-05,0.001084788,4.51599e-05,0.014424672,0.019442332,0.001270903,0.012731339,0.000467343,0.004622444,0.007948706,0.000140691,4.144e-05,0.007163676,0.017416594,0.000323197,0.028022789,0.00188789,0.012858324,0.036453116,0.009571187,0.013525167,0.002636892,0.003924258,0.00557324,0.000269934,0.008649466,0.000402664,0.012612187,0.005409554,0.000741246,0.005976539,0.005584545,1.76447e-05,0.372291875
Copenhagen,Rensningsanlaeg Avedoere,Denmark,71,2020-06-10 00:00:00,1007243_1,81,727,65,44,50,208,19,3,0,126,42,14,981,177,784,605,65,797,8,72,4,23,131,13,148,459,19,0,81,93,153,29,97,10,641,757,273,117,442,19,24,165,226,17,18,134,700,155,206,1,51,8,31,29,72,61,2,1551,11,368,130,28,124,17,24,645,36,185,134,133,59,24,135,0,35,5,96,0,125,32,24,46,0,730,0,3,86,12,0,37,217,603,217,0,2820,145,22,18,43,8,7,48,0,10,7,21,17,9,41,0,0,0,0,0,20,11,0,4,5,18,11,0,19,0,7,0,6,26,0,0,11,6,12,0,0,13,37,0,3,0,2,2,4,6,4,16,0,0,1,9,31,15,20,0,103,0,9,0,0,0,0,0,5,0,20,0,1,0,0,0,0,3,0,0,37,0,0,2,0,0,0,0,0,0,34,0,4,0,1,0,0,5,0,0,0,6,0,0,0,0,0,3,0,27,0,0,1,0,0,0,8,0,0,19,0,0,4,0,3,0,0,0,0,0,0,11,8,0,0,0,4,0,17,4,0,3,0,2,3,0,0,2,0,0,0,0,0,0,0,0,0,0,0,1,0,0,0,8,0,0,0,0,0,0,0,0,0,0,0,0,0,0,0,0,0,0,0,0,0,1,0,3,0,0,0,0,1,0,3,0,0,0,0,0,0,0,0,0,0,0,0,0,0,0,0,0,0,0,0,0,0,0,0,0,0,0,0,0,0,0,0,0,0,0,0,0,0,0,0,6,0,0,0,0,0,0,0,0,0,0,0,0,0,0,0,0,0,0,0,0,0,0,0,0,0,0,0,0,0,0,0,0,0,0,0,0,0,0,0,0,0,0,0,0,0,0,0,0,0,0,0,0,0,0,0,0,0,0,0,0,0,0,0,0,0,0,0,0,0,0,0,0,0,0,0,0,0,0,0,0,0,0,0,0,0,0,0,0,0,0,0,0,0,0,0,0,0,0,0,0,0,0,0,0,0,0,0,0,0,0,0,0,0,0,0,0,0,0,0,0,0,0,0,0,0,0,0,0,0,0,0,0,0,0,0,0,0,0,0,0,0,0,0,0,0,0,0,0,0,0,0,0,0,0,0,0,0,0,0,0,0,0,0,0,0,0,0,0,0,0,0,0,0,0,0,0,0,0,0,0,0,0,0,0,0,0,0,0,0,0,0,0,0,0,0,0,0,0,0,0,0,0,0,0,0,0,0,0,0,0,0,0,0,0,0,0,0,0,0,0,0,0,0,0,,,0.171825213,0.045889755,0.003661127,0.020777104,0.000222659,0.00285052,0.01933951,9.82043e-06,0.004118888,0.01526484,0.023876231,4.67433e-05,0.000441873,1.1185e-05,0.006221642,0.021548114,0.001242781,0.021239405,0.000602431,0.007659991,0.018610467,0.000424447,8.37009e-05,0.003217922,0.02646378,0.00070082,0.032636744,0.001862905,0.002432267,0.005235808,0.009256765,0.019728438,0.003743692,0.015574459,0.01287748,0.000205499,0.009398491,0.000923064,0.03454096,0.007161336,0.002913396,0.001925603,0.01569793,5.40662e-06,0.407528789
Copenhagen,Rensningsanlaeg Damhusaaen,Denmark,71,2020-06-10 00:00:00,1007244_1,34,259,103,18,16,86,7,0,0,112,45,6,1244,166,724,54,72,159,7,57,3,8,142,32,101,230,17,4,28,81,135,22,46,8,629,276,275,177,325,0,19,75,253,18,9,168,44,194,178,2,45,10,24,41,40,62,0,741,0,433,41,48,151,5,0,341,21,116,56,101,67,12,131,0,23,6,30,0,74,32,27,47,0,246,3,0,28,16,6,40,267,303,222,0,1325,79,19,6,14,5,0,9,0,18,11,23,6,4,43,3,7,0,2,0,16,4,0,0,5,11,0,0,26,0,0,0,6,42,0,0,9,11,16,0,0,0,20,0,4,0,3,4,2,5,1,13,0,2,4,6,18,15,12,0,92,0,0,0,0,0,0,3,0,0,144,0,5,0,0,0,0,0,0,0,41,99,1,0,0,0,0,0,0,0,21,0,1,0,0,0,0,8,0,0,0,0,0,0,5,0,0,9,3,37,4,0,0,6,0,0,9,0,6,4,0,0,15,0,0,0,0,0,0,0,9,29,4,0,0,0,0,0,23,0,0,0,0,0,0,7,0,0,0,0,0,0,0,0,0,0,7,0,0,0,0,0,0,0,0,0,0,0,0,0,0,0,0,0,5,0,0,0,0,0,0,0,0,0,1,1,0,0,0,0,0,0,0,0,0,0,0,0,0,0,0,0,0,0,0,0,0,0,0,0,0,0,0,0,0,0,0,0,0,0,0,0,0,0,0,0,0,0,0,0,0,0,0,0,0,0,0,0,0,0,0,0,0,0,0,0,0,0,0,0,0,0,0,0,0,0,0,0,0,0,0,0,0,0,0,0,0,0,0,0,0,0,0,0,0,0,0,0,0,0,0,0,0,0,0,0,0,0,0,0,0,0,0,0,0,0,0,0,0,0,0,0,0,0,0,0,0,0,0,0,0,0,0,0,0,0,0,0,0,0,0,0,0,0,0,0,0,0,0,0,0,0,0,0,0,0,0,0,0,0,0,0,0,0,0,0,0,0,0,0,0,0,0,0,0,0,0,0,0,0,0,0,0,0,0,0,0,0,0,0,0,0,0,0,0,0,0,0,0,0,0,0,0,0,0,0,0,0,0,0,0,0,0,0,0,0,0,0,0,0,0,0,0,0,0,0,0,0,0,0,0,0,0,0,0,0,0,0,0,0,0,0,0,0,0,0,0,0,0,0,0,0,0,0,0,0,0,0,0,0,0,0,0,0,0,0,0,0,0,0,0,0,0,0,0,0,0,0,0,0,,,0.223665935,0.037592689,0.008396805,0.027837255,0.00032952,0.006804234,0.027125079,7.74063e-06,0.000603026,0.024009609,0.022800793,7.08841e-05,0.002194607,7.85857e-06,0.020748428,0.02061727,0.001269365,0.010721441,0.000674347,0.008282306,0.013741202,0.000206257,9.1115e-05,0.004000129,0.020260184,0.000288462,0.032482657,0.001130848,0.030119695,0.019912521,0.005505841,0.009418941,0.003167353,0.009343805,0.007632309,0.00055432,0.01505314,0.000657421,0.014603024,0.005584813,0.000740487,0.001415646,0.009327801,7.16771e-06,0.350995668
Copenhagen,Rensningsanlaeg Lynetten,Denmark,71,2020-06-10 00:00:00,1007242_2,33,172,80,0,11,169,26,0,0,87,0,14,303,106,780,3,131,592,0,177,3,12,92,9,29,663,62,10,23,85,84,0,79,7,233,159,209,50,195,10,0,178,159,17,6,145,0,118,126,0,47,21,16,41,57,138,2,678,3,350,44,55,103,0,17,787,8,91,132,97,48,44,76,0,6,5,70,0,322,78,8,20,0,963,0,0,86,21,0,29,287,270,93,2,1212,33,41,53,0,12,5,44,0,7,12,31,7,22,46,0,0,0,18,0,7,28,0,0,34,2,26,0,11,0,0,0,4,12,0,0,5,13,6,0,0,2,11,0,0,0,1,2,0,9,0,0,0,5,0,6,0,7,7,0,7,0,4,0,0,0,0,1,0,0,20,0,0,0,0,0,5,0,0,4,13,0,1,3,0,0,0,0,0,0,0,8,1,0,2,0,0,0,0,0,0,0,0,0,0,2,0,0,0,0,0,0,0,0,0,0,7,0,0,4,1,0,0,6,0,0,0,0,2,0,0,0,0,0,0,3,0,0,0,0,0,0,0,0,0,0,0,0,0,0,0,0,0,0,0,0,0,0,0,0,0,0,0,0,0,0,0,0,0,0,0,0,0,0,0,0,0,0,0,0,0,0,0,0,0,0,0,0,0,0,0,0,0,0,0,0,0,0,0,0,0,0,0,0,0,0,0,0,0,0,0,0,0,0,0,0,0,0,0,0,0,0,0,0,0,0,0,0,0,0,0,0,0,0,0,0,0,0,0,0,0,0,0,0,0,0,0,0,0,0,0,0,0,0,0,0,0,0,0,0,0,0,0,0,0,0,0,0,0,0,0,0,0,0,0,0,0,0,0,0,0,0,0,0,0,0,0,0,0,0,0,0,0,0,0,0,0,0,0,0,0,0,0,0,0,0,0,0,0,0,0,0,0,0,0,0,0,0,0,0,0,0,0,0,0,0,0,0,0,0,0,0,0,0,0,0,0,0,0,0,0,0,0,0,0,0,0,0,0,0,0,0,0,0,0,0,0,0,0,0,0,0,0,0,0,0,0,0,0,0,0,0,0,0,0,0,0,0,0,0,0,0,0,0,0,0,0,0,0,0,0,0,0,0,0,0,0,0,0,0,0,0,0,0,0,0,0,0,0,0,0,0,0,0,0,0,0,0,0,0,0,0,0,0,0,0,0,0,0,0,0,0,0,0,0,0,0,0,0,0,0,0,0,0,0,0,0,0,0,0,0,0,0,0,0,0,0,0,0,0,,,0.2983798,0.043132479,0.010355105,0.029979447,0.000218145,0.003086944,0.030046118,0.000161495,0.001202282,0.020728423,0.058761003,2.35306e-05,0.000618404,8.19744e-06,0.008836831,0.015309933,0.000731295,0.005524758,0.000699135,0.003544411,0.006818584,0.000135329,0.000100228,0.005477489,0.026734996,0.000211696,0.02263545,0.00111256,0.0029763,0.005187269,0.007052694,0.009194862,0.003684146,0.005350681,0.00521764,0.000321863,0.027122059,0.000489597,0.018749174,0.007871931,0.000255476,0.001602728,0.014997907,6.25264e-06,0.295345352
Copenhagen,Rensningsanlaeg Damhusaaen,Denmark,72,2020-06-17 00:00:00,1007246_1,12,39,14,1,4,25,4,0,0,10,0,0,107,20,57,0,17,90,2,24,0,1,13,2,16,92,5,0,1,5,14,3,9,3,70,38,31,15,42,4,0,25,40,1,0,14,0,29,12,0,9,3,2,0,11,12,0,187,1,50,0,9,22,1,0,89,9,13,13,13,6,19,22,1,0,1,13,1,38,7,1,11,2,127,0,0,11,5,0,6,29,94,18,0,307,19,1,5,0,0,0,4,0,2,3,7,10,2,8,0,1,0,1,0,2,3,0,1,9,1,0,1,7,0,0,0,0,2,0,0,0,3,2,0,3,0,2,0,0,0,0,0,0,1,0,0,0,2,0,0,1,2,6,0,9,0,0,0,0,0,0,0,0,0,9,0,0,0,0,0,1,0,0,0,1,8,0,0,0,0,0,0,0,0,3,2,0,0,0,0,0,0,0,0,0,0,0,0,0,0,0,0,0,6,0,0,0,0,0,1,0,0,0,0,0,0,0,0,0,0,0,0,0,0,0,1,0,0,0,0,0,0,0,2,0,0,0,0,0,0,0,0,0,0,0,0,0,0,0,0,0,0,0,0,0,0,0,0,0,0,0,2,0,0,0,2,0,0,0,0,0,0,0,0,0,0,0,0,0,0,0,0,0,0,0,0,0,0,0,0,0,0,0,0,0,0,0,0,0,0,0,0,0,0,0,0,0,0,0,0,0,0,0,0,0,0,0,0,0,0,0,0,0,0,0,0,0,0,0,0,0,0,0,0,0,0,0,0,0,0,0,0,0,0,0,0,0,0,0,0,0,0,0,1,0,0,0,0,0,0,0,0,0,0,0,0,0,0,0,0,0,0,0,0,0,0,0,0,0,0,0,0,0,0,0,0,0,0,0,0,0,0,0,0,0,0,0,0,0,0,0,0,0,0,0,0,0,0,0,0,0,0,0,0,0,0,0,0,0,0,0,0,0,0,0,0,0,0,0,0,0,0,0,0,0,0,0,0,0,0,0,0,0,0,0,0,0,0,0,0,0,0,0,0,0,0,0,0,0,0,0,0,0,0,0,0,0,0,0,0,0,0,0,0,0,0,0,0,0,0,0,0,0,0,0,0,0,0,0,0,0,0,0,0,0,0,0,0,0,0,0,0,0,0,0,0,0,0,0,0,0,0,0,0,0,0,0,0,0,0,0,0,0,0,0,0,0,0,0,0,0,0,0,0,0,0,0,0,0,0,0,0,0,0,0,0,0,0,0,0,0,0,0,0,,,0.224967264,0.026010894,0.006904385,0.018631651,0.000329625,0.002748018,0.031585807,2.58467e-05,0.001275488,0.017898928,0.041106972,0.000122637,0.000374298,3.02411e-05,0.00891629,0.023714637,0.001187061,0.013036111,0.001343304,0.007347249,0.002749672,0.000224316,0.000435614,0.002023631,0.036098122,0.000493437,0.030659295,0.001292913,0.00271227,0.016136306,0.007654279,0.011571818,0.00389602,0.010040364,0.01081668,0.000431424,0.014340887,0.000570558,0.015844636,0.01028177,0.00121738,0.000831824,0.007461685,3.78755e-05,0.384620516
Copenhagen,Rensningsanlaeg Lynetten,Denmark,72,2020-06-17 00:00:00,1007245_1,46,877,31,31,22,177,16,0,0,74,299,0,437,99,877,1035,70,818,5,131,7,22,166,20,38,509,23,7,70,94,167,2,69,15,499,1033,357,45,328,9,36,116,161,24,20,133,1074,42,243,1,35,4,104,43,74,70,0,1172,0,232,80,12,95,104,12,589,8,116,99,85,58,23,64,2,14,3,131,0,192,37,4,27,3,702,0,0,48,16,10,29,230,390,133,0,2053,44,35,23,666,6,0,41,6,0,0,31,0,4,44,0,0,0,3,0,10,14,0,3,3,3,11,0,10,0,4,0,0,8,0,0,11,6,8,0,0,16,18,0,0,0,2,0,5,9,0,0,0,1,0,3,0,3,3,0,6,0,5,0,0,0,0,0,0,0,95,2,1,0,0,0,0,0,0,2,12,0,3,0,0,0,3,0,0,5,6,0,3,0,1,0,0,0,0,0,0,0,0,0,2,0,0,0,0,4,0,0,0,0,0,0,3,0,2,4,0,2,0,0,0,0,0,0,0,0,0,0,0,0,0,0,0,2,0,2,0,0,0,0,0,0,0,0,0,0,0,0,0,0,0,0,0,0,0,0,0,0,0,0,0,1,0,0,0,0,0,0,0,0,0,0,0,0,0,0,0,0,1,0,0,3,0,0,0,0,0,0,0,0,0,0,0,3,0,0,0,0,0,0,0,0,0,0,0,0,0,0,0,0,0,0,0,0,0,0,0,0,0,0,0,0,0,0,0,0,0,0,0,0,0,0,0,0,0,0,0,0,0,0,0,0,0,0,0,0,0,0,0,0,0,0,0,0,0,0,0,0,0,0,0,0,0,0,0,0,0,0,0,0,0,0,0,0,0,0,0,0,0,0,0,0,0,0,0,0,0,0,0,0,0,0,0,0,0,0,0,0,0,0,0,0,0,0,0,0,0,0,0,0,0,0,0,0,0,0,0,0,0,0,0,0,0,0,0,0,0,0,0,0,0,0,0,0,0,0,0,0,0,0,0,0,0,0,0,0,0,0,0,0,0,0,0,0,0,0,0,0,0,0,0,0,0,0,0,0,0,0,0,0,0,0,0,0,0,0,0,0,0,0,0,0,0,0,0,0,0,0,0,0,0,0,0,0,0,0,0,0,0,0,0,0,0,0,0,0,0,0,0,0,0,0,0,0,0,0,0,0,0,0,0,0,0,0,0,0,0,0,0,0,0,0,0,0,0,0,0,0,0,0,0,0,0,0,0,0,0,0,0,0,0,0,0,0,0,0,,,0.268135738,0.042667418,0.006098347,0.025960386,0.00033467,0.002884761,0.029848776,8.85836e-05,0.00101362,0.02868493,0.046863065,2.15911e-05,0.000345574,9.54e-06,0.00802829,0.013588006,0.00096378,0.013020109,0.000956687,0.004660281,0.012371211,0.00026191,5.59851e-05,0.004841889,0.045004563,0.000248601,0.028348109,0.001055447,0.004343701,0.004882207,0.007648107,0.008651062,0.006610476,0.008579859,0.005321591,0.000212672,0.043657136,0.00039109,0.018703673,0.006750582,0.000356667,0.000575905,0.016816077,1.18781e-05,0.280125451
Copenhagen,Rensningsanlaeg Damhusaaen,Denmark,73,2020-06-24 00:00:00,1007248_1,57,283,102,3,8,338,25,0,0,129,0,26,1017,283,1237,0,125,875,12,198,0,13,106,29,66,1034,45,12,33,101,399,3,79,8,743,280,232,156,739,5,534,360,299,37,15,283,3,182,235,0,52,32,32,41,218,78,2,1802,2,498,97,55,159,6,11,921,29,205,249,114,98,68,154,2,31,5,31,3,319,55,23,59,4,1182,1,0,113,61,0,28,268,699,213,0,3053,122,59,20,8,10,2,181,3,6,17,226,9,32,112,0,12,0,11,0,19,23,0,9,0,4,14,0,26,0,5,0,0,20,0,0,14,14,16,0,3,3,7,6,4,0,2,0,3,47,2,10,0,3,1,4,13,17,12,0,37,0,5,0,4,0,0,8,0,3,13,4,0,0,0,0,3,0,0,0,31,3,0,5,1,0,0,0,0,0,9,6,1,0,0,2,5,9,2,0,0,0,1,0,0,0,0,5,0,17,0,6,4,0,4,0,11,0,0,4,5,0,6,0,0,0,0,0,0,0,31,5,0,0,0,0,2,0,0,5,0,4,0,0,0,0,0,0,0,0,0,0,0,0,0,0,0,0,0,0,0,0,0,0,0,4,0,0,0,0,0,0,0,0,0,0,0,0,0,0,0,0,0,0,0,0,0,0,0,0,0,0,0,0,0,0,0,0,0,0,0,0,0,0,0,0,0,0,0,0,0,0,0,0,0,0,0,0,1,0,0,0,0,0,0,0,0,0,0,0,0,0,0,0,0,0,0,0,0,0,0,0,0,0,0,0,0,0,0,0,0,0,0,0,0,0,0,0,0,0,0,0,0,0,0,0,0,0,0,0,0,0,0,0,0,0,0,0,0,0,0,0,1,0,0,0,0,0,0,0,0,0,0,0,0,0,0,0,0,0,0,0,0,0,0,0,0,0,0,0,0,0,0,0,0,0,0,0,0,0,0,0,0,0,0,0,0,0,0,0,0,0,0,0,0,0,0,0,0,0,0,0,0,0,0,0,0,0,0,0,0,0,0,0,0,0,0,0,0,0,0,0,0,0,0,0,0,0,0,0,0,0,0,0,0,0,0,0,0,0,0,0,0,0,0,0,0,0,0,0,0,0,0,0,0,0,0,0,0,0,0,0,0,0,0,0,0,0,0,0,0,0,0,0,0,0,0,0,0,0,0,0,0,0,0,0,0,0,0,0,0,0,0,0,0,0,0,0,0,0,0,0,0,0,0,0,0,0,0,0,0,0,0,0,0,0,0,0,0,0,,,0.15497495,0.014071906,0.006605966,0.010768862,0.000436569,0.002691736,0.010596248,1.08087e-05,0.000567372,0.01131057,0.032199859,5.80355e-05,0.000406336,5.63627e-05,0.010804663,0.010752964,0.00050536,0.004135744,0.019046865,0.007220012,0.003112475,0.000104043,0.000248041,0.002500319,0.016471981,0.000328839,0.024356023,0.001515992,0.002036475,0.007428335,0.004626901,0.180290932,0.004979136,0.005174133,0.117886405,0.000177782,0.016982289,0.000740477,0.012708569,0.007168538,0.000745838,0.001155094,0.009825965,6.01709e-06,0.282208214
Copenhagen,Rensningsanlaeg Lynetten,Denmark,73,2020-06-24 00:00:00,1007247_1,18,529,24,60,33,247,20,0,4,48,201,10,436,103,844,629,49,1160,0,172,0,8,84,4,18,856,15,0,67,78,80,0,104,30,181,536,200,58,206,11,23,197,100,15,24,89,642,91,104,0,66,13,45,31,32,31,0,736,0,154,78,18,63,41,44,817,4,104,145,61,19,31,41,2,0,3,66,0,304,37,0,35,0,1008,0,0,98,16,4,30,158,194,85,5,1148,7,35,48,320,10,0,43,0,0,0,13,3,24,24,0,0,0,9,0,11,22,0,0,0,2,17,0,7,0,0,0,0,5,0,0,5,6,6,0,3,3,0,0,0,0,0,0,4,16,2,0,0,0,0,0,4,4,0,0,0,0,1,0,0,0,0,4,0,0,0,2,5,0,0,0,0,0,0,3,7,0,0,2,0,0,0,0,0,0,0,0,2,0,2,0,0,0,0,0,0,0,0,2,0,0,0,0,0,0,0,0,0,0,0,0,3,0,0,0,0,8,0,0,0,0,0,0,0,0,4,0,0,0,0,0,0,0,0,0,0,0,0,0,0,0,0,0,0,0,0,0,0,0,0,0,0,0,0,0,0,0,0,0,0,0,0,0,0,0,0,0,2,0,0,0,0,0,0,0,0,0,0,0,0,0,0,0,0,0,0,0,0,0,0,0,0,0,0,0,0,0,0,0,0,0,0,0,0,0,0,0,0,0,0,0,0,0,0,0,0,0,0,0,0,0,0,0,0,0,0,0,0,0,0,0,0,0,0,0,0,0,0,0,0,0,0,0,0,0,0,0,0,0,0,0,0,0,0,0,0,0,0,0,0,0,0,0,0,0,0,0,0,0,0,0,0,0,0,0,0,0,0,0,0,0,0,0,0,0,0,0,0,0,0,0,0,0,0,0,0,0,0,0,0,0,0,0,0,0,0,0,0,0,0,0,0,0,0,0,0,0,0,0,0,0,0,0,0,0,0,0,0,0,0,0,0,0,0,0,0,0,0,0,0,0,0,0,0,0,0,0,0,0,0,0,0,0,0,0,0,0,0,0,0,0,0,0,0,0,0,0,0,0,0,0,0,0,0,0,0,0,0,0,0,0,0,0,0,0,0,0,0,0,0,0,0,0,0,0,0,0,0,0,0,0,0,0,0,0,0,0,0,0,0,0,0,0,0,0,0,0,0,0,0,0,0,0,0,0,0,0,0,0,0,0,0,0,0,0,0,0,0,0,0,0,0,0,0,0,0,0,0,0,0,0,0,0,0,0,,,0.152579996,0.017868543,0.005923754,0.016831671,0.000216138,0.003212506,0.022632447,4.11909e-05,0.000742877,0.022011417,0.053011044,4.45921e-05,0.000735988,6.99616e-06,0.008670423,0.013666978,0.000394,0.003971963,0.011754938,0.003082094,0.01436275,0.000115494,4.94715e-05,0.011904046,0.015197888,0.000233805,0.024591534,0.001071998,0.001569887,0.004323012,0.004819201,0.18499881,0.005292812,0.007512459,0.024784145,0.000130757,0.020424388,0.001509376,0.012357333,0.005222215,0.00050512,0.003049036,0.015106702,6.37815e-06,0.303461826
Copenhagen,Rensningsanlaeg Avedoere,Denmark,73,2020-06-29 00:00:00,1007250_1,15,136,19,2,14,141,11,0,0,85,0,8,320,82,1391,0,112,827,4,144,0,9,186,25,8,645,52,8,11,70,92,2,63,30,216,203,480,41,223,11,0,116,162,14,3,142,0,68,245,0,41,28,16,44,75,86,0,754,0,222,22,35,90,4,13,708,4,124,116,54,38,23,51,0,0,0,173,0,265,29,0,21,0,739,3,0,77,20,4,48,405,159,133,2,1199,7,69,58,0,5,0,40,0,0,8,23,0,11,45,0,0,0,10,0,16,21,0,0,0,2,18,0,11,0,6,0,0,7,0,0,9,9,8,0,0,0,4,0,0,0,1,5,0,13,0,0,0,2,0,0,0,10,0,0,3,0,0,0,0,0,0,0,0,0,8,0,0,0,0,0,0,0,0,1,5,0,1,0,2,0,1,0,0,0,0,1,2,0,4,0,0,4,3,0,0,0,1,0,0,0,0,0,0,0,0,0,0,0,0,0,7,0,0,0,0,9,0,0,0,0,0,0,0,0,0,0,0,0,0,0,0,4,0,0,0,0,0,0,0,0,0,0,0,0,0,0,0,0,0,0,5,0,0,0,0,0,2,0,0,1,2,0,0,0,0,0,0,0,0,0,1,0,0,0,0,0,0,0,0,0,0,0,0,0,0,0,1,4,0,0,0,0,0,0,0,3,0,0,0,5,0,0,0,0,0,0,0,0,0,0,0,0,0,0,0,0,0,0,0,0,0,0,0,0,0,0,0,0,0,0,0,0,0,0,0,0,0,0,0,0,0,0,0,0,0,0,0,0,0,0,0,0,0,0,0,0,0,0,0,0,0,0,0,0,0,0,0,0,0,0,0,0,0,0,0,0,0,0,0,0,0,0,0,0,0,0,0,0,0,0,0,0,0,0,0,0,0,0,0,0,0,0,0,0,0,0,0,0,0,0,0,0,0,0,0,0,0,0,0,0,0,0,0,0,0,0,0,0,0,0,0,0,0,0,0,0,0,0,0,0,0,0,0,0,0,0,0,0,0,0,0,0,0,0,0,0,0,0,0,0,0,0,0,0,0,0,0,0,0,0,0,0,0,0,0,0,0,0,0,0,0,0,0,0,0,0,0,0,0,0,0,0,0,0,0,0,0,0,0,0,0,0,0,0,0,0,0,0,0,0,0,0,0,0,0,0,0,0,0,0,0,0,0,0,0,0,0,0,0,0,0,0,0,0,0,0,0,0,0,0,0,0,0,0,0,0,0,0,0,0,0,0,0,0,,,0.18960132,0.031488852,0.009940429,0.029913765,0.000282376,0.002552087,0.013239484,2.04874e-05,0.000909442,0.030137382,0.020674951,4.203e-05,0.000612281,1.50712e-05,0.013523882,0.022741675,0.001420907,0.019942083,0.001937262,0.004111487,0.00823473,0.00024049,0.000125158,0.003942072,0.034569361,0.000375513,0.017742331,0.002906224,0.001955818,0.00391319,0.01636135,0.096472145,0.002615556,0.008363582,0.006153247,0.000229281,0.01330691,0.000760976,0.023511011,0.010796694,0.000889823,0.002444634,0.012325974,7.95708e-06,0.338648719
Copenhagen,Rensningsanlaeg Damhusaaen,Denmark,73,2020-06-29 00:00:00,1007251_1,21,90,27,5,14,63,4,0,0,59,0,3,235,88,134,0,27,184,14,23,0,0,19,6,20,180,7,3,18,17,46,4,9,0,178,83,31,43,109,0,0,50,108,13,4,67,0,63,46,0,19,5,4,7,26,28,0,387,5,173,7,21,52,0,5,140,6,45,44,28,44,19,47,0,9,0,11,0,39,35,6,10,0,223,0,0,16,10,0,8,49,221,53,0,659,35,0,7,0,0,0,0,0,8,0,20,28,4,17,3,0,0,8,0,0,18,0,8,21,5,0,0,8,0,0,0,0,13,0,0,0,5,5,0,0,2,20,0,4,0,0,0,0,0,0,5,0,1,0,0,8,2,2,0,17,0,2,0,0,0,0,0,0,0,5,0,0,0,0,0,0,0,0,0,4,18,4,0,0,0,0,0,0,0,10,0,0,0,0,0,0,0,0,0,0,0,0,0,4,0,0,0,3,19,3,0,0,0,0,0,0,0,9,0,0,0,0,0,0,0,0,4,0,0,9,2,0,0,0,0,0,0,0,3,0,0,0,0,0,0,0,0,0,0,2,0,0,0,0,0,0,0,0,0,0,0,0,0,0,0,0,3,0,0,0,0,0,0,0,0,0,0,0,0,0,0,0,0,0,0,0,0,0,0,0,0,0,0,0,0,0,0,0,0,0,0,0,0,0,0,0,0,0,0,0,0,0,0,0,0,0,0,0,0,0,0,0,0,0,0,0,0,0,0,0,0,0,0,0,0,0,0,0,0,0,0,0,0,0,0,0,0,0,0,0,0,0,0,0,0,0,0,0,0,0,0,0,0,0,0,0,0,0,0,0,0,0,0,0,0,0,0,0,0,0,0,0,0,0,0,0,0,0,0,0,0,0,0,0,0,0,0,0,0,0,0,0,0,0,0,0,0,0,0,0,0,0,0,0,0,0,0,0,0,0,0,0,0,0,0,0,0,0,0,0,0,0,0,0,0,0,0,0,0,0,0,0,0,0,0,0,0,0,0,0,0,0,0,0,0,0,0,0,0,0,0,0,0,0,0,0,0,0,0,0,0,0,0,0,0,0,0,0,0,0,0,0,0,0,0,0,0,0,0,0,0,0,0,0,0,0,0,0,0,0,0,0,0,0,0,0,0,0,0,0,0,0,0,0,0,0,0,0,0,0,0,0,0,0,0,0,0,0,0,0,0,0,0,0,0,0,0,0,0,0,0,0,0,0,0,0,0,0,0,0,0,0,0,0,0,0,0,0,0,,,0.164381077,0.034105549,0.028934273,0.052986986,0.000503628,0.007234694,0.0381492,4.92033e-05,0.000711756,0.031128812,0.019976029,0.000106236,0.000813213,1.44501e-05,0.013125198,0.014811324,0.001072031,0.006555655,0.000907804,0.006902889,0.008543474,0.000231801,0.000510464,0.003986681,0.023952009,0.000467488,0.015487661,0.001105248,0.006176192,0.020774249,0.011015696,0.017330783,0.003039316,0.021186075,0.004848557,0.000391328,0.058874811,0.000470396,0.013936186,0.009083414,0.001208991,0.001806735,0.007750164,2.43688e-05,0.345327906
Copenhagen,Rensningsanlaeg Lynetten,Denmark,73,2020-06-29 00:00:00,1007249_1,75,357,54,6,18,160,22,2,0,90,52,13,452,155,1062,216,93,1257,6,104,0,23,113,11,86,741,20,6,65,101,233,12,104,7,584,380,190,56,509,18,47,204,204,12,16,229,261,76,173,0,52,10,31,38,80,67,1,1636,2,401,33,40,126,24,15,676,23,154,182,80,72,40,139,0,29,0,53,9,156,46,17,41,0,1118,3,0,84,17,3,28,261,569,122,0,2671,79,23,16,109,4,2,48,0,0,6,33,11,13,80,0,0,0,4,0,19,13,0,4,10,1,12,5,12,0,5,0,0,22,0,0,13,9,13,0,0,12,27,0,0,0,1,2,5,15,2,3,0,8,0,3,13,10,7,0,32,0,10,0,3,0,0,0,0,0,9,4,7,0,0,3,1,0,0,0,21,116,4,2,0,0,0,1,3,1,9,3,1,0,0,0,2,4,0,1,0,6,0,0,3,0,0,0,0,17,4,0,4,0,0,0,7,0,0,7,0,3,0,0,4,0,0,0,0,0,6,1,0,0,0,0,3,0,0,0,0,0,0,0,0,0,0,0,3,0,0,0,0,0,0,0,0,0,0,0,0,0,0,4,0,1,0,0,0,0,0,0,0,0,5,0,0,0,0,0,0,0,0,0,0,0,0,2,0,0,0,0,0,0,0,1,0,0,0,0,0,0,0,0,0,0,0,0,0,0,0,0,0,0,0,0,0,0,0,0,0,0,0,0,0,0,0,0,0,0,0,0,0,0,0,0,0,0,0,0,0,0,0,0,0,0,0,0,0,0,0,0,0,0,0,0,0,0,0,0,0,0,0,0,0,0,0,0,0,0,0,0,0,0,0,0,0,0,0,0,0,0,0,0,0,0,0,0,0,0,0,0,0,0,0,0,0,0,0,0,0,0,0,0,0,0,0,0,0,0,0,0,0,0,0,0,0,0,0,0,0,0,0,0,0,0,0,0,0,0,0,0,0,0,0,0,0,0,0,0,0,0,0,0,0,0,0,0,0,0,0,0,0,0,0,0,0,0,0,0,0,0,0,0,0,0,0,0,0,0,0,0,0,0,0,0,0,0,0,0,0,0,0,0,0,0,0,0,0,0,0,0,0,0,0,0,0,0,0,0,0,0,0,0,0,0,0,0,0,0,0,0,0,0,0,0,0,0,0,0,0,0,0,0,0,0,0,0,0,0,0,0,0,0,0,0,0,0,0,0,0,0,0,0,0,0,0,0,0,0,0,0,0,0,0,0,0,0,0,0,,,0.162668248,0.032304121,0.005383241,0.036910063,0.000184998,0.00625505,0.019372833,2.82572e-05,0.00111149,0.02310664,0.047970393,5.09814e-05,0.000624352,2.64993e-05,0.010159531,0.015456508,0.000957232,0.00769146,0.001243777,0.00407645,0.013821903,0.000182095,3.40247e-05,0.00578294,0.036125566,0.000312402,0.033841252,0.000828261,0.006790939,0.006543926,0.016776443,0.053951168,0.006561086,0.009285276,0.031195535,0.000353427,0.010283667,0.000763372,0.022655316,0.014204359,0.000531363,0.002323173,0.015569371,1.37784e-05,0.335687233
Copenhagen,Rensningsanlaeg Avedoere,Denmark,74,2020-07-07 00:00:00,1007253_1,61,148,51,4,20,158,21,0,0,67,0,0,203,89,702,0,79,587,4,204,0,9,83,6,18,605,29,20,29,91,110,0,65,15,293,130,161,32,223,14,0,129,122,18,9,131,0,45,93,0,49,13,11,25,43,68,5,886,15,197,23,40,108,0,23,523,5,96,112,53,42,77,57,3,0,3,74,3,389,101,8,17,0,853,0,0,37,17,0,22,231,296,70,2,1522,12,26,61,0,9,2,42,0,0,4,11,6,16,32,0,4,0,18,0,7,46,0,0,21,12,14,0,2,0,0,0,0,14,0,0,0,11,7,0,6,0,12,0,0,0,4,0,3,10,3,0,0,0,0,0,0,5,0,0,3,0,2,0,0,0,0,11,0,0,26,0,4,0,0,0,3,0,0,0,7,0,0,0,0,0,0,0,0,0,0,0,0,0,3,0,0,0,3,0,0,0,0,0,0,0,0,0,1,0,0,0,0,0,0,0,11,0,0,7,0,2,0,12,0,0,0,0,0,0,0,0,0,0,0,0,0,0,0,0,0,0,0,0,0,0,0,0,0,0,0,0,0,0,0,0,0,3,0,0,7,5,2,0,0,0,0,0,0,0,0,0,0,0,0,0,0,0,0,0,0,0,0,0,0,0,0,0,0,0,0,0,0,0,0,0,0,0,0,0,0,0,0,0,0,0,0,0,0,0,0,0,0,0,0,0,0,0,0,0,0,0,0,0,0,0,0,0,0,0,0,0,0,0,0,0,0,0,0,0,0,0,0,0,0,0,0,0,0,0,0,0,0,0,0,0,0,0,0,0,0,0,0,0,0,0,0,0,0,0,0,0,0,0,0,0,0,0,0,0,0,0,0,0,0,0,0,0,0,0,0,0,0,0,0,0,0,0,0,0,0,0,0,0,0,0,0,0,0,0,0,0,0,0,0,0,0,0,0,0,0,0,0,0,0,0,0,0,0,0,0,0,0,0,0,0,0,0,0,0,0,0,0,0,0,0,0,0,0,0,0,0,0,0,0,0,0,0,0,0,0,0,0,0,0,0,0,0,0,0,0,0,0,0,0,0,0,0,0,0,0,0,0,0,0,0,0,0,0,0,0,0,0,0,0,0,0,0,0,0,0,0,0,0,0,0,0,0,0,0,0,0,0,0,0,0,0,0,0,0,0,0,0,0,0,0,0,0,0,0,0,0,0,0,0,0,0,0,0,0,0,0,0,0,0,0,0,0,0,0,0,0,0,0,0,0,0,0,0,0,,,0.16341312,0.034941068,0.044580555,0.098171179,0.00022229,0.005749652,0.0124127,1.90005e-05,0.000874938,0.026351031,0.040934412,3.99678e-05,0.001033461,2.5397e-05,0.02220588,0.017997999,0.000824285,0.007168771,0.00071796,0.003146074,0.034830591,0.000125403,0.000162759,0.005226193,0.012634357,0.000424195,0.014438556,0.001005074,0.008453186,0.00718182,0.010531765,0.019324012,0.0023689,0.005160762,0.004812793,0.000321158,0.025888548,0.000368053,0.032096203,0.007043793,0.002084947,0.005067572,0.007082129,4.37194e-05,0.312493768
Copenhagen,Rensningsanlaeg Damhusaaen,Denmark,74,2020-07-07 00:00:00,1007254_1,11,215,8,26,21,132,14,0,0,21,93,6,234,59,320,238,22,552,0,82,0,14,39,0,4,352,10,4,24,53,47,0,52,18,58,255,76,25,101,9,9,103,39,12,7,32,283,50,45,1,33,10,22,13,32,5,1,327,2,59,7,7,26,19,28,364,2,43,56,29,12,16,9,0,0,0,20,0,139,11,0,13,0,474,2,0,44,8,0,14,95,106,48,0,519,4,19,24,173,0,0,14,2,0,0,14,0,4,16,4,0,3,2,0,6,8,0,0,2,0,5,0,0,0,0,0,0,0,0,0,5,3,0,0,0,4,3,0,0,0,0,0,0,4,0,0,0,2,0,0,0,0,0,0,2,0,0,0,0,0,0,0,0,0,0,4,0,0,0,0,0,0,0,0,0,27,0,0,0,0,4,0,0,0,0,0,0,0,0,0,0,0,0,0,0,0,0,0,3,0,0,0,0,0,0,0,0,0,0,0,0,0,0,0,0,4,5,0,0,0,0,0,0,0,0,0,0,0,0,0,0,0,0,0,0,0,0,0,0,3,0,0,0,0,0,0,0,0,0,0,0,0,0,0,0,0,0,0,0,0,0,0,0,0,0,0,0,0,0,0,0,0,0,0,0,0,0,0,0,0,0,0,0,0,0,0,0,0,0,0,0,0,0,0,0,0,0,0,0,0,0,0,0,0,0,0,0,0,0,0,0,0,0,0,0,0,0,0,0,0,0,0,0,0,0,0,0,0,0,0,0,0,0,0,0,0,0,0,0,0,0,0,0,0,0,0,0,0,0,0,0,0,0,0,0,0,0,0,0,0,0,0,0,0,0,0,0,0,0,0,0,0,0,0,0,0,0,0,0,0,0,0,0,0,0,0,0,0,0,0,0,0,0,0,0,0,0,0,0,0,0,0,0,0,0,0,0,0,0,0,0,0,0,0,0,0,0,0,0,0,0,0,0,0,0,0,0,0,0,0,0,0,0,0,0,0,0,0,0,0,0,0,0,0,0,0,0,0,0,0,0,0,0,0,0,0,0,0,0,0,0,0,0,0,0,0,0,0,0,0,0,0,0,0,0,0,0,0,0,0,0,0,0,0,0,0,0,0,0,0,0,0,0,0,0,0,0,0,0,0,0,0,0,0,0,0,0,0,0,0,0,0,0,0,0,0,0,0,0,0,0,0,0,0,0,0,0,0,0,0,0,0,0,0,0,0,0,0,0,0,0,0,0,0,0,0,0,0,0,0,0,0,0,0,,,0.201031085,0.032800733,0.041598548,0.027784591,0.000975152,0.005659535,0.010587592,0.001464297,0.000536319,0.027248363,0.03494017,0.000210435,0.001753004,0.003811557,0.022904382,0.013383185,0.000842981,0.004558162,0.000756199,0.005039383,0.004272932,0.000256952,0.002428201,0.004120911,0.020911998,0.000593127,0.02637865,0.001128779,0.008958254,0.023601219,0.008089114,0.012407251,0.003213428,0.008675353,0.004217056,0.001665562,0.015150664,0.000418851,0.011093593,0.006151735,0.000798032,0.002220503,0.003987027,0.010878388,0.380496745
Copenhagen,Rensningsanlaeg Lynetten,Denmark,74,2020-07-07 00:00:00,1007252_1,14,113,28,0,13,243,30,0,0,65,0,21,710,72,813,0,77,978,0,175,0,30,89,4,7,771,27,0,7,59,45,0,116,25,171,148,232,115,164,18,14,204,89,7,6,115,0,166,129,0,63,26,19,29,72,59,4,801,0,204,16,21,52,0,32,977,3,84,122,68,31,34,33,0,0,7,102,0,327,48,0,51,0,974,0,0,108,9,0,25,314,283,152,1,1233,5,36,50,0,18,0,62,0,0,0,23,2,20,25,0,0,0,10,0,13,19,0,0,5,2,14,0,14,0,0,0,0,0,0,0,11,3,9,0,0,0,3,0,0,0,2,0,0,7,0,4,0,1,0,3,2,8,0,0,2,3,0,0,0,0,0,4,0,0,20,0,3,0,0,0,1,0,0,0,5,0,0,3,0,0,8,0,0,4,0,0,0,0,2,0,0,0,4,0,0,0,0,0,6,0,0,0,0,4,0,0,0,0,0,0,3,0,0,0,0,5,0,0,0,0,0,0,0,0,0,0,0,0,0,0,0,0,0,0,0,0,4,0,0,0,0,0,0,0,0,0,0,0,0,0,0,0,0,1,0,0,0,0,0,1,0,0,0,0,0,0,0,0,0,0,0,0,0,0,0,0,1,0,0,0,0,0,0,0,0,0,0,0,0,0,0,0,0,0,0,0,0,0,0,0,0,0,0,0,0,0,0,0,0,0,0,0,0,0,0,0,0,0,0,0,0,0,0,0,3,0,0,0,0,0,0,0,0,0,0,0,0,0,0,0,0,0,0,0,0,0,0,0,0,0,4,0,0,0,0,0,0,0,0,0,0,0,0,0,0,0,0,0,0,0,0,1,0,0,0,0,0,0,0,0,0,0,0,0,0,0,0,0,0,0,0,0,0,0,0,0,0,0,0,0,0,0,0,0,0,0,0,0,0,0,0,0,0,0,0,0,0,0,0,0,0,0,0,0,0,0,0,0,0,0,0,0,0,0,0,0,0,0,0,0,0,0,0,0,0,0,0,0,0,0,0,0,0,0,0,0,0,0,0,0,0,0,0,0,0,0,0,0,0,0,0,0,0,0,0,0,0,0,0,0,0,0,0,0,0,0,0,0,0,0,0,0,0,0,0,0,0,0,0,0,0,0,0,0,0,0,0,0,0,0,0,0,0,0,0,0,0,0,0,0,0,0,0,0,0,0,0,0,0,0,0,0,0,0,0,0,0,0,0,0,0,0,0,0,0,0,0,0,0,0,0,0,0,0,,,0.192990177,0.051110611,0.025758374,0.041363083,0.000317632,0.008905463,0.011750931,0.001460009,0.000948599,0.037681276,0.061186576,8.80134e-05,0.000374527,0.000652936,0.019099563,0.035093141,0.001240041,0.00368375,0.001175356,0.006047309,0.004048958,0.000511875,0.000361718,0.006052456,0.015093521,0.000321318,0.031886378,0.001081601,0.006349422,0.006040872,0.010511108,0.011484849,0.006838539,0.007727606,0.003161934,0.001772463,0.022074981,0.000570851,0.0198573,0.010899353,0.000606144,0.005465036,0.004840148,0.001702526,0.319811678
Copenhagen,Rensningsanlaeg Avedoere,Denmark,75,2020-07-14 00:00:00,1007256_1,35,212,51,0,27,187,34,3,0,72,0,21,383,89,683,0,103,340,4,87,8,18,41,26,21,383,42,0,16,60,113,8,165,4,121,192,107,54,172,5,0,92,151,6,7,119,0,126,54,0,100,8,25,35,74,112,0,325,4,375,25,35,88,3,30,1320,3,135,71,49,51,76,85,0,7,6,43,3,156,103,8,29,0,471,0,0,160,5,4,24,264,123,129,0,558,20,25,22,0,16,4,74,0,0,3,15,7,27,52,5,0,0,28,0,12,47,1,0,18,1,24,0,11,0,0,0,0,16,0,0,3,9,5,0,0,0,11,0,0,0,0,0,0,7,0,0,0,2,0,8,2,4,3,0,30,0,3,0,0,0,0,0,0,0,18,3,4,0,0,0,3,0,0,2,2,0,5,0,0,0,0,0,4,3,0,0,0,0,0,0,0,0,0,0,0,0,0,3,0,1,0,0,3,7,0,0,0,0,0,0,0,0,0,4,0,5,3,0,0,0,0,0,0,0,0,2,2,0,0,0,0,0,0,0,0,4,0,0,0,0,0,5,0,0,0,0,0,0,5,0,0,0,0,0,0,0,0,0,0,0,0,0,0,0,0,0,0,0,0,0,0,0,0,0,0,0,0,0,0,0,0,0,0,0,0,4,0,0,0,0,0,0,0,0,0,0,0,5,0,0,0,0,0,0,0,0,0,2,0,0,0,0,0,0,0,0,0,0,0,0,0,0,0,0,0,0,0,2,0,0,0,0,0,0,0,0,0,0,0,0,0,0,0,0,0,0,0,0,0,0,0,0,0,0,0,0,0,0,0,0,0,0,0,0,0,0,0,0,0,0,0,0,0,0,0,0,0,0,0,0,0,0,0,0,0,0,0,0,0,0,0,0,0,0,0,0,0,0,0,0,0,0,0,0,0,0,0,0,0,0,0,0,0,0,0,0,0,0,0,0,0,0,0,0,0,0,0,0,0,0,0,0,0,0,0,0,0,0,0,0,0,0,0,0,0,0,0,0,0,0,0,0,0,0,0,0,0,0,0,0,0,0,0,0,0,0,0,0,0,0,0,0,0,0,0,0,0,0,0,0,0,0,0,0,0,0,0,0,0,0,0,0,0,0,0,0,0,0,0,0,0,0,0,0,0,0,0,0,0,0,0,0,0,0,0,0,0,0,0,0,0,0,0,0,0,0,0,0,0,0,0,0,0,0,0,0,0,0,0,0,0,0,0,0,0,0,0,0,0,0,0,0,0,0,,,0.115250463,0.05865637,0.028986202,0.120378161,0.000238015,0.004769809,0.010958247,1.01473e-05,0.000693785,0.029114603,0.038389801,3.33568e-05,0.001051535,1.86773e-05,0.012746324,0.023084273,0.000826873,0.017188272,0.000875295,0.003936232,0.014182401,0.000171966,0.000150653,0.003108783,0.01622898,0.000471934,0.00860574,0.001089407,0.012866658,0.009131296,0.010600544,0.011392793,0.002585023,0.003804732,0.004863821,0.000126435,0.010057091,0.001181417,0.033106536,0.00548173,0.001757187,0.00468184,0.009755647,3.49292e-05,0.367356015
Copenhagen,Rensningsanlaeg Damhusaaen,Denmark,75,2020-07-14 00:00:00,1007257_1,106,331,93,5,31,196,29,0,0,169,0,0,702,266,1200,2,222,1036,15,273,5,37,107,15,78,1042,76,25,64,82,314,12,82,13,1025,341,249,77,717,18,0,311,325,31,11,289,0,156,226,0,59,13,18,38,133,170,5,2668,22,595,85,72,215,4,21,782,23,158,186,118,129,106,203,2,50,8,98,0,459,214,15,66,4,1425,0,0,105,46,4,30,310,1134,204,1,4342,107,28,65,0,15,22,64,0,4,19,76,46,13,119,0,4,0,57,4,24,73,0,8,145,16,14,2,18,0,10,0,0,27,0,0,7,18,30,0,6,15,44,0,11,0,2,3,5,10,1,6,5,3,1,9,19,11,21,0,58,0,12,0,3,0,0,0,0,3,23,0,3,0,0,0,7,0,0,0,35,0,12,3,3,0,5,0,0,2,18,0,1,0,1,0,4,10,3,1,3,0,1,2,0,0,0,2,4,17,0,6,0,0,2,0,20,0,3,3,0,0,6,8,0,0,0,5,0,1,19,15,0,0,0,1,4,6,6,0,0,6,0,0,0,0,0,0,0,0,0,5,0,0,0,0,0,0,0,0,0,6,0,0,1,0,1,5,7,0,0,0,0,0,0,5,0,0,0,0,0,0,5,1,2,0,0,3,0,5,0,0,0,0,0,0,0,0,0,0,0,0,0,0,0,0,0,0,0,0,0,0,0,0,0,0,0,0,0,0,3,0,0,0,0,0,0,0,0,0,0,0,0,0,0,0,0,0,0,0,0,0,0,0,0,0,0,0,0,0,0,0,0,0,0,0,0,0,2,0,0,0,0,0,0,0,0,0,0,0,0,0,0,0,0,0,0,0,0,0,0,0,0,0,0,0,0,0,0,0,0,0,0,0,0,0,0,0,0,0,0,0,0,0,0,0,0,0,0,0,0,0,0,0,0,0,0,0,0,0,0,0,0,0,0,0,0,0,0,0,0,0,0,0,0,0,0,0,0,0,0,0,0,0,0,0,0,0,0,0,0,0,0,0,0,0,0,0,0,0,0,0,0,0,0,0,0,0,0,0,0,0,0,0,0,0,0,0,0,0,0,0,0,0,0,0,0,0,0,0,0,0,0,0,0,0,0,0,0,0,0,0,0,0,0,0,0,0,0,0,0,0,0,0,0,0,0,0,0,0,0,0,0,0,0,0,0,0,0,0,0,0,0,0,0,0,0,0,0,0,0,0,0,0,0,0,0,0,0,0,0,0,0,0,0,0,0,0,0,0,,,0.153780433,0.04705939,0.014240507,0.05830671,0.000519197,0.005415733,0.009078257,0.001301759,0.000894274,0.040724525,0.028261782,0.000809824,0.000407678,0.00825345,0.01497777,0.010175998,0.000554749,0.00495632,0.000286799,0.005872445,0.004781221,0.00025811,0.003011124,0.014728201,0.00778986,0.000494014,0.013233264,0.000894926,0.012998345,0.038833726,0.00671173,0.007671662,0.003976396,0.006384957,0.003116441,0.009020598,0.0309789,0.000407993,0.014997242,0.004886365,0.001093257,0.001987199,0.003796013,0.006144742,0.395926117
Copenhagen,Rensningsanlaeg Lynetten,Denmark,75,2020-07-14 00:00:00,1007255_1,72,258,89,5,14,155,32,0,0,121,0,14,896,302,605,3,109,727,30,126,0,12,52,14,95,680,29,16,23,58,191,19,67,4,576,280,112,121,495,4,0,228,274,15,10,189,0,195,101,0,54,15,14,24,83,110,1,1299,30,610,77,91,165,0,19,611,55,171,166,78,106,83,188,0,49,6,43,3,209,174,20,37,0,844,1,0,70,31,0,23,158,628,200,0,2303,107,16,8,0,6,0,51,2,10,22,64,59,12,77,0,0,0,20,7,7,51,0,15,94,28,16,0,25,0,4,0,0,56,0,0,5,16,17,0,5,7,38,0,6,0,0,0,0,13,3,12,0,2,0,9,32,7,9,0,79,7,10,0,4,0,0,19,0,0,10,0,1,0,0,0,6,0,0,0,16,0,2,6,0,0,5,0,0,0,33,5,0,0,0,0,0,8,4,0,0,0,1,0,3,2,0,5,4,34,0,5,0,0,1,0,5,0,12,3,0,0,0,7,0,0,0,0,0,0,21,14,0,0,0,0,5,0,0,4,0,4,0,0,0,0,0,0,0,0,0,0,0,0,0,0,0,0,1,0,0,0,0,0,0,0,0,17,7,0,0,0,0,0,0,0,0,0,0,0,0,0,3,0,0,0,0,0,0,0,0,0,0,0,0,0,0,0,0,0,0,0,0,0,0,0,0,0,0,0,0,1,0,0,0,0,0,0,0,0,0,0,0,0,0,0,0,0,0,0,0,0,0,0,0,3,0,0,0,0,0,0,0,0,0,0,0,0,0,0,0,0,0,0,0,0,0,0,0,0,0,0,0,0,0,0,5,4,6,0,0,0,0,0,0,0,0,0,0,0,0,0,0,0,0,0,0,0,0,0,0,0,0,0,0,0,0,0,0,0,0,0,0,0,0,0,0,0,0,0,0,0,0,0,0,0,0,0,0,0,0,0,0,0,0,0,0,0,0,0,0,0,0,0,0,0,0,0,0,0,0,0,0,0,0,0,0,0,0,0,0,0,0,0,0,0,0,0,0,0,0,0,0,0,0,0,0,0,0,0,0,0,0,0,0,0,0,0,0,0,0,0,0,0,0,0,0,0,0,0,0,0,0,0,0,0,0,0,0,0,0,0,0,0,0,0,0,0,0,0,0,0,0,0,0,0,0,0,0,0,0,0,0,0,0,0,0,0,0,0,0,0,0,0,0,0,0,0,0,0,0,0,0,0,0,0,0,0,0,0,0,0,0,0,0,0,0,0,0,0,,,0.253551358,0.04213664,0.016353478,0.047691784,0.000214326,0.007027445,0.022086627,4.12345e-05,0.001194121,0.045246222,0.02588885,1.91998e-05,0.001228487,0.00016337,0.015054005,0.019409991,0.000601828,0.004364204,0.000501723,0.005989715,0.007695138,0.000177224,3.27924e-05,0.003129622,0.019091957,0.000326031,0.02355723,0.001049117,0.005830935,0.007041848,0.012026999,0.010764527,0.006346054,0.01418331,0.002530384,0.000200564,0.021832268,0.000915967,0.016580331,0.005708621,0.001152171,0.004862159,0.007199927,4.1754e-05,0.318958458
Copenhagen,Rensningsanlaeg Avedoere,Denmark,77,2020-07-23 00:00:00,1007259_1,83,296,98,2,28,199,33,0,0,116,0,11,453,139,1424,7,211,968,8,290,0,20,88,10,34,933,67,26,49,102,339,0,94,30,779,296,145,48,597,26,0,238,280,24,7,335,5,113,103,0,58,12,16,44,81,168,3,2007,8,418,94,67,195,0,15,867,17,163,183,58,109,111,104,2,12,6,174,3,505,211,16,40,0,1334,4,0,89,30,5,47,370,718,131,1,3429,41,59,73,0,15,4,37,0,5,12,50,10,26,101,0,4,0,85,3,15,111,1,11,47,18,24,0,11,0,8,0,0,26,0,0,11,22,20,0,0,0,12,0,0,0,1,7,3,4,3,0,0,2,0,0,3,18,1,0,11,0,13,0,0,0,0,9,0,0,16,9,0,0,0,0,41,0,0,1,7,0,0,0,0,0,7,0,4,0,11,5,1,0,0,0,0,0,0,0,0,0,0,3,0,1,0,0,3,0,1,10,0,0,0,0,9,0,0,3,0,6,0,28,0,0,0,0,0,0,0,1,4,0,0,0,3,3,0,0,0,8,0,0,0,0,0,0,3,0,0,0,0,0,1,0,3,0,0,0,0,0,0,0,0,0,0,0,0,0,0,0,0,0,5,7,0,0,0,0,0,0,1,0,0,0,0,0,0,0,0,0,0,0,0,0,0,0,0,0,0,0,0,0,0,0,0,0,0,0,0,0,8,0,0,0,0,0,0,0,0,0,0,0,0,2,4,0,0,0,0,0,0,0,0,0,0,0,0,0,0,0,0,0,0,0,0,0,0,0,0,0,0,0,0,0,0,0,0,0,0,0,0,0,0,0,0,0,0,0,0,0,0,0,0,0,0,0,0,0,0,0,0,0,0,0,0,0,0,0,0,0,0,0,0,0,0,0,0,0,0,0,0,0,0,0,0,0,0,0,0,0,0,0,0,0,0,0,0,0,0,0,0,0,0,0,0,0,0,0,0,0,0,0,0,0,0,0,0,0,0,0,0,0,0,0,0,0,0,0,0,0,0,0,0,0,0,0,0,0,0,0,0,0,0,0,0,0,0,0,0,0,0,0,0,0,0,0,0,0,0,0,0,0,0,0,0,0,0,0,0,0,0,0,0,0,0,0,0,0,0,0,0,0,0,0,0,0,0,0,0,0,0,0,0,0,0,0,0,0,0,0,0,0,0,0,0,0,0,0,0,0,0,0,0,0,0,0,0,0,0,0,0,0,0,0,0,0,0,0,0,0,0,0,0,0,0,0,0,0,,,0.109042368,0.066482534,0.019440527,0.042352537,0.000156558,0.003929467,0.013679078,1.59702e-05,0.002311028,0.047167603,0.031903243,4.31045e-05,0.055800283,2.70128e-05,0.012219634,0.014947686,0.000710747,0.013134435,0.000586207,0.007264435,0.012948799,0.000233753,8.05454e-05,0.001751228,0.013095634,0.000559914,0.012971377,0.001215308,0.003928953,0.008415813,0.018874094,0.011695809,0.003020832,0.004965811,0.003104203,0.0001582,0.023671929,0.000505749,0.023496649,0.006259206,0.001764885,0.007951831,0.009531856,1.75242e-05,0.388565639
Copenhagen,Rensningsanlaeg Damhusaaen,Denmark,77,2020-07-23 00:00:00,1007260_1,28,152,12,0,10,242,31,2,0,66,0,21,401,82,935,0,75,1238,3,289,3,12,79,11,19,994,42,7,14,72,87,0,91,58,214,169,184,53,254,18,0,186,132,10,9,102,8,93,127,0,87,34,20,39,83,55,2,972,0,186,25,23,46,6,18,801,7,99,310,44,26,55,43,0,4,6,115,2,526,33,5,54,0,1267,2,0,125,32,0,29,164,311,93,3,1680,11,39,73,0,11,0,120,2,0,5,35,0,18,32,0,9,0,6,0,14,21,0,0,3,2,8,0,9,0,0,0,0,0,0,0,4,9,0,0,5,0,0,0,0,0,0,0,0,18,5,0,0,2,0,0,0,4,0,0,2,0,2,0,0,0,0,0,0,0,11,0,0,0,0,0,0,0,0,0,6,0,1,0,0,0,0,1,2,0,0,2,0,0,0,0,0,0,0,0,0,0,0,0,0,0,0,0,0,5,0,13,0,0,0,0,4,0,0,0,1,17,6,0,0,0,0,0,0,0,0,0,0,5,0,0,0,0,0,0,0,0,0,0,2,0,0,0,0,0,0,0,0,0,0,0,0,0,0,0,0,0,0,0,0,0,1,0,0,0,0,0,0,0,0,0,0,0,0,0,0,0,3,0,0,0,0,0,0,0,0,0,0,0,0,0,0,0,0,0,0,0,0,0,0,1,0,0,0,0,0,0,0,1,0,0,0,0,0,0,0,0,0,0,0,0,0,0,0,0,0,0,0,0,0,0,0,0,0,0,0,0,0,0,0,0,0,0,0,2,2,0,0,0,0,0,0,0,0,0,0,0,0,0,0,0,0,0,0,0,0,0,0,0,0,0,0,0,0,0,0,0,0,0,0,0,0,0,0,0,0,0,0,0,0,0,0,0,0,0,0,0,0,0,0,0,0,0,0,0,0,0,0,0,0,0,0,0,0,0,0,0,0,0,0,0,0,0,0,0,0,0,0,0,0,0,0,0,0,0,0,0,0,0,0,0,0,0,0,0,0,0,0,0,0,0,0,0,0,0,0,0,0,0,0,0,0,0,0,0,0,0,0,0,0,0,0,0,0,0,0,0,0,0,0,0,0,0,0,0,0,0,0,0,0,0,0,0,0,0,0,0,0,0,0,0,0,0,0,0,0,0,0,0,0,0,0,0,0,0,0,0,0,0,0,0,0,0,0,0,0,0,0,0,0,0,0,0,0,0,0,0,0,0,0,0,0,0,0,0,0,0,0,0,0,0,0,0,0,0,,,0.141480753,0.046228842,0.014757886,0.044646139,0.000559475,0.014479032,0.01245602,0.000134926,0.000762179,0.06373606,0.046196605,8.07576e-05,0.000538813,0.000316326,0.021693514,0.009460648,0.000984396,0.008181669,0.000585048,0.007094716,0.008693998,0.00011201,0.000342641,0.005676464,0.016086059,0.000251155,0.029546314,0.000952463,0.007956919,0.021563185,0.010074768,0.00708491,0.004016222,0.00555515,0.006225,0.00024438,0.02223308,0.000416569,0.010860443,0.0052508,0.000555469,0.006106983,0.006573243,0.000935131,0.388312842
Copenhagen,Rensningsanlaeg Lynetten,Denmark,77,2020-07-23 00:00:00,1007258_1,18,137,21,0,8,146,16,0,0,62,6,0,429,60,793,10,103,736,4,144,6,12,163,11,31,620,37,6,13,54,139,0,63,14,362,139,383,50,251,7,140,132,111,17,3,125,7,36,263,0,28,10,18,27,124,36,0,1024,5,182,37,13,73,0,11,561,11,93,123,70,38,20,68,0,6,0,131,0,254,24,6,28,0,713,0,0,82,26,0,30,195,389,90,0,1879,25,35,28,0,5,0,68,0,0,6,83,0,7,46,4,0,0,4,0,17,10,0,0,3,4,18,0,9,0,0,0,0,7,0,0,7,11,5,0,0,0,0,0,0,0,2,0,5,27,1,5,0,2,0,0,4,8,0,0,0,0,0,0,0,0,0,3,0,0,152,0,0,0,0,0,1,0,0,0,1,0,0,0,0,0,6,0,0,0,0,0,0,0,3,0,0,0,0,0,0,0,0,0,0,0,0,2,0,0,0,4,0,0,0,0,7,0,0,1,0,0,0,0,0,0,0,0,0,0,0,0,0,4,0,0,0,1,0,0,0,0,0,0,0,0,0,0,0,0,0,0,0,0,0,0,0,0,0,0,0,0,0,5,0,0,0,0,0,0,3,0,0,0,0,0,0,0,0,0,0,0,0,0,0,0,0,0,0,0,0,0,0,0,0,0,0,0,0,0,0,0,0,0,0,0,0,0,0,0,0,0,0,0,0,0,0,0,0,0,0,0,0,0,0,0,0,0,0,0,0,0,0,0,0,0,0,0,0,0,0,0,0,0,0,0,0,0,0,0,0,0,0,0,0,0,0,0,0,0,0,0,0,0,0,0,0,0,0,0,0,0,0,0,0,0,0,0,0,0,0,0,0,0,0,0,0,0,0,0,0,0,0,0,0,0,0,0,0,0,0,0,0,0,0,0,0,0,0,0,0,0,0,0,0,0,0,0,0,0,0,0,0,0,0,0,0,0,0,0,0,0,0,0,0,0,0,0,0,0,0,0,0,0,0,0,0,0,0,0,0,0,0,0,0,0,0,0,0,0,0,0,0,0,0,0,0,0,0,0,0,0,0,0,0,0,0,0,0,0,0,0,0,0,0,0,0,0,0,0,0,0,0,0,0,0,0,0,0,0,0,0,0,0,0,0,0,0,0,0,0,0,0,0,0,0,0,0,0,0,0,0,0,0,0,0,0,0,0,0,0,0,0,0,0,0,0,0,0,0,0,0,0,0,0,0,0,0,0,0,0,0,0,0,0,0,0,0,0,0,,,0.195468961,0.047504157,0.014217263,0.0348805,0.000148336,0.002834896,0.037274695,9.08896e-05,0.001795408,0.041077091,0.03934095,2.77916e-05,0.000859442,9.32399e-06,0.018535744,0.01554048,0.000559456,0.00361185,0.000592587,0.007181728,0.008674281,0.00022289,3.79418e-05,0.006157121,0.022941171,0.000503543,0.014671338,0.000988866,0.006542984,0.006392932,0.010177944,0.010280153,0.003322073,0.009678838,0.004200728,0.000174404,0.029521575,0.000605986,0.018828187,0.007088195,0.000501548,0.004150972,0.008510985,1.19299e-05,0.364261866
Copenhagen,Rensningsanlaeg Avedoere,Denmark,78,2020-07-29 00:00:00,1007262_1,11,88,0,5,3,15,1,0,1,8,34,0,41,6,81,93,5,63,0,8,0,5,19,2,5,57,5,0,8,11,12,0,9,0,50,91,41,7,29,0,6,11,13,1,2,11,106,0,27,0,4,0,11,3,16,7,0,111,0,28,1,1,9,9,0,43,0,9,15,7,6,6,5,0,3,0,9,1,17,2,0,3,0,74,0,0,0,2,0,1,22,33,16,0,219,3,4,0,46,0,0,2,0,0,4,0,0,0,6,0,0,0,1,0,1,0,0,0,2,0,0,0,0,0,0,0,0,1,0,0,2,1,0,0,0,0,0,0,1,0,0,0,0,2,0,0,0,0,0,0,0,0,0,0,1,0,0,0,0,0,0,0,0,0,6,0,0,0,0,0,0,0,0,0,0,7,0,0,0,0,0,0,1,0,1,0,0,0,0,0,2,0,0,0,0,0,0,0,0,0,0,0,0,1,0,5,2,0,1,0,1,0,0,0,0,0,0,1,2,0,0,0,0,0,0,0,0,0,0,0,0,0,0,0,0,0,0,0,0,0,0,0,0,0,0,0,0,0,0,0,0,0,0,0,0,0,0,0,0,0,0,0,0,0,0,0,0,0,0,0,0,0,0,0,0,0,0,0,0,0,0,0,0,0,0,0,0,0,0,0,0,0,0,0,0,0,0,0,0,0,0,0,0,0,0,0,0,0,0,0,0,0,0,0,0,0,0,0,0,0,0,0,0,0,0,0,0,0,0,0,0,0,0,0,0,0,0,0,0,0,0,0,0,0,0,0,0,0,0,0,0,0,0,0,0,0,0,0,0,0,0,0,0,0,0,0,0,0,0,0,0,0,0,0,0,0,0,0,0,0,0,0,0,0,0,0,0,0,0,0,0,0,0,0,0,0,0,0,0,0,0,0,0,0,0,0,0,0,0,0,0,0,0,0,0,0,0,0,0,0,0,0,0,0,0,0,0,0,0,0,0,0,0,0,0,0,0,0,0,0,0,0,0,0,0,0,0,0,0,0,0,0,0,0,0,0,0,0,0,0,0,0,0,0,0,0,0,0,0,0,0,0,0,0,0,0,0,0,0,0,0,0,0,0,0,0,0,0,0,0,0,0,0,0,0,0,0,0,0,0,0,0,0,0,0,0,0,0,0,0,0,0,0,0,0,0,0,0,0,0,0,0,0,0,0,0,0,0,0,0,0,0,0,0,0,0,0,0,0,0,0,0,0,0,0,0,0,0,0,0,0,0,0,0,,,0.113999864,0.058481344,0.011732883,0.064186168,0.000261118,0.003483775,0.009683138,1.85051e-05,0.001918755,0.036019907,0.046898306,0.000115556,0.000919264,0.000580271,0.012222925,0.011311657,0.001049271,0.025847325,0.000733455,0.004744053,0.01464872,0.000395984,0.001111874,0.015475708,0.02566523,0.000414623,0.01838214,0.001471512,0.004994494,0.005581217,0.011555742,0.015207912,0.003125121,0.006451856,0.004281511,0.000686665,0.014195266,0.000525524,0.026824268,0.009216927,0.001251013,0.003056024,0.007817138,0.001002552,0.40245344
Copenhagen,Rensningsanlaeg Damhusaaen,Denmark,78,2020-07-29 00:00:00,1007263_1,69,347,95,11,30,332,37,0,0,145,0,14,1011,237,874,6,196,1278,14,356,5,22,134,22,154,1307,76,13,16,86,228,70,179,27,648,358,290,126,454,16,0,280,281,19,18,247,0,229,226,0,81,29,28,25,130,147,8,1788,22,600,100,87,189,0,28,1546,56,168,243,124,81,97,180,0,55,6,202,11,596,84,19,58,0,1647,7,0,184,36,0,21,319,717,225,4,2948,148,21,73,0,0,10,72,2,17,9,48,41,11,87,5,9,0,18,12,15,29,0,4,19,10,14,5,21,0,0,0,6,51,0,0,4,15,19,0,8,0,24,0,4,0,4,4,4,13,4,11,0,5,4,0,26,15,31,0,68,3,3,0,0,0,0,0,0,0,50,0,6,0,0,0,4,0,0,0,19,0,1,2,2,0,0,0,3,0,34,6,0,0,0,0,2,5,2,0,0,0,0,0,5,0,0,3,3,56,4,0,4,0,1,0,10,0,2,1,0,0,14,0,0,0,0,7,1,0,4,2,4,0,0,0,5,0,23,3,0,0,0,0,0,0,0,0,0,0,0,0,0,0,0,0,0,0,0,0,0,0,0,0,0,0,0,4,0,0,0,2,0,0,0,0,0,0,0,0,0,0,1,0,1,0,0,0,0,0,0,0,0,0,2,0,0,0,0,0,0,0,0,0,0,0,0,0,0,0,0,0,0,5,0,0,0,0,1,0,0,0,0,0,0,0,0,0,0,0,0,0,0,0,1,0,0,0,0,0,0,0,0,0,0,0,0,0,0,0,0,0,0,0,0,0,0,0,0,0,0,0,0,0,0,0,0,0,0,0,0,0,0,0,0,0,0,0,0,0,0,0,0,0,0,0,0,0,0,0,0,0,0,0,0,0,0,0,0,0,0,0,0,0,0,0,0,0,0,0,0,0,0,0,0,0,0,0,0,0,0,0,0,0,0,0,0,0,0,0,0,0,0,0,0,0,0,0,0,0,0,0,0,0,0,0,0,0,0,0,0,0,0,0,0,0,0,0,0,0,0,0,0,0,0,0,0,0,0,0,0,0,0,0,0,0,0,0,0,0,0,0,0,0,0,0,0,0,0,0,0,0,0,0,0,0,0,0,0,0,0,0,0,0,0,0,0,0,0,0,0,0,0,0,0,0,0,0,0,0,0,0,0,0,0,0,0,0,0,0,0,0,0,0,0,0,0,0,0,0,0,0,0,0,0,0,0,0,0,0,0,0,0,0,0,0,0,0,0,0,,,0.147576908,0.079362626,0.019763805,0.041039837,0.000652893,0.005300884,0.018988236,4.84604e-05,0.000718371,0.033590603,0.020849039,0.000148293,0.000521132,9.03756e-05,0.020899134,0.01482508,0.001082539,0.006979557,0.000871872,0.00677624,0.005614657,0.000164512,0.000140941,0.004571699,0.028467413,0.000392125,0.021922067,0.001293979,0.022390066,0.024196067,0.01017537,0.008426565,0.003572039,0.007757494,0.013594592,0.00023488,0.02903246,0.000690395,0.013494705,0.005802506,0.000884546,0.001817068,0.005211441,0.000316027,0.369750499
Copenhagen,Rensningsanlaeg Lynetten,Denmark,78,2020-07-29 00:00:00,1007261_1,20,65,27,0,6,43,3,0,0,23,0,0,277,50,509,0,51,198,0,30,0,4,57,23,12,313,22,0,8,39,104,0,26,5,191,68,132,36,208,0,206,78,58,11,0,69,4,47,85,0,21,5,5,23,72,32,0,298,0,125,43,11,42,0,0,297,0,67,72,45,24,23,25,0,0,4,8,0,67,13,5,8,0,350,0,0,30,15,0,17,94,172,60,0,587,4,29,5,0,0,0,59,0,0,0,80,0,4,36,0,0,0,4,0,5,14,0,0,0,1,15,0,16,0,0,0,0,0,0,0,5,4,4,0,0,0,0,0,0,0,0,3,0,4,0,0,0,0,0,4,0,7,3,0,2,0,2,0,0,0,0,0,0,0,45,0,0,0,0,0,1,0,0,0,4,0,2,0,0,0,0,0,0,0,0,2,2,0,0,0,0,0,0,0,0,0,0,0,3,0,0,0,0,0,0,0,0,0,0,0,3,0,0,2,3,2,0,0,0,0,0,0,0,0,9,0,0,0,0,0,0,0,0,0,0,0,0,0,0,0,0,0,0,0,3,0,0,0,0,0,0,6,0,0,0,0,0,0,0,0,0,0,0,0,3,0,0,0,0,0,0,0,0,0,7,0,0,0,0,0,0,0,0,0,0,0,0,0,0,0,0,0,0,0,0,0,0,0,0,0,0,0,0,0,0,0,0,0,0,0,0,0,0,0,0,0,0,0,0,0,0,0,0,0,0,0,0,0,0,0,0,0,0,0,0,0,0,0,0,0,0,0,0,0,0,0,0,0,0,0,0,0,0,0,0,0,0,0,0,0,0,0,0,0,0,0,0,0,0,0,0,0,0,0,0,0,0,0,0,0,0,0,0,0,0,0,0,0,0,0,0,0,0,0,0,0,0,0,0,0,0,0,0,0,0,0,0,0,0,0,0,0,0,0,0,0,0,0,0,0,0,0,0,0,0,0,0,0,0,0,0,0,0,0,0,0,0,0,0,0,0,0,0,0,0,0,0,0,0,0,0,0,0,0,0,0,0,0,0,0,0,0,0,0,0,0,0,0,0,0,0,0,0,0,0,0,0,0,0,0,0,0,0,0,0,0,0,0,0,0,0,0,0,0,0,0,0,0,0,0,0,0,0,0,0,0,0,0,0,0,0,0,0,0,0,0,0,0,0,0,0,0,0,0,0,0,0,0,0,0,0,0,0,0,0,0,0,0,0,0,0,0,0,0,0,0,0,0,0,0,0,0,0,0,,,0.155028922,0.034947215,0.008966207,0.031135784,0.000332057,0.003356265,0.016456482,1.31803e-05,0.002057991,0.07124723,0.191113896,2.57073e-05,0.002633734,1.13776e-05,0.011980736,0.012104075,0.00077517,0.007190448,0.000723849,0.004645661,0.00491668,0.000190197,6.17978e-05,0.011387508,0.031036056,0.000330938,0.020669451,0.001536923,0.005660174,0.005051247,0.008055235,0.008768902,0.004287347,0.00700069,0.00409927,0.000208644,0.019904501,0.000541996,0.015937883,0.009791563,0.000625271,0.003229665,0.008768836,1.48885e-05,0.273178349
Copenhagen,Rensningsanlaeg Avedoere,Denmark,78,2020-08-04 00:00:00,1007265_1,20,72,20,2,10,43,10,0,0,26,0,0,168,43,141,0,47,221,2,47,0,4,31,2,26,194,9,0,2,17,27,6,16,0,126,65,39,27,78,5,0,48,49,7,0,37,0,30,27,0,11,0,8,3,18,29,0,293,3,84,15,19,33,0,8,173,7,40,48,16,22,15,32,0,14,0,25,1,92,31,4,12,0,282,0,0,7,5,0,2,53,145,29,0,544,27,5,3,0,3,0,6,0,4,2,9,7,2,11,0,0,0,3,0,0,12,0,0,57,3,4,0,4,0,2,0,3,6,0,0,3,4,4,0,3,1,16,0,0,0,0,0,0,0,0,3,0,0,1,0,13,3,7,0,23,0,0,0,0,0,0,5,0,0,13,0,0,0,0,0,2,0,0,0,0,0,3,0,0,0,0,0,0,0,3,0,0,0,0,0,0,0,0,0,0,0,0,1,1,0,0,0,0,7,0,0,0,0,0,0,1,0,0,0,0,0,0,6,0,0,0,0,0,0,0,0,0,0,0,0,0,0,0,0,0,0,0,0,0,0,0,0,0,0,0,0,0,0,0,0,0,0,0,0,0,0,0,0,0,0,0,1,0,0,0,3,0,0,0,4,0,0,0,0,0,0,0,0,0,0,0,1,0,0,0,0,0,0,0,0,0,3,0,0,0,0,0,0,0,0,0,0,0,0,0,0,0,0,0,0,0,0,0,0,0,0,0,0,0,0,0,0,0,0,0,0,0,0,0,0,0,0,0,0,0,0,0,0,0,0,0,0,0,0,0,0,0,0,0,0,0,0,0,0,0,0,0,0,0,0,0,0,0,0,0,0,0,0,0,0,0,0,0,0,0,0,0,0,0,0,0,0,0,0,0,0,0,0,0,0,0,0,0,0,0,0,0,0,0,0,0,0,0,0,0,0,0,0,0,0,0,0,0,0,0,0,0,0,0,0,0,0,0,0,0,0,0,0,0,0,0,0,0,0,0,0,0,0,0,0,0,0,0,0,0,0,0,0,0,0,0,0,0,0,0,0,0,0,0,0,0,0,0,0,0,0,0,0,0,0,0,0,0,0,0,0,0,0,0,0,0,0,0,0,0,0,0,0,0,0,0,0,0,0,0,0,0,0,0,0,0,0,0,0,0,0,0,0,0,0,0,0,0,0,0,0,0,0,0,0,0,0,0,0,0,0,0,0,0,0,0,0,0,0,0,0,0,0,0,0,0,0,0,0,0,0,0,0,0,0,0,0,0,0,,,0.142561733,0.063309488,0.011872546,0.090659918,0.000193736,0.0066465,0.01853722,1.06151e-05,0.00134098,0.041892088,0.016798684,8.27772e-05,0.001568731,1.43939e-05,0.009785157,0.015403063,0.001162566,0.01468133,0.000679264,0.003268921,0.014555906,0.000277085,3.50294e-05,0.00420244,0.025056649,0.000308472,0.012268433,0.001556516,0.008001531,0.009735314,0.009451598,0.009554805,0.005795266,0.00529248,0.00771117,0.000147003,0.022717507,0.000573315,0.017674447,0.004375587,0.002248855,0.003840884,0.013111067,1.21603e-05,0.381026769
Copenhagen,Rensningsanlaeg Damhusaaen,Denmark,78,2020-08-04 00:00:00,1007266_1,18,142,49,3,0,50,6,4,0,65,12,6,291,99,251,53,19,188,2,32,0,0,25,7,59,215,11,0,29,40,137,5,16,0,159,135,49,31,244,0,12,50,131,11,7,84,73,42,52,0,19,4,5,15,31,57,0,400,3,251,54,12,70,0,11,255,3,66,57,44,40,24,97,0,12,3,8,2,49,27,8,9,0,288,0,0,52,10,0,6,91,173,81,0,860,72,5,0,12,4,0,22,6,2,5,17,14,0,28,0,0,0,5,0,6,11,0,0,7,3,0,0,8,0,0,0,0,17,0,0,3,5,4,0,0,3,17,0,0,0,0,0,0,0,1,3,0,0,0,0,8,6,0,0,35,0,1,0,0,0,0,3,0,0,0,5,7,0,0,0,0,2,0,0,7,0,0,0,0,0,0,0,0,0,6,0,0,0,0,0,0,4,0,0,0,5,0,0,0,0,0,0,0,18,0,0,0,0,0,0,0,0,0,1,0,0,0,0,0,0,0,0,0,0,5,3,0,0,0,0,0,0,0,0,0,0,0,0,4,0,0,0,0,0,0,0,0,0,0,0,0,0,0,0,0,0,0,0,0,0,0,0,0,0,0,0,0,0,0,0,0,0,0,0,0,0,0,0,0,0,0,0,0,0,0,0,0,0,0,0,0,0,0,0,0,0,0,0,0,0,0,0,0,0,0,0,0,0,0,0,0,0,0,0,0,0,0,0,0,0,0,0,0,0,0,0,0,0,0,0,0,0,0,0,0,0,0,0,0,0,0,0,0,0,0,0,0,0,0,0,0,0,0,0,0,0,0,0,0,0,0,0,0,0,0,0,0,0,0,0,0,0,0,0,0,0,0,0,0,0,0,0,0,0,0,0,0,0,0,0,0,0,0,0,0,0,0,0,0,0,0,0,0,0,0,0,0,0,0,0,0,0,0,0,0,0,0,0,0,0,0,0,0,0,0,0,0,0,0,0,0,0,0,0,0,0,0,0,0,0,0,0,0,0,0,0,0,0,0,0,0,0,0,0,0,0,0,0,0,0,0,0,0,0,0,0,0,0,0,0,0,0,0,0,0,0,0,0,0,0,0,0,0,0,0,0,0,0,0,0,0,0,0,0,0,0,0,0,0,0,0,0,0,0,0,0,0,0,0,0,0,0,0,0,0,0,0,0,0,0,0,0,0,0,0,0,0,0,0,0,0,0,0,0,0,0,0,0,0,0,0,0,0,0,0,0,0,0,0,0,0,0,0,0,,,0.126308471,0.047182201,0.013737355,0.05758034,0.000401191,0.00537447,0.01651037,1.78034e-05,0.000557911,0.032223764,0.124491884,0.000110932,0.001138097,5.4105e-05,0.009237785,0.014402694,0.001115226,0.00658757,0.000646418,0.006137409,0.005442719,0.000189349,5.52576e-05,0.003177252,0.012914126,0.000263142,0.019710117,0.001537684,0.003166356,0.036429662,0.009504175,0.007790598,0.004965811,0.006426671,0.00808531,0.000386003,0.049260825,0.000521007,0.010998822,0.006462021,0.001348605,0.003652077,0.00706106,5.06316e-05,0.336784724
Copenhagen,Rensningsanlaeg Lynetten,Denmark,78,2020-08-04 00:00:00,1007264_1,70,334,73,14,37,308,35,0,0,176,0,30,1493,279,1269,3,150,914,15,117,9,12,166,22,117,1064,30,13,69,118,456,21,95,10,1295,315,306,206,739,5,491,383,304,26,11,298,7,242,296,0,77,28,37,45,227,105,1,2334,0,634,110,56,184,11,17,1026,38,234,258,188,97,59,245,0,36,9,59,5,246,63,22,57,5,1431,0,0,125,54,11,31,321,1047,295,0,4248,175,44,14,0,15,2,147,3,10,19,219,23,27,127,3,7,0,12,0,20,29,0,7,8,11,20,4,33,0,12,0,0,27,0,0,23,16,50,0,0,0,15,0,5,0,2,1,7,13,3,13,0,5,0,5,14,10,12,0,65,5,3,0,1,0,0,2,0,0,14,0,5,0,0,0,3,0,0,0,17,4,0,4,0,0,2,0,0,1,24,5,3,0,1,0,0,9,7,0,8,0,1,1,3,0,0,2,13,18,0,3,6,0,2,0,14,0,7,1,11,0,0,0,0,0,0,11,0,0,36,1,0,0,0,0,4,3,0,0,0,7,0,0,0,0,0,5,0,0,0,0,0,0,0,0,0,0,0,0,0,0,3,0,0,0,0,0,0,0,0,0,0,4,0,0,0,0,2,0,0,0,0,0,0,1,0,3,0,0,0,0,0,0,0,0,0,0,0,0,0,0,0,0,0,0,0,0,1,0,0,0,0,0,0,0,0,0,0,0,0,0,0,0,0,0,0,0,0,0,0,0,0,0,0,0,0,0,1,0,0,0,0,0,0,0,0,0,0,0,0,0,0,0,0,0,0,0,0,0,0,0,0,0,0,0,0,0,0,0,0,0,0,0,3,2,0,0,0,0,0,0,0,0,0,0,0,0,0,0,0,0,0,0,0,0,0,0,0,0,0,0,0,0,0,0,0,0,0,0,0,0,0,0,0,0,0,0,0,0,0,0,0,0,0,0,0,0,0,0,0,0,0,0,0,0,0,0,0,0,0,0,0,0,0,0,0,0,0,0,0,0,0,0,0,0,0,0,0,0,0,0,0,0,0,0,0,0,0,0,0,0,0,0,0,0,0,0,0,0,0,0,0,0,0,0,0,0,0,0,0,0,0,0,0,0,0,0,0,0,0,0,0,0,0,0,0,0,0,0,0,0,0,0,0,0,0,0,0,0,0,0,0,0,0,0,0,0,0,0,0,0,0,0,0,0,0,0,0,0,0,0,0,0,0,0,0,0,0,0,0,0,0,0,0,0,0,0,0,0,,,0.15723686,0.041840141,0.009117787,0.036607117,0.000418487,0.004391825,0.01924325,4.50116e-05,0.000990799,0.038753186,0.041534599,3.11713e-05,0.000617132,2.05525e-05,0.012839113,0.016078507,0.000831735,0.003842719,0.000819626,0.006590201,0.003716091,0.000269578,3.20016e-05,0.024141358,0.045060584,0.000318164,0.018105431,0.000903146,0.009012448,0.006826297,0.018664067,0.014822445,0.007369154,0.005711373,0.004912699,0.000303831,0.030654296,0.000766259,0.028122565,0.007156499,0.00061525,0.002387213,0.008257164,6.43496e-06,0.370015833
Copenhagen,Rensningsanlaeg Avedoere,Denmark,80,2020-08-12 00:00:00,1007268_1,9,295,34,11,16,174,23,4,0,81,0,16,533,132,818,5,65,785,6,72,3,10,83,4,100,631,8,6,12,87,139,6,73,17,217,335,193,50,282,9,92,183,168,18,4,84,9,124,153,0,42,7,17,25,87,26,1,920,0,273,63,23,58,7,5,685,37,104,133,71,61,41,127,0,22,4,90,0,158,56,0,29,0,888,0,0,80,22,0,21,168,225,89,1,1549,91,16,17,0,5,0,75,0,5,0,50,12,13,64,3,6,0,8,5,8,20,0,0,3,9,10,0,11,0,0,0,0,15,0,0,5,4,4,0,0,0,8,0,0,0,3,0,3,7,1,7,0,2,1,0,10,9,4,0,15,4,5,0,3,0,0,9,0,3,23,0,4,0,0,0,3,0,0,0,10,0,2,0,0,0,6,0,0,5,8,1,0,0,0,0,0,0,5,0,0,0,1,0,0,0,0,3,4,0,0,0,0,0,0,0,4,0,0,0,0,0,0,0,0,0,0,5,1,0,8,4,0,0,0,0,6,2,6,0,0,0,0,0,0,0,0,2,0,0,0,0,0,0,0,0,0,0,0,0,0,0,0,0,0,0,0,0,0,0,0,0,0,0,0,0,0,0,0,0,0,0,0,0,0,0,0,0,0,0,0,0,0,0,0,0,0,0,0,0,0,0,0,0,0,0,0,0,0,0,0,0,0,0,0,0,0,0,0,0,0,0,0,0,0,0,0,0,0,0,1,0,0,0,0,0,0,0,0,0,0,0,0,0,0,0,0,0,0,0,0,0,0,0,0,0,0,0,0,0,0,0,0,0,0,0,0,0,0,0,0,0,0,0,0,0,0,0,0,0,0,0,0,0,0,0,0,0,0,0,0,0,0,0,0,0,0,0,0,0,0,0,0,0,0,0,0,0,0,0,0,0,0,0,0,0,0,0,0,0,0,0,0,0,0,0,0,0,0,0,0,0,0,0,0,0,0,0,0,0,0,0,0,0,0,0,0,0,0,0,0,0,0,0,0,0,0,0,0,0,0,0,0,0,0,0,0,0,0,0,0,0,0,0,0,0,0,0,0,0,0,0,0,0,0,0,0,0,0,0,0,0,0,0,0,0,0,0,0,0,0,0,0,0,0,0,0,0,0,0,0,0,0,0,0,0,0,0,0,0,0,0,0,0,0,0,0,0,0,0,0,0,0,0,0,0,0,0,0,0,0,0,0,0,0,0,0,0,0,0,0,0,0,0,0,0,0,0,0,0,,,0.108162284,0.102304966,0.024769619,0.047053488,0.000179817,0.004368556,0.020380266,1.59725e-05,0.000579652,0.030811455,0.037063153,4.25975e-05,0.003630639,5.06335e-05,0.012751214,0.012176364,0.00118895,0.020527042,0.000563186,0.002105076,0.012498109,0.000209028,3.75541e-05,0.006069628,0.018002156,0.00058213,0.011453774,0.002031016,0.006340875,0.010547332,0.018431623,0.012684725,0.00227815,0.004103586,0.006084346,0.000137699,0.046494611,0.000396187,0.013642582,0.003863527,0.001882666,0.008045544,0.015846099,9.96731e-06,0.369602154
Copenhagen,Rensningsanlaeg Damhusaaen,Denmark,80,2020-08-12 00:00:00,1007269_1,11,31,18,3,1,20,6,1,0,22,0,0,133,34,105,0,18,105,1,23,1,1,19,2,13,113,5,0,3,5,45,4,8,0,142,37,33,21,107,0,0,31,53,6,4,33,0,27,25,0,5,4,3,3,15,16,0,287,2,91,11,9,34,0,3,72,4,18,35,11,12,10,29,0,7,0,6,0,42,26,2,9,0,177,0,0,7,5,0,2,34,161,21,0,500,22,3,3,0,0,0,6,0,0,0,14,10,0,4,0,1,0,3,0,0,11,0,3,8,2,4,0,5,0,0,0,0,5,0,0,0,2,4,0,0,0,3,0,0,0,0,0,0,2,2,2,0,0,1,3,8,4,3,0,9,0,3,0,0,0,0,2,0,0,4,0,0,0,0,0,1,0,0,0,4,0,2,0,0,0,0,0,1,0,0,2,0,0,0,0,3,0,0,0,0,0,2,0,3,0,0,0,0,10,0,0,2,0,0,0,4,0,2,0,0,0,0,3,0,1,0,0,0,0,2,0,0,0,0,0,0,0,0,0,0,2,0,0,0,0,0,0,0,1,0,0,1,0,0,0,0,0,0,1,1,1,0,0,0,0,0,0,0,0,0,0,0,1,0,0,0,0,0,0,0,0,1,0,0,1,0,0,0,0,0,0,0,0,0,0,0,0,0,0,0,0,0,0,0,0,0,0,0,0,0,0,0,0,0,0,0,0,0,0,0,0,0,0,0,0,0,0,0,0,0,0,0,0,0,0,0,0,0,0,0,0,0,0,0,0,0,0,0,0,0,0,0,0,0,0,0,0,0,0,0,0,0,0,0,0,0,0,0,0,0,0,0,0,0,0,0,0,0,0,0,0,0,0,0,0,0,0,0,0,0,0,0,0,0,0,0,0,0,0,0,0,0,0,0,0,0,0,0,0,0,0,0,0,0,0,0,0,0,0,0,0,0,0,0,0,0,0,0,0,0,0,0,0,0,0,0,0,0,0,0,0,0,0,0,0,0,0,0,0,0,0,0,0,0,0,0,0,0,0,0,0,0,0,0,0,0,0,0,0,0,0,0,0,0,0,0,0,0,0,0,0,0,0,0,0,0,0,0,0,0,0,0,0,0,0,0,0,0,0,0,0,0,0,0,0,0,0,0,0,0,0,0,0,0,0,0,0,0,0,0,0,0,0,0,0,0,0,0,0,0,0,0,0,0,0,0,0,0,0,0,0,0,0,0,0,0,0,0,0,0,0,0,0,0,0,0,0,0,0,,,0.160004664,0.076164387,0.008968255,0.026733408,0.000185591,0.007026519,0.023985069,7.87152e-06,0.000556309,0.025644014,0.034272644,5.32733e-05,0.000585423,1.41496e-05,0.006913198,0.013360791,0.001359349,0.010206203,0.00062891,0.004074005,0.00397695,0.000272474,4.29026e-05,0.002501027,0.016574522,0.000373974,0.01918381,0.001064831,0.006664509,0.017993556,0.012659664,0.008419751,0.00747457,0.006327327,0.005711055,0.000376082,0.026322555,0.000940103,0.010620471,0.008193927,0.000960266,0.002867144,0.003247028,1.36695e-05,0.436473798
Copenhagen,Rensningsanlaeg Lynetten,Denmark,80,2020-08-12 00:00:00,1007267_2,39,138,48,8,41,59,5,0,0,57,31,0,162,115,520,76,51,357,0,70,0,6,57,15,11,401,13,0,24,54,145,0,29,7,278,135,126,29,243,0,19,95,84,11,12,77,73,24,64,11,23,14,9,15,41,66,0,602,0,156,50,27,57,0,15,252,0,53,70,38,29,15,32,0,4,0,30,0,100,10,8,18,0,483,16,0,20,13,0,13,171,248,60,0,1186,9,19,14,44,0,0,19,0,0,7,21,0,5,27,0,0,0,2,0,6,0,0,0,0,0,10,4,9,0,0,0,0,10,0,0,0,8,3,0,0,0,3,0,0,0,0,2,0,6,0,0,0,0,0,0,0,4,0,0,6,0,1,0,0,0,0,0,0,0,0,0,0,0,0,0,0,0,0,0,4,0,0,0,0,0,0,0,0,0,0,0,0,0,0,0,0,0,0,0,0,0,1,0,0,0,0,0,0,0,0,0,0,0,0,0,8,0,0,6,0,0,0,0,0,0,0,0,2,0,19,0,0,0,0,0,0,0,0,0,0,0,0,0,0,0,0,0,0,0,0,0,0,0,0,0,0,0,0,0,0,0,0,0,0,0,0,0,0,0,0,0,0,0,0,0,0,0,0,0,0,0,0,0,0,0,0,0,0,0,0,0,0,0,0,0,0,0,0,0,0,0,0,0,0,0,0,0,0,0,0,0,0,0,0,0,0,0,0,0,0,0,0,0,0,0,0,0,0,0,0,0,0,0,0,0,0,0,0,0,0,0,2,0,0,0,0,0,0,0,0,0,0,0,0,0,0,0,0,0,0,0,0,0,0,0,0,0,0,0,0,0,0,0,0,0,0,0,0,0,0,0,0,0,0,0,0,0,0,0,0,0,0,0,0,0,0,0,0,0,0,0,0,0,0,0,0,0,0,0,0,0,0,0,0,0,0,0,0,0,0,0,0,0,0,0,0,0,0,0,0,0,0,0,0,0,0,0,0,0,0,0,0,0,0,0,0,0,0,0,0,0,0,0,0,0,0,0,0,0,0,0,0,0,0,0,0,0,0,0,0,0,0,0,0,0,0,0,0,0,0,0,0,0,0,0,0,0,0,0,0,0,0,0,0,0,0,0,0,0,0,0,0,0,0,0,0,0,0,0,0,0,0,0,0,0,0,0,0,0,0,0,0,0,0,0,0,0,0,0,0,0,0,0,0,0,0,0,0,0,0,0,0,0,0,0,0,0,0,0,0,0,0,0,0,0,0,0,0,0,,,0.100082629,0.045877437,0.023836443,0.095561479,0.000291089,0.014841548,0.013911478,2.00389e-05,0.000340079,0.062492073,0.051977663,5.38094e-05,0.001057227,8.16187e-06,0.008486817,0.011160926,0.001152785,0.003527052,0.000472823,0.002618957,0.005238935,0.000203274,4.01758e-05,0.00268916,0.013559411,0.000195408,0.01681969,0.000551414,0.013513057,0.01567189,0.023462289,0.012931971,0.00240192,0.005480137,0.002854702,0.000100757,0.012562251,0.000446648,0.024350853,0.004940676,0.000581801,0.007476415,0.010156889,6.25871e-07,0.385999136
Copenhagen,Rensningsanlaeg Avedoere,Denmark,81,2020-08-19 00:00:00,1007271_2,33,260,79,0,25,132,23,0,0,111,0,12,539,145,981,6,119,478,6,113,4,14,132,19,41,490,51,13,43,78,116,3,96,11,380,281,222,64,283,17,0,93,216,21,6,227,4,127,141,0,57,15,29,38,73,195,2,869,2,450,55,43,159,0,20,1064,14,124,84,95,92,107,101,1,3,0,112,3,194,115,13,23,0,700,0,0,99,19,3,46,467,297,121,3,1467,37,32,35,0,12,3,37,0,5,17,28,7,25,69,0,0,0,19,0,16,47,0,0,0,23,21,2,12,0,0,0,8,23,0,0,0,9,8,0,0,2,9,0,0,0,2,3,0,10,0,0,0,3,0,3,3,11,10,0,22,0,3,0,0,0,0,7,0,0,45,3,0,0,0,0,5,0,0,0,6,0,10,0,0,0,0,0,0,0,0,1,0,0,2,0,0,0,0,0,0,0,2,0,0,0,0,3,1,6,3,0,0,0,2,0,6,0,0,5,0,2,0,8,0,0,0,6,0,0,8,1,0,0,0,0,0,0,0,4,0,0,0,0,0,0,0,0,1,0,0,0,0,0,0,0,3,0,0,0,0,0,0,0,0,0,0,0,0,0,0,0,0,0,4,0,0,0,0,0,0,0,2,0,0,0,0,0,0,0,0,0,0,0,0,0,0,0,0,0,0,0,0,0,0,0,0,0,0,0,0,0,0,0,0,0,0,0,0,0,0,0,0,0,0,3,0,0,0,0,0,0,0,0,0,0,0,0,0,0,0,0,0,0,0,0,0,0,0,0,0,0,0,0,0,0,0,0,0,0,0,0,0,0,0,0,0,0,0,0,0,0,0,0,0,0,0,0,0,0,0,0,0,0,0,0,0,0,0,0,0,0,0,0,0,0,0,0,0,0,0,0,0,0,0,0,0,0,0,0,0,0,0,0,0,0,0,0,0,0,0,0,0,0,0,0,0,0,0,0,0,0,0,0,0,0,0,0,0,0,0,0,0,0,0,0,0,0,0,0,0,0,0,0,0,0,0,0,0,0,0,0,0,0,0,0,0,0,0,0,0,0,0,0,0,0,0,0,0,0,0,0,0,0,0,0,0,0,0,0,0,0,0,0,0,0,0,0,0,0,0,0,0,0,0,0,0,0,0,0,0,0,0,0,0,0,0,0,0,0,0,0,0,0,0,0,0,0,0,0,0,0,0,0,0,0,0,0,0,0,0,0,0,0,0,0,0,0,0,0,0,0,0,0,0,0,0,0,0,0,,,0.091671603,0.04601815,0.031130813,0.047009322,0.000123612,0.018920113,0.043577488,7.95463e-05,0.000735122,0.036916712,0.048909329,5.33829e-05,0.001180856,3.70077e-05,0.007947411,0.013336574,0.001410821,0.008117684,0.000285902,0.004875598,0.014929091,0.000208074,3.82017e-05,0.007581734,0.015161576,0.0002705,0.010476616,0.001066487,0.009476007,0.018104056,0.015229945,0.020723323,0.004039131,0.00419993,0.006833303,0.000141286,0.026278265,0.000424121,0.022490925,0.004456945,0.002187723,0.007705221,0.009727545,2.80616e-06,0.395910141
Copenhagen,Rensningsanlaeg Lynetten,Denmark,81,2020-08-19 00:00:00,1007270_2,21,120,34,0,7,89,9,2,0,62,0,11,631,68,678,0,50,156,0,41,5,10,91,27,10,261,22,8,13,45,82,1,39,3,837,136,174,72,162,0,71,65,89,25,0,108,0,91,117,0,29,5,9,28,55,33,0,859,0,174,19,15,68,0,0,375,4,89,25,59,29,19,28,0,0,5,24,0,58,19,7,19,0,250,0,0,32,7,8,22,204,453,101,0,1692,6,29,6,0,12,0,36,0,1,0,42,0,0,27,0,0,0,0,0,11,9,0,4,0,5,4,0,11,0,10,0,0,0,0,0,4,13,16,0,0,0,0,0,0,0,0,2,0,0,0,0,4,0,0,3,0,4,0,0,15,0,1,0,0,0,0,0,0,0,157,0,0,2,0,0,0,0,0,0,3,0,0,0,0,0,7,0,0,0,0,0,1,0,2,0,0,0,0,0,0,0,0,0,0,0,0,0,0,0,0,0,0,0,0,0,9,0,0,0,2,0,0,0,0,0,0,0,0,0,0,1,0,0,0,0,0,0,0,0,0,0,0,0,0,0,0,0,0,0,0,0,0,0,2,0,0,0,0,0,0,0,0,0,0,0,0,0,0,0,0,0,0,0,0,0,0,0,0,0,0,0,0,0,0,0,0,0,0,0,0,0,0,0,0,0,0,0,0,0,1,0,0,0,0,4,0,0,0,0,0,0,0,0,0,0,0,0,0,0,0,0,0,0,0,0,0,0,0,0,0,0,0,0,0,0,0,0,0,0,0,0,0,0,0,0,0,0,0,0,0,0,0,0,0,0,0,0,0,0,0,0,0,0,0,0,0,0,0,0,0,0,0,0,0,0,0,0,0,0,0,0,0,0,0,0,0,0,0,0,0,0,0,0,0,0,0,0,0,0,0,0,0,0,0,0,0,0,0,0,0,0,0,0,0,0,0,0,0,0,0,0,0,0,0,0,0,0,0,0,0,0,0,0,0,0,0,0,0,0,0,0,0,0,0,0,0,0,0,0,0,0,0,0,0,0,0,0,0,0,0,0,0,0,0,0,0,0,0,0,0,0,0,0,0,0,0,0,0,0,0,0,0,0,0,0,0,0,0,0,0,0,0,0,0,0,0,0,0,0,0,0,0,0,0,0,0,0,0,0,0,0,0,0,0,0,0,0,0,0,0,0,0,0,0,0,0,0,0,0,0,0,0,0,0,0,0,0,0,0,0,0,0,0,0,0,0,0,0,0,0,0,0,0,0,0,0,0,0,0,,,0.135507258,0.033068757,0.025341009,0.063206625,0.000189925,0.010397099,0.029064769,1.10489e-05,0.000434697,0.069733925,0.045046606,4.36566e-05,0.001549685,1.13237e-05,0.004747302,0.009554277,0.000775296,0.007135128,0.00048733,0.002793737,0.002075483,0.000324057,2.59289e-05,0.001940951,0.019790632,0.000412954,0.01254396,0.0008548,0.006931396,0.009424105,0.013196052,0.012530049,0.008868675,0.006603965,0.003402129,0.00020679,0.015221172,0.000636267,0.021490864,0.006604579,0.000523873,0.008676242,0.005062872,1.4113e-06,0.403551336
Copenhagen,Rensningsanlaeg Avedoere,Denmark,82,2020-08-27 00:00:00,1007273_2,94,410,96,6,37,251,26,0,0,166,83,0,650,243,1888,228,137,1711,8,171,4,19,155,21,43,1046,44,11,79,191,589,2,120,17,648,415,296,76,954,15,57,345,281,41,31,376,295,148,224,0,90,26,38,63,159,117,0,1887,14,514,50,66,210,8,27,1079,16,182,253,108,117,47,85,9,20,4,69,3,377,94,22,41,4,1597,0,0,115,61,9,63,438,650,151,1,3314,66,52,31,92,24,3,102,6,5,7,66,21,10,156,0,3,5,4,0,18,18,1,0,16,23,12,2,15,0,5,0,0,30,0,0,24,25,11,0,0,24,35,0,2,0,3,4,12,7,4,4,0,3,1,5,0,19,1,0,41,0,4,0,3,0,0,4,0,0,4,11,7,0,0,0,2,0,0,1,40,134,2,4,0,0,3,0,0,6,12,4,1,0,2,0,4,6,12,0,0,16,3,0,0,0,12,3,0,6,0,6,4,0,3,0,7,0,0,7,2,5,0,6,4,0,0,0,0,0,18,0,0,0,0,0,2,0,0,0,0,2,0,0,0,3,0,0,0,0,0,0,0,0,0,0,0,0,0,1,0,0,0,3,0,1,0,0,0,0,0,3,0,0,0,0,0,0,0,0,0,0,1,0,0,0,0,0,5,0,0,0,0,0,0,0,0,0,0,0,0,0,0,0,0,0,0,0,2,0,0,0,5,0,0,0,0,0,0,0,0,0,0,0,0,0,0,0,0,0,0,0,0,0,0,0,0,0,0,0,0,1,0,0,0,0,0,0,0,0,0,1,0,0,0,0,0,0,0,0,0,0,1,0,0,0,5,3,0,0,0,1,0,0,0,0,0,0,0,0,0,0,0,0,0,0,0,0,0,0,0,0,0,0,0,0,0,0,0,0,0,0,0,0,0,0,0,0,0,0,0,0,0,0,0,0,0,0,0,0,0,0,0,0,0,0,0,0,0,0,0,0,0,0,0,0,0,0,0,0,0,0,0,0,0,0,0,0,0,0,0,0,0,0,0,0,0,0,0,0,0,0,0,0,0,0,0,0,0,0,0,0,0,0,0,0,0,0,0,0,0,0,0,0,0,0,0,0,0,0,0,0,0,0,0,0,0,0,0,0,0,0,0,0,0,0,0,0,0,0,0,0,0,0,0,0,0,0,0,0,0,0,0,0,0,0,0,0,0,0,0,0,0,0,0,0,0,0,0,0,0,0,0,0,0,0,0,0,0,0,0,0,0,0,0,0,0,0,0,0,,,0.181764936,0.046663301,0.015432623,0.05826527,0.000211356,0.004581781,0.028240764,8.33411e-06,0.001464194,0.029490251,0.060358067,3.13556e-05,0.000877281,1.60998e-05,0.013244293,0.009980611,0.001446027,0.013259566,0.000825759,0.003081638,0.00897138,0.000315334,2.06497e-05,0.004514645,0.016512776,0.000342335,0.014664912,0.000824895,0.007061384,0.009156249,0.0141351,0.015083604,0.004385577,0.00425934,0.003223097,0.000238536,0.022424539,0.000401566,0.035342252,0.004215952,0.001211466,0.00743141,0.004463343,5.21843e-06,0.351550932
Copenhagen,Rensningsanlaeg Damhusaaen,Denmark,82,2020-08-27 00:00:00,1007274_1,0,8,1,0,0,4,0,0,0,1,0,2,48,1,19,0,4,18,0,3,0,0,6,0,0,12,1,1,0,0,2,0,2,1,21,2,4,5,2,0,3,5,2,0,0,3,0,5,4,0,4,1,0,3,4,0,0,50,0,3,1,0,3,0,1,18,3,1,2,0,1,0,1,0,1,0,2,0,1,1,0,0,0,24,0,0,4,1,0,0,6,20,2,0,90,2,1,1,0,0,0,2,0,0,0,0,0,0,1,1,0,0,0,0,0,0,0,0,0,0,0,0,0,0,1,0,0,0,0,0,0,0,0,0,0,0,0,0,3,0,0,0,0,0,1,0,0,0,0,0,1,0,0,0,1,0,0,0,0,0,0,0,0,0,0,0,0,0,0,0,0,0,0,0,0,0,0,0,0,0,0,0,0,0,0,0,0,0,0,0,0,0,0,0,0,0,0,0,0,0,0,0,0,1,0,0,0,0,0,0,0,0,0,0,0,0,0,0,0,0,0,0,0,0,0,0,0,0,0,0,0,0,0,0,0,0,0,0,0,0,0,0,0,0,0,0,0,0,0,0,0,0,0,0,0,0,0,0,0,0,0,0,0,0,0,0,0,0,0,0,0,0,0,0,0,0,0,0,0,0,0,0,0,0,0,0,0,0,0,0,0,0,0,0,0,0,0,0,0,0,0,0,0,0,0,0,0,0,0,0,0,0,0,0,0,0,0,0,0,0,0,0,0,0,0,0,0,0,0,0,0,0,0,0,0,0,0,0,0,0,0,0,0,0,0,0,0,0,0,0,0,0,0,0,0,0,0,0,0,0,0,0,0,0,0,0,0,0,0,0,0,0,0,0,0,0,0,0,0,0,0,0,0,0,0,0,0,0,0,0,0,0,0,0,0,0,0,0,0,0,0,0,0,0,0,0,0,0,0,0,0,0,0,0,0,0,0,0,0,0,0,0,0,0,0,0,0,0,0,0,0,0,0,0,0,0,0,0,0,0,0,0,0,0,0,0,0,0,0,0,0,0,0,0,0,0,0,0,0,0,0,0,0,0,0,0,0,0,0,0,0,0,0,0,0,0,0,0,0,0,0,0,0,0,0,0,0,0,0,0,0,0,0,0,0,0,0,0,0,0,0,0,0,0,0,0,0,0,0,0,0,0,0,0,0,0,0,0,0,0,0,0,0,0,0,0,0,0,0,0,0,0,0,0,0,0,0,0,0,0,0,0,0,0,0,0,0,0,0,0,0,0,0,0,,,0.183810658,0.129619362,0.011765942,0.027668678,0.000303806,0.011307744,0.015941264,1.01092e-05,0.000756697,0.024226042,0.022211617,6.27492e-05,0.000418372,8.20148e-06,0.012665551,0.012265567,0.000773739,0.003441246,0.000713423,0.006771462,0.003002359,0.000184581,5.61059e-05,0.004255535,0.00680121,0.000397513,0.020108411,0.001024675,0.011066839,0.025307721,0.009770339,0.009270831,0.003689361,0.005338254,0.007755275,0.000200855,0.020852802,0.000507663,0.013443181,0.006244868,0.000789216,0.002843346,0.009603297,1.38721e-05,0.372729661
Copenhagen,Rensningsanlaeg Lynetten,Denmark,82,2020-08-27 00:00:00,1007272_2,34,833,38,396,17,246,26,0,76,98,123,0,306,100,960,943,71,1396,2,172,0,30,69,9,23,1074,16,11,49,144,130,0,87,31,314,964,166,53,319,17,37,268,133,14,20,110,1053,60,89,11,52,50,68,45,113,40,0,951,3,223,24,27,83,11,59,912,4,198,228,64,58,40,58,0,4,9,105,0,301,74,9,41,0,1328,14,0,35,17,4,29,201,246,83,2,1694,27,40,69,202,3,2,75,5,0,7,28,4,13,51,0,0,0,13,0,18,17,0,0,6,2,18,0,5,0,0,0,0,13,0,0,14,11,6,0,0,5,10,0,0,0,0,0,7,10,3,0,4,2,0,0,4,2,0,0,8,0,1,0,0,0,0,3,0,0,0,6,0,2,0,0,0,0,0,0,2,72,8,2,0,0,0,0,0,0,0,0,0,0,0,0,0,0,0,0,0,0,1,1,0,0,0,0,0,0,0,7,0,0,0,0,4,0,0,9,0,5,0,0,0,0,0,0,0,0,14,0,0,0,0,0,2,0,0,0,0,0,0,0,0,0,0,0,0,0,0,0,0,0,0,0,0,0,0,0,0,0,0,0,0,0,0,0,0,0,0,0,0,0,0,0,0,0,0,0,0,4,0,0,0,0,0,0,0,0,0,0,0,2,3,0,0,0,0,0,0,0,0,0,0,0,0,0,1,0,0,0,0,0,0,0,0,0,0,0,0,0,0,0,0,0,0,0,0,0,0,0,0,0,0,0,0,0,0,0,0,0,0,0,0,0,0,0,0,0,0,0,0,0,0,0,0,0,0,0,0,0,0,0,0,0,0,0,0,0,0,0,0,0,0,0,0,0,0,0,0,0,0,0,0,0,0,0,0,0,0,0,0,0,0,0,0,0,0,0,0,0,0,0,0,0,0,0,0,0,0,0,0,0,0,0,0,0,0,0,0,0,0,0,0,0,0,0,0,0,0,0,0,0,0,0,0,0,0,0,0,0,0,0,0,0,0,0,0,0,0,0,0,0,0,0,0,0,0,0,0,0,0,0,0,0,0,0,0,0,0,0,0,0,0,0,0,0,0,0,0,0,0,0,0,0,0,0,0,0,0,0,0,0,0,0,0,0,0,0,0,0,0,0,0,0,0,0,0,0,0,0,0,0,0,0,0,0,0,0,0,0,0,0,0,0,0,0,0,0,0,0,0,0,0,0,0,0,0,0,0,0,0,0,0,0,0,0,0,0,0,0,0,0,0,0,0,0,0,0,,,0.126378618,0.051301898,0.005809655,0.023907165,0.000375567,0.006794254,0.047878914,2.71757e-05,0.000909343,0.028868268,0.050994254,6.86746e-05,0.001177212,7.37269e-06,0.011160911,0.012555496,0.001062891,0.002216358,0.001132973,0.003924179,0.006982853,0.000364895,6.26245e-05,0.011743923,0.033344039,0.000382493,0.021947318,0.001083644,0.009493324,0.007220652,0.016232707,0.011196328,0.005737469,0.006775099,0.005770212,0.000269672,0.039049218,0.000666795,0.041997365,0.008232913,0.000975543,0.00214904,0.01100425,5.40411e-06,0.380761041
Copenhagen,Rensningsanlaeg Avedoere,Denmark,86,2020-09-28 00:00:00,1007278_1,50,240,70,4,26,244,22,0,0,133,0,0,1173,220,789,0,75,962,16,106,13,15,151,12,110,847,19,8,26,69,208,15,68,13,799,220,312,168,400,7,143,275,240,23,16,133,4,223,315,0,60,19,32,37,190,63,2,1740,5,418,78,41,91,5,12,768,54,168,204,145,74,39,154,0,44,9,48,0,198,46,16,59,0,1163,0,0,96,50,0,20,172,798,292,0,2989,161,16,13,0,4,6,186,0,9,20,86,26,15,99,2,8,0,3,0,9,13,0,7,4,2,14,0,35,0,5,0,0,30,0,0,13,18,13,0,0,1,12,0,5,0,3,3,9,24,0,7,4,0,2,2,14,11,0,0,54,0,6,0,4,0,0,0,0,0,18,0,0,0,0,0,6,0,0,0,27,0,4,3,0,0,2,0,0,1,25,0,0,0,1,0,0,0,0,3,0,0,1,0,5,0,0,4,0,24,0,0,0,0,5,0,10,0,0,0,3,0,0,0,0,0,0,0,0,0,41,6,0,0,0,0,4,2,5,0,0,0,0,0,0,0,0,0,0,0,0,0,0,0,0,0,0,0,0,0,0,0,0,0,0,0,0,0,0,0,0,0,0,0,0,4,0,0,0,0,0,0,0,0,0,0,0,3,0,0,0,0,0,0,0,0,0,0,0,0,0,0,0,0,0,0,0,0,0,0,0,0,0,0,0,0,0,0,0,0,0,0,0,0,0,0,0,0,0,0,0,0,0,0,0,0,0,0,0,1,0,0,0,0,0,0,0,0,0,0,0,0,0,0,0,0,0,0,0,1,0,0,0,0,0,0,0,0,0,0,0,0,0,0,0,0,0,0,0,0,0,0,0,0,0,0,0,0,0,0,0,0,0,0,0,0,0,0,0,0,0,0,0,0,0,0,0,0,0,0,0,0,0,0,0,0,0,0,0,0,0,0,0,0,0,0,0,0,0,0,0,0,0,0,0,0,0,0,0,0,0,0,0,0,0,0,0,0,0,0,0,0,0,0,0,0,0,0,0,0,0,0,0,0,0,0,0,0,0,0,0,0,0,0,0,0,0,0,0,0,0,0,0,0,0,0,0,0,0,0,0,0,0,0,0,0,0,0,0,0,0,0,0,0,0,0,0,0,0,0,0,0,0,0,0,0,0,0,0,0,0,0,0,0,0,0,0,0,0,0,0,0,0,0,0,0,0,0,0,0,0,0,0,0,0,0,0,0,0,0,0,0,0,0,0,0,0,0,0,0,,,0.074898364,0.017878433,0.00182419,0.004116477,0.000169266,0.001194587,0.009800359,1.65928e-05,0.000646577,0.007708371,0.009874139,0.0001969,0.000411411,3.04882e-05,0.004598099,0.009905714,0.000346231,0.00289622,0.064587346,0.00138467,0.007125586,0.000228847,2.62693e-05,0.000989059,0.008308946,0.000746178,0.020264766,0.000832936,0.001758589,0.001791152,0.007169657,0.445387523,0.010835299,0.003830551,0.00544533,0.000240844,0.004878393,0.000917282,0.010055882,0.008799233,0.000931317,0.000477258,0.004108361,2.50461e-05,0.242341261
Copenhagen,Rensningsanlaeg Damhusaaen,Denmark,86,2020-09-28 00:00:00,1007280_2,89,246,75,4,33,251,19,4,0,127,0,0,180,138,1046,0,123,939,7,284,2,20,49,29,23,939,64,42,49,127,298,0,84,14,416,231,137,19,470,16,0,259,204,24,13,215,0,37,118,0,80,34,26,39,145,170,7,1249,29,381,74,60,152,8,20,880,19,177,185,36,73,206,107,5,8,0,61,3,384,245,11,30,8,1263,2,0,107,36,0,29,186,506,55,1,2217,35,33,26,0,17,27,126,2,7,9,71,28,18,125,0,9,0,47,0,17,90,0,0,52,21,14,0,11,0,5,0,0,17,0,0,3,8,7,3,19,0,42,0,0,0,0,6,0,21,1,6,0,3,0,0,0,13,4,0,23,0,10,0,0,0,0,15,0,0,6,8,3,2,0,0,10,0,0,1,11,0,4,3,0,0,2,0,0,3,4,0,0,0,0,0,0,7,0,0,0,0,0,2,0,2,0,0,10,18,0,7,4,0,2,0,6,0,0,0,0,0,5,15,0,0,0,0,0,0,7,4,0,0,0,0,10,0,0,0,0,8,0,0,0,0,0,0,0,0,0,3,2,0,0,0,0,0,0,0,0,0,0,0,0,0,0,0,0,0,0,3,0,0,0,0,0,0,0,0,0,0,0,0,0,0,0,0,4,0,0,0,0,0,0,0,0,4,10,0,0,0,0,0,0,0,0,0,0,0,0,0,0,0,0,0,0,0,0,0,7,2,1,5,0,0,0,0,0,0,0,0,0,0,0,0,0,0,0,0,0,0,0,0,0,0,0,0,0,0,0,0,0,0,0,0,0,0,0,0,0,0,0,0,0,0,0,0,0,0,0,0,0,0,0,0,0,0,0,0,0,0,0,0,0,0,0,0,0,0,0,0,0,0,0,0,0,0,0,0,0,0,0,0,0,0,0,0,0,0,0,0,0,0,0,0,0,0,0,0,0,0,0,0,0,0,0,0,0,0,0,0,0,0,0,0,0,0,0,0,0,0,0,0,0,0,0,0,0,0,0,0,0,0,0,0,0,0,0,0,0,0,0,0,0,0,0,0,0,0,0,0,0,0,0,0,0,0,0,0,0,0,0,0,0,0,0,0,0,0,0,0,0,0,0,0,0,0,0,0,0,0,0,0,0,0,0,0,0,0,0,0,0,0,0,0,0,0,0,0,0,0,0,0,0,0,0,0,0,0,0,0,0,0,0,0,0,0,0,0,0,0,0,0,0,0,0,0,0,0,0,0,0,0,0,0,0,0,0,0,,,0.107192811,0.027835053,0.0007474,0.003692795,0.000317026,0.003847838,0.008297041,1.70781e-05,0.000917322,0.007673988,0.005990961,0.000504139,0.000198518,6.70958e-05,0.023441154,0.008506533,0.000773437,0.000984799,0.060002806,0.008617732,0.001212894,0.000144112,7.587e-05,0.004081843,0.012686205,0.00058133,0.015717625,0.001006642,0.002546996,0.012906407,0.00378207,0.274654611,0.003285483,0.005058127,0.005020343,0.000181788,0.030257975,0.005210309,0.008340115,0.00625336,0.00069616,0.000262177,0.003410888,0.000134843,0.332866301
Copenhagen,Rensningsanlaeg Lynetten,Denmark,86,2020-09-28 00:00:00,1007276_1,59,236,52,13,19,142,18,0,0,76,2,8,563,232,556,0,134,656,4,155,0,22,62,4,100,682,51,0,20,60,121,53,67,16,413,254,141,89,320,15,0,141,192,9,4,129,0,81,89,0,54,12,17,9,69,125,5,976,14,438,63,59,113,0,22,519,36,96,162,42,61,86,158,0,20,0,62,2,300,168,15,20,0,896,7,0,79,27,0,29,200,447,142,0,1655,86,16,29,0,5,7,15,0,24,6,40,21,11,61,0,5,0,41,8,7,58,0,16,177,11,12,0,15,0,7,0,7,25,0,0,6,9,10,0,6,4,46,0,0,0,1,3,0,10,2,4,0,0,1,5,25,10,35,0,79,3,4,0,0,0,2,10,0,0,48,0,7,0,0,0,18,0,0,0,14,2,0,0,0,0,3,0,2,0,19,2,0,0,0,0,0,1,0,0,0,6,3,0,3,0,0,9,5,36,0,6,0,0,0,0,4,0,0,5,0,0,0,15,0,0,0,0,0,0,15,6,3,0,0,0,7,5,0,6,0,0,0,0,0,0,0,0,0,0,0,0,0,0,0,0,0,0,0,0,0,0,0,0,0,0,0,0,0,0,0,0,0,4,0,0,0,0,0,0,0,0,0,0,0,0,0,4,0,0,0,0,0,0,0,0,0,0,0,0,0,0,0,0,0,0,0,0,0,0,0,0,0,3,0,0,0,0,0,0,0,0,0,0,0,0,0,0,0,0,0,0,0,0,0,0,0,0,0,0,0,0,0,0,0,0,0,0,0,0,0,0,0,0,0,0,0,0,0,0,0,0,0,0,0,0,0,0,0,0,0,0,0,0,0,0,0,0,0,0,0,0,0,0,0,0,0,0,0,0,0,0,0,0,0,0,0,0,0,0,0,0,0,0,0,0,0,0,0,0,0,0,0,0,0,0,0,0,0,0,0,0,0,0,0,0,0,0,0,0,0,0,0,0,0,0,0,0,0,0,0,0,0,0,0,0,0,0,0,0,0,0,0,0,0,0,0,0,0,0,0,0,0,0,0,0,0,0,0,0,0,0,0,0,0,0,0,0,0,0,0,0,0,0,0,0,0,0,0,0,0,0,0,0,0,0,0,0,0,0,0,0,0,0,0,0,0,0,0,0,0,0,0,0,0,0,0,0,0,0,0,0,0,0,0,0,0,0,0,0,0,0,0,0,0,0,0,0,0,0,0,0,0,0,0,0,0,0,0,0,0,0,0,0,0,0,0,0,0,0,,,0.162635443,0.101982563,0.001422154,0.011436972,0.00022254,0.003332306,0.015722484,7.83427e-05,0.000833249,0.013139031,0.026593251,6.32023e-05,0.000211118,2.46566e-05,0.006606326,0.008651143,0.000530005,0.003231435,0.022174227,0.00174412,0.002071367,0.000172121,3.91391e-05,0.002637189,0.009518584,0.000272802,0.023248546,0.001132932,0.002404335,0.005972053,0.01092191,0.201414193,0.003883809,0.00562378,0.002896214,0.000249878,0.020561421,0.004308292,0.020348304,0.005826722,0.000349977,0.000457364,0.005715633,0.000393202,0.288945663
Rome,ATO2 Wastewater Treatment Plant,Italy,58,2020-03-17 00:00:00,1015073_1,38,192,9,10,10,11,1,0,1,110,2,0,90,67,402,0,18,22,2,9,3,2,180,5,2,35,65,1,7,24,36,2,7,0,288,225,279,12,92,1,0,4,184,10,2,109,0,6,24,0,11,1,9,20,6,26,0,701,0,269,17,34,38,0,0,113,7,81,8,72,95,1,33,1,8,0,1,45,18,4,2,4,0,26,3,0,0,1,2,2,64,245,79,0,1396,6,5,1,0,0,0,2,0,0,34,0,7,10,8,0,1,0,1,12,24,1,0,0,0,0,16,1,13,0,2,0,0,3,3,0,8,57,13,0,0,0,1,1,75,0,1,4,0,0,0,6,0,8,7,0,3,24,2,0,3,0,0,0,0,0,0,0,0,0,86,0,0,0,0,0,0,4,0,0,0,0,1,0,0,0,3,5,0,0,0,0,0,0,0,0,2,1,5,0,2,0,0,0,0,0,0,0,0,3,1,0,1,0,0,0,0,0,0,0,0,0,0,2,0,0,4,2,3,0,5,2,0,0,0,3,0,0,4,0,0,1,0,0,1,0,1,0,0,0,0,1,0,0,0,0,0,0,1,0,0,0,0,0,0,0,0,0,0,0,3,0,0,0,4,1,0,0,0,0,0,0,0,0,0,0,0,0,0,0,0,1,1,0,1,0,0,0,0,0,0,0,0,0,0,0,0,2,0,0,0,0,1,0,0,0,0,0,0,0,0,0,0,0,0,0,0,0,0,1,1,0,1,0,0,0,0,0,0,0,0,0,0,0,0,5,0,0,0,0,0,0,0,0,0,0,1,0,0,0,0,0,0,0,0,0,0,0,0,0,0,0,0,0,0,0,0,0,0,0,1,0,0,0,0,0,0,0,0,0,0,0,0,0,3,0,0,0,0,0,0,0,0,0,0,0,0,0,0,0,1,0,0,0,0,0,1,0,0,0,0,0,0,0,0,0,0,0,1,0,0,0,0,0,0,0,0,0,0,0,0,0,0,0,0,0,1,0,0,0,0,0,0,0,0,0,0,0,0,0,0,0,0,0,0,0,0,0,0,0,0,0,0,1,1,0,0,0,0,0,0,0,0,0,0,0,0,0,0,0,0,0,0,0,0,0,0,0,0,0,0,0,0,0,0,0,0,0,0,0,0,0,0,0,0,0,0,0,0,0,0,0,0,0,0,0,0,0,0,0,0,0,0,0,0,0,0,0,0,0,0,0,0,0,0,0,0,0,0,0,0,0,0,0,0,0,0,0,0,0,,,0.131679743,0.022117879,0.001406941,0.000907866,0.000191892,0.000703325,0.001796259,4.57384e-06,0.021065152,0.00380018,0.008166723,3.18999e-05,0.000227293,6.02049e-06,0.160808207,0.008589782,0.00042717,0.00041735,0.022760187,0.024362396,0.000178374,0.000265687,0.001316642,0.01687789,0.002035455,0.008336536,0.0027978,0.00741266,0.000632995,0.001189681,0.003481143,0.150250409,0.000717953,0.01182449,0.027573662,0.000113748,0.000332665,0.045692324,0.005711646,0.003581728,0.000681639,0.000217111,0.000943573,4.0765e-06,0.298359274
Rome,ATO2 Wastewater Treatment Plant,Italy,60,2020-03-31 00:00:00,1015075_1,159,870,12,30,8,57,8,0,16,219,4,0,214,130,674,0,27,138,5,33,60,1,281,4,62,128,148,0,88,101,60,32,29,0,1398,838,376,35,304,2,1,18,389,41,4,192,0,16,44,0,23,2,21,41,44,49,0,3635,0,723,16,50,86,0,0,301,4,190,15,133,175,18,114,3,5,0,7,136,65,14,32,12,0,136,2,0,14,9,1,8,146,998,82,0,7202,59,26,5,1,3,0,20,0,5,44,36,15,28,30,0,4,0,3,18,95,4,0,0,2,0,7,3,18,0,0,0,0,7,0,0,28,2,87,0,1,1,3,10,560,0,2,6,0,2,1,13,7,11,72,5,9,29,12,0,22,0,0,0,0,0,0,2,0,1,53,0,0,1,0,0,0,23,0,1,0,74,0,2,0,0,3,1,1,0,0,2,3,0,0,1,0,9,15,0,1,0,0,0,0,0,0,1,0,3,6,0,8,2,0,0,0,0,1,2,2,0,0,0,0,0,7,8,0,0,6,3,0,0,0,0,0,1,2,1,0,3,0,0,2,5,0,3,0,0,2,0,0,0,1,0,2,0,0,0,0,0,0,0,0,0,0,0,5,0,1,0,0,0,4,0,0,0,0,0,0,0,1,0,1,0,0,2,0,1,0,0,2,1,1,0,0,0,0,0,0,0,0,0,0,0,3,2,1,0,0,0,1,0,0,1,0,1,0,0,0,0,0,0,0,0,0,0,0,4,1,0,0,0,0,0,0,0,0,2,0,0,0,0,0,11,0,0,0,0,0,0,0,0,0,0,6,0,0,0,0,0,0,0,0,0,0,0,0,0,0,0,1,0,0,0,0,0,0,0,1,0,0,0,0,0,0,0,2,2,0,0,0,0,17,0,0,0,0,0,0,0,0,0,0,0,0,0,0,0,3,0,0,0,0,0,0,4,0,0,1,0,0,0,0,0,0,0,0,0,0,0,0,0,0,0,0,0,0,0,0,0,0,0,0,0,0,0,0,0,1,0,0,0,0,0,0,0,0,0,0,0,0,0,1,0,0,0,0,0,0,0,0,0,0,1,0,0,0,0,0,0,0,0,0,0,1,0,0,0,0,0,0,2,0,0,0,0,0,0,0,0,0,0,0,0,0,0,0,0,0,0,0,0,0,0,0,0,0,0,0,0,0,0,0,0,0,0,0,0,0,0,0,0,0,0,0,0,0,0,0,0,0,0,0,0,0,0,0,0,0,0,0,0,0,0,0,0,0,0,,,0.205810998,0.069455426,0.005669589,0.003748395,0.000351211,0.001207082,0.005954325,2.25465e-05,0.000795167,0.014484289,0.06472636,0.000203001,0.000187232,1.60695e-05,0.025425653,0.012186655,0.001293458,0.002018049,0.001283719,0.017831103,0.000575119,0.004952296,0.005017523,0.072465755,0.008816488,0.002232034,0.010198026,0.006198184,0.002329552,0.003176444,0.005929333,0.020021036,0.002795802,0.004090754,0.003806302,0.000311807,0.001158391,0.00069286,0.006333821,0.005321299,0.002744915,0.00092284,0.001606998,5.81453e-06,0.39562628
Rome,ATO2 Wastewater Treatment Plant,Italy,62,2020-04-14 00:00:00,1015077_1,66,625,18,26,30,14,7,0,3,300,0,0,60,129,1302,0,34,103,8,27,29,7,216,10,19,76,150,14,16,114,78,29,13,0,843,570,307,7,322,0,0,12,493,60,9,171,0,3,31,0,13,1,8,57,24,35,1,1780,1,654,142,44,87,1,1,174,5,125,22,52,207,58,95,2,2,0,10,33,42,60,27,5,0,75,5,0,6,5,4,34,225,346,43,0,3726,32,60,0,0,5,0,5,0,0,45,13,6,15,68,7,13,0,1,57,77,12,0,0,0,6,22,12,2,0,2,0,0,2,0,0,43,10,51,0,1,1,8,5,206,1,3,1,1,0,1,5,1,9,25,7,5,28,3,0,13,0,1,0,1,0,0,5,0,3,21,0,0,0,0,0,0,22,0,0,0,0,6,0,0,0,4,3,1,0,0,2,0,0,0,0,2,3,1,0,7,0,0,0,1,1,0,0,0,5,0,0,6,1,0,0,1,1,9,0,1,0,3,0,0,0,9,0,4,0,1,2,0,0,0,5,1,0,0,0,0,1,0,0,1,8,0,1,0,0,0,0,0,0,0,0,0,0,0,0,0,2,0,8,0,1,0,2,1,0,0,0,0,0,1,0,0,0,0,0,0,1,4,0,0,0,0,0,0,2,0,0,1,1,0,0,0,0,0,0,0,0,0,1,0,0,0,0,6,0,0,0,3,0,0,1,0,0,0,0,1,0,2,0,0,0,0,2,0,5,0,0,3,0,0,0,0,0,0,0,0,1,0,0,0,13,0,0,0,0,0,0,0,0,0,0,5,0,0,0,0,0,0,0,1,0,0,1,0,0,0,0,0,0,0,0,0,0,0,0,3,0,0,0,0,0,0,0,5,2,0,0,0,0,25,0,0,0,0,0,0,0,0,0,0,0,0,0,0,0,0,2,0,0,0,0,0,0,0,0,4,0,0,0,0,0,1,0,0,0,0,0,0,0,0,0,0,0,0,0,0,0,0,1,2,1,0,0,0,0,0,0,0,0,0,0,0,0,0,0,0,0,0,0,0,0,0,0,0,0,0,0,0,0,0,0,0,0,0,0,0,0,0,0,0,0,0,0,0,0,0,0,0,0,0,0,0,0,0,0,0,0,0,0,0,0,0,0,0,0,0,0,0,0,0,0,0,0,0,0,0,0,0,0,0,0,0,0,0,0,0,0,0,0,0,0,0,0,0,0,0,0,0,0,0,0,0,0,0,0,0,0,0,0,0,0,0,0,0,0,,,0.255617029,0.050893234,0.001495695,0.001258231,0.000209032,0.000230788,0.007291973,3.9889e-06,0.064486016,0.004416272,0.021908781,0.000173118,0.000282756,3.49288e-06,0.034040064,0.007761559,0.000718143,0.002229326,0.001667426,0.018691452,0.00031538,0.000887406,0.000383562,0.016366368,0.009241243,0.000734383,0.007475856,0.014034917,0.000561149,0.000452995,0.007325098,0.14152161,0.005858639,0.011298625,0.015583109,0.00015562,0.00155961,0.002852444,0.005843866,0.006623308,0.001789275,0.000205432,0.00290573,4.83034e-07,0.272645512
Rome,ATO2 Wastewater Treatment Plant,Italy,63,2020-04-21 00:00:00,1015078_1,103,842,34,17,12,7,14,0,22,396,0,0,81,188,1824,0,53,203,5,52,72,2,227,36,98,92,239,11,56,179,131,35,13,0,1089,743,346,7,439,3,2,13,742,117,9,256,0,8,52,0,18,1,7,67,21,46,0,3093,0,1004,189,87,187,4,1,202,4,259,28,94,301,36,146,0,2,0,2,39,66,25,47,7,3,83,0,0,5,11,2,29,322,558,63,0,5416,44,95,3,0,1,4,8,1,0,79,19,7,23,96,3,15,0,6,15,155,12,0,2,1,10,19,19,8,0,23,0,0,7,0,0,56,12,107,0,1,0,2,6,244,0,2,2,1,3,2,13,3,23,19,18,7,46,0,0,3,0,1,0,1,0,0,4,0,0,68,2,1,0,0,1,0,20,0,0,0,5,7,0,0,0,4,3,2,0,0,8,1,0,0,0,1,6,18,0,6,1,0,0,0,3,0,0,6,0,0,0,5,0,0,0,8,0,6,1,2,0,0,2,0,0,9,10,1,0,9,1,0,0,0,0,3,3,0,0,0,4,0,0,0,13,0,2,0,0,12,0,0,0,0,0,1,0,0,0,0,3,0,2,0,2,0,0,2,0,2,0,0,1,11,2,0,0,0,0,0,0,0,0,0,0,0,0,1,0,0,0,2,2,0,1,0,0,0,0,0,0,0,0,0,0,0,2,2,0,0,0,1,0,0,0,0,0,0,0,0,0,0,0,0,0,0,0,1,1,3,0,0,0,0,0,0,0,0,0,3,0,0,0,0,28,0,0,0,0,0,0,2,0,0,0,4,0,0,0,0,1,0,0,0,0,0,0,0,0,0,0,0,0,1,0,0,0,0,0,1,0,0,0,0,0,0,0,7,1,1,0,0,2,42,0,0,2,0,0,0,0,0,0,0,0,0,0,0,1,0,0,0,0,0,0,0,2,0,0,0,0,1,0,0,0,1,0,0,0,0,0,0,0,0,0,0,0,0,0,0,0,0,0,0,0,0,0,0,0,2,0,0,0,0,0,0,1,0,0,0,0,0,0,0,0,0,0,0,0,0,0,0,0,0,0,0,0,0,0,0,0,0,0,0,0,0,0,0,0,0,0,0,0,0,0,0,0,0,0,0,0,0,0,0,0,0,0,0,0,0,0,0,0,0,0,0,0,0,0,0,0,0,0,0,0,0,0,0,0,0,0,0,0,0,0,0,0,0,0,0,0,0,0,0,0,0,0,0,0,0,0,0,0,0,0,0,0,0,0,,,0.244870587,0.071296222,0.001228514,0.001498694,0.000517434,0.000251139,0.011656047,4.89505e-06,0.018349965,0.01156722,0.017725399,0.000102823,0.000132933,4.48672e-05,0.02339804,0.008357127,0.000955426,0.002348929,0.00272447,0.015630152,0.000531773,0.00194787,0.000176952,0.018785856,0.007062737,0.001026416,0.015536876,0.013344402,0.000201282,0.000707754,0.010414039,0.064557363,0.008687305,0.026141742,0.004946218,0.000368408,0.000660525,0.030761117,0.010648822,0.010760346,0.002229779,0.00025307,0.002521617,5.40701e-07,0.335066307
Rome,ATO2 Wastewater Treatment Plant,Italy,66,2020-05-12 00:00:00,1015081_1,59,385,3,14,10,10,1,0,2,93,0,0,44,77,601,0,10,38,2,15,28,2,68,2,44,12,42,1,13,40,20,12,7,1,348,420,112,11,93,0,0,4,228,17,0,50,0,5,25,0,3,0,7,21,7,16,0,1008,0,468,44,21,25,0,0,97,6,184,10,25,67,30,92,0,3,0,1,98,21,20,8,6,0,22,0,1,3,0,0,12,62,422,22,1,2188,20,16,2,0,0,0,2,0,1,15,4,1,12,28,5,3,0,6,9,61,12,0,2,0,1,9,1,2,0,17,0,0,1,0,0,22,10,31,0,1,0,2,0,150,0,3,4,0,1,0,7,0,2,15,2,8,20,4,0,12,2,3,0,0,0,0,7,0,0,236,3,1,0,0,1,1,14,0,0,0,3,2,0,0,0,5,3,0,0,0,6,0,0,0,0,1,2,0,0,0,0,0,0,0,0,0,0,9,6,1,0,0,0,0,0,1,0,2,0,0,0,0,0,0,0,1,1,7,0,2,6,0,0,0,4,3,0,1,0,0,0,0,0,4,10,0,0,0,0,0,0,0,0,0,0,0,0,0,0,2,0,0,2,0,0,0,0,0,0,1,0,0,0,20,0,0,0,0,0,2,2,6,0,0,0,0,0,1,0,0,0,1,0,0,0,0,0,0,0,0,0,0,0,0,0,3,0,0,0,0,0,0,0,0,1,0,0,0,0,2,4,0,0,0,3,0,0,0,1,1,0,0,0,0,0,0,0,0,1,0,0,0,0,0,6,0,0,0,0,0,1,0,0,0,0,3,0,0,0,0,1,0,0,0,0,0,0,0,0,0,0,0,0,0,0,0,0,0,0,1,0,2,0,0,0,0,0,1,1,1,0,0,0,3,0,0,0,0,0,0,0,0,0,0,0,0,0,0,3,0,0,0,0,0,0,0,0,0,0,0,0,0,0,0,0,1,0,0,0,0,0,0,0,0,0,0,0,0,0,0,1,0,1,0,0,0,0,0,0,0,0,0,0,0,0,0,0,0,0,0,0,0,0,0,0,0,0,0,0,0,0,0,0,0,0,0,0,0,0,0,0,0,0,1,0,5,0,0,0,0,0,0,0,0,0,0,0,0,0,0,0,0,0,0,0,0,0,0,0,0,0,0,0,0,0,0,0,0,0,0,0,0,0,0,0,0,0,0,0,0,0,0,0,0,0,0,0,0,0,0,0,0,0,0,0,0,0,0,0,0,0,0,0,0,0,0,0,0,0,,,0.096903792,0.089188154,0.002623768,0.001938948,0.000227666,0.000421626,0.003436831,7.33966e-06,0.035241359,0.002883085,0.008434784,0.000827138,0.000229965,2.05985e-05,0.035711302,0.004739367,0.000415222,0.001805922,0.002439775,0.018431859,0.000335075,0.000298133,0.000159905,0.011707408,0.002402718,0.000548719,0.002912592,0.023376036,0.001260257,0.00078346,0.002433072,0.240639732,0.001816354,0.016267939,0.079972223,0.000149094,0.000395256,0.058300131,0.002543931,0.004946473,0.0005724,0.000351437,0.001988499,6.09477e-07,0.239910046
Rome,ATO2 Wastewater Treatment Plant,Italy,68,2020-05-26 00:00:00,1015083_1,102,832,22,18,13,15,3,0,10,312,0,0,8,166,1324,1,66,176,3,30,27,3,208,16,64,77,181,10,33,92,94,18,11,1,791,838,399,6,328,1,2,28,555,73,5,216,1,8,44,0,9,1,5,46,7,35,0,3406,0,650,156,62,151,3,0,143,2,227,12,65,200,26,182,0,1,0,6,26,32,35,23,11,0,100,6,0,5,2,0,32,344,738,25,0,5543,41,45,9,0,0,6,6,1,9,48,12,2,22,83,5,12,0,11,19,85,8,0,0,1,3,25,9,12,1,12,0,0,1,0,1,74,9,77,2,0,1,7,10,234,0,5,4,0,0,10,7,1,11,31,6,4,25,3,0,10,0,4,0,0,0,0,3,0,0,99,2,1,0,0,0,0,6,0,0,0,5,4,0,1,0,0,2,0,0,0,3,2,0,0,0,2,6,8,0,2,1,0,1,1,3,0,0,6,3,5,0,10,1,1,0,4,0,16,0,4,0,0,1,3,0,13,1,0,0,7,8,0,0,0,6,1,1,1,0,0,5,0,0,0,10,1,0,0,0,5,0,0,0,1,0,0,0,0,0,0,1,0,5,0,0,0,0,2,0,0,2,0,0,0,0,0,1,0,0,0,0,0,0,1,0,0,1,2,0,0,0,3,4,1,0,0,2,0,0,0,0,0,0,0,0,3,2,0,0,0,0,4,0,0,0,0,0,0,0,0,0,0,0,0,1,0,0,0,8,0,0,0,0,0,0,0,0,0,0,0,0,0,0,0,18,0,0,0,0,0,1,0,0,0,0,11,0,0,0,0,0,0,0,0,0,0,0,0,0,0,0,0,0,1,0,0,0,0,0,1,0,0,0,0,1,0,0,1,2,2,0,0,1,19,0,0,0,0,0,0,0,0,1,0,0,0,0,0,0,0,0,0,0,0,0,0,1,0,0,0,0,0,0,0,0,0,0,0,0,0,0,0,0,0,0,0,0,0,0,0,0,0,0,0,0,0,0,0,0,0,0,0,0,0,0,0,0,0,0,0,0,0,0,0,0,0,0,0,0,0,0,0,1,0,0,0,0,0,0,0,0,0,0,0,0,2,0,0,0,0,0,0,4,0,0,0,0,0,0,0,0,0,0,0,0,0,0,0,0,0,0,0,1,0,0,0,0,0,0,0,0,0,0,0,3,0,0,0,0,0,0,0,0,0,0,0,0,0,0,0,0,0,0,0,0,0,0,0,0,0,0,0,0,0,0,0,0,0,0,,,0.290561785,0.051891736,0.001846151,0.002235632,0.000272164,0.000231318,0.010659847,8.08568e-06,0.005551865,0.007823115,0.01950386,7.42505e-05,0.000189021,1.09731e-05,0.026063692,0.011561859,0.00048562,0.001718323,0.004539939,0.017025011,0.000273089,0.000926182,0.000758099,0.019022667,0.007539549,0.000547933,0.012233414,0.009461459,0.000124923,0.000389595,0.006050779,0.137521756,0.0074292,0.007856292,0.06344461,0.000197757,0.002699624,0.006359283,0.004219878,0.010977718,0.003899246,0.000204961,0.002158227,6.24438e-07,0.243448888
Rome,ATO2 Wastewater Treatment Plant,Italy,71,2020-06-16 00:00:00,1015085_1,152,980,22,28,16,15,3,0,22,174,0,0,40,126,801,2,31,68,5,13,55,1,247,3,65,28,113,16,124,89,64,24,4,1,1554,1025,343,13,201,0,0,8,330,68,6,175,0,4,50,0,2,0,14,26,13,44,1,3776,0,814,7,46,110,1,4,103,5,232,4,101,137,19,82,0,5,0,4,117,19,29,22,3,0,35,1,0,3,1,2,11,165,1195,18,0,7229,36,27,3,0,0,3,2,1,14,33,9,10,19,67,2,3,0,2,20,148,8,0,1,0,9,7,5,3,0,25,0,1,3,2,0,40,0,90,2,0,1,6,7,592,1,1,3,4,1,2,3,2,18,80,5,7,22,18,0,18,1,1,0,1,0,0,4,0,1,110,0,3,2,0,0,0,27,0,0,1,152,5,0,0,0,1,8,0,0,1,3,0,0,0,0,7,5,1,0,8,0,2,0,0,4,0,0,1,5,1,0,17,0,0,0,3,0,15,1,0,0,0,0,0,0,0,1,0,0,4,21,1,0,1,0,6,0,0,0,0,2,0,0,1,22,1,0,0,0,1,0,0,0,1,0,0,0,0,0,5,1,0,2,0,0,0,0,2,0,1,1,0,0,11,0,0,0,0,2,0,0,0,0,0,0,0,0,2,0,0,0,3,0,0,0,0,1,0,0,0,0,0,0,0,0,0,1,0,0,0,0,0,0,0,0,0,0,0,0,0,1,0,0,0,1,0,0,0,13,0,0,1,0,0,0,1,0,0,0,0,0,0,0,0,14,0,0,0,0,0,0,0,1,0,0,4,0,0,0,0,0,0,0,0,0,0,0,0,0,0,0,0,0,0,0,0,0,0,0,1,0,0,0,0,3,0,0,4,0,0,0,0,0,15,0,0,2,0,0,0,0,0,0,0,0,0,0,0,2,0,0,0,0,0,0,2,0,1,0,1,0,0,0,0,0,0,0,0,0,0,0,0,0,0,0,0,0,0,0,0,0,0,1,0,0,0,0,0,0,0,0,0,0,0,0,0,0,0,0,0,0,0,0,0,0,0,0,0,0,0,0,0,0,0,0,0,0,0,0,0,0,0,0,0,0,0,0,0,0,0,0,0,0,0,0,0,0,0,0,0,0,0,0,0,0,0,0,0,0,0,0,0,0,0,0,0,0,0,0,0,0,0,0,0,0,1,0,0,0,0,0,0,0,0,0,0,0,0,1,0,0,0,0,0,0,0,0,0,0,0,0,0,0,0,0,0,0,0,0,,,0.263746444,0.112779833,0.004548894,0.001287927,0.000184276,0.000803064,0.007339889,7.36266e-06,0.00416942,0.015706233,0.039991553,6.51172e-05,0.000344929,2.0964e-05,0.035094258,0.011097276,0.000714987,0.003266665,0.001149362,0.024716389,0.000242856,0.003313481,5.53949e-05,0.044698871,0.010601239,0.000303361,0.006476249,0.005712787,0.000349812,0.000777989,0.00361145,0.063198472,0.002635174,0.01076388,0.028700008,0.000118803,0.002759721,0.004894396,0.003645292,0.004914866,0.000686255,0.000685766,0.002714001,8.84267e-05,0.271016606
Rome,ATO2 Wastewater Treatment Plant,Italy,73,2020-06-30 00:00:00,1015087_1,58,802,21,14,15,3,1,0,4,246,0,0,35,85,747,0,24,27,4,10,32,0,402,11,51,16,140,1,78,96,58,24,0,0,891,751,541,8,245,0,0,5,355,54,0,144,0,0,75,0,3,0,3,57,19,48,0,2465,0,498,55,41,88,0,0,53,11,175,2,63,174,5,66,0,7,0,5,101,9,13,22,2,0,18,0,0,2,2,4,8,274,652,46,0,4695,21,14,0,1,0,2,4,0,2,65,4,5,4,39,2,4,0,7,11,63,3,0,1,0,8,3,7,14,0,0,0,0,1,0,0,30,7,54,0,0,4,7,4,351,3,7,0,0,0,0,10,2,8,39,4,4,28,0,0,8,0,2,0,1,0,0,2,0,2,18,0,0,0,0,0,0,11,0,0,0,0,0,0,0,0,0,9,0,0,0,1,0,0,0,0,0,6,0,0,3,0,0,0,0,0,0,0,0,2,2,0,1,0,0,0,4,0,7,0,0,0,0,1,0,0,1,6,0,0,6,0,1,0,0,0,6,0,0,0,0,1,0,0,0,3,0,0,0,0,0,0,0,0,0,0,0,0,0,0,0,2,0,1,0,0,0,0,1,0,1,0,0,0,4,0,0,0,0,0,0,4,0,1,0,0,0,0,0,0,0,0,1,0,0,0,0,0,0,0,0,0,0,0,0,0,0,1,0,0,0,0,1,0,0,2,0,0,0,0,1,0,0,0,0,0,0,0,0,7,0,0,0,0,0,0,0,0,0,1,0,0,1,0,0,5,0,0,0,1,0,1,0,0,0,0,4,0,0,0,0,2,0,0,0,0,0,0,0,0,0,0,0,0,0,0,0,0,0,2,0,0,0,0,0,0,0,0,2,2,0,0,0,0,6,0,0,1,0,0,0,0,0,0,0,0,0,0,0,0,0,0,0,0,0,0,0,0,0,0,0,0,0,0,0,0,1,0,0,0,0,0,0,0,0,0,0,0,0,0,0,0,0,0,0,0,0,1,0,0,0,0,0,0,0,0,0,0,0,0,0,0,0,0,0,0,0,0,0,0,0,0,0,0,0,0,0,0,0,0,1,0,0,0,0,0,0,0,0,0,0,0,0,0,0,0,0,0,0,0,0,0,0,0,0,0,0,0,0,0,0,0,0,0,0,0,0,0,0,0,0,0,0,0,0,0,0,0,0,0,0,0,0,0,0,0,0,0,0,0,0,0,0,0,0,0,0,0,0,0,0,0,0,0,0,0,0,0,0,0,,,0.299259847,0.08325883,0.002054364,0.001437386,0.000207588,0.000358943,0.00989642,5.1266e-06,0.002838507,0.01903122,0.038957381,6.70386e-05,0.000114625,3.46088e-05,0.052978818,0.010318237,0.000664099,0.000245928,0.038011189,0.014283295,0.000116965,0.001137095,0.000793789,0.04600898,0.00289086,0.000549224,0.002806803,0.003767991,0.000123429,0.000377783,0.007372718,0.096593611,0.005691081,0.003048113,0.026204522,0.000136638,0.000683163,0.050431702,0.004863764,0.004231896,0.001883338,0.00017623,0.000671629,2.00078e-05,0.165395218
Rome,ATO2 Wastewater Treatment Plant,Italy,75,2020-07-14 00:00:00,1015089_1,45,480,19,4,4,4,0,0,4,165,0,0,20,76,876,0,13,11,1,13,18,0,158,5,12,12,96,3,24,83,45,12,2,0,609,471,172,2,182,0,0,0,299,35,3,134,0,1,30,0,3,0,0,30,27,28,0,1688,2,362,68,29,101,0,0,33,0,106,7,27,120,14,118,0,0,0,3,16,19,15,11,2,1,17,0,0,1,0,1,13,173,290,29,0,3020,18,42,0,0,1,1,0,0,5,23,9,3,5,43,0,0,0,3,37,59,6,0,1,5,5,6,11,3,0,5,0,0,1,0,0,39,4,35,0,0,1,4,7,102,0,3,10,0,1,1,6,0,9,17,4,2,17,0,0,2,3,0,0,1,0,0,2,0,3,3,3,0,0,0,0,0,9,0,0,1,0,3,0,0,0,0,1,0,1,0,0,1,0,0,0,4,5,0,0,0,0,0,0,0,0,0,0,4,1,0,0,2,0,0,0,3,0,17,0,1,0,0,1,0,0,1,2,1,0,5,9,0,0,0,4,1,0,0,0,0,0,0,0,2,4,1,0,0,0,1,0,0,0,0,0,4,0,0,0,0,2,0,1,0,1,0,0,0,0,0,6,0,0,7,0,0,0,0,0,0,1,1,0,0,0,0,0,0,0,0,0,1,0,0,0,0,0,0,0,0,0,0,0,0,0,0,0,0,0,0,0,0,0,0,0,0,0,0,0,0,0,0,0,0,0,1,0,0,3,0,0,0,0,0,0,0,0,0,0,0,0,0,0,0,15,0,0,0,0,0,0,0,0,0,0,1,0,4,0,0,1,0,0,0,0,0,0,0,0,0,0,0,0,1,0,0,0,0,0,0,0,0,0,0,0,0,0,4,0,0,0,0,0,7,0,0,0,0,0,0,0,0,0,0,0,0,0,0,1,1,1,3,0,0,0,0,0,0,0,0,0,0,0,0,0,0,0,0,0,0,0,0,0,0,0,0,0,0,0,0,0,0,0,0,0,0,0,0,0,0,0,0,0,0,0,0,0,0,0,0,0,0,0,0,0,0,0,0,0,0,0,0,0,0,0,0,0,0,0,0,0,0,0,0,0,0,0,0,0,0,0,0,0,0,0,0,0,0,0,0,0,0,0,0,0,0,0,0,0,0,0,0,0,0,0,0,0,0,0,0,0,0,0,0,0,0,0,0,0,0,0,0,0,0,0,0,0,0,0,0,0,0,0,0,0,0,0,0,0,0,0,0,0,0,0,0,0,0,0,,,0.170577341,0.044422576,0.000676289,0.000505703,7.68627e-05,9.55086e-05,0.005129267,1.47173e-06,0.001628463,0.003653564,0.007458238,8.79151e-05,6.72089e-05,5.76653e-06,0.024265027,0.00385228,0.000442122,0.00025368,0.027279344,0.018929263,7.29934e-05,0.000811097,1.96131e-05,0.053503159,0.002837496,0.000489934,0.003768752,0.004479681,9.6106e-05,0.000191134,0.003590837,0.355459427,0.002790607,0.007101074,0.087078166,7.74833e-05,0.000517711,0.019711533,0.002533945,0.004376602,0.000943657,0.000224508,0.000576685,1.39653e-06,0.139338513
Rome,ATO2 Wastewater Treatment Plant,Italy,78,2020-07-31 00:00:00,1015091_1,49,463,27,11,4,2,1,0,8,176,0,0,14,96,703,0,11,25,3,9,21,0,97,17,8,15,109,8,5,77,60,17,0,0,454,420,153,4,209,0,0,3,330,37,1,145,0,1,16,0,0,0,0,32,9,32,0,1589,0,340,80,32,54,0,1,21,2,131,2,48,122,26,186,0,2,0,2,22,10,31,23,4,0,16,5,0,1,0,1,16,157,466,17,0,2800,13,58,3,0,0,0,1,0,1,37,3,3,3,51,0,10,0,6,25,49,3,0,2,3,7,7,7,0,0,7,0,0,2,0,4,37,6,23,0,0,0,1,3,82,0,1,1,0,0,2,7,0,10,17,6,2,23,3,0,1,0,3,0,0,0,0,0,0,0,2,0,0,0,0,1,0,2,0,0,0,5,5,0,0,0,0,7,1,0,0,2,0,0,0,0,0,6,2,0,2,1,3,0,0,0,0,0,2,9,0,0,5,0,0,0,3,0,7,1,0,0,0,0,0,0,3,0,0,0,5,16,0,0,0,0,7,0,0,0,0,0,0,0,0,5,0,0,0,0,1,0,0,0,3,0,0,0,0,0,0,0,0,1,0,0,0,0,0,0,0,1,0,0,4,1,0,0,0,0,9,17,0,0,0,0,0,0,0,0,0,0,0,2,0,0,0,0,0,0,1,0,0,0,0,0,0,0,0,0,0,0,0,0,0,1,0,0,1,0,0,0,0,0,0,0,0,0,0,0,0,0,0,0,0,1,0,0,0,0,0,0,0,0,0,5,0,0,0,1,0,2,0,0,0,0,0,0,0,0,0,0,0,0,0,0,0,0,0,0,0,0,1,0,0,0,0,0,0,0,0,0,1,0,0,1,0,0,3,0,1,0,0,0,19,0,0,0,0,0,0,0,0,0,0,0,0,0,0,1,1,1,0,0,0,0,0,0,0,0,0,0,0,0,0,0,0,0,0,0,0,0,0,0,0,0,0,0,0,0,0,0,0,0,0,0,0,0,0,0,0,0,0,0,0,0,0,0,0,0,0,0,0,0,0,0,0,0,0,0,0,0,0,1,0,0,0,0,0,0,0,0,0,0,0,0,0,0,0,0,0,0,0,0,0,0,0,0,0,0,0,0,0,0,0,0,0,0,0,0,0,0,0,0,0,0,0,0,0,0,0,0,0,0,0,0,0,0,0,0,0,0,0,0,0,0,0,0,0,0,0,0,0,0,0,0,0,0,0,0,0,0,0,0,0,0,0,0,0,0,,,0.121070117,0.108506983,0.000581556,0.000881113,0.000101736,3.26164e-05,0.005223183,1.1521e-06,0.000700144,0.006625856,0.006752619,0.000101126,9.83896e-05,9.72686e-06,0.019341009,0.003696715,0.000256053,0.000271237,0.008379603,0.009376807,0.000106756,0.000591567,1.06792e-05,0.024127079,0.004723241,0.000476715,0.004624438,0.003982654,2.94853e-05,7.47195e-05,0.005658855,0.460280804,0.002317612,0.003478658,0.063821255,8.71489e-05,0.00039221,0.002731854,0.002868364,0.002360852,0.002262869,0.000157601,0.000628037,5.42607e-08,0.122198749
Rome,ATO2 Wastewater Treatment Plant,Italy,80,2020-08-13 00:00:00,1015093_1,0,43,3,1,3,2,0,0,0,7,0,0,0,38,111,0,0,1,0,3,0,0,8,7,6,0,15,4,0,8,27,3,0,0,3,55,4,4,38,0,0,0,41,2,0,28,0,1,2,0,1,0,0,8,0,0,0,155,0,53,3,6,5,0,0,11,2,21,0,6,11,28,133,0,0,0,22,0,0,36,5,0,2,0,0,0,0,1,0,1,10,5,2,0,261,0,21,0,0,2,3,0,0,1,0,0,2,1,21,0,0,0,9,0,3,6,0,0,3,1,0,1,0,0,0,0,0,0,0,0,2,2,2,1,1,0,4,1,4,0,0,0,0,0,0,0,0,0,0,3,0,0,0,0,0,0,0,0,0,0,0,7,0,0,0,0,0,0,0,0,0,0,0,0,0,0,4,0,0,0,0,0,0,0,0,0,0,0,0,0,0,1,0,0,0,1,0,0,0,0,0,0,0,3,0,0,0,0,0,0,0,0,0,0,0,0,0,1,0,0,0,0,0,0,0,17,0,0,1,0,3,0,0,0,0,0,0,0,0,0,0,0,0,0,0,0,0,0,0,0,0,0,0,0,0,0,0,0,0,0,0,0,0,0,0,0,0,0,0,0,0,0,0,0,0,0,0,0,0,0,0,0,0,0,0,0,0,0,0,0,0,4,0,0,0,0,0,0,0,0,0,0,0,0,0,0,1,0,0,0,0,0,0,0,0,0,0,0,0,0,0,0,0,0,2,0,0,0,0,0,0,0,0,0,0,0,0,0,0,0,0,0,0,0,0,0,0,0,0,0,0,0,0,0,0,0,0,0,0,0,0,0,0,0,0,0,0,0,0,0,0,0,0,0,0,0,0,0,0,0,0,0,0,3,0,0,0,0,2,0,0,0,0,0,0,0,0,0,0,0,0,0,0,0,0,0,0,0,0,0,0,0,0,0,0,0,0,0,0,0,0,0,0,0,0,0,0,0,0,0,0,0,0,0,0,0,0,0,0,0,0,0,0,0,0,0,0,0,0,0,0,0,0,0,0,0,0,0,0,0,0,0,0,0,0,0,0,0,0,0,0,0,0,0,0,0,0,0,0,0,0,0,1,0,0,0,0,0,0,0,0,0,0,0,0,0,0,0,0,0,0,0,0,0,0,0,0,0,0,0,0,0,0,0,0,0,0,0,0,0,0,0,0,0,0,0,0,0,0,0,0,0,0,0,0,0,0,0,0,0,0,0,0,0,0,0,0,0,0,0,0,0,0,0,,,0.008698257,0.001356189,0.000236567,8.95993e-05,3.38783e-05,2.2139e-05,0.003210041,1.26145e-07,0.000247954,9.84594e-05,0.002435701,0.000181262,0.000348769,1.40562e-06,7.10374e-05,0.001034388,5.8641e-05,3.60501e-05,0.002312868,8.33074e-05,3.57436e-06,0.000973203,6.06532e-06,0.000276943,0.000933433,6.59705e-05,0.00115724,0.000333157,1.95616e-05,6.25608e-05,0.001500451,0.899228742,0.002486058,0.001964871,0.026636308,1.74283e-05,7.60689e-05,0.001285789,0.002021335,0.00150843,2.33931e-05,6.01463e-05,8.95337e-05,5.89419e-08,0.038713035
Rome,ATO2 Wastewater Treatment Plant,Italy,82,2020-08-26 00:00:00,1015094_1,32,282,15,7,3,3,3,0,2,74,0,0,10,68,343,0,15,10,0,1,16,0,52,2,25,10,54,5,5,43,32,5,5,0,177,270,63,0,102,0,0,3,139,32,3,82,0,0,7,0,2,0,1,15,2,32,0,600,1,223,53,13,54,0,0,24,2,103,1,10,71,13,104,0,2,0,2,3,4,8,9,5,0,17,1,0,0,0,1,12,62,297,6,0,1091,12,31,0,0,0,0,0,0,0,18,2,4,5,21,1,2,0,6,3,46,7,0,2,3,3,7,2,3,0,7,0,0,3,0,0,26,8,8,0,0,0,1,2,71,0,1,9,0,0,2,2,0,3,13,2,3,30,0,0,0,0,0,0,0,0,0,8,0,0,6,0,0,0,0,0,0,2,0,0,0,0,5,0,0,0,0,1,1,0,0,2,0,0,0,0,3,4,2,0,1,0,0,0,0,0,0,0,0,0,0,0,0,0,0,0,0,0,3,0,1,0,0,0,0,0,0,3,0,0,2,2,0,0,0,0,1,0,0,0,0,1,0,0,1,13,0,0,0,0,2,0,0,0,0,0,0,2,1,0,1,1,0,9,0,0,0,0,0,0,0,0,0,0,1,0,0,0,0,0,2,5,0,0,0,0,0,0,0,0,0,0,0,1,0,0,0,2,0,0,0,0,0,0,0,0,0,2,1,0,0,0,0,0,0,0,0,0,0,0,0,0,0,0,0,0,0,0,0,1,0,0,0,0,0,0,0,0,0,0,0,0,0,0,0,9,0,0,0,0,0,0,0,0,0,0,0,0,1,0,0,0,0,0,0,0,0,0,0,0,0,0,0,0,0,0,0,0,0,0,0,0,0,0,0,0,0,0,0,1,0,0,0,0,6,0,0,0,0,0,0,0,0,0,0,0,0,0,0,1,0,0,0,0,0,0,0,0,2,0,0,0,0,0,0,0,0,0,0,0,0,0,0,0,0,0,0,0,0,0,0,0,0,0,0,0,0,0,0,0,0,0,0,0,0,0,0,0,0,0,0,0,0,0,0,0,0,0,0,0,1,0,0,0,0,0,0,0,0,0,0,0,0,0,0,0,0,0,0,0,0,0,0,0,0,0,0,0,0,0,0,1,0,0,0,0,0,0,0,0,0,0,0,0,0,0,0,0,0,0,0,0,0,0,0,0,0,0,0,0,0,0,0,0,0,0,0,0,0,0,0,0,0,0,0,0,0,0,0,0,0,0,0,0,0,0,0,0,0,0,,,0.121022449,0.051709675,0.000414927,0.00046293,0.000223696,5.84231e-05,0.004297751,2.5527e-06,0.001341217,0.005145344,0.006096484,0.000182491,9.61015e-05,2.08925e-05,0.016503208,0.005140284,0.00031467,0.000225715,0.045625029,0.008513539,9.311e-05,0.001307579,9.1738e-06,0.01425997,0.002627679,0.001117136,0.003307179,0.002872838,5.66175e-05,0.000116191,0.004566567,0.491547254,0.005084778,0.004753941,0.047099073,0.000100228,0.000338602,0.005455411,0.003352464,0.010561775,0.000517956,7.02187e-05,0.001036208,7.4474e-07,0.132349927
Rome,ATO2 Wastewater Treatment Plant,Italy,83,2020-09-08 00:00:00,1015096_1,48,413,22,10,6,5,1,0,5,72,0,0,38,94,456,0,5,40,2,4,13,2,93,10,60,24,59,3,14,62,46,10,2,0,329,413,150,13,149,0,0,6,255,31,1,135,0,0,45,0,3,1,8,40,6,35,0,1249,0,365,41,31,71,3,0,70,1,139,6,39,61,11,139,0,4,0,5,13,15,23,13,7,0,28,2,0,2,1,3,12,108,414,35,2,2016,12,12,0,0,0,0,4,0,4,19,5,2,9,58,0,1,0,3,8,43,3,0,0,1,2,2,3,6,0,1,0,0,1,0,0,19,7,16,0,0,4,2,1,116,0,1,0,0,2,0,6,0,7,11,2,7,14,1,0,1,0,0,0,0,0,0,0,0,0,9,0,0,0,0,0,0,1,0,0,0,0,2,0,0,0,3,0,0,0,0,1,2,0,0,0,0,7,1,0,4,0,0,0,0,0,0,0,1,2,0,0,8,0,0,0,0,0,8,1,0,0,0,1,0,0,1,8,1,0,0,11,0,0,0,1,8,0,0,0,0,1,0,0,0,4,0,0,0,0,4,0,0,0,0,0,0,0,0,0,0,0,0,3,0,0,0,0,0,0,1,0,0,0,2,0,0,0,0,0,6,7,0,0,1,0,0,0,0,0,0,0,0,2,0,0,0,0,0,0,0,0,1,0,0,0,0,1,1,0,0,0,0,0,0,2,0,0,0,0,0,0,0,0,0,0,0,0,0,1,0,0,0,0,0,0,0,0,0,0,0,0,0,0,0,4,0,0,0,0,0,0,0,0,0,0,0,0,0,3,0,1,0,0,0,0,0,0,0,0,0,0,1,0,0,0,0,0,0,0,0,0,1,0,0,0,0,0,3,1,1,2,1,1,9,0,0,0,0,0,0,0,0,0,0,0,0,0,0,0,0,0,0,0,0,0,0,0,0,0,0,0,0,0,0,0,0,0,0,0,0,0,0,0,0,0,0,0,0,0,0,0,0,0,0,0,0,0,0,0,0,0,0,0,0,0,0,0,0,0,0,0,0,0,0,0,0,0,0,0,0,0,0,0,0,0,0,0,0,0,0,0,0,0,0,0,0,0,0,0,0,0,0,0,0,0,0,0,0,0,0,0,0,0,0,0,0,0,0,0,0,0,0,0,0,0,0,0,0,0,0,0,0,0,0,0,0,0,0,0,0,0,0,0,0,0,0,0,0,0,0,0,0,0,0,0,0,0,0,0,0,0,0,0,0,0,0,0,0,0,,,0.132690968,0.057513723,0.001549048,0.001358449,0.00036665,0.00025091,0.004547775,1.17787e-05,0.000695202,0.006021722,0.009420499,0.000128295,9.14716e-05,0.001331331,0.078094134,0.006364016,0.000366323,0.000114157,0.066297645,0.028060088,0.000106629,0.002973392,1.578e-05,0.023602861,0.006787268,0.000389179,0.002894499,0.001984748,0.000547091,0.000428731,0.005367589,0.338669074,0.002257096,0.004244738,0.069282569,5.70157e-05,0.000731594,0.00831445,0.004505077,0.005052192,0.000312158,0.000168563,0.000744002,4.69875e-05,0.125242537
Rome,ATO2 Wastewater Treatment Plant,Italy,85,2020-09-22 00:00:00,1015098_1,38,253,37,10,6,3,0,0,0,115,0,0,13,63,708,0,8,14,4,7,5,1,90,14,7,28,69,6,14,52,89,6,0,0,338,226,150,2,210,1,1,10,256,52,1,143,0,1,12,0,2,0,2,32,4,36,0,730,0,286,44,35,61,0,0,28,2,112,2,30,89,23,202,0,0,0,1,0,11,17,24,4,0,26,0,0,0,1,0,25,124,218,26,0,1432,23,20,0,0,0,0,1,0,2,30,5,0,6,32,1,3,0,3,19,33,3,0,1,7,0,5,13,7,0,3,0,0,1,1,1,39,9,16,0,2,0,7,8,39,0,4,7,0,0,0,1,1,7,5,8,2,15,0,0,0,0,1,0,0,0,0,3,0,0,4,1,2,3,0,0,0,6,0,0,0,0,0,0,0,0,0,2,0,0,0,0,5,0,0,0,0,4,1,0,2,0,0,0,0,1,0,0,0,2,0,0,0,0,0,0,0,0,7,0,0,0,0,1,0,0,3,9,0,0,9,16,0,0,0,0,2,1,0,0,0,0,0,0,1,6,0,0,0,0,0,0,0,0,0,0,0,0,1,0,0,1,0,3,0,0,0,0,0,0,0,0,0,0,3,0,0,0,0,0,0,3,0,0,0,0,0,0,0,0,0,0,0,0,0,0,0,0,0,0,0,0,0,0,0,0,0,1,0,0,1,0,0,0,0,0,0,0,0,0,0,2,1,0,0,0,0,0,0,0,0,0,0,1,0,0,0,0,0,0,0,0,0,0,0,5,0,0,0,0,0,0,0,0,0,0,2,0,0,0,0,0,0,0,0,0,0,0,0,0,0,0,0,0,0,0,0,0,0,0,0,0,0,0,0,2,0,0,1,2,0,0,0,0,10,0,0,0,0,0,0,0,0,0,0,0,0,0,0,3,0,0,0,0,0,0,0,0,0,0,0,0,0,0,0,0,0,0,0,0,0,0,0,0,0,0,0,0,0,0,0,0,0,0,0,0,0,0,0,0,0,0,0,0,0,0,0,0,0,0,0,0,0,0,0,0,0,0,0,0,0,0,0,0,0,0,0,0,1,0,0,0,0,0,0,0,0,0,0,0,0,0,0,1,0,0,0,0,0,0,0,0,0,0,0,0,0,0,0,0,0,0,0,0,0,0,0,0,0,1,0,0,0,0,0,0,0,0,0,0,0,0,0,0,0,0,0,0,0,0,0,0,0,0,0,0,0,0,0,0,0,0,0,0,0,0,0,0,0,0,,,0.136282042,0.038235353,0.000577155,0.000793329,9.41014e-05,0.000125313,0.011816451,4.13212e-06,0.004104843,0.006672698,0.009049791,0.000116667,0.000167631,4.00827e-05,0.014364419,0.009261089,0.000477274,0.000279736,0.002616762,0.010279375,4.38959e-05,0.001257093,9.98126e-06,0.013041558,0.003407159,0.000479541,0.003926129,0.002550045,0.000141269,0.000215957,0.005664525,0.466805154,0.005988338,0.021594883,0.034205064,0.000110938,0.000590047,0.010479611,0.005120746,0.005321605,0.000469658,8.7615e-05,0.000778264,5.65504e-06,0.172347024
Rome,ATO2 Wastewater Treatment Plant,Italy,87,2020-10-06 00:00:00,1015100_1,62,328,6,1,14,1,1,0,5,97,0,0,25,37,1499,1,8,10,0,2,14,0,121,1,7,6,22,3,24,59,32,3,1,0,315,310,277,4,97,0,0,2,197,29,0,98,0,5,22,0,1,0,0,25,3,26,0,982,0,332,80,26,43,0,0,36,6,107,0,23,121,15,81,1,1,0,4,14,1,14,11,1,0,11,16,0,1,1,1,14,146,323,29,0,1752,7,20,0,0,0,0,2,0,1,27,3,2,3,30,0,1,0,9,24,32,4,0,0,0,1,1,3,1,0,3,0,0,1,0,0,29,7,37,0,0,0,5,2,96,0,0,4,0,0,1,2,0,6,15,1,3,18,0,0,3,0,0,0,0,0,0,0,0,0,5,0,1,1,2,0,0,4,0,0,0,0,2,0,0,0,0,4,0,0,0,0,0,0,0,0,0,4,0,0,1,0,0,0,0,0,0,2,0,0,0,0,2,0,0,0,0,0,0,0,0,0,0,0,0,0,3,0,1,0,0,0,0,0,0,1,0,0,0,0,0,3,0,0,0,6,0,0,0,0,4,0,0,0,0,0,0,0,1,0,0,1,0,3,0,0,2,0,0,0,1,0,0,0,1,0,0,0,0,0,1,4,0,0,0,0,0,0,0,0,0,0,0,0,0,0,0,0,0,0,0,0,0,0,0,0,0,0,0,0,0,0,0,0,0,1,0,0,0,0,0,0,0,0,0,0,0,0,0,1,0,0,0,0,0,0,0,0,0,0,0,0,0,0,0,9,0,0,0,0,0,0,0,0,0,0,0,0,0,0,0,1,0,0,1,0,0,0,0,0,0,0,0,0,0,0,0,0,0,0,0,0,0,0,0,0,0,0,0,0,0,0,0,1,6,0,0,0,0,0,0,0,0,0,0,0,0,0,0,0,1,0,0,0,0,0,0,0,0,0,0,0,0,0,0,0,0,0,0,0,1,0,0,0,0,0,0,0,0,0,0,0,0,0,0,0,0,0,0,0,0,0,1,0,0,0,0,0,0,0,0,0,0,0,0,0,0,0,0,0,0,0,0,0,0,0,0,0,0,0,0,0,0,0,0,0,0,0,0,0,0,0,0,0,0,0,0,0,0,0,0,0,0,0,0,0,0,0,0,0,0,0,0,0,0,0,0,0,0,0,0,0,0,0,0,0,0,0,0,0,0,0,0,0,0,0,0,0,0,0,0,0,0,0,0,0,0,0,0,0,0,0,0,0,0,0,0,0,0,0,,,0.143490669,0.05102285,0.001213864,0.000666967,0.000176327,0.001042622,0.004375714,1.95204e-06,0.003303178,0.002392827,0.017647264,6.36672e-05,0.000290588,6.26134e-06,0.062994696,0.018985762,0.003181238,9.43248e-05,0.00453808,0.009039778,4.37763e-05,0.000333018,8.20964e-06,0.0108218,0.001624692,0.000863346,0.002297391,0.002568173,0.000202673,0.000467487,0.003171725,0.155081781,0.001202857,0.039693897,0.010880095,0.000128932,0.000236977,0.017903752,0.005562411,0.030047676,0.000224602,0.000477856,0.000131395,3.33781e-07,0.391496514
Rome,ATO2 Wastewater Treatment Plant,Italy,90,2020-10-27 00:00:00,1015103_1,131,641,8,11,10,4,2,0,18,144,0,0,25,52,710,0,10,35,2,7,33,1,136,11,24,17,109,3,44,106,62,16,0,0,1027,577,239,5,238,1,0,6,300,49,0,136,0,3,30,0,6,0,6,40,3,27,0,2929,0,513,143,19,88,2,0,63,0,149,8,35,137,32,95,0,6,0,4,21,13,22,16,1,0,24,5,0,0,1,0,9,177,728,30,0,5040,12,25,0,0,2,0,3,0,1,41,3,5,4,37,1,5,0,5,3,90,3,0,2,0,6,3,2,2,0,5,0,0,2,2,0,26,2,68,0,0,0,3,6,223,0,1,1,0,2,0,1,0,6,33,3,2,21,1,0,4,0,3,0,0,0,2,4,1,0,34,0,0,1,1,0,0,21,0,0,0,2,3,0,2,0,1,1,0,0,0,1,0,0,0,0,2,4,0,0,2,0,0,1,0,0,0,0,1,0,0,0,7,0,0,0,2,0,11,0,1,0,0,0,0,0,0,2,2,0,3,4,0,0,0,0,6,0,1,0,0,2,0,0,0,4,1,0,0,0,4,0,0,0,0,0,0,4,0,0,4,0,0,3,0,0,0,0,3,0,1,2,0,0,5,0,0,0,0,0,0,3,0,0,0,0,0,0,0,0,0,0,1,0,0,0,0,0,0,0,0,0,0,0,0,0,0,0,0,0,0,0,0,0,0,0,0,0,0,0,0,1,0,0,0,0,0,0,0,8,1,0,0,0,0,1,0,0,0,0,0,0,0,0,0,12,0,0,0,0,0,3,0,0,0,0,0,0,0,0,0,0,0,0,0,0,0,0,0,0,0,0,0,0,0,0,0,0,0,0,0,0,1,0,0,0,0,0,8,0,0,0,0,1,17,1,1,2,0,0,0,0,0,0,0,0,0,0,0,0,0,0,0,0,0,0,0,0,1,0,0,0,0,0,0,0,0,0,0,0,0,0,0,0,0,0,0,0,0,0,0,0,0,0,0,0,0,0,0,0,0,0,0,0,0,0,0,0,0,0,0,0,0,0,0,0,0,0,0,0,0,0,0,0,0,0,0,0,0,0,0,0,0,0,0,0,1,0,0,0,0,0,0,0,0,0,0,0,0,0,0,0,0,0,0,0,0,0,0,0,0,0,0,0,0,0,0,0,0,0,0,0,0,0,0,0,0,0,0,0,0,0,0,0,0,0,0,0,0,0,0,0,0,0,0,0,0,0,0,0,0,0,0,1,0,0,0,0,0,0,,,0.259314062,0.081983994,0.001878753,0.001394005,0.000219415,0.000164926,0.010806463,3.31483e-06,0.002719707,0.006739282,0.014364639,6.20971e-05,7.44211e-05,0.000207321,0.032420158,0.007733487,0.000701374,0.000740307,0.004242467,0.026665693,0.000275952,0.001132042,1.4165e-05,0.035455353,0.01805257,0.000682231,0.003491274,0.00524972,0.000314537,0.000247796,0.003320082,0.235650441,0.009595428,0.01131519,0.021883788,0.000212659,0.000415132,0.006786446,0.006978291,0.005766052,0.000424648,0.000176579,0.001477774,1.35109e-05,0.17863245
Rome,ATO2 Wastewater Treatment Plant,Italy,92,2020-11-10 00:00:00,1015105_1,63,444,10,4,5,1,1,3,8,152,0,2,27,137,660,0,11,68,1,13,12,0,187,5,27,33,75,8,20,80,45,6,5,0,548,433,329,7,194,0,0,6,361,34,1,153,0,2,29,0,0,0,1,62,0,20,0,2084,0,456,69,21,58,0,0,52,6,113,2,40,132,6,128,3,2,0,3,21,24,15,18,3,1,19,0,0,0,0,4,6,186,437,39,1,3706,13,35,3,0,0,0,7,0,0,31,7,0,5,54,0,4,0,6,6,46,5,0,0,1,2,6,12,4,0,1,0,0,3,0,0,40,7,33,1,3,4,3,4,173,0,5,2,0,0,0,4,0,11,29,3,0,18,0,0,5,0,0,0,0,0,0,5,0,0,4,0,0,0,1,0,0,6,0,2,0,4,2,0,0,0,3,2,0,0,0,1,0,0,0,0,0,2,1,0,4,0,1,0,0,0,0,0,0,0,1,0,1,0,0,0,1,0,3,0,0,0,0,1,0,0,13,4,1,0,3,6,0,0,0,0,8,0,0,0,0,1,0,0,0,3,1,2,0,0,0,0,0,0,0,0,0,0,0,0,2,0,0,7,0,0,0,1,1,0,0,0,0,0,3,0,0,0,0,0,0,8,1,1,0,0,0,0,0,0,0,0,0,2,0,0,0,0,0,0,0,0,0,0,0,0,0,1,1,0,0,1,1,0,0,0,0,0,0,0,0,0,0,0,0,0,0,0,0,2,0,0,0,0,0,0,0,0,0,0,0,0,0,0,0,6,0,0,0,0,0,0,0,0,0,0,1,0,0,0,0,0,0,0,0,0,0,0,0,0,0,0,0,0,0,0,0,0,0,2,0,0,0,0,0,0,0,0,0,0,0,0,0,0,7,0,0,0,0,0,0,0,0,0,0,0,0,0,0,0,0,0,0,0,0,0,0,0,0,0,0,0,0,0,0,1,2,0,0,0,0,0,0,0,0,0,0,0,0,0,0,0,0,0,0,0,0,0,0,0,1,0,0,0,0,3,0,0,0,0,0,0,0,0,0,0,0,0,0,0,0,0,0,0,0,0,0,0,0,0,0,0,0,0,0,0,0,0,0,0,0,0,0,0,0,0,0,0,0,0,0,0,0,0,0,0,0,0,0,0,0,0,0,0,0,0,0,0,0,0,0,0,0,0,0,0,0,0,0,0,0,0,1,0,0,0,1,0,0,0,0,0,0,0,0,0,0,0,0,0,0,0,0,0,0,0,0,0,0,0,,,0.161585271,0.027027042,0.000665186,0.000935406,0.000105801,8.13884e-05,0.004395094,2.17059e-06,0.00121859,0.002843379,0.015006331,5.02184e-05,6.67075e-05,4.47396e-05,0.032426394,0.005011435,0.000319794,0.000380417,0.007960055,0.0183177,0.000102167,0.000703404,6.16051e-06,0.014139319,0.006776662,0.000240664,0.002878651,0.004489648,0.00010158,0.000150582,0.004353026,0.546351382,0.001777777,0.003981568,0.013867185,6.9851e-05,0.000310472,0.003104455,0.003325806,0.003103896,0.00047403,8.37382e-05,0.000914813,8.5376e-06,0.110241505
Rome,ATO2 Wastewater Treatment Plant,Italy,94,2020-11-24 00:00:00,1015107_1,26,281,9,6,11,1,1,0,8,43,0,0,7,20,278,0,1,7,1,1,14,0,58,1,13,3,32,4,23,35,19,6,11,0,401,251,95,1,51,0,0,0,109,22,0,40,0,0,10,0,0,0,1,20,0,20,0,761,0,265,53,10,23,1,0,43,0,64,2,5,53,15,68,0,5,0,1,0,1,22,3,1,0,3,0,0,0,0,0,3,59,234,8,0,1409,8,15,0,1,1,1,1,0,0,14,1,1,8,19,2,3,0,9,3,44,8,0,0,4,1,4,0,0,0,4,0,0,2,0,0,14,4,44,0,0,0,1,0,127,0,1,1,0,0,0,0,2,4,10,0,3,13,0,0,1,0,0,0,1,0,0,2,0,0,17,0,0,1,0,0,0,2,0,0,0,0,1,0,0,0,0,0,0,0,0,0,0,0,0,0,2,3,0,0,2,0,0,0,0,0,0,0,2,3,0,0,1,0,0,0,2,0,1,0,0,0,0,0,0,0,0,1,8,0,0,2,0,0,1,0,0,0,0,0,0,0,0,0,0,13,0,0,0,0,2,0,0,0,0,0,0,0,0,0,0,0,0,1,0,0,0,1,3,0,0,0,0,0,3,0,0,2,0,0,2,10,2,0,0,0,0,0,0,0,0,0,0,2,0,0,0,0,0,0,0,0,0,0,0,0,0,1,0,0,0,0,0,0,0,1,0,0,0,0,0,0,0,0,0,0,0,0,0,1,0,0,0,0,0,0,0,0,0,0,0,0,0,0,0,2,0,0,0,0,0,0,0,0,0,0,0,0,0,0,0,0,0,0,0,0,0,0,0,0,0,0,0,0,0,0,0,0,0,0,0,0,0,0,0,0,0,0,1,0,1,0,0,0,3,0,0,0,0,0,0,0,0,0,0,0,0,0,0,0,0,0,0,0,0,0,0,0,0,0,0,0,0,0,0,0,0,0,0,0,0,0,0,0,0,0,0,0,0,0,0,0,0,0,0,0,0,0,0,0,0,0,0,0,0,0,0,0,0,0,0,0,0,0,0,0,0,0,0,0,0,0,0,0,0,2,0,0,0,0,0,0,0,0,0,0,1,0,0,0,0,0,0,0,0,0,0,0,0,0,0,0,0,0,0,0,0,0,0,0,0,0,0,0,0,0,0,0,0,2,1,0,0,0,0,0,0,0,0,0,0,0,0,0,0,0,0,0,0,0,0,0,0,0,0,0,0,0,0,0,0,0,0,0,0,0,0,0,0,0,,,0.125485291,0.046044231,0.001723172,0.000559407,0.000139457,0.000156311,0.003767868,9.99645e-07,0.009413449,0.001628519,0.015409232,6.85321e-05,0.000143166,1.78134e-05,0.033185764,0.005509712,0.000206864,0.000101766,0.063454849,0.020473813,8.89794e-05,0.000248024,3.57589e-06,0.00517873,0.006506246,0.000300579,0.002664143,0.003873949,0.000136335,0.000221655,0.002782426,0.453939461,0.000998688,0.004273851,0.054124472,4.96574e-05,0.000127215,0.006106593,0.002674069,0.002592876,0.000122438,0.000127525,0.000739623,1.91625e-06,0.12462676
Rome,ATO2 Wastewater Treatment Plant,Italy,95,2020-12-01 00:00:00,1015108_1,124,558,11,6,7,2,3,0,4,139,0,0,10,74,525,0,6,71,2,3,28,0,267,1,28,29,48,4,45,76,45,21,2,0,888,544,423,6,163,3,0,6,227,33,0,122,0,2,63,0,3,0,1,36,4,33,0,3580,0,477,56,29,65,0,0,45,0,106,4,71,127,5,121,3,2,0,5,135,10,13,12,2,0,25,3,0,3,1,0,9,148,866,53,1,6195,15,15,0,0,0,0,4,0,1,24,1,1,7,31,0,4,0,2,5,83,2,0,1,1,3,9,2,3,0,7,0,0,1,0,0,12,3,55,0,1,1,3,4,296,0,7,3,0,1,0,2,2,4,37,4,2,38,2,0,4,1,0,0,0,0,0,2,0,1,28,1,0,0,1,0,0,4,0,0,0,0,2,0,1,0,0,7,0,0,0,2,1,0,0,0,1,5,2,0,2,0,0,0,0,0,0,2,0,3,1,0,3,0,0,0,3,0,1,0,0,0,0,0,0,0,0,1,0,0,2,10,0,0,0,0,4,0,0,0,0,0,0,0,2,8,1,0,0,0,0,0,0,0,0,0,0,0,0,0,2,0,0,2,0,0,0,0,0,0,1,0,0,0,6,0,0,0,0,0,1,8,0,0,0,0,0,0,0,0,0,0,1,0,0,0,0,0,0,0,0,0,0,0,0,0,0,0,0,0,0,0,0,0,0,2,0,0,0,0,0,0,0,0,0,0,0,0,0,2,0,0,0,0,0,0,0,0,0,0,0,0,0,0,0,4,0,0,0,1,0,1,0,0,0,0,0,0,0,0,0,2,0,0,0,0,0,0,0,0,1,0,0,0,0,0,0,0,0,0,0,0,0,0,0,0,0,0,1,0,0,0,0,1,12,0,0,0,0,0,0,0,0,0,0,0,0,0,0,1,0,0,0,0,0,0,0,0,0,0,0,0,0,0,0,0,0,0,0,0,0,0,0,0,0,0,0,0,0,0,0,0,0,0,0,0,0,0,0,0,0,0,1,0,0,0,0,0,0,0,0,0,0,0,0,0,0,0,0,0,0,0,0,0,0,0,0,0,0,0,0,0,0,0,0,0,0,0,0,0,0,0,0,0,0,0,0,0,0,0,0,0,0,0,0,0,0,0,0,0,0,0,0,0,0,0,0,0,0,0,0,0,0,0,0,0,0,0,0,0,0,0,0,0,0,0,0,0,0,0,0,0,0,0,0,0,0,0,0,0,0,0,0,0,0,0,0,0,0,0,,,0.172702696,0.068452681,0.001154858,0.001241473,0.000136875,0.000377973,0.004035166,1.58597e-06,0.001522618,0.010200975,0.015974556,8.8319e-05,0.000101033,8.7282e-06,0.11201603,0.00561071,0.00039913,0.000536554,0.009432868,0.118068016,0.000266069,0.000199301,1.56614e-05,0.031492737,0.003385121,0.000265994,0.003838688,0.003745179,8.88057e-05,0.000202028,0.006754926,0.271422831,0.002737352,0.003277248,0.017417274,0.000175455,0.000552993,0.001287739,0.004512866,0.002849903,0.000295477,0.000233933,0.002046759,5.84858e-06,0.120866966
Rome,ATO2 Wastewater Treatment Plant,Italy,97,2020-12-09 00:00:00,1015109_1,64,319,13,16,2,6,0,0,7,148,0,0,44,63,757,0,20,56,5,4,15,0,322,9,2,42,117,0,15,93,27,4,5,2,668,353,555,15,198,0,0,4,275,44,1,139,0,4,64,0,7,1,4,42,10,73,0,1587,0,356,83,39,88,0,0,53,2,100,8,70,128,6,78,1,3,0,5,20,15,3,2,1,0,26,2,0,1,4,0,6,139,540,66,0,3123,30,21,3,0,0,0,1,0,2,43,3,10,8,19,0,2,0,0,20,61,1,0,1,0,5,10,2,11,0,4,0,0,3,2,0,26,7,60,0,0,0,2,11,261,0,7,1,0,0,1,3,5,16,34,3,4,38,0,0,0,3,2,2,1,0,0,1,0,0,25,0,0,0,0,0,0,4,0,0,0,2,0,0,0,0,4,8,0,0,0,2,1,0,0,0,0,5,4,0,3,0,0,0,2,0,0,0,0,5,0,0,1,0,0,0,1,0,2,0,0,0,0,0,0,0,4,3,2,0,2,4,0,0,0,0,3,0,0,0,0,3,0,0,0,10,0,0,0,0,2,0,0,0,0,0,0,0,0,0,0,3,0,0,0,0,0,2,6,0,0,0,0,0,6,0,0,0,0,0,0,2,0,0,0,0,0,1,0,0,0,0,9,0,0,0,0,0,0,0,0,0,0,0,0,0,0,3,2,0,0,0,0,0,0,0,0,0,0,0,0,0,0,0,1,0,0,0,0,5,0,0,1,0,0,0,0,0,0,0,0,0,0,0,0,16,0,0,0,0,0,0,0,0,0,0,0,0,0,0,0,1,0,0,2,0,0,0,0,1,0,0,0,0,0,0,0,0,0,0,0,0,0,0,0,3,0,0,2,0,0,0,0,0,8,0,0,0,0,0,0,0,0,0,0,0,0,0,0,0,0,0,0,0,0,0,0,0,0,0,1,0,0,0,0,0,0,0,0,0,0,0,0,0,0,0,0,0,0,0,0,0,0,0,0,0,0,0,0,0,0,0,0,1,0,0,0,0,0,0,0,0,0,0,0,0,0,0,0,0,0,0,0,0,0,0,0,0,0,0,0,0,0,0,0,0,0,0,0,0,0,0,0,2,0,0,0,0,0,0,0,0,0,0,0,0,0,0,0,0,0,0,0,0,0,0,0,0,0,0,0,0,0,0,0,0,0,0,0,0,0,0,0,0,0,0,0,0,0,0,0,0,0,0,0,0,0,0,0,0,0,0,0,0,0,0,0,0,0,0,,,0.17608458,0.048063937,0.002189676,0.000935442,0.000523226,0.000180841,0.00165687,3.9463e-06,0.004569323,0.006215064,0.006785609,9.33195e-05,2.7696e-05,3.61918e-05,0.096156085,0.011394782,0.000582424,0.000289074,0.038619883,0.045721062,0.000162784,0.000181431,8.57323e-06,0.012122923,0.002515658,0.000770833,0.003509879,0.005159471,0.000191955,0.000357613,0.00228779,0.202042446,0.001518877,0.016361569,0.023129269,9.49219e-05,0.000389324,0.016638953,0.008126151,0.012448792,0.000234557,0.000198051,0.002162406,7.93259e-06,0.249248807
Rotterdam,Dokhaven,Netherlands,62,2020-04-08 00:00:00,1014139_1,44,391,118,22,84,315,79,2,1,270,2,1,1864,728,980,1,73,527,17,286,12,18,46,30,297,989,52,31,20,110,249,62,78,5,451,452,99,208,807,10,12,154,515,71,15,245,3,316,27,0,74,34,36,53,333,58,18,679,9,1137,51,122,254,2,20,1675,169,231,431,167,107,162,703,1,140,6,5,14,495,292,55,21,6,816,3,0,153,46,3,31,236,232,364,3,1357,396,35,58,0,37,140,53,2,21,38,264,68,24,109,5,6,0,56,56,15,87,0,4,9,36,8,2,40,1,6,0,3,128,2,0,2,26,19,7,11,0,49,0,8,0,2,2,2,7,3,41,1,2,7,14,71,43,36,0,61,3,25,2,1,0,1,20,0,10,10,2,19,4,0,3,6,0,1,1,12,193,16,4,0,0,5,0,7,5,34,9,2,0,0,0,2,28,9,5,1,18,0,2,7,1,0,8,16,31,13,9,0,4,3,0,0,8,0,1,7,0,6,8,0,0,0,13,0,0,37,31,14,0,0,1,16,3,22,2,0,1,0,1,0,0,1,1,1,0,0,0,0,0,1,0,2,0,1,0,0,3,0,3,0,3,0,10,3,1,0,2,0,0,0,6,0,0,0,0,0,0,4,1,0,0,0,3,0,1,0,0,0,2,0,0,0,8,0,2,0,0,0,4,0,0,0,0,0,1,0,0,10,1,0,1,0,0,1,0,0,0,2,0,0,1,1,0,0,0,4,1,0,0,0,7,0,0,0,4,1,0,0,0,0,0,0,0,0,2,0,5,0,0,0,0,3,0,0,0,0,1,0,0,2,0,0,0,0,0,0,0,0,0,1,0,0,0,2,0,0,0,0,0,0,0,0,0,0,0,0,0,0,0,0,1,0,1,0,0,0,0,0,0,3,0,0,1,0,15,0,0,0,0,0,0,1,0,0,0,0,0,0,0,0,1,0,0,0,0,0,2,0,0,0,0,0,0,0,0,0,0,0,0,0,0,1,0,0,0,0,0,0,0,0,0,0,0,0,1,0,0,0,0,0,0,1,0,0,0,0,0,0,0,0,0,0,0,0,0,0,0,0,0,0,0,0,0,0,0,0,0,0,0,0,0,0,0,0,0,0,0,0,0,0,0,0,0,0,0,0,0,1,0,0,0,0,0,0,0,0,0,0,0,0,0,0,0,0,0,0,0,0,0,0,0,0,0,1,0,0,0,0,0,0,0,0,0,0,0,0,0,0,0,0,0,0,0,0,0,,,0.116991846,0.024420544,0.011880321,0.014875503,0.000421683,0.003988099,0.018044334,1.30594e-05,0.001783221,0.014098819,0.014948155,7.96279e-05,0.002185934,8.16335e-06,0.007720471,0.01513959,0.001525912,0.004895996,0.000639618,0.001927273,0.030830763,0.003899289,1.38892e-05,0.001177911,0.005660484,0.000573121,0.020965236,0.003631546,0.011685068,0.032874927,0.025760635,0.014761413,0.002327394,0.024832927,0.001117283,0.000195707,0.004971815,0.000705579,0.012390036,0.00602192,0.002421497,0.006871664,0.043432293,7.56545e-07,0.487288677
Rotterdam,Dokhaven,Netherlands,64,2020-04-23 00:00:00,1014141_1,56,1241,149,27,78,256,59,5,0,419,8,0,1546,1125,1008,1,80,358,46,286,2,19,42,38,453,690,32,36,25,115,242,118,52,0,282,1294,84,195,1362,0,5,107,1013,83,20,211,1,239,37,0,39,19,16,134,267,80,26,761,0,1827,82,133,465,4,27,1117,332,189,381,132,107,149,1062,2,252,8,3,24,414,199,100,18,21,668,4,0,115,56,3,20,212,234,361,2,1359,870,30,31,0,34,44,57,1,56,19,256,123,26,266,3,2,0,36,112,20,74,0,18,21,29,7,1,39,0,1,0,5,168,0,7,7,24,20,0,11,0,39,0,15,0,2,0,3,4,8,33,0,18,9,12,140,66,144,0,103,7,21,2,4,0,0,11,3,17,12,4,25,7,1,12,6,0,0,0,18,296,10,2,1,0,6,2,6,1,48,6,4,0,0,2,8,23,2,5,1,27,0,4,2,0,0,20,22,102,19,1,1,10,4,0,0,2,0,0,7,1,2,13,0,0,0,11,0,0,38,49,11,0,0,0,21,2,62,4,0,1,0,0,0,2,0,2,2,0,0,0,0,0,0,0,3,0,1,2,0,4,0,2,0,0,0,22,0,0,1,10,0,0,7,0,0,1,0,0,0,1,2,4,0,0,0,6,0,0,0,0,0,0,0,2,0,8,0,0,0,0,0,4,2,0,1,5,0,0,0,0,5,1,0,2,0,0,0,0,2,0,0,0,0,1,0,0,1,0,2,1,0,0,0,5,0,0,0,11,1,0,0,0,0,0,2,0,0,3,0,3,0,0,0,0,7,0,1,5,0,0,0,0,3,0,0,1,0,0,0,0,0,0,0,0,0,0,2,0,0,0,0,0,1,0,1,0,0,0,1,0,0,0,0,1,0,0,0,0,0,0,0,0,0,0,0,0,0,28,1,0,0,0,0,0,0,0,0,0,0,0,0,0,0,0,0,0,0,0,0,0,0,0,0,0,0,0,0,0,0,0,0,0,0,0,0,0,1,0,0,0,0,0,0,0,0,0,0,0,0,0,0,0,1,0,0,0,0,0,1,0,0,0,0,0,0,0,0,0,0,0,0,0,0,0,0,0,0,0,0,0,0,0,0,0,0,0,0,0,0,0,0,0,0,0,1,0,0,0,0,0,0,0,0,0,0,0,0,0,0,0,0,0,0,0,0,0,0,0,1,0,0,0,0,0,0,0,0,0,0,0,0,0,0,0,0,0,0,0,0,0,0,0,0,0,0,0,0,0,,,0.114493738,0.015609889,0.027986777,0.019896713,0.000662978,0.006133589,0.021948515,7.1369e-06,0.00269054,0.028714096,0.013405508,9.42149e-05,0.001310256,3.69128e-06,0.004059191,0.016259298,0.00119091,0.003300678,0.000502161,0.002632272,0.021017036,0.002081294,6.7832e-06,0.000859895,0.002588228,0.001278241,0.017624168,0.004577588,0.008308264,0.017864232,0.019261305,0.01130257,0.002360351,0.012218828,0.000450026,0.000255214,0.001848968,0.001154708,0.009329268,0.005839637,0.001109204,0.016313269,0.042104674,2.10601e-06,0.51934199
Rotterdam,Dokhaven,Netherlands,65,2020-05-04 00:00:00,1014143_1,19,709,84,9,35,60,21,1,0,197,4,0,189,404,1245,0,1103,62,8,97,2,7,30,56,142,189,54,16,12,75,120,23,16,0,174,757,88,25,664,0,1,33,382,44,1,193,0,17,17,0,32,7,4,98,80,38,3,542,1,740,117,135,217,1,4,278,93,134,98,45,57,41,333,0,85,8,4,10,132,108,40,6,6,212,5,0,18,35,0,18,253,124,68,0,875,222,36,3,0,12,12,27,2,18,18,88,29,0,133,0,31,0,15,41,16,20,0,3,17,21,13,2,27,0,1,0,0,69,0,1,0,9,7,0,2,0,21,3,1,0,2,0,1,2,2,18,0,6,2,2,51,27,30,0,10,2,11,0,0,0,0,4,0,4,3,5,7,0,0,2,3,0,0,0,3,15,9,0,0,0,0,0,1,1,9,4,2,0,0,0,0,22,0,2,0,6,0,0,0,0,0,6,17,20,4,1,0,0,2,0,0,0,1,0,0,0,3,8,0,0,0,5,2,0,23,26,1,0,0,2,23,5,15,0,0,1,0,0,0,0,3,0,3,0,0,0,0,0,1,0,0,0,1,0,0,3,0,0,0,2,0,13,0,0,2,4,1,0,1,0,0,0,0,0,0,0,1,3,0,0,0,1,1,0,0,1,0,1,0,0,0,1,0,0,0,0,0,0,0,0,0,2,0,0,0,0,0,0,0,0,0,0,0,0,1,0,0,0,0,1,0,0,0,0,0,0,0,0,0,7,0,0,0,7,0,0,0,0,0,0,0,0,0,2,0,2,0,0,0,0,1,0,0,2,0,0,0,0,0,0,0,0,0,0,0,0,0,0,0,0,0,0,1,0,0,0,0,0,0,0,0,0,0,0,0,0,0,0,0,0,0,0,0,0,0,0,0,0,0,0,0,0,0,13,3,0,0,0,0,0,1,0,0,0,0,0,0,0,0,0,0,11,2,1,1,0,0,0,0,0,0,0,0,0,0,0,0,0,0,0,0,0,0,0,0,0,0,0,0,0,0,0,0,0,0,0,0,0,0,0,0,0,0,0,0,0,0,0,0,0,0,0,0,0,0,0,0,0,0,0,0,0,0,0,0,0,0,0,0,0,0,0,0,0,0,0,0,0,0,0,0,0,0,0,0,0,0,0,0,0,0,0,0,0,0,0,0,0,0,0,0,0,0,0,0,0,0,0,0,0,0,0,0,0,0,0,0,0,0,0,0,0,0,0,0,0,0,0,0,0,0,0,0,0,,,0.202235567,0.017101703,0.013337768,0.009358939,0.001908,0.001865174,0.008988495,6.53688e-06,0.001765006,0.006399893,0.006056786,0.000238541,0.001360124,6.23334e-06,0.004500043,0.023794727,0.003726881,0.002539103,0.00036139,0.001790024,0.001182301,0.007815692,8.74348e-06,0.00035783,0.0021057,0.05901469,0.016262192,0.002494838,0.001683745,0.003572491,0.013867037,0.012663868,0.001470571,0.017462673,0.000238057,0.000274961,0.000623095,0.001211166,0.018538898,0.021084962,0.061410735,0.012280775,0.002112919,7.96948e-07,0.434920331
Rotterdam,Dokhaven,Netherlands,68,2020-05-21 00:00:00,1014145_1,86,1116,233,35,86,178,70,1,1,490,4,0,1016,1345,1005,2,127,210,36,207,8,21,51,52,386,589,66,32,36,138,228,187,32,0,287,1114,101,147,1511,3,2,109,1090,125,10,248,1,106,43,0,59,19,24,61,218,120,25,788,5,2609,107,202,527,3,29,962,295,260,356,94,118,153,973,0,215,4,1,22,368,343,119,18,15,604,8,0,76,46,5,29,304,264,234,3,1458,725,39,8,0,24,57,46,2,55,49,236,102,15,381,0,9,0,74,77,16,111,0,25,24,34,8,14,36,0,8,0,3,170,0,1,5,35,21,3,12,0,63,2,15,0,0,12,0,0,6,64,1,3,7,16,120,62,103,0,95,7,18,1,1,0,4,26,0,15,8,7,25,10,2,4,18,1,0,0,21,285,32,0,0,0,4,0,13,3,67,16,4,0,0,0,4,45,8,1,1,31,1,8,1,2,0,13,21,79,12,3,1,4,0,0,1,7,2,2,13,0,5,28,0,0,0,6,0,0,63,49,4,0,0,4,31,0,91,1,0,0,0,0,0,0,1,6,5,0,1,0,0,0,0,0,4,0,4,0,0,6,0,8,0,0,0,27,7,0,1,8,0,0,11,9,0,0,0,0,0,1,5,0,0,0,0,1,1,1,0,1,0,1,0,0,0,9,0,0,0,0,0,1,0,0,0,3,0,0,0,0,5,1,0,0,0,0,0,0,1,0,4,0,0,8,10,0,1,0,3,0,0,0,0,5,0,0,0,10,1,0,0,0,0,0,0,0,0,4,0,2,0,3,0,0,4,0,0,1,0,0,0,0,1,0,0,0,0,0,0,0,0,0,0,0,0,0,1,0,0,0,0,0,0,0,0,0,1,0,0,0,0,0,0,6,0,3,0,2,1,0,0,0,0,0,0,0,0,25,0,0,0,4,0,0,0,0,0,0,0,0,0,0,0,0,0,0,0,0,0,0,0,0,0,0,0,0,0,1,0,0,0,0,0,0,0,0,1,0,0,0,0,0,0,0,0,0,0,0,0,1,1,1,1,1,0,0,0,0,0,0,0,0,0,0,0,0,0,0,0,0,0,0,0,0,0,0,0,0,0,0,0,0,0,0,0,0,0,0,0,0,0,0,0,0,0,0,0,0,0,0,0,0,0,0,0,0,0,0,0,0,0,0,0,0,0,0,0,0,0,0,0,0,0,0,0,0,0,0,0,0,0,0,0,0,0,0,0,0,0,0,0,0,0,0,0,0,0,0,,,0.109116643,0.018569952,0.025231275,0.029906794,0.000183167,0.004019515,0.020408929,1.71359e-05,0.001298152,0.011456951,0.010953053,0.000234887,0.002707852,9.38136e-06,0.003345927,0.024378933,0.004639623,0.001445815,0.000776758,0.003421554,0.008236888,0.002492759,9.4488e-06,0.001306014,0.005473843,0.001617437,0.013994526,0.001918551,0.007323644,0.011837557,0.033727816,0.011683706,0.002577765,0.004710176,0.000344427,0.000277228,0.002712909,0.001110877,0.012932327,0.006467898,0.001084595,0.026001133,0.012727751,1.08505e-06,0.557307341
Rotterdam,Dokhaven,Netherlands,70,2020-06-03 00:00:00,1014146_1,40,669,195,33,80,187,56,0,0,455,0,0,681,1742,1135,0,127,115,62,211,16,12,46,46,439,481,45,31,12,125,253,211,35,0,187,805,104,84,1629,1,1,102,1047,127,8,259,0,115,27,0,54,8,13,79,228,70,8,575,0,2664,93,172,498,2,15,824,287,199,288,98,100,135,1055,0,260,8,6,10,320,354,139,16,20,384,6,0,84,58,0,47,265,135,202,0,1094,810,23,9,0,32,59,51,1,61,57,268,121,9,345,0,13,0,89,95,17,89,0,20,27,28,17,6,42,0,5,0,1,219,0,4,1,22,18,2,8,0,78,0,18,0,0,14,0,8,8,77,1,4,18,12,172,76,118,0,62,9,38,1,3,0,0,28,0,17,6,5,11,7,1,6,23,2,0,0,3,269,26,0,0,0,1,1,7,1,61,5,4,0,0,0,8,28,7,4,3,17,2,6,4,0,0,9,38,81,27,2,0,1,0,0,0,10,0,0,4,0,3,17,0,0,0,9,0,0,26,76,1,0,0,1,18,5,58,2,0,2,0,2,0,0,3,1,3,0,1,0,0,0,1,0,4,0,5,3,0,10,0,1,0,2,0,30,0,0,0,4,0,2,7,2,0,1,2,0,0,1,3,0,0,0,0,7,1,0,1,2,0,0,0,0,0,9,0,0,0,0,0,0,0,2,0,4,0,0,0,0,0,0,0,3,0,0,0,0,2,0,0,0,0,5,4,0,0,3,3,1,0,0,0,6,0,0,0,10,0,0,0,0,1,2,1,0,0,6,0,3,1,0,0,0,4,1,0,3,0,0,0,0,2,0,0,0,0,0,0,0,0,0,0,0,0,0,5,0,0,0,0,0,0,0,0,0,0,0,2,0,0,0,0,1,1,2,0,1,0,0,0,0,0,0,0,0,0,34,1,0,0,1,0,0,0,0,0,0,0,0,0,0,0,0,0,1,0,1,0,0,0,0,0,0,0,0,1,2,0,0,0,0,0,0,0,0,3,2,0,0,0,0,0,0,0,0,0,0,0,0,0,0,0,0,0,0,0,0,0,0,0,0,0,0,0,0,0,0,0,0,0,0,0,0,0,0,0,0,0,0,0,0,0,0,0,0,0,0,0,0,0,0,0,0,0,0,0,0,0,0,0,0,0,0,0,0,0,0,0,0,0,0,0,0,0,0,0,0,0,0,0,0,0,0,0,0,0,0,0,0,0,0,0,0,0,0,0,0,0,0,0,0,0,0,0,0,0,0,,,0.125846465,0.017000815,0.031027453,0.011869885,0.000340541,0.003200935,0.019315765,2.54765e-05,0.007567453,0.005939681,0.023623776,0.000192661,0.001988639,1.70963e-05,0.003599233,0.041659636,0.012673624,0.001134191,0.000905102,0.00109909,0.002476986,0.005201994,1.06252e-05,0.000651469,0.004670614,0.002549401,0.021132615,0.006440767,0.005016494,0.01261637,0.037121195,0.014823269,0.004124395,0.007259302,0.000472271,0.00019531,0.002255935,0.000785546,0.008103991,0.008976031,0.001994067,0.033594423,0.006354836,7.26128e-07,0.504143848
Rotterdam,Dokhaven,Netherlands,73,2020-06-24 00:00:00,1014149_1,19,381,123,12,53,61,6,12,4,277,6,0,598,864,902,0,80,52,15,120,13,2,23,19,207,295,100,20,36,99,199,104,21,0,125,464,49,157,990,2,3,55,663,69,1,336,2,36,13,0,23,4,7,90,77,75,5,401,4,1620,58,108,257,1,24,392,101,236,171,63,92,168,519,1,73,0,0,8,164,323,73,5,15,255,0,0,50,39,1,16,316,80,138,0,740,359,39,0,2,14,60,25,0,27,43,101,47,8,279,0,2,0,72,47,7,96,0,18,16,22,4,12,46,0,0,0,2,73,0,0,0,6,8,3,5,3,73,4,6,0,0,5,0,2,4,27,0,8,6,5,71,43,51,0,135,2,35,1,0,0,0,26,0,18,43,4,18,9,1,8,23,3,0,0,21,135,11,0,1,0,0,0,7,3,35,14,0,0,0,0,2,29,0,2,3,18,0,9,0,1,0,6,25,162,8,0,0,4,0,0,2,9,8,0,3,0,0,21,0,0,1,9,2,0,95,7,5,0,0,3,16,2,90,0,0,1,0,0,1,0,1,0,7,0,1,0,0,0,0,0,5,0,1,0,0,3,0,3,0,1,0,15,0,0,0,5,0,2,4,2,0,2,0,0,0,0,2,0,0,0,0,2,1,0,0,1,1,1,0,0,0,18,0,0,0,0,0,0,0,0,0,0,0,0,0,0,2,0,0,2,0,0,1,0,2,0,1,3,0,1,1,0,0,0,0,0,0,0,0,0,0,0,0,7,0,0,0,0,0,0,0,0,0,2,0,3,0,0,0,0,2,2,0,3,0,0,0,0,4,0,0,0,0,0,0,0,0,0,0,0,0,0,2,0,0,0,0,0,0,0,0,0,0,0,0,0,0,0,0,0,0,1,2,3,1,0,0,0,0,0,0,2,0,14,3,0,0,0,0,0,0,1,0,0,0,0,0,0,0,1,2,0,0,1,0,0,0,0,0,0,0,0,1,4,0,1,1,4,0,0,0,0,0,0,0,0,0,0,0,0,0,0,0,0,0,0,0,0,0,0,0,0,0,0,0,0,0,0,0,0,0,0,0,0,0,0,0,0,0,0,0,0,0,0,0,0,0,0,0,0,0,0,0,0,0,0,0,0,0,0,0,0,0,0,0,0,0,0,0,0,0,0,0,0,0,0,0,0,0,0,0,0,0,0,0,0,0,0,0,0,0,0,0,0,0,0,0,0,0,0,0,0,0,0,0,0,0,0,0,0,0,0,0,0,,,0.077049877,0.013451972,0.030665995,0.034839912,0.000141206,0.003185522,0.021124251,5.47815e-06,0.001783567,0.005876969,0.013143683,0.000115024,0.002679573,3.52242e-05,0.002783662,0.051634059,0.029216563,0.000521628,0.004835309,0.00106323,0.001517223,0.002304968,5.79748e-06,0.000895294,0.005487893,0.000996543,0.016356346,0.00118527,0.004422334,0.008238175,0.037107073,0.124956169,0.003367282,0.00768689,0.003988314,0.000129624,0.000618601,0.001042102,0.010693378,0.012126846,0.000683637,0.018668119,0.004133815,8.91042e-07,0.439234713
Rotterdam,Dokhaven,Netherlands,74,2020-07-06 00:00:00,1014151_1,42,574,127,48,77,129,48,7,1,431,2,0,604,1518,1421,0,74,50,60,121,4,10,42,38,290,314,27,14,52,172,206,90,41,0,239,574,88,89,1369,0,11,56,934,98,1,176,1,113,27,0,29,2,13,39,152,50,1,440,18,2654,68,130,407,5,1,682,224,262,160,80,95,168,710,0,164,2,2,20,185,517,98,7,28,299,0,0,44,39,5,21,239,167,172,0,839,644,25,0,0,28,73,44,0,133,31,150,146,10,433,0,10,0,124,63,24,173,0,24,29,14,5,8,14,0,42,0,0,164,0,0,5,27,9,12,3,2,89,3,14,0,1,12,1,2,3,83,0,13,19,18,73,44,54,0,48,11,60,1,1,0,2,54,5,17,4,3,19,7,1,18,57,2,0,0,15,225,14,0,1,0,0,0,3,1,38,27,4,0,0,0,5,19,0,9,3,18,1,2,3,0,0,11,26,65,14,4,1,7,1,0,0,7,0,0,1,0,1,18,0,0,0,3,1,0,42,102,2,0,0,0,16,8,30,0,1,2,0,0,5,0,0,4,10,0,1,0,0,0,4,0,3,0,4,0,0,1,0,1,0,2,0,15,37,0,0,7,3,0,5,3,2,0,0,0,0,1,21,0,0,0,0,3,1,1,0,1,0,0,0,0,0,10,2,0,0,0,0,1,1,0,0,0,0,0,0,0,3,0,0,2,0,0,0,0,1,0,0,1,0,3,9,0,0,4,2,0,0,1,0,0,0,0,0,11,0,0,0,0,0,0,0,0,0,10,0,8,1,0,0,0,6,0,2,3,0,0,2,0,7,0,0,0,0,0,0,0,0,0,0,0,0,0,8,0,0,0,0,0,0,0,0,0,0,0,1,0,0,0,0,4,0,1,0,3,3,0,2,0,0,0,0,3,0,27,0,0,0,0,0,0,0,0,0,0,0,1,0,0,0,1,1,0,0,0,0,0,0,0,0,0,0,2,0,0,0,0,0,2,0,0,0,0,0,0,0,0,0,0,0,0,0,0,0,0,0,0,0,0,1,1,0,2,0,0,0,0,0,0,0,0,0,0,0,0,0,0,0,0,0,0,0,0,0,0,0,0,0,0,0,0,0,1,0,0,0,0,0,0,0,0,0,0,0,0,0,0,2,0,0,0,0,0,0,0,0,0,0,0,0,0,0,0,0,0,0,0,0,0,1,0,0,0,0,0,0,0,0,0,0,0,0,0,0,0,0,0,0,0,0,0,0,0,0,0,,,0.081182167,0.017388994,0.029168859,0.006574074,0.000255299,0.003819545,0.010720233,8.17468e-06,0.002338393,0.006435852,0.015340002,0.000705519,0.002758656,8.07924e-06,0.003370294,0.010773834,0.077333948,0.000244981,0.001442752,0.001121187,0.000347001,0.003824299,1.04298e-05,0.002104351,0.003712365,0.003945206,0.011494601,0.001864232,0.004799852,0.010447994,0.017570073,0.014289718,0.002848918,0.014025296,0.001292259,0.000267618,0.000801616,0.001120588,0.011259708,0.01166842,0.001439262,0.106762038,0.000597796,2.91359e-06,0.5025126
Rotterdam,Dokhaven,Netherlands,77,2020-07-24 00:00:00,1014154_1,48,410,156,36,71,121,38,0,2,302,9,0,981,989,965,1,50,75,36,107,6,10,74,44,160,441,44,26,53,152,241,49,25,2,142,385,136,281,1024,4,4,84,699,100,5,194,0,65,41,0,24,15,19,53,140,117,12,540,6,1694,56,135,339,3,94,396,106,217,261,122,74,106,490,4,84,3,4,17,244,245,95,11,6,346,0,0,33,53,0,20,249,188,273,0,988,338,45,0,1,7,33,19,2,25,33,198,74,13,276,0,0,0,73,28,27,88,0,28,21,20,5,6,73,0,11,0,1,95,0,1,2,12,9,1,7,4,32,1,5,0,2,6,2,5,7,55,1,3,9,13,44,44,31,0,56,3,28,1,2,0,2,31,0,11,28,7,14,6,0,1,33,1,0,3,12,212,3,0,0,0,3,0,10,1,17,11,9,0,0,0,14,39,2,2,3,11,1,7,0,0,0,6,9,69,7,1,0,14,1,0,2,8,2,0,1,0,2,10,0,0,0,10,0,0,177,37,2,0,0,2,7,6,52,2,0,4,0,0,1,4,1,0,8,0,0,0,0,0,0,0,5,0,1,2,0,6,0,11,0,0,0,18,1,0,0,5,0,1,8,0,0,0,0,0,0,0,0,0,0,0,0,1,2,0,0,0,0,1,0,0,0,4,0,2,0,0,0,1,0,0,0,1,0,1,0,0,2,0,0,1,0,0,0,0,0,3,0,0,0,2,2,0,0,2,1,0,0,0,0,1,0,0,0,9,0,0,0,0,0,0,0,0,0,3,0,4,0,0,0,0,4,0,0,2,0,1,0,0,2,0,0,0,0,0,0,0,0,1,0,0,0,0,2,2,0,0,0,0,0,0,0,0,3,0,4,0,0,0,0,0,0,0,2,2,0,0,0,0,0,0,0,0,0,6,0,0,1,0,0,0,0,1,0,0,0,1,0,0,0,0,0,0,0,0,0,1,0,0,0,0,0,0,0,2,0,0,0,0,0,0,0,0,0,0,0,0,0,0,0,0,0,0,0,0,0,0,0,0,0,0,0,0,0,0,0,0,0,0,0,0,0,0,0,2,0,0,0,0,0,0,0,0,0,0,0,0,0,0,0,0,0,0,0,0,0,0,0,0,0,0,0,0,0,0,0,0,0,0,0,0,0,0,0,0,0,0,0,0,0,0,0,0,0,0,0,0,0,0,0,0,0,0,0,0,0,0,0,0,0,0,0,0,0,0,0,1,1,0,0,0,0,0,0,0,,,0.086126103,0.014416349,0.012281045,0.031033474,0.000140592,0.003448297,0.011126395,1.37129e-05,0.00109313,0.015137747,0.013607595,0.005029515,0.001094473,7.03776e-06,0.003541725,0.016231168,0.00908002,0.000635958,0.001485731,0.001691935,0.011706778,0.005773843,8.78662e-06,0.000714619,0.002596926,0.00430767,0.011496803,0.000514147,0.005229847,0.011209769,0.02777236,0.026622312,0.00289633,0.009847357,0.010218797,0.000130108,0.00179572,0.000760573,0.007566104,0.007283101,0.003442378,0.021335048,0.006413238,1.86919e-06,0.593133516
Rotterdam,Dokhaven,Netherlands,79,2020-08-05 00:00:00,1014156_1,20,268,75,26,44,60,23,0,2,334,0,0,439,800,1537,0,84,23,32,79,4,4,52,39,181,252,36,15,29,131,142,73,9,0,93,265,114,64,875,1,4,43,777,114,5,124,1,25,29,0,16,3,11,97,90,41,4,407,4,1637,57,106,280,6,4,246,139,187,141,103,80,88,498,0,91,3,0,14,149,175,62,3,10,177,0,0,36,46,1,53,269,112,135,0,837,359,67,0,0,6,37,20,0,36,21,84,55,3,330,0,6,0,52,34,23,64,0,22,12,16,7,6,39,0,30,0,0,95,0,0,0,20,4,3,0,0,42,4,3,0,5,4,0,3,2,39,7,3,9,21,57,56,45,0,42,5,31,1,2,0,2,11,0,14,9,1,19,2,0,1,15,0,0,0,8,178,13,1,1,1,0,2,7,2,29,17,3,0,0,0,6,15,3,4,1,10,2,3,0,0,0,0,11,58,15,0,0,3,0,0,3,8,0,0,6,0,3,14,0,0,0,6,0,0,37,30,2,0,0,0,10,9,31,0,0,5,0,0,2,3,5,0,1,0,1,0,0,0,0,0,3,0,0,0,0,3,1,0,0,0,0,22,1,0,0,3,0,4,0,4,0,1,0,0,0,0,1,0,0,0,0,5,1,0,0,2,0,0,0,0,0,4,0,0,0,0,0,0,0,0,5,0,0,0,0,0,3,0,0,3,0,0,2,0,1,0,0,0,0,2,4,0,0,0,1,0,2,0,0,0,0,0,0,6,0,0,0,0,0,0,1,0,0,7,0,7,0,0,0,0,2,0,0,4,0,0,0,0,0,0,0,0,0,0,0,0,0,0,0,0,0,0,1,0,0,0,0,0,0,0,1,0,0,0,1,0,0,0,2,0,0,0,0,0,1,0,0,1,0,0,0,0,0,14,0,0,0,0,0,0,0,0,0,0,0,0,0,0,0,0,0,0,0,0,0,0,0,0,0,0,0,1,0,1,0,0,0,0,0,0,0,0,0,0,0,0,0,0,0,0,0,0,0,0,0,0,0,0,1,0,0,0,0,0,0,0,0,0,0,0,0,0,0,0,0,0,0,0,0,0,0,0,0,0,0,0,0,0,0,0,0,0,0,0,0,0,0,0,0,0,0,0,0,0,0,0,0,0,0,0,0,0,0,0,0,0,0,0,0,0,0,0,0,0,0,0,0,0,0,0,0,0,0,0,0,0,0,0,0,0,0,0,0,0,0,0,0,0,0,0,0,0,1,1,,,0.138493494,0.011906093,0.025122409,0.010043188,0.000300291,0.002726674,0.009628245,1.11798e-05,0.002238188,0.005700223,0.008233331,0.004652208,0.002019144,2.66027e-05,0.003104333,0.010014838,0.00287633,0.00028308,0.000801089,0.001327237,0.001734044,0.005282172,7.28208e-06,0.000561861,0.002811112,0.017962708,0.008386878,0.000624843,0.002872133,0.005690361,0.022285057,0.01743448,0.004593787,0.013303792,0.00086077,0.000530332,0.001244778,0.000955973,0.007591928,0.077786062,0.003590975,0.035293908,0.001645207,1.1201e-06,0.527440261
Rotterdam,Dokhaven,Netherlands,81,2020-08-25 00:00:00,1014158_1,42,665,195,27,95,101,61,14,2,709,0,0,607,1832,1120,0,95,54,103,146,12,8,58,67,271,475,47,21,38,280,286,159,14,0,114,660,86,243,1489,0,7,99,1492,129,11,259,0,65,55,0,31,4,18,62,137,120,2,549,5,3612,125,175,527,3,30,498,267,265,313,115,138,165,953,0,136,5,0,30,226,565,151,16,27,501,0,0,41,50,6,30,248,126,304,1,934,805,44,0,1,16,168,20,0,113,46,194,209,13,642,0,0,0,94,77,38,196,0,50,33,19,5,15,73,0,5,0,2,222,0,0,7,48,6,1,2,1,80,10,37,2,0,6,0,0,9,99,12,15,6,16,114,107,145,0,58,6,55,0,1,0,0,40,0,23,43,10,11,4,2,6,52,3,1,0,20,228,33,2,0,0,0,0,6,1,45,26,1,0,0,1,16,45,3,6,10,18,0,7,4,0,0,9,36,133,23,1,0,3,2,0,1,4,4,1,5,0,3,24,0,0,0,8,0,0,173,101,0,0,0,2,16,10,75,0,0,6,0,0,2,0,1,1,7,0,0,0,0,0,0,0,5,0,7,1,0,2,0,7,0,1,0,23,3,0,0,5,1,1,7,4,0,1,0,0,0,0,6,0,0,0,0,9,4,0,4,7,0,0,0,0,0,13,1,0,0,0,0,0,0,0,0,3,0,0,0,0,1,3,0,3,0,0,0,0,0,0,4,0,0,4,4,0,0,2,2,0,0,0,1,4,1,0,0,6,0,0,0,0,0,0,0,0,0,10,1,3,0,0,0,0,1,0,1,4,0,0,0,0,2,0,0,0,0,0,0,0,0,0,0,0,0,0,6,0,0,1,0,0,0,0,3,0,0,0,1,0,0,0,0,3,2,0,3,0,1,1,0,0,0,0,0,2,0,23,0,0,0,0,0,0,0,0,0,0,0,1,0,0,0,0,2,0,0,0,0,0,1,0,0,0,0,0,3,0,0,0,0,2,0,2,1,0,0,0,0,0,0,0,0,0,0,0,0,0,0,0,0,0,3,0,0,0,0,0,0,0,0,0,0,0,0,0,0,0,0,0,0,0,0,0,0,0,0,0,0,0,0,0,0,0,0,0,0,0,0,0,0,0,1,0,0,0,0,0,0,0,0,0,0,0,0,0,0,0,0,0,0,0,0,0,0,0,0,0,0,0,0,1,0,0,0,0,0,0,0,0,0,0,0,0,0,0,0,0,0,0,0,0,0,0,0,0,0,0,,,0.105995723,0.015630702,0.035313411,0.025516536,0.000258633,0.001467941,0.016307988,2.07099e-05,0.001543351,0.011940786,0.022134935,0.002296776,0.002952162,8.81452e-06,0.003077225,0.013644106,0.000855353,0.000283723,0.000539779,0.001433531,0.004970457,0.005311426,7.52528e-06,0.001374305,0.004512124,0.002546271,0.014537173,0.000986716,0.004910047,0.007165313,0.035510816,0.021339435,0.004503417,0.007108837,0.000880715,0.000180264,0.001473374,0.000660787,0.009190804,0.007535159,0.011103695,0.044986495,0.003053242,9.9551e-07,0.544928421
Rotterdam,Dokhaven,Netherlands,83,2020-09-02 00:00:00,1014159_1,44,946,272,60,147,225,71,14,5,893,6,0,908,3112,1297,1,123,92,140,154,45,27,47,37,625,483,31,21,151,488,337,244,46,1,169,957,91,159,2379,0,7,102,2049,216,8,286,3,132,36,0,51,19,33,214,190,141,9,748,13,5363,156,218,846,11,12,1208,463,400,304,110,130,309,1735,2,261,1,7,45,223,816,235,9,28,600,0,1,106,60,4,70,345,206,243,0,1359,1627,81,1,1,49,144,21,2,302,58,179,236,15,844,2,25,2,192,153,41,282,0,74,42,35,7,15,50,0,4,0,0,370,4,0,7,50,23,4,17,16,140,6,65,1,2,19,0,4,25,147,2,15,11,15,312,148,192,0,80,6,72,16,7,0,0,42,0,17,1,3,60,11,1,30,39,4,0,4,9,508,104,0,1,0,3,4,18,1,61,59,0,0,0,0,8,43,2,16,4,36,0,3,0,0,0,13,55,158,53,0,0,6,1,0,3,13,0,0,5,0,0,35,0,0,0,5,0,0,52,256,1,0,0,3,38,13,106,1,0,5,0,0,12,1,4,3,29,0,4,0,0,0,0,0,5,0,8,1,0,3,0,1,0,0,0,64,0,0,0,5,0,2,3,6,0,2,0,0,0,0,1,1,1,0,0,9,8,4,0,1,0,0,0,0,0,24,3,0,0,0,0,1,0,0,0,0,0,0,0,0,5,0,0,3,0,0,2,0,2,0,0,0,0,9,7,0,0,0,3,0,1,1,0,1,0,2,0,26,0,2,0,0,0,0,1,0,0,19,0,13,0,0,0,0,2,0,0,7,0,0,0,0,3,0,0,0,0,0,0,0,0,0,0,0,2,0,15,1,0,0,0,0,0,2,2,0,0,0,0,0,0,0,0,4,2,3,3,4,7,1,1,1,1,2,2,2,1,54,0,0,0,0,0,0,0,0,0,0,0,0,0,0,0,0,0,0,0,0,0,0,0,0,0,0,0,0,0,0,0,0,0,0,0,0,0,0,0,0,0,0,0,0,0,0,0,0,0,0,0,0,0,0,0,0,0,0,0,0,0,0,0,0,0,0,0,0,0,0,0,0,0,0,0,0,0,0,0,0,0,0,0,0,0,0,0,0,0,0,0,0,0,0,0,0,0,0,0,0,0,0,0,0,0,0,0,0,0,0,0,0,0,0,0,0,0,0,0,0,0,0,0,0,0,0,0,0,0,0,0,0,0,0,0,0,0,0,0,0,0,0,0,0,0,0,0,0,0,0,,,0.105785419,0.015965815,0.053811671,0.005354213,0.000793559,0.002660505,0.035748605,2.37395e-05,0.001215633,0.00575753,0.012563314,0.000169876,0.004182148,2.7628e-05,0.002692222,0.023608563,0.006642815,0.000241554,0.000787002,0.001092459,0.006214623,0.003788605,1.33363e-05,0.000971163,0.006683703,0.002121786,0.01531885,0.001126303,0.006579558,0.009946052,0.023294576,0.013761412,0.003381763,0.004129128,0.000396429,0.000194222,0.001966499,0.000809802,0.0094168,0.009874968,0.006490705,0.041901215,0.006661915,8.49352e-07,0.545831466
Rotterdam,Dokhaven,Netherlands,86,2020-09-23 00:00:00,1014162_1,17,352,155,19,49,112,34,6,1,326,5,0,709,1003,709,0,114,58,33,100,0,8,67,51,185,320,34,22,43,158,188,58,30,0,109,385,116,108,913,1,0,78,648,112,1,186,1,53,23,0,25,13,13,48,97,68,3,371,8,1646,54,91,278,4,8,414,120,216,173,81,64,95,483,0,85,2,0,3,177,227,91,4,3,333,0,0,19,36,2,28,199,117,160,0,749,417,44,4,2,10,39,14,1,35,35,135,80,2,272,3,91,0,29,37,16,97,0,36,22,7,4,8,48,0,7,0,1,102,1,0,6,25,3,0,5,1,17,4,6,0,0,3,0,5,4,65,6,1,5,6,35,33,45,0,82,6,19,3,2,0,1,21,0,9,7,4,6,2,0,1,18,4,0,0,13,172,12,0,0,0,0,0,11,1,30,9,1,0,0,3,6,29,4,2,2,4,1,8,7,0,0,9,24,129,10,0,1,1,0,0,3,3,1,1,1,2,0,10,0,0,0,7,0,0,66,41,0,0,0,1,6,4,33,2,0,2,0,0,1,0,3,2,9,0,0,0,0,0,0,0,2,0,1,1,0,2,3,19,0,0,0,12,1,0,0,5,0,0,1,4,0,2,0,0,0,1,3,1,0,0,0,4,3,0,0,2,0,1,0,0,0,3,0,0,0,0,0,1,0,0,0,1,0,0,0,0,3,0,0,0,0,0,0,0,2,0,0,0,0,4,4,0,0,2,3,0,0,0,2,2,0,1,0,6,0,0,0,0,0,0,0,0,0,1,0,2,0,0,0,0,3,0,0,2,0,0,0,0,4,0,0,0,0,0,0,0,0,0,0,0,0,0,2,0,0,0,1,0,0,0,0,0,0,0,0,0,0,0,3,3,1,1,0,1,0,0,0,0,0,0,0,0,0,15,0,0,0,0,0,0,0,0,0,0,0,1,0,0,0,1,2,0,0,0,0,0,0,0,0,0,0,0,1,0,0,0,0,1,0,0,0,0,0,0,0,0,0,0,0,0,0,0,0,0,0,0,0,0,0,0,0,0,0,0,0,0,0,0,0,0,0,0,0,1,0,0,0,0,0,0,0,0,0,0,0,0,0,0,0,0,1,0,0,0,0,0,0,0,0,0,0,0,0,0,0,0,0,0,0,0,0,0,0,0,0,0,0,0,0,0,0,0,0,0,0,0,0,0,0,0,0,0,0,0,1,0,0,0,0,0,0,0,0,0,0,0,0,0,0,0,0,0,0,0,,,0.091636222,0.018642221,0.020534889,0.053226329,0.000308656,0.009597409,0.015569053,6.70461e-06,0.000987727,0.00628709,0.015926666,0.000215362,0.001662262,8.49734e-06,0.001861672,0.021142645,0.001338322,0.000434277,0.010252324,0.000935727,0.00417816,0.004224331,8.97718e-06,0.000475167,0.004466957,0.004374982,0.011884842,0.000762858,0.011799226,0.009443076,0.032809094,0.140776727,0.002521215,0.004264519,0.004161189,0.000217928,0.001472501,0.000810615,0.008465352,0.011715868,0.008237382,0.025953158,0.005578494,1.28488e-06,0.430822041
Rotterdam,Dokhaven,Netherlands,88,2020-10-07 00:00:00,1014164_1,48,238,81,13,34,76,17,0,1,293,1,0,899,665,873,0,107,62,2,54,5,9,51,36,83,231,41,16,36,99,110,31,27,0,378,284,98,87,668,0,2,38,432,94,2,155,1,127,40,0,30,6,14,73,89,100,2,575,6,1122,37,90,359,2,2,467,79,152,73,100,53,52,236,1,44,1,6,6,78,123,45,6,7,242,0,0,15,24,0,19,160,277,202,0,1058,227,40,0,1,11,16,17,0,19,25,138,42,5,240,0,11,0,42,22,14,26,0,16,5,22,4,3,26,0,11,0,0,55,0,0,5,14,25,1,7,0,17,2,10,0,1,5,0,0,1,48,6,4,0,7,15,32,9,0,45,0,9,1,2,0,0,9,0,11,70,1,6,1,1,3,3,1,0,0,8,102,6,2,1,0,2,0,4,0,30,5,0,0,0,0,6,13,3,0,1,11,0,5,3,0,0,4,18,33,5,1,1,0,0,0,1,0,4,0,3,0,6,7,0,0,0,6,0,0,36,27,0,0,0,0,11,4,18,3,0,2,0,0,0,0,0,1,0,0,0,0,0,0,7,0,1,0,2,0,1,4,0,1,0,0,0,9,4,0,0,0,0,0,2,1,1,0,0,0,2,0,4,0,0,0,0,5,0,0,0,0,0,2,0,0,0,2,0,0,0,0,0,0,0,0,0,0,0,0,0,0,1,1,0,1,0,0,0,0,0,0,0,0,0,2,1,0,0,0,1,0,0,0,0,1,0,0,0,3,0,2,0,0,0,0,0,0,0,4,0,1,0,0,0,0,0,2,0,0,0,0,0,0,1,0,0,0,0,0,0,0,0,0,1,0,0,0,3,0,0,0,0,0,0,0,0,0,0,0,0,0,0,0,0,2,0,0,0,3,0,0,0,0,0,0,0,0,0,11,1,0,0,0,0,0,0,0,0,0,0,0,0,0,0,0,0,2,0,0,0,0,2,0,0,0,0,0,0,0,0,0,0,0,0,0,0,0,0,0,0,0,0,0,0,0,0,0,0,0,0,0,0,0,1,0,0,0,0,0,0,0,0,0,0,0,0,0,0,0,0,0,0,0,0,0,0,0,0,0,0,0,0,0,0,0,1,0,0,0,0,0,1,0,0,0,0,0,0,0,0,0,0,0,0,0,0,0,0,0,0,0,0,0,0,0,0,0,0,0,0,0,0,0,0,0,0,0,0,0,0,0,0,0,0,0,0,0,0,0,0,0,0,0,0,0,0,0,0,0,,,0.179892912,0.048067837,0.015812213,0.007985929,0.000467563,0.005611296,0.013625081,8.5422e-06,0.001488085,0.011668491,0.008862326,0.000237911,0.000725576,1.17841e-05,0.010176781,0.014807523,0.002204511,0.000705207,0.001179,0.001998911,0.002150275,0.004167489,8.07337e-06,0.005550457,0.005388365,0.006182023,0.019986154,0.001371156,0.015046301,0.021301491,0.034396814,0.017031162,0.011723466,0.007123671,0.000632806,0.000404868,0.002930229,0.000808765,0.013374366,0.017956367,0.005514655,0.012432759,0.005761413,1.42489e-06,0.463217971
Rotterdam,Dokhaven,Netherlands,90,2020-10-23 00:00:00,1014166_1,36,479,131,15,64,151,69,1,3,349,2,0,641,1036,1215,1,124,100,42,198,21,9,70,39,279,403,32,36,19,92,261,72,53,1,309,520,116,75,906,0,0,84,690,112,3,263,3,117,52,0,43,16,19,121,140,74,0,787,3,1705,60,100,545,1,2,1055,151,227,224,85,143,137,674,3,92,5,3,22,322,245,81,19,18,351,0,1,98,42,1,30,244,192,214,0,1462,454,45,7,0,57,87,19,0,55,33,189,55,12,354,0,22,0,38,59,13,77,0,28,16,46,6,18,23,3,14,0,1,156,0,0,11,16,22,9,3,1,48,0,12,0,0,7,0,6,5,31,107,15,6,7,78,54,48,0,45,0,33,4,1,0,0,29,0,12,3,16,10,6,0,9,4,2,0,0,9,158,11,0,1,0,1,0,3,0,27,11,3,0,0,0,2,29,8,0,8,14,1,3,1,0,0,2,17,32,6,2,0,1,1,0,0,8,0,0,3,0,5,21,0,0,0,6,0,0,28,68,1,0,0,3,24,1,26,5,0,3,1,0,0,0,1,1,2,0,2,0,0,0,3,0,2,0,0,0,0,5,0,3,0,5,0,16,4,0,2,0,0,0,1,2,0,1,0,0,0,0,2,0,0,0,0,6,1,1,0,0,0,0,0,1,0,8,0,0,0,0,0,1,0,0,0,2,0,0,0,0,1,1,0,3,0,0,0,0,0,0,0,1,0,1,0,0,0,0,8,0,0,0,0,4,0,3,0,3,0,0,0,2,0,0,0,0,0,0,0,0,0,0,0,0,2,0,0,4,0,0,0,0,1,0,0,0,0,0,0,0,0,0,0,0,0,0,0,0,0,0,0,0,0,0,0,0,0,0,1,0,0,0,1,4,0,0,0,0,0,0,0,0,0,0,0,0,0,22,0,2,0,1,0,0,0,0,0,0,0,0,0,0,0,0,0,0,1,0,0,0,0,0,0,0,0,0,0,0,0,0,0,0,0,0,0,0,0,0,0,0,1,0,0,0,0,0,0,0,0,0,0,0,1,0,0,0,0,0,0,0,0,0,0,0,0,0,0,0,0,0,0,0,0,0,0,0,0,0,0,0,0,0,0,0,0,0,0,0,0,0,0,0,0,0,0,0,0,0,0,0,0,0,0,0,0,0,0,0,0,0,0,0,0,0,0,0,0,0,0,0,0,0,0,0,0,0,0,0,0,0,0,0,0,0,0,0,0,0,0,0,0,0,0,0,0,0,0,0,,,0.143163584,0.02233097,0.028447805,0.007901664,0.000217335,0.00346539,0.019110236,5.02267e-06,0.005588943,0.010350787,0.021818734,6.3953e-05,0.002345298,6.8733e-06,0.003875242,0.014407412,0.002284647,0.001894975,0.000765001,0.001424623,0.00034171,0.007375649,6.35881e-06,0.004715735,0.008516153,0.001353806,0.026414323,0.00336741,0.003898843,0.008059337,0.026689908,0.014516217,0.006077374,0.009760251,0.000382773,0.000279074,0.00082075,0.001197999,0.0090621,0.010926304,0.004041822,0.026275913,0.003334942,1.21414e-06,0.533115541
Rotterdam,Dokhaven,Netherlands,92,2020-11-04 00:00:00,1014168_1,37,338,77,27,57,201,56,1,3,339,4,0,1133,786,888,0,201,147,17,90,6,7,35,21,242,416,49,11,46,217,184,38,87,1,328,439,60,122,807,4,0,66,590,69,8,206,4,215,28,0,67,26,16,87,182,83,9,684,3,1335,49,89,438,2,7,1242,113,203,221,123,99,127,497,1,82,7,0,15,169,197,74,11,10,408,0,3,82,36,0,14,243,223,245,1,1381,348,44,3,1,23,32,36,0,19,19,127,46,21,225,6,12,0,43,57,20,76,0,7,12,26,5,2,25,0,2,0,0,72,0,0,2,20,28,3,0,11,29,0,5,0,2,5,0,7,7,41,0,3,6,5,45,40,35,0,41,4,48,3,2,0,0,5,0,7,15,3,4,2,0,14,8,0,0,3,12,159,32,0,0,0,1,0,2,2,11,5,0,0,0,0,7,15,3,5,9,10,1,6,7,1,0,13,20,35,22,5,0,3,0,0,1,2,0,2,0,0,7,6,0,0,0,7,0,0,32,35,1,0,0,0,11,3,20,3,0,0,1,0,3,1,2,0,5,0,0,0,0,1,2,0,1,0,0,0,0,5,0,1,0,1,0,19,3,0,0,5,0,1,2,0,0,1,0,0,0,1,0,0,0,0,0,7,3,0,2,3,0,0,0,0,0,3,3,0,2,1,0,4,0,0,0,0,0,0,0,0,1,0,0,1,0,0,0,0,0,0,0,1,0,5,0,0,0,0,2,0,0,1,0,0,0,0,0,3,0,0,0,0,0,3,0,0,0,1,0,5,0,0,0,0,2,0,0,3,0,0,0,0,2,0,1,0,0,0,0,1,0,0,0,0,0,0,0,0,0,0,0,0,0,0,0,0,0,0,1,1,0,0,0,0,0,0,1,0,1,0,0,0,1,0,1,0,0,14,0,2,0,0,0,0,0,0,0,0,0,0,0,0,0,0,0,0,1,1,0,2,0,0,0,0,0,0,1,0,0,0,0,0,0,0,0,0,0,0,0,0,0,0,0,0,0,0,0,0,0,0,0,0,0,0,0,0,0,0,0,0,0,0,0,0,0,0,0,0,0,0,0,0,0,0,0,0,0,1,0,0,0,0,0,0,0,0,0,0,0,0,0,0,0,0,0,0,0,0,0,0,0,0,0,0,0,0,0,0,0,0,0,0,0,0,0,0,0,0,0,0,0,0,0,0,0,0,0,0,0,0,0,0,0,0,0,0,0,0,0,0,0,0,0,0,0,0,0,0,,,0.146256158,0.036144319,0.014399083,0.009408397,0.000448006,0.007843865,0.018376226,1.61208e-05,0.001170843,0.016786018,0.016470147,0.000858678,0.001306594,1.75204e-05,0.005323589,0.014453189,0.001272521,0.000844845,0.000619973,0.002214033,0.005397211,0.003366902,5.99157e-06,0.001871913,0.020816717,0.002120698,0.017009731,0.002070311,0.008252782,0.018735519,0.022403713,0.011397058,0.003435918,0.007660817,0.00046634,0.000320006,0.002924372,0.001003954,0.014131106,0.010775536,0.025564272,0.015111018,0.015332037,1.06363e-06,0.495594888
Rotterdam,Dokhaven,Netherlands,95,2020-11-25 00:00:00,1014171_1,44,722,193,68,92,272,81,11,0,622,5,19,2085,1785,1243,3,246,205,41,144,13,29,55,47,476,530,65,25,63,198,310,174,110,0,368,727,78,263,1611,6,4,117,1177,139,16,272,4,334,33,0,90,41,29,106,224,109,15,920,5,2955,143,197,646,1,20,1537,307,319,261,192,118,142,1145,3,260,1,3,15,236,225,143,41,16,498,0,1,153,39,7,26,309,219,449,1,1778,905,46,16,0,39,58,35,0,88,39,223,103,29,488,0,12,5,69,117,29,88,0,23,23,44,9,12,51,0,3,0,6,214,5,2,0,22,22,1,18,2,47,5,23,2,1,6,4,6,10,80,3,8,6,11,149,90,125,0,95,9,33,6,3,0,0,35,1,21,12,12,24,5,0,10,26,4,0,4,16,356,25,5,1,0,2,1,18,4,50,16,1,0,0,0,8,20,2,7,8,14,1,4,4,0,0,6,10,88,27,1,1,5,2,0,0,17,1,0,11,0,4,10,0,0,0,8,0,0,71,107,5,0,0,5,21,5,78,5,0,4,1,1,0,0,5,6,12,0,0,0,0,0,0,0,1,0,4,0,0,4,2,0,0,0,3,29,4,0,0,4,0,6,2,3,0,0,0,0,0,2,0,2,0,1,0,6,2,3,2,0,0,0,0,0,0,7,0,0,1,0,1,0,0,0,0,1,1,0,0,2,5,0,0,3,0,0,0,0,0,0,0,0,0,2,1,0,0,1,2,0,0,0,0,5,0,1,0,13,0,0,0,0,0,0,0,0,0,10,0,0,1,3,0,0,0,1,0,1,0,0,0,0,2,0,0,0,0,1,0,0,0,0,0,0,0,0,2,0,0,0,0,0,0,0,0,0,0,0,0,0,0,0,3,4,0,1,0,2,0,0,0,0,1,0,0,0,0,32,1,0,0,0,0,0,0,0,0,0,0,0,0,0,0,0,0,0,0,0,1,0,0,0,0,0,0,0,3,0,0,0,0,0,0,0,0,0,0,0,0,0,0,0,0,0,0,0,0,0,0,0,0,0,3,0,0,0,0,0,0,0,0,0,0,0,0,0,0,0,0,0,0,0,0,0,0,0,0,0,0,0,0,0,0,0,0,0,0,0,0,0,0,2,0,0,0,0,0,0,0,0,0,0,0,0,0,0,0,0,0,0,0,0,0,0,0,0,0,0,0,0,0,0,0,0,0,0,0,0,0,0,0,0,0,0,0,0,0,0,0,0,0,0,0,0,0,0,0,0,,,0.102354291,0.045040247,0.044165056,0.016678123,0.000212416,0.007932892,0.016125303,6.27705e-06,0.00240292,0.007306166,0.012577832,0.000871677,0.005013682,8.44547e-06,0.005988715,0.014887752,0.004076113,0.000982757,0.000379263,0.001575077,0.007215296,0.004815355,7.69886e-06,0.001033715,0.017963792,0.00232923,0.010276701,0.000948929,0.054982017,0.018005561,0.02471814,0.010855525,0.001218685,0.00492439,0.001037682,0.000140171,0.001959197,0.001753611,0.00836319,0.00705063,0.006851983,0.018954239,0.016973864,7.52498e-07,0.489034639
Rotterdam,Dokhaven,Netherlands,96,2020-12-02 00:00:00,1014172_1,51,238,80,13,35,130,33,0,3,213,4,0,847,514,1036,0,183,153,5,119,7,12,48,31,120,451,51,15,38,103,157,36,45,0,386,243,82,129,530,6,0,69,335,71,6,195,1,150,29,0,40,15,14,63,167,86,10,627,1,825,29,81,261,4,6,774,62,189,219,122,85,59,281,3,35,2,1,9,212,114,37,13,13,417,1,0,77,18,4,18,201,256,228,3,1220,158,46,28,1,25,17,42,0,9,27,199,23,16,150,0,11,1,29,26,14,32,0,7,6,18,6,7,42,0,11,0,2,47,0,1,3,13,19,0,0,0,14,2,3,0,1,2,1,5,2,50,1,2,2,12,25,24,21,0,51,0,8,1,1,0,0,6,1,12,10,5,6,1,0,0,3,0,0,2,5,106,9,0,0,0,2,0,0,3,8,3,0,0,0,0,1,21,3,0,0,4,1,1,0,0,0,7,12,14,9,0,2,3,1,0,0,2,0,0,1,0,0,2,0,0,0,4,0,0,46,19,2,0,0,0,1,2,10,2,0,3,0,0,0,0,2,0,0,0,1,0,0,0,4,0,1,0,1,0,0,0,0,0,0,0,0,4,0,0,0,0,2,0,7,4,0,0,0,0,0,3,3,0,0,0,0,2,0,1,0,2,0,0,0,0,0,4,0,0,0,0,0,0,0,0,0,0,1,1,0,0,4,0,0,0,0,0,0,0,0,0,0,0,0,2,0,0,0,1,6,2,0,0,0,3,0,0,0,7,0,0,0,0,0,0,0,0,0,0,0,3,0,0,0,0,2,0,0,0,0,0,0,0,2,0,0,0,0,0,0,0,0,0,0,0,0,0,0,0,0,0,0,0,0,0,0,0,0,0,0,0,0,0,0,1,0,0,0,0,0,0,0,0,1,0,0,0,0,5,0,0,0,0,0,0,0,0,0,0,0,0,1,1,0,0,0,0,0,0,0,0,0,0,0,0,0,0,0,0,0,0,0,0,0,0,0,0,0,0,0,0,0,0,0,0,0,0,0,0,0,0,0,0,0,0,0,0,0,0,0,0,0,0,0,0,0,0,0,0,0,0,0,0,0,0,0,0,0,0,0,0,0,0,0,0,0,0,0,0,0,0,0,0,0,0,0,0,0,0,0,0,0,0,0,0,0,0,0,0,0,0,0,0,0,0,0,0,0,0,0,0,0,0,0,0,0,0,0,0,0,0,0,0,0,0,0,0,0,0,0,0,0,0,0,0,0,0,0,0,,,0.192151727,0.031560764,0.010245854,0.013529189,0.000349919,0.004361607,0.01508226,1.62353e-05,0.001593954,0.006334912,0.009643139,0.001205904,0.000718536,1.18427e-05,0.008552486,0.018399031,0.004389752,0.001160111,0.000814659,0.003525897,0.0031318,0.006444755,1.16583e-05,0.001679154,0.004448076,0.002054141,0.046205325,0.002454295,0.009599948,0.015510804,0.023600748,0.01128278,0.004070703,0.007556383,0.00130624,0.000251336,0.001401192,0.00058785,0.008544355,0.012742318,0.005859225,0.003453992,0.013083165,1.48292e-06,0.491070496
Rotterdam,Dokhaven,Netherlands,99,2020-12-23 00:00:00,1014175_1,28,212,112,26,25,107,27,1,2,139,1,0,603,418,1196,0,118,159,1,156,2,13,61,35,64,491,31,18,35,94,176,19,23,0,356,224,81,68,468,1,2,58,224,42,7,213,2,97,42,0,21,15,16,57,189,96,3,499,1,610,62,54,158,1,8,644,36,178,221,98,83,83,189,2,8,3,28,5,258,92,26,19,3,494,1,1,66,35,1,17,213,211,202,1,917,76,51,32,0,17,21,47,1,2,33,238,5,4,128,3,5,0,20,12,23,18,0,2,5,25,5,2,36,2,5,0,0,19,0,1,6,9,31,0,3,0,18,0,0,0,0,5,1,4,1,23,1,0,1,5,8,28,11,0,24,6,4,4,1,0,0,4,0,2,21,2,6,1,0,0,2,1,0,3,2,0,1,0,1,0,1,0,1,1,4,2,6,0,0,0,5,29,9,1,1,6,0,1,6,0,0,5,10,12,0,2,0,3,0,0,1,0,0,0,4,0,1,1,0,0,0,15,0,0,55,4,2,0,0,1,5,1,7,2,1,4,0,0,0,0,1,1,0,0,0,0,0,0,5,0,5,0,0,0,0,3,0,1,0,0,0,3,1,0,0,0,0,0,0,0,0,2,0,0,0,0,4,1,0,0,0,0,0,0,0,1,0,1,0,0,0,3,0,0,0,0,0,0,0,0,1,1,0,0,0,0,0,2,0,2,0,0,0,1,0,0,0,0,0,2,0,0,0,0,1,0,0,0,0,1,0,0,0,0,0,0,0,0,2,0,0,0,0,0,0,0,2,0,0,0,2,1,4,0,0,0,0,0,0,0,0,0,0,0,0,0,0,0,0,0,0,0,0,0,0,0,0,0,0,0,0,0,0,0,0,0,0,0,0,0,0,0,4,0,0,0,1,0,1,0,1,0,0,0,0,0,1,0,0,0,0,0,0,0,0,0,0,0,0,1,2,0,0,0,0,0,0,0,0,0,0,0,0,0,0,0,0,0,0,0,0,0,0,0,0,0,0,0,0,0,0,0,0,0,0,0,0,0,0,0,0,0,0,0,2,0,0,0,0,0,0,0,0,0,0,0,0,0,0,0,0,0,0,0,0,0,0,0,0,0,0,0,0,0,0,0,1,0,0,0,0,0,0,0,0,0,0,0,0,0,0,0,0,0,0,0,0,0,0,0,0,0,0,0,0,0,0,0,0,0,0,0,0,0,0,0,0,0,0,0,0,0,0,0,0,0,0,0,0,1,1,1,0,0,,,0.180175409,0.027125026,0.003883373,0.006272416,0.000493935,0.006426048,0.024100978,9.22167e-06,0.002064728,0.005238534,0.022703291,0.009867294,0.00048871,4.97186e-06,0.005246598,0.016338394,0.002890594,0.001391748,0.000712804,0.002849812,0.001435447,0.00716946,9.55474e-06,0.000950123,0.004029865,0.005417109,0.023196089,0.002272672,0.002891037,0.010934101,0.012815693,0.010847381,0.004739467,0.011612691,0.001457916,0.000355478,0.000550017,0.000942668,0.011718233,0.011471821,0.002491566,0.002282664,0.013043163,8.58765e-06,0.539073315
Rotterdam,Dokhaven,Netherlands,101,2021-01-06 00:00:00,1014176_1,30,239,73,10,44,220,51,2,1,168,5,0,1148,371,893,2,71,354,10,187,6,21,39,22,99,768,20,21,25,82,125,23,66,3,367,238,62,108,441,2,4,115,264,44,25,175,11,217,19,0,51,22,20,34,207,60,11,481,0,613,94,71,170,3,9,1215,52,158,261,107,59,100,240,0,53,6,8,3,323,150,36,17,1,696,1,0,90,57,4,20,225,248,236,4,996,171,43,59,0,29,12,38,1,2,13,180,16,15,113,0,8,0,27,22,18,40,1,4,3,9,10,1,33,0,1,0,0,37,0,0,0,9,20,4,3,0,16,1,2,0,0,2,3,8,2,17,0,2,4,1,21,14,14,0,23,0,7,2,0,0,0,14,0,4,47,3,4,1,0,0,3,1,1,1,7,5,7,1,1,0,4,0,2,1,6,3,1,0,0,0,3,14,5,1,0,6,0,1,4,0,0,2,5,9,1,1,0,2,5,0,0,0,0,1,8,1,5,6,0,0,0,5,1,0,13,0,1,0,0,0,10,3,13,4,0,0,0,0,0,2,0,0,3,0,0,0,0,0,3,0,4,0,0,1,0,7,0,1,0,0,0,5,2,0,1,4,0,0,6,2,0,1,1,0,0,0,3,1,0,0,0,1,0,0,0,1,0,0,0,0,0,3,1,0,0,0,0,0,0,0,0,2,0,0,0,1,2,0,0,0,0,0,0,0,1,0,2,0,0,0,1,0,0,1,0,0,0,0,0,1,0,2,0,3,0,0,0,0,0,0,0,0,0,1,0,0,0,0,0,0,3,0,2,0,0,0,0,0,1,0,0,0,0,0,0,0,0,0,0,0,0,0,0,0,0,0,0,0,0,0,0,0,0,0,2,0,0,0,0,0,0,0,0,0,0,0,0,0,0,0,0,0,0,4,0,0,0,7,0,0,0,0,1,0,0,0,0,0,0,0,2,0,0,0,0,0,0,0,0,0,0,0,0,1,1,0,0,0,0,0,0,0,0,0,0,0,0,0,0,0,0,0,0,0,0,0,0,0,0,0,0,0,0,0,0,0,0,0,0,0,0,0,0,0,0,0,0,0,0,0,0,0,0,0,0,0,0,0,0,0,0,0,0,0,0,0,0,0,0,0,0,0,0,0,0,0,0,0,0,0,0,0,0,0,0,0,0,0,0,0,0,0,0,0,0,0,0,0,0,0,0,0,0,0,0,0,0,0,0,0,0,0,0,0,0,0,0,0,0,0,0,0,0,0,,,0.135685932,0.025261979,0.005473912,0.009451739,0.0004251,0.006146509,0.013786703,9.11154e-06,0.001787495,0.006588422,0.016416816,0.001233034,0.000818307,5.69471e-06,0.010567215,0.025424998,0.002527778,0.003684355,0.000531482,0.002043063,0.007118686,0.002633634,7.56155e-06,0.001765185,0.005987094,0.002130172,0.025262423,0.002276637,0.007298795,0.018939532,0.01774708,0.010816391,0.0036156,0.005627343,0.01656314,0.000400037,0.002045241,0.000757769,0.007947497,0.008861259,0.001334424,0.00311763,0.058545379,2.77892e-07,0.521331563
Rotterdam,Dokhaven,Netherlands,103,2021-01-20 00:00:00,1014178_1,49,213,82,23,20,105,27,0,0,148,0,6,804,368,1162,0,99,177,7,171,6,8,44,25,74,478,75,14,21,101,99,12,43,0,428,187,93,91,421,7,0,79,195,28,4,149,0,164,55,0,33,21,13,42,128,101,9,567,4,509,55,82,165,0,13,646,32,146,223,89,53,50,195,3,26,8,20,2,235,94,15,18,5,453,4,0,51,28,1,16,189,218,201,1,1037,79,59,38,0,15,17,42,0,0,23,154,14,24,118,0,3,0,11,22,14,15,0,5,3,18,6,2,55,0,0,0,3,35,0,0,2,16,25,0,0,0,7,2,2,0,1,5,0,8,1,21,2,1,0,3,5,19,5,0,39,0,23,0,0,0,0,7,0,8,134,10,19,2,0,0,0,0,0,3,2,0,2,0,0,0,0,0,0,1,11,9,1,1,0,0,3,13,3,0,0,4,0,1,1,0,0,1,2,3,1,2,0,4,0,0,0,2,0,0,2,0,2,8,0,0,0,5,0,0,44,9,2,0,0,0,5,0,4,2,0,1,0,1,0,0,2,0,0,0,0,0,0,0,6,0,2,0,0,0,0,5,0,0,0,0,1,1,0,1,0,2,0,0,0,5,0,2,0,0,0,0,4,0,0,0,0,0,0,0,0,0,0,1,0,0,0,1,0,1,0,2,0,0,0,0,0,2,0,0,0,0,3,0,0,6,0,0,2,0,1,0,0,0,0,0,0,0,0,0,1,0,0,0,6,5,0,0,0,2,0,0,0,0,0,0,0,0,0,1,0,0,0,1,0,0,1,0,6,2,0,0,0,0,0,0,0,0,0,0,0,0,0,0,0,0,0,0,0,0,0,0,0,0,0,0,0,0,0,0,0,0,0,0,0,0,0,0,0,0,0,0,0,0,0,0,0,0,0,3,0,0,0,0,0,0,0,0,0,0,0,0,0,0,0,0,1,0,0,0,0,0,0,0,0,0,0,0,1,1,0,0,0,0,0,0,0,0,0,0,0,1,0,0,0,0,0,0,0,0,0,0,0,0,0,0,0,0,0,0,0,0,0,0,0,0,0,0,0,0,0,0,0,0,0,0,0,0,0,0,1,1,1,0,0,0,0,0,0,0,0,0,0,0,0,0,0,0,0,0,0,0,0,0,0,0,0,0,0,0,0,0,0,0,0,0,0,0,0,0,0,0,0,0,0,0,0,0,0,0,0,0,0,0,0,0,0,0,0,0,0,0,0,0,0,0,0,0,0,0,,,0.156051864,0.040859116,0.012585594,0.026663296,0.000836657,0.004018506,0.010821632,1.2112e-05,0.002121138,0.007220559,0.007624968,0.000138819,0.001215926,1.22362e-05,0.014210804,0.019210525,0.004468843,0.003399142,0.001315323,0.008722586,0.004644014,0.008380366,1.20341e-05,0.001797176,0.006885522,0.00224628,0.022754477,0.004398481,0.003387727,0.013676882,0.022886094,0.014009828,0.003952621,0.011382195,0.001952122,0.000848907,0.003521725,0.000782466,0.021079796,0.020486739,0.003928752,0.003592726,0.013231164,4.68683e-06,0.488647573
Rotterdam,Dokhaven,Netherlands,105,2021-02-03 00:00:00,1014180_1,34,246,91,18,7,89,32,0,0,162,2,0,998,482,612,0,95,200,8,106,4,9,46,22,96,282,33,16,21,47,58,24,28,4,246,286,61,124,430,8,0,53,272,35,8,153,0,200,34,0,45,15,20,25,75,90,3,443,3,908,92,83,169,6,10,639,52,95,157,71,45,50,297,1,53,1,2,5,205,81,22,11,2,337,0,0,54,12,1,16,179,195,205,3,792,170,29,35,0,9,6,28,1,5,18,61,25,10,113,0,2,0,16,34,20,25,0,3,4,22,6,5,20,0,4,0,4,56,0,0,2,16,41,1,4,2,13,2,3,1,0,1,1,0,1,19,1,0,0,6,22,36,8,0,56,2,17,0,0,0,0,9,0,2,64,5,15,0,0,2,5,0,0,0,7,2,7,2,0,0,3,0,0,2,18,6,2,0,0,0,2,8,1,0,5,18,0,0,1,0,0,10,4,9,13,4,0,5,0,0,2,1,0,0,2,0,7,12,0,0,0,8,1,0,21,9,0,0,0,0,8,2,12,1,0,1,1,0,0,1,1,1,2,0,0,0,0,0,0,0,4,0,0,0,0,1,0,3,0,0,0,6,0,0,0,1,0,0,6,0,0,0,0,0,0,1,0,0,0,0,0,0,0,1,0,0,0,0,0,0,0,7,0,0,0,0,0,1,0,0,0,4,0,0,0,1,6,0,0,1,0,0,0,0,0,0,0,0,0,1,0,0,0,1,2,0,0,0,0,2,0,1,0,5,1,0,0,0,0,1,0,0,0,1,0,0,0,0,0,0,0,0,0,0,0,0,0,0,1,0,0,0,0,0,0,0,0,0,0,0,0,0,0,0,0,0,0,0,0,0,0,0,0,0,0,0,0,0,0,0,1,0,0,0,0,0,0,0,0,0,0,0,0,5,1,0,0,2,0,0,0,0,0,0,0,0,2,0,0,0,0,0,0,0,0,0,0,0,0,0,0,0,0,3,0,0,0,0,0,0,0,0,0,0,0,0,0,0,0,0,0,0,0,0,0,0,0,0,0,0,0,0,0,0,0,0,0,0,0,0,0,0,0,0,0,0,0,0,0,0,0,0,0,0,0,0,1,0,0,0,0,0,1,0,0,0,0,0,0,0,0,0,0,1,0,0,0,0,0,0,0,0,0,0,0,0,0,0,0,0,0,0,0,0,0,0,0,0,0,0,0,0,0,0,0,0,0,0,0,0,0,0,0,0,0,0,0,0,0,0,0,0,0,0,,,0.20562808,0.023815774,0.019401367,0.043284643,0.000277067,0.003803752,0.010289047,1.19017e-05,0.001929499,0.007150306,0.009324905,0.000179359,0.00078209,2.29579e-05,0.018214414,0.023602449,0.002808892,0.002358176,0.001350124,0.005945721,0.004028576,0.002152249,8.35785e-06,0.001071407,0.008000487,0.001162552,0.021029523,0.001973586,0.006377279,0.014078033,0.038262642,0.02082614,0.002556546,0.005155942,0.001788503,0.000339652,0.001051735,0.001055349,0.015285861,0.004869554,0.002548099,0.009806085,0.018170886,1.80295e-06,0.43821863
Rotterdam,Dokhaven,Netherlands,108,2021-02-25 00:00:00,1014183_1,29,272,160,24,46,156,32,2,2,209,2,0,576,416,1676,0,298,408,6,228,1,7,67,27,105,675,69,22,36,96,106,14,50,2,247,303,116,70,613,6,4,69,295,43,19,243,13,83,38,0,44,28,15,68,132,92,15,573,0,832,111,111,207,1,15,1023,54,171,274,120,78,86,318,1,42,1,7,1,361,130,25,14,5,663,0,0,47,21,0,41,279,149,166,6,921,168,30,91,0,34,20,52,0,2,33,146,12,17,127,0,19,0,17,29,24,57,0,7,2,22,13,1,30,0,6,0,0,81,0,1,2,16,20,0,6,0,32,1,6,0,3,1,0,12,7,16,1,0,6,4,8,23,24,0,21,3,12,2,2,0,1,9,0,0,34,2,10,2,0,3,3,0,2,1,8,0,20,0,0,0,1,0,0,3,3,3,3,0,0,0,6,35,4,2,2,3,1,4,0,2,0,4,5,6,6,2,0,1,0,0,1,0,1,0,4,0,11,3,0,0,1,6,3,0,17,1,2,0,0,0,7,6,10,0,0,5,1,0,0,0,1,1,0,0,0,0,0,0,2,0,0,0,2,0,0,5,0,0,0,0,0,6,0,0,0,1,0,0,1,5,0,0,0,0,0,0,6,0,0,0,0,3,0,0,0,0,0,0,0,0,0,3,1,0,0,0,0,0,0,0,0,1,0,0,0,0,2,0,0,1,0,0,0,0,2,0,0,0,0,3,0,0,0,0,0,0,0,1,1,0,0,0,0,2,0,0,0,0,1,0,0,0,0,0,0,1,0,0,0,0,1,0,1,0,0,0,0,0,0,0,0,0,0,0,0,0,0,0,0,0,0,0,1,0,0,0,0,0,0,0,0,0,0,0,0,0,0,0,0,0,0,0,1,0,0,0,0,0,0,0,0,1,0,6,1,0,0,0,0,0,0,0,0,0,0,0,0,0,0,0,0,0,0,0,0,1,0,0,0,0,0,0,1,0,0,0,0,0,0,0,0,0,0,0,0,0,0,0,0,0,0,0,0,0,0,0,0,0,0,0,0,0,0,0,0,0,0,0,0,0,0,0,0,0,0,0,0,0,0,0,0,0,0,0,0,0,0,0,0,0,0,0,0,0,0,0,0,0,0,0,0,0,0,0,0,0,0,0,0,0,0,0,0,0,0,0,0,0,0,0,0,0,0,0,0,3,0,0,0,0,0,0,0,0,0,0,0,0,0,0,0,0,0,0,0,0,0,0,0,0,0,0,0,0,,,0.193290114,0.017656624,0.005991265,0.015333058,0.000365784,0.001723515,0.014466603,8.00557e-06,0.001144077,0.008523527,0.01203082,3.41342e-05,0.000710189,6.35778e-06,0.018471354,0.01481128,0.003370913,0.006283803,0.001000454,0.006606726,0.008367481,0.005884942,2.3883e-05,0.001213779,0.01072761,0.008445799,0.035968731,0.003995612,0.007849521,0.009223279,0.026057848,0.013063282,0.003858571,0.009494,0.004012823,0.000419321,0.0010166,0.000865325,0.012823593,0.01838584,0.004451801,0.002238295,0.041118425,7.98502e-07,0.448664239
Rotterdam,Dokhaven,Netherlands,109,2021-03-03 00:00:00,1014184_1,19,272,143,25,12,38,9,0,1,189,3,0,589,447,769,0,131,67,8,114,3,4,79,6,131,233,35,12,15,64,100,37,17,0,119,285,115,92,441,0,0,52,305,25,2,406,0,37,18,0,21,16,5,28,47,106,2,316,0,836,94,110,149,3,1,267,45,188,147,81,69,46,341,1,35,2,0,5,161,69,17,6,4,231,2,0,26,17,0,18,250,95,132,2,489,160,20,11,0,8,16,15,0,0,41,74,20,16,69,0,11,0,2,37,12,16,0,1,5,5,3,5,34,0,0,0,0,54,0,0,3,7,5,0,9,0,7,0,3,0,1,2,0,2,0,13,1,2,1,5,28,20,30,0,70,0,9,2,2,0,0,3,0,0,32,1,6,0,0,1,4,0,0,0,7,0,6,1,0,0,3,0,0,0,20,11,0,0,0,0,1,12,8,0,9,4,0,1,0,1,0,4,5,48,5,0,1,2,0,0,3,0,0,2,5,0,1,5,0,0,0,8,0,0,80,2,1,0,0,1,4,0,37,2,0,1,0,0,0,4,0,1,2,0,1,0,0,0,0,0,3,0,0,0,0,5,0,0,0,0,0,3,1,0,0,0,0,0,6,0,2,0,0,0,0,2,0,0,0,0,0,1,0,0,0,0,0,0,0,0,0,2,0,0,0,0,0,0,0,0,0,2,2,0,0,0,0,0,0,2,0,0,1,0,0,0,0,0,0,0,0,0,0,0,0,0,0,0,0,6,0,0,0,2,0,0,0,0,0,0,0,0,0,0,0,0,0,1,0,0,1,0,0,0,0,0,0,0,2,0,0,0,0,0,0,0,0,0,0,0,0,0,0,0,0,0,0,0,0,0,0,0,0,0,1,0,0,0,0,0,0,0,0,0,0,0,0,0,0,0,0,0,0,14,0,0,0,0,0,0,0,0,0,0,0,0,0,0,0,0,0,0,0,0,0,0,0,0,0,0,0,0,0,4,0,0,0,0,0,0,0,0,0,1,0,0,0,0,0,0,0,0,0,0,0,0,0,0,0,0,0,0,0,0,0,0,0,0,0,0,0,0,2,1,1,1,1,0,0,0,0,0,0,0,0,0,0,0,0,0,0,0,0,0,0,0,0,0,0,0,0,0,0,0,0,0,0,0,0,0,0,0,0,0,0,0,0,0,0,0,0,0,0,0,0,0,0,0,0,0,0,0,0,0,0,0,0,0,0,0,0,0,0,0,0,0,0,0,0,0,0,0,0,0,,,0.143177751,0.015114424,0.012245467,0.037386592,0.00020165,0.002715929,0.018031802,2.90827e-06,0.001412272,0.004715436,0.026916436,5.70954e-05,0.000378352,3.05848e-06,0.011432298,0.07204772,0.001764053,0.001838235,0.012829092,0.002044218,0.00081682,0.000883356,5.65286e-06,0.001138803,0.006886844,0.003933964,0.017696468,0.001012127,0.004334454,0.007155563,0.027372666,0.144437462,0.002323544,0.00561747,0.000511663,0.000162192,0.000306563,0.000882038,0.011800241,0.010773331,0.003248772,0.003205382,0.006687529,4.81185e-07,0.374491824
Rotterdam,Dokhaven,Netherlands,112,2021-03-24 00:00:00,1014187_1,25,365,156,19,28,77,35,3,10,225,6,4,828,620,618,1,209,141,21,127,5,11,52,12,134,302,85,10,59,109,108,58,49,0,243,375,114,146,820,1,18,71,401,36,5,408,2,102,29,0,22,15,1,30,144,92,4,557,1,983,61,110,236,3,2,576,125,178,324,80,37,56,483,2,93,6,0,11,223,95,37,19,4,372,0,0,61,23,1,33,197,197,256,0,955,234,20,25,1,13,15,42,2,1,17,103,51,7,140,0,28,1,17,40,6,41,0,11,3,18,2,1,47,0,2,0,1,85,0,0,5,11,22,1,3,4,16,0,7,0,1,3,4,4,5,37,5,9,6,11,62,24,50,0,107,2,14,0,2,0,3,3,0,14,36,5,10,1,0,3,2,1,0,0,19,119,7,0,1,0,0,0,3,2,27,1,0,0,0,0,1,18,4,1,3,7,1,4,1,0,0,15,7,54,12,4,0,7,0,0,1,5,0,0,0,0,6,7,0,0,0,6,0,0,80,15,8,0,0,0,11,1,67,4,0,1,0,0,0,0,1,4,0,0,0,0,0,0,1,0,9,0,0,0,8,0,0,2,0,0,0,17,0,1,0,2,0,0,22,1,0,2,0,0,2,0,3,2,0,0,0,1,0,1,0,0,0,0,0,0,0,7,0,0,1,0,0,0,0,0,0,0,0,1,0,0,3,0,0,0,0,0,3,0,0,0,0,0,0,0,0,0,0,2,0,0,0,0,0,4,0,0,0,3,0,0,0,0,0,0,0,0,0,2,0,2,0,0,0,0,1,0,0,0,0,0,0,0,0,0,0,0,0,0,0,0,0,0,0,0,0,0,0,1,0,0,0,0,0,0,0,0,0,0,1,0,0,0,0,2,0,3,0,0,0,0,0,0,0,0,0,2,0,7,0,1,1,0,0,0,0,0,0,0,0,0,0,0,0,1,0,0,0,0,0,0,0,0,0,0,0,0,0,0,0,0,0,0,0,0,0,0,0,0,0,0,0,0,0,0,0,0,0,0,0,0,0,0,0,0,0,0,0,0,0,0,0,0,0,0,0,0,0,0,0,0,0,0,0,0,0,0,0,0,0,0,0,0,0,0,0,0,1,0,0,0,0,0,0,0,0,0,0,0,0,0,0,0,0,0,0,0,0,0,0,0,0,0,0,0,0,0,0,0,0,0,0,0,0,0,0,0,0,0,0,0,0,0,0,0,0,0,0,0,0,0,0,0,0,0,0,0,0,0,,,0.148598388,0.025686746,0.037712369,0.096280522,0.000154919,0.003575148,0.007702447,7.79468e-06,0.001740279,0.009657601,0.019934236,2.29483e-05,0.000632733,6.66732e-06,0.008046358,0.056872406,0.002736938,0.00451889,0.001285698,0.002462344,0.002697827,0.00098776,1.21314e-05,0.00104534,0.00548994,0.001128963,0.017624136,0.002370242,0.007344202,0.011341395,0.02575894,0.051295022,0.005236354,0.004250362,0.00164609,0.000231084,0.000815284,0.000617998,0.008705121,0.005758078,0.005213884,0.011238771,0.013135329,1.22068e-06,0.388419096
Rotterdam,Dokhaven,Netherlands,114,2021-04-07 00:00:00,1014188_1,9,311,68,9,58,82,45,7,0,163,0,0,522,681,737,6,51,93,9,114,6,11,21,31,217,328,33,16,23,47,140,57,79,1,103,341,23,58,379,2,3,52,353,46,3,181,3,76,4,0,59,4,17,25,146,35,2,151,1,998,45,36,126,3,10,1531,88,214,103,32,65,170,553,0,35,0,2,4,169,292,36,9,5,259,1,0,139,13,0,22,200,51,108,2,259,244,22,23,1,32,26,26,0,3,11,196,8,21,124,1,11,0,79,53,21,92,1,2,6,26,5,2,11,0,1,0,5,61,0,2,5,10,9,3,10,0,29,0,4,0,0,4,0,4,1,17,0,2,5,3,51,31,59,0,112,2,22,1,1,0,0,34,1,2,1,5,13,2,1,1,25,0,0,1,1,105,18,0,2,0,5,1,5,1,5,10,0,0,0,0,2,14,2,4,1,5,3,10,0,0,0,11,10,16,13,1,0,2,2,0,0,1,0,0,5,0,1,8,0,0,0,4,0,0,9,8,6,0,1,2,5,2,18,2,0,0,0,0,0,0,2,3,4,0,1,0,0,0,2,0,4,0,0,1,0,4,0,0,0,2,0,4,1,0,0,1,0,0,3,1,0,0,0,0,0,0,4,0,0,0,0,0,0,0,1,0,0,0,0,0,0,7,0,0,0,0,0,0,1,0,0,3,0,0,0,0,5,2,0,0,0,0,1,0,0,1,2,0,0,1,1,0,0,0,0,0,0,0,0,1,0,0,0,0,0,0,0,0,0,0,0,0,0,0,0,1,0,0,0,0,4,0,0,0,0,0,0,0,1,0,0,0,0,0,0,0,0,0,0,0,2,0,0,0,0,0,0,0,0,0,0,0,0,0,0,0,0,0,0,0,0,0,0,7,0,0,0,0,0,0,0,1,1,16,0,0,0,0,0,0,0,0,0,3,0,0,0,0,1,0,0,0,0,0,0,2,0,0,0,0,0,0,0,0,0,0,0,0,0,0,0,0,0,0,0,0,0,0,0,0,0,0,0,0,0,0,0,0,0,0,0,0,0,0,1,0,1,0,0,0,0,0,0,0,0,0,0,0,0,0,0,0,0,0,0,0,0,0,0,0,2,0,0,0,0,0,0,0,0,0,0,0,0,0,0,0,0,0,0,0,0,0,0,0,0,0,0,0,0,0,0,0,0,0,0,0,0,0,0,0,0,0,0,0,0,0,0,0,0,0,0,0,0,0,0,0,0,0,0,0,0,0,0,0,,,0.233524962,0.008653087,0.024491805,0.003833517,0.000146491,0.003273066,0.012629155,5.32854e-06,0.001786089,0.001003535,0.015594073,4.90603e-05,0.001854614,6.94565e-06,0.001441836,0.032469496,0.008353326,0.00071244,0.001033455,0.00085981,0.001016799,0.004652027,9.58226e-06,0.002044772,0.008563854,0.000866074,0.024089372,0.007133017,0.012728397,0.010629521,0.013341583,0.01434667,0.002752338,0.004075326,0.001624581,0.000261256,0.000747957,0.00069338,0.00601131,0.004627299,0.001240167,0.005041351,0.021360857,6.21123e-07,0.500419797
Rotterdam,Dokhaven,Netherlands,116,2021-04-22 00:00:00,1014190_1,34,503,206,27,50,117,39,0,0,403,5,0,1177,1371,869,1,93,145,25,152,7,15,55,35,424,402,36,18,24,115,140,164,51,0,271,529,82,227,1074,1,0,85,731,103,5,329,1,132,42,0,61,12,18,51,190,94,3,626,5,2189,62,204,355,3,5,704,216,235,429,71,117,83,989,2,193,5,9,10,256,171,77,19,9,418,0,0,69,32,0,20,323,228,289,0,1316,522,15,24,3,22,31,34,0,15,42,173,71,22,244,0,9,0,35,116,20,78,0,2,10,20,4,2,56,0,9,0,15,127,0,1,0,18,25,1,6,0,26,1,9,2,1,3,4,5,8,53,0,3,4,4,122,46,126,0,219,3,29,0,0,0,1,22,2,11,17,4,14,3,1,3,8,0,0,0,14,198,13,2,1,0,5,0,1,3,52,10,0,0,0,0,0,21,2,2,6,22,0,2,2,0,0,18,9,82,21,4,0,2,0,0,0,8,0,0,0,0,5,12,0,0,0,9,0,0,161,13,14,0,0,1,15,2,87,2,0,0,1,1,1,0,2,2,2,0,1,0,0,0,2,0,3,0,1,0,0,3,0,2,0,0,4,26,0,2,0,5,0,0,6,6,0,3,0,0,0,0,9,0,0,3,0,2,1,1,0,1,0,1,0,0,0,4,1,0,2,0,0,0,0,0,0,5,0,0,0,0,0,0,0,0,0,0,0,0,1,0,0,0,2,1,1,0,0,0,4,0,0,0,0,6,0,0,0,11,0,0,0,0,0,1,0,0,0,4,0,2,0,0,0,0,0,0,2,1,0,0,0,0,1,0,0,0,0,0,0,0,0,0,0,1,0,0,0,0,0,0,0,0,0,0,0,0,0,0,0,0,0,0,0,0,0,1,0,1,0,0,0,0,0,0,0,0,0,28,2,0,1,0,0,0,0,0,1,0,0,0,0,0,0,0,0,0,0,1,0,0,0,0,0,0,0,0,0,0,0,0,0,0,0,0,0,0,0,0,0,0,0,0,0,0,0,0,0,0,0,0,0,0,0,0,0,0,0,0,0,0,0,0,0,0,0,0,0,0,0,0,0,0,0,0,0,0,0,0,0,0,0,0,0,0,0,0,0,0,0,0,0,0,0,0,0,0,0,0,0,0,0,0,0,0,0,0,0,0,0,0,0,0,0,0,0,0,0,0,1,0,0,0,0,0,0,0,0,0,0,0,0,0,0,0,0,0,0,0,0,0,0,0,0,0,0,0,0,0,,,0.169228655,0.022429291,0.039842989,0.040084859,0.000199576,0.007449125,0.013019116,4.54646e-06,0.001104134,0.005446732,0.022696935,3.1207e-05,0.001178542,3.52213e-06,0.002166782,0.067598314,0.002232612,0.000916093,0.000793941,0.002056178,0.002454149,0.002906557,4.76954e-06,0.000836631,0.003199852,0.001413113,0.018941133,0.001067523,0.012856187,0.012420855,0.035415296,0.021657609,0.001752257,0.004908827,0.000952509,0.000244382,0.000542849,0.00075783,0.013772017,0.00551083,0.001281161,0.023033775,0.006019825,9.86343e-07,0.429565927
Rotterdam,Dokhaven,Netherlands,118,2021-05-05 00:00:00,1014192_1,31,458,172,32,45,112,42,0,2,279,1,0,941,1029,1111,0,102,133,32,191,4,12,53,32,235,551,67,20,39,130,195,129,32,0,337,465,117,129,886,2,3,111,549,92,8,357,0,108,31,0,39,23,18,39,161,168,4,742,3,1762,51,142,354,2,6,733,134,227,349,75,105,90,744,1,99,9,4,21,312,241,55,12,7,504,3,1,68,51,0,27,287,286,256,3,1396,406,51,25,0,23,27,31,0,22,33,166,69,17,213,1,10,0,55,54,24,80,0,6,6,24,7,1,45,0,5,0,6,107,0,0,3,19,35,0,9,4,11,2,11,0,1,1,0,6,4,36,1,8,3,11,111,59,82,0,167,6,19,2,1,0,0,22,1,4,30,6,23,6,0,11,9,0,0,0,11,176,24,0,5,0,1,0,1,0,46,7,2,1,0,0,4,38,10,1,5,20,0,1,1,0,0,16,8,62,25,9,0,10,0,0,0,1,1,0,1,1,1,12,0,0,0,10,0,0,122,20,6,0,0,7,6,3,66,5,0,3,0,0,2,0,4,1,3,0,0,0,0,0,2,0,3,0,0,0,4,2,0,0,0,4,0,13,3,3,0,1,0,0,1,4,3,1,0,0,0,0,3,1,1,0,0,2,0,0,0,0,0,2,0,0,0,5,0,0,0,0,0,0,0,0,0,1,0,0,0,0,2,0,0,0,0,0,4,0,1,1,0,0,0,2,0,0,0,1,0,0,0,0,0,1,0,0,0,6,0,0,0,0,0,0,0,0,0,1,0,1,0,0,2,0,4,0,0,3,0,0,0,0,1,0,0,0,0,0,0,0,0,0,0,0,0,0,0,0,0,0,0,0,0,0,1,0,0,0,0,0,0,0,0,0,0,3,2,5,1,0,0,0,0,0,0,1,0,16,1,0,0,0,0,0,0,2,0,0,0,0,0,0,0,0,1,0,0,0,0,4,0,1,0,0,0,0,0,1,0,0,0,0,0,0,2,0,0,0,0,0,0,0,0,0,0,0,0,0,1,0,0,0,0,0,0,0,0,0,0,0,0,0,0,1,0,0,0,1,0,0,0,0,0,0,0,0,0,0,0,0,0,0,0,0,0,0,0,0,0,0,0,0,0,0,0,0,0,0,0,0,0,0,0,0,0,0,1,0,0,0,0,0,0,0,0,0,0,0,0,0,0,0,0,0,0,0,0,0,0,0,0,0,0,0,0,0,0,0,0,0,0,0,0,0,0,0,0,0,,,0.138679147,0.022635364,0.025029139,0.033068931,0.000199445,0.003461489,0.020688877,5.86334e-06,0.00193119,0.00590754,0.015653199,6.40165e-05,0.000607294,1.01624e-05,0.004876691,0.04278382,0.003851748,0.002358681,0.001372466,0.00134682,0.001284735,0.002709083,5.52275e-06,0.001017293,0.007881762,0.001714475,0.037381894,0.00164209,0.00538676,0.010554887,0.056297554,0.027138368,0.010060698,0.009630454,0.001390439,0.000751959,0.000855716,0.000929938,0.012179469,0.006723149,0.000960785,0.014074417,0.008183417,7.0669e-07,0.456712549
Rotterdam,Dokhaven,Netherlands,121,2021-05-26 00:00:00,1014194_1,31,555,200,13,30,76,24,5,8,352,2,0,745,1425,879,6,129,113,9,157,5,3,37,27,301,348,53,7,15,86,93,306,34,0,202,531,75,197,927,1,0,53,732,102,7,199,0,77,32,0,35,15,11,57,117,125,0,496,0,2118,55,169,381,0,1,394,172,129,234,87,61,69,733,1,136,1,2,14,198,169,87,13,9,336,0,0,28,21,2,17,211,161,207,0,888,532,44,9,0,6,28,23,0,30,39,107,123,15,231,0,7,0,52,76,9,48,0,10,12,13,5,5,79,0,3,0,7,129,0,0,1,16,16,0,8,0,21,1,11,0,2,1,0,5,8,67,0,10,8,5,191,62,237,0,206,3,10,0,2,0,0,12,0,19,30,4,12,11,0,12,6,8,0,0,19,187,12,0,1,0,0,0,2,2,82,11,1,0,0,0,1,41,4,1,10,16,0,2,0,0,0,26,19,108,48,4,0,4,4,0,0,6,0,1,3,0,4,10,0,0,0,9,1,0,158,41,6,0,0,3,11,1,113,2,0,1,0,0,0,0,0,2,6,0,3,0,0,0,0,0,2,0,4,0,0,1,0,0,0,0,0,21,0,0,0,4,0,0,4,1,0,0,0,0,0,1,3,0,0,0,0,0,0,0,0,0,0,0,0,0,1,6,4,0,0,0,0,1,0,0,0,2,0,0,0,1,3,0,0,3,0,0,0,0,2,0,0,0,0,1,1,0,0,0,2,0,0,0,0,4,0,0,0,16,0,0,0,0,0,0,0,0,0,5,0,3,0,0,0,0,2,0,0,1,0,0,0,0,3,0,0,0,0,0,0,0,0,1,0,0,0,0,0,0,0,0,0,0,0,0,1,0,0,0,0,0,0,0,0,1,0,1,0,1,2,0,0,0,0,0,0,0,0,24,0,0,0,0,0,0,0,0,0,0,0,0,0,0,0,0,0,0,0,0,0,1,0,0,0,0,0,0,3,0,0,0,0,0,0,0,1,0,1,0,0,0,0,0,0,0,0,0,0,0,0,0,0,0,1,0,0,0,0,0,0,0,0,0,0,0,0,0,0,0,0,0,0,0,1,0,0,0,0,0,0,0,0,0,0,0,0,0,0,0,0,0,0,0,0,0,0,0,0,0,0,0,0,0,0,0,0,0,0,0,0,0,0,0,0,0,0,0,0,0,0,0,0,0,0,0,0,0,0,0,0,0,0,0,0,0,0,0,0,0,0,0,0,0,0,0,0,0,0,0,,,0.121802458,0.015519223,0.053585067,0.04268739,0.000202898,0.002301553,0.009735389,9.38221e-06,0.001724908,0.014313171,0.009008896,9.54122e-05,0.00202219,1.01895e-05,0.006279723,0.018109963,0.002093205,0.001215115,0.001074599,0.00321845,0.00071777,0.002846032,6.22159e-06,0.001770932,0.009148128,0.002309667,0.018624442,0.001073187,0.004917076,0.012824276,0.036064697,0.019644663,0.005000518,0.010242015,0.005103699,0.000219704,0.001866553,0.00083556,0.016719683,0.009705018,0.00218473,0.012547231,0.004478288,1.06308e-06,0.516139668
Rotterdam,Dokhaven,Netherlands,123,2021-06-09 00:00:00,1014196_1,23,422,151,22,62,80,28,0,0,376,2,2,574,1289,841,0,194,73,37,118,3,11,43,21,331,243,43,21,32,94,174,120,33,0,156,477,44,99,1094,0,1,62,764,146,2,235,0,93,14,0,16,0,11,67,74,72,16,516,3,2125,74,127,380,8,10,635,175,168,159,71,88,90,792,0,131,1,6,17,177,348,83,10,12,191,0,0,36,21,3,12,220,143,155,0,948,611,32,4,0,15,70,19,0,45,32,148,63,15,278,0,26,0,71,72,12,120,0,9,9,29,4,2,30,0,0,0,0,151,0,0,4,17,15,7,9,0,46,1,14,0,1,5,0,1,3,53,0,12,9,15,109,57,79,0,69,3,20,3,4,0,1,25,0,14,0,3,18,7,0,4,21,1,0,0,8,215,16,0,5,0,1,0,4,0,36,11,1,0,0,0,14,29,2,4,2,24,2,5,2,1,0,12,14,52,12,6,0,7,3,0,2,1,0,0,5,0,0,27,0,0,0,7,0,0,36,35,9,0,0,2,10,1,43,0,0,1,0,0,0,0,0,2,1,0,0,0,0,0,0,0,1,0,5,0,0,6,0,0,0,0,0,12,0,0,0,0,3,0,0,1,0,0,2,0,0,0,4,0,0,0,0,1,1,0,0,0,0,3,0,0,0,6,0,0,0,0,0,0,0,0,1,0,0,1,0,0,0,0,0,0,0,0,0,0,0,0,1,0,0,1,3,0,0,4,3,0,0,0,1,1,0,0,0,10,0,0,0,0,0,0,0,0,0,4,0,0,0,0,1,0,3,0,0,1,0,0,0,0,0,0,0,0,0,0,0,0,0,0,1,0,0,0,0,0,0,0,1,0,0,0,0,0,0,0,1,0,0,0,0,6,0,0,0,3,0,0,0,0,1,0,0,0,0,18,0,0,0,0,0,0,0,0,1,0,0,0,0,0,0,0,0,0,0,0,0,0,0,0,0,0,0,0,0,0,1,0,0,0,0,0,0,0,0,0,0,0,0,0,0,0,0,0,0,0,0,0,0,0,0,0,0,0,0,0,0,0,0,0,0,0,0,0,0,0,0,0,0,2,0,0,0,0,0,0,0,0,0,0,0,0,0,0,0,0,0,0,0,0,0,0,0,0,0,0,0,0,0,0,0,0,0,0,0,0,0,0,0,0,0,0,0,0,0,0,0,0,0,0,0,0,0,0,0,0,0,0,0,0,0,0,0,0,0,0,0,0,0,0,0,0,0,0,0,0,,,0.152429403,0.023283188,0.032695881,0.018143572,0.000286765,0.003570577,0.020948914,4.32616e-06,0.001438573,0.007700095,0.036501478,0.000218302,0.003552453,4.47349e-05,0.002547739,0.013564806,0.001815792,0.00081849,0.000730571,0.003299694,0.002914637,0.002443881,1.15664e-05,0.001199939,0.002076336,0.003120375,0.018073711,0.001344051,0.003523946,0.01199568,0.039909008,0.027488883,0.002409481,0.017100247,0.013284644,0.000215068,0.000881363,0.00109238,0.013342005,0.009159471,0.00538196,0.022586209,0.004152936,5.8292e-07,0.472696283
Rotterdam,Dokhaven,Netherlands,125,2021-06-23 00:00:00,1014198_1,34,437,151,19,61,89,28,0,0,395,5,0,806,1457,776,1,161,58,46,64,6,10,48,27,315,296,34,10,34,114,162,140,22,0,296,446,71,93,1183,6,5,60,947,118,6,234,3,119,25,0,28,6,17,61,121,97,2,743,11,2479,66,115,427,2,6,559,252,225,143,74,92,121,864,0,129,1,14,31,136,342,81,9,17,284,1,0,52,24,0,32,204,313,197,1,1433,646,31,1,2,12,62,17,2,40,46,125,92,5,367,4,62,0,49,62,19,94,0,20,8,35,10,16,34,2,7,0,1,130,1,0,5,31,16,0,13,2,59,0,12,1,1,12,0,3,5,64,1,10,9,6,93,84,105,0,95,7,40,2,1,0,4,26,0,12,17,2,15,7,0,9,16,1,1,1,10,261,10,1,2,0,1,0,3,4,31,13,0,0,0,2,8,13,2,2,1,16,2,1,0,0,0,6,37,89,34,0,0,3,0,0,1,6,4,0,9,0,2,27,0,0,0,0,0,0,56,36,3,0,0,3,40,7,18,2,0,6,0,0,0,1,0,3,10,0,0,1,0,0,0,0,8,0,4,0,1,3,0,2,0,0,0,43,2,0,0,3,0,0,5,1,2,1,0,0,0,0,2,2,0,0,0,0,1,2,1,1,0,0,0,0,0,7,0,0,0,0,0,1,0,0,0,7,0,0,0,0,3,0,0,1,0,0,0,0,1,0,1,0,0,4,0,0,0,4,3,0,0,0,0,3,0,0,0,11,0,0,0,0,0,0,0,0,0,2,0,7,0,0,0,0,2,4,0,0,0,0,0,0,1,0,0,0,0,0,0,0,0,0,0,0,0,0,0,0,0,0,2,0,0,0,0,0,0,0,1,0,0,0,2,6,1,0,0,3,0,0,0,0,1,0,0,2,0,29,0,0,0,0,0,0,0,0,0,0,0,0,0,0,0,2,2,3,1,0,0,0,1,0,0,0,0,0,0,0,0,0,0,1,0,0,2,0,0,0,0,0,0,0,0,0,0,0,0,0,0,0,0,0,0,0,0,0,0,0,0,0,0,0,0,0,0,0,0,0,0,0,0,0,0,0,0,0,0,0,0,0,0,0,0,0,0,0,0,0,0,0,0,0,0,0,0,0,0,0,0,0,0,0,0,0,0,0,0,0,0,0,0,0,0,0,0,0,0,0,0,0,0,0,3,0,0,0,0,0,0,0,0,0,0,0,0,0,0,0,0,0,0,0,0,0,0,0,0,0,,,0.096966018,0.02701818,0.027116493,0.017209188,0.001409726,0.003065027,0.012287834,7.26848e-06,0.00134913,0.018966834,0.011952569,0.012965036,0.005561287,1.05821e-05,0.003481163,0.024928262,0.006057117,0.000538221,0.001165347,0.002353045,0.001175485,0.006504708,1.05886e-05,0.005912523,0.007206231,0.008591791,0.013174827,0.001169019,0.0050601,0.014692542,0.026680272,0.016467316,0.003442528,0.006668602,0.010925215,0.000273121,0.001442057,0.000861357,0.019480224,0.017671829,0.008976894,0.025885284,0.004502134,2.18265e-06,0.518814839
Rotterdam,Dokhaven,Netherlands,127,2021-07-08 00:00:00,1014200_1,34,360,162,24,63,88,27,2,1,270,4,0,641,855,922,0,142,46,21,74,5,4,57,33,209,301,52,8,23,93,224,79,19,0,176,376,104,154,910,0,1,75,669,100,7,347,0,49,33,0,25,11,10,66,113,122,5,624,0,1614,49,109,301,10,9,524,106,197,173,74,74,117,522,0,112,0,14,14,145,254,47,9,17,236,1,0,18,17,5,38,235,202,204,1,1134,400,39,1,0,12,59,19,1,17,66,132,64,7,264,0,77,0,69,44,26,78,0,18,13,20,5,13,40,0,2,0,6,109,0,0,3,27,17,7,5,0,48,1,12,0,0,17,1,4,3,32,1,2,10,11,84,41,63,0,81,7,29,0,0,0,0,9,0,18,15,4,17,2,1,3,31,2,0,0,11,180,19,0,0,0,3,1,6,4,35,7,1,0,0,0,15,30,4,0,7,18,2,2,2,1,0,7,14,82,20,3,0,0,1,0,0,7,4,0,4,1,2,15,0,0,0,11,0,0,100,14,7,0,0,1,16,5,37,1,0,3,0,0,0,4,0,1,2,0,0,0,0,0,1,0,4,0,2,0,0,1,0,2,0,1,0,12,6,0,0,1,0,2,10,0,0,4,0,0,0,2,0,3,0,0,0,1,0,0,0,0,0,1,0,0,2,9,0,0,0,0,0,0,0,0,0,2,0,0,0,0,1,0,0,5,0,0,1,0,0,0,0,1,0,1,1,0,0,1,0,0,0,0,0,9,0,0,0,8,0,0,0,0,1,0,0,0,0,4,0,1,0,0,0,0,0,0,0,8,0,0,0,0,0,0,0,0,0,0,0,0,0,0,0,0,0,0,1,0,0,0,1,0,0,0,0,0,0,0,0,0,0,0,0,7,0,1,0,1,0,0,0,0,0,0,0,0,0,7,0,0,0,3,0,0,0,0,0,0,0,0,0,0,0,0,1,0,1,0,0,0,1,0,0,0,0,0,0,0,0,0,0,0,0,0,0,0,0,0,0,0,0,0,0,0,0,0,0,0,0,0,0,0,0,0,0,0,0,0,0,0,0,0,0,0,0,0,0,5,0,0,0,0,0,0,0,0,0,0,0,0,0,0,0,0,0,0,0,0,1,0,0,0,0,0,0,0,0,0,0,0,0,0,0,0,0,0,0,0,0,0,0,0,0,0,0,0,0,0,0,0,0,0,0,1,0,0,0,0,0,0,0,0,0,0,0,0,0,0,0,0,0,0,0,0,0,0,0,0,,,0.148818539,0.022365907,0.016722818,0.036114192,0.000599707,0.004138512,0.01400887,5.60156e-06,0.001525357,0.016310565,0.021228882,0.000476971,0.001269721,1.67885e-05,0.004990829,0.042554775,0.006845446,0.00094008,0.001646384,0.010319537,0.001683869,0.002294806,6.96573e-06,0.001843127,0.003493346,0.004496499,0.016189375,0.000969419,0.003625087,0.006479719,0.048689622,0.040321425,0.002487097,0.007838245,0.037151645,0.000577755,0.0013534,0.00108879,0.013563934,0.012335025,0.015780971,0.022671274,0.001384041,5.31075e-07,0.402774552
Rotterdam,Dokhaven,Netherlands,130,2021-07-28 00:00:00,1014203_1,25,107,57,10,13,20,7,0,2,99,3,1,241,233,533,1,79,14,11,10,0,1,24,28,24,57,20,5,5,34,70,29,8,0,304,133,41,27,259,3,0,14,219,37,2,137,0,17,15,0,7,0,1,19,27,84,0,285,0,526,46,40,94,0,1,95,16,83,29,58,26,22,113,0,13,1,0,5,23,105,27,6,7,73,1,0,20,2,3,15,87,188,65,0,604,82,17,1,0,3,16,3,0,9,11,25,35,1,82,2,64,0,24,3,2,25,0,4,6,14,1,2,19,4,16,0,0,19,0,0,6,2,2,0,2,3,7,1,6,0,8,3,0,1,2,6,4,0,0,2,13,23,18,0,44,0,17,0,0,0,0,7,0,3,52,3,1,5,0,0,12,0,0,0,8,5,12,1,0,0,4,0,1,0,13,3,0,0,0,0,9,10,0,0,1,1,0,2,0,1,0,0,8,48,12,0,0,5,0,0,0,0,0,0,0,0,1,8,0,0,0,6,0,0,25,11,1,0,3,1,10,2,13,0,0,0,0,0,3,0,1,1,1,0,0,0,0,0,3,0,2,0,0,0,1,1,8,2,0,0,1,3,7,0,0,3,0,1,2,0,17,16,0,0,0,3,1,0,10,0,0,2,0,0,0,0,0,0,0,0,0,4,2,2,0,1,0,10,0,0,0,0,0,0,0,0,0,0,0,0,0,0,4,0,0,1,0,0,0,1,1,0,7,0,0,0,0,0,0,1,0,0,0,0,3,0,0,0,1,0,0,0,0,3,0,0,0,0,0,0,3,0,0,0,0,3,0,0,1,0,0,0,0,0,0,0,1,0,0,0,0,0,0,0,0,0,0,0,0,0,0,0,0,0,0,0,0,0,0,0,1,0,0,3,0,1,0,0,0,0,0,0,0,1,0,0,0,46,0,0,0,0,0,0,0,0,0,0,0,0,0,0,0,0,0,3,0,0,0,0,0,0,0,0,0,0,2,0,0,0,0,0,0,0,0,0,0,0,0,0,0,0,2,0,0,0,0,0,1,0,0,0,0,0,1,0,1,0,0,0,0,0,0,0,0,0,0,0,0,0,0,0,0,0,0,0,0,0,0,0,2,0,1,0,0,0,0,0,0,0,0,0,0,0,2,0,0,0,0,0,0,0,0,0,0,0,0,0,0,0,0,0,0,0,0,0,0,0,0,0,0,0,0,0,0,0,0,0,0,0,0,0,0,0,0,0,0,0,0,0,0,0,0,0,,,0.090855217,0.021946493,0.014400689,0.009903655,0.002430985,0.001691666,0.019596601,1.68491e-05,0.002726528,0.006130171,0.012508019,0.000795332,0.001247232,5.92676e-06,0.015147167,0.023090029,0.008771861,0.000238645,0.001291289,0.026729938,0.000683508,0.010383482,2.03163e-05,0.001207439,0.003213526,0.015541026,0.013453359,0.000964952,0.003119857,0.007179165,0.014573885,0.018802183,0.005217898,0.008437187,0.052053061,0.000230221,0.000565858,0.023628362,0.013309149,0.009565481,0.009403588,0.006345179,0.002062268,3.42814e-06,0.520511328
Rotterdam,Dokhaven,Netherlands,132,2021-08-11 00:00:00,1014205_1,27,433,143,11,46,88,15,2,1,310,4,0,456,1203,783,0,120,26,13,52,5,2,40,12,242,197,28,15,50,111,133,123,13,0,247,474,52,81,891,1,0,45,800,100,0,186,2,69,43,0,15,0,2,53,59,100,1,387,5,2297,12,125,336,2,1,398,112,200,101,84,52,127,594,0,75,0,21,125,94,517,74,1,31,171,0,0,10,17,7,25,181,138,134,0,822,459,46,3,0,5,66,13,0,44,17,77,54,6,310,1,31,0,99,69,9,156,0,9,7,19,8,4,23,1,10,0,0,151,1,0,5,14,11,1,8,0,59,3,12,0,1,7,0,3,4,49,0,8,5,13,116,72,127,0,152,3,57,0,1,0,1,54,0,9,4,1,16,10,0,10,42,0,0,0,10,90,17,0,0,0,0,0,7,1,42,12,1,0,0,0,8,16,0,3,1,25,1,3,1,0,0,9,27,63,21,1,1,0,0,0,0,8,0,0,3,0,2,25,0,0,0,5,0,0,71,35,5,0,0,0,19,4,48,0,0,0,0,2,0,0,0,2,4,0,2,1,0,0,1,0,0,0,2,0,0,3,0,0,0,0,0,18,0,0,0,4,1,2,8,1,0,0,0,0,0,1,10,0,0,0,0,3,2,0,1,0,0,0,0,0,0,8,0,0,0,0,0,0,0,0,1,5,0,0,0,0,1,0,0,7,0,0,1,0,1,0,1,0,0,5,2,0,0,4,1,0,0,0,0,2,0,3,0,4,0,0,0,0,0,0,0,0,0,4,0,5,1,0,0,0,0,0,2,1,0,0,0,0,2,0,0,0,0,1,0,0,0,0,0,0,0,0,2,0,0,2,0,0,0,0,0,0,0,0,2,0,0,0,0,2,0,0,0,1,1,0,0,0,0,0,0,2,0,21,0,0,0,0,0,0,0,0,0,0,0,0,0,0,0,0,0,0,0,0,0,0,0,0,0,0,0,0,1,0,0,0,0,0,0,0,0,0,0,0,0,0,0,0,0,0,0,0,0,0,0,0,0,0,0,1,0,1,0,0,0,0,1,0,0,0,0,0,0,0,0,0,0,0,0,0,0,0,0,0,0,0,0,0,0,0,0,0,0,0,0,0,0,0,0,0,0,0,0,0,0,0,0,0,0,0,0,0,0,0,0,0,0,0,0,0,0,0,0,0,0,0,0,0,0,0,0,0,0,0,0,0,0,0,0,0,0,0,0,0,0,0,0,0,0,0,0,0,0,0,,,0.128479367,0.015045404,0.034847727,0.014800585,0.000224574,0.002645105,0.013097103,1.0097e-05,0.00214117,0.013254671,0.017018173,0.000724333,0.002670716,7.44421e-06,0.00827827,0.021112489,0.007423824,0.000239464,0.000704304,0.029188267,0.001411721,0.00539052,1.43523e-05,0.001364827,0.005300664,0.006014918,0.024533253,0.00137215,0.002675627,0.007032865,0.037518274,0.01658752,0.003056287,0.008044524,0.064565088,0.000375169,0.002082195,0.014781792,0.009107114,0.007875984,0.0151786,0.023992274,0.00287432,3.28373e-06,0.426933595
Rotterdam,Dokhaven,Netherlands,134,2021-08-30 00:00:00,1014208_1,7,376,135,12,79,58,31,0,0,311,2,0,260,1196,775,3,87,33,46,78,7,6,24,25,221,226,32,22,26,99,182,88,21,0,107,344,78,54,823,0,4,44,726,86,1,173,1,22,28,0,18,7,11,48,65,65,0,325,2,2199,73,80,309,2,0,457,124,165,120,27,96,200,669,0,92,1,11,22,142,451,67,6,12,196,3,0,41,25,1,23,175,57,100,0,533,534,34,1,0,16,97,15,2,31,23,117,68,4,291,0,25,0,115,72,13,154,0,18,29,32,5,9,22,1,0,0,1,145,0,0,6,18,3,3,16,0,71,2,9,0,2,3,0,2,4,46,1,1,17,15,132,73,82,0,67,4,66,1,2,0,1,63,0,11,1,3,26,8,0,7,33,0,1,1,5,130,14,0,0,0,0,0,8,0,19,11,2,0,0,1,9,27,1,4,2,13,0,2,1,0,0,9,31,53,22,1,0,0,0,0,0,8,1,0,3,0,1,22,0,0,0,5,2,0,31,24,0,0,0,0,22,9,37,0,0,5,0,0,0,1,1,2,6,2,2,0,0,0,0,1,0,0,7,0,0,5,0,1,0,0,0,13,2,0,0,4,0,2,5,0,1,0,0,0,0,0,13,0,0,0,0,0,1,0,0,0,0,0,0,0,0,6,4,0,0,0,0,0,0,0,2,3,0,0,0,0,1,0,0,2,0,0,0,0,1,2,2,0,0,1,6,0,0,0,1,0,0,0,0,2,0,0,0,4,0,0,0,0,0,0,0,0,0,4,0,1,0,0,0,0,2,0,0,6,0,0,0,0,1,0,0,0,0,0,0,0,0,0,0,0,0,0,0,0,0,0,0,0,0,0,0,1,0,0,0,0,0,0,1,1,1,1,0,3,3,0,1,0,0,0,0,1,0,20,0,0,0,0,0,0,0,0,1,0,1,0,0,0,0,1,0,0,0,0,0,3,0,0,0,0,0,0,0,0,0,0,0,1,0,0,0,0,0,0,0,0,0,0,0,0,0,0,0,0,0,0,0,0,1,0,0,1,0,0,2,2,3,0,0,0,0,0,0,0,0,0,0,0,0,0,0,0,0,0,0,0,0,0,0,0,0,0,0,0,0,0,0,0,0,0,0,0,0,0,0,0,0,0,0,0,0,0,0,0,0,0,0,0,0,0,0,0,0,0,0,0,0,0,0,0,0,0,0,0,0,0,0,0,0,0,0,0,0,0,0,0,0,0,0,0,0,0,0,0,,,0.097061936,0.00860712,0.02804037,0.006393033,0.000159301,0.001296188,0.010824885,9.00794e-06,0.00390759,0.007919339,0.018650992,0.000191372,0.005060789,6.79545e-06,0.004169948,0.03718138,0.010439584,0.000433995,0.000870079,0.013590335,0.000186232,0.005292407,5.54824e-06,0.000753453,0.007873866,0.002252279,0.017963193,0.000887845,0.001607368,0.003634746,0.048256565,0.015985808,0.003055422,0.007207428,0.118022282,0.000210234,0.00054554,0.00182714,0.014721333,0.009954112,0.012153465,0.037789097,0.001385107,5.18295e-07,0.433614971
Rotterdam,Dokhaven,Netherlands,138,2021-09-22 00:00:00,1014209_1,31,427,144,21,52,40,17,0,6,319,4,0,531,1073,656,0,104,31,100,57,4,8,45,23,179,183,46,17,17,96,138,117,13,0,436,465,75,186,913,4,0,27,896,89,2,247,1,38,17,0,16,7,7,42,60,120,7,383,6,2261,47,142,232,1,1,286,91,161,83,78,72,116,674,0,66,0,9,17,97,311,82,7,13,143,11,0,31,16,3,17,183,162,185,4,731,524,24,0,0,11,39,17,0,45,34,64,71,3,303,1,16,0,63,39,18,119,0,24,21,24,4,13,30,1,3,0,10,120,2,0,1,14,12,2,10,2,57,1,7,0,0,7,0,1,4,46,1,7,4,20,117,63,139,0,347,0,36,3,2,0,0,19,0,14,34,2,20,7,1,10,22,1,0,0,20,152,28,2,0,1,2,0,13,0,39,9,1,0,0,1,4,24,1,3,3,19,0,3,1,1,0,10,29,186,19,1,0,2,0,0,1,2,1,0,3,0,0,15,0,0,0,8,0,0,109,37,3,0,0,3,15,8,117,0,0,1,0,0,0,1,0,2,7,0,0,0,0,0,0,0,4,0,0,0,0,1,0,0,0,2,0,10,3,2,0,3,0,2,7,0,1,0,0,0,0,0,6,4,0,0,0,1,0,0,0,2,0,0,0,0,0,6,1,0,0,0,0,0,0,0,0,2,0,0,0,0,0,0,0,0,0,0,0,0,0,0,0,0,0,5,0,0,0,1,0,0,0,0,0,0,0,1,0,6,0,0,0,0,0,0,0,0,0,8,0,0,0,0,0,0,2,0,0,4,0,0,0,0,3,0,0,0,0,0,0,0,0,0,0,0,1,0,3,1,0,0,0,0,0,0,0,0,0,0,0,0,0,0,1,1,0,0,0,0,0,0,0,0,0,0,0,0,0,24,0,1,0,0,0,0,0,0,0,0,0,0,0,0,0,0,0,0,0,0,0,0,0,0,0,0,0,0,1,0,0,0,0,0,0,0,0,0,0,0,0,0,0,0,0,0,0,0,0,0,0,0,0,0,0,0,0,1,0,0,0,0,0,0,0,0,0,0,0,0,0,0,0,0,0,0,0,0,0,0,0,0,0,0,0,0,0,0,0,0,0,0,0,0,1,1,0,0,0,0,0,0,0,0,0,0,0,0,0,0,0,0,0,0,0,0,0,0,0,0,0,0,0,0,0,0,0,0,0,0,0,0,0,0,0,0,0,0,0,0,0,0,0,0,0,0,0,0,0,0,,,0.078474657,0.016356159,0.045089287,0.023152898,0.000144462,0.002341114,0.013407486,1.08226e-05,0.004307495,0.006041021,0.013564338,0.000123967,0.00235064,1.90015e-05,0.007982843,0.065782903,0.005290516,0.000381704,0.000902231,0.045615585,0.001668166,0.00143774,4.74086e-06,0.000817117,0.004001054,0.001594092,0.008974153,0.000438667,0.005330762,0.007103898,0.027962309,0.043879847,0.001853039,0.003380306,0.090907881,0.000148659,0.001684323,0.005168785,0.013070098,0.004230723,0.008961159,0.014367605,0.004064356,1.98839e-06,0.417609406
Rotterdam,Dokhaven,Netherlands,139,2021-09-29 00:00:00,1014210_1,16,611,156,18,78,58,40,0,2,492,2,0,424,1375,1099,4,180,33,106,106,7,7,38,36,334,263,42,19,37,126,257,228,16,0,190,656,88,103,1265,0,1,39,1184,102,0,321,0,43,43,0,16,4,19,75,90,150,2,485,6,2872,69,153,434,1,2,485,194,267,181,115,119,168,1064,1,155,0,6,28,142,322,102,7,21,246,14,0,38,38,2,38,256,103,172,0,781,930,31,1,0,11,58,13,0,58,38,137,98,7,453,0,26,0,43,66,18,120,0,38,27,36,2,12,41,0,6,0,1,187,0,0,7,17,20,11,6,0,94,4,16,1,3,5,0,5,5,68,3,6,7,38,156,74,168,0,130,5,45,2,0,0,1,5,0,18,2,4,28,10,1,6,27,1,0,0,8,285,40,6,2,0,4,0,6,0,45,13,2,0,0,0,4,23,1,2,3,26,0,9,1,3,0,13,26,99,37,3,1,2,2,0,6,8,0,1,1,0,0,18,0,0,0,3,0,0,93,54,0,0,0,0,18,10,78,0,0,5,0,0,0,0,3,0,11,0,0,1,0,0,1,0,5,0,1,0,0,1,0,0,0,0,0,15,1,5,0,9,0,3,5,0,0,0,0,0,1,0,2,0,0,0,0,7,1,0,0,0,1,2,0,0,0,8,1,0,0,0,0,0,0,0,0,1,1,0,0,0,0,0,0,0,0,0,0,0,2,0,1,0,0,1,0,0,0,2,1,0,1,0,0,4,0,0,0,14,0,0,0,0,1,0,1,0,0,7,0,5,0,0,0,0,0,0,0,2,0,0,0,0,0,0,0,0,0,0,0,0,0,1,0,0,0,0,0,0,0,0,0,0,0,0,0,0,0,0,2,0,0,0,2,5,0,1,0,1,2,0,0,0,0,0,0,1,0,41,0,0,0,0,0,0,0,0,0,0,0,0,0,0,0,0,0,0,0,0,0,0,0,0,0,0,0,0,0,0,0,0,0,1,0,0,0,0,0,0,0,0,0,0,0,0,0,0,0,0,0,0,0,0,0,0,0,0,0,0,0,0,0,0,0,0,0,0,0,0,0,0,0,0,2,0,0,0,0,0,0,0,0,0,0,0,0,0,0,0,0,0,0,0,1,0,0,0,0,0,0,0,0,0,0,0,0,1,0,0,0,0,0,0,0,0,0,0,0,0,0,0,0,0,0,0,0,0,0,0,0,0,0,0,0,0,0,0,0,0,0,0,0,0,0,0,0,0,0,0,,,0.068995002,0.008204405,0.036951415,0.011697023,0.000867056,0.002919693,0.021035795,8.36135e-06,0.004141009,0.009240204,0.020237314,8.76943e-05,0.004475382,1.49456e-05,0.006715769,0.061776483,0.00986397,0.000234915,0.000583747,0.014123169,0.001836301,0.013871944,5.74645e-06,0.000591702,0.005018099,0.004571306,0.043776144,0.00072241,0.004193951,0.008323717,0.02499217,0.014661044,0.00280209,0.006259594,0.064955738,0.000284305,0.001400269,0.001012326,0.010695652,0.012680947,0.010376384,0.025435889,0.001853027,2.0224e-06,0.457503867
Rotterdam,Dokhaven,Netherlands,140,2021-10-07 00:00:00,1014211_1,84,435,82,25,17,29,3,0,2,271,0,3,440,649,674,2,87,25,10,20,7,3,74,16,138,114,22,5,30,71,62,81,22,0,914,398,114,50,534,0,2,23,513,53,2,135,1,39,64,0,10,10,2,39,33,90,2,1044,3,1401,41,72,271,2,4,307,86,168,66,131,58,45,370,0,56,2,4,21,48,96,36,10,8,120,12,0,19,7,2,15,139,679,113,0,1928,250,31,2,0,1,33,10,0,18,8,82,39,12,235,0,18,0,19,35,22,40,0,9,10,18,4,2,25,0,3,0,0,71,0,0,4,26,69,2,1,6,15,3,4,0,0,2,0,0,4,24,2,3,10,8,116,37,81,0,152,2,19,1,0,0,0,2,0,6,139,0,5,6,0,0,8,0,0,1,9,128,9,0,0,0,0,0,5,0,42,8,0,0,0,0,7,8,2,2,11,5,0,2,0,0,0,7,6,58,24,0,0,1,1,0,0,4,4,0,0,0,4,6,0,0,0,4,0,0,35,20,0,0,0,1,9,2,48,4,0,3,0,0,0,0,2,1,0,0,0,0,0,0,6,0,2,0,0,0,0,3,0,0,0,2,0,17,27,0,0,1,0,4,1,0,0,0,0,0,1,1,0,1,0,0,0,2,0,0,0,0,0,3,0,0,0,4,1,1,0,1,0,1,0,0,0,0,1,0,0,0,0,0,0,5,0,0,1,0,0,0,0,0,0,0,0,0,0,0,0,0,0,0,0,0,0,0,0,5,0,0,0,0,0,1,0,0,0,1,0,0,0,0,0,0,0,1,0,0,0,0,0,0,0,0,1,0,0,0,0,0,0,0,0,0,0,0,0,0,0,0,2,0,0,0,0,0,0,0,0,0,0,0,0,2,0,0,0,0,1,0,0,0,0,0,0,2,0,4,0,0,0,0,0,0,0,0,0,0,0,0,0,0,4,0,0,0,1,0,0,0,0,0,0,0,0,0,0,0,0,0,0,0,0,0,0,0,0,1,0,0,0,0,0,0,0,0,0,0,0,0,0,0,1,0,0,0,0,0,0,0,0,0,0,0,0,0,0,0,0,0,1,0,0,0,0,0,0,0,0,0,0,0,0,0,0,0,0,0,0,0,0,0,0,0,0,0,0,0,0,0,0,0,0,0,0,0,0,0,0,0,0,0,0,0,0,0,0,0,0,0,0,0,0,0,0,0,2,0,0,0,0,0,0,0,0,0,0,0,0,0,0,0,0,0,0,0,0,0,,,0.132177909,0.054410487,0.035321075,0.002996784,0.00045273,0.001847242,0.006431143,6.89249e-06,0.009451696,0.004523764,0.025929642,0.000161627,0.000316503,1.94006e-05,0.018971597,0.140829948,0.012126055,0.000172367,0.004827724,0.035134196,0.000791017,0.001609343,5.39026e-06,0.002908152,0.001862695,0.002537872,0.013373021,0.001652516,0.001620158,0.007231079,0.00897201,0.035099997,0.001687971,0.00652896,0.068653135,0.000218145,0.000370274,0.02651486,0.010441467,0.004847237,0.006092603,0.010384079,0.003656854,4.56653e-07,0.296831924
Rotterdam,Dokhaven,Netherlands,142,2021-10-20 00:00:00,1014213_1,33,692,284,45,77,156,47,1,4,633,3,0,1165,2027,1317,1,296,143,56,122,11,14,77,33,410,350,64,31,67,211,301,195,38,2,277,832,106,276,2139,3,4,105,1443,193,1,445,0,154,49,0,43,13,19,96,149,150,5,833,15,3561,138,262,608,5,12,809,272,253,223,151,164,129,1027,0,217,3,12,56,204,459,143,8,25,412,10,0,75,45,1,44,359,214,326,4,1394,994,67,9,1,24,69,25,0,82,63,170,161,13,592,0,57,1,98,100,27,161,1,40,20,27,17,9,68,0,1,0,2,233,3,0,3,22,14,0,13,2,69,6,19,2,2,15,3,7,10,137,0,2,13,18,194,133,156,0,172,0,25,5,3,0,0,15,2,15,13,5,29,5,0,12,44,2,1,0,9,344,48,0,3,0,2,0,6,4,65,34,0,0,0,0,11,34,4,3,2,20,3,9,2,4,0,27,21,184,27,1,0,2,3,0,2,16,4,0,10,0,1,24,0,0,0,11,0,0,108,71,4,0,0,0,34,6,81,2,0,4,0,0,0,3,0,4,7,0,0,0,0,0,3,0,9,0,4,0,0,6,0,0,0,0,0,38,3,0,0,3,0,0,9,3,0,1,0,0,0,0,7,0,1,0,0,7,0,1,1,2,1,1,0,0,1,5,2,0,0,0,0,0,0,0,0,3,0,0,0,0,1,2,0,0,0,0,0,0,5,0,0,0,0,11,0,0,0,0,0,0,0,0,0,5,0,0,0,5,0,0,0,0,0,0,0,0,0,5,0,2,0,1,0,0,0,0,1,3,0,0,0,0,3,0,0,0,0,0,0,0,0,0,0,0,0,0,0,1,0,0,0,0,0,0,0,0,0,0,0,0,0,0,0,3,5,1,0,2,0,0,0,0,0,0,0,0,0,38,0,0,0,0,0,0,0,0,0,0,1,2,1,1,1,2,1,0,0,0,0,0,0,0,0,0,0,0,0,0,0,0,0,0,0,0,0,0,0,0,0,0,0,0,0,0,0,0,0,0,0,0,0,0,0,0,0,0,0,0,0,0,0,0,0,0,0,0,0,0,0,0,0,0,0,0,0,0,0,0,0,0,0,0,0,0,0,0,0,0,0,0,0,0,0,0,0,0,0,0,0,0,0,0,0,0,0,0,0,0,0,0,0,0,0,0,0,0,0,0,0,0,0,0,0,0,0,0,0,0,0,0,0,0,0,0,0,0,0,0,0,0,0,0,0,0,0,0,0,0,,,0.088553683,0.012436058,0.042720962,0.01446217,0.000172941,0.005001117,0.01323369,8.94349e-06,0.003507221,0.017488359,0.021657163,7.08128e-05,0.001269716,1.29619e-05,0.008153147,0.073918207,0.025530093,0.000553218,0.00051671,0.016130495,0.002249647,0.001379928,7.91705e-06,0.001258391,0.008774045,0.001854756,0.014208823,0.000786525,0.004959564,0.010106606,0.037367154,0.01330509,0.002142821,0.006583439,0.042189111,0.00018782,0.003152284,0.001580424,0.008812223,0.007085129,0.019116584,0.025941127,0.008674243,1.02949e-06,0.43287765
Rotterdam,Dokhaven,Netherlands,144,2021-11-03 00:00:00,1014215_1,13,348,103,12,35,63,19,2,5,348,11,0,877,969,676,0,194,56,28,44,18,6,51,22,258,138,30,9,45,111,123,132,23,0,136,375,72,136,1064,0,2,59,751,93,2,250,1,100,37,0,23,5,5,37,61,90,4,452,0,1702,80,100,324,3,0,391,195,160,61,133,78,58,523,0,150,5,5,22,82,168,79,14,8,140,15,0,35,12,2,35,200,134,217,1,833,498,26,2,0,11,24,17,0,28,28,54,57,4,297,0,54,0,33,42,10,54,0,20,13,8,6,9,36,0,0,0,1,108,0,0,1,31,11,0,11,0,20,3,9,1,2,9,0,6,0,53,3,4,5,8,106,56,81,0,109,2,15,1,0,0,0,10,1,19,13,0,10,7,0,5,21,1,0,0,13,186,14,0,0,0,1,0,3,1,41,11,0,0,0,0,6,18,4,1,3,17,0,3,1,0,0,22,4,85,16,0,1,2,0,0,0,5,0,0,1,0,3,8,0,0,2,12,0,0,70,44,0,0,0,1,10,4,68,0,0,1,0,0,1,0,0,3,2,0,0,0,0,0,1,0,1,0,5,0,0,0,0,2,0,0,0,23,4,0,0,0,2,1,2,0,0,0,0,0,0,4,1,0,0,0,0,5,2,0,0,2,0,0,0,0,0,1,0,1,0,0,0,1,0,0,0,2,0,0,0,0,0,0,0,1,0,0,0,0,0,0,0,0,0,0,0,0,0,3,0,0,0,0,0,0,0,0,0,4,0,0,0,0,0,0,0,0,0,7,0,1,0,0,0,0,0,0,0,3,0,0,1,0,0,0,0,0,0,0,0,0,0,0,1,0,1,0,0,0,0,0,0,0,0,0,0,0,0,0,0,0,0,0,1,2,1,0,0,0,1,0,0,0,0,0,0,0,0,11,0,0,0,0,0,0,0,0,1,0,0,0,0,0,0,0,0,0,0,0,0,0,0,0,0,0,0,0,0,0,0,0,0,0,0,0,0,0,0,0,0,0,0,0,0,0,0,0,0,0,0,0,0,0,0,0,0,0,0,0,0,0,0,0,0,0,0,0,0,0,0,0,0,0,0,0,0,0,0,0,0,0,0,0,0,0,0,0,0,0,1,0,0,0,0,1,0,0,0,0,0,0,0,0,0,0,0,0,0,0,0,0,0,0,0,0,0,0,0,0,0,0,0,0,0,0,0,0,0,0,0,0,0,0,0,0,0,0,0,0,0,0,0,0,1,0,0,0,0,0,,,0.094451182,0.014389923,0.031099871,0.037128758,0.000357868,0.004876734,0.008542492,1.23787e-05,0.004572904,0.009322635,0.009652212,9.22855e-05,0.002517198,2.04767e-05,0.008011154,0.08874267,0.013157097,0.000762639,0.000468556,0.022679261,0.00099394,0.001339697,9.95627e-06,0.001067484,0.002201596,0.002417103,0.007874645,0.000716828,0.004712773,0.009786813,0.026185407,0.012711664,0.001534562,0.017621733,0.034610424,0.000124946,0.000719897,0.001398765,0.013707419,0.008109095,0.019132956,0.019955244,0.006021279,7.32205e-07,0.456186746
