sample_id,Site,taxa_id,rel_abundance,COLLECTION_DATE,COMPLETE_NAME,COUNTRY,CITY,LATITUDE,LONGITUDE,PLANT,relative_week
1014220_1,Bologna,Acidovorax,0.151027869,2020-04-07 00:00:00,DTU_2022_1014220_1_MG_IT_BO_200407_GSL_60,Italy,Bologna,44.4949,11.3426,Gruppo HERA,61
1014220_1,Bologna,Acinetobacter,0.017902061,2020-04-07 00:00:00,DTU_2022_1014220_1_MG_IT_BO_200407_GSL_60,Italy,Bologna,44.4949,11.3426,Gruppo HERA,61
1014220_1,Bologna,Aeromonas,0.004477809,2020-04-07 00:00:00,DTU_2022_1014220_1_MG_IT_BO_200407_GSL_60,Italy,Bologna,44.4949,11.3426,Gruppo HERA,61
1014220_1,Bologna,Aliarcobacter,0.006024745,2020-04-07 00:00:00,DTU_2022_1014220_1_MG_IT_BO_200407_GSL_60,Italy,Bologna,44.4949,11.3426,Gruppo HERA,61
1014220_1,Bologna,Aquabacterium_A,0.067314551,2020-04-07 00:00:00,DTU_2022_1014220_1_MG_IT_BO_200407_GSL_60,Italy,Bologna,44.4949,11.3426,Gruppo HERA,61
1014220_1,Bologna,Bacteroides,0.000566395,2020-04-07 00:00:00,DTU_2022_1014220_1_MG_IT_BO_200407_GSL_60,Italy,Bologna,44.4949,11.3426,Gruppo HERA,61
1014220_1,Bologna,Brachymonas,0.007622803,2020-04-07 00:00:00,DTU_2022_1014220_1_MG_IT_BO_200407_GSL_60,Italy,Bologna,44.4949,11.3426,Gruppo HERA,61
1014220_1,Bologna,Brevefilum,9.6059e-05,2020-04-07 00:00:00,DTU_2022_1014220_1_MG_IT_BO_200407_GSL_60,Italy,Bologna,44.4949,11.3426,Gruppo HERA,61
1014220_1,Bologna,Brevundimonas,0.002103927,2020-04-07 00:00:00,DTU_2022_1014220_1_MG_IT_BO_200407_GSL_60,Italy,Bologna,44.4949,11.3426,Gruppo HERA,61
1014220_1,Bologna,Cloacibacterium,0.001992027,2020-04-07 00:00:00,DTU_2022_1014220_1_MG_IT_BO_200407_GSL_60,Italy,Bologna,44.4949,11.3426,Gruppo HERA,61
1014220_1,Bologna,Comamonas,0.022012356,2020-04-07 00:00:00,DTU_2022_1014220_1_MG_IT_BO_200407_GSL_60,Italy,Bologna,44.4949,11.3426,Gruppo HERA,61
1014220_1,Bologna,Competibacter_A,0.000179805,2020-04-07 00:00:00,DTU_2022_1014220_1_MG_IT_BO_200407_GSL_60,Italy,Bologna,44.4949,11.3426,Gruppo HERA,61
1014220_1,Bologna,Enterobacter,0.000573086,2020-04-07 00:00:00,DTU_2022_1014220_1_MG_IT_BO_200407_GSL_60,Italy,Bologna,44.4949,11.3426,Gruppo HERA,61
1014220_1,Bologna,Fermentibacter,6.57668e-06,2020-04-07 00:00:00,DTU_2022_1014220_1_MG_IT_BO_200407_GSL_60,Italy,Bologna,44.4949,11.3426,Gruppo HERA,61
1014220_1,Bologna,Flavobacterium,0.004323289,2020-04-07 00:00:00,DTU_2022_1014220_1_MG_IT_BO_200407_GSL_60,Italy,Bologna,44.4949,11.3426,Gruppo HERA,61
1014220_1,Bologna,Giesbergeria,0.023786934,2020-04-07 00:00:00,DTU_2022_1014220_1_MG_IT_BO_200407_GSL_60,Italy,Bologna,44.4949,11.3426,Gruppo HERA,61
1014220_1,Bologna,Hydrogenophaga,0.005680741,2020-04-07 00:00:00,DTU_2022_1014220_1_MG_IT_BO_200407_GSL_60,Italy,Bologna,44.4949,11.3426,Gruppo HERA,61
1014220_1,Bologna,JAGOYM01,0.004577393,2020-04-07 00:00:00,DTU_2022_1014220_1_MG_IT_BO_200407_GSL_60,Italy,Bologna,44.4949,11.3426,Gruppo HERA,61
1014220_1,Bologna,Janthinobacterium,0.001202827,2020-04-07 00:00:00,DTU_2022_1014220_1_MG_IT_BO_200407_GSL_60,Italy,Bologna,44.4949,11.3426,Gruppo HERA,61
1014220_1,Bologna,Kaistella,0.001768094,2020-04-07 00:00:00,DTU_2022_1014220_1_MG_IT_BO_200407_GSL_60,Italy,Bologna,44.4949,11.3426,Gruppo HERA,61
1014220_1,Bologna,Lactococcus_A,0.000172346,2020-04-07 00:00:00,DTU_2022_1014220_1_MG_IT_BO_200407_GSL_60,Italy,Bologna,44.4949,11.3426,Gruppo HERA,61
1014220_1,Bologna,Lenti-01,0.000706069,2020-04-07 00:00:00,DTU_2022_1014220_1_MG_IT_BO_200407_GSL_60,Italy,Bologna,44.4949,11.3426,Gruppo HERA,61
1014220_1,Bologna,Microthrix,0.00860672,2020-04-07 00:00:00,DTU_2022_1014220_1_MG_IT_BO_200407_GSL_60,Italy,Bologna,44.4949,11.3426,Gruppo HERA,61
1014220_1,Bologna,Moraxella_A,0.002891391,2020-04-07 00:00:00,DTU_2022_1014220_1_MG_IT_BO_200407_GSL_60,Italy,Bologna,44.4949,11.3426,Gruppo HERA,61
1014220_1,Bologna,Neisseria,0.005256431,2020-04-07 00:00:00,DTU_2022_1014220_1_MG_IT_BO_200407_GSL_60,Italy,Bologna,44.4949,11.3426,Gruppo HERA,61
1014220_1,Bologna,Novosphingobium,0.005011927,2020-04-07 00:00:00,DTU_2022_1014220_1_MG_IT_BO_200407_GSL_60,Italy,Bologna,44.4949,11.3426,Gruppo HERA,61
1014220_1,Bologna,Ottowia,0.065601206,2020-04-07 00:00:00,DTU_2022_1014220_1_MG_IT_BO_200407_GSL_60,Italy,Bologna,44.4949,11.3426,Gruppo HERA,61
1014220_1,Bologna,Paracoccus,0.002125051,2020-04-07 00:00:00,DTU_2022_1014220_1_MG_IT_BO_200407_GSL_60,Italy,Bologna,44.4949,11.3426,Gruppo HERA,61
1014220_1,Bologna,Phocaeicola,0.00071128,2020-04-07 00:00:00,DTU_2022_1014220_1_MG_IT_BO_200407_GSL_60,Italy,Bologna,44.4949,11.3426,Gruppo HERA,61
1014220_1,Bologna,Prevotella,0.001389768,2020-04-07 00:00:00,DTU_2022_1014220_1_MG_IT_BO_200407_GSL_60,Italy,Bologna,44.4949,11.3426,Gruppo HERA,61
1014220_1,Bologna,Propionivibrio,0.006587944,2020-04-07 00:00:00,DTU_2022_1014220_1_MG_IT_BO_200407_GSL_60,Italy,Bologna,44.4949,11.3426,Gruppo HERA,61
1014220_1,Bologna,Pseudomonas_E,0.022327219,2020-04-07 00:00:00,DTU_2022_1014220_1_MG_IT_BO_200407_GSL_60,Italy,Bologna,44.4949,11.3426,Gruppo HERA,61
1014220_1,Bologna,Pseudoxanthomonas,0.002939546,2020-04-07 00:00:00,DTU_2022_1014220_1_MG_IT_BO_200407_GSL_60,Italy,Bologna,44.4949,11.3426,Gruppo HERA,61
1014220_1,Bologna,Pseudoxanthomonas_A,0.010707754,2020-04-07 00:00:00,DTU_2022_1014220_1_MG_IT_BO_200407_GSL_60,Italy,Bologna,44.4949,11.3426,Gruppo HERA,61
1014220_1,Bologna,Psychrobacter,0.000862418,2020-04-07 00:00:00,DTU_2022_1014220_1_MG_IT_BO_200407_GSL_60,Italy,Bologna,44.4949,11.3426,Gruppo HERA,61
1014220_1,Bologna,Rubrivivax,0.00071515,2020-04-07 00:00:00,DTU_2022_1014220_1_MG_IT_BO_200407_GSL_60,Italy,Bologna,44.4949,11.3426,Gruppo HERA,61
1014220_1,Bologna,Streptococcus,0.001631514,2020-04-07 00:00:00,DTU_2022_1014220_1_MG_IT_BO_200407_GSL_60,Italy,Bologna,44.4949,11.3426,Gruppo HERA,61
1014220_1,Bologna,Telluria,0.000634116,2020-04-07 00:00:00,DTU_2022_1014220_1_MG_IT_BO_200407_GSL_60,Italy,Bologna,44.4949,11.3426,Gruppo HERA,61
1014220_1,Bologna,Thauera,0.010605097,2020-04-07 00:00:00,DTU_2022_1014220_1_MG_IT_BO_200407_GSL_60,Italy,Bologna,44.4949,11.3426,Gruppo HERA,61
1014220_1,Bologna,Thermomonas,0.014746905,2020-04-07 00:00:00,DTU_2022_1014220_1_MG_IT_BO_200407_GSL_60,Italy,Bologna,44.4949,11.3426,Gruppo HERA,61
1014220_1,Bologna,Thiothrix,0.005864157,2020-04-07 00:00:00,DTU_2022_1014220_1_MG_IT_BO_200407_GSL_60,Italy,Bologna,44.4949,11.3426,Gruppo HERA,61
1014220_1,Bologna,Tolumonas,0.000374621,2020-04-07 00:00:00,DTU_2022_1014220_1_MG_IT_BO_200407_GSL_60,Italy,Bologna,44.4949,11.3426,Gruppo HERA,61
1014220_1,Bologna,Trichococcus,0.007356474,2020-04-07 00:00:00,DTU_2022_1014220_1_MG_IT_BO_200407_GSL_60,Italy,Bologna,44.4949,11.3426,Gruppo HERA,61
1014220_1,Bologna,UBA1413,0.000176371,2020-04-07 00:00:00,DTU_2022_1014220_1_MG_IT_BO_200407_GSL_60,Italy,Bologna,44.4949,11.3426,Gruppo HERA,61
1014220_1,Bologna,merged,0.498759176,2020-04-07 00:00:00,DTU_2022_1014220_1_MG_IT_BO_200407_GSL_60,Italy,Bologna,44.4949,11.3426,Gruppo HERA,61
1014222_1,Bologna,Acidovorax,0.195504543,2020-04-21 00:00:00,DTU_2022_1014222_1_MG_IT_BO_200421_GSL_105,Italy,Bologna,44.4949,11.3426,Gruppo HERA,63
1014222_1,Bologna,Acinetobacter,0.053401662,2020-04-21 00:00:00,DTU_2022_1014222_1_MG_IT_BO_200421_GSL_105,Italy,Bologna,44.4949,11.3426,Gruppo HERA,63
1014222_1,Bologna,Aeromonas,0.004094759,2020-04-21 00:00:00,DTU_2022_1014222_1_MG_IT_BO_200421_GSL_105,Italy,Bologna,44.4949,11.3426,Gruppo HERA,63
1014222_1,Bologna,Aliarcobacter,0.001273171,2020-04-21 00:00:00,DTU_2022_1014222_1_MG_IT_BO_200421_GSL_105,Italy,Bologna,44.4949,11.3426,Gruppo HERA,63
1014222_1,Bologna,Aquabacterium_A,0.00899824,2020-04-21 00:00:00,DTU_2022_1014222_1_MG_IT_BO_200421_GSL_105,Italy,Bologna,44.4949,11.3426,Gruppo HERA,63
1014222_1,Bologna,Bacteroides,0.002687853,2020-04-21 00:00:00,DTU_2022_1014222_1_MG_IT_BO_200421_GSL_105,Italy,Bologna,44.4949,11.3426,Gruppo HERA,63
1014222_1,Bologna,Brachymonas,0.007944708,2020-04-21 00:00:00,DTU_2022_1014222_1_MG_IT_BO_200421_GSL_105,Italy,Bologna,44.4949,11.3426,Gruppo HERA,63
1014222_1,Bologna,Brevefilum,1.08245e-05,2020-04-21 00:00:00,DTU_2022_1014222_1_MG_IT_BO_200421_GSL_105,Italy,Bologna,44.4949,11.3426,Gruppo HERA,63
1014222_1,Bologna,Brevundimonas,0.007313642,2020-04-21 00:00:00,DTU_2022_1014222_1_MG_IT_BO_200421_GSL_105,Italy,Bologna,44.4949,11.3426,Gruppo HERA,63
1014222_1,Bologna,Cloacibacterium,0.004182589,2020-04-21 00:00:00,DTU_2022_1014222_1_MG_IT_BO_200421_GSL_105,Italy,Bologna,44.4949,11.3426,Gruppo HERA,63
1014222_1,Bologna,Comamonas,0.012189444,2020-04-21 00:00:00,DTU_2022_1014222_1_MG_IT_BO_200421_GSL_105,Italy,Bologna,44.4949,11.3426,Gruppo HERA,63
1014222_1,Bologna,Competibacter_A,0.000227386,2020-04-21 00:00:00,DTU_2022_1014222_1_MG_IT_BO_200421_GSL_105,Italy,Bologna,44.4949,11.3426,Gruppo HERA,63
1014222_1,Bologna,Enterobacter,0.000388857,2020-04-21 00:00:00,DTU_2022_1014222_1_MG_IT_BO_200421_GSL_105,Italy,Bologna,44.4949,11.3426,Gruppo HERA,63
1014222_1,Bologna,Fermentibacter,9.06805e-06,2020-04-21 00:00:00,DTU_2022_1014222_1_MG_IT_BO_200421_GSL_105,Italy,Bologna,44.4949,11.3426,Gruppo HERA,63
1014222_1,Bologna,Flavobacterium,0.009750341,2020-04-21 00:00:00,DTU_2022_1014222_1_MG_IT_BO_200421_GSL_105,Italy,Bologna,44.4949,11.3426,Gruppo HERA,63
1014222_1,Bologna,Giesbergeria,0.029282284,2020-04-21 00:00:00,DTU_2022_1014222_1_MG_IT_BO_200421_GSL_105,Italy,Bologna,44.4949,11.3426,Gruppo HERA,63
1014222_1,Bologna,Hydrogenophaga,0.003616373,2020-04-21 00:00:00,DTU_2022_1014222_1_MG_IT_BO_200421_GSL_105,Italy,Bologna,44.4949,11.3426,Gruppo HERA,63
1014222_1,Bologna,JAGOYM01,0.000346485,2020-04-21 00:00:00,DTU_2022_1014222_1_MG_IT_BO_200421_GSL_105,Italy,Bologna,44.4949,11.3426,Gruppo HERA,63
1014222_1,Bologna,Janthinobacterium,0.084977167,2020-04-21 00:00:00,DTU_2022_1014222_1_MG_IT_BO_200421_GSL_105,Italy,Bologna,44.4949,11.3426,Gruppo HERA,63
1014222_1,Bologna,Kaistella,0.006535612,2020-04-21 00:00:00,DTU_2022_1014222_1_MG_IT_BO_200421_GSL_105,Italy,Bologna,44.4949,11.3426,Gruppo HERA,63
1014222_1,Bologna,Lactococcus_A,0.000128523,2020-04-21 00:00:00,DTU_2022_1014222_1_MG_IT_BO_200421_GSL_105,Italy,Bologna,44.4949,11.3426,Gruppo HERA,63
1014222_1,Bologna,Lenti-01,0.002331563,2020-04-21 00:00:00,DTU_2022_1014222_1_MG_IT_BO_200421_GSL_105,Italy,Bologna,44.4949,11.3426,Gruppo HERA,63
1014222_1,Bologna,Microthrix,0.001459267,2020-04-21 00:00:00,DTU_2022_1014222_1_MG_IT_BO_200421_GSL_105,Italy,Bologna,44.4949,11.3426,Gruppo HERA,63
1014222_1,Bologna,Moraxella_A,0.00508052,2020-04-21 00:00:00,DTU_2022_1014222_1_MG_IT_BO_200421_GSL_105,Italy,Bologna,44.4949,11.3426,Gruppo HERA,63
1014222_1,Bologna,Neisseria,0.004615479,2020-04-21 00:00:00,DTU_2022_1014222_1_MG_IT_BO_200421_GSL_105,Italy,Bologna,44.4949,11.3426,Gruppo HERA,63
1014222_1,Bologna,Novosphingobium,0.002736972,2020-04-21 00:00:00,DTU_2022_1014222_1_MG_IT_BO_200421_GSL_105,Italy,Bologna,44.4949,11.3426,Gruppo HERA,63
1014222_1,Bologna,Ottowia,0.013396631,2020-04-21 00:00:00,DTU_2022_1014222_1_MG_IT_BO_200421_GSL_105,Italy,Bologna,44.4949,11.3426,Gruppo HERA,63
1014222_1,Bologna,Paracoccus,0.013409566,2020-04-21 00:00:00,DTU_2022_1014222_1_MG_IT_BO_200421_GSL_105,Italy,Bologna,44.4949,11.3426,Gruppo HERA,63
1014222_1,Bologna,Phocaeicola,0.006427852,2020-04-21 00:00:00,DTU_2022_1014222_1_MG_IT_BO_200421_GSL_105,Italy,Bologna,44.4949,11.3426,Gruppo HERA,63
1014222_1,Bologna,Prevotella,0.002394261,2020-04-21 00:00:00,DTU_2022_1014222_1_MG_IT_BO_200421_GSL_105,Italy,Bologna,44.4949,11.3426,Gruppo HERA,63
1014222_1,Bologna,Propionivibrio,0.011148428,2020-04-21 00:00:00,DTU_2022_1014222_1_MG_IT_BO_200421_GSL_105,Italy,Bologna,44.4949,11.3426,Gruppo HERA,63
1014222_1,Bologna,Pseudomonas_E,0.079478505,2020-04-21 00:00:00,DTU_2022_1014222_1_MG_IT_BO_200421_GSL_105,Italy,Bologna,44.4949,11.3426,Gruppo HERA,63
1014222_1,Bologna,Pseudoxanthomonas,0.003641181,2020-04-21 00:00:00,DTU_2022_1014222_1_MG_IT_BO_200421_GSL_105,Italy,Bologna,44.4949,11.3426,Gruppo HERA,63
1014222_1,Bologna,Pseudoxanthomonas_A,0.010462803,2020-04-21 00:00:00,DTU_2022_1014222_1_MG_IT_BO_200421_GSL_105,Italy,Bologna,44.4949,11.3426,Gruppo HERA,63
1014222_1,Bologna,Psychrobacter,0.012183902,2020-04-21 00:00:00,DTU_2022_1014222_1_MG_IT_BO_200421_GSL_105,Italy,Bologna,44.4949,11.3426,Gruppo HERA,63
1014222_1,Bologna,Rubrivivax,0.000228415,2020-04-21 00:00:00,DTU_2022_1014222_1_MG_IT_BO_200421_GSL_105,Italy,Bologna,44.4949,11.3426,Gruppo HERA,63
1014222_1,Bologna,Streptococcus,0.000686222,2020-04-21 00:00:00,DTU_2022_1014222_1_MG_IT_BO_200421_GSL_105,Italy,Bologna,44.4949,11.3426,Gruppo HERA,63
1014222_1,Bologna,Telluria,0.003562682,2020-04-21 00:00:00,DTU_2022_1014222_1_MG_IT_BO_200421_GSL_105,Italy,Bologna,44.4949,11.3426,Gruppo HERA,63
1014222_1,Bologna,Thauera,0.008061359,2020-04-21 00:00:00,DTU_2022_1014222_1_MG_IT_BO_200421_GSL_105,Italy,Bologna,44.4949,11.3426,Gruppo HERA,63
1014222_1,Bologna,Thermomonas,0.012298495,2020-04-21 00:00:00,DTU_2022_1014222_1_MG_IT_BO_200421_GSL_105,Italy,Bologna,44.4949,11.3426,Gruppo HERA,63
1014222_1,Bologna,Thiothrix,0.006839921,2020-04-21 00:00:00,DTU_2022_1014222_1_MG_IT_BO_200421_GSL_105,Italy,Bologna,44.4949,11.3426,Gruppo HERA,63
1014222_1,Bologna,Tolumonas,0.001166291,2020-04-21 00:00:00,DTU_2022_1014222_1_MG_IT_BO_200421_GSL_105,Italy,Bologna,44.4949,11.3426,Gruppo HERA,63
1014222_1,Bologna,Trichococcus,0.002077729,2020-04-21 00:00:00,DTU_2022_1014222_1_MG_IT_BO_200421_GSL_105,Italy,Bologna,44.4949,11.3426,Gruppo HERA,63
1014222_1,Bologna,UBA1413,2.5035e-06,2020-04-21 00:00:00,DTU_2022_1014222_1_MG_IT_BO_200421_GSL_105,Italy,Bologna,44.4949,11.3426,Gruppo HERA,63
1014222_1,Bologna,merged,0.363445923,2020-04-21 00:00:00,DTU_2022_1014222_1_MG_IT_BO_200421_GSL_105,Italy,Bologna,44.4949,11.3426,Gruppo HERA,63
1014224_1,Bologna,Acidovorax,0.245589852,2020-05-05 00:00:00,DTU_2022_1014224_1_MG_IT_BO_200505_GSL_74,Italy,Bologna,44.4949,11.3426,Gruppo HERA,65
1014224_1,Bologna,Acinetobacter,0.045212214,2020-05-05 00:00:00,DTU_2022_1014224_1_MG_IT_BO_200505_GSL_74,Italy,Bologna,44.4949,11.3426,Gruppo HERA,65
1014224_1,Bologna,Aeromonas,0.002893185,2020-05-05 00:00:00,DTU_2022_1014224_1_MG_IT_BO_200505_GSL_74,Italy,Bologna,44.4949,11.3426,Gruppo HERA,65
1014224_1,Bologna,Aliarcobacter,0.010808943,2020-05-05 00:00:00,DTU_2022_1014224_1_MG_IT_BO_200505_GSL_74,Italy,Bologna,44.4949,11.3426,Gruppo HERA,65
1014224_1,Bologna,Aquabacterium_A,0.000382423,2020-05-05 00:00:00,DTU_2022_1014224_1_MG_IT_BO_200505_GSL_74,Italy,Bologna,44.4949,11.3426,Gruppo HERA,65
1014224_1,Bologna,Bacteroides,0.000837047,2020-05-05 00:00:00,DTU_2022_1014224_1_MG_IT_BO_200505_GSL_74,Italy,Bologna,44.4949,11.3426,Gruppo HERA,65
1014224_1,Bologna,Brachymonas,0.031530515,2020-05-05 00:00:00,DTU_2022_1014224_1_MG_IT_BO_200505_GSL_74,Italy,Bologna,44.4949,11.3426,Gruppo HERA,65
1014224_1,Bologna,Brevefilum,1.00272e-05,2020-05-05 00:00:00,DTU_2022_1014224_1_MG_IT_BO_200505_GSL_74,Italy,Bologna,44.4949,11.3426,Gruppo HERA,65
1014224_1,Bologna,Brevundimonas,0.0017587,2020-05-05 00:00:00,DTU_2022_1014224_1_MG_IT_BO_200505_GSL_74,Italy,Bologna,44.4949,11.3426,Gruppo HERA,65
1014224_1,Bologna,Cloacibacterium,0.014289649,2020-05-05 00:00:00,DTU_2022_1014224_1_MG_IT_BO_200505_GSL_74,Italy,Bologna,44.4949,11.3426,Gruppo HERA,65
1014224_1,Bologna,Comamonas,0.063271708,2020-05-05 00:00:00,DTU_2022_1014224_1_MG_IT_BO_200505_GSL_74,Italy,Bologna,44.4949,11.3426,Gruppo HERA,65
1014224_1,Bologna,Competibacter_A,0.00015444,2020-05-05 00:00:00,DTU_2022_1014224_1_MG_IT_BO_200505_GSL_74,Italy,Bologna,44.4949,11.3426,Gruppo HERA,65
1014224_1,Bologna,Enterobacter,0.000412842,2020-05-05 00:00:00,DTU_2022_1014224_1_MG_IT_BO_200505_GSL_74,Italy,Bologna,44.4949,11.3426,Gruppo HERA,65
1014224_1,Bologna,Fermentibacter,1.61225e-05,2020-05-05 00:00:00,DTU_2022_1014224_1_MG_IT_BO_200505_GSL_74,Italy,Bologna,44.4949,11.3426,Gruppo HERA,65
1014224_1,Bologna,Flavobacterium,0.005424961,2020-05-05 00:00:00,DTU_2022_1014224_1_MG_IT_BO_200505_GSL_74,Italy,Bologna,44.4949,11.3426,Gruppo HERA,65
1014224_1,Bologna,Giesbergeria,0.018825637,2020-05-05 00:00:00,DTU_2022_1014224_1_MG_IT_BO_200505_GSL_74,Italy,Bologna,44.4949,11.3426,Gruppo HERA,65
1014224_1,Bologna,Hydrogenophaga,0.002650055,2020-05-05 00:00:00,DTU_2022_1014224_1_MG_IT_BO_200505_GSL_74,Italy,Bologna,44.4949,11.3426,Gruppo HERA,65
1014224_1,Bologna,JAGOYM01,0.003589034,2020-05-05 00:00:00,DTU_2022_1014224_1_MG_IT_BO_200505_GSL_74,Italy,Bologna,44.4949,11.3426,Gruppo HERA,65
1014224_1,Bologna,Janthinobacterium,0.00145995,2020-05-05 00:00:00,DTU_2022_1014224_1_MG_IT_BO_200505_GSL_74,Italy,Bologna,44.4949,11.3426,Gruppo HERA,65
1014224_1,Bologna,Kaistella,0.003688006,2020-05-05 00:00:00,DTU_2022_1014224_1_MG_IT_BO_200505_GSL_74,Italy,Bologna,44.4949,11.3426,Gruppo HERA,65
1014224_1,Bologna,Lactococcus_A,0.000437556,2020-05-05 00:00:00,DTU_2022_1014224_1_MG_IT_BO_200505_GSL_74,Italy,Bologna,44.4949,11.3426,Gruppo HERA,65
1014224_1,Bologna,Lenti-01,0.000803461,2020-05-05 00:00:00,DTU_2022_1014224_1_MG_IT_BO_200505_GSL_74,Italy,Bologna,44.4949,11.3426,Gruppo HERA,65
1014224_1,Bologna,Microthrix,0.000246909,2020-05-05 00:00:00,DTU_2022_1014224_1_MG_IT_BO_200505_GSL_74,Italy,Bologna,44.4949,11.3426,Gruppo HERA,65
1014224_1,Bologna,Moraxella_A,0.028364005,2020-05-05 00:00:00,DTU_2022_1014224_1_MG_IT_BO_200505_GSL_74,Italy,Bologna,44.4949,11.3426,Gruppo HERA,65
1014224_1,Bologna,Neisseria,0.035069439,2020-05-05 00:00:00,DTU_2022_1014224_1_MG_IT_BO_200505_GSL_74,Italy,Bologna,44.4949,11.3426,Gruppo HERA,65
1014224_1,Bologna,Novosphingobium,0.001957939,2020-05-05 00:00:00,DTU_2022_1014224_1_MG_IT_BO_200505_GSL_74,Italy,Bologna,44.4949,11.3426,Gruppo HERA,65
1014224_1,Bologna,Ottowia,0.02969827,2020-05-05 00:00:00,DTU_2022_1014224_1_MG_IT_BO_200505_GSL_74,Italy,Bologna,44.4949,11.3426,Gruppo HERA,65
1014224_1,Bologna,Paracoccus,0.003231254,2020-05-05 00:00:00,DTU_2022_1014224_1_MG_IT_BO_200505_GSL_74,Italy,Bologna,44.4949,11.3426,Gruppo HERA,65
1014224_1,Bologna,Phocaeicola,0.000457747,2020-05-05 00:00:00,DTU_2022_1014224_1_MG_IT_BO_200505_GSL_74,Italy,Bologna,44.4949,11.3426,Gruppo HERA,65
1014224_1,Bologna,Prevotella,0.0009419,2020-05-05 00:00:00,DTU_2022_1014224_1_MG_IT_BO_200505_GSL_74,Italy,Bologna,44.4949,11.3426,Gruppo HERA,65
1014224_1,Bologna,Propionivibrio,0.014420226,2020-05-05 00:00:00,DTU_2022_1014224_1_MG_IT_BO_200505_GSL_74,Italy,Bologna,44.4949,11.3426,Gruppo HERA,65
1014224_1,Bologna,Pseudomonas_E,0.01548627,2020-05-05 00:00:00,DTU_2022_1014224_1_MG_IT_BO_200505_GSL_74,Italy,Bologna,44.4949,11.3426,Gruppo HERA,65
1014224_1,Bologna,Pseudoxanthomonas,0.005922608,2020-05-05 00:00:00,DTU_2022_1014224_1_MG_IT_BO_200505_GSL_74,Italy,Bologna,44.4949,11.3426,Gruppo HERA,65
1014224_1,Bologna,Pseudoxanthomonas_A,0.027247542,2020-05-05 00:00:00,DTU_2022_1014224_1_MG_IT_BO_200505_GSL_74,Italy,Bologna,44.4949,11.3426,Gruppo HERA,65
1014224_1,Bologna,Psychrobacter,0.002794995,2020-05-05 00:00:00,DTU_2022_1014224_1_MG_IT_BO_200505_GSL_74,Italy,Bologna,44.4949,11.3426,Gruppo HERA,65
1014224_1,Bologna,Rubrivivax,0.000569588,2020-05-05 00:00:00,DTU_2022_1014224_1_MG_IT_BO_200505_GSL_74,Italy,Bologna,44.4949,11.3426,Gruppo HERA,65
1014224_1,Bologna,Streptococcus,0.004663692,2020-05-05 00:00:00,DTU_2022_1014224_1_MG_IT_BO_200505_GSL_74,Italy,Bologna,44.4949,11.3426,Gruppo HERA,65
1014224_1,Bologna,Telluria,0.001590618,2020-05-05 00:00:00,DTU_2022_1014224_1_MG_IT_BO_200505_GSL_74,Italy,Bologna,44.4949,11.3426,Gruppo HERA,65
1014224_1,Bologna,Thauera,0.024526676,2020-05-05 00:00:00,DTU_2022_1014224_1_MG_IT_BO_200505_GSL_74,Italy,Bologna,44.4949,11.3426,Gruppo HERA,65
1014224_1,Bologna,Thermomonas,0.029835902,2020-05-05 00:00:00,DTU_2022_1014224_1_MG_IT_BO_200505_GSL_74,Italy,Bologna,44.4949,11.3426,Gruppo HERA,65
1014224_1,Bologna,Thiothrix,0.00437835,2020-05-05 00:00:00,DTU_2022_1014224_1_MG_IT_BO_200505_GSL_74,Italy,Bologna,44.4949,11.3426,Gruppo HERA,65
1014224_1,Bologna,Tolumonas,0.000991837,2020-05-05 00:00:00,DTU_2022_1014224_1_MG_IT_BO_200505_GSL_74,Italy,Bologna,44.4949,11.3426,Gruppo HERA,65
1014224_1,Bologna,Trichococcus,0.006932527,2020-05-05 00:00:00,DTU_2022_1014224_1_MG_IT_BO_200505_GSL_74,Italy,Bologna,44.4949,11.3426,Gruppo HERA,65
1014224_1,Bologna,UBA1413,5.82056e-06,2020-05-05 00:00:00,DTU_2022_1014224_1_MG_IT_BO_200505_GSL_74,Italy,Bologna,44.4949,11.3426,Gruppo HERA,65
1014224_1,Bologna,merged,0.306619556,2020-05-05 00:00:00,DTU_2022_1014224_1_MG_IT_BO_200505_GSL_74,Italy,Bologna,44.4949,11.3426,Gruppo HERA,65
1014226_1,Bologna,Acidovorax,0.176651078,2020-05-18 00:00:00,DTU_2022_1014226_1_MG_IT_BO_200518_GSL_36,Italy,Bologna,44.4949,11.3426,Gruppo HERA,67
1014226_1,Bologna,Acinetobacter,0.042820995,2020-05-18 00:00:00,DTU_2022_1014226_1_MG_IT_BO_200518_GSL_36,Italy,Bologna,44.4949,11.3426,Gruppo HERA,67
1014226_1,Bologna,Aeromonas,0.003628389,2020-05-18 00:00:00,DTU_2022_1014226_1_MG_IT_BO_200518_GSL_36,Italy,Bologna,44.4949,11.3426,Gruppo HERA,67
1014226_1,Bologna,Aliarcobacter,0.017328234,2020-05-18 00:00:00,DTU_2022_1014226_1_MG_IT_BO_200518_GSL_36,Italy,Bologna,44.4949,11.3426,Gruppo HERA,67
1014226_1,Bologna,Aquabacterium_A,0.00066067,2020-05-18 00:00:00,DTU_2022_1014226_1_MG_IT_BO_200518_GSL_36,Italy,Bologna,44.4949,11.3426,Gruppo HERA,67
1014226_1,Bologna,Bacteroides,0.002665971,2020-05-18 00:00:00,DTU_2022_1014226_1_MG_IT_BO_200518_GSL_36,Italy,Bologna,44.4949,11.3426,Gruppo HERA,67
1014226_1,Bologna,Brachymonas,0.032097762,2020-05-18 00:00:00,DTU_2022_1014226_1_MG_IT_BO_200518_GSL_36,Italy,Bologna,44.4949,11.3426,Gruppo HERA,67
1014226_1,Bologna,Brevefilum,1.83713e-05,2020-05-18 00:00:00,DTU_2022_1014226_1_MG_IT_BO_200518_GSL_36,Italy,Bologna,44.4949,11.3426,Gruppo HERA,67
1014226_1,Bologna,Brevundimonas,0.002156973,2020-05-18 00:00:00,DTU_2022_1014226_1_MG_IT_BO_200518_GSL_36,Italy,Bologna,44.4949,11.3426,Gruppo HERA,67
1014226_1,Bologna,Cloacibacterium,0.044363968,2020-05-18 00:00:00,DTU_2022_1014226_1_MG_IT_BO_200518_GSL_36,Italy,Bologna,44.4949,11.3426,Gruppo HERA,67
1014226_1,Bologna,Comamonas,0.032865003,2020-05-18 00:00:00,DTU_2022_1014226_1_MG_IT_BO_200518_GSL_36,Italy,Bologna,44.4949,11.3426,Gruppo HERA,67
1014226_1,Bologna,Competibacter_A,0.000171508,2020-05-18 00:00:00,DTU_2022_1014226_1_MG_IT_BO_200518_GSL_36,Italy,Bologna,44.4949,11.3426,Gruppo HERA,67
1014226_1,Bologna,Enterobacter,0.000899816,2020-05-18 00:00:00,DTU_2022_1014226_1_MG_IT_BO_200518_GSL_36,Italy,Bologna,44.4949,11.3426,Gruppo HERA,67
1014226_1,Bologna,Fermentibacter,7.12585e-06,2020-05-18 00:00:00,DTU_2022_1014226_1_MG_IT_BO_200518_GSL_36,Italy,Bologna,44.4949,11.3426,Gruppo HERA,67
1014226_1,Bologna,Flavobacterium,0.008944153,2020-05-18 00:00:00,DTU_2022_1014226_1_MG_IT_BO_200518_GSL_36,Italy,Bologna,44.4949,11.3426,Gruppo HERA,67
1014226_1,Bologna,Giesbergeria,0.009952964,2020-05-18 00:00:00,DTU_2022_1014226_1_MG_IT_BO_200518_GSL_36,Italy,Bologna,44.4949,11.3426,Gruppo HERA,67
1014226_1,Bologna,Hydrogenophaga,0.001162992,2020-05-18 00:00:00,DTU_2022_1014226_1_MG_IT_BO_200518_GSL_36,Italy,Bologna,44.4949,11.3426,Gruppo HERA,67
1014226_1,Bologna,JAGOYM01,0.004330018,2020-05-18 00:00:00,DTU_2022_1014226_1_MG_IT_BO_200518_GSL_36,Italy,Bologna,44.4949,11.3426,Gruppo HERA,67
1014226_1,Bologna,Janthinobacterium,0.001371038,2020-05-18 00:00:00,DTU_2022_1014226_1_MG_IT_BO_200518_GSL_36,Italy,Bologna,44.4949,11.3426,Gruppo HERA,67
1014226_1,Bologna,Kaistella,0.004122477,2020-05-18 00:00:00,DTU_2022_1014226_1_MG_IT_BO_200518_GSL_36,Italy,Bologna,44.4949,11.3426,Gruppo HERA,67
1014226_1,Bologna,Lactococcus_A,0.003906218,2020-05-18 00:00:00,DTU_2022_1014226_1_MG_IT_BO_200518_GSL_36,Italy,Bologna,44.4949,11.3426,Gruppo HERA,67
1014226_1,Bologna,Lenti-01,0.001200383,2020-05-18 00:00:00,DTU_2022_1014226_1_MG_IT_BO_200518_GSL_36,Italy,Bologna,44.4949,11.3426,Gruppo HERA,67
1014226_1,Bologna,Microthrix,6.46738e-05,2020-05-18 00:00:00,DTU_2022_1014226_1_MG_IT_BO_200518_GSL_36,Italy,Bologna,44.4949,11.3426,Gruppo HERA,67
1014226_1,Bologna,Moraxella_A,0.034738594,2020-05-18 00:00:00,DTU_2022_1014226_1_MG_IT_BO_200518_GSL_36,Italy,Bologna,44.4949,11.3426,Gruppo HERA,67
1014226_1,Bologna,Neisseria,0.024248381,2020-05-18 00:00:00,DTU_2022_1014226_1_MG_IT_BO_200518_GSL_36,Italy,Bologna,44.4949,11.3426,Gruppo HERA,67
1014226_1,Bologna,Novosphingobium,0.000706638,2020-05-18 00:00:00,DTU_2022_1014226_1_MG_IT_BO_200518_GSL_36,Italy,Bologna,44.4949,11.3426,Gruppo HERA,67
1014226_1,Bologna,Ottowia,0.08656957,2020-05-18 00:00:00,DTU_2022_1014226_1_MG_IT_BO_200518_GSL_36,Italy,Bologna,44.4949,11.3426,Gruppo HERA,67
1014226_1,Bologna,Paracoccus,0.002431747,2020-05-18 00:00:00,DTU_2022_1014226_1_MG_IT_BO_200518_GSL_36,Italy,Bologna,44.4949,11.3426,Gruppo HERA,67
1014226_1,Bologna,Phocaeicola,0.004704475,2020-05-18 00:00:00,DTU_2022_1014226_1_MG_IT_BO_200518_GSL_36,Italy,Bologna,44.4949,11.3426,Gruppo HERA,67
1014226_1,Bologna,Prevotella,0.002994371,2020-05-18 00:00:00,DTU_2022_1014226_1_MG_IT_BO_200518_GSL_36,Italy,Bologna,44.4949,11.3426,Gruppo HERA,67
1014226_1,Bologna,Propionivibrio,0.015473745,2020-05-18 00:00:00,DTU_2022_1014226_1_MG_IT_BO_200518_GSL_36,Italy,Bologna,44.4949,11.3426,Gruppo HERA,67
1014226_1,Bologna,Pseudomonas_E,0.008059392,2020-05-18 00:00:00,DTU_2022_1014226_1_MG_IT_BO_200518_GSL_36,Italy,Bologna,44.4949,11.3426,Gruppo HERA,67
1014226_1,Bologna,Pseudoxanthomonas,0.0116709,2020-05-18 00:00:00,DTU_2022_1014226_1_MG_IT_BO_200518_GSL_36,Italy,Bologna,44.4949,11.3426,Gruppo HERA,67
1014226_1,Bologna,Pseudoxanthomonas_A,0.013385417,2020-05-18 00:00:00,DTU_2022_1014226_1_MG_IT_BO_200518_GSL_36,Italy,Bologna,44.4949,11.3426,Gruppo HERA,67
1014226_1,Bologna,Psychrobacter,0.001485819,2020-05-18 00:00:00,DTU_2022_1014226_1_MG_IT_BO_200518_GSL_36,Italy,Bologna,44.4949,11.3426,Gruppo HERA,67
1014226_1,Bologna,Rubrivivax,0.000352935,2020-05-18 00:00:00,DTU_2022_1014226_1_MG_IT_BO_200518_GSL_36,Italy,Bologna,44.4949,11.3426,Gruppo HERA,67
1014226_1,Bologna,Streptococcus,0.019766897,2020-05-18 00:00:00,DTU_2022_1014226_1_MG_IT_BO_200518_GSL_36,Italy,Bologna,44.4949,11.3426,Gruppo HERA,67
1014226_1,Bologna,Telluria,0.001086999,2020-05-18 00:00:00,DTU_2022_1014226_1_MG_IT_BO_200518_GSL_36,Italy,Bologna,44.4949,11.3426,Gruppo HERA,67
1014226_1,Bologna,Thauera,0.010064235,2020-05-18 00:00:00,DTU_2022_1014226_1_MG_IT_BO_200518_GSL_36,Italy,Bologna,44.4949,11.3426,Gruppo HERA,67
1014226_1,Bologna,Thermomonas,0.013007697,2020-05-18 00:00:00,DTU_2022_1014226_1_MG_IT_BO_200518_GSL_36,Italy,Bologna,44.4949,11.3426,Gruppo HERA,67
1014226_1,Bologna,Thiothrix,0.009116247,2020-05-18 00:00:00,DTU_2022_1014226_1_MG_IT_BO_200518_GSL_36,Italy,Bologna,44.4949,11.3426,Gruppo HERA,67
1014226_1,Bologna,Tolumonas,0.001159239,2020-05-18 00:00:00,DTU_2022_1014226_1_MG_IT_BO_200518_GSL_36,Italy,Bologna,44.4949,11.3426,Gruppo HERA,67
1014226_1,Bologna,Trichococcus,0.0079871,2020-05-18 00:00:00,DTU_2022_1014226_1_MG_IT_BO_200518_GSL_36,Italy,Bologna,44.4949,11.3426,Gruppo HERA,67
1014226_1,Bologna,UBA1413,2.44745e-05,2020-05-18 00:00:00,DTU_2022_1014226_1_MG_IT_BO_200518_GSL_36,Italy,Bologna,44.4949,11.3426,Gruppo HERA,67
1014226_1,Bologna,merged,0.339574344,2020-05-18 00:00:00,DTU_2022_1014226_1_MG_IT_BO_200518_GSL_36,Italy,Bologna,44.4949,11.3426,Gruppo HERA,67
1014228_1,Bologna,Acidovorax,0.160724584,2020-06-01 00:00:00,DTU_2022_1014228_1_MG_IT_BO_200601_GSL_64,Italy,Bologna,44.4949,11.3426,Gruppo HERA,69
1014228_1,Bologna,Acinetobacter,0.037666304,2020-06-01 00:00:00,DTU_2022_1014228_1_MG_IT_BO_200601_GSL_64,Italy,Bologna,44.4949,11.3426,Gruppo HERA,69
1014228_1,Bologna,Aeromonas,0.008166559,2020-06-01 00:00:00,DTU_2022_1014228_1_MG_IT_BO_200601_GSL_64,Italy,Bologna,44.4949,11.3426,Gruppo HERA,69
1014228_1,Bologna,Aliarcobacter,0.008242963,2020-06-01 00:00:00,DTU_2022_1014228_1_MG_IT_BO_200601_GSL_64,Italy,Bologna,44.4949,11.3426,Gruppo HERA,69
1014228_1,Bologna,Aquabacterium_A,0.000585342,2020-06-01 00:00:00,DTU_2022_1014228_1_MG_IT_BO_200601_GSL_64,Italy,Bologna,44.4949,11.3426,Gruppo HERA,69
1014228_1,Bologna,Bacteroides,0.002437245,2020-06-01 00:00:00,DTU_2022_1014228_1_MG_IT_BO_200601_GSL_64,Italy,Bologna,44.4949,11.3426,Gruppo HERA,69
1014228_1,Bologna,Brachymonas,0.027226956,2020-06-01 00:00:00,DTU_2022_1014228_1_MG_IT_BO_200601_GSL_64,Italy,Bologna,44.4949,11.3426,Gruppo HERA,69
1014228_1,Bologna,Brevefilum,7.43631e-06,2020-06-01 00:00:00,DTU_2022_1014228_1_MG_IT_BO_200601_GSL_64,Italy,Bologna,44.4949,11.3426,Gruppo HERA,69
1014228_1,Bologna,Brevundimonas,0.002389142,2020-06-01 00:00:00,DTU_2022_1014228_1_MG_IT_BO_200601_GSL_64,Italy,Bologna,44.4949,11.3426,Gruppo HERA,69
1014228_1,Bologna,Cloacibacterium,0.012842896,2020-06-01 00:00:00,DTU_2022_1014228_1_MG_IT_BO_200601_GSL_64,Italy,Bologna,44.4949,11.3426,Gruppo HERA,69
1014228_1,Bologna,Comamonas,0.020515145,2020-06-01 00:00:00,DTU_2022_1014228_1_MG_IT_BO_200601_GSL_64,Italy,Bologna,44.4949,11.3426,Gruppo HERA,69
1014228_1,Bologna,Competibacter_A,0.000226789,2020-06-01 00:00:00,DTU_2022_1014228_1_MG_IT_BO_200601_GSL_64,Italy,Bologna,44.4949,11.3426,Gruppo HERA,69
1014228_1,Bologna,Enterobacter,0.001764296,2020-06-01 00:00:00,DTU_2022_1014228_1_MG_IT_BO_200601_GSL_64,Italy,Bologna,44.4949,11.3426,Gruppo HERA,69
1014228_1,Bologna,Fermentibacter,6.5665e-06,2020-06-01 00:00:00,DTU_2022_1014228_1_MG_IT_BO_200601_GSL_64,Italy,Bologna,44.4949,11.3426,Gruppo HERA,69
1014228_1,Bologna,Flavobacterium,0.00291839,2020-06-01 00:00:00,DTU_2022_1014228_1_MG_IT_BO_200601_GSL_64,Italy,Bologna,44.4949,11.3426,Gruppo HERA,69
1014228_1,Bologna,Giesbergeria,0.004588959,2020-06-01 00:00:00,DTU_2022_1014228_1_MG_IT_BO_200601_GSL_64,Italy,Bologna,44.4949,11.3426,Gruppo HERA,69
1014228_1,Bologna,Hydrogenophaga,0.001085929,2020-06-01 00:00:00,DTU_2022_1014228_1_MG_IT_BO_200601_GSL_64,Italy,Bologna,44.4949,11.3426,Gruppo HERA,69
1014228_1,Bologna,JAGOYM01,0.001021849,2020-06-01 00:00:00,DTU_2022_1014228_1_MG_IT_BO_200601_GSL_64,Italy,Bologna,44.4949,11.3426,Gruppo HERA,69
1014228_1,Bologna,Janthinobacterium,0.001084593,2020-06-01 00:00:00,DTU_2022_1014228_1_MG_IT_BO_200601_GSL_64,Italy,Bologna,44.4949,11.3426,Gruppo HERA,69
1014228_1,Bologna,Kaistella,0.001449994,2020-06-01 00:00:00,DTU_2022_1014228_1_MG_IT_BO_200601_GSL_64,Italy,Bologna,44.4949,11.3426,Gruppo HERA,69
1014228_1,Bologna,Lactococcus_A,0.000534079,2020-06-01 00:00:00,DTU_2022_1014228_1_MG_IT_BO_200601_GSL_64,Italy,Bologna,44.4949,11.3426,Gruppo HERA,69
1014228_1,Bologna,Lenti-01,0.001044059,2020-06-01 00:00:00,DTU_2022_1014228_1_MG_IT_BO_200601_GSL_64,Italy,Bologna,44.4949,11.3426,Gruppo HERA,69
1014228_1,Bologna,Microthrix,0.000244947,2020-06-01 00:00:00,DTU_2022_1014228_1_MG_IT_BO_200601_GSL_64,Italy,Bologna,44.4949,11.3426,Gruppo HERA,69
1014228_1,Bologna,Moraxella_A,0.039610373,2020-06-01 00:00:00,DTU_2022_1014228_1_MG_IT_BO_200601_GSL_64,Italy,Bologna,44.4949,11.3426,Gruppo HERA,69
1014228_1,Bologna,Neisseria,0.082155331,2020-06-01 00:00:00,DTU_2022_1014228_1_MG_IT_BO_200601_GSL_64,Italy,Bologna,44.4949,11.3426,Gruppo HERA,69
1014228_1,Bologna,Novosphingobium,0.001190618,2020-06-01 00:00:00,DTU_2022_1014228_1_MG_IT_BO_200601_GSL_64,Italy,Bologna,44.4949,11.3426,Gruppo HERA,69
1014228_1,Bologna,Ottowia,0.037582673,2020-06-01 00:00:00,DTU_2022_1014228_1_MG_IT_BO_200601_GSL_64,Italy,Bologna,44.4949,11.3426,Gruppo HERA,69
1014228_1,Bologna,Paracoccus,0.002339514,2020-06-01 00:00:00,DTU_2022_1014228_1_MG_IT_BO_200601_GSL_64,Italy,Bologna,44.4949,11.3426,Gruppo HERA,69
1014228_1,Bologna,Phocaeicola,0.010077909,2020-06-01 00:00:00,DTU_2022_1014228_1_MG_IT_BO_200601_GSL_64,Italy,Bologna,44.4949,11.3426,Gruppo HERA,69
1014228_1,Bologna,Prevotella,0.004103407,2020-06-01 00:00:00,DTU_2022_1014228_1_MG_IT_BO_200601_GSL_64,Italy,Bologna,44.4949,11.3426,Gruppo HERA,69
1014228_1,Bologna,Propionivibrio,0.008135313,2020-06-01 00:00:00,DTU_2022_1014228_1_MG_IT_BO_200601_GSL_64,Italy,Bologna,44.4949,11.3426,Gruppo HERA,69
1014228_1,Bologna,Pseudomonas_E,0.012832228,2020-06-01 00:00:00,DTU_2022_1014228_1_MG_IT_BO_200601_GSL_64,Italy,Bologna,44.4949,11.3426,Gruppo HERA,69
1014228_1,Bologna,Pseudoxanthomonas,0.010637843,2020-06-01 00:00:00,DTU_2022_1014228_1_MG_IT_BO_200601_GSL_64,Italy,Bologna,44.4949,11.3426,Gruppo HERA,69
1014228_1,Bologna,Pseudoxanthomonas_A,0.011795516,2020-06-01 00:00:00,DTU_2022_1014228_1_MG_IT_BO_200601_GSL_64,Italy,Bologna,44.4949,11.3426,Gruppo HERA,69
1014228_1,Bologna,Psychrobacter,0.00091902,2020-06-01 00:00:00,DTU_2022_1014228_1_MG_IT_BO_200601_GSL_64,Italy,Bologna,44.4949,11.3426,Gruppo HERA,69
1014228_1,Bologna,Rubrivivax,0.000265936,2020-06-01 00:00:00,DTU_2022_1014228_1_MG_IT_BO_200601_GSL_64,Italy,Bologna,44.4949,11.3426,Gruppo HERA,69
1014228_1,Bologna,Streptococcus,0.007168985,2020-06-01 00:00:00,DTU_2022_1014228_1_MG_IT_BO_200601_GSL_64,Italy,Bologna,44.4949,11.3426,Gruppo HERA,69
1014228_1,Bologna,Telluria,0.000645685,2020-06-01 00:00:00,DTU_2022_1014228_1_MG_IT_BO_200601_GSL_64,Italy,Bologna,44.4949,11.3426,Gruppo HERA,69
1014228_1,Bologna,Thauera,0.009232601,2020-06-01 00:00:00,DTU_2022_1014228_1_MG_IT_BO_200601_GSL_64,Italy,Bologna,44.4949,11.3426,Gruppo HERA,69
1014228_1,Bologna,Thermomonas,0.012034292,2020-06-01 00:00:00,DTU_2022_1014228_1_MG_IT_BO_200601_GSL_64,Italy,Bologna,44.4949,11.3426,Gruppo HERA,69
1014228_1,Bologna,Thiothrix,0.002542928,2020-06-01 00:00:00,DTU_2022_1014228_1_MG_IT_BO_200601_GSL_64,Italy,Bologna,44.4949,11.3426,Gruppo HERA,69
1014228_1,Bologna,Tolumonas,0.001777161,2020-06-01 00:00:00,DTU_2022_1014228_1_MG_IT_BO_200601_GSL_64,Italy,Bologna,44.4949,11.3426,Gruppo HERA,69
1014228_1,Bologna,Trichococcus,0.006593164,2020-06-01 00:00:00,DTU_2022_1014228_1_MG_IT_BO_200601_GSL_64,Italy,Bologna,44.4949,11.3426,Gruppo HERA,69
1014228_1,Bologna,UBA1413,3.30561e-06,2020-06-01 00:00:00,DTU_2022_1014228_1_MG_IT_BO_200601_GSL_64,Italy,Bologna,44.4949,11.3426,Gruppo HERA,69
1014228_1,Bologna,merged,0.441581173,2020-06-01 00:00:00,DTU_2022_1014228_1_MG_IT_BO_200601_GSL_64,Italy,Bologna,44.4949,11.3426,Gruppo HERA,69
1014231_1,Bologna,Acidovorax,0.017900689,2020-06-23 00:00:00,DTU_2022_1014231_1_MG_IT_BO_200623_GSL_139,Italy,Bologna,44.4949,11.3426,Gruppo HERA,72
1014231_1,Bologna,Acinetobacter,0.00352868,2020-06-23 00:00:00,DTU_2022_1014231_1_MG_IT_BO_200623_GSL_139,Italy,Bologna,44.4949,11.3426,Gruppo HERA,72
1014231_1,Bologna,Aeromonas,0.002955258,2020-06-23 00:00:00,DTU_2022_1014231_1_MG_IT_BO_200623_GSL_139,Italy,Bologna,44.4949,11.3426,Gruppo HERA,72
1014231_1,Bologna,Aliarcobacter,0.003492524,2020-06-23 00:00:00,DTU_2022_1014231_1_MG_IT_BO_200623_GSL_139,Italy,Bologna,44.4949,11.3426,Gruppo HERA,72
1014231_1,Bologna,Aquabacterium_A,3.23346e-05,2020-06-23 00:00:00,DTU_2022_1014231_1_MG_IT_BO_200623_GSL_139,Italy,Bologna,44.4949,11.3426,Gruppo HERA,72
1014231_1,Bologna,Bacteroides,0.000309399,2020-06-23 00:00:00,DTU_2022_1014231_1_MG_IT_BO_200623_GSL_139,Italy,Bologna,44.4949,11.3426,Gruppo HERA,72
1014231_1,Bologna,Brachymonas,0.00618795,2020-06-23 00:00:00,DTU_2022_1014231_1_MG_IT_BO_200623_GSL_139,Italy,Bologna,44.4949,11.3426,Gruppo HERA,72
1014231_1,Bologna,Brevefilum,1.77988e-06,2020-06-23 00:00:00,DTU_2022_1014231_1_MG_IT_BO_200623_GSL_139,Italy,Bologna,44.4949,11.3426,Gruppo HERA,72
1014231_1,Bologna,Brevundimonas,0.001645446,2020-06-23 00:00:00,DTU_2022_1014231_1_MG_IT_BO_200623_GSL_139,Italy,Bologna,44.4949,11.3426,Gruppo HERA,72
1014231_1,Bologna,Cloacibacterium,0.0017673,2020-06-23 00:00:00,DTU_2022_1014231_1_MG_IT_BO_200623_GSL_139,Italy,Bologna,44.4949,11.3426,Gruppo HERA,72
1014231_1,Bologna,Comamonas,0.00204092,2020-06-23 00:00:00,DTU_2022_1014231_1_MG_IT_BO_200623_GSL_139,Italy,Bologna,44.4949,11.3426,Gruppo HERA,72
1014231_1,Bologna,Competibacter_A,0.000290028,2020-06-23 00:00:00,DTU_2022_1014231_1_MG_IT_BO_200623_GSL_139,Italy,Bologna,44.4949,11.3426,Gruppo HERA,72
1014231_1,Bologna,Enterobacter,0.00092741,2020-06-23 00:00:00,DTU_2022_1014231_1_MG_IT_BO_200623_GSL_139,Italy,Bologna,44.4949,11.3426,Gruppo HERA,72
1014231_1,Bologna,Fermentibacter,1.46081e-06,2020-06-23 00:00:00,DTU_2022_1014231_1_MG_IT_BO_200623_GSL_139,Italy,Bologna,44.4949,11.3426,Gruppo HERA,72
1014231_1,Bologna,Flavobacterium,0.00082163,2020-06-23 00:00:00,DTU_2022_1014231_1_MG_IT_BO_200623_GSL_139,Italy,Bologna,44.4949,11.3426,Gruppo HERA,72
1014231_1,Bologna,Giesbergeria,0.001343852,2020-06-23 00:00:00,DTU_2022_1014231_1_MG_IT_BO_200623_GSL_139,Italy,Bologna,44.4949,11.3426,Gruppo HERA,72
1014231_1,Bologna,Hydrogenophaga,6.49473e-05,2020-06-23 00:00:00,DTU_2022_1014231_1_MG_IT_BO_200623_GSL_139,Italy,Bologna,44.4949,11.3426,Gruppo HERA,72
1014231_1,Bologna,JAGOYM01,0.000335014,2020-06-23 00:00:00,DTU_2022_1014231_1_MG_IT_BO_200623_GSL_139,Italy,Bologna,44.4949,11.3426,Gruppo HERA,72
1014231_1,Bologna,Janthinobacterium,0.002005852,2020-06-23 00:00:00,DTU_2022_1014231_1_MG_IT_BO_200623_GSL_139,Italy,Bologna,44.4949,11.3426,Gruppo HERA,72
1014231_1,Bologna,Kaistella,0.00033951,2020-06-23 00:00:00,DTU_2022_1014231_1_MG_IT_BO_200623_GSL_139,Italy,Bologna,44.4949,11.3426,Gruppo HERA,72
1014231_1,Bologna,Lactococcus_A,0.000170645,2020-06-23 00:00:00,DTU_2022_1014231_1_MG_IT_BO_200623_GSL_139,Italy,Bologna,44.4949,11.3426,Gruppo HERA,72
1014231_1,Bologna,Lenti-01,0.000659412,2020-06-23 00:00:00,DTU_2022_1014231_1_MG_IT_BO_200623_GSL_139,Italy,Bologna,44.4949,11.3426,Gruppo HERA,72
1014231_1,Bologna,Microthrix,1.39924e-05,2020-06-23 00:00:00,DTU_2022_1014231_1_MG_IT_BO_200623_GSL_139,Italy,Bologna,44.4949,11.3426,Gruppo HERA,72
1014231_1,Bologna,Moraxella_A,0.001006679,2020-06-23 00:00:00,DTU_2022_1014231_1_MG_IT_BO_200623_GSL_139,Italy,Bologna,44.4949,11.3426,Gruppo HERA,72
1014231_1,Bologna,Neisseria,0.008818751,2020-06-23 00:00:00,DTU_2022_1014231_1_MG_IT_BO_200623_GSL_139,Italy,Bologna,44.4949,11.3426,Gruppo HERA,72
1014231_1,Bologna,Novosphingobium,0.00015294,2020-06-23 00:00:00,DTU_2022_1014231_1_MG_IT_BO_200623_GSL_139,Italy,Bologna,44.4949,11.3426,Gruppo HERA,72
1014231_1,Bologna,Ottowia,0.010600129,2020-06-23 00:00:00,DTU_2022_1014231_1_MG_IT_BO_200623_GSL_139,Italy,Bologna,44.4949,11.3426,Gruppo HERA,72
1014231_1,Bologna,Paracoccus,0.000762117,2020-06-23 00:00:00,DTU_2022_1014231_1_MG_IT_BO_200623_GSL_139,Italy,Bologna,44.4949,11.3426,Gruppo HERA,72
1014231_1,Bologna,Phocaeicola,0.000226138,2020-06-23 00:00:00,DTU_2022_1014231_1_MG_IT_BO_200623_GSL_139,Italy,Bologna,44.4949,11.3426,Gruppo HERA,72
1014231_1,Bologna,Prevotella,0.000430938,2020-06-23 00:00:00,DTU_2022_1014231_1_MG_IT_BO_200623_GSL_139,Italy,Bologna,44.4949,11.3426,Gruppo HERA,72
1014231_1,Bologna,Propionivibrio,0.003456225,2020-06-23 00:00:00,DTU_2022_1014231_1_MG_IT_BO_200623_GSL_139,Italy,Bologna,44.4949,11.3426,Gruppo HERA,72
1014231_1,Bologna,Pseudomonas_E,0.794417164,2020-06-23 00:00:00,DTU_2022_1014231_1_MG_IT_BO_200623_GSL_139,Italy,Bologna,44.4949,11.3426,Gruppo HERA,72
1014231_1,Bologna,Pseudoxanthomonas,0.004349309,2020-06-23 00:00:00,DTU_2022_1014231_1_MG_IT_BO_200623_GSL_139,Italy,Bologna,44.4949,11.3426,Gruppo HERA,72
1014231_1,Bologna,Pseudoxanthomonas_A,0.004866705,2020-06-23 00:00:00,DTU_2022_1014231_1_MG_IT_BO_200623_GSL_139,Italy,Bologna,44.4949,11.3426,Gruppo HERA,72
1014231_1,Bologna,Psychrobacter,6.82181e-05,2020-06-23 00:00:00,DTU_2022_1014231_1_MG_IT_BO_200623_GSL_139,Italy,Bologna,44.4949,11.3426,Gruppo HERA,72
1014231_1,Bologna,Rubrivivax,4.76874e-05,2020-06-23 00:00:00,DTU_2022_1014231_1_MG_IT_BO_200623_GSL_139,Italy,Bologna,44.4949,11.3426,Gruppo HERA,72
1014231_1,Bologna,Streptococcus,0.003613157,2020-06-23 00:00:00,DTU_2022_1014231_1_MG_IT_BO_200623_GSL_139,Italy,Bologna,44.4949,11.3426,Gruppo HERA,72
1014231_1,Bologna,Telluria,0.000605563,2020-06-23 00:00:00,DTU_2022_1014231_1_MG_IT_BO_200623_GSL_139,Italy,Bologna,44.4949,11.3426,Gruppo HERA,72
1014231_1,Bologna,Thauera,0.002776544,2020-06-23 00:00:00,DTU_2022_1014231_1_MG_IT_BO_200623_GSL_139,Italy,Bologna,44.4949,11.3426,Gruppo HERA,72
1014231_1,Bologna,Thermomonas,0.004498516,2020-06-23 00:00:00,DTU_2022_1014231_1_MG_IT_BO_200623_GSL_139,Italy,Bologna,44.4949,11.3426,Gruppo HERA,72
1014231_1,Bologna,Thiothrix,0.000203401,2020-06-23 00:00:00,DTU_2022_1014231_1_MG_IT_BO_200623_GSL_139,Italy,Bologna,44.4949,11.3426,Gruppo HERA,72
1014231_1,Bologna,Tolumonas,0.000407794,2020-06-23 00:00:00,DTU_2022_1014231_1_MG_IT_BO_200623_GSL_139,Italy,Bologna,44.4949,11.3426,Gruppo HERA,72
1014231_1,Bologna,Trichococcus,0.008427915,2020-06-23 00:00:00,DTU_2022_1014231_1_MG_IT_BO_200623_GSL_139,Italy,Bologna,44.4949,11.3426,Gruppo HERA,72
1014231_1,Bologna,UBA1413,1.03254e-07,2020-06-23 00:00:00,DTU_2022_1014231_1_MG_IT_BO_200623_GSL_139,Italy,Bologna,44.4949,11.3426,Gruppo HERA,72
1014231_1,Bologna,merged,0.103427972,2020-06-23 00:00:00,DTU_2022_1014231_1_MG_IT_BO_200623_GSL_139,Italy,Bologna,44.4949,11.3426,Gruppo HERA,72
1015033_1,Bologna,Acidovorax,0.082808856,2020-07-09 00:00:00,DTU_2022_1015033_1_MG_IT_BO_200709_GSL_142,Italy,Bologna,44.4949,11.3426,Gruppo HERA,75
1015033_1,Bologna,Acinetobacter,0.013286173,2020-07-09 00:00:00,DTU_2022_1015033_1_MG_IT_BO_200709_GSL_142,Italy,Bologna,44.4949,11.3426,Gruppo HERA,75
1015033_1,Bologna,Aeromonas,0.008152267,2020-07-09 00:00:00,DTU_2022_1015033_1_MG_IT_BO_200709_GSL_142,Italy,Bologna,44.4949,11.3426,Gruppo HERA,75
1015033_1,Bologna,Aliarcobacter,0.005247272,2020-07-09 00:00:00,DTU_2022_1015033_1_MG_IT_BO_200709_GSL_142,Italy,Bologna,44.4949,11.3426,Gruppo HERA,75
1015033_1,Bologna,Aquabacterium_A,0.000293665,2020-07-09 00:00:00,DTU_2022_1015033_1_MG_IT_BO_200709_GSL_142,Italy,Bologna,44.4949,11.3426,Gruppo HERA,75
1015033_1,Bologna,Bacteroides,0.001168886,2020-07-09 00:00:00,DTU_2022_1015033_1_MG_IT_BO_200709_GSL_142,Italy,Bologna,44.4949,11.3426,Gruppo HERA,75
1015033_1,Bologna,Brachymonas,0.027999981,2020-07-09 00:00:00,DTU_2022_1015033_1_MG_IT_BO_200709_GSL_142,Italy,Bologna,44.4949,11.3426,Gruppo HERA,75
1015033_1,Bologna,Brevefilum,3.59169e-05,2020-07-09 00:00:00,DTU_2022_1015033_1_MG_IT_BO_200709_GSL_142,Italy,Bologna,44.4949,11.3426,Gruppo HERA,75
1015033_1,Bologna,Brevundimonas,0.001300588,2020-07-09 00:00:00,DTU_2022_1015033_1_MG_IT_BO_200709_GSL_142,Italy,Bologna,44.4949,11.3426,Gruppo HERA,75
1015033_1,Bologna,Cloacibacterium,0.003570138,2020-07-09 00:00:00,DTU_2022_1015033_1_MG_IT_BO_200709_GSL_142,Italy,Bologna,44.4949,11.3426,Gruppo HERA,75
1015033_1,Bologna,Comamonas,0.013396094,2020-07-09 00:00:00,DTU_2022_1015033_1_MG_IT_BO_200709_GSL_142,Italy,Bologna,44.4949,11.3426,Gruppo HERA,75
1015033_1,Bologna,Competibacter_A,0.00011335,2020-07-09 00:00:00,DTU_2022_1015033_1_MG_IT_BO_200709_GSL_142,Italy,Bologna,44.4949,11.3426,Gruppo HERA,75
1015033_1,Bologna,Enterobacter,0.006150393,2020-07-09 00:00:00,DTU_2022_1015033_1_MG_IT_BO_200709_GSL_142,Italy,Bologna,44.4949,11.3426,Gruppo HERA,75
1015033_1,Bologna,Fermentibacter,4.3013e-06,2020-07-09 00:00:00,DTU_2022_1015033_1_MG_IT_BO_200709_GSL_142,Italy,Bologna,44.4949,11.3426,Gruppo HERA,75
1015033_1,Bologna,Flavobacterium,0.001289532,2020-07-09 00:00:00,DTU_2022_1015033_1_MG_IT_BO_200709_GSL_142,Italy,Bologna,44.4949,11.3426,Gruppo HERA,75
1015033_1,Bologna,Giesbergeria,0.006954507,2020-07-09 00:00:00,DTU_2022_1015033_1_MG_IT_BO_200709_GSL_142,Italy,Bologna,44.4949,11.3426,Gruppo HERA,75
1015033_1,Bologna,Hydrogenophaga,0.002934265,2020-07-09 00:00:00,DTU_2022_1015033_1_MG_IT_BO_200709_GSL_142,Italy,Bologna,44.4949,11.3426,Gruppo HERA,75
1015033_1,Bologna,JAGOYM01,0.000308012,2020-07-09 00:00:00,DTU_2022_1015033_1_MG_IT_BO_200709_GSL_142,Italy,Bologna,44.4949,11.3426,Gruppo HERA,75
1015033_1,Bologna,Janthinobacterium,0.00090201,2020-07-09 00:00:00,DTU_2022_1015033_1_MG_IT_BO_200709_GSL_142,Italy,Bologna,44.4949,11.3426,Gruppo HERA,75
1015033_1,Bologna,Kaistella,0.000525861,2020-07-09 00:00:00,DTU_2022_1015033_1_MG_IT_BO_200709_GSL_142,Italy,Bologna,44.4949,11.3426,Gruppo HERA,75
1015033_1,Bologna,Lactococcus_A,0.000306921,2020-07-09 00:00:00,DTU_2022_1015033_1_MG_IT_BO_200709_GSL_142,Italy,Bologna,44.4949,11.3426,Gruppo HERA,75
1015033_1,Bologna,Lenti-01,0.003045906,2020-07-09 00:00:00,DTU_2022_1015033_1_MG_IT_BO_200709_GSL_142,Italy,Bologna,44.4949,11.3426,Gruppo HERA,75
1015033_1,Bologna,Microthrix,0.000323554,2020-07-09 00:00:00,DTU_2022_1015033_1_MG_IT_BO_200709_GSL_142,Italy,Bologna,44.4949,11.3426,Gruppo HERA,75
1015033_1,Bologna,Moraxella_A,0.010898074,2020-07-09 00:00:00,DTU_2022_1015033_1_MG_IT_BO_200709_GSL_142,Italy,Bologna,44.4949,11.3426,Gruppo HERA,75
1015033_1,Bologna,Neisseria,0.013035611,2020-07-09 00:00:00,DTU_2022_1015033_1_MG_IT_BO_200709_GSL_142,Italy,Bologna,44.4949,11.3426,Gruppo HERA,75
1015033_1,Bologna,Novosphingobium,0.000802618,2020-07-09 00:00:00,DTU_2022_1015033_1_MG_IT_BO_200709_GSL_142,Italy,Bologna,44.4949,11.3426,Gruppo HERA,75
1015033_1,Bologna,Ottowia,0.018961905,2020-07-09 00:00:00,DTU_2022_1015033_1_MG_IT_BO_200709_GSL_142,Italy,Bologna,44.4949,11.3426,Gruppo HERA,75
1015033_1,Bologna,Paracoccus,0.178427089,2020-07-09 00:00:00,DTU_2022_1015033_1_MG_IT_BO_200709_GSL_142,Italy,Bologna,44.4949,11.3426,Gruppo HERA,75
1015033_1,Bologna,Phocaeicola,0.000949689,2020-07-09 00:00:00,DTU_2022_1015033_1_MG_IT_BO_200709_GSL_142,Italy,Bologna,44.4949,11.3426,Gruppo HERA,75
1015033_1,Bologna,Prevotella,0.00735169,2020-07-09 00:00:00,DTU_2022_1015033_1_MG_IT_BO_200709_GSL_142,Italy,Bologna,44.4949,11.3426,Gruppo HERA,75
1015033_1,Bologna,Propionivibrio,0.017223497,2020-07-09 00:00:00,DTU_2022_1015033_1_MG_IT_BO_200709_GSL_142,Italy,Bologna,44.4949,11.3426,Gruppo HERA,75
1015033_1,Bologna,Pseudomonas_E,0.012834479,2020-07-09 00:00:00,DTU_2022_1015033_1_MG_IT_BO_200709_GSL_142,Italy,Bologna,44.4949,11.3426,Gruppo HERA,75
1015033_1,Bologna,Pseudoxanthomonas,0.008838266,2020-07-09 00:00:00,DTU_2022_1015033_1_MG_IT_BO_200709_GSL_142,Italy,Bologna,44.4949,11.3426,Gruppo HERA,75
1015033_1,Bologna,Pseudoxanthomonas_A,0.014197489,2020-07-09 00:00:00,DTU_2022_1015033_1_MG_IT_BO_200709_GSL_142,Italy,Bologna,44.4949,11.3426,Gruppo HERA,75
1015033_1,Bologna,Psychrobacter,0.000682086,2020-07-09 00:00:00,DTU_2022_1015033_1_MG_IT_BO_200709_GSL_142,Italy,Bologna,44.4949,11.3426,Gruppo HERA,75
1015033_1,Bologna,Rubrivivax,0.0003066,2020-07-09 00:00:00,DTU_2022_1015033_1_MG_IT_BO_200709_GSL_142,Italy,Bologna,44.4949,11.3426,Gruppo HERA,75
1015033_1,Bologna,Streptococcus,0.015094214,2020-07-09 00:00:00,DTU_2022_1015033_1_MG_IT_BO_200709_GSL_142,Italy,Bologna,44.4949,11.3426,Gruppo HERA,75
1015033_1,Bologna,Telluria,0.000420322,2020-07-09 00:00:00,DTU_2022_1015033_1_MG_IT_BO_200709_GSL_142,Italy,Bologna,44.4949,11.3426,Gruppo HERA,75
1015033_1,Bologna,Thauera,0.008184416,2020-07-09 00:00:00,DTU_2022_1015033_1_MG_IT_BO_200709_GSL_142,Italy,Bologna,44.4949,11.3426,Gruppo HERA,75
1015033_1,Bologna,Thermomonas,0.010919576,2020-07-09 00:00:00,DTU_2022_1015033_1_MG_IT_BO_200709_GSL_142,Italy,Bologna,44.4949,11.3426,Gruppo HERA,75
1015033_1,Bologna,Thiothrix,0.001826864,2020-07-09 00:00:00,DTU_2022_1015033_1_MG_IT_BO_200709_GSL_142,Italy,Bologna,44.4949,11.3426,Gruppo HERA,75
1015033_1,Bologna,Tolumonas,0.00138984,2020-07-09 00:00:00,DTU_2022_1015033_1_MG_IT_BO_200709_GSL_142,Italy,Bologna,44.4949,11.3426,Gruppo HERA,75
1015033_1,Bologna,Trichococcus,0.002778781,2020-07-09 00:00:00,DTU_2022_1015033_1_MG_IT_BO_200709_GSL_142,Italy,Bologna,44.4949,11.3426,Gruppo HERA,75
1015033_1,Bologna,UBA1413,1.17178e-05,2020-07-09 00:00:00,DTU_2022_1015033_1_MG_IT_BO_200709_GSL_142,Italy,Bologna,44.4949,11.3426,Gruppo HERA,75
1015033_1,Bologna,merged,0.49474673,2020-07-09 00:00:00,DTU_2022_1015033_1_MG_IT_BO_200709_GSL_142,Italy,Bologna,44.4949,11.3426,Gruppo HERA,75
1015035_1,Bologna,Acidovorax,0.131894126,2020-07-23 00:00:00,DTU_2022_1015035_1_MG_IT_BO_200723_GSL_192,Italy,Bologna,44.4949,11.3426,Gruppo HERA,77
1015035_1,Bologna,Acinetobacter,0.013006759,2020-07-23 00:00:00,DTU_2022_1015035_1_MG_IT_BO_200723_GSL_192,Italy,Bologna,44.4949,11.3426,Gruppo HERA,77
1015035_1,Bologna,Aeromonas,0.005452264,2020-07-23 00:00:00,DTU_2022_1015035_1_MG_IT_BO_200723_GSL_192,Italy,Bologna,44.4949,11.3426,Gruppo HERA,77
1015035_1,Bologna,Aliarcobacter,0.004784138,2020-07-23 00:00:00,DTU_2022_1015035_1_MG_IT_BO_200723_GSL_192,Italy,Bologna,44.4949,11.3426,Gruppo HERA,77
1015035_1,Bologna,Aquabacterium_A,0.000438082,2020-07-23 00:00:00,DTU_2022_1015035_1_MG_IT_BO_200723_GSL_192,Italy,Bologna,44.4949,11.3426,Gruppo HERA,77
1015035_1,Bologna,Bacteroides,0.00077676,2020-07-23 00:00:00,DTU_2022_1015035_1_MG_IT_BO_200723_GSL_192,Italy,Bologna,44.4949,11.3426,Gruppo HERA,77
1015035_1,Bologna,Brachymonas,0.042501416,2020-07-23 00:00:00,DTU_2022_1015035_1_MG_IT_BO_200723_GSL_192,Italy,Bologna,44.4949,11.3426,Gruppo HERA,77
1015035_1,Bologna,Brevefilum,2.24732e-05,2020-07-23 00:00:00,DTU_2022_1015035_1_MG_IT_BO_200723_GSL_192,Italy,Bologna,44.4949,11.3426,Gruppo HERA,77
1015035_1,Bologna,Brevundimonas,0.00182386,2020-07-23 00:00:00,DTU_2022_1015035_1_MG_IT_BO_200723_GSL_192,Italy,Bologna,44.4949,11.3426,Gruppo HERA,77
1015035_1,Bologna,Cloacibacterium,0.009973519,2020-07-23 00:00:00,DTU_2022_1015035_1_MG_IT_BO_200723_GSL_192,Italy,Bologna,44.4949,11.3426,Gruppo HERA,77
1015035_1,Bologna,Comamonas,0.016991303,2020-07-23 00:00:00,DTU_2022_1015035_1_MG_IT_BO_200723_GSL_192,Italy,Bologna,44.4949,11.3426,Gruppo HERA,77
1015035_1,Bologna,Competibacter_A,0.000436221,2020-07-23 00:00:00,DTU_2022_1015035_1_MG_IT_BO_200723_GSL_192,Italy,Bologna,44.4949,11.3426,Gruppo HERA,77
1015035_1,Bologna,Enterobacter,0.001121806,2020-07-23 00:00:00,DTU_2022_1015035_1_MG_IT_BO_200723_GSL_192,Italy,Bologna,44.4949,11.3426,Gruppo HERA,77
1015035_1,Bologna,Fermentibacter,1.31069e-05,2020-07-23 00:00:00,DTU_2022_1015035_1_MG_IT_BO_200723_GSL_192,Italy,Bologna,44.4949,11.3426,Gruppo HERA,77
1015035_1,Bologna,Flavobacterium,0.00275721,2020-07-23 00:00:00,DTU_2022_1015035_1_MG_IT_BO_200723_GSL_192,Italy,Bologna,44.4949,11.3426,Gruppo HERA,77
1015035_1,Bologna,Giesbergeria,0.011314915,2020-07-23 00:00:00,DTU_2022_1015035_1_MG_IT_BO_200723_GSL_192,Italy,Bologna,44.4949,11.3426,Gruppo HERA,77
1015035_1,Bologna,Hydrogenophaga,0.002372505,2020-07-23 00:00:00,DTU_2022_1015035_1_MG_IT_BO_200723_GSL_192,Italy,Bologna,44.4949,11.3426,Gruppo HERA,77
1015035_1,Bologna,JAGOYM01,0.000855144,2020-07-23 00:00:00,DTU_2022_1015035_1_MG_IT_BO_200723_GSL_192,Italy,Bologna,44.4949,11.3426,Gruppo HERA,77
1015035_1,Bologna,Janthinobacterium,0.00138965,2020-07-23 00:00:00,DTU_2022_1015035_1_MG_IT_BO_200723_GSL_192,Italy,Bologna,44.4949,11.3426,Gruppo HERA,77
1015035_1,Bologna,Kaistella,0.001611822,2020-07-23 00:00:00,DTU_2022_1015035_1_MG_IT_BO_200723_GSL_192,Italy,Bologna,44.4949,11.3426,Gruppo HERA,77
1015035_1,Bologna,Lactococcus_A,0.000153838,2020-07-23 00:00:00,DTU_2022_1015035_1_MG_IT_BO_200723_GSL_192,Italy,Bologna,44.4949,11.3426,Gruppo HERA,77
1015035_1,Bologna,Lenti-01,0.00555418,2020-07-23 00:00:00,DTU_2022_1015035_1_MG_IT_BO_200723_GSL_192,Italy,Bologna,44.4949,11.3426,Gruppo HERA,77
1015035_1,Bologna,Microthrix,9.18077e-05,2020-07-23 00:00:00,DTU_2022_1015035_1_MG_IT_BO_200723_GSL_192,Italy,Bologna,44.4949,11.3426,Gruppo HERA,77
1015035_1,Bologna,Moraxella_A,0.015640021,2020-07-23 00:00:00,DTU_2022_1015035_1_MG_IT_BO_200723_GSL_192,Italy,Bologna,44.4949,11.3426,Gruppo HERA,77
1015035_1,Bologna,Neisseria,0.022895208,2020-07-23 00:00:00,DTU_2022_1015035_1_MG_IT_BO_200723_GSL_192,Italy,Bologna,44.4949,11.3426,Gruppo HERA,77
1015035_1,Bologna,Novosphingobium,0.002766704,2020-07-23 00:00:00,DTU_2022_1015035_1_MG_IT_BO_200723_GSL_192,Italy,Bologna,44.4949,11.3426,Gruppo HERA,77
1015035_1,Bologna,Ottowia,0.046236633,2020-07-23 00:00:00,DTU_2022_1015035_1_MG_IT_BO_200723_GSL_192,Italy,Bologna,44.4949,11.3426,Gruppo HERA,77
1015035_1,Bologna,Paracoccus,0.007196898,2020-07-23 00:00:00,DTU_2022_1015035_1_MG_IT_BO_200723_GSL_192,Italy,Bologna,44.4949,11.3426,Gruppo HERA,77
1015035_1,Bologna,Phocaeicola,0.001125276,2020-07-23 00:00:00,DTU_2022_1015035_1_MG_IT_BO_200723_GSL_192,Italy,Bologna,44.4949,11.3426,Gruppo HERA,77
1015035_1,Bologna,Prevotella,0.001199013,2020-07-23 00:00:00,DTU_2022_1015035_1_MG_IT_BO_200723_GSL_192,Italy,Bologna,44.4949,11.3426,Gruppo HERA,77
1015035_1,Bologna,Propionivibrio,0.022758774,2020-07-23 00:00:00,DTU_2022_1015035_1_MG_IT_BO_200723_GSL_192,Italy,Bologna,44.4949,11.3426,Gruppo HERA,77
1015035_1,Bologna,Pseudomonas_E,0.020248081,2020-07-23 00:00:00,DTU_2022_1015035_1_MG_IT_BO_200723_GSL_192,Italy,Bologna,44.4949,11.3426,Gruppo HERA,77
1015035_1,Bologna,Pseudoxanthomonas,0.016693484,2020-07-23 00:00:00,DTU_2022_1015035_1_MG_IT_BO_200723_GSL_192,Italy,Bologna,44.4949,11.3426,Gruppo HERA,77
1015035_1,Bologna,Pseudoxanthomonas_A,0.013735548,2020-07-23 00:00:00,DTU_2022_1015035_1_MG_IT_BO_200723_GSL_192,Italy,Bologna,44.4949,11.3426,Gruppo HERA,77
1015035_1,Bologna,Psychrobacter,0.007869737,2020-07-23 00:00:00,DTU_2022_1015035_1_MG_IT_BO_200723_GSL_192,Italy,Bologna,44.4949,11.3426,Gruppo HERA,77
1015035_1,Bologna,Rubrivivax,0.001022667,2020-07-23 00:00:00,DTU_2022_1015035_1_MG_IT_BO_200723_GSL_192,Italy,Bologna,44.4949,11.3426,Gruppo HERA,77
1015035_1,Bologna,Streptococcus,0.007169095,2020-07-23 00:00:00,DTU_2022_1015035_1_MG_IT_BO_200723_GSL_192,Italy,Bologna,44.4949,11.3426,Gruppo HERA,77
1015035_1,Bologna,Telluria,0.000658324,2020-07-23 00:00:00,DTU_2022_1015035_1_MG_IT_BO_200723_GSL_192,Italy,Bologna,44.4949,11.3426,Gruppo HERA,77
1015035_1,Bologna,Thauera,0.018719225,2020-07-23 00:00:00,DTU_2022_1015035_1_MG_IT_BO_200723_GSL_192,Italy,Bologna,44.4949,11.3426,Gruppo HERA,77
1015035_1,Bologna,Thermomonas,0.035163371,2020-07-23 00:00:00,DTU_2022_1015035_1_MG_IT_BO_200723_GSL_192,Italy,Bologna,44.4949,11.3426,Gruppo HERA,77
1015035_1,Bologna,Thiothrix,0.00895493,2020-07-23 00:00:00,DTU_2022_1015035_1_MG_IT_BO_200723_GSL_192,Italy,Bologna,44.4949,11.3426,Gruppo HERA,77
1015035_1,Bologna,Tolumonas,0.001649581,2020-07-23 00:00:00,DTU_2022_1015035_1_MG_IT_BO_200723_GSL_192,Italy,Bologna,44.4949,11.3426,Gruppo HERA,77
1015035_1,Bologna,Trichococcus,0.006001755,2020-07-23 00:00:00,DTU_2022_1015035_1_MG_IT_BO_200723_GSL_192,Italy,Bologna,44.4949,11.3426,Gruppo HERA,77
1015035_1,Bologna,UBA1413,3.54711e-05,2020-07-23 00:00:00,DTU_2022_1015035_1_MG_IT_BO_200723_GSL_192,Italy,Bologna,44.4949,11.3426,Gruppo HERA,77
1015035_1,Bologna,merged,0.486923297,2020-07-23 00:00:00,DTU_2022_1015035_1_MG_IT_BO_200723_GSL_192,Italy,Bologna,44.4949,11.3426,Gruppo HERA,77
1015037_1,Bologna,Acidovorax,0.097290052,2020-08-06 00:00:00,DTU_2022_1015037_1_MG_IT_BO_200806_GSL_189,Italy,Bologna,44.4949,11.3426,Gruppo HERA,79
1015037_1,Bologna,Acinetobacter,0.012418132,2020-08-06 00:00:00,DTU_2022_1015037_1_MG_IT_BO_200806_GSL_189,Italy,Bologna,44.4949,11.3426,Gruppo HERA,79
1015037_1,Bologna,Aeromonas,0.013641345,2020-08-06 00:00:00,DTU_2022_1015037_1_MG_IT_BO_200806_GSL_189,Italy,Bologna,44.4949,11.3426,Gruppo HERA,79
1015037_1,Bologna,Aliarcobacter,0.029255918,2020-08-06 00:00:00,DTU_2022_1015037_1_MG_IT_BO_200806_GSL_189,Italy,Bologna,44.4949,11.3426,Gruppo HERA,79
1015037_1,Bologna,Aquabacterium_A,0.000209935,2020-08-06 00:00:00,DTU_2022_1015037_1_MG_IT_BO_200806_GSL_189,Italy,Bologna,44.4949,11.3426,Gruppo HERA,79
1015037_1,Bologna,Bacteroides,0.00327308,2020-08-06 00:00:00,DTU_2022_1015037_1_MG_IT_BO_200806_GSL_189,Italy,Bologna,44.4949,11.3426,Gruppo HERA,79
1015037_1,Bologna,Brachymonas,0.034036786,2020-08-06 00:00:00,DTU_2022_1015037_1_MG_IT_BO_200806_GSL_189,Italy,Bologna,44.4949,11.3426,Gruppo HERA,79
1015037_1,Bologna,Brevefilum,1.32886e-05,2020-08-06 00:00:00,DTU_2022_1015037_1_MG_IT_BO_200806_GSL_189,Italy,Bologna,44.4949,11.3426,Gruppo HERA,79
1015037_1,Bologna,Brevundimonas,0.001277973,2020-08-06 00:00:00,DTU_2022_1015037_1_MG_IT_BO_200806_GSL_189,Italy,Bologna,44.4949,11.3426,Gruppo HERA,79
1015037_1,Bologna,Cloacibacterium,0.010775699,2020-08-06 00:00:00,DTU_2022_1015037_1_MG_IT_BO_200806_GSL_189,Italy,Bologna,44.4949,11.3426,Gruppo HERA,79
1015037_1,Bologna,Comamonas,0.019080292,2020-08-06 00:00:00,DTU_2022_1015037_1_MG_IT_BO_200806_GSL_189,Italy,Bologna,44.4949,11.3426,Gruppo HERA,79
1015037_1,Bologna,Competibacter_A,0.000220963,2020-08-06 00:00:00,DTU_2022_1015037_1_MG_IT_BO_200806_GSL_189,Italy,Bologna,44.4949,11.3426,Gruppo HERA,79
1015037_1,Bologna,Enterobacter,0.002976935,2020-08-06 00:00:00,DTU_2022_1015037_1_MG_IT_BO_200806_GSL_189,Italy,Bologna,44.4949,11.3426,Gruppo HERA,79
1015037_1,Bologna,Fermentibacter,7.57718e-06,2020-08-06 00:00:00,DTU_2022_1015037_1_MG_IT_BO_200806_GSL_189,Italy,Bologna,44.4949,11.3426,Gruppo HERA,79
1015037_1,Bologna,Flavobacterium,0.002358406,2020-08-06 00:00:00,DTU_2022_1015037_1_MG_IT_BO_200806_GSL_189,Italy,Bologna,44.4949,11.3426,Gruppo HERA,79
1015037_1,Bologna,Giesbergeria,0.00383536,2020-08-06 00:00:00,DTU_2022_1015037_1_MG_IT_BO_200806_GSL_189,Italy,Bologna,44.4949,11.3426,Gruppo HERA,79
1015037_1,Bologna,Hydrogenophaga,0.000472394,2020-08-06 00:00:00,DTU_2022_1015037_1_MG_IT_BO_200806_GSL_189,Italy,Bologna,44.4949,11.3426,Gruppo HERA,79
1015037_1,Bologna,JAGOYM01,0.001129915,2020-08-06 00:00:00,DTU_2022_1015037_1_MG_IT_BO_200806_GSL_189,Italy,Bologna,44.4949,11.3426,Gruppo HERA,79
1015037_1,Bologna,Janthinobacterium,0.000934484,2020-08-06 00:00:00,DTU_2022_1015037_1_MG_IT_BO_200806_GSL_189,Italy,Bologna,44.4949,11.3426,Gruppo HERA,79
1015037_1,Bologna,Kaistella,0.001160215,2020-08-06 00:00:00,DTU_2022_1015037_1_MG_IT_BO_200806_GSL_189,Italy,Bologna,44.4949,11.3426,Gruppo HERA,79
1015037_1,Bologna,Lactococcus_A,0.000130834,2020-08-06 00:00:00,DTU_2022_1015037_1_MG_IT_BO_200806_GSL_189,Italy,Bologna,44.4949,11.3426,Gruppo HERA,79
1015037_1,Bologna,Lenti-01,0.00469136,2020-08-06 00:00:00,DTU_2022_1015037_1_MG_IT_BO_200806_GSL_189,Italy,Bologna,44.4949,11.3426,Gruppo HERA,79
1015037_1,Bologna,Microthrix,3.53782e-05,2020-08-06 00:00:00,DTU_2022_1015037_1_MG_IT_BO_200806_GSL_189,Italy,Bologna,44.4949,11.3426,Gruppo HERA,79
1015037_1,Bologna,Moraxella_A,0.005533335,2020-08-06 00:00:00,DTU_2022_1015037_1_MG_IT_BO_200806_GSL_189,Italy,Bologna,44.4949,11.3426,Gruppo HERA,79
1015037_1,Bologna,Neisseria,0.022439197,2020-08-06 00:00:00,DTU_2022_1015037_1_MG_IT_BO_200806_GSL_189,Italy,Bologna,44.4949,11.3426,Gruppo HERA,79
1015037_1,Bologna,Novosphingobium,0.001335611,2020-08-06 00:00:00,DTU_2022_1015037_1_MG_IT_BO_200806_GSL_189,Italy,Bologna,44.4949,11.3426,Gruppo HERA,79
1015037_1,Bologna,Ottowia,0.057019296,2020-08-06 00:00:00,DTU_2022_1015037_1_MG_IT_BO_200806_GSL_189,Italy,Bologna,44.4949,11.3426,Gruppo HERA,79
1015037_1,Bologna,Paracoccus,0.002926336,2020-08-06 00:00:00,DTU_2022_1015037_1_MG_IT_BO_200806_GSL_189,Italy,Bologna,44.4949,11.3426,Gruppo HERA,79
1015037_1,Bologna,Phocaeicola,0.010853404,2020-08-06 00:00:00,DTU_2022_1015037_1_MG_IT_BO_200806_GSL_189,Italy,Bologna,44.4949,11.3426,Gruppo HERA,79
1015037_1,Bologna,Prevotella,0.0036776,2020-08-06 00:00:00,DTU_2022_1015037_1_MG_IT_BO_200806_GSL_189,Italy,Bologna,44.4949,11.3426,Gruppo HERA,79
1015037_1,Bologna,Propionivibrio,0.037656907,2020-08-06 00:00:00,DTU_2022_1015037_1_MG_IT_BO_200806_GSL_189,Italy,Bologna,44.4949,11.3426,Gruppo HERA,79
1015037_1,Bologna,Pseudomonas_E,0.024970269,2020-08-06 00:00:00,DTU_2022_1015037_1_MG_IT_BO_200806_GSL_189,Italy,Bologna,44.4949,11.3426,Gruppo HERA,79
1015037_1,Bologna,Pseudoxanthomonas,0.012200648,2020-08-06 00:00:00,DTU_2022_1015037_1_MG_IT_BO_200806_GSL_189,Italy,Bologna,44.4949,11.3426,Gruppo HERA,79
1015037_1,Bologna,Pseudoxanthomonas_A,0.010198738,2020-08-06 00:00:00,DTU_2022_1015037_1_MG_IT_BO_200806_GSL_189,Italy,Bologna,44.4949,11.3426,Gruppo HERA,79
1015037_1,Bologna,Psychrobacter,0.000177507,2020-08-06 00:00:00,DTU_2022_1015037_1_MG_IT_BO_200806_GSL_189,Italy,Bologna,44.4949,11.3426,Gruppo HERA,79
1015037_1,Bologna,Rubrivivax,0.000468438,2020-08-06 00:00:00,DTU_2022_1015037_1_MG_IT_BO_200806_GSL_189,Italy,Bologna,44.4949,11.3426,Gruppo HERA,79
1015037_1,Bologna,Streptococcus,0.00661304,2020-08-06 00:00:00,DTU_2022_1015037_1_MG_IT_BO_200806_GSL_189,Italy,Bologna,44.4949,11.3426,Gruppo HERA,79
1015037_1,Bologna,Telluria,0.001863433,2020-08-06 00:00:00,DTU_2022_1015037_1_MG_IT_BO_200806_GSL_189,Italy,Bologna,44.4949,11.3426,Gruppo HERA,79
1015037_1,Bologna,Thauera,0.015535955,2020-08-06 00:00:00,DTU_2022_1015037_1_MG_IT_BO_200806_GSL_189,Italy,Bologna,44.4949,11.3426,Gruppo HERA,79
1015037_1,Bologna,Thermomonas,0.01651153,2020-08-06 00:00:00,DTU_2022_1015037_1_MG_IT_BO_200806_GSL_189,Italy,Bologna,44.4949,11.3426,Gruppo HERA,79
1015037_1,Bologna,Thiothrix,0.001623437,2020-08-06 00:00:00,DTU_2022_1015037_1_MG_IT_BO_200806_GSL_189,Italy,Bologna,44.4949,11.3426,Gruppo HERA,79
1015037_1,Bologna,Tolumonas,0.008248541,2020-08-06 00:00:00,DTU_2022_1015037_1_MG_IT_BO_200806_GSL_189,Italy,Bologna,44.4949,11.3426,Gruppo HERA,79
1015037_1,Bologna,Trichococcus,0.00206599,2020-08-06 00:00:00,DTU_2022_1015037_1_MG_IT_BO_200806_GSL_189,Italy,Bologna,44.4949,11.3426,Gruppo HERA,79
1015037_1,Bologna,UBA1413,6.18262e-06,2020-08-06 00:00:00,DTU_2022_1015037_1_MG_IT_BO_200806_GSL_189,Italy,Bologna,44.4949,11.3426,Gruppo HERA,79
1015037_1,Bologna,merged,0.518848284,2020-08-06 00:00:00,DTU_2022_1015037_1_MG_IT_BO_200806_GSL_189,Italy,Bologna,44.4949,11.3426,Gruppo HERA,79
1015039_1,Bologna,Acidovorax,0.188127212,2020-08-25 00:00:00,DTU_2022_1015039_1_MG_IT_BO_200825_GSL_209,Italy,Bologna,44.4949,11.3426,Gruppo HERA,81
1015039_1,Bologna,Acinetobacter,0.021956649,2020-08-25 00:00:00,DTU_2022_1015039_1_MG_IT_BO_200825_GSL_209,Italy,Bologna,44.4949,11.3426,Gruppo HERA,81
1015039_1,Bologna,Aeromonas,0.006111473,2020-08-25 00:00:00,DTU_2022_1015039_1_MG_IT_BO_200825_GSL_209,Italy,Bologna,44.4949,11.3426,Gruppo HERA,81
1015039_1,Bologna,Aliarcobacter,0.009256471,2020-08-25 00:00:00,DTU_2022_1015039_1_MG_IT_BO_200825_GSL_209,Italy,Bologna,44.4949,11.3426,Gruppo HERA,81
1015039_1,Bologna,Aquabacterium_A,0.00026679,2020-08-25 00:00:00,DTU_2022_1015039_1_MG_IT_BO_200825_GSL_209,Italy,Bologna,44.4949,11.3426,Gruppo HERA,81
1015039_1,Bologna,Bacteroides,0.002811458,2020-08-25 00:00:00,DTU_2022_1015039_1_MG_IT_BO_200825_GSL_209,Italy,Bologna,44.4949,11.3426,Gruppo HERA,81
1015039_1,Bologna,Brachymonas,0.047762019,2020-08-25 00:00:00,DTU_2022_1015039_1_MG_IT_BO_200825_GSL_209,Italy,Bologna,44.4949,11.3426,Gruppo HERA,81
1015039_1,Bologna,Brevefilum,1.94527e-05,2020-08-25 00:00:00,DTU_2022_1015039_1_MG_IT_BO_200825_GSL_209,Italy,Bologna,44.4949,11.3426,Gruppo HERA,81
1015039_1,Bologna,Brevundimonas,0.000975056,2020-08-25 00:00:00,DTU_2022_1015039_1_MG_IT_BO_200825_GSL_209,Italy,Bologna,44.4949,11.3426,Gruppo HERA,81
1015039_1,Bologna,Cloacibacterium,0.010075307,2020-08-25 00:00:00,DTU_2022_1015039_1_MG_IT_BO_200825_GSL_209,Italy,Bologna,44.4949,11.3426,Gruppo HERA,81
1015039_1,Bologna,Comamonas,0.014200649,2020-08-25 00:00:00,DTU_2022_1015039_1_MG_IT_BO_200825_GSL_209,Italy,Bologna,44.4949,11.3426,Gruppo HERA,81
1015039_1,Bologna,Competibacter_A,0.000212407,2020-08-25 00:00:00,DTU_2022_1015039_1_MG_IT_BO_200825_GSL_209,Italy,Bologna,44.4949,11.3426,Gruppo HERA,81
1015039_1,Bologna,Enterobacter,0.002556367,2020-08-25 00:00:00,DTU_2022_1015039_1_MG_IT_BO_200825_GSL_209,Italy,Bologna,44.4949,11.3426,Gruppo HERA,81
1015039_1,Bologna,Fermentibacter,5.23197e-06,2020-08-25 00:00:00,DTU_2022_1015039_1_MG_IT_BO_200825_GSL_209,Italy,Bologna,44.4949,11.3426,Gruppo HERA,81
1015039_1,Bologna,Flavobacterium,0.002683623,2020-08-25 00:00:00,DTU_2022_1015039_1_MG_IT_BO_200825_GSL_209,Italy,Bologna,44.4949,11.3426,Gruppo HERA,81
1015039_1,Bologna,Giesbergeria,0.014308116,2020-08-25 00:00:00,DTU_2022_1015039_1_MG_IT_BO_200825_GSL_209,Italy,Bologna,44.4949,11.3426,Gruppo HERA,81
1015039_1,Bologna,Hydrogenophaga,0.001567556,2020-08-25 00:00:00,DTU_2022_1015039_1_MG_IT_BO_200825_GSL_209,Italy,Bologna,44.4949,11.3426,Gruppo HERA,81
1015039_1,Bologna,JAGOYM01,0.000835404,2020-08-25 00:00:00,DTU_2022_1015039_1_MG_IT_BO_200825_GSL_209,Italy,Bologna,44.4949,11.3426,Gruppo HERA,81
1015039_1,Bologna,Janthinobacterium,0.000733025,2020-08-25 00:00:00,DTU_2022_1015039_1_MG_IT_BO_200825_GSL_209,Italy,Bologna,44.4949,11.3426,Gruppo HERA,81
1015039_1,Bologna,Kaistella,0.00159544,2020-08-25 00:00:00,DTU_2022_1015039_1_MG_IT_BO_200825_GSL_209,Italy,Bologna,44.4949,11.3426,Gruppo HERA,81
1015039_1,Bologna,Lactococcus_A,6.91867e-05,2020-08-25 00:00:00,DTU_2022_1015039_1_MG_IT_BO_200825_GSL_209,Italy,Bologna,44.4949,11.3426,Gruppo HERA,81
1015039_1,Bologna,Lenti-01,0.003167585,2020-08-25 00:00:00,DTU_2022_1015039_1_MG_IT_BO_200825_GSL_209,Italy,Bologna,44.4949,11.3426,Gruppo HERA,81
1015039_1,Bologna,Microthrix,5.32416e-05,2020-08-25 00:00:00,DTU_2022_1015039_1_MG_IT_BO_200825_GSL_209,Italy,Bologna,44.4949,11.3426,Gruppo HERA,81
1015039_1,Bologna,Moraxella_A,0.013051561,2020-08-25 00:00:00,DTU_2022_1015039_1_MG_IT_BO_200825_GSL_209,Italy,Bologna,44.4949,11.3426,Gruppo HERA,81
1015039_1,Bologna,Neisseria,0.016375919,2020-08-25 00:00:00,DTU_2022_1015039_1_MG_IT_BO_200825_GSL_209,Italy,Bologna,44.4949,11.3426,Gruppo HERA,81
1015039_1,Bologna,Novosphingobium,0.001285506,2020-08-25 00:00:00,DTU_2022_1015039_1_MG_IT_BO_200825_GSL_209,Italy,Bologna,44.4949,11.3426,Gruppo HERA,81
1015039_1,Bologna,Ottowia,0.035940061,2020-08-25 00:00:00,DTU_2022_1015039_1_MG_IT_BO_200825_GSL_209,Italy,Bologna,44.4949,11.3426,Gruppo HERA,81
1015039_1,Bologna,Paracoccus,0.00172128,2020-08-25 00:00:00,DTU_2022_1015039_1_MG_IT_BO_200825_GSL_209,Italy,Bologna,44.4949,11.3426,Gruppo HERA,81
1015039_1,Bologna,Phocaeicola,0.000643434,2020-08-25 00:00:00,DTU_2022_1015039_1_MG_IT_BO_200825_GSL_209,Italy,Bologna,44.4949,11.3426,Gruppo HERA,81
1015039_1,Bologna,Prevotella,0.001426182,2020-08-25 00:00:00,DTU_2022_1015039_1_MG_IT_BO_200825_GSL_209,Italy,Bologna,44.4949,11.3426,Gruppo HERA,81
1015039_1,Bologna,Propionivibrio,0.014956333,2020-08-25 00:00:00,DTU_2022_1015039_1_MG_IT_BO_200825_GSL_209,Italy,Bologna,44.4949,11.3426,Gruppo HERA,81
1015039_1,Bologna,Pseudomonas_E,0.146425963,2020-08-25 00:00:00,DTU_2022_1015039_1_MG_IT_BO_200825_GSL_209,Italy,Bologna,44.4949,11.3426,Gruppo HERA,81
1015039_1,Bologna,Pseudoxanthomonas,0.012389069,2020-08-25 00:00:00,DTU_2022_1015039_1_MG_IT_BO_200825_GSL_209,Italy,Bologna,44.4949,11.3426,Gruppo HERA,81
1015039_1,Bologna,Pseudoxanthomonas_A,0.007913776,2020-08-25 00:00:00,DTU_2022_1015039_1_MG_IT_BO_200825_GSL_209,Italy,Bologna,44.4949,11.3426,Gruppo HERA,81
1015039_1,Bologna,Psychrobacter,0.02284246,2020-08-25 00:00:00,DTU_2022_1015039_1_MG_IT_BO_200825_GSL_209,Italy,Bologna,44.4949,11.3426,Gruppo HERA,81
1015039_1,Bologna,Rubrivivax,0.000315788,2020-08-25 00:00:00,DTU_2022_1015039_1_MG_IT_BO_200825_GSL_209,Italy,Bologna,44.4949,11.3426,Gruppo HERA,81
1015039_1,Bologna,Streptococcus,0.006698424,2020-08-25 00:00:00,DTU_2022_1015039_1_MG_IT_BO_200825_GSL_209,Italy,Bologna,44.4949,11.3426,Gruppo HERA,81
1015039_1,Bologna,Telluria,0.000767907,2020-08-25 00:00:00,DTU_2022_1015039_1_MG_IT_BO_200825_GSL_209,Italy,Bologna,44.4949,11.3426,Gruppo HERA,81
1015039_1,Bologna,Thauera,0.008147531,2020-08-25 00:00:00,DTU_2022_1015039_1_MG_IT_BO_200825_GSL_209,Italy,Bologna,44.4949,11.3426,Gruppo HERA,81
1015039_1,Bologna,Thermomonas,0.012964894,2020-08-25 00:00:00,DTU_2022_1015039_1_MG_IT_BO_200825_GSL_209,Italy,Bologna,44.4949,11.3426,Gruppo HERA,81
1015039_1,Bologna,Thiothrix,0.006068267,2020-08-25 00:00:00,DTU_2022_1015039_1_MG_IT_BO_200825_GSL_209,Italy,Bologna,44.4949,11.3426,Gruppo HERA,81
1015039_1,Bologna,Tolumonas,0.000880671,2020-08-25 00:00:00,DTU_2022_1015039_1_MG_IT_BO_200825_GSL_209,Italy,Bologna,44.4949,11.3426,Gruppo HERA,81
1015039_1,Bologna,Trichococcus,0.004830434,2020-08-25 00:00:00,DTU_2022_1015039_1_MG_IT_BO_200825_GSL_209,Italy,Bologna,44.4949,11.3426,Gruppo HERA,81
1015039_1,Bologna,UBA1413,1.40112e-05,2020-08-25 00:00:00,DTU_2022_1015039_1_MG_IT_BO_200825_GSL_209,Italy,Bologna,44.4949,11.3426,Gruppo HERA,81
1015039_1,Bologna,merged,0.354990811,2020-08-25 00:00:00,DTU_2022_1015039_1_MG_IT_BO_200825_GSL_209,Italy,Bologna,44.4949,11.3426,Gruppo HERA,81
1015041_1,Bologna,Acidovorax,0.086982657,2020-09-08 00:00:00,DTU_2022_1015041_1_MG_IT_BO_200908_GSL_211,Italy,Bologna,44.4949,11.3426,Gruppo HERA,83
1015041_1,Bologna,Acinetobacter,0.006239025,2020-09-08 00:00:00,DTU_2022_1015041_1_MG_IT_BO_200908_GSL_211,Italy,Bologna,44.4949,11.3426,Gruppo HERA,83
1015041_1,Bologna,Aeromonas,0.003367546,2020-09-08 00:00:00,DTU_2022_1015041_1_MG_IT_BO_200908_GSL_211,Italy,Bologna,44.4949,11.3426,Gruppo HERA,83
1015041_1,Bologna,Aliarcobacter,0.002115883,2020-09-08 00:00:00,DTU_2022_1015041_1_MG_IT_BO_200908_GSL_211,Italy,Bologna,44.4949,11.3426,Gruppo HERA,83
1015041_1,Bologna,Aquabacterium_A,0.000164916,2020-09-08 00:00:00,DTU_2022_1015041_1_MG_IT_BO_200908_GSL_211,Italy,Bologna,44.4949,11.3426,Gruppo HERA,83
1015041_1,Bologna,Bacteroides,0.001088705,2020-09-08 00:00:00,DTU_2022_1015041_1_MG_IT_BO_200908_GSL_211,Italy,Bologna,44.4949,11.3426,Gruppo HERA,83
1015041_1,Bologna,Brachymonas,0.028407312,2020-09-08 00:00:00,DTU_2022_1015041_1_MG_IT_BO_200908_GSL_211,Italy,Bologna,44.4949,11.3426,Gruppo HERA,83
1015041_1,Bologna,Brevefilum,2.42464e-06,2020-09-08 00:00:00,DTU_2022_1015041_1_MG_IT_BO_200908_GSL_211,Italy,Bologna,44.4949,11.3426,Gruppo HERA,83
1015041_1,Bologna,Brevundimonas,0.001073238,2020-09-08 00:00:00,DTU_2022_1015041_1_MG_IT_BO_200908_GSL_211,Italy,Bologna,44.4949,11.3426,Gruppo HERA,83
1015041_1,Bologna,Cloacibacterium,0.00349025,2020-09-08 00:00:00,DTU_2022_1015041_1_MG_IT_BO_200908_GSL_211,Italy,Bologna,44.4949,11.3426,Gruppo HERA,83
1015041_1,Bologna,Comamonas,0.013007956,2020-09-08 00:00:00,DTU_2022_1015041_1_MG_IT_BO_200908_GSL_211,Italy,Bologna,44.4949,11.3426,Gruppo HERA,83
1015041_1,Bologna,Competibacter_A,0.000183091,2020-09-08 00:00:00,DTU_2022_1015041_1_MG_IT_BO_200908_GSL_211,Italy,Bologna,44.4949,11.3426,Gruppo HERA,83
1015041_1,Bologna,Enterobacter,0.001974776,2020-09-08 00:00:00,DTU_2022_1015041_1_MG_IT_BO_200908_GSL_211,Italy,Bologna,44.4949,11.3426,Gruppo HERA,83
1015041_1,Bologna,Fermentibacter,6.12519e-06,2020-09-08 00:00:00,DTU_2022_1015041_1_MG_IT_BO_200908_GSL_211,Italy,Bologna,44.4949,11.3426,Gruppo HERA,83
1015041_1,Bologna,Flavobacterium,0.001768603,2020-09-08 00:00:00,DTU_2022_1015041_1_MG_IT_BO_200908_GSL_211,Italy,Bologna,44.4949,11.3426,Gruppo HERA,83
1015041_1,Bologna,Giesbergeria,0.004297706,2020-09-08 00:00:00,DTU_2022_1015041_1_MG_IT_BO_200908_GSL_211,Italy,Bologna,44.4949,11.3426,Gruppo HERA,83
1015041_1,Bologna,Hydrogenophaga,0.000967199,2020-09-08 00:00:00,DTU_2022_1015041_1_MG_IT_BO_200908_GSL_211,Italy,Bologna,44.4949,11.3426,Gruppo HERA,83
1015041_1,Bologna,JAGOYM01,0.000209842,2020-09-08 00:00:00,DTU_2022_1015041_1_MG_IT_BO_200908_GSL_211,Italy,Bologna,44.4949,11.3426,Gruppo HERA,83
1015041_1,Bologna,Janthinobacterium,0.001083299,2020-09-08 00:00:00,DTU_2022_1015041_1_MG_IT_BO_200908_GSL_211,Italy,Bologna,44.4949,11.3426,Gruppo HERA,83
1015041_1,Bologna,Kaistella,0.000553244,2020-09-08 00:00:00,DTU_2022_1015041_1_MG_IT_BO_200908_GSL_211,Italy,Bologna,44.4949,11.3426,Gruppo HERA,83
1015041_1,Bologna,Lactococcus_A,0.00012629,2020-09-08 00:00:00,DTU_2022_1015041_1_MG_IT_BO_200908_GSL_211,Italy,Bologna,44.4949,11.3426,Gruppo HERA,83
1015041_1,Bologna,Lenti-01,0.003565921,2020-09-08 00:00:00,DTU_2022_1015041_1_MG_IT_BO_200908_GSL_211,Italy,Bologna,44.4949,11.3426,Gruppo HERA,83
1015041_1,Bologna,Microthrix,2.53808e-05,2020-09-08 00:00:00,DTU_2022_1015041_1_MG_IT_BO_200908_GSL_211,Italy,Bologna,44.4949,11.3426,Gruppo HERA,83
1015041_1,Bologna,Moraxella_A,0.006837181,2020-09-08 00:00:00,DTU_2022_1015041_1_MG_IT_BO_200908_GSL_211,Italy,Bologna,44.4949,11.3426,Gruppo HERA,83
1015041_1,Bologna,Neisseria,0.02708236,2020-09-08 00:00:00,DTU_2022_1015041_1_MG_IT_BO_200908_GSL_211,Italy,Bologna,44.4949,11.3426,Gruppo HERA,83
1015041_1,Bologna,Novosphingobium,0.000793774,2020-09-08 00:00:00,DTU_2022_1015041_1_MG_IT_BO_200908_GSL_211,Italy,Bologna,44.4949,11.3426,Gruppo HERA,83
1015041_1,Bologna,Ottowia,0.014532477,2020-09-08 00:00:00,DTU_2022_1015041_1_MG_IT_BO_200908_GSL_211,Italy,Bologna,44.4949,11.3426,Gruppo HERA,83
1015041_1,Bologna,Paracoccus,0.002071918,2020-09-08 00:00:00,DTU_2022_1015041_1_MG_IT_BO_200908_GSL_211,Italy,Bologna,44.4949,11.3426,Gruppo HERA,83
1015041_1,Bologna,Phocaeicola,0.00069813,2020-09-08 00:00:00,DTU_2022_1015041_1_MG_IT_BO_200908_GSL_211,Italy,Bologna,44.4949,11.3426,Gruppo HERA,83
1015041_1,Bologna,Prevotella,0.001239051,2020-09-08 00:00:00,DTU_2022_1015041_1_MG_IT_BO_200908_GSL_211,Italy,Bologna,44.4949,11.3426,Gruppo HERA,83
1015041_1,Bologna,Propionivibrio,0.008505855,2020-09-08 00:00:00,DTU_2022_1015041_1_MG_IT_BO_200908_GSL_211,Italy,Bologna,44.4949,11.3426,Gruppo HERA,83
1015041_1,Bologna,Pseudomonas_E,0.371495403,2020-09-08 00:00:00,DTU_2022_1015041_1_MG_IT_BO_200908_GSL_211,Italy,Bologna,44.4949,11.3426,Gruppo HERA,83
1015041_1,Bologna,Pseudoxanthomonas,0.009315989,2020-09-08 00:00:00,DTU_2022_1015041_1_MG_IT_BO_200908_GSL_211,Italy,Bologna,44.4949,11.3426,Gruppo HERA,83
1015041_1,Bologna,Pseudoxanthomonas_A,0.022629219,2020-09-08 00:00:00,DTU_2022_1015041_1_MG_IT_BO_200908_GSL_211,Italy,Bologna,44.4949,11.3426,Gruppo HERA,83
1015041_1,Bologna,Psychrobacter,0.003510538,2020-09-08 00:00:00,DTU_2022_1015041_1_MG_IT_BO_200908_GSL_211,Italy,Bologna,44.4949,11.3426,Gruppo HERA,83
1015041_1,Bologna,Rubrivivax,0.000189507,2020-09-08 00:00:00,DTU_2022_1015041_1_MG_IT_BO_200908_GSL_211,Italy,Bologna,44.4949,11.3426,Gruppo HERA,83
1015041_1,Bologna,Streptococcus,0.001794078,2020-09-08 00:00:00,DTU_2022_1015041_1_MG_IT_BO_200908_GSL_211,Italy,Bologna,44.4949,11.3426,Gruppo HERA,83
1015041_1,Bologna,Telluria,0.000683356,2020-09-08 00:00:00,DTU_2022_1015041_1_MG_IT_BO_200908_GSL_211,Italy,Bologna,44.4949,11.3426,Gruppo HERA,83
1015041_1,Bologna,Thauera,0.007606764,2020-09-08 00:00:00,DTU_2022_1015041_1_MG_IT_BO_200908_GSL_211,Italy,Bologna,44.4949,11.3426,Gruppo HERA,83
1015041_1,Bologna,Thermomonas,0.01811077,2020-09-08 00:00:00,DTU_2022_1015041_1_MG_IT_BO_200908_GSL_211,Italy,Bologna,44.4949,11.3426,Gruppo HERA,83
1015041_1,Bologna,Thiothrix,0.000960245,2020-09-08 00:00:00,DTU_2022_1015041_1_MG_IT_BO_200908_GSL_211,Italy,Bologna,44.4949,11.3426,Gruppo HERA,83
1015041_1,Bologna,Tolumonas,0.000728237,2020-09-08 00:00:00,DTU_2022_1015041_1_MG_IT_BO_200908_GSL_211,Italy,Bologna,44.4949,11.3426,Gruppo HERA,83
1015041_1,Bologna,Trichococcus,0.00300707,2020-09-08 00:00:00,DTU_2022_1015041_1_MG_IT_BO_200908_GSL_211,Italy,Bologna,44.4949,11.3426,Gruppo HERA,83
1015041_1,Bologna,UBA1413,5.34189e-07,2020-09-08 00:00:00,DTU_2022_1015041_1_MG_IT_BO_200908_GSL_211,Italy,Bologna,44.4949,11.3426,Gruppo HERA,83
1015041_1,Bologna,merged,0.337506155,2020-09-08 00:00:00,DTU_2022_1015041_1_MG_IT_BO_200908_GSL_211,Italy,Bologna,44.4949,11.3426,Gruppo HERA,83
1015043_1,Bologna,Acidovorax,0.027825777,2020-09-22 00:00:00,DTU_2022_1015043_1_MG_IT_BO_200922_GSL_291,Italy,Bologna,44.4949,11.3426,Gruppo HERA,85
1015043_1,Bologna,Acinetobacter,0.003469193,2020-09-22 00:00:00,DTU_2022_1015043_1_MG_IT_BO_200922_GSL_291,Italy,Bologna,44.4949,11.3426,Gruppo HERA,85
1015043_1,Bologna,Aeromonas,0.000722008,2020-09-22 00:00:00,DTU_2022_1015043_1_MG_IT_BO_200922_GSL_291,Italy,Bologna,44.4949,11.3426,Gruppo HERA,85
1015043_1,Bologna,Aliarcobacter,0.000296406,2020-09-22 00:00:00,DTU_2022_1015043_1_MG_IT_BO_200922_GSL_291,Italy,Bologna,44.4949,11.3426,Gruppo HERA,85
1015043_1,Bologna,Aquabacterium_A,0.000105034,2020-09-22 00:00:00,DTU_2022_1015043_1_MG_IT_BO_200922_GSL_291,Italy,Bologna,44.4949,11.3426,Gruppo HERA,85
1015043_1,Bologna,Bacteroides,6.33652e-05,2020-09-22 00:00:00,DTU_2022_1015043_1_MG_IT_BO_200922_GSL_291,Italy,Bologna,44.4949,11.3426,Gruppo HERA,85
1015043_1,Bologna,Brachymonas,0.004643409,2020-09-22 00:00:00,DTU_2022_1015043_1_MG_IT_BO_200922_GSL_291,Italy,Bologna,44.4949,11.3426,Gruppo HERA,85
1015043_1,Bologna,Brevefilum,2.44239e-06,2020-09-22 00:00:00,DTU_2022_1015043_1_MG_IT_BO_200922_GSL_291,Italy,Bologna,44.4949,11.3426,Gruppo HERA,85
1015043_1,Bologna,Brevundimonas,0.000396283,2020-09-22 00:00:00,DTU_2022_1015043_1_MG_IT_BO_200922_GSL_291,Italy,Bologna,44.4949,11.3426,Gruppo HERA,85
1015043_1,Bologna,Cloacibacterium,0.001518733,2020-09-22 00:00:00,DTU_2022_1015043_1_MG_IT_BO_200922_GSL_291,Italy,Bologna,44.4949,11.3426,Gruppo HERA,85
1015043_1,Bologna,Comamonas,0.001630264,2020-09-22 00:00:00,DTU_2022_1015043_1_MG_IT_BO_200922_GSL_291,Italy,Bologna,44.4949,11.3426,Gruppo HERA,85
1015043_1,Bologna,Competibacter_A,0.00032566,2020-09-22 00:00:00,DTU_2022_1015043_1_MG_IT_BO_200922_GSL_291,Italy,Bologna,44.4949,11.3426,Gruppo HERA,85
1015043_1,Bologna,Enterobacter,0.000242493,2020-09-22 00:00:00,DTU_2022_1015043_1_MG_IT_BO_200922_GSL_291,Italy,Bologna,44.4949,11.3426,Gruppo HERA,85
1015043_1,Bologna,Fermentibacter,2.2104e-06,2020-09-22 00:00:00,DTU_2022_1015043_1_MG_IT_BO_200922_GSL_291,Italy,Bologna,44.4949,11.3426,Gruppo HERA,85
1015043_1,Bologna,Flavobacterium,0.000424286,2020-09-22 00:00:00,DTU_2022_1015043_1_MG_IT_BO_200922_GSL_291,Italy,Bologna,44.4949,11.3426,Gruppo HERA,85
1015043_1,Bologna,Giesbergeria,0.003637814,2020-09-22 00:00:00,DTU_2022_1015043_1_MG_IT_BO_200922_GSL_291,Italy,Bologna,44.4949,11.3426,Gruppo HERA,85
1015043_1,Bologna,Hydrogenophaga,0.001142448,2020-09-22 00:00:00,DTU_2022_1015043_1_MG_IT_BO_200922_GSL_291,Italy,Bologna,44.4949,11.3426,Gruppo HERA,85
1015043_1,Bologna,JAGOYM01,8.04934e-05,2020-09-22 00:00:00,DTU_2022_1015043_1_MG_IT_BO_200922_GSL_291,Italy,Bologna,44.4949,11.3426,Gruppo HERA,85
1015043_1,Bologna,Janthinobacterium,0.000723699,2020-09-22 00:00:00,DTU_2022_1015043_1_MG_IT_BO_200922_GSL_291,Italy,Bologna,44.4949,11.3426,Gruppo HERA,85
1015043_1,Bologna,Kaistella,0.000288883,2020-09-22 00:00:00,DTU_2022_1015043_1_MG_IT_BO_200922_GSL_291,Italy,Bologna,44.4949,11.3426,Gruppo HERA,85
1015043_1,Bologna,Lactococcus_A,3.66903e-05,2020-09-22 00:00:00,DTU_2022_1015043_1_MG_IT_BO_200922_GSL_291,Italy,Bologna,44.4949,11.3426,Gruppo HERA,85
1015043_1,Bologna,Lenti-01,0.000520871,2020-09-22 00:00:00,DTU_2022_1015043_1_MG_IT_BO_200922_GSL_291,Italy,Bologna,44.4949,11.3426,Gruppo HERA,85
1015043_1,Bologna,Microthrix,5.02613e-06,2020-09-22 00:00:00,DTU_2022_1015043_1_MG_IT_BO_200922_GSL_291,Italy,Bologna,44.4949,11.3426,Gruppo HERA,85
1015043_1,Bologna,Moraxella_A,0.000801462,2020-09-22 00:00:00,DTU_2022_1015043_1_MG_IT_BO_200922_GSL_291,Italy,Bologna,44.4949,11.3426,Gruppo HERA,85
1015043_1,Bologna,Neisseria,0.005719422,2020-09-22 00:00:00,DTU_2022_1015043_1_MG_IT_BO_200922_GSL_291,Italy,Bologna,44.4949,11.3426,Gruppo HERA,85
1015043_1,Bologna,Novosphingobium,0.000486801,2020-09-22 00:00:00,DTU_2022_1015043_1_MG_IT_BO_200922_GSL_291,Italy,Bologna,44.4949,11.3426,Gruppo HERA,85
1015043_1,Bologna,Ottowia,0.004408356,2020-09-22 00:00:00,DTU_2022_1015043_1_MG_IT_BO_200922_GSL_291,Italy,Bologna,44.4949,11.3426,Gruppo HERA,85
1015043_1,Bologna,Paracoccus,0.000734924,2020-09-22 00:00:00,DTU_2022_1015043_1_MG_IT_BO_200922_GSL_291,Italy,Bologna,44.4949,11.3426,Gruppo HERA,85
1015043_1,Bologna,Phocaeicola,6.55785e-05,2020-09-22 00:00:00,DTU_2022_1015043_1_MG_IT_BO_200922_GSL_291,Italy,Bologna,44.4949,11.3426,Gruppo HERA,85
1015043_1,Bologna,Prevotella,0.000268891,2020-09-22 00:00:00,DTU_2022_1015043_1_MG_IT_BO_200922_GSL_291,Italy,Bologna,44.4949,11.3426,Gruppo HERA,85
1015043_1,Bologna,Propionivibrio,0.001777692,2020-09-22 00:00:00,DTU_2022_1015043_1_MG_IT_BO_200922_GSL_291,Italy,Bologna,44.4949,11.3426,Gruppo HERA,85
1015043_1,Bologna,Pseudomonas_E,0.852531041,2020-09-22 00:00:00,DTU_2022_1015043_1_MG_IT_BO_200922_GSL_291,Italy,Bologna,44.4949,11.3426,Gruppo HERA,85
1015043_1,Bologna,Pseudoxanthomonas,0.002756313,2020-09-22 00:00:00,DTU_2022_1015043_1_MG_IT_BO_200922_GSL_291,Italy,Bologna,44.4949,11.3426,Gruppo HERA,85
1015043_1,Bologna,Pseudoxanthomonas_A,0.001780948,2020-09-22 00:00:00,DTU_2022_1015043_1_MG_IT_BO_200922_GSL_291,Italy,Bologna,44.4949,11.3426,Gruppo HERA,85
1015043_1,Bologna,Psychrobacter,0.000208385,2020-09-22 00:00:00,DTU_2022_1015043_1_MG_IT_BO_200922_GSL_291,Italy,Bologna,44.4949,11.3426,Gruppo HERA,85
1015043_1,Bologna,Rubrivivax,0.000128847,2020-09-22 00:00:00,DTU_2022_1015043_1_MG_IT_BO_200922_GSL_291,Italy,Bologna,44.4949,11.3426,Gruppo HERA,85
1015043_1,Bologna,Streptococcus,0.001282881,2020-09-22 00:00:00,DTU_2022_1015043_1_MG_IT_BO_200922_GSL_291,Italy,Bologna,44.4949,11.3426,Gruppo HERA,85
1015043_1,Bologna,Telluria,0.000456673,2020-09-22 00:00:00,DTU_2022_1015043_1_MG_IT_BO_200922_GSL_291,Italy,Bologna,44.4949,11.3426,Gruppo HERA,85
1015043_1,Bologna,Thauera,0.002856359,2020-09-22 00:00:00,DTU_2022_1015043_1_MG_IT_BO_200922_GSL_291,Italy,Bologna,44.4949,11.3426,Gruppo HERA,85
1015043_1,Bologna,Thermomonas,0.002979838,2020-09-22 00:00:00,DTU_2022_1015043_1_MG_IT_BO_200922_GSL_291,Italy,Bologna,44.4949,11.3426,Gruppo HERA,85
1015043_1,Bologna,Thiothrix,0.00037673,2020-09-22 00:00:00,DTU_2022_1015043_1_MG_IT_BO_200922_GSL_291,Italy,Bologna,44.4949,11.3426,Gruppo HERA,85
1015043_1,Bologna,Tolumonas,0.000176735,2020-09-22 00:00:00,DTU_2022_1015043_1_MG_IT_BO_200922_GSL_291,Italy,Bologna,44.4949,11.3426,Gruppo HERA,85
1015043_1,Bologna,Trichococcus,0.001876171,2020-09-22 00:00:00,DTU_2022_1015043_1_MG_IT_BO_200922_GSL_291,Italy,Bologna,44.4949,11.3426,Gruppo HERA,85
1015043_1,Bologna,UBA1413,4.35851e-07,2020-09-22 00:00:00,DTU_2022_1015043_1_MG_IT_BO_200922_GSL_291,Italy,Bologna,44.4949,11.3426,Gruppo HERA,85
1015043_1,Bologna,merged,0.070222027,2020-09-22 00:00:00,DTU_2022_1015043_1_MG_IT_BO_200922_GSL_291,Italy,Bologna,44.4949,11.3426,Gruppo HERA,85
1015045_1,Bologna,Acidovorax,0.143123629,2020-10-08 00:00:00,DTU_2022_1015045_1_MG_IT_BO_201008_GSL_409,Italy,Bologna,44.4949,11.3426,Gruppo HERA,88
1015045_1,Bologna,Acinetobacter,0.047074707,2020-10-08 00:00:00,DTU_2022_1015045_1_MG_IT_BO_201008_GSL_409,Italy,Bologna,44.4949,11.3426,Gruppo HERA,88
1015045_1,Bologna,Aeromonas,0.007202506,2020-10-08 00:00:00,DTU_2022_1015045_1_MG_IT_BO_201008_GSL_409,Italy,Bologna,44.4949,11.3426,Gruppo HERA,88
1015045_1,Bologna,Aliarcobacter,0.004172002,2020-10-08 00:00:00,DTU_2022_1015045_1_MG_IT_BO_201008_GSL_409,Italy,Bologna,44.4949,11.3426,Gruppo HERA,88
1015045_1,Bologna,Aquabacterium_A,0.000295184,2020-10-08 00:00:00,DTU_2022_1015045_1_MG_IT_BO_201008_GSL_409,Italy,Bologna,44.4949,11.3426,Gruppo HERA,88
1015045_1,Bologna,Bacteroides,0.001624196,2020-10-08 00:00:00,DTU_2022_1015045_1_MG_IT_BO_201008_GSL_409,Italy,Bologna,44.4949,11.3426,Gruppo HERA,88
1015045_1,Bologna,Brachymonas,0.021969702,2020-10-08 00:00:00,DTU_2022_1015045_1_MG_IT_BO_201008_GSL_409,Italy,Bologna,44.4949,11.3426,Gruppo HERA,88
1015045_1,Bologna,Brevefilum,7.32629e-06,2020-10-08 00:00:00,DTU_2022_1015045_1_MG_IT_BO_201008_GSL_409,Italy,Bologna,44.4949,11.3426,Gruppo HERA,88
1015045_1,Bologna,Brevundimonas,0.004498427,2020-10-08 00:00:00,DTU_2022_1015045_1_MG_IT_BO_201008_GSL_409,Italy,Bologna,44.4949,11.3426,Gruppo HERA,88
1015045_1,Bologna,Cloacibacterium,0.007257356,2020-10-08 00:00:00,DTU_2022_1015045_1_MG_IT_BO_201008_GSL_409,Italy,Bologna,44.4949,11.3426,Gruppo HERA,88
1015045_1,Bologna,Comamonas,0.01215162,2020-10-08 00:00:00,DTU_2022_1015045_1_MG_IT_BO_201008_GSL_409,Italy,Bologna,44.4949,11.3426,Gruppo HERA,88
1015045_1,Bologna,Competibacter_A,0.00130397,2020-10-08 00:00:00,DTU_2022_1015045_1_MG_IT_BO_201008_GSL_409,Italy,Bologna,44.4949,11.3426,Gruppo HERA,88
1015045_1,Bologna,Enterobacter,0.006972807,2020-10-08 00:00:00,DTU_2022_1015045_1_MG_IT_BO_201008_GSL_409,Italy,Bologna,44.4949,11.3426,Gruppo HERA,88
1015045_1,Bologna,Fermentibacter,5.45749e-05,2020-10-08 00:00:00,DTU_2022_1015045_1_MG_IT_BO_201008_GSL_409,Italy,Bologna,44.4949,11.3426,Gruppo HERA,88
1015045_1,Bologna,Flavobacterium,0.004203059,2020-10-08 00:00:00,DTU_2022_1015045_1_MG_IT_BO_201008_GSL_409,Italy,Bologna,44.4949,11.3426,Gruppo HERA,88
1015045_1,Bologna,Giesbergeria,0.003825984,2020-10-08 00:00:00,DTU_2022_1015045_1_MG_IT_BO_201008_GSL_409,Italy,Bologna,44.4949,11.3426,Gruppo HERA,88
1015045_1,Bologna,Hydrogenophaga,0.000681095,2020-10-08 00:00:00,DTU_2022_1015045_1_MG_IT_BO_201008_GSL_409,Italy,Bologna,44.4949,11.3426,Gruppo HERA,88
1015045_1,Bologna,JAGOYM01,0.001007611,2020-10-08 00:00:00,DTU_2022_1015045_1_MG_IT_BO_201008_GSL_409,Italy,Bologna,44.4949,11.3426,Gruppo HERA,88
1015045_1,Bologna,Janthinobacterium,0.001106726,2020-10-08 00:00:00,DTU_2022_1015045_1_MG_IT_BO_201008_GSL_409,Italy,Bologna,44.4949,11.3426,Gruppo HERA,88
1015045_1,Bologna,Kaistella,0.002523183,2020-10-08 00:00:00,DTU_2022_1015045_1_MG_IT_BO_201008_GSL_409,Italy,Bologna,44.4949,11.3426,Gruppo HERA,88
1015045_1,Bologna,Lactococcus_A,0.000184778,2020-10-08 00:00:00,DTU_2022_1015045_1_MG_IT_BO_201008_GSL_409,Italy,Bologna,44.4949,11.3426,Gruppo HERA,88
1015045_1,Bologna,Lenti-01,0.004218807,2020-10-08 00:00:00,DTU_2022_1015045_1_MG_IT_BO_201008_GSL_409,Italy,Bologna,44.4949,11.3426,Gruppo HERA,88
1015045_1,Bologna,Microthrix,2.83335e-05,2020-10-08 00:00:00,DTU_2022_1015045_1_MG_IT_BO_201008_GSL_409,Italy,Bologna,44.4949,11.3426,Gruppo HERA,88
1015045_1,Bologna,Moraxella_A,0.034618537,2020-10-08 00:00:00,DTU_2022_1015045_1_MG_IT_BO_201008_GSL_409,Italy,Bologna,44.4949,11.3426,Gruppo HERA,88
1015045_1,Bologna,Neisseria,0.047610797,2020-10-08 00:00:00,DTU_2022_1015045_1_MG_IT_BO_201008_GSL_409,Italy,Bologna,44.4949,11.3426,Gruppo HERA,88
1015045_1,Bologna,Novosphingobium,0.000795673,2020-10-08 00:00:00,DTU_2022_1015045_1_MG_IT_BO_201008_GSL_409,Italy,Bologna,44.4949,11.3426,Gruppo HERA,88
1015045_1,Bologna,Ottowia,0.06244432,2020-10-08 00:00:00,DTU_2022_1015045_1_MG_IT_BO_201008_GSL_409,Italy,Bologna,44.4949,11.3426,Gruppo HERA,88
1015045_1,Bologna,Paracoccus,0.011989151,2020-10-08 00:00:00,DTU_2022_1015045_1_MG_IT_BO_201008_GSL_409,Italy,Bologna,44.4949,11.3426,Gruppo HERA,88
1015045_1,Bologna,Phocaeicola,0.001510683,2020-10-08 00:00:00,DTU_2022_1015045_1_MG_IT_BO_201008_GSL_409,Italy,Bologna,44.4949,11.3426,Gruppo HERA,88
1015045_1,Bologna,Prevotella,0.002421464,2020-10-08 00:00:00,DTU_2022_1015045_1_MG_IT_BO_201008_GSL_409,Italy,Bologna,44.4949,11.3426,Gruppo HERA,88
1015045_1,Bologna,Propionivibrio,0.007128822,2020-10-08 00:00:00,DTU_2022_1015045_1_MG_IT_BO_201008_GSL_409,Italy,Bologna,44.4949,11.3426,Gruppo HERA,88
1015045_1,Bologna,Pseudomonas_E,0.013077896,2020-10-08 00:00:00,DTU_2022_1015045_1_MG_IT_BO_201008_GSL_409,Italy,Bologna,44.4949,11.3426,Gruppo HERA,88
1015045_1,Bologna,Pseudoxanthomonas,0.015470223,2020-10-08 00:00:00,DTU_2022_1015045_1_MG_IT_BO_201008_GSL_409,Italy,Bologna,44.4949,11.3426,Gruppo HERA,88
1015045_1,Bologna,Pseudoxanthomonas_A,0.012990821,2020-10-08 00:00:00,DTU_2022_1015045_1_MG_IT_BO_201008_GSL_409,Italy,Bologna,44.4949,11.3426,Gruppo HERA,88
1015045_1,Bologna,Psychrobacter,0.000644431,2020-10-08 00:00:00,DTU_2022_1015045_1_MG_IT_BO_201008_GSL_409,Italy,Bologna,44.4949,11.3426,Gruppo HERA,88
1015045_1,Bologna,Rubrivivax,0.000702683,2020-10-08 00:00:00,DTU_2022_1015045_1_MG_IT_BO_201008_GSL_409,Italy,Bologna,44.4949,11.3426,Gruppo HERA,88
1015045_1,Bologna,Streptococcus,0.014328362,2020-10-08 00:00:00,DTU_2022_1015045_1_MG_IT_BO_201008_GSL_409,Italy,Bologna,44.4949,11.3426,Gruppo HERA,88
1015045_1,Bologna,Telluria,0.00236296,2020-10-08 00:00:00,DTU_2022_1015045_1_MG_IT_BO_201008_GSL_409,Italy,Bologna,44.4949,11.3426,Gruppo HERA,88
1015045_1,Bologna,Thauera,0.012380015,2020-10-08 00:00:00,DTU_2022_1015045_1_MG_IT_BO_201008_GSL_409,Italy,Bologna,44.4949,11.3426,Gruppo HERA,88
1015045_1,Bologna,Thermomonas,0.011202781,2020-10-08 00:00:00,DTU_2022_1015045_1_MG_IT_BO_201008_GSL_409,Italy,Bologna,44.4949,11.3426,Gruppo HERA,88
1015045_1,Bologna,Thiothrix,0.001027526,2020-10-08 00:00:00,DTU_2022_1015045_1_MG_IT_BO_201008_GSL_409,Italy,Bologna,44.4949,11.3426,Gruppo HERA,88
1015045_1,Bologna,Tolumonas,0.002018087,2020-10-08 00:00:00,DTU_2022_1015045_1_MG_IT_BO_201008_GSL_409,Italy,Bologna,44.4949,11.3426,Gruppo HERA,88
1015045_1,Bologna,Trichococcus,0.012414479,2020-10-08 00:00:00,DTU_2022_1015045_1_MG_IT_BO_201008_GSL_409,Italy,Bologna,44.4949,11.3426,Gruppo HERA,88
1015045_1,Bologna,UBA1413,4.22486e-07,2020-10-08 00:00:00,DTU_2022_1015045_1_MG_IT_BO_201008_GSL_409,Italy,Bologna,44.4949,11.3426,Gruppo HERA,88
1015045_1,Bologna,merged,0.457372283,2020-10-08 00:00:00,DTU_2022_1015045_1_MG_IT_BO_201008_GSL_409,Italy,Bologna,44.4949,11.3426,Gruppo HERA,88
1015047_1,Bologna,Acidovorax,0.015883268,2020-10-20 00:00:00,DTU_2022_1015047_1_MG_IT_BO_201020_GSL_294,Italy,Bologna,44.4949,11.3426,Gruppo HERA,89
1015047_1,Bologna,Acinetobacter,0.001975379,2020-10-20 00:00:00,DTU_2022_1015047_1_MG_IT_BO_201020_GSL_294,Italy,Bologna,44.4949,11.3426,Gruppo HERA,89
1015047_1,Bologna,Aeromonas,0.000303392,2020-10-20 00:00:00,DTU_2022_1015047_1_MG_IT_BO_201020_GSL_294,Italy,Bologna,44.4949,11.3426,Gruppo HERA,89
1015047_1,Bologna,Aliarcobacter,0.000561571,2020-10-20 00:00:00,DTU_2022_1015047_1_MG_IT_BO_201020_GSL_294,Italy,Bologna,44.4949,11.3426,Gruppo HERA,89
1015047_1,Bologna,Aquabacterium_A,2.24983e-05,2020-10-20 00:00:00,DTU_2022_1015047_1_MG_IT_BO_201020_GSL_294,Italy,Bologna,44.4949,11.3426,Gruppo HERA,89
1015047_1,Bologna,Bacteroides,5.58536e-05,2020-10-20 00:00:00,DTU_2022_1015047_1_MG_IT_BO_201020_GSL_294,Italy,Bologna,44.4949,11.3426,Gruppo HERA,89
1015047_1,Bologna,Brachymonas,0.002583844,2020-10-20 00:00:00,DTU_2022_1015047_1_MG_IT_BO_201020_GSL_294,Italy,Bologna,44.4949,11.3426,Gruppo HERA,89
1015047_1,Bologna,Brevefilum,1.76864e-07,2020-10-20 00:00:00,DTU_2022_1015047_1_MG_IT_BO_201020_GSL_294,Italy,Bologna,44.4949,11.3426,Gruppo HERA,89
1015047_1,Bologna,Brevundimonas,0.000128052,2020-10-20 00:00:00,DTU_2022_1015047_1_MG_IT_BO_201020_GSL_294,Italy,Bologna,44.4949,11.3426,Gruppo HERA,89
1015047_1,Bologna,Cloacibacterium,0.000988163,2020-10-20 00:00:00,DTU_2022_1015047_1_MG_IT_BO_201020_GSL_294,Italy,Bologna,44.4949,11.3426,Gruppo HERA,89
1015047_1,Bologna,Comamonas,0.002172783,2020-10-20 00:00:00,DTU_2022_1015047_1_MG_IT_BO_201020_GSL_294,Italy,Bologna,44.4949,11.3426,Gruppo HERA,89
1015047_1,Bologna,Competibacter_A,0.000230378,2020-10-20 00:00:00,DTU_2022_1015047_1_MG_IT_BO_201020_GSL_294,Italy,Bologna,44.4949,11.3426,Gruppo HERA,89
1015047_1,Bologna,Enterobacter,0.000119143,2020-10-20 00:00:00,DTU_2022_1015047_1_MG_IT_BO_201020_GSL_294,Italy,Bologna,44.4949,11.3426,Gruppo HERA,89
1015047_1,Bologna,Fermentibacter,2.1702e-06,2020-10-20 00:00:00,DTU_2022_1015047_1_MG_IT_BO_201020_GSL_294,Italy,Bologna,44.4949,11.3426,Gruppo HERA,89
1015047_1,Bologna,Flavobacterium,0.000454257,2020-10-20 00:00:00,DTU_2022_1015047_1_MG_IT_BO_201020_GSL_294,Italy,Bologna,44.4949,11.3426,Gruppo HERA,89
1015047_1,Bologna,Giesbergeria,0.002017816,2020-10-20 00:00:00,DTU_2022_1015047_1_MG_IT_BO_201020_GSL_294,Italy,Bologna,44.4949,11.3426,Gruppo HERA,89
1015047_1,Bologna,Hydrogenophaga,6.07588e-05,2020-10-20 00:00:00,DTU_2022_1015047_1_MG_IT_BO_201020_GSL_294,Italy,Bologna,44.4949,11.3426,Gruppo HERA,89
1015047_1,Bologna,JAGOYM01,0.000136069,2020-10-20 00:00:00,DTU_2022_1015047_1_MG_IT_BO_201020_GSL_294,Italy,Bologna,44.4949,11.3426,Gruppo HERA,89
1015047_1,Bologna,Janthinobacterium,0.0011361,2020-10-20 00:00:00,DTU_2022_1015047_1_MG_IT_BO_201020_GSL_294,Italy,Bologna,44.4949,11.3426,Gruppo HERA,89
1015047_1,Bologna,Kaistella,0.000144245,2020-10-20 00:00:00,DTU_2022_1015047_1_MG_IT_BO_201020_GSL_294,Italy,Bologna,44.4949,11.3426,Gruppo HERA,89
1015047_1,Bologna,Lactococcus_A,2.07266e-05,2020-10-20 00:00:00,DTU_2022_1015047_1_MG_IT_BO_201020_GSL_294,Italy,Bologna,44.4949,11.3426,Gruppo HERA,89
1015047_1,Bologna,Lenti-01,0.000113684,2020-10-20 00:00:00,DTU_2022_1015047_1_MG_IT_BO_201020_GSL_294,Italy,Bologna,44.4949,11.3426,Gruppo HERA,89
1015047_1,Bologna,Microthrix,4.34197e-06,2020-10-20 00:00:00,DTU_2022_1015047_1_MG_IT_BO_201020_GSL_294,Italy,Bologna,44.4949,11.3426,Gruppo HERA,89
1015047_1,Bologna,Moraxella_A,0.001086555,2020-10-20 00:00:00,DTU_2022_1015047_1_MG_IT_BO_201020_GSL_294,Italy,Bologna,44.4949,11.3426,Gruppo HERA,89
1015047_1,Bologna,Neisseria,0.003908089,2020-10-20 00:00:00,DTU_2022_1015047_1_MG_IT_BO_201020_GSL_294,Italy,Bologna,44.4949,11.3426,Gruppo HERA,89
1015047_1,Bologna,Novosphingobium,5.97835e-05,2020-10-20 00:00:00,DTU_2022_1015047_1_MG_IT_BO_201020_GSL_294,Italy,Bologna,44.4949,11.3426,Gruppo HERA,89
1015047_1,Bologna,Ottowia,0.001873896,2020-10-20 00:00:00,DTU_2022_1015047_1_MG_IT_BO_201020_GSL_294,Italy,Bologna,44.4949,11.3426,Gruppo HERA,89
1015047_1,Bologna,Paracoccus,0.000942501,2020-10-20 00:00:00,DTU_2022_1015047_1_MG_IT_BO_201020_GSL_294,Italy,Bologna,44.4949,11.3426,Gruppo HERA,89
1015047_1,Bologna,Phocaeicola,3.5776e-05,2020-10-20 00:00:00,DTU_2022_1015047_1_MG_IT_BO_201020_GSL_294,Italy,Bologna,44.4949,11.3426,Gruppo HERA,89
1015047_1,Bologna,Prevotella,0.000125141,2020-10-20 00:00:00,DTU_2022_1015047_1_MG_IT_BO_201020_GSL_294,Italy,Bologna,44.4949,11.3426,Gruppo HERA,89
1015047_1,Bologna,Propionivibrio,0.001484089,2020-10-20 00:00:00,DTU_2022_1015047_1_MG_IT_BO_201020_GSL_294,Italy,Bologna,44.4949,11.3426,Gruppo HERA,89
1015047_1,Bologna,Pseudomonas_E,0.912044786,2020-10-20 00:00:00,DTU_2022_1015047_1_MG_IT_BO_201020_GSL_294,Italy,Bologna,44.4949,11.3426,Gruppo HERA,89
1015047_1,Bologna,Pseudoxanthomonas,0.001283518,2020-10-20 00:00:00,DTU_2022_1015047_1_MG_IT_BO_201020_GSL_294,Italy,Bologna,44.4949,11.3426,Gruppo HERA,89
1015047_1,Bologna,Pseudoxanthomonas_A,0.001405015,2020-10-20 00:00:00,DTU_2022_1015047_1_MG_IT_BO_201020_GSL_294,Italy,Bologna,44.4949,11.3426,Gruppo HERA,89
1015047_1,Bologna,Psychrobacter,0.001066485,2020-10-20 00:00:00,DTU_2022_1015047_1_MG_IT_BO_201020_GSL_294,Italy,Bologna,44.4949,11.3426,Gruppo HERA,89
1015047_1,Bologna,Rubrivivax,2.00695e-05,2020-10-20 00:00:00,DTU_2022_1015047_1_MG_IT_BO_201020_GSL_294,Italy,Bologna,44.4949,11.3426,Gruppo HERA,89
1015047_1,Bologna,Streptococcus,0.001196388,2020-10-20 00:00:00,DTU_2022_1015047_1_MG_IT_BO_201020_GSL_294,Italy,Bologna,44.4949,11.3426,Gruppo HERA,89
1015047_1,Bologna,Telluria,0.000278279,2020-10-20 00:00:00,DTU_2022_1015047_1_MG_IT_BO_201020_GSL_294,Italy,Bologna,44.4949,11.3426,Gruppo HERA,89
1015047_1,Bologna,Thauera,0.001831155,2020-10-20 00:00:00,DTU_2022_1015047_1_MG_IT_BO_201020_GSL_294,Italy,Bologna,44.4949,11.3426,Gruppo HERA,89
1015047_1,Bologna,Thermomonas,0.001816753,2020-10-20 00:00:00,DTU_2022_1015047_1_MG_IT_BO_201020_GSL_294,Italy,Bologna,44.4949,11.3426,Gruppo HERA,89
1015047_1,Bologna,Thiothrix,0.00026391,2020-10-20 00:00:00,DTU_2022_1015047_1_MG_IT_BO_201020_GSL_294,Italy,Bologna,44.4949,11.3426,Gruppo HERA,89
1015047_1,Bologna,Tolumonas,7.97893e-05,2020-10-20 00:00:00,DTU_2022_1015047_1_MG_IT_BO_201020_GSL_294,Italy,Bologna,44.4949,11.3426,Gruppo HERA,89
1015047_1,Bologna,Trichococcus,0.006162923,2020-10-20 00:00:00,DTU_2022_1015047_1_MG_IT_BO_201020_GSL_294,Italy,Bologna,44.4949,11.3426,Gruppo HERA,89
1015047_1,Bologna,UBA1413,5.78694e-08,2020-10-20 00:00:00,DTU_2022_1015047_1_MG_IT_BO_201020_GSL_294,Italy,Bologna,44.4949,11.3426,Gruppo HERA,89
1015047_1,Bologna,merged,0.033920372,2020-10-20 00:00:00,DTU_2022_1015047_1_MG_IT_BO_201020_GSL_294,Italy,Bologna,44.4949,11.3426,Gruppo HERA,89
1014082_1,Budapest,Acidovorax,0.045217689,2020-05-18 00:00:00,DTU_2022_1014082_1_MG_HU_BU_3_200518_GSL_42,Hungary,Budapest,47.4979,19.0402,Budapesti Kozponti Szennyviztisztito Telep,67
1014082_1,Budapest,Acinetobacter,0.018943706,2020-05-18 00:00:00,DTU_2022_1014082_1_MG_HU_BU_3_200518_GSL_42,Hungary,Budapest,47.4979,19.0402,Budapesti Kozponti Szennyviztisztito Telep,67
1014082_1,Budapest,Aeromonas,0.001809338,2020-05-18 00:00:00,DTU_2022_1014082_1_MG_HU_BU_3_200518_GSL_42,Hungary,Budapest,47.4979,19.0402,Budapesti Kozponti Szennyviztisztito Telep,67
1014082_1,Budapest,Aliarcobacter,0.010735778,2020-05-18 00:00:00,DTU_2022_1014082_1_MG_HU_BU_3_200518_GSL_42,Hungary,Budapest,47.4979,19.0402,Budapesti Kozponti Szennyviztisztito Telep,67
1014082_1,Budapest,Aquabacterium_A,0.000233025,2020-05-18 00:00:00,DTU_2022_1014082_1_MG_HU_BU_3_200518_GSL_42,Hungary,Budapest,47.4979,19.0402,Budapesti Kozponti Szennyviztisztito Telep,67
1014082_1,Budapest,Bacteroides,0.000320471,2020-05-18 00:00:00,DTU_2022_1014082_1_MG_HU_BU_3_200518_GSL_42,Hungary,Budapest,47.4979,19.0402,Budapesti Kozponti Szennyviztisztito Telep,67
1014082_1,Budapest,Brachymonas,0.018538545,2020-05-18 00:00:00,DTU_2022_1014082_1_MG_HU_BU_3_200518_GSL_42,Hungary,Budapest,47.4979,19.0402,Budapesti Kozponti Szennyviztisztito Telep,67
1014082_1,Budapest,Brevefilum,5.52669e-06,2020-05-18 00:00:00,DTU_2022_1014082_1_MG_HU_BU_3_200518_GSL_42,Hungary,Budapest,47.4979,19.0402,Budapesti Kozponti Szennyviztisztito Telep,67
1014082_1,Budapest,Brevundimonas,0.003380112,2020-05-18 00:00:00,DTU_2022_1014082_1_MG_HU_BU_3_200518_GSL_42,Hungary,Budapest,47.4979,19.0402,Budapesti Kozponti Szennyviztisztito Telep,67
1014082_1,Budapest,Cloacibacterium,0.004240889,2020-05-18 00:00:00,DTU_2022_1014082_1_MG_HU_BU_3_200518_GSL_42,Hungary,Budapest,47.4979,19.0402,Budapesti Kozponti Szennyviztisztito Telep,67
1014082_1,Budapest,Comamonas,0.022621628,2020-05-18 00:00:00,DTU_2022_1014082_1_MG_HU_BU_3_200518_GSL_42,Hungary,Budapest,47.4979,19.0402,Budapesti Kozponti Szennyviztisztito Telep,67
1014082_1,Budapest,Competibacter_A,0.000141496,2020-05-18 00:00:00,DTU_2022_1014082_1_MG_HU_BU_3_200518_GSL_42,Hungary,Budapest,47.4979,19.0402,Budapesti Kozponti Szennyviztisztito Telep,67
1014082_1,Budapest,Enterobacter,0.00162238,2020-05-18 00:00:00,DTU_2022_1014082_1_MG_HU_BU_3_200518_GSL_42,Hungary,Budapest,47.4979,19.0402,Budapesti Kozponti Szennyviztisztito Telep,67
1014082_1,Budapest,Fermentibacter,6.00578e-06,2020-05-18 00:00:00,DTU_2022_1014082_1_MG_HU_BU_3_200518_GSL_42,Hungary,Budapest,47.4979,19.0402,Budapesti Kozponti Szennyviztisztito Telep,67
1014082_1,Budapest,Flavobacterium,0.004572419,2020-05-18 00:00:00,DTU_2022_1014082_1_MG_HU_BU_3_200518_GSL_42,Hungary,Budapest,47.4979,19.0402,Budapesti Kozponti Szennyviztisztito Telep,67
1014082_1,Budapest,Giesbergeria,0.003776837,2020-05-18 00:00:00,DTU_2022_1014082_1_MG_HU_BU_3_200518_GSL_42,Hungary,Budapest,47.4979,19.0402,Budapesti Kozponti Szennyviztisztito Telep,67
1014082_1,Budapest,Hydrogenophaga,0.000845356,2020-05-18 00:00:00,DTU_2022_1014082_1_MG_HU_BU_3_200518_GSL_42,Hungary,Budapest,47.4979,19.0402,Budapesti Kozponti Szennyviztisztito Telep,67
1014082_1,Budapest,JAGOYM01,0.003726366,2020-05-18 00:00:00,DTU_2022_1014082_1_MG_HU_BU_3_200518_GSL_42,Hungary,Budapest,47.4979,19.0402,Budapesti Kozponti Szennyviztisztito Telep,67
1014082_1,Budapest,Janthinobacterium,0.001623788,2020-05-18 00:00:00,DTU_2022_1014082_1_MG_HU_BU_3_200518_GSL_42,Hungary,Budapest,47.4979,19.0402,Budapesti Kozponti Szennyviztisztito Telep,67
1014082_1,Budapest,Kaistella,0.002694426,2020-05-18 00:00:00,DTU_2022_1014082_1_MG_HU_BU_3_200518_GSL_42,Hungary,Budapest,47.4979,19.0402,Budapesti Kozponti Szennyviztisztito Telep,67
1014082_1,Budapest,Lactococcus_A,0.000475281,2020-05-18 00:00:00,DTU_2022_1014082_1_MG_HU_BU_3_200518_GSL_42,Hungary,Budapest,47.4979,19.0402,Budapesti Kozponti Szennyviztisztito Telep,67
1014082_1,Budapest,Lenti-01,0.005791666,2020-05-18 00:00:00,DTU_2022_1014082_1_MG_HU_BU_3_200518_GSL_42,Hungary,Budapest,47.4979,19.0402,Budapesti Kozponti Szennyviztisztito Telep,67
1014082_1,Budapest,Microthrix,0.000273307,2020-05-18 00:00:00,DTU_2022_1014082_1_MG_HU_BU_3_200518_GSL_42,Hungary,Budapest,47.4979,19.0402,Budapesti Kozponti Szennyviztisztito Telep,67
1014082_1,Budapest,Moraxella_A,0.000541621,2020-05-18 00:00:00,DTU_2022_1014082_1_MG_HU_BU_3_200518_GSL_42,Hungary,Budapest,47.4979,19.0402,Budapesti Kozponti Szennyviztisztito Telep,67
1014082_1,Budapest,Neisseria,0.057190328,2020-05-18 00:00:00,DTU_2022_1014082_1_MG_HU_BU_3_200518_GSL_42,Hungary,Budapest,47.4979,19.0402,Budapesti Kozponti Szennyviztisztito Telep,67
1014082_1,Budapest,Novosphingobium,0.005375852,2020-05-18 00:00:00,DTU_2022_1014082_1_MG_HU_BU_3_200518_GSL_42,Hungary,Budapest,47.4979,19.0402,Budapesti Kozponti Szennyviztisztito Telep,67
1014082_1,Budapest,Ottowia,0.063455176,2020-05-18 00:00:00,DTU_2022_1014082_1_MG_HU_BU_3_200518_GSL_42,Hungary,Budapest,47.4979,19.0402,Budapesti Kozponti Szennyviztisztito Telep,67
1014082_1,Budapest,Paracoccus,0.010410301,2020-05-18 00:00:00,DTU_2022_1014082_1_MG_HU_BU_3_200518_GSL_42,Hungary,Budapest,47.4979,19.0402,Budapesti Kozponti Szennyviztisztito Telep,67
1014082_1,Budapest,Phocaeicola,0.000443149,2020-05-18 00:00:00,DTU_2022_1014082_1_MG_HU_BU_3_200518_GSL_42,Hungary,Budapest,47.4979,19.0402,Budapesti Kozponti Szennyviztisztito Telep,67
1014082_1,Budapest,Prevotella,0.000982007,2020-05-18 00:00:00,DTU_2022_1014082_1_MG_HU_BU_3_200518_GSL_42,Hungary,Budapest,47.4979,19.0402,Budapesti Kozponti Szennyviztisztito Telep,67
1014082_1,Budapest,Propionivibrio,0.010262023,2020-05-18 00:00:00,DTU_2022_1014082_1_MG_HU_BU_3_200518_GSL_42,Hungary,Budapest,47.4979,19.0402,Budapesti Kozponti Szennyviztisztito Telep,67
1014082_1,Budapest,Pseudomonas_E,0.009701454,2020-05-18 00:00:00,DTU_2022_1014082_1_MG_HU_BU_3_200518_GSL_42,Hungary,Budapest,47.4979,19.0402,Budapesti Kozponti Szennyviztisztito Telep,67
1014082_1,Budapest,Pseudoxanthomonas,0.050325209,2020-05-18 00:00:00,DTU_2022_1014082_1_MG_HU_BU_3_200518_GSL_42,Hungary,Budapest,47.4979,19.0402,Budapesti Kozponti Szennyviztisztito Telep,67
1014082_1,Budapest,Pseudoxanthomonas_A,0.02980598,2020-05-18 00:00:00,DTU_2022_1014082_1_MG_HU_BU_3_200518_GSL_42,Hungary,Budapest,47.4979,19.0402,Budapesti Kozponti Szennyviztisztito Telep,67
1014082_1,Budapest,Psychrobacter,0.004637499,2020-05-18 00:00:00,DTU_2022_1014082_1_MG_HU_BU_3_200518_GSL_42,Hungary,Budapest,47.4979,19.0402,Budapesti Kozponti Szennyviztisztito Telep,67
1014082_1,Budapest,Rubrivivax,0.000545577,2020-05-18 00:00:00,DTU_2022_1014082_1_MG_HU_BU_3_200518_GSL_42,Hungary,Budapest,47.4979,19.0402,Budapesti Kozponti Szennyviztisztito Telep,67
1014082_1,Budapest,Streptococcus,0.013893007,2020-05-18 00:00:00,DTU_2022_1014082_1_MG_HU_BU_3_200518_GSL_42,Hungary,Budapest,47.4979,19.0402,Budapesti Kozponti Szennyviztisztito Telep,67
1014082_1,Budapest,Telluria,0.001134191,2020-05-18 00:00:00,DTU_2022_1014082_1_MG_HU_BU_3_200518_GSL_42,Hungary,Budapest,47.4979,19.0402,Budapesti Kozponti Szennyviztisztito Telep,67
1014082_1,Budapest,Thauera,0.025492944,2020-05-18 00:00:00,DTU_2022_1014082_1_MG_HU_BU_3_200518_GSL_42,Hungary,Budapest,47.4979,19.0402,Budapesti Kozponti Szennyviztisztito Telep,67
1014082_1,Budapest,Thermomonas,0.030891514,2020-05-18 00:00:00,DTU_2022_1014082_1_MG_HU_BU_3_200518_GSL_42,Hungary,Budapest,47.4979,19.0402,Budapesti Kozponti Szennyviztisztito Telep,67
1014082_1,Budapest,Thiothrix,0.002698215,2020-05-18 00:00:00,DTU_2022_1014082_1_MG_HU_BU_3_200518_GSL_42,Hungary,Budapest,47.4979,19.0402,Budapesti Kozponti Szennyviztisztito Telep,67
1014082_1,Budapest,Tolumonas,0.000464522,2020-05-18 00:00:00,DTU_2022_1014082_1_MG_HU_BU_3_200518_GSL_42,Hungary,Budapest,47.4979,19.0402,Budapesti Kozponti Szennyviztisztito Telep,67
1014082_1,Budapest,Trichococcus,0.008658807,2020-05-18 00:00:00,DTU_2022_1014082_1_MG_HU_BU_3_200518_GSL_42,Hungary,Budapest,47.4979,19.0402,Budapesti Kozponti Szennyviztisztito Telep,67
1014082_1,Budapest,UBA1413,1.84099e-06,2020-05-18 00:00:00,DTU_2022_1014082_1_MG_HU_BU_3_200518_GSL_42,Hungary,Budapest,47.4979,19.0402,Budapesti Kozponti Szennyviztisztito Telep,67
1014082_1,Budapest,merged,0.521492747,2020-05-18 00:00:00,DTU_2022_1014082_1_MG_HU_BU_3_200518_GSL_42,Hungary,Budapest,47.4979,19.0402,Budapesti Kozponti Szennyviztisztito Telep,67
1014083_1,Budapest,Acidovorax,0.111855034,2020-05-25 00:00:00,DTU_2022_1014083_1_MG_HU_BU_3_200525_GSL_67,Hungary,Budapest,47.4979,19.0402,Budapesti Kozponti Szennyviztisztito Telep,68
1014083_1,Budapest,Acinetobacter,0.015108029,2020-05-25 00:00:00,DTU_2022_1014083_1_MG_HU_BU_3_200525_GSL_67,Hungary,Budapest,47.4979,19.0402,Budapesti Kozponti Szennyviztisztito Telep,68
1014083_1,Budapest,Aeromonas,0.002986376,2020-05-25 00:00:00,DTU_2022_1014083_1_MG_HU_BU_3_200525_GSL_67,Hungary,Budapest,47.4979,19.0402,Budapesti Kozponti Szennyviztisztito Telep,68
1014083_1,Budapest,Aliarcobacter,0.009333883,2020-05-25 00:00:00,DTU_2022_1014083_1_MG_HU_BU_3_200525_GSL_67,Hungary,Budapest,47.4979,19.0402,Budapesti Kozponti Szennyviztisztito Telep,68
1014083_1,Budapest,Aquabacterium_A,0.000430871,2020-05-25 00:00:00,DTU_2022_1014083_1_MG_HU_BU_3_200525_GSL_67,Hungary,Budapest,47.4979,19.0402,Budapesti Kozponti Szennyviztisztito Telep,68
1014083_1,Budapest,Bacteroides,0.000744597,2020-05-25 00:00:00,DTU_2022_1014083_1_MG_HU_BU_3_200525_GSL_67,Hungary,Budapest,47.4979,19.0402,Budapesti Kozponti Szennyviztisztito Telep,68
1014083_1,Budapest,Brachymonas,0.017629901,2020-05-25 00:00:00,DTU_2022_1014083_1_MG_HU_BU_3_200525_GSL_67,Hungary,Budapest,47.4979,19.0402,Budapesti Kozponti Szennyviztisztito Telep,68
1014083_1,Budapest,Brevefilum,1.03099e-05,2020-05-25 00:00:00,DTU_2022_1014083_1_MG_HU_BU_3_200525_GSL_67,Hungary,Budapest,47.4979,19.0402,Budapesti Kozponti Szennyviztisztito Telep,68
1014083_1,Budapest,Brevundimonas,0.001953347,2020-05-25 00:00:00,DTU_2022_1014083_1_MG_HU_BU_3_200525_GSL_67,Hungary,Budapest,47.4979,19.0402,Budapesti Kozponti Szennyviztisztito Telep,68
1014083_1,Budapest,Cloacibacterium,0.004468209,2020-05-25 00:00:00,DTU_2022_1014083_1_MG_HU_BU_3_200525_GSL_67,Hungary,Budapest,47.4979,19.0402,Budapesti Kozponti Szennyviztisztito Telep,68
1014083_1,Budapest,Comamonas,0.015269992,2020-05-25 00:00:00,DTU_2022_1014083_1_MG_HU_BU_3_200525_GSL_67,Hungary,Budapest,47.4979,19.0402,Budapesti Kozponti Szennyviztisztito Telep,68
1014083_1,Budapest,Competibacter_A,0.000207143,2020-05-25 00:00:00,DTU_2022_1014083_1_MG_HU_BU_3_200525_GSL_67,Hungary,Budapest,47.4979,19.0402,Budapesti Kozponti Szennyviztisztito Telep,68
1014083_1,Budapest,Enterobacter,0.0013014,2020-05-25 00:00:00,DTU_2022_1014083_1_MG_HU_BU_3_200525_GSL_67,Hungary,Budapest,47.4979,19.0402,Budapesti Kozponti Szennyviztisztito Telep,68
1014083_1,Budapest,Fermentibacter,3.62419e-06,2020-05-25 00:00:00,DTU_2022_1014083_1_MG_HU_BU_3_200525_GSL_67,Hungary,Budapest,47.4979,19.0402,Budapesti Kozponti Szennyviztisztito Telep,68
1014083_1,Budapest,Flavobacterium,0.008547189,2020-05-25 00:00:00,DTU_2022_1014083_1_MG_HU_BU_3_200525_GSL_67,Hungary,Budapest,47.4979,19.0402,Budapesti Kozponti Szennyviztisztito Telep,68
1014083_1,Budapest,Giesbergeria,0.004673214,2020-05-25 00:00:00,DTU_2022_1014083_1_MG_HU_BU_3_200525_GSL_67,Hungary,Budapest,47.4979,19.0402,Budapesti Kozponti Szennyviztisztito Telep,68
1014083_1,Budapest,Hydrogenophaga,0.000863083,2020-05-25 00:00:00,DTU_2022_1014083_1_MG_HU_BU_3_200525_GSL_67,Hungary,Budapest,47.4979,19.0402,Budapesti Kozponti Szennyviztisztito Telep,68
1014083_1,Budapest,JAGOYM01,0.067991523,2020-05-25 00:00:00,DTU_2022_1014083_1_MG_HU_BU_3_200525_GSL_67,Hungary,Budapest,47.4979,19.0402,Budapesti Kozponti Szennyviztisztito Telep,68
1014083_1,Budapest,Janthinobacterium,0.0024134,2020-05-25 00:00:00,DTU_2022_1014083_1_MG_HU_BU_3_200525_GSL_67,Hungary,Budapest,47.4979,19.0402,Budapesti Kozponti Szennyviztisztito Telep,68
1014083_1,Budapest,Kaistella,0.002712107,2020-05-25 00:00:00,DTU_2022_1014083_1_MG_HU_BU_3_200525_GSL_67,Hungary,Budapest,47.4979,19.0402,Budapesti Kozponti Szennyviztisztito Telep,68
1014083_1,Budapest,Lactococcus_A,0.0007315,2020-05-25 00:00:00,DTU_2022_1014083_1_MG_HU_BU_3_200525_GSL_67,Hungary,Budapest,47.4979,19.0402,Budapesti Kozponti Szennyviztisztito Telep,68
1014083_1,Budapest,Lenti-01,0.011908834,2020-05-25 00:00:00,DTU_2022_1014083_1_MG_HU_BU_3_200525_GSL_67,Hungary,Budapest,47.4979,19.0402,Budapesti Kozponti Szennyviztisztito Telep,68
1014083_1,Budapest,Microthrix,8.44147e-05,2020-05-25 00:00:00,DTU_2022_1014083_1_MG_HU_BU_3_200525_GSL_67,Hungary,Budapest,47.4979,19.0402,Budapesti Kozponti Szennyviztisztito Telep,68
1014083_1,Budapest,Moraxella_A,0.000576067,2020-05-25 00:00:00,DTU_2022_1014083_1_MG_HU_BU_3_200525_GSL_67,Hungary,Budapest,47.4979,19.0402,Budapesti Kozponti Szennyviztisztito Telep,68
1014083_1,Budapest,Neisseria,0.029985059,2020-05-25 00:00:00,DTU_2022_1014083_1_MG_HU_BU_3_200525_GSL_67,Hungary,Budapest,47.4979,19.0402,Budapesti Kozponti Szennyviztisztito Telep,68
1014083_1,Budapest,Novosphingobium,0.001566923,2020-05-25 00:00:00,DTU_2022_1014083_1_MG_HU_BU_3_200525_GSL_67,Hungary,Budapest,47.4979,19.0402,Budapesti Kozponti Szennyviztisztito Telep,68
1014083_1,Budapest,Ottowia,0.080328019,2020-05-25 00:00:00,DTU_2022_1014083_1_MG_HU_BU_3_200525_GSL_67,Hungary,Budapest,47.4979,19.0402,Budapesti Kozponti Szennyviztisztito Telep,68
1014083_1,Budapest,Paracoccus,0.005617639,2020-05-25 00:00:00,DTU_2022_1014083_1_MG_HU_BU_3_200525_GSL_67,Hungary,Budapest,47.4979,19.0402,Budapesti Kozponti Szennyviztisztito Telep,68
1014083_1,Budapest,Phocaeicola,0.000678442,2020-05-25 00:00:00,DTU_2022_1014083_1_MG_HU_BU_3_200525_GSL_67,Hungary,Budapest,47.4979,19.0402,Budapesti Kozponti Szennyviztisztito Telep,68
1014083_1,Budapest,Prevotella,0.00306024,2020-05-25 00:00:00,DTU_2022_1014083_1_MG_HU_BU_3_200525_GSL_67,Hungary,Budapest,47.4979,19.0402,Budapesti Kozponti Szennyviztisztito Telep,68
1014083_1,Budapest,Propionivibrio,0.01230562,2020-05-25 00:00:00,DTU_2022_1014083_1_MG_HU_BU_3_200525_GSL_67,Hungary,Budapest,47.4979,19.0402,Budapesti Kozponti Szennyviztisztito Telep,68
1014083_1,Budapest,Pseudomonas_E,0.017343116,2020-05-25 00:00:00,DTU_2022_1014083_1_MG_HU_BU_3_200525_GSL_67,Hungary,Budapest,47.4979,19.0402,Budapesti Kozponti Szennyviztisztito Telep,68
1014083_1,Budapest,Pseudoxanthomonas,0.023155562,2020-05-25 00:00:00,DTU_2022_1014083_1_MG_HU_BU_3_200525_GSL_67,Hungary,Budapest,47.4979,19.0402,Budapesti Kozponti Szennyviztisztito Telep,68
1014083_1,Budapest,Pseudoxanthomonas_A,0.040860778,2020-05-25 00:00:00,DTU_2022_1014083_1_MG_HU_BU_3_200525_GSL_67,Hungary,Budapest,47.4979,19.0402,Budapesti Kozponti Szennyviztisztito Telep,68
1014083_1,Budapest,Psychrobacter,0.00225785,2020-05-25 00:00:00,DTU_2022_1014083_1_MG_HU_BU_3_200525_GSL_67,Hungary,Budapest,47.4979,19.0402,Budapesti Kozponti Szennyviztisztito Telep,68
1014083_1,Budapest,Rubrivivax,0.000715037,2020-05-25 00:00:00,DTU_2022_1014083_1_MG_HU_BU_3_200525_GSL_67,Hungary,Budapest,47.4979,19.0402,Budapesti Kozponti Szennyviztisztito Telep,68
1014083_1,Budapest,Streptococcus,0.008719028,2020-05-25 00:00:00,DTU_2022_1014083_1_MG_HU_BU_3_200525_GSL_67,Hungary,Budapest,47.4979,19.0402,Budapesti Kozponti Szennyviztisztito Telep,68
1014083_1,Budapest,Telluria,0.001091958,2020-05-25 00:00:00,DTU_2022_1014083_1_MG_HU_BU_3_200525_GSL_67,Hungary,Budapest,47.4979,19.0402,Budapesti Kozponti Szennyviztisztito Telep,68
1014083_1,Budapest,Thauera,0.041799616,2020-05-25 00:00:00,DTU_2022_1014083_1_MG_HU_BU_3_200525_GSL_67,Hungary,Budapest,47.4979,19.0402,Budapesti Kozponti Szennyviztisztito Telep,68
1014083_1,Budapest,Thermomonas,0.01635383,2020-05-25 00:00:00,DTU_2022_1014083_1_MG_HU_BU_3_200525_GSL_67,Hungary,Budapest,47.4979,19.0402,Budapesti Kozponti Szennyviztisztito Telep,68
1014083_1,Budapest,Thiothrix,0.000670027,2020-05-25 00:00:00,DTU_2022_1014083_1_MG_HU_BU_3_200525_GSL_67,Hungary,Budapest,47.4979,19.0402,Budapesti Kozponti Szennyviztisztito Telep,68
1014083_1,Budapest,Tolumonas,0.000485625,2020-05-25 00:00:00,DTU_2022_1014083_1_MG_HU_BU_3_200525_GSL_67,Hungary,Budapest,47.4979,19.0402,Budapesti Kozponti Szennyviztisztito Telep,68
1014083_1,Budapest,Trichococcus,0.012128417,2020-05-25 00:00:00,DTU_2022_1014083_1_MG_HU_BU_3_200525_GSL_67,Hungary,Budapest,47.4979,19.0402,Budapesti Kozponti Szennyviztisztito Telep,68
1014083_1,Budapest,UBA1413,1.21093e-06,2020-05-25 00:00:00,DTU_2022_1014083_1_MG_HU_BU_3_200525_GSL_67,Hungary,Budapest,47.4979,19.0402,Budapesti Kozponti Szennyviztisztito Telep,68
1014083_1,Budapest,merged,0.419071958,2020-05-25 00:00:00,DTU_2022_1014083_1_MG_HU_BU_3_200525_GSL_67,Hungary,Budapest,47.4979,19.0402,Budapesti Kozponti Szennyviztisztito Telep,68
1014087_1,Budapest,Acidovorax,0.10946109,2020-06-01 00:00:00,DTU_2022_1014087_1_MG_HU_BU_3_200601_GSL_166,Hungary,Budapest,47.4979,19.0402,Budapesti Kozponti Szennyviztisztito Telep,69
1014087_1,Budapest,Acinetobacter,0.018920821,2020-06-01 00:00:00,DTU_2022_1014087_1_MG_HU_BU_3_200601_GSL_166,Hungary,Budapest,47.4979,19.0402,Budapesti Kozponti Szennyviztisztito Telep,69
1014087_1,Budapest,Aeromonas,0.001375523,2020-06-01 00:00:00,DTU_2022_1014087_1_MG_HU_BU_3_200601_GSL_166,Hungary,Budapest,47.4979,19.0402,Budapesti Kozponti Szennyviztisztito Telep,69
1014087_1,Budapest,Aliarcobacter,0.018756238,2020-06-01 00:00:00,DTU_2022_1014087_1_MG_HU_BU_3_200601_GSL_166,Hungary,Budapest,47.4979,19.0402,Budapesti Kozponti Szennyviztisztito Telep,69
1014087_1,Budapest,Aquabacterium_A,0.000379183,2020-06-01 00:00:00,DTU_2022_1014087_1_MG_HU_BU_3_200601_GSL_166,Hungary,Budapest,47.4979,19.0402,Budapesti Kozponti Szennyviztisztito Telep,69
1014087_1,Budapest,Bacteroides,0.000761832,2020-06-01 00:00:00,DTU_2022_1014087_1_MG_HU_BU_3_200601_GSL_166,Hungary,Budapest,47.4979,19.0402,Budapesti Kozponti Szennyviztisztito Telep,69
1014087_1,Budapest,Brachymonas,0.023362063,2020-06-01 00:00:00,DTU_2022_1014087_1_MG_HU_BU_3_200601_GSL_166,Hungary,Budapest,47.4979,19.0402,Budapesti Kozponti Szennyviztisztito Telep,69
1014087_1,Budapest,Brevefilum,8.52163e-06,2020-06-01 00:00:00,DTU_2022_1014087_1_MG_HU_BU_3_200601_GSL_166,Hungary,Budapest,47.4979,19.0402,Budapesti Kozponti Szennyviztisztito Telep,69
1014087_1,Budapest,Brevundimonas,0.001435809,2020-06-01 00:00:00,DTU_2022_1014087_1_MG_HU_BU_3_200601_GSL_166,Hungary,Budapest,47.4979,19.0402,Budapesti Kozponti Szennyviztisztito Telep,69
1014087_1,Budapest,Cloacibacterium,0.006947092,2020-06-01 00:00:00,DTU_2022_1014087_1_MG_HU_BU_3_200601_GSL_166,Hungary,Budapest,47.4979,19.0402,Budapesti Kozponti Szennyviztisztito Telep,69
1014087_1,Budapest,Comamonas,0.06398463,2020-06-01 00:00:00,DTU_2022_1014087_1_MG_HU_BU_3_200601_GSL_166,Hungary,Budapest,47.4979,19.0402,Budapesti Kozponti Szennyviztisztito Telep,69
1014087_1,Budapest,Competibacter_A,9.65985e-05,2020-06-01 00:00:00,DTU_2022_1014087_1_MG_HU_BU_3_200601_GSL_166,Hungary,Budapest,47.4979,19.0402,Budapesti Kozponti Szennyviztisztito Telep,69
1014087_1,Budapest,Enterobacter,0.000444688,2020-06-01 00:00:00,DTU_2022_1014087_1_MG_HU_BU_3_200601_GSL_166,Hungary,Budapest,47.4979,19.0402,Budapesti Kozponti Szennyviztisztito Telep,69
1014087_1,Budapest,Fermentibacter,2.73119e-06,2020-06-01 00:00:00,DTU_2022_1014087_1_MG_HU_BU_3_200601_GSL_166,Hungary,Budapest,47.4979,19.0402,Budapesti Kozponti Szennyviztisztito Telep,69
1014087_1,Budapest,Flavobacterium,0.00474767,2020-06-01 00:00:00,DTU_2022_1014087_1_MG_HU_BU_3_200601_GSL_166,Hungary,Budapest,47.4979,19.0402,Budapesti Kozponti Szennyviztisztito Telep,69
1014087_1,Budapest,Giesbergeria,0.01400094,2020-06-01 00:00:00,DTU_2022_1014087_1_MG_HU_BU_3_200601_GSL_166,Hungary,Budapest,47.4979,19.0402,Budapesti Kozponti Szennyviztisztito Telep,69
1014087_1,Budapest,Hydrogenophaga,0.002490438,2020-06-01 00:00:00,DTU_2022_1014087_1_MG_HU_BU_3_200601_GSL_166,Hungary,Budapest,47.4979,19.0402,Budapesti Kozponti Szennyviztisztito Telep,69
1014087_1,Budapest,JAGOYM01,0.007468844,2020-06-01 00:00:00,DTU_2022_1014087_1_MG_HU_BU_3_200601_GSL_166,Hungary,Budapest,47.4979,19.0402,Budapesti Kozponti Szennyviztisztito Telep,69
1014087_1,Budapest,Janthinobacterium,0.001343257,2020-06-01 00:00:00,DTU_2022_1014087_1_MG_HU_BU_3_200601_GSL_166,Hungary,Budapest,47.4979,19.0402,Budapesti Kozponti Szennyviztisztito Telep,69
1014087_1,Budapest,Kaistella,0.002539307,2020-06-01 00:00:00,DTU_2022_1014087_1_MG_HU_BU_3_200601_GSL_166,Hungary,Budapest,47.4979,19.0402,Budapesti Kozponti Szennyviztisztito Telep,69
1014087_1,Budapest,Lactococcus_A,0.000538656,2020-06-01 00:00:00,DTU_2022_1014087_1_MG_HU_BU_3_200601_GSL_166,Hungary,Budapest,47.4979,19.0402,Budapesti Kozponti Szennyviztisztito Telep,69
1014087_1,Budapest,Lenti-01,0.005461472,2020-06-01 00:00:00,DTU_2022_1014087_1_MG_HU_BU_3_200601_GSL_166,Hungary,Budapest,47.4979,19.0402,Budapesti Kozponti Szennyviztisztito Telep,69
1014087_1,Budapest,Microthrix,0.001742067,2020-06-01 00:00:00,DTU_2022_1014087_1_MG_HU_BU_3_200601_GSL_166,Hungary,Budapest,47.4979,19.0402,Budapesti Kozponti Szennyviztisztito Telep,69
1014087_1,Budapest,Moraxella_A,0.001100578,2020-06-01 00:00:00,DTU_2022_1014087_1_MG_HU_BU_3_200601_GSL_166,Hungary,Budapest,47.4979,19.0402,Budapesti Kozponti Szennyviztisztito Telep,69
1014087_1,Budapest,Neisseria,0.026905525,2020-06-01 00:00:00,DTU_2022_1014087_1_MG_HU_BU_3_200601_GSL_166,Hungary,Budapest,47.4979,19.0402,Budapesti Kozponti Szennyviztisztito Telep,69
1014087_1,Budapest,Novosphingobium,0.002184333,2020-06-01 00:00:00,DTU_2022_1014087_1_MG_HU_BU_3_200601_GSL_166,Hungary,Budapest,47.4979,19.0402,Budapesti Kozponti Szennyviztisztito Telep,69
1014087_1,Budapest,Ottowia,0.125685102,2020-06-01 00:00:00,DTU_2022_1014087_1_MG_HU_BU_3_200601_GSL_166,Hungary,Budapest,47.4979,19.0402,Budapesti Kozponti Szennyviztisztito Telep,69
1014087_1,Budapest,Paracoccus,0.00357878,2020-06-01 00:00:00,DTU_2022_1014087_1_MG_HU_BU_3_200601_GSL_166,Hungary,Budapest,47.4979,19.0402,Budapesti Kozponti Szennyviztisztito Telep,69
1014087_1,Budapest,Phocaeicola,0.001323881,2020-06-01 00:00:00,DTU_2022_1014087_1_MG_HU_BU_3_200601_GSL_166,Hungary,Budapest,47.4979,19.0402,Budapesti Kozponti Szennyviztisztito Telep,69
1014087_1,Budapest,Prevotella,0.000912401,2020-06-01 00:00:00,DTU_2022_1014087_1_MG_HU_BU_3_200601_GSL_166,Hungary,Budapest,47.4979,19.0402,Budapesti Kozponti Szennyviztisztito Telep,69
1014087_1,Budapest,Propionivibrio,0.018336214,2020-06-01 00:00:00,DTU_2022_1014087_1_MG_HU_BU_3_200601_GSL_166,Hungary,Budapest,47.4979,19.0402,Budapesti Kozponti Szennyviztisztito Telep,69
1014087_1,Budapest,Pseudomonas_E,0.005629589,2020-06-01 00:00:00,DTU_2022_1014087_1_MG_HU_BU_3_200601_GSL_166,Hungary,Budapest,47.4979,19.0402,Budapesti Kozponti Szennyviztisztito Telep,69
1014087_1,Budapest,Pseudoxanthomonas,0.01642722,2020-06-01 00:00:00,DTU_2022_1014087_1_MG_HU_BU_3_200601_GSL_166,Hungary,Budapest,47.4979,19.0402,Budapesti Kozponti Szennyviztisztito Telep,69
1014087_1,Budapest,Pseudoxanthomonas_A,0.021454918,2020-06-01 00:00:00,DTU_2022_1014087_1_MG_HU_BU_3_200601_GSL_166,Hungary,Budapest,47.4979,19.0402,Budapesti Kozponti Szennyviztisztito Telep,69
1014087_1,Budapest,Psychrobacter,0.005251623,2020-06-01 00:00:00,DTU_2022_1014087_1_MG_HU_BU_3_200601_GSL_166,Hungary,Budapest,47.4979,19.0402,Budapesti Kozponti Szennyviztisztito Telep,69
1014087_1,Budapest,Rubrivivax,0.000711916,2020-06-01 00:00:00,DTU_2022_1014087_1_MG_HU_BU_3_200601_GSL_166,Hungary,Budapest,47.4979,19.0402,Budapesti Kozponti Szennyviztisztito Telep,69
1014087_1,Budapest,Streptococcus,0.010771487,2020-06-01 00:00:00,DTU_2022_1014087_1_MG_HU_BU_3_200601_GSL_166,Hungary,Budapest,47.4979,19.0402,Budapesti Kozponti Szennyviztisztito Telep,69
1014087_1,Budapest,Telluria,0.000555939,2020-06-01 00:00:00,DTU_2022_1014087_1_MG_HU_BU_3_200601_GSL_166,Hungary,Budapest,47.4979,19.0402,Budapesti Kozponti Szennyviztisztito Telep,69
1014087_1,Budapest,Thauera,0.01684723,2020-06-01 00:00:00,DTU_2022_1014087_1_MG_HU_BU_3_200601_GSL_166,Hungary,Budapest,47.4979,19.0402,Budapesti Kozponti Szennyviztisztito Telep,69
1014087_1,Budapest,Thermomonas,0.016366536,2020-06-01 00:00:00,DTU_2022_1014087_1_MG_HU_BU_3_200601_GSL_166,Hungary,Budapest,47.4979,19.0402,Budapesti Kozponti Szennyviztisztito Telep,69
1014087_1,Budapest,Thiothrix,0.002041957,2020-06-01 00:00:00,DTU_2022_1014087_1_MG_HU_BU_3_200601_GSL_166,Hungary,Budapest,47.4979,19.0402,Budapesti Kozponti Szennyviztisztito Telep,69
1014087_1,Budapest,Tolumonas,0.000217659,2020-06-01 00:00:00,DTU_2022_1014087_1_MG_HU_BU_3_200601_GSL_166,Hungary,Budapest,47.4979,19.0402,Budapesti Kozponti Szennyviztisztito Telep,69
1014087_1,Budapest,Trichococcus,0.023070495,2020-06-01 00:00:00,DTU_2022_1014087_1_MG_HU_BU_3_200601_GSL_166,Hungary,Budapest,47.4979,19.0402,Budapesti Kozponti Szennyviztisztito Telep,69
1014087_1,Budapest,UBA1413,4.20459e-06,2020-06-01 00:00:00,DTU_2022_1014087_1_MG_HU_BU_3_200601_GSL_166,Hungary,Budapest,47.4979,19.0402,Budapesti Kozponti Szennyviztisztito Telep,69
1014087_1,Budapest,merged,0.41435294,2020-06-01 00:00:00,DTU_2022_1014087_1_MG_HU_BU_3_200601_GSL_166,Hungary,Budapest,47.4979,19.0402,Budapesti Kozponti Szennyviztisztito Telep,69
1014086_1,Budapest,Acidovorax,0.066955015,2020-06-29 00:00:00,DTU_2022_1014086_1_MG_HU_BU_3_200629_GSL_160,Hungary,Budapest,47.4979,19.0402,Budapesti Kozponti Szennyviztisztito Telep,73
1014086_1,Budapest,Acinetobacter,0.036668328,2020-06-29 00:00:00,DTU_2022_1014086_1_MG_HU_BU_3_200629_GSL_160,Hungary,Budapest,47.4979,19.0402,Budapesti Kozponti Szennyviztisztito Telep,73
1014086_1,Budapest,Aeromonas,0.003285437,2020-06-29 00:00:00,DTU_2022_1014086_1_MG_HU_BU_3_200629_GSL_160,Hungary,Budapest,47.4979,19.0402,Budapesti Kozponti Szennyviztisztito Telep,73
1014086_1,Budapest,Aliarcobacter,0.008981862,2020-06-29 00:00:00,DTU_2022_1014086_1_MG_HU_BU_3_200629_GSL_160,Hungary,Budapest,47.4979,19.0402,Budapesti Kozponti Szennyviztisztito Telep,73
1014086_1,Budapest,Aquabacterium_A,0.000248165,2020-06-29 00:00:00,DTU_2022_1014086_1_MG_HU_BU_3_200629_GSL_160,Hungary,Budapest,47.4979,19.0402,Budapesti Kozponti Szennyviztisztito Telep,73
1014086_1,Budapest,Bacteroides,0.00148426,2020-06-29 00:00:00,DTU_2022_1014086_1_MG_HU_BU_3_200629_GSL_160,Hungary,Budapest,47.4979,19.0402,Budapesti Kozponti Szennyviztisztito Telep,73
1014086_1,Budapest,Brachymonas,0.04050436,2020-06-29 00:00:00,DTU_2022_1014086_1_MG_HU_BU_3_200629_GSL_160,Hungary,Budapest,47.4979,19.0402,Budapesti Kozponti Szennyviztisztito Telep,73
1014086_1,Budapest,Brevefilum,1.25231e-05,2020-06-29 00:00:00,DTU_2022_1014086_1_MG_HU_BU_3_200629_GSL_160,Hungary,Budapest,47.4979,19.0402,Budapesti Kozponti Szennyviztisztito Telep,73
1014086_1,Budapest,Brevundimonas,0.005012386,2020-06-29 00:00:00,DTU_2022_1014086_1_MG_HU_BU_3_200629_GSL_160,Hungary,Budapest,47.4979,19.0402,Budapesti Kozponti Szennyviztisztito Telep,73
1014086_1,Budapest,Cloacibacterium,0.009234836,2020-06-29 00:00:00,DTU_2022_1014086_1_MG_HU_BU_3_200629_GSL_160,Hungary,Budapest,47.4979,19.0402,Budapesti Kozponti Szennyviztisztito Telep,73
1014086_1,Budapest,Comamonas,0.021745692,2020-06-29 00:00:00,DTU_2022_1014086_1_MG_HU_BU_3_200629_GSL_160,Hungary,Budapest,47.4979,19.0402,Budapesti Kozponti Szennyviztisztito Telep,73
1014086_1,Budapest,Competibacter_A,0.000163291,2020-06-29 00:00:00,DTU_2022_1014086_1_MG_HU_BU_3_200629_GSL_160,Hungary,Budapest,47.4979,19.0402,Budapesti Kozponti Szennyviztisztito Telep,73
1014086_1,Budapest,Enterobacter,0.001063828,2020-06-29 00:00:00,DTU_2022_1014086_1_MG_HU_BU_3_200629_GSL_160,Hungary,Budapest,47.4979,19.0402,Budapesti Kozponti Szennyviztisztito Telep,73
1014086_1,Budapest,Fermentibacter,3.85825e-06,2020-06-29 00:00:00,DTU_2022_1014086_1_MG_HU_BU_3_200629_GSL_160,Hungary,Budapest,47.4979,19.0402,Budapesti Kozponti Szennyviztisztito Telep,73
1014086_1,Budapest,Flavobacterium,0.003715992,2020-06-29 00:00:00,DTU_2022_1014086_1_MG_HU_BU_3_200629_GSL_160,Hungary,Budapest,47.4979,19.0402,Budapesti Kozponti Szennyviztisztito Telep,73
1014086_1,Budapest,Giesbergeria,0.007091111,2020-06-29 00:00:00,DTU_2022_1014086_1_MG_HU_BU_3_200629_GSL_160,Hungary,Budapest,47.4979,19.0402,Budapesti Kozponti Szennyviztisztito Telep,73
1014086_1,Budapest,Hydrogenophaga,0.001171413,2020-06-29 00:00:00,DTU_2022_1014086_1_MG_HU_BU_3_200629_GSL_160,Hungary,Budapest,47.4979,19.0402,Budapesti Kozponti Szennyviztisztito Telep,73
1014086_1,Budapest,JAGOYM01,0.002359976,2020-06-29 00:00:00,DTU_2022_1014086_1_MG_HU_BU_3_200629_GSL_160,Hungary,Budapest,47.4979,19.0402,Budapesti Kozponti Szennyviztisztito Telep,73
1014086_1,Budapest,Janthinobacterium,0.00201224,2020-06-29 00:00:00,DTU_2022_1014086_1_MG_HU_BU_3_200629_GSL_160,Hungary,Budapest,47.4979,19.0402,Budapesti Kozponti Szennyviztisztito Telep,73
1014086_1,Budapest,Kaistella,0.002328995,2020-06-29 00:00:00,DTU_2022_1014086_1_MG_HU_BU_3_200629_GSL_160,Hungary,Budapest,47.4979,19.0402,Budapesti Kozponti Szennyviztisztito Telep,73
1014086_1,Budapest,Lactococcus_A,0.000251093,2020-06-29 00:00:00,DTU_2022_1014086_1_MG_HU_BU_3_200629_GSL_160,Hungary,Budapest,47.4979,19.0402,Budapesti Kozponti Szennyviztisztito Telep,73
1014086_1,Budapest,Lenti-01,0.008459341,2020-06-29 00:00:00,DTU_2022_1014086_1_MG_HU_BU_3_200629_GSL_160,Hungary,Budapest,47.4979,19.0402,Budapesti Kozponti Szennyviztisztito Telep,73
1014086_1,Budapest,Microthrix,7.85331e-05,2020-06-29 00:00:00,DTU_2022_1014086_1_MG_HU_BU_3_200629_GSL_160,Hungary,Budapest,47.4979,19.0402,Budapesti Kozponti Szennyviztisztito Telep,73
1014086_1,Budapest,Moraxella_A,0.016176484,2020-06-29 00:00:00,DTU_2022_1014086_1_MG_HU_BU_3_200629_GSL_160,Hungary,Budapest,47.4979,19.0402,Budapesti Kozponti Szennyviztisztito Telep,73
1014086_1,Budapest,Neisseria,0.043695667,2020-06-29 00:00:00,DTU_2022_1014086_1_MG_HU_BU_3_200629_GSL_160,Hungary,Budapest,47.4979,19.0402,Budapesti Kozponti Szennyviztisztito Telep,73
1014086_1,Budapest,Novosphingobium,0.001735591,2020-06-29 00:00:00,DTU_2022_1014086_1_MG_HU_BU_3_200629_GSL_160,Hungary,Budapest,47.4979,19.0402,Budapesti Kozponti Szennyviztisztito Telep,73
1014086_1,Budapest,Ottowia,0.073166322,2020-06-29 00:00:00,DTU_2022_1014086_1_MG_HU_BU_3_200629_GSL_160,Hungary,Budapest,47.4979,19.0402,Budapesti Kozponti Szennyviztisztito Telep,73
1014086_1,Budapest,Paracoccus,0.006438301,2020-06-29 00:00:00,DTU_2022_1014086_1_MG_HU_BU_3_200629_GSL_160,Hungary,Budapest,47.4979,19.0402,Budapesti Kozponti Szennyviztisztito Telep,73
1014086_1,Budapest,Phocaeicola,0.000774973,2020-06-29 00:00:00,DTU_2022_1014086_1_MG_HU_BU_3_200629_GSL_160,Hungary,Budapest,47.4979,19.0402,Budapesti Kozponti Szennyviztisztito Telep,73
1014086_1,Budapest,Prevotella,0.00058242,2020-06-29 00:00:00,DTU_2022_1014086_1_MG_HU_BU_3_200629_GSL_160,Hungary,Budapest,47.4979,19.0402,Budapesti Kozponti Szennyviztisztito Telep,73
1014086_1,Budapest,Propionivibrio,0.008982323,2020-06-29 00:00:00,DTU_2022_1014086_1_MG_HU_BU_3_200629_GSL_160,Hungary,Budapest,47.4979,19.0402,Budapesti Kozponti Szennyviztisztito Telep,73
1014086_1,Budapest,Pseudomonas_E,0.012631735,2020-06-29 00:00:00,DTU_2022_1014086_1_MG_HU_BU_3_200629_GSL_160,Hungary,Budapest,47.4979,19.0402,Budapesti Kozponti Szennyviztisztito Telep,73
1014086_1,Budapest,Pseudoxanthomonas,0.013981456,2020-06-29 00:00:00,DTU_2022_1014086_1_MG_HU_BU_3_200629_GSL_160,Hungary,Budapest,47.4979,19.0402,Budapesti Kozponti Szennyviztisztito Telep,73
1014086_1,Budapest,Pseudoxanthomonas_A,0.048366037,2020-06-29 00:00:00,DTU_2022_1014086_1_MG_HU_BU_3_200629_GSL_160,Hungary,Budapest,47.4979,19.0402,Budapesti Kozponti Szennyviztisztito Telep,73
1014086_1,Budapest,Psychrobacter,0.001682515,2020-06-29 00:00:00,DTU_2022_1014086_1_MG_HU_BU_3_200629_GSL_160,Hungary,Budapest,47.4979,19.0402,Budapesti Kozponti Szennyviztisztito Telep,73
1014086_1,Budapest,Rubrivivax,0.000780664,2020-06-29 00:00:00,DTU_2022_1014086_1_MG_HU_BU_3_200629_GSL_160,Hungary,Budapest,47.4979,19.0402,Budapesti Kozponti Szennyviztisztito Telep,73
1014086_1,Budapest,Streptococcus,0.007769254,2020-06-29 00:00:00,DTU_2022_1014086_1_MG_HU_BU_3_200629_GSL_160,Hungary,Budapest,47.4979,19.0402,Budapesti Kozponti Szennyviztisztito Telep,73
1014086_1,Budapest,Telluria,0.001189906,2020-06-29 00:00:00,DTU_2022_1014086_1_MG_HU_BU_3_200629_GSL_160,Hungary,Budapest,47.4979,19.0402,Budapesti Kozponti Szennyviztisztito Telep,73
1014086_1,Budapest,Thauera,0.015877437,2020-06-29 00:00:00,DTU_2022_1014086_1_MG_HU_BU_3_200629_GSL_160,Hungary,Budapest,47.4979,19.0402,Budapesti Kozponti Szennyviztisztito Telep,73
1014086_1,Budapest,Thermomonas,0.016467627,2020-06-29 00:00:00,DTU_2022_1014086_1_MG_HU_BU_3_200629_GSL_160,Hungary,Budapest,47.4979,19.0402,Budapesti Kozponti Szennyviztisztito Telep,73
1014086_1,Budapest,Thiothrix,0.000447961,2020-06-29 00:00:00,DTU_2022_1014086_1_MG_HU_BU_3_200629_GSL_160,Hungary,Budapest,47.4979,19.0402,Budapesti Kozponti Szennyviztisztito Telep,73
1014086_1,Budapest,Tolumonas,0.000707167,2020-06-29 00:00:00,DTU_2022_1014086_1_MG_HU_BU_3_200629_GSL_160,Hungary,Budapest,47.4979,19.0402,Budapesti Kozponti Szennyviztisztito Telep,73
1014086_1,Budapest,Trichococcus,0.003430729,2020-06-29 00:00:00,DTU_2022_1014086_1_MG_HU_BU_3_200629_GSL_160,Hungary,Budapest,47.4979,19.0402,Budapesti Kozponti Szennyviztisztito Telep,73
1014086_1,Budapest,UBA1413,1.77427e-06,2020-06-29 00:00:00,DTU_2022_1014086_1_MG_HU_BU_3_200629_GSL_160,Hungary,Budapest,47.4979,19.0402,Budapesti Kozponti Szennyviztisztito Telep,73
1014086_1,Budapest,merged,0.50228112,2020-06-29 00:00:00,DTU_2022_1014086_1_MG_HU_BU_3_200629_GSL_160,Hungary,Budapest,47.4979,19.0402,Budapesti Kozponti Szennyviztisztito Telep,73
1014089_1,Budapest,Acidovorax,0.070088526,2020-07-06 00:00:00,DTU_2022_1014089_1_MG_HU_BU_3_200706_GSL_168,Hungary,Budapest,47.4979,19.0402,Budapesti Kozponti Szennyviztisztito Telep,74
1014089_1,Budapest,Acinetobacter,0.020938981,2020-07-06 00:00:00,DTU_2022_1014089_1_MG_HU_BU_3_200706_GSL_168,Hungary,Budapest,47.4979,19.0402,Budapesti Kozponti Szennyviztisztito Telep,74
1014089_1,Budapest,Aeromonas,0.009156186,2020-07-06 00:00:00,DTU_2022_1014089_1_MG_HU_BU_3_200706_GSL_168,Hungary,Budapest,47.4979,19.0402,Budapesti Kozponti Szennyviztisztito Telep,74
1014089_1,Budapest,Aliarcobacter,0.02534875,2020-07-06 00:00:00,DTU_2022_1014089_1_MG_HU_BU_3_200706_GSL_168,Hungary,Budapest,47.4979,19.0402,Budapesti Kozponti Szennyviztisztito Telep,74
1014089_1,Budapest,Aquabacterium_A,0.000140512,2020-07-06 00:00:00,DTU_2022_1014089_1_MG_HU_BU_3_200706_GSL_168,Hungary,Budapest,47.4979,19.0402,Budapesti Kozponti Szennyviztisztito Telep,74
1014089_1,Budapest,Bacteroides,0.001225608,2020-07-06 00:00:00,DTU_2022_1014089_1_MG_HU_BU_3_200706_GSL_168,Hungary,Budapest,47.4979,19.0402,Budapesti Kozponti Szennyviztisztito Telep,74
1014089_1,Budapest,Brachymonas,0.031720075,2020-07-06 00:00:00,DTU_2022_1014089_1_MG_HU_BU_3_200706_GSL_168,Hungary,Budapest,47.4979,19.0402,Budapesti Kozponti Szennyviztisztito Telep,74
1014089_1,Budapest,Brevefilum,1.30326e-05,2020-07-06 00:00:00,DTU_2022_1014089_1_MG_HU_BU_3_200706_GSL_168,Hungary,Budapest,47.4979,19.0402,Budapesti Kozponti Szennyviztisztito Telep,74
1014089_1,Budapest,Brevundimonas,0.002158204,2020-07-06 00:00:00,DTU_2022_1014089_1_MG_HU_BU_3_200706_GSL_168,Hungary,Budapest,47.4979,19.0402,Budapesti Kozponti Szennyviztisztito Telep,74
1014089_1,Budapest,Cloacibacterium,0.012272386,2020-07-06 00:00:00,DTU_2022_1014089_1_MG_HU_BU_3_200706_GSL_168,Hungary,Budapest,47.4979,19.0402,Budapesti Kozponti Szennyviztisztito Telep,74
1014089_1,Budapest,Comamonas,0.021558177,2020-07-06 00:00:00,DTU_2022_1014089_1_MG_HU_BU_3_200706_GSL_168,Hungary,Budapest,47.4979,19.0402,Budapesti Kozponti Szennyviztisztito Telep,74
1014089_1,Budapest,Competibacter_A,0.002520808,2020-07-06 00:00:00,DTU_2022_1014089_1_MG_HU_BU_3_200706_GSL_168,Hungary,Budapest,47.4979,19.0402,Budapesti Kozponti Szennyviztisztito Telep,74
1014089_1,Budapest,Enterobacter,0.000854731,2020-07-06 00:00:00,DTU_2022_1014089_1_MG_HU_BU_3_200706_GSL_168,Hungary,Budapest,47.4979,19.0402,Budapesti Kozponti Szennyviztisztito Telep,74
1014089_1,Budapest,Fermentibacter,7.45393e-06,2020-07-06 00:00:00,DTU_2022_1014089_1_MG_HU_BU_3_200706_GSL_168,Hungary,Budapest,47.4979,19.0402,Budapesti Kozponti Szennyviztisztito Telep,74
1014089_1,Budapest,Flavobacterium,0.002787907,2020-07-06 00:00:00,DTU_2022_1014089_1_MG_HU_BU_3_200706_GSL_168,Hungary,Budapest,47.4979,19.0402,Budapesti Kozponti Szennyviztisztito Telep,74
1014089_1,Budapest,Giesbergeria,0.010670679,2020-07-06 00:00:00,DTU_2022_1014089_1_MG_HU_BU_3_200706_GSL_168,Hungary,Budapest,47.4979,19.0402,Budapesti Kozponti Szennyviztisztito Telep,74
1014089_1,Budapest,Hydrogenophaga,0.001213535,2020-07-06 00:00:00,DTU_2022_1014089_1_MG_HU_BU_3_200706_GSL_168,Hungary,Budapest,47.4979,19.0402,Budapesti Kozponti Szennyviztisztito Telep,74
1014089_1,Budapest,JAGOYM01,0.007696451,2020-07-06 00:00:00,DTU_2022_1014089_1_MG_HU_BU_3_200706_GSL_168,Hungary,Budapest,47.4979,19.0402,Budapesti Kozponti Szennyviztisztito Telep,74
1014089_1,Budapest,Janthinobacterium,0.002048334,2020-07-06 00:00:00,DTU_2022_1014089_1_MG_HU_BU_3_200706_GSL_168,Hungary,Budapest,47.4979,19.0402,Budapesti Kozponti Szennyviztisztito Telep,74
1014089_1,Budapest,Kaistella,0.002060411,2020-07-06 00:00:00,DTU_2022_1014089_1_MG_HU_BU_3_200706_GSL_168,Hungary,Budapest,47.4979,19.0402,Budapesti Kozponti Szennyviztisztito Telep,74
1014089_1,Budapest,Lactococcus_A,0.000254057,2020-07-06 00:00:00,DTU_2022_1014089_1_MG_HU_BU_3_200706_GSL_168,Hungary,Budapest,47.4979,19.0402,Budapesti Kozponti Szennyviztisztito Telep,74
1014089_1,Budapest,Lenti-01,0.007593532,2020-07-06 00:00:00,DTU_2022_1014089_1_MG_HU_BU_3_200706_GSL_168,Hungary,Budapest,47.4979,19.0402,Budapesti Kozponti Szennyviztisztito Telep,74
1014089_1,Budapest,Microthrix,1.78204e-05,2020-07-06 00:00:00,DTU_2022_1014089_1_MG_HU_BU_3_200706_GSL_168,Hungary,Budapest,47.4979,19.0402,Budapesti Kozponti Szennyviztisztito Telep,74
1014089_1,Budapest,Moraxella_A,0.004646022,2020-07-06 00:00:00,DTU_2022_1014089_1_MG_HU_BU_3_200706_GSL_168,Hungary,Budapest,47.4979,19.0402,Budapesti Kozponti Szennyviztisztito Telep,74
1014089_1,Budapest,Neisseria,0.08681309,2020-07-06 00:00:00,DTU_2022_1014089_1_MG_HU_BU_3_200706_GSL_168,Hungary,Budapest,47.4979,19.0402,Budapesti Kozponti Szennyviztisztito Telep,74
1014089_1,Budapest,Novosphingobium,0.001907754,2020-07-06 00:00:00,DTU_2022_1014089_1_MG_HU_BU_3_200706_GSL_168,Hungary,Budapest,47.4979,19.0402,Budapesti Kozponti Szennyviztisztito Telep,74
1014089_1,Budapest,Ottowia,0.054230293,2020-07-06 00:00:00,DTU_2022_1014089_1_MG_HU_BU_3_200706_GSL_168,Hungary,Budapest,47.4979,19.0402,Budapesti Kozponti Szennyviztisztito Telep,74
1014089_1,Budapest,Paracoccus,0.003838625,2020-07-06 00:00:00,DTU_2022_1014089_1_MG_HU_BU_3_200706_GSL_168,Hungary,Budapest,47.4979,19.0402,Budapesti Kozponti Szennyviztisztito Telep,74
1014089_1,Budapest,Phocaeicola,0.001806427,2020-07-06 00:00:00,DTU_2022_1014089_1_MG_HU_BU_3_200706_GSL_168,Hungary,Budapest,47.4979,19.0402,Budapesti Kozponti Szennyviztisztito Telep,74
1014089_1,Budapest,Prevotella,0.001328414,2020-07-06 00:00:00,DTU_2022_1014089_1_MG_HU_BU_3_200706_GSL_168,Hungary,Budapest,47.4979,19.0402,Budapesti Kozponti Szennyviztisztito Telep,74
1014089_1,Budapest,Propionivibrio,0.02299734,2020-07-06 00:00:00,DTU_2022_1014089_1_MG_HU_BU_3_200706_GSL_168,Hungary,Budapest,47.4979,19.0402,Budapesti Kozponti Szennyviztisztito Telep,74
1014089_1,Budapest,Pseudomonas_E,0.02563686,2020-07-06 00:00:00,DTU_2022_1014089_1_MG_HU_BU_3_200706_GSL_168,Hungary,Budapest,47.4979,19.0402,Budapesti Kozponti Szennyviztisztito Telep,74
1014089_1,Budapest,Pseudoxanthomonas,0.018808822,2020-07-06 00:00:00,DTU_2022_1014089_1_MG_HU_BU_3_200706_GSL_168,Hungary,Budapest,47.4979,19.0402,Budapesti Kozponti Szennyviztisztito Telep,74
1014089_1,Budapest,Pseudoxanthomonas_A,0.030376189,2020-07-06 00:00:00,DTU_2022_1014089_1_MG_HU_BU_3_200706_GSL_168,Hungary,Budapest,47.4979,19.0402,Budapesti Kozponti Szennyviztisztito Telep,74
1014089_1,Budapest,Psychrobacter,0.00070027,2020-07-06 00:00:00,DTU_2022_1014089_1_MG_HU_BU_3_200706_GSL_168,Hungary,Budapest,47.4979,19.0402,Budapesti Kozponti Szennyviztisztito Telep,74
1014089_1,Budapest,Rubrivivax,0.00092527,2020-07-06 00:00:00,DTU_2022_1014089_1_MG_HU_BU_3_200706_GSL_168,Hungary,Budapest,47.4979,19.0402,Budapesti Kozponti Szennyviztisztito Telep,74
1014089_1,Budapest,Streptococcus,0.008407562,2020-07-06 00:00:00,DTU_2022_1014089_1_MG_HU_BU_3_200706_GSL_168,Hungary,Budapest,47.4979,19.0402,Budapesti Kozponti Szennyviztisztito Telep,74
1014089_1,Budapest,Telluria,0.000857993,2020-07-06 00:00:00,DTU_2022_1014089_1_MG_HU_BU_3_200706_GSL_168,Hungary,Budapest,47.4979,19.0402,Budapesti Kozponti Szennyviztisztito Telep,74
1014089_1,Budapest,Thauera,0.022451587,2020-07-06 00:00:00,DTU_2022_1014089_1_MG_HU_BU_3_200706_GSL_168,Hungary,Budapest,47.4979,19.0402,Budapesti Kozponti Szennyviztisztito Telep,74
1014089_1,Budapest,Thermomonas,0.015745415,2020-07-06 00:00:00,DTU_2022_1014089_1_MG_HU_BU_3_200706_GSL_168,Hungary,Budapest,47.4979,19.0402,Budapesti Kozponti Szennyviztisztito Telep,74
1014089_1,Budapest,Thiothrix,0.000695886,2020-07-06 00:00:00,DTU_2022_1014089_1_MG_HU_BU_3_200706_GSL_168,Hungary,Budapest,47.4979,19.0402,Budapesti Kozponti Szennyviztisztito Telep,74
1014089_1,Budapest,Tolumonas,0.002039812,2020-07-06 00:00:00,DTU_2022_1014089_1_MG_HU_BU_3_200706_GSL_168,Hungary,Budapest,47.4979,19.0402,Budapesti Kozponti Szennyviztisztito Telep,74
1014089_1,Budapest,Trichococcus,0.003808237,2020-07-06 00:00:00,DTU_2022_1014089_1_MG_HU_BU_3_200706_GSL_168,Hungary,Budapest,47.4979,19.0402,Budapesti Kozponti Szennyviztisztito Telep,74
1014089_1,Budapest,UBA1413,2.78082e-06,2020-07-06 00:00:00,DTU_2022_1014089_1_MG_HU_BU_3_200706_GSL_168,Hungary,Budapest,47.4979,19.0402,Budapesti Kozponti Szennyviztisztito Telep,74
1014089_1,Budapest,merged,0.459629194,2020-07-06 00:00:00,DTU_2022_1014089_1_MG_HU_BU_3_200706_GSL_168,Hungary,Budapest,47.4979,19.0402,Budapesti Kozponti Szennyviztisztito Telep,74
1014091_1,Budapest,Acidovorax,0.067820553,2020-07-27 00:00:00,DTU_2022_1014091_1_MG_HU_BU_3_200721_GSL_198,Hungary,Budapest,47.4979,19.0402,Budapesti Kozponti Szennyviztisztito Telep,77
1014091_1,Budapest,Acinetobacter,0.038387498,2020-07-27 00:00:00,DTU_2022_1014091_1_MG_HU_BU_3_200721_GSL_198,Hungary,Budapest,47.4979,19.0402,Budapesti Kozponti Szennyviztisztito Telep,77
1014091_1,Budapest,Aeromonas,0.008237394,2020-07-27 00:00:00,DTU_2022_1014091_1_MG_HU_BU_3_200721_GSL_198,Hungary,Budapest,47.4979,19.0402,Budapesti Kozponti Szennyviztisztito Telep,77
1014091_1,Budapest,Aliarcobacter,0.025444909,2020-07-27 00:00:00,DTU_2022_1014091_1_MG_HU_BU_3_200721_GSL_198,Hungary,Budapest,47.4979,19.0402,Budapesti Kozponti Szennyviztisztito Telep,77
1014091_1,Budapest,Aquabacterium_A,0.001191671,2020-07-27 00:00:00,DTU_2022_1014091_1_MG_HU_BU_3_200721_GSL_198,Hungary,Budapest,47.4979,19.0402,Budapesti Kozponti Szennyviztisztito Telep,77
1014091_1,Budapest,Bacteroides,0.001108978,2020-07-27 00:00:00,DTU_2022_1014091_1_MG_HU_BU_3_200721_GSL_198,Hungary,Budapest,47.4979,19.0402,Budapesti Kozponti Szennyviztisztito Telep,77
1014091_1,Budapest,Brachymonas,0.015287426,2020-07-27 00:00:00,DTU_2022_1014091_1_MG_HU_BU_3_200721_GSL_198,Hungary,Budapest,47.4979,19.0402,Budapesti Kozponti Szennyviztisztito Telep,77
1014091_1,Budapest,Brevefilum,6.69672e-06,2020-07-27 00:00:00,DTU_2022_1014091_1_MG_HU_BU_3_200721_GSL_198,Hungary,Budapest,47.4979,19.0402,Budapesti Kozponti Szennyviztisztito Telep,77
1014091_1,Budapest,Brevundimonas,0.000900362,2020-07-27 00:00:00,DTU_2022_1014091_1_MG_HU_BU_3_200721_GSL_198,Hungary,Budapest,47.4979,19.0402,Budapesti Kozponti Szennyviztisztito Telep,77
1014091_1,Budapest,Cloacibacterium,0.017185828,2020-07-27 00:00:00,DTU_2022_1014091_1_MG_HU_BU_3_200721_GSL_198,Hungary,Budapest,47.4979,19.0402,Budapesti Kozponti Szennyviztisztito Telep,77
1014091_1,Budapest,Comamonas,0.090259365,2020-07-27 00:00:00,DTU_2022_1014091_1_MG_HU_BU_3_200721_GSL_198,Hungary,Budapest,47.4979,19.0402,Budapesti Kozponti Szennyviztisztito Telep,77
1014091_1,Budapest,Competibacter_A,0.007269967,2020-07-27 00:00:00,DTU_2022_1014091_1_MG_HU_BU_3_200721_GSL_198,Hungary,Budapest,47.4979,19.0402,Budapesti Kozponti Szennyviztisztito Telep,77
1014091_1,Budapest,Enterobacter,0.002665516,2020-07-27 00:00:00,DTU_2022_1014091_1_MG_HU_BU_3_200721_GSL_198,Hungary,Budapest,47.4979,19.0402,Budapesti Kozponti Szennyviztisztito Telep,77
1014091_1,Budapest,Fermentibacter,1.07766e-05,2020-07-27 00:00:00,DTU_2022_1014091_1_MG_HU_BU_3_200721_GSL_198,Hungary,Budapest,47.4979,19.0402,Budapesti Kozponti Szennyviztisztito Telep,77
1014091_1,Budapest,Flavobacterium,0.004469167,2020-07-27 00:00:00,DTU_2022_1014091_1_MG_HU_BU_3_200721_GSL_198,Hungary,Budapest,47.4979,19.0402,Budapesti Kozponti Szennyviztisztito Telep,77
1014091_1,Budapest,Giesbergeria,0.004714351,2020-07-27 00:00:00,DTU_2022_1014091_1_MG_HU_BU_3_200721_GSL_198,Hungary,Budapest,47.4979,19.0402,Budapesti Kozponti Szennyviztisztito Telep,77
1014091_1,Budapest,Hydrogenophaga,0.000346588,2020-07-27 00:00:00,DTU_2022_1014091_1_MG_HU_BU_3_200721_GSL_198,Hungary,Budapest,47.4979,19.0402,Budapesti Kozponti Szennyviztisztito Telep,77
1014091_1,Budapest,JAGOYM01,0.002280733,2020-07-27 00:00:00,DTU_2022_1014091_1_MG_HU_BU_3_200721_GSL_198,Hungary,Budapest,47.4979,19.0402,Budapesti Kozponti Szennyviztisztito Telep,77
1014091_1,Budapest,Janthinobacterium,0.000728605,2020-07-27 00:00:00,DTU_2022_1014091_1_MG_HU_BU_3_200721_GSL_198,Hungary,Budapest,47.4979,19.0402,Budapesti Kozponti Szennyviztisztito Telep,77
1014091_1,Budapest,Kaistella,0.002793813,2020-07-27 00:00:00,DTU_2022_1014091_1_MG_HU_BU_3_200721_GSL_198,Hungary,Budapest,47.4979,19.0402,Budapesti Kozponti Szennyviztisztito Telep,77
1014091_1,Budapest,Lactococcus_A,0.000494206,2020-07-27 00:00:00,DTU_2022_1014091_1_MG_HU_BU_3_200721_GSL_198,Hungary,Budapest,47.4979,19.0402,Budapesti Kozponti Szennyviztisztito Telep,77
1014091_1,Budapest,Lenti-01,0.008512015,2020-07-27 00:00:00,DTU_2022_1014091_1_MG_HU_BU_3_200721_GSL_198,Hungary,Budapest,47.4979,19.0402,Budapesti Kozponti Szennyviztisztito Telep,77
1014091_1,Budapest,Microthrix,0.006121302,2020-07-27 00:00:00,DTU_2022_1014091_1_MG_HU_BU_3_200721_GSL_198,Hungary,Budapest,47.4979,19.0402,Budapesti Kozponti Szennyviztisztito Telep,77
1014091_1,Budapest,Moraxella_A,0.002815838,2020-07-27 00:00:00,DTU_2022_1014091_1_MG_HU_BU_3_200721_GSL_198,Hungary,Budapest,47.4979,19.0402,Budapesti Kozponti Szennyviztisztito Telep,77
1014091_1,Budapest,Neisseria,0.051865852,2020-07-27 00:00:00,DTU_2022_1014091_1_MG_HU_BU_3_200721_GSL_198,Hungary,Budapest,47.4979,19.0402,Budapesti Kozponti Szennyviztisztito Telep,77
1014091_1,Budapest,Novosphingobium,0.002263424,2020-07-27 00:00:00,DTU_2022_1014091_1_MG_HU_BU_3_200721_GSL_198,Hungary,Budapest,47.4979,19.0402,Budapesti Kozponti Szennyviztisztito Telep,77
1014091_1,Budapest,Ottowia,0.038928134,2020-07-27 00:00:00,DTU_2022_1014091_1_MG_HU_BU_3_200721_GSL_198,Hungary,Budapest,47.4979,19.0402,Budapesti Kozponti Szennyviztisztito Telep,77
1014091_1,Budapest,Paracoccus,0.002749556,2020-07-27 00:00:00,DTU_2022_1014091_1_MG_HU_BU_3_200721_GSL_198,Hungary,Budapest,47.4979,19.0402,Budapesti Kozponti Szennyviztisztito Telep,77
1014091_1,Budapest,Phocaeicola,0.003489263,2020-07-27 00:00:00,DTU_2022_1014091_1_MG_HU_BU_3_200721_GSL_198,Hungary,Budapest,47.4979,19.0402,Budapesti Kozponti Szennyviztisztito Telep,77
1014091_1,Budapest,Prevotella,0.008959962,2020-07-27 00:00:00,DTU_2022_1014091_1_MG_HU_BU_3_200721_GSL_198,Hungary,Budapest,47.4979,19.0402,Budapesti Kozponti Szennyviztisztito Telep,77
1014091_1,Budapest,Propionivibrio,0.012566148,2020-07-27 00:00:00,DTU_2022_1014091_1_MG_HU_BU_3_200721_GSL_198,Hungary,Budapest,47.4979,19.0402,Budapesti Kozponti Szennyviztisztito Telep,77
1014091_1,Budapest,Pseudomonas_E,0.038884028,2020-07-27 00:00:00,DTU_2022_1014091_1_MG_HU_BU_3_200721_GSL_198,Hungary,Budapest,47.4979,19.0402,Budapesti Kozponti Szennyviztisztito Telep,77
1014091_1,Budapest,Pseudoxanthomonas,0.010215682,2020-07-27 00:00:00,DTU_2022_1014091_1_MG_HU_BU_3_200721_GSL_198,Hungary,Budapest,47.4979,19.0402,Budapesti Kozponti Szennyviztisztito Telep,77
1014091_1,Budapest,Pseudoxanthomonas_A,0.01240648,2020-07-27 00:00:00,DTU_2022_1014091_1_MG_HU_BU_3_200721_GSL_198,Hungary,Budapest,47.4979,19.0402,Budapesti Kozponti Szennyviztisztito Telep,77
1014091_1,Budapest,Psychrobacter,0.001076537,2020-07-27 00:00:00,DTU_2022_1014091_1_MG_HU_BU_3_200721_GSL_198,Hungary,Budapest,47.4979,19.0402,Budapesti Kozponti Szennyviztisztito Telep,77
1014091_1,Budapest,Rubrivivax,0.001986266,2020-07-27 00:00:00,DTU_2022_1014091_1_MG_HU_BU_3_200721_GSL_198,Hungary,Budapest,47.4979,19.0402,Budapesti Kozponti Szennyviztisztito Telep,77
1014091_1,Budapest,Streptococcus,0.015071722,2020-07-27 00:00:00,DTU_2022_1014091_1_MG_HU_BU_3_200721_GSL_198,Hungary,Budapest,47.4979,19.0402,Budapesti Kozponti Szennyviztisztito Telep,77
1014091_1,Budapest,Telluria,0.000699066,2020-07-27 00:00:00,DTU_2022_1014091_1_MG_HU_BU_3_200721_GSL_198,Hungary,Budapest,47.4979,19.0402,Budapesti Kozponti Szennyviztisztito Telep,77
1014091_1,Budapest,Thauera,0.016242119,2020-07-27 00:00:00,DTU_2022_1014091_1_MG_HU_BU_3_200721_GSL_198,Hungary,Budapest,47.4979,19.0402,Budapesti Kozponti Szennyviztisztito Telep,77
1014091_1,Budapest,Thermomonas,0.012780304,2020-07-27 00:00:00,DTU_2022_1014091_1_MG_HU_BU_3_200721_GSL_198,Hungary,Budapest,47.4979,19.0402,Budapesti Kozponti Szennyviztisztito Telep,77
1014091_1,Budapest,Thiothrix,0.000324767,2020-07-27 00:00:00,DTU_2022_1014091_1_MG_HU_BU_3_200721_GSL_198,Hungary,Budapest,47.4979,19.0402,Budapesti Kozponti Szennyviztisztito Telep,77
1014091_1,Budapest,Tolumonas,0.001065442,2020-07-27 00:00:00,DTU_2022_1014091_1_MG_HU_BU_3_200721_GSL_198,Hungary,Budapest,47.4979,19.0402,Budapesti Kozponti Szennyviztisztito Telep,77
1014091_1,Budapest,Trichococcus,0.005592528,2020-07-27 00:00:00,DTU_2022_1014091_1_MG_HU_BU_3_200721_GSL_198,Hungary,Budapest,47.4979,19.0402,Budapesti Kozponti Szennyviztisztito Telep,77
1014091_1,Budapest,UBA1413,1.86837e-06,2020-07-27 00:00:00,DTU_2022_1014091_1_MG_HU_BU_3_200721_GSL_198,Hungary,Budapest,47.4979,19.0402,Budapesti Kozponti Szennyviztisztito Telep,77
1014091_1,Budapest,merged,0.453777293,2020-07-27 00:00:00,DTU_2022_1014091_1_MG_HU_BU_3_200721_GSL_198,Hungary,Budapest,47.4979,19.0402,Budapesti Kozponti Szennyviztisztito Telep,77
1014093_1,Budapest,Acidovorax,0.065301614,2020-08-03 00:00:00,DTU_2022_1014093_1_MG_HU_BU_3_200803_GSL_242,Hungary,Budapest,47.4979,19.0402,Budapesti Kozponti Szennyviztisztito Telep,78
1014093_1,Budapest,Acinetobacter,0.018129525,2020-08-03 00:00:00,DTU_2022_1014093_1_MG_HU_BU_3_200803_GSL_242,Hungary,Budapest,47.4979,19.0402,Budapesti Kozponti Szennyviztisztito Telep,78
1014093_1,Budapest,Aeromonas,0.005099118,2020-08-03 00:00:00,DTU_2022_1014093_1_MG_HU_BU_3_200803_GSL_242,Hungary,Budapest,47.4979,19.0402,Budapesti Kozponti Szennyviztisztito Telep,78
1014093_1,Budapest,Aliarcobacter,0.032053984,2020-08-03 00:00:00,DTU_2022_1014093_1_MG_HU_BU_3_200803_GSL_242,Hungary,Budapest,47.4979,19.0402,Budapesti Kozponti Szennyviztisztito Telep,78
1014093_1,Budapest,Aquabacterium_A,0.000180063,2020-08-03 00:00:00,DTU_2022_1014093_1_MG_HU_BU_3_200803_GSL_242,Hungary,Budapest,47.4979,19.0402,Budapesti Kozponti Szennyviztisztito Telep,78
1014093_1,Budapest,Bacteroides,0.001426665,2020-08-03 00:00:00,DTU_2022_1014093_1_MG_HU_BU_3_200803_GSL_242,Hungary,Budapest,47.4979,19.0402,Budapesti Kozponti Szennyviztisztito Telep,78
1014093_1,Budapest,Brachymonas,0.014756465,2020-08-03 00:00:00,DTU_2022_1014093_1_MG_HU_BU_3_200803_GSL_242,Hungary,Budapest,47.4979,19.0402,Budapesti Kozponti Szennyviztisztito Telep,78
1014093_1,Budapest,Brevefilum,7.81505e-06,2020-08-03 00:00:00,DTU_2022_1014093_1_MG_HU_BU_3_200803_GSL_242,Hungary,Budapest,47.4979,19.0402,Budapesti Kozponti Szennyviztisztito Telep,78
1014093_1,Budapest,Brevundimonas,0.001462937,2020-08-03 00:00:00,DTU_2022_1014093_1_MG_HU_BU_3_200803_GSL_242,Hungary,Budapest,47.4979,19.0402,Budapesti Kozponti Szennyviztisztito Telep,78
1014093_1,Budapest,Cloacibacterium,0.033469396,2020-08-03 00:00:00,DTU_2022_1014093_1_MG_HU_BU_3_200803_GSL_242,Hungary,Budapest,47.4979,19.0402,Budapesti Kozponti Szennyviztisztito Telep,78
1014093_1,Budapest,Comamonas,0.014728868,2020-08-03 00:00:00,DTU_2022_1014093_1_MG_HU_BU_3_200803_GSL_242,Hungary,Budapest,47.4979,19.0402,Budapesti Kozponti Szennyviztisztito Telep,78
1014093_1,Budapest,Competibacter_A,0.00026608,2020-08-03 00:00:00,DTU_2022_1014093_1_MG_HU_BU_3_200803_GSL_242,Hungary,Budapest,47.4979,19.0402,Budapesti Kozponti Szennyviztisztito Telep,78
1014093_1,Budapest,Enterobacter,0.000724237,2020-08-03 00:00:00,DTU_2022_1014093_1_MG_HU_BU_3_200803_GSL_242,Hungary,Budapest,47.4979,19.0402,Budapesti Kozponti Szennyviztisztito Telep,78
1014093_1,Budapest,Fermentibacter,4.40191e-06,2020-08-03 00:00:00,DTU_2022_1014093_1_MG_HU_BU_3_200803_GSL_242,Hungary,Budapest,47.4979,19.0402,Budapesti Kozponti Szennyviztisztito Telep,78
1014093_1,Budapest,Flavobacterium,0.004948574,2020-08-03 00:00:00,DTU_2022_1014093_1_MG_HU_BU_3_200803_GSL_242,Hungary,Budapest,47.4979,19.0402,Budapesti Kozponti Szennyviztisztito Telep,78
1014093_1,Budapest,Giesbergeria,0.005209389,2020-08-03 00:00:00,DTU_2022_1014093_1_MG_HU_BU_3_200803_GSL_242,Hungary,Budapest,47.4979,19.0402,Budapesti Kozponti Szennyviztisztito Telep,78
1014093_1,Budapest,Hydrogenophaga,0.000989462,2020-08-03 00:00:00,DTU_2022_1014093_1_MG_HU_BU_3_200803_GSL_242,Hungary,Budapest,47.4979,19.0402,Budapesti Kozponti Szennyviztisztito Telep,78
1014093_1,Budapest,JAGOYM01,0.002747068,2020-08-03 00:00:00,DTU_2022_1014093_1_MG_HU_BU_3_200803_GSL_242,Hungary,Budapest,47.4979,19.0402,Budapesti Kozponti Szennyviztisztito Telep,78
1014093_1,Budapest,Janthinobacterium,0.001376803,2020-08-03 00:00:00,DTU_2022_1014093_1_MG_HU_BU_3_200803_GSL_242,Hungary,Budapest,47.4979,19.0402,Budapesti Kozponti Szennyviztisztito Telep,78
1014093_1,Budapest,Kaistella,0.007019606,2020-08-03 00:00:00,DTU_2022_1014093_1_MG_HU_BU_3_200803_GSL_242,Hungary,Budapest,47.4979,19.0402,Budapesti Kozponti Szennyviztisztito Telep,78
1014093_1,Budapest,Lactococcus_A,0.000184899,2020-08-03 00:00:00,DTU_2022_1014093_1_MG_HU_BU_3_200803_GSL_242,Hungary,Budapest,47.4979,19.0402,Budapesti Kozponti Szennyviztisztito Telep,78
1014093_1,Budapest,Lenti-01,0.009616142,2020-08-03 00:00:00,DTU_2022_1014093_1_MG_HU_BU_3_200803_GSL_242,Hungary,Budapest,47.4979,19.0402,Budapesti Kozponti Szennyviztisztito Telep,78
1014093_1,Budapest,Microthrix,2.90376e-05,2020-08-03 00:00:00,DTU_2022_1014093_1_MG_HU_BU_3_200803_GSL_242,Hungary,Budapest,47.4979,19.0402,Budapesti Kozponti Szennyviztisztito Telep,78
1014093_1,Budapest,Moraxella_A,0.003879633,2020-08-03 00:00:00,DTU_2022_1014093_1_MG_HU_BU_3_200803_GSL_242,Hungary,Budapest,47.4979,19.0402,Budapesti Kozponti Szennyviztisztito Telep,78
1014093_1,Budapest,Neisseria,0.021043235,2020-08-03 00:00:00,DTU_2022_1014093_1_MG_HU_BU_3_200803_GSL_242,Hungary,Budapest,47.4979,19.0402,Budapesti Kozponti Szennyviztisztito Telep,78
1014093_1,Budapest,Novosphingobium,0.001340817,2020-08-03 00:00:00,DTU_2022_1014093_1_MG_HU_BU_3_200803_GSL_242,Hungary,Budapest,47.4979,19.0402,Budapesti Kozponti Szennyviztisztito Telep,78
1014093_1,Budapest,Ottowia,0.064205509,2020-08-03 00:00:00,DTU_2022_1014093_1_MG_HU_BU_3_200803_GSL_242,Hungary,Budapest,47.4979,19.0402,Budapesti Kozponti Szennyviztisztito Telep,78
1014093_1,Budapest,Paracoccus,0.002194427,2020-08-03 00:00:00,DTU_2022_1014093_1_MG_HU_BU_3_200803_GSL_242,Hungary,Budapest,47.4979,19.0402,Budapesti Kozponti Szennyviztisztito Telep,78
1014093_1,Budapest,Phocaeicola,0.004360887,2020-08-03 00:00:00,DTU_2022_1014093_1_MG_HU_BU_3_200803_GSL_242,Hungary,Budapest,47.4979,19.0402,Budapesti Kozponti Szennyviztisztito Telep,78
1014093_1,Budapest,Prevotella,0.001679273,2020-08-03 00:00:00,DTU_2022_1014093_1_MG_HU_BU_3_200803_GSL_242,Hungary,Budapest,47.4979,19.0402,Budapesti Kozponti Szennyviztisztito Telep,78
1014093_1,Budapest,Propionivibrio,0.031775354,2020-08-03 00:00:00,DTU_2022_1014093_1_MG_HU_BU_3_200803_GSL_242,Hungary,Budapest,47.4979,19.0402,Budapesti Kozponti Szennyviztisztito Telep,78
1014093_1,Budapest,Pseudomonas_E,0.168961776,2020-08-03 00:00:00,DTU_2022_1014093_1_MG_HU_BU_3_200803_GSL_242,Hungary,Budapest,47.4979,19.0402,Budapesti Kozponti Szennyviztisztito Telep,78
1014093_1,Budapest,Pseudoxanthomonas,0.01307143,2020-08-03 00:00:00,DTU_2022_1014093_1_MG_HU_BU_3_200803_GSL_242,Hungary,Budapest,47.4979,19.0402,Budapesti Kozponti Szennyviztisztito Telep,78
1014093_1,Budapest,Pseudoxanthomonas_A,0.007390347,2020-08-03 00:00:00,DTU_2022_1014093_1_MG_HU_BU_3_200803_GSL_242,Hungary,Budapest,47.4979,19.0402,Budapesti Kozponti Szennyviztisztito Telep,78
1014093_1,Budapest,Psychrobacter,0.000620933,2020-08-03 00:00:00,DTU_2022_1014093_1_MG_HU_BU_3_200803_GSL_242,Hungary,Budapest,47.4979,19.0402,Budapesti Kozponti Szennyviztisztito Telep,78
1014093_1,Budapest,Rubrivivax,0.000241452,2020-08-03 00:00:00,DTU_2022_1014093_1_MG_HU_BU_3_200803_GSL_242,Hungary,Budapest,47.4979,19.0402,Budapesti Kozponti Szennyviztisztito Telep,78
1014093_1,Budapest,Streptococcus,0.015009526,2020-08-03 00:00:00,DTU_2022_1014093_1_MG_HU_BU_3_200803_GSL_242,Hungary,Budapest,47.4979,19.0402,Budapesti Kozponti Szennyviztisztito Telep,78
1014093_1,Budapest,Telluria,0.000589315,2020-08-03 00:00:00,DTU_2022_1014093_1_MG_HU_BU_3_200803_GSL_242,Hungary,Budapest,47.4979,19.0402,Budapesti Kozponti Szennyviztisztito Telep,78
1014093_1,Budapest,Thauera,0.020091842,2020-08-03 00:00:00,DTU_2022_1014093_1_MG_HU_BU_3_200803_GSL_242,Hungary,Budapest,47.4979,19.0402,Budapesti Kozponti Szennyviztisztito Telep,78
1014093_1,Budapest,Thermomonas,0.009279642,2020-08-03 00:00:00,DTU_2022_1014093_1_MG_HU_BU_3_200803_GSL_242,Hungary,Budapest,47.4979,19.0402,Budapesti Kozponti Szennyviztisztito Telep,78
1014093_1,Budapest,Thiothrix,0.000899201,2020-08-03 00:00:00,DTU_2022_1014093_1_MG_HU_BU_3_200803_GSL_242,Hungary,Budapest,47.4979,19.0402,Budapesti Kozponti Szennyviztisztito Telep,78
1014093_1,Budapest,Tolumonas,0.001225239,2020-08-03 00:00:00,DTU_2022_1014093_1_MG_HU_BU_3_200803_GSL_242,Hungary,Budapest,47.4979,19.0402,Budapesti Kozponti Szennyviztisztito Telep,78
1014093_1,Budapest,Trichococcus,0.010018413,2020-08-03 00:00:00,DTU_2022_1014093_1_MG_HU_BU_3_200803_GSL_242,Hungary,Budapest,47.4979,19.0402,Budapesti Kozponti Szennyviztisztito Telep,78
1014093_1,Budapest,UBA1413,1.63389e-06,2020-08-03 00:00:00,DTU_2022_1014093_1_MG_HU_BU_3_200803_GSL_242,Hungary,Budapest,47.4979,19.0402,Budapesti Kozponti Szennyviztisztito Telep,78
1014093_1,Budapest,merged,0.402387962,2020-08-03 00:00:00,DTU_2022_1014093_1_MG_HU_BU_3_200803_GSL_242,Hungary,Budapest,47.4979,19.0402,Budapesti Kozponti Szennyviztisztito Telep,78
1014095_1,Budapest,Acidovorax,0.032367251,2020-08-17 00:00:00,DTU_2022_1014095_1_MG_HU_BU_3_200817_GSL_262,Hungary,Budapest,47.4979,19.0402,Budapesti Kozponti Szennyviztisztito Telep,80
1014095_1,Budapest,Acinetobacter,0.010741576,2020-08-17 00:00:00,DTU_2022_1014095_1_MG_HU_BU_3_200817_GSL_262,Hungary,Budapest,47.4979,19.0402,Budapesti Kozponti Szennyviztisztito Telep,80
1014095_1,Budapest,Aeromonas,0.00078757,2020-08-17 00:00:00,DTU_2022_1014095_1_MG_HU_BU_3_200817_GSL_262,Hungary,Budapest,47.4979,19.0402,Budapesti Kozponti Szennyviztisztito Telep,80
1014095_1,Budapest,Aliarcobacter,0.001503182,2020-08-17 00:00:00,DTU_2022_1014095_1_MG_HU_BU_3_200817_GSL_262,Hungary,Budapest,47.4979,19.0402,Budapesti Kozponti Szennyviztisztito Telep,80
1014095_1,Budapest,Aquabacterium_A,0.000131712,2020-08-17 00:00:00,DTU_2022_1014095_1_MG_HU_BU_3_200817_GSL_262,Hungary,Budapest,47.4979,19.0402,Budapesti Kozponti Szennyviztisztito Telep,80
1014095_1,Budapest,Bacteroides,8.21136e-05,2020-08-17 00:00:00,DTU_2022_1014095_1_MG_HU_BU_3_200817_GSL_262,Hungary,Budapest,47.4979,19.0402,Budapesti Kozponti Szennyviztisztito Telep,80
1014095_1,Budapest,Brachymonas,0.006641569,2020-08-17 00:00:00,DTU_2022_1014095_1_MG_HU_BU_3_200817_GSL_262,Hungary,Budapest,47.4979,19.0402,Budapesti Kozponti Szennyviztisztito Telep,80
1014095_1,Budapest,Brevefilum,9.8359e-06,2020-08-17 00:00:00,DTU_2022_1014095_1_MG_HU_BU_3_200817_GSL_262,Hungary,Budapest,47.4979,19.0402,Budapesti Kozponti Szennyviztisztito Telep,80
1014095_1,Budapest,Brevundimonas,0.00068114,2020-08-17 00:00:00,DTU_2022_1014095_1_MG_HU_BU_3_200817_GSL_262,Hungary,Budapest,47.4979,19.0402,Budapesti Kozponti Szennyviztisztito Telep,80
1014095_1,Budapest,Cloacibacterium,0.00283966,2020-08-17 00:00:00,DTU_2022_1014095_1_MG_HU_BU_3_200817_GSL_262,Hungary,Budapest,47.4979,19.0402,Budapesti Kozponti Szennyviztisztito Telep,80
1014095_1,Budapest,Comamonas,0.00806012,2020-08-17 00:00:00,DTU_2022_1014095_1_MG_HU_BU_3_200817_GSL_262,Hungary,Budapest,47.4979,19.0402,Budapesti Kozponti Szennyviztisztito Telep,80
1014095_1,Budapest,Competibacter_A,0.000131665,2020-08-17 00:00:00,DTU_2022_1014095_1_MG_HU_BU_3_200817_GSL_262,Hungary,Budapest,47.4979,19.0402,Budapesti Kozponti Szennyviztisztito Telep,80
1014095_1,Budapest,Enterobacter,0.000537399,2020-08-17 00:00:00,DTU_2022_1014095_1_MG_HU_BU_3_200817_GSL_262,Hungary,Budapest,47.4979,19.0402,Budapesti Kozponti Szennyviztisztito Telep,80
1014095_1,Budapest,Fermentibacter,2.8117e-06,2020-08-17 00:00:00,DTU_2022_1014095_1_MG_HU_BU_3_200817_GSL_262,Hungary,Budapest,47.4979,19.0402,Budapesti Kozponti Szennyviztisztito Telep,80
1014095_1,Budapest,Flavobacterium,0.000888232,2020-08-17 00:00:00,DTU_2022_1014095_1_MG_HU_BU_3_200817_GSL_262,Hungary,Budapest,47.4979,19.0402,Budapesti Kozponti Szennyviztisztito Telep,80
1014095_1,Budapest,Giesbergeria,0.004351965,2020-08-17 00:00:00,DTU_2022_1014095_1_MG_HU_BU_3_200817_GSL_262,Hungary,Budapest,47.4979,19.0402,Budapesti Kozponti Szennyviztisztito Telep,80
1014095_1,Budapest,Hydrogenophaga,0.000420447,2020-08-17 00:00:00,DTU_2022_1014095_1_MG_HU_BU_3_200817_GSL_262,Hungary,Budapest,47.4979,19.0402,Budapesti Kozponti Szennyviztisztito Telep,80
1014095_1,Budapest,JAGOYM01,0.000226422,2020-08-17 00:00:00,DTU_2022_1014095_1_MG_HU_BU_3_200817_GSL_262,Hungary,Budapest,47.4979,19.0402,Budapesti Kozponti Szennyviztisztito Telep,80
1014095_1,Budapest,Janthinobacterium,0.002385895,2020-08-17 00:00:00,DTU_2022_1014095_1_MG_HU_BU_3_200817_GSL_262,Hungary,Budapest,47.4979,19.0402,Budapesti Kozponti Szennyviztisztito Telep,80
1014095_1,Budapest,Kaistella,0.00047074,2020-08-17 00:00:00,DTU_2022_1014095_1_MG_HU_BU_3_200817_GSL_262,Hungary,Budapest,47.4979,19.0402,Budapesti Kozponti Szennyviztisztito Telep,80
1014095_1,Budapest,Lactococcus_A,3.48175e-05,2020-08-17 00:00:00,DTU_2022_1014095_1_MG_HU_BU_3_200817_GSL_262,Hungary,Budapest,47.4979,19.0402,Budapesti Kozponti Szennyviztisztito Telep,80
1014095_1,Budapest,Lenti-01,0.002359487,2020-08-17 00:00:00,DTU_2022_1014095_1_MG_HU_BU_3_200817_GSL_262,Hungary,Budapest,47.4979,19.0402,Budapesti Kozponti Szennyviztisztito Telep,80
1014095_1,Budapest,Microthrix,1.08277e-05,2020-08-17 00:00:00,DTU_2022_1014095_1_MG_HU_BU_3_200817_GSL_262,Hungary,Budapest,47.4979,19.0402,Budapesti Kozponti Szennyviztisztito Telep,80
1014095_1,Budapest,Moraxella_A,0.000531471,2020-08-17 00:00:00,DTU_2022_1014095_1_MG_HU_BU_3_200817_GSL_262,Hungary,Budapest,47.4979,19.0402,Budapesti Kozponti Szennyviztisztito Telep,80
1014095_1,Budapest,Neisseria,0.017499456,2020-08-17 00:00:00,DTU_2022_1014095_1_MG_HU_BU_3_200817_GSL_262,Hungary,Budapest,47.4979,19.0402,Budapesti Kozponti Szennyviztisztito Telep,80
1014095_1,Budapest,Novosphingobium,0.000538913,2020-08-17 00:00:00,DTU_2022_1014095_1_MG_HU_BU_3_200817_GSL_262,Hungary,Budapest,47.4979,19.0402,Budapesti Kozponti Szennyviztisztito Telep,80
1014095_1,Budapest,Ottowia,0.011831323,2020-08-17 00:00:00,DTU_2022_1014095_1_MG_HU_BU_3_200817_GSL_262,Hungary,Budapest,47.4979,19.0402,Budapesti Kozponti Szennyviztisztito Telep,80
1014095_1,Budapest,Paracoccus,0.001062357,2020-08-17 00:00:00,DTU_2022_1014095_1_MG_HU_BU_3_200817_GSL_262,Hungary,Budapest,47.4979,19.0402,Budapesti Kozponti Szennyviztisztito Telep,80
1014095_1,Budapest,Phocaeicola,0.000136214,2020-08-17 00:00:00,DTU_2022_1014095_1_MG_HU_BU_3_200817_GSL_262,Hungary,Budapest,47.4979,19.0402,Budapesti Kozponti Szennyviztisztito Telep,80
1014095_1,Budapest,Prevotella,0.000299403,2020-08-17 00:00:00,DTU_2022_1014095_1_MG_HU_BU_3_200817_GSL_262,Hungary,Budapest,47.4979,19.0402,Budapesti Kozponti Szennyviztisztito Telep,80
1014095_1,Budapest,Propionivibrio,0.007762017,2020-08-17 00:00:00,DTU_2022_1014095_1_MG_HU_BU_3_200817_GSL_262,Hungary,Budapest,47.4979,19.0402,Budapesti Kozponti Szennyviztisztito Telep,80
1014095_1,Budapest,Pseudomonas_E,0.730372713,2020-08-17 00:00:00,DTU_2022_1014095_1_MG_HU_BU_3_200817_GSL_262,Hungary,Budapest,47.4979,19.0402,Budapesti Kozponti Szennyviztisztito Telep,80
1014095_1,Budapest,Pseudoxanthomonas,0.003935687,2020-08-17 00:00:00,DTU_2022_1014095_1_MG_HU_BU_3_200817_GSL_262,Hungary,Budapest,47.4979,19.0402,Budapesti Kozponti Szennyviztisztito Telep,80
1014095_1,Budapest,Pseudoxanthomonas_A,0.007622305,2020-08-17 00:00:00,DTU_2022_1014095_1_MG_HU_BU_3_200817_GSL_262,Hungary,Budapest,47.4979,19.0402,Budapesti Kozponti Szennyviztisztito Telep,80
1014095_1,Budapest,Psychrobacter,0.004307357,2020-08-17 00:00:00,DTU_2022_1014095_1_MG_HU_BU_3_200817_GSL_262,Hungary,Budapest,47.4979,19.0402,Budapesti Kozponti Szennyviztisztito Telep,80
1014095_1,Budapest,Rubrivivax,0.000108127,2020-08-17 00:00:00,DTU_2022_1014095_1_MG_HU_BU_3_200817_GSL_262,Hungary,Budapest,47.4979,19.0402,Budapesti Kozponti Szennyviztisztito Telep,80
1014095_1,Budapest,Streptococcus,0.001583498,2020-08-17 00:00:00,DTU_2022_1014095_1_MG_HU_BU_3_200817_GSL_262,Hungary,Budapest,47.4979,19.0402,Budapesti Kozponti Szennyviztisztito Telep,80
1014095_1,Budapest,Telluria,0.002078001,2020-08-17 00:00:00,DTU_2022_1014095_1_MG_HU_BU_3_200817_GSL_262,Hungary,Budapest,47.4979,19.0402,Budapesti Kozponti Szennyviztisztito Telep,80
1014095_1,Budapest,Thauera,0.004941549,2020-08-17 00:00:00,DTU_2022_1014095_1_MG_HU_BU_3_200817_GSL_262,Hungary,Budapest,47.4979,19.0402,Budapesti Kozponti Szennyviztisztito Telep,80
1014095_1,Budapest,Thermomonas,0.00559499,2020-08-17 00:00:00,DTU_2022_1014095_1_MG_HU_BU_3_200817_GSL_262,Hungary,Budapest,47.4979,19.0402,Budapesti Kozponti Szennyviztisztito Telep,80
1014095_1,Budapest,Thiothrix,0.000392136,2020-08-17 00:00:00,DTU_2022_1014095_1_MG_HU_BU_3_200817_GSL_262,Hungary,Budapest,47.4979,19.0402,Budapesti Kozponti Szennyviztisztito Telep,80
1014095_1,Budapest,Tolumonas,0.000136573,2020-08-17 00:00:00,DTU_2022_1014095_1_MG_HU_BU_3_200817_GSL_262,Hungary,Budapest,47.4979,19.0402,Budapesti Kozponti Szennyviztisztito Telep,80
1014095_1,Budapest,Trichococcus,0.001830558,2020-08-17 00:00:00,DTU_2022_1014095_1_MG_HU_BU_3_200817_GSL_262,Hungary,Budapest,47.4979,19.0402,Budapesti Kozponti Szennyviztisztito Telep,80
1014095_1,Budapest,UBA1413,2.42979e-06,2020-08-17 00:00:00,DTU_2022_1014095_1_MG_HU_BU_3_200817_GSL_262,Hungary,Budapest,47.4979,19.0402,Budapesti Kozponti Szennyviztisztito Telep,80
1014095_1,Budapest,merged,0.121766484,2020-08-17 00:00:00,DTU_2022_1014095_1_MG_HU_BU_3_200817_GSL_262,Hungary,Budapest,47.4979,19.0402,Budapesti Kozponti Szennyviztisztito Telep,80
1014098_1,Budapest,Acidovorax,0.015662156,2020-09-07 00:00:00,DTU_2022_1014098_1_MG_HU_BU_3_200907_GSL_274,Hungary,Budapest,47.4979,19.0402,Budapesti Kozponti Szennyviztisztito Telep,83
1014098_1,Budapest,Acinetobacter,0.009641882,2020-09-07 00:00:00,DTU_2022_1014098_1_MG_HU_BU_3_200907_GSL_274,Hungary,Budapest,47.4979,19.0402,Budapesti Kozponti Szennyviztisztito Telep,83
1014098_1,Budapest,Aeromonas,0.001084428,2020-09-07 00:00:00,DTU_2022_1014098_1_MG_HU_BU_3_200907_GSL_274,Hungary,Budapest,47.4979,19.0402,Budapesti Kozponti Szennyviztisztito Telep,83
1014098_1,Budapest,Aliarcobacter,0.002564137,2020-09-07 00:00:00,DTU_2022_1014098_1_MG_HU_BU_3_200907_GSL_274,Hungary,Budapest,47.4979,19.0402,Budapesti Kozponti Szennyviztisztito Telep,83
1014098_1,Budapest,Aquabacterium_A,5.23278e-05,2020-09-07 00:00:00,DTU_2022_1014098_1_MG_HU_BU_3_200907_GSL_274,Hungary,Budapest,47.4979,19.0402,Budapesti Kozponti Szennyviztisztito Telep,83
1014098_1,Budapest,Bacteroides,0.000183532,2020-09-07 00:00:00,DTU_2022_1014098_1_MG_HU_BU_3_200907_GSL_274,Hungary,Budapest,47.4979,19.0402,Budapesti Kozponti Szennyviztisztito Telep,83
1014098_1,Budapest,Brachymonas,0.014133484,2020-09-07 00:00:00,DTU_2022_1014098_1_MG_HU_BU_3_200907_GSL_274,Hungary,Budapest,47.4979,19.0402,Budapesti Kozponti Szennyviztisztito Telep,83
1014098_1,Budapest,Brevefilum,1.7902e-06,2020-09-07 00:00:00,DTU_2022_1014098_1_MG_HU_BU_3_200907_GSL_274,Hungary,Budapest,47.4979,19.0402,Budapesti Kozponti Szennyviztisztito Telep,83
1014098_1,Budapest,Brevundimonas,0.000859641,2020-09-07 00:00:00,DTU_2022_1014098_1_MG_HU_BU_3_200907_GSL_274,Hungary,Budapest,47.4979,19.0402,Budapesti Kozponti Szennyviztisztito Telep,83
1014098_1,Budapest,Cloacibacterium,0.002529222,2020-09-07 00:00:00,DTU_2022_1014098_1_MG_HU_BU_3_200907_GSL_274,Hungary,Budapest,47.4979,19.0402,Budapesti Kozponti Szennyviztisztito Telep,83
1014098_1,Budapest,Comamonas,0.004141093,2020-09-07 00:00:00,DTU_2022_1014098_1_MG_HU_BU_3_200907_GSL_274,Hungary,Budapest,47.4979,19.0402,Budapesti Kozponti Szennyviztisztito Telep,83
1014098_1,Budapest,Competibacter_A,0.000357954,2020-09-07 00:00:00,DTU_2022_1014098_1_MG_HU_BU_3_200907_GSL_274,Hungary,Budapest,47.4979,19.0402,Budapesti Kozponti Szennyviztisztito Telep,83
1014098_1,Budapest,Enterobacter,0.0005083,2020-09-07 00:00:00,DTU_2022_1014098_1_MG_HU_BU_3_200907_GSL_274,Hungary,Budapest,47.4979,19.0402,Budapesti Kozponti Szennyviztisztito Telep,83
1014098_1,Budapest,Fermentibacter,2.07333e-06,2020-09-07 00:00:00,DTU_2022_1014098_1_MG_HU_BU_3_200907_GSL_274,Hungary,Budapest,47.4979,19.0402,Budapesti Kozponti Szennyviztisztito Telep,83
1014098_1,Budapest,Flavobacterium,0.000636381,2020-09-07 00:00:00,DTU_2022_1014098_1_MG_HU_BU_3_200907_GSL_274,Hungary,Budapest,47.4979,19.0402,Budapesti Kozponti Szennyviztisztito Telep,83
1014098_1,Budapest,Giesbergeria,0.001067025,2020-09-07 00:00:00,DTU_2022_1014098_1_MG_HU_BU_3_200907_GSL_274,Hungary,Budapest,47.4979,19.0402,Budapesti Kozponti Szennyviztisztito Telep,83
1014098_1,Budapest,Hydrogenophaga,9.50669e-05,2020-09-07 00:00:00,DTU_2022_1014098_1_MG_HU_BU_3_200907_GSL_274,Hungary,Budapest,47.4979,19.0402,Budapesti Kozponti Szennyviztisztito Telep,83
1014098_1,Budapest,JAGOYM01,0.000941939,2020-09-07 00:00:00,DTU_2022_1014098_1_MG_HU_BU_3_200907_GSL_274,Hungary,Budapest,47.4979,19.0402,Budapesti Kozponti Szennyviztisztito Telep,83
1014098_1,Budapest,Janthinobacterium,0.000624601,2020-09-07 00:00:00,DTU_2022_1014098_1_MG_HU_BU_3_200907_GSL_274,Hungary,Budapest,47.4979,19.0402,Budapesti Kozponti Szennyviztisztito Telep,83
1014098_1,Budapest,Kaistella,0.000555212,2020-09-07 00:00:00,DTU_2022_1014098_1_MG_HU_BU_3_200907_GSL_274,Hungary,Budapest,47.4979,19.0402,Budapesti Kozponti Szennyviztisztito Telep,83
1014098_1,Budapest,Lactococcus_A,3.64303e-05,2020-09-07 00:00:00,DTU_2022_1014098_1_MG_HU_BU_3_200907_GSL_274,Hungary,Budapest,47.4979,19.0402,Budapesti Kozponti Szennyviztisztito Telep,83
1014098_1,Budapest,Lenti-01,0.00191362,2020-09-07 00:00:00,DTU_2022_1014098_1_MG_HU_BU_3_200907_GSL_274,Hungary,Budapest,47.4979,19.0402,Budapesti Kozponti Szennyviztisztito Telep,83
1014098_1,Budapest,Microthrix,5.06433e-06,2020-09-07 00:00:00,DTU_2022_1014098_1_MG_HU_BU_3_200907_GSL_274,Hungary,Budapest,47.4979,19.0402,Budapesti Kozponti Szennyviztisztito Telep,83
1014098_1,Budapest,Moraxella_A,0.000356574,2020-09-07 00:00:00,DTU_2022_1014098_1_MG_HU_BU_3_200907_GSL_274,Hungary,Budapest,47.4979,19.0402,Budapesti Kozponti Szennyviztisztito Telep,83
1014098_1,Budapest,Neisseria,0.009711455,2020-09-07 00:00:00,DTU_2022_1014098_1_MG_HU_BU_3_200907_GSL_274,Hungary,Budapest,47.4979,19.0402,Budapesti Kozponti Szennyviztisztito Telep,83
1014098_1,Budapest,Novosphingobium,0.000428387,2020-09-07 00:00:00,DTU_2022_1014098_1_MG_HU_BU_3_200907_GSL_274,Hungary,Budapest,47.4979,19.0402,Budapesti Kozponti Szennyviztisztito Telep,83
1014098_1,Budapest,Ottowia,0.009884237,2020-09-07 00:00:00,DTU_2022_1014098_1_MG_HU_BU_3_200907_GSL_274,Hungary,Budapest,47.4979,19.0402,Budapesti Kozponti Szennyviztisztito Telep,83
1014098_1,Budapest,Paracoccus,0.001128262,2020-09-07 00:00:00,DTU_2022_1014098_1_MG_HU_BU_3_200907_GSL_274,Hungary,Budapest,47.4979,19.0402,Budapesti Kozponti Szennyviztisztito Telep,83
1014098_1,Budapest,Phocaeicola,0.000513516,2020-09-07 00:00:00,DTU_2022_1014098_1_MG_HU_BU_3_200907_GSL_274,Hungary,Budapest,47.4979,19.0402,Budapesti Kozponti Szennyviztisztito Telep,83
1014098_1,Budapest,Prevotella,0.000267422,2020-09-07 00:00:00,DTU_2022_1014098_1_MG_HU_BU_3_200907_GSL_274,Hungary,Budapest,47.4979,19.0402,Budapesti Kozponti Szennyviztisztito Telep,83
1014098_1,Budapest,Propionivibrio,0.007690424,2020-09-07 00:00:00,DTU_2022_1014098_1_MG_HU_BU_3_200907_GSL_274,Hungary,Budapest,47.4979,19.0402,Budapesti Kozponti Szennyviztisztito Telep,83
1014098_1,Budapest,Pseudomonas_E,0.774807017,2020-09-07 00:00:00,DTU_2022_1014098_1_MG_HU_BU_3_200907_GSL_274,Hungary,Budapest,47.4979,19.0402,Budapesti Kozponti Szennyviztisztito Telep,83
1014098_1,Budapest,Pseudoxanthomonas,0.003752701,2020-09-07 00:00:00,DTU_2022_1014098_1_MG_HU_BU_3_200907_GSL_274,Hungary,Budapest,47.4979,19.0402,Budapesti Kozponti Szennyviztisztito Telep,83
1014098_1,Budapest,Pseudoxanthomonas_A,0.005557893,2020-09-07 00:00:00,DTU_2022_1014098_1_MG_HU_BU_3_200907_GSL_274,Hungary,Budapest,47.4979,19.0402,Budapesti Kozponti Szennyviztisztito Telep,83
1014098_1,Budapest,Psychrobacter,0.000125972,2020-09-07 00:00:00,DTU_2022_1014098_1_MG_HU_BU_3_200907_GSL_274,Hungary,Budapest,47.4979,19.0402,Budapesti Kozponti Szennyviztisztito Telep,83
1014098_1,Budapest,Rubrivivax,7.0633e-05,2020-09-07 00:00:00,DTU_2022_1014098_1_MG_HU_BU_3_200907_GSL_274,Hungary,Budapest,47.4979,19.0402,Budapesti Kozponti Szennyviztisztito Telep,83
1014098_1,Budapest,Streptococcus,0.003405863,2020-09-07 00:00:00,DTU_2022_1014098_1_MG_HU_BU_3_200907_GSL_274,Hungary,Budapest,47.4979,19.0402,Budapesti Kozponti Szennyviztisztito Telep,83
1014098_1,Budapest,Telluria,0.000441732,2020-09-07 00:00:00,DTU_2022_1014098_1_MG_HU_BU_3_200907_GSL_274,Hungary,Budapest,47.4979,19.0402,Budapesti Kozponti Szennyviztisztito Telep,83
1014098_1,Budapest,Thauera,0.003890841,2020-09-07 00:00:00,DTU_2022_1014098_1_MG_HU_BU_3_200907_GSL_274,Hungary,Budapest,47.4979,19.0402,Budapesti Kozponti Szennyviztisztito Telep,83
1014098_1,Budapest,Thermomonas,0.003524823,2020-09-07 00:00:00,DTU_2022_1014098_1_MG_HU_BU_3_200907_GSL_274,Hungary,Budapest,47.4979,19.0402,Budapesti Kozponti Szennyviztisztito Telep,83
1014098_1,Budapest,Thiothrix,8.17307e-05,2020-09-07 00:00:00,DTU_2022_1014098_1_MG_HU_BU_3_200907_GSL_274,Hungary,Budapest,47.4979,19.0402,Budapesti Kozponti Szennyviztisztito Telep,83
1014098_1,Budapest,Tolumonas,0.000392171,2020-09-07 00:00:00,DTU_2022_1014098_1_MG_HU_BU_3_200907_GSL_274,Hungary,Budapest,47.4979,19.0402,Budapesti Kozponti Szennyviztisztito Telep,83
1014098_1,Budapest,Trichococcus,0.003151928,2020-09-07 00:00:00,DTU_2022_1014098_1_MG_HU_BU_3_200907_GSL_274,Hungary,Budapest,47.4979,19.0402,Budapesti Kozponti Szennyviztisztito Telep,83
1014098_1,Budapest,UBA1413,1.98912e-07,2020-09-07 00:00:00,DTU_2022_1014098_1_MG_HU_BU_3_200907_GSL_274,Hungary,Budapest,47.4979,19.0402,Budapesti Kozponti Szennyviztisztito Telep,83
1014098_1,Budapest,merged,0.113218859,2020-09-07 00:00:00,DTU_2022_1014098_1_MG_HU_BU_3_200907_GSL_274,Hungary,Budapest,47.4979,19.0402,Budapesti Kozponti Szennyviztisztito Telep,83
1014099_1,Budapest,Acidovorax,0.020519051,2020-09-15 00:00:00,DTU_2022_1014099_1_MG_HU_BU_3_200915_GSL_326,Hungary,Budapest,47.4979,19.0402,Budapesti Kozponti Szennyviztisztito Telep,84
1014099_1,Budapest,Acinetobacter,0.005654566,2020-09-15 00:00:00,DTU_2022_1014099_1_MG_HU_BU_3_200915_GSL_326,Hungary,Budapest,47.4979,19.0402,Budapesti Kozponti Szennyviztisztito Telep,84
1014099_1,Budapest,Aeromonas,0.001408871,2020-09-15 00:00:00,DTU_2022_1014099_1_MG_HU_BU_3_200915_GSL_326,Hungary,Budapest,47.4979,19.0402,Budapesti Kozponti Szennyviztisztito Telep,84
1014099_1,Budapest,Aliarcobacter,0.004661676,2020-09-15 00:00:00,DTU_2022_1014099_1_MG_HU_BU_3_200915_GSL_326,Hungary,Budapest,47.4979,19.0402,Budapesti Kozponti Szennyviztisztito Telep,84
1014099_1,Budapest,Aquabacterium_A,7.07803e-05,2020-09-15 00:00:00,DTU_2022_1014099_1_MG_HU_BU_3_200915_GSL_326,Hungary,Budapest,47.4979,19.0402,Budapesti Kozponti Szennyviztisztito Telep,84
1014099_1,Budapest,Bacteroides,0.000150853,2020-09-15 00:00:00,DTU_2022_1014099_1_MG_HU_BU_3_200915_GSL_326,Hungary,Budapest,47.4979,19.0402,Budapesti Kozponti Szennyviztisztito Telep,84
1014099_1,Budapest,Brachymonas,0.00679658,2020-09-15 00:00:00,DTU_2022_1014099_1_MG_HU_BU_3_200915_GSL_326,Hungary,Budapest,47.4979,19.0402,Budapesti Kozponti Szennyviztisztito Telep,84
1014099_1,Budapest,Brevefilum,6.79992e-07,2020-09-15 00:00:00,DTU_2022_1014099_1_MG_HU_BU_3_200915_GSL_326,Hungary,Budapest,47.4979,19.0402,Budapesti Kozponti Szennyviztisztito Telep,84
1014099_1,Budapest,Brevundimonas,0.000367639,2020-09-15 00:00:00,DTU_2022_1014099_1_MG_HU_BU_3_200915_GSL_326,Hungary,Budapest,47.4979,19.0402,Budapesti Kozponti Szennyviztisztito Telep,84
1014099_1,Budapest,Cloacibacterium,0.002013575,2020-09-15 00:00:00,DTU_2022_1014099_1_MG_HU_BU_3_200915_GSL_326,Hungary,Budapest,47.4979,19.0402,Budapesti Kozponti Szennyviztisztito Telep,84
1014099_1,Budapest,Comamonas,0.006281052,2020-09-15 00:00:00,DTU_2022_1014099_1_MG_HU_BU_3_200915_GSL_326,Hungary,Budapest,47.4979,19.0402,Budapesti Kozponti Szennyviztisztito Telep,84
1014099_1,Budapest,Competibacter_A,0.000243318,2020-09-15 00:00:00,DTU_2022_1014099_1_MG_HU_BU_3_200915_GSL_326,Hungary,Budapest,47.4979,19.0402,Budapesti Kozponti Szennyviztisztito Telep,84
1014099_1,Budapest,Enterobacter,0.000473024,2020-09-15 00:00:00,DTU_2022_1014099_1_MG_HU_BU_3_200915_GSL_326,Hungary,Budapest,47.4979,19.0402,Budapesti Kozponti Szennyviztisztito Telep,84
1014099_1,Budapest,Fermentibacter,1.3576e-06,2020-09-15 00:00:00,DTU_2022_1014099_1_MG_HU_BU_3_200915_GSL_326,Hungary,Budapest,47.4979,19.0402,Budapesti Kozponti Szennyviztisztito Telep,84
1014099_1,Budapest,Flavobacterium,0.000532604,2020-09-15 00:00:00,DTU_2022_1014099_1_MG_HU_BU_3_200915_GSL_326,Hungary,Budapest,47.4979,19.0402,Budapesti Kozponti Szennyviztisztito Telep,84
1014099_1,Budapest,Giesbergeria,0.003215249,2020-09-15 00:00:00,DTU_2022_1014099_1_MG_HU_BU_3_200915_GSL_326,Hungary,Budapest,47.4979,19.0402,Budapesti Kozponti Szennyviztisztito Telep,84
1014099_1,Budapest,Hydrogenophaga,0.000169073,2020-09-15 00:00:00,DTU_2022_1014099_1_MG_HU_BU_3_200915_GSL_326,Hungary,Budapest,47.4979,19.0402,Budapesti Kozponti Szennyviztisztito Telep,84
1014099_1,Budapest,JAGOYM01,0.001800731,2020-09-15 00:00:00,DTU_2022_1014099_1_MG_HU_BU_3_200915_GSL_326,Hungary,Budapest,47.4979,19.0402,Budapesti Kozponti Szennyviztisztito Telep,84
1014099_1,Budapest,Janthinobacterium,0.000742472,2020-09-15 00:00:00,DTU_2022_1014099_1_MG_HU_BU_3_200915_GSL_326,Hungary,Budapest,47.4979,19.0402,Budapesti Kozponti Szennyviztisztito Telep,84
1014099_1,Budapest,Kaistella,0.000304133,2020-09-15 00:00:00,DTU_2022_1014099_1_MG_HU_BU_3_200915_GSL_326,Hungary,Budapest,47.4979,19.0402,Budapesti Kozponti Szennyviztisztito Telep,84
1014099_1,Budapest,Lactococcus_A,2.19381e-05,2020-09-15 00:00:00,DTU_2022_1014099_1_MG_HU_BU_3_200915_GSL_326,Hungary,Budapest,47.4979,19.0402,Budapesti Kozponti Szennyviztisztito Telep,84
1014099_1,Budapest,Lenti-01,0.001516165,2020-09-15 00:00:00,DTU_2022_1014099_1_MG_HU_BU_3_200915_GSL_326,Hungary,Budapest,47.4979,19.0402,Budapesti Kozponti Szennyviztisztito Telep,84
1014099_1,Budapest,Microthrix,5.9922e-06,2020-09-15 00:00:00,DTU_2022_1014099_1_MG_HU_BU_3_200915_GSL_326,Hungary,Budapest,47.4979,19.0402,Budapesti Kozponti Szennyviztisztito Telep,84
1014099_1,Budapest,Moraxella_A,0.000382922,2020-09-15 00:00:00,DTU_2022_1014099_1_MG_HU_BU_3_200915_GSL_326,Hungary,Budapest,47.4979,19.0402,Budapesti Kozponti Szennyviztisztito Telep,84
1014099_1,Budapest,Neisseria,0.008441931,2020-09-15 00:00:00,DTU_2022_1014099_1_MG_HU_BU_3_200915_GSL_326,Hungary,Budapest,47.4979,19.0402,Budapesti Kozponti Szennyviztisztito Telep,84
1014099_1,Budapest,Novosphingobium,0.000598923,2020-09-15 00:00:00,DTU_2022_1014099_1_MG_HU_BU_3_200915_GSL_326,Hungary,Budapest,47.4979,19.0402,Budapesti Kozponti Szennyviztisztito Telep,84
1014099_1,Budapest,Ottowia,0.01678895,2020-09-15 00:00:00,DTU_2022_1014099_1_MG_HU_BU_3_200915_GSL_326,Hungary,Budapest,47.4979,19.0402,Budapesti Kozponti Szennyviztisztito Telep,84
1014099_1,Budapest,Paracoccus,0.000690713,2020-09-15 00:00:00,DTU_2022_1014099_1_MG_HU_BU_3_200915_GSL_326,Hungary,Budapest,47.4979,19.0402,Budapesti Kozponti Szennyviztisztito Telep,84
1014099_1,Budapest,Phocaeicola,0.000213997,2020-09-15 00:00:00,DTU_2022_1014099_1_MG_HU_BU_3_200915_GSL_326,Hungary,Budapest,47.4979,19.0402,Budapesti Kozponti Szennyviztisztito Telep,84
1014099_1,Budapest,Prevotella,0.000225922,2020-09-15 00:00:00,DTU_2022_1014099_1_MG_HU_BU_3_200915_GSL_326,Hungary,Budapest,47.4979,19.0402,Budapesti Kozponti Szennyviztisztito Telep,84
1014099_1,Budapest,Propionivibrio,0.00948712,2020-09-15 00:00:00,DTU_2022_1014099_1_MG_HU_BU_3_200915_GSL_326,Hungary,Budapest,47.4979,19.0402,Budapesti Kozponti Szennyviztisztito Telep,84
1014099_1,Budapest,Pseudomonas_E,0.75165879,2020-09-15 00:00:00,DTU_2022_1014099_1_MG_HU_BU_3_200915_GSL_326,Hungary,Budapest,47.4979,19.0402,Budapesti Kozponti Szennyviztisztito Telep,84
1014099_1,Budapest,Pseudoxanthomonas,0.004405702,2020-09-15 00:00:00,DTU_2022_1014099_1_MG_HU_BU_3_200915_GSL_326,Hungary,Budapest,47.4979,19.0402,Budapesti Kozponti Szennyviztisztito Telep,84
1014099_1,Budapest,Pseudoxanthomonas_A,0.005336469,2020-09-15 00:00:00,DTU_2022_1014099_1_MG_HU_BU_3_200915_GSL_326,Hungary,Budapest,47.4979,19.0402,Budapesti Kozponti Szennyviztisztito Telep,84
1014099_1,Budapest,Psychrobacter,6.50159e-05,2020-09-15 00:00:00,DTU_2022_1014099_1_MG_HU_BU_3_200915_GSL_326,Hungary,Budapest,47.4979,19.0402,Budapesti Kozponti Szennyviztisztito Telep,84
1014099_1,Budapest,Rubrivivax,0.000145875,2020-09-15 00:00:00,DTU_2022_1014099_1_MG_HU_BU_3_200915_GSL_326,Hungary,Budapest,47.4979,19.0402,Budapesti Kozponti Szennyviztisztito Telep,84
1014099_1,Budapest,Streptococcus,0.001494591,2020-09-15 00:00:00,DTU_2022_1014099_1_MG_HU_BU_3_200915_GSL_326,Hungary,Budapest,47.4979,19.0402,Budapesti Kozponti Szennyviztisztito Telep,84
1014099_1,Budapest,Telluria,0.000435029,2020-09-15 00:00:00,DTU_2022_1014099_1_MG_HU_BU_3_200915_GSL_326,Hungary,Budapest,47.4979,19.0402,Budapesti Kozponti Szennyviztisztito Telep,84
1014099_1,Budapest,Thauera,0.004513457,2020-09-15 00:00:00,DTU_2022_1014099_1_MG_HU_BU_3_200915_GSL_326,Hungary,Budapest,47.4979,19.0402,Budapesti Kozponti Szennyviztisztito Telep,84
1014099_1,Budapest,Thermomonas,0.004477571,2020-09-15 00:00:00,DTU_2022_1014099_1_MG_HU_BU_3_200915_GSL_326,Hungary,Budapest,47.4979,19.0402,Budapesti Kozponti Szennyviztisztito Telep,84
1014099_1,Budapest,Thiothrix,0.000265712,2020-09-15 00:00:00,DTU_2022_1014099_1_MG_HU_BU_3_200915_GSL_326,Hungary,Budapest,47.4979,19.0402,Budapesti Kozponti Szennyviztisztito Telep,84
1014099_1,Budapest,Tolumonas,0.000522836,2020-09-15 00:00:00,DTU_2022_1014099_1_MG_HU_BU_3_200915_GSL_326,Hungary,Budapest,47.4979,19.0402,Budapesti Kozponti Szennyviztisztito Telep,84
1014099_1,Budapest,Trichococcus,0.000691747,2020-09-15 00:00:00,DTU_2022_1014099_1_MG_HU_BU_3_200915_GSL_326,Hungary,Budapest,47.4979,19.0402,Budapesti Kozponti Szennyviztisztito Telep,84
1014099_1,Budapest,UBA1413,4.7067e-06,2020-09-15 00:00:00,DTU_2022_1014099_1_MG_HU_BU_3_200915_GSL_326,Hungary,Budapest,47.4979,19.0402,Budapesti Kozponti Szennyviztisztito Telep,84
1014099_1,Budapest,merged,0.13220064,2020-09-15 00:00:00,DTU_2022_1014099_1_MG_HU_BU_3_200915_GSL_326,Hungary,Budapest,47.4979,19.0402,Budapesti Kozponti Szennyviztisztito Telep,84
1014103_1,Budapest,Acidovorax,0.09267191,2020-10-05 00:00:00,DTU_2022_1014103_1_MG_HU_BU_3_201005_GSL_338,Hungary,Budapest,47.4979,19.0402,Budapesti Kozponti Szennyviztisztito Telep,87
1014103_1,Budapest,Acinetobacter,0.031564913,2020-10-05 00:00:00,DTU_2022_1014103_1_MG_HU_BU_3_201005_GSL_338,Hungary,Budapest,47.4979,19.0402,Budapesti Kozponti Szennyviztisztito Telep,87
1014103_1,Budapest,Aeromonas,0.018047863,2020-10-05 00:00:00,DTU_2022_1014103_1_MG_HU_BU_3_201005_GSL_338,Hungary,Budapest,47.4979,19.0402,Budapesti Kozponti Szennyviztisztito Telep,87
1014103_1,Budapest,Aliarcobacter,0.037647545,2020-10-05 00:00:00,DTU_2022_1014103_1_MG_HU_BU_3_201005_GSL_338,Hungary,Budapest,47.4979,19.0402,Budapesti Kozponti Szennyviztisztito Telep,87
1014103_1,Budapest,Aquabacterium_A,0.003350903,2020-10-05 00:00:00,DTU_2022_1014103_1_MG_HU_BU_3_201005_GSL_338,Hungary,Budapest,47.4979,19.0402,Budapesti Kozponti Szennyviztisztito Telep,87
1014103_1,Budapest,Bacteroides,0.003537864,2020-10-05 00:00:00,DTU_2022_1014103_1_MG_HU_BU_3_201005_GSL_338,Hungary,Budapest,47.4979,19.0402,Budapesti Kozponti Szennyviztisztito Telep,87
1014103_1,Budapest,Brachymonas,0.014946938,2020-10-05 00:00:00,DTU_2022_1014103_1_MG_HU_BU_3_201005_GSL_338,Hungary,Budapest,47.4979,19.0402,Budapesti Kozponti Szennyviztisztito Telep,87
1014103_1,Budapest,Brevefilum,4.02009e-06,2020-10-05 00:00:00,DTU_2022_1014103_1_MG_HU_BU_3_201005_GSL_338,Hungary,Budapest,47.4979,19.0402,Budapesti Kozponti Szennyviztisztito Telep,87
1014103_1,Budapest,Brevundimonas,0.001120462,2020-10-05 00:00:00,DTU_2022_1014103_1_MG_HU_BU_3_201005_GSL_338,Hungary,Budapest,47.4979,19.0402,Budapesti Kozponti Szennyviztisztito Telep,87
1014103_1,Budapest,Cloacibacterium,0.017954932,2020-10-05 00:00:00,DTU_2022_1014103_1_MG_HU_BU_3_201005_GSL_338,Hungary,Budapest,47.4979,19.0402,Budapesti Kozponti Szennyviztisztito Telep,87
1014103_1,Budapest,Comamonas,0.049424405,2020-10-05 00:00:00,DTU_2022_1014103_1_MG_HU_BU_3_201005_GSL_338,Hungary,Budapest,47.4979,19.0402,Budapesti Kozponti Szennyviztisztito Telep,87
1014103_1,Budapest,Competibacter_A,0.000171952,2020-10-05 00:00:00,DTU_2022_1014103_1_MG_HU_BU_3_201005_GSL_338,Hungary,Budapest,47.4979,19.0402,Budapesti Kozponti Szennyviztisztito Telep,87
1014103_1,Budapest,Enterobacter,0.001632134,2020-10-05 00:00:00,DTU_2022_1014103_1_MG_HU_BU_3_201005_GSL_338,Hungary,Budapest,47.4979,19.0402,Budapesti Kozponti Szennyviztisztito Telep,87
1014103_1,Budapest,Fermentibacter,4.88325e-06,2020-10-05 00:00:00,DTU_2022_1014103_1_MG_HU_BU_3_201005_GSL_338,Hungary,Budapest,47.4979,19.0402,Budapesti Kozponti Szennyviztisztito Telep,87
1014103_1,Budapest,Flavobacterium,0.004421209,2020-10-05 00:00:00,DTU_2022_1014103_1_MG_HU_BU_3_201005_GSL_338,Hungary,Budapest,47.4979,19.0402,Budapesti Kozponti Szennyviztisztito Telep,87
1014103_1,Budapest,Giesbergeria,0.015724173,2020-10-05 00:00:00,DTU_2022_1014103_1_MG_HU_BU_3_201005_GSL_338,Hungary,Budapest,47.4979,19.0402,Budapesti Kozponti Szennyviztisztito Telep,87
1014103_1,Budapest,Hydrogenophaga,0.002651942,2020-10-05 00:00:00,DTU_2022_1014103_1_MG_HU_BU_3_201005_GSL_338,Hungary,Budapest,47.4979,19.0402,Budapesti Kozponti Szennyviztisztito Telep,87
1014103_1,Budapest,JAGOYM01,0.003314519,2020-10-05 00:00:00,DTU_2022_1014103_1_MG_HU_BU_3_201005_GSL_338,Hungary,Budapest,47.4979,19.0402,Budapesti Kozponti Szennyviztisztito Telep,87
1014103_1,Budapest,Janthinobacterium,0.001291597,2020-10-05 00:00:00,DTU_2022_1014103_1_MG_HU_BU_3_201005_GSL_338,Hungary,Budapest,47.4979,19.0402,Budapesti Kozponti Szennyviztisztito Telep,87
1014103_1,Budapest,Kaistella,0.003225071,2020-10-05 00:00:00,DTU_2022_1014103_1_MG_HU_BU_3_201005_GSL_338,Hungary,Budapest,47.4979,19.0402,Budapesti Kozponti Szennyviztisztito Telep,87
1014103_1,Budapest,Lactococcus_A,8.23393e-05,2020-10-05 00:00:00,DTU_2022_1014103_1_MG_HU_BU_3_201005_GSL_338,Hungary,Budapest,47.4979,19.0402,Budapesti Kozponti Szennyviztisztito Telep,87
1014103_1,Budapest,Lenti-01,0.002581509,2020-10-05 00:00:00,DTU_2022_1014103_1_MG_HU_BU_3_201005_GSL_338,Hungary,Budapest,47.4979,19.0402,Budapesti Kozponti Szennyviztisztito Telep,87
1014103_1,Budapest,Microthrix,1.99665e-05,2020-10-05 00:00:00,DTU_2022_1014103_1_MG_HU_BU_3_201005_GSL_338,Hungary,Budapest,47.4979,19.0402,Budapesti Kozponti Szennyviztisztito Telep,87
1014103_1,Budapest,Moraxella_A,0.00423185,2020-10-05 00:00:00,DTU_2022_1014103_1_MG_HU_BU_3_201005_GSL_338,Hungary,Budapest,47.4979,19.0402,Budapesti Kozponti Szennyviztisztito Telep,87
1014103_1,Budapest,Neisseria,0.031078061,2020-10-05 00:00:00,DTU_2022_1014103_1_MG_HU_BU_3_201005_GSL_338,Hungary,Budapest,47.4979,19.0402,Budapesti Kozponti Szennyviztisztito Telep,87
1014103_1,Budapest,Novosphingobium,0.004861042,2020-10-05 00:00:00,DTU_2022_1014103_1_MG_HU_BU_3_201005_GSL_338,Hungary,Budapest,47.4979,19.0402,Budapesti Kozponti Szennyviztisztito Telep,87
1014103_1,Budapest,Ottowia,0.04012623,2020-10-05 00:00:00,DTU_2022_1014103_1_MG_HU_BU_3_201005_GSL_338,Hungary,Budapest,47.4979,19.0402,Budapesti Kozponti Szennyviztisztito Telep,87
1014103_1,Budapest,Paracoccus,0.002525648,2020-10-05 00:00:00,DTU_2022_1014103_1_MG_HU_BU_3_201005_GSL_338,Hungary,Budapest,47.4979,19.0402,Budapesti Kozponti Szennyviztisztito Telep,87
1014103_1,Budapest,Phocaeicola,0.005679047,2020-10-05 00:00:00,DTU_2022_1014103_1_MG_HU_BU_3_201005_GSL_338,Hungary,Budapest,47.4979,19.0402,Budapesti Kozponti Szennyviztisztito Telep,87
1014103_1,Budapest,Prevotella,0.003046273,2020-10-05 00:00:00,DTU_2022_1014103_1_MG_HU_BU_3_201005_GSL_338,Hungary,Budapest,47.4979,19.0402,Budapesti Kozponti Szennyviztisztito Telep,87
1014103_1,Budapest,Propionivibrio,0.028590804,2020-10-05 00:00:00,DTU_2022_1014103_1_MG_HU_BU_3_201005_GSL_338,Hungary,Budapest,47.4979,19.0402,Budapesti Kozponti Szennyviztisztito Telep,87
1014103_1,Budapest,Pseudomonas_E,0.025056152,2020-10-05 00:00:00,DTU_2022_1014103_1_MG_HU_BU_3_201005_GSL_338,Hungary,Budapest,47.4979,19.0402,Budapesti Kozponti Szennyviztisztito Telep,87
1014103_1,Budapest,Pseudoxanthomonas,0.008519786,2020-10-05 00:00:00,DTU_2022_1014103_1_MG_HU_BU_3_201005_GSL_338,Hungary,Budapest,47.4979,19.0402,Budapesti Kozponti Szennyviztisztito Telep,87
1014103_1,Budapest,Pseudoxanthomonas_A,0.034025278,2020-10-05 00:00:00,DTU_2022_1014103_1_MG_HU_BU_3_201005_GSL_338,Hungary,Budapest,47.4979,19.0402,Budapesti Kozponti Szennyviztisztito Telep,87
1014103_1,Budapest,Psychrobacter,0.000354248,2020-10-05 00:00:00,DTU_2022_1014103_1_MG_HU_BU_3_201005_GSL_338,Hungary,Budapest,47.4979,19.0402,Budapesti Kozponti Szennyviztisztito Telep,87
1014103_1,Budapest,Rubrivivax,0.000982644,2020-10-05 00:00:00,DTU_2022_1014103_1_MG_HU_BU_3_201005_GSL_338,Hungary,Budapest,47.4979,19.0402,Budapesti Kozponti Szennyviztisztito Telep,87
1014103_1,Budapest,Streptococcus,0.008386607,2020-10-05 00:00:00,DTU_2022_1014103_1_MG_HU_BU_3_201005_GSL_338,Hungary,Budapest,47.4979,19.0402,Budapesti Kozponti Szennyviztisztito Telep,87
1014103_1,Budapest,Telluria,0.000812901,2020-10-05 00:00:00,DTU_2022_1014103_1_MG_HU_BU_3_201005_GSL_338,Hungary,Budapest,47.4979,19.0402,Budapesti Kozponti Szennyviztisztito Telep,87
1014103_1,Budapest,Thauera,0.019176842,2020-10-05 00:00:00,DTU_2022_1014103_1_MG_HU_BU_3_201005_GSL_338,Hungary,Budapest,47.4979,19.0402,Budapesti Kozponti Szennyviztisztito Telep,87
1014103_1,Budapest,Thermomonas,0.032891328,2020-10-05 00:00:00,DTU_2022_1014103_1_MG_HU_BU_3_201005_GSL_338,Hungary,Budapest,47.4979,19.0402,Budapesti Kozponti Szennyviztisztito Telep,87
1014103_1,Budapest,Thiothrix,0.00445421,2020-10-05 00:00:00,DTU_2022_1014103_1_MG_HU_BU_3_201005_GSL_338,Hungary,Budapest,47.4979,19.0402,Budapesti Kozponti Szennyviztisztito Telep,87
1014103_1,Budapest,Tolumonas,0.001649531,2020-10-05 00:00:00,DTU_2022_1014103_1_MG_HU_BU_3_201005_GSL_338,Hungary,Budapest,47.4979,19.0402,Budapesti Kozponti Szennyviztisztito Telep,87
1014103_1,Budapest,Trichococcus,0.001972011,2020-10-05 00:00:00,DTU_2022_1014103_1_MG_HU_BU_3_201005_GSL_338,Hungary,Budapest,47.4979,19.0402,Budapesti Kozponti Szennyviztisztito Telep,87
1014103_1,Budapest,UBA1413,1.65519e-06,2020-10-05 00:00:00,DTU_2022_1014103_1_MG_HU_BU_3_201005_GSL_338,Hungary,Budapest,47.4979,19.0402,Budapesti Kozponti Szennyviztisztito Telep,87
1014103_1,Budapest,merged,0.436184801,2020-10-05 00:00:00,DTU_2022_1014103_1_MG_HU_BU_3_201005_GSL_338,Hungary,Budapest,47.4979,19.0402,Budapesti Kozponti Szennyviztisztito Telep,87
1014106_1,Budapest,Acidovorax,0.097326923,2020-10-27 00:00:00,DTU_2022_1014106_1_MG_HU_BU_3_201027_GSL_346,Hungary,Budapest,47.4979,19.0402,Budapesti Kozponti Szennyviztisztito Telep,90
1014106_1,Budapest,Acinetobacter,0.030022722,2020-10-27 00:00:00,DTU_2022_1014106_1_MG_HU_BU_3_201027_GSL_346,Hungary,Budapest,47.4979,19.0402,Budapesti Kozponti Szennyviztisztito Telep,90
1014106_1,Budapest,Aeromonas,0.004426892,2020-10-27 00:00:00,DTU_2022_1014106_1_MG_HU_BU_3_201027_GSL_346,Hungary,Budapest,47.4979,19.0402,Budapesti Kozponti Szennyviztisztito Telep,90
1014106_1,Budapest,Aliarcobacter,0.008442666,2020-10-27 00:00:00,DTU_2022_1014106_1_MG_HU_BU_3_201027_GSL_346,Hungary,Budapest,47.4979,19.0402,Budapesti Kozponti Szennyviztisztito Telep,90
1014106_1,Budapest,Aquabacterium_A,0.003436665,2020-10-27 00:00:00,DTU_2022_1014106_1_MG_HU_BU_3_201027_GSL_346,Hungary,Budapest,47.4979,19.0402,Budapesti Kozponti Szennyviztisztito Telep,90
1014106_1,Budapest,Bacteroides,0.001228054,2020-10-27 00:00:00,DTU_2022_1014106_1_MG_HU_BU_3_201027_GSL_346,Hungary,Budapest,47.4979,19.0402,Budapesti Kozponti Szennyviztisztito Telep,90
1014106_1,Budapest,Brachymonas,0.019331584,2020-10-27 00:00:00,DTU_2022_1014106_1_MG_HU_BU_3_201027_GSL_346,Hungary,Budapest,47.4979,19.0402,Budapesti Kozponti Szennyviztisztito Telep,90
1014106_1,Budapest,Brevefilum,5.60278e-06,2020-10-27 00:00:00,DTU_2022_1014106_1_MG_HU_BU_3_201027_GSL_346,Hungary,Budapest,47.4979,19.0402,Budapesti Kozponti Szennyviztisztito Telep,90
1014106_1,Budapest,Brevundimonas,0.002117811,2020-10-27 00:00:00,DTU_2022_1014106_1_MG_HU_BU_3_201027_GSL_346,Hungary,Budapest,47.4979,19.0402,Budapesti Kozponti Szennyviztisztito Telep,90
1014106_1,Budapest,Cloacibacterium,0.007020643,2020-10-27 00:00:00,DTU_2022_1014106_1_MG_HU_BU_3_201027_GSL_346,Hungary,Budapest,47.4979,19.0402,Budapesti Kozponti Szennyviztisztito Telep,90
1014106_1,Budapest,Comamonas,0.024096411,2020-10-27 00:00:00,DTU_2022_1014106_1_MG_HU_BU_3_201027_GSL_346,Hungary,Budapest,47.4979,19.0402,Budapesti Kozponti Szennyviztisztito Telep,90
1014106_1,Budapest,Competibacter_A,0.003420766,2020-10-27 00:00:00,DTU_2022_1014106_1_MG_HU_BU_3_201027_GSL_346,Hungary,Budapest,47.4979,19.0402,Budapesti Kozponti Szennyviztisztito Telep,90
1014106_1,Budapest,Enterobacter,0.001111155,2020-10-27 00:00:00,DTU_2022_1014106_1_MG_HU_BU_3_201027_GSL_346,Hungary,Budapest,47.4979,19.0402,Budapesti Kozponti Szennyviztisztito Telep,90
1014106_1,Budapest,Fermentibacter,6.33757e-06,2020-10-27 00:00:00,DTU_2022_1014106_1_MG_HU_BU_3_201027_GSL_346,Hungary,Budapest,47.4979,19.0402,Budapesti Kozponti Szennyviztisztito Telep,90
1014106_1,Budapest,Flavobacterium,0.003104267,2020-10-27 00:00:00,DTU_2022_1014106_1_MG_HU_BU_3_201027_GSL_346,Hungary,Budapest,47.4979,19.0402,Budapesti Kozponti Szennyviztisztito Telep,90
1014106_1,Budapest,Giesbergeria,0.004696648,2020-10-27 00:00:00,DTU_2022_1014106_1_MG_HU_BU_3_201027_GSL_346,Hungary,Budapest,47.4979,19.0402,Budapesti Kozponti Szennyviztisztito Telep,90
1014106_1,Budapest,Hydrogenophaga,0.000504165,2020-10-27 00:00:00,DTU_2022_1014106_1_MG_HU_BU_3_201027_GSL_346,Hungary,Budapest,47.4979,19.0402,Budapesti Kozponti Szennyviztisztito Telep,90
1014106_1,Budapest,JAGOYM01,0.003841519,2020-10-27 00:00:00,DTU_2022_1014106_1_MG_HU_BU_3_201027_GSL_346,Hungary,Budapest,47.4979,19.0402,Budapesti Kozponti Szennyviztisztito Telep,90
1014106_1,Budapest,Janthinobacterium,0.0021622,2020-10-27 00:00:00,DTU_2022_1014106_1_MG_HU_BU_3_201027_GSL_346,Hungary,Budapest,47.4979,19.0402,Budapesti Kozponti Szennyviztisztito Telep,90
1014106_1,Budapest,Kaistella,0.002022094,2020-10-27 00:00:00,DTU_2022_1014106_1_MG_HU_BU_3_201027_GSL_346,Hungary,Budapest,47.4979,19.0402,Budapesti Kozponti Szennyviztisztito Telep,90
1014106_1,Budapest,Lactococcus_A,0.000381577,2020-10-27 00:00:00,DTU_2022_1014106_1_MG_HU_BU_3_201027_GSL_346,Hungary,Budapest,47.4979,19.0402,Budapesti Kozponti Szennyviztisztito Telep,90
1014106_1,Budapest,Lenti-01,0.011437451,2020-10-27 00:00:00,DTU_2022_1014106_1_MG_HU_BU_3_201027_GSL_346,Hungary,Budapest,47.4979,19.0402,Budapesti Kozponti Szennyviztisztito Telep,90
1014106_1,Budapest,Microthrix,0.001115497,2020-10-27 00:00:00,DTU_2022_1014106_1_MG_HU_BU_3_201027_GSL_346,Hungary,Budapest,47.4979,19.0402,Budapesti Kozponti Szennyviztisztito Telep,90
1014106_1,Budapest,Moraxella_A,0.001174862,2020-10-27 00:00:00,DTU_2022_1014106_1_MG_HU_BU_3_201027_GSL_346,Hungary,Budapest,47.4979,19.0402,Budapesti Kozponti Szennyviztisztito Telep,90
1014106_1,Budapest,Neisseria,0.030662297,2020-10-27 00:00:00,DTU_2022_1014106_1_MG_HU_BU_3_201027_GSL_346,Hungary,Budapest,47.4979,19.0402,Budapesti Kozponti Szennyviztisztito Telep,90
1014106_1,Budapest,Novosphingobium,0.001789978,2020-10-27 00:00:00,DTU_2022_1014106_1_MG_HU_BU_3_201027_GSL_346,Hungary,Budapest,47.4979,19.0402,Budapesti Kozponti Szennyviztisztito Telep,90
1014106_1,Budapest,Ottowia,0.062971685,2020-10-27 00:00:00,DTU_2022_1014106_1_MG_HU_BU_3_201027_GSL_346,Hungary,Budapest,47.4979,19.0402,Budapesti Kozponti Szennyviztisztito Telep,90
1014106_1,Budapest,Paracoccus,0.003494631,2020-10-27 00:00:00,DTU_2022_1014106_1_MG_HU_BU_3_201027_GSL_346,Hungary,Budapest,47.4979,19.0402,Budapesti Kozponti Szennyviztisztito Telep,90
1014106_1,Budapest,Phocaeicola,0.001829151,2020-10-27 00:00:00,DTU_2022_1014106_1_MG_HU_BU_3_201027_GSL_346,Hungary,Budapest,47.4979,19.0402,Budapesti Kozponti Szennyviztisztito Telep,90
1014106_1,Budapest,Prevotella,0.003865899,2020-10-27 00:00:00,DTU_2022_1014106_1_MG_HU_BU_3_201027_GSL_346,Hungary,Budapest,47.4979,19.0402,Budapesti Kozponti Szennyviztisztito Telep,90
1014106_1,Budapest,Propionivibrio,0.012564896,2020-10-27 00:00:00,DTU_2022_1014106_1_MG_HU_BU_3_201027_GSL_346,Hungary,Budapest,47.4979,19.0402,Budapesti Kozponti Szennyviztisztito Telep,90
1014106_1,Budapest,Pseudomonas_E,0.013438779,2020-10-27 00:00:00,DTU_2022_1014106_1_MG_HU_BU_3_201027_GSL_346,Hungary,Budapest,47.4979,19.0402,Budapesti Kozponti Szennyviztisztito Telep,90
1014106_1,Budapest,Pseudoxanthomonas,0.0139845,2020-10-27 00:00:00,DTU_2022_1014106_1_MG_HU_BU_3_201027_GSL_346,Hungary,Budapest,47.4979,19.0402,Budapesti Kozponti Szennyviztisztito Telep,90
1014106_1,Budapest,Pseudoxanthomonas_A,0.025518574,2020-10-27 00:00:00,DTU_2022_1014106_1_MG_HU_BU_3_201027_GSL_346,Hungary,Budapest,47.4979,19.0402,Budapesti Kozponti Szennyviztisztito Telep,90
1014106_1,Budapest,Psychrobacter,0.000218114,2020-10-27 00:00:00,DTU_2022_1014106_1_MG_HU_BU_3_201027_GSL_346,Hungary,Budapest,47.4979,19.0402,Budapesti Kozponti Szennyviztisztito Telep,90
1014106_1,Budapest,Rubrivivax,0.001302793,2020-10-27 00:00:00,DTU_2022_1014106_1_MG_HU_BU_3_201027_GSL_346,Hungary,Budapest,47.4979,19.0402,Budapesti Kozponti Szennyviztisztito Telep,90
1014106_1,Budapest,Streptococcus,0.009600262,2020-10-27 00:00:00,DTU_2022_1014106_1_MG_HU_BU_3_201027_GSL_346,Hungary,Budapest,47.4979,19.0402,Budapesti Kozponti Szennyviztisztito Telep,90
1014106_1,Budapest,Telluria,0.000898626,2020-10-27 00:00:00,DTU_2022_1014106_1_MG_HU_BU_3_201027_GSL_346,Hungary,Budapest,47.4979,19.0402,Budapesti Kozponti Szennyviztisztito Telep,90
1014106_1,Budapest,Thauera,0.012408291,2020-10-27 00:00:00,DTU_2022_1014106_1_MG_HU_BU_3_201027_GSL_346,Hungary,Budapest,47.4979,19.0402,Budapesti Kozponti Szennyviztisztito Telep,90
1014106_1,Budapest,Thermomonas,0.012079593,2020-10-27 00:00:00,DTU_2022_1014106_1_MG_HU_BU_3_201027_GSL_346,Hungary,Budapest,47.4979,19.0402,Budapesti Kozponti Szennyviztisztito Telep,90
1014106_1,Budapest,Thiothrix,0.000146559,2020-10-27 00:00:00,DTU_2022_1014106_1_MG_HU_BU_3_201027_GSL_346,Hungary,Budapest,47.4979,19.0402,Budapesti Kozponti Szennyviztisztito Telep,90
1014106_1,Budapest,Tolumonas,0.000454266,2020-10-27 00:00:00,DTU_2022_1014106_1_MG_HU_BU_3_201027_GSL_346,Hungary,Budapest,47.4979,19.0402,Budapesti Kozponti Szennyviztisztito Telep,90
1014106_1,Budapest,Trichococcus,0.005989438,2020-10-27 00:00:00,DTU_2022_1014106_1_MG_HU_BU_3_201027_GSL_346,Hungary,Budapest,47.4979,19.0402,Budapesti Kozponti Szennyviztisztito Telep,90
1014106_1,Budapest,UBA1413,6.58772e-06,2020-10-27 00:00:00,DTU_2022_1014106_1_MG_HU_BU_3_201027_GSL_346,Hungary,Budapest,47.4979,19.0402,Budapesti Kozponti Szennyviztisztito Telep,90
1014106_1,Budapest,merged,0.554340569,2020-10-27 00:00:00,DTU_2022_1014106_1_MG_HU_BU_3_201027_GSL_346,Hungary,Budapest,47.4979,19.0402,Budapesti Kozponti Szennyviztisztito Telep,90
1007225_1,Copenaghen_RD,Acidovorax,0.166986219,2020-03-26 00:00:00,DTU_2020_1007225_1_MG_RD_CPH_Sewage_652,Denmark,Copenhagen,55.6405,12.5058,Rensningsanlaeg Damhusaaen,60
1007225_1,Copenaghen_RD,Acinetobacter,0.034378154,2020-03-26 00:00:00,DTU_2020_1007225_1_MG_RD_CPH_Sewage_652,Denmark,Copenhagen,55.6405,12.5058,Rensningsanlaeg Damhusaaen,60
1007225_1,Copenaghen_RD,Aeromonas,0.001464274,2020-03-26 00:00:00,DTU_2020_1007225_1_MG_RD_CPH_Sewage_652,Denmark,Copenhagen,55.6405,12.5058,Rensningsanlaeg Damhusaaen,60
1007225_1,Copenaghen_RD,Aliarcobacter,0.016640049,2020-03-26 00:00:00,DTU_2020_1007225_1_MG_RD_CPH_Sewage_652,Denmark,Copenhagen,55.6405,12.5058,Rensningsanlaeg Damhusaaen,60
1007225_1,Copenaghen_RD,Aquabacterium_A,0.000408246,2020-03-26 00:00:00,DTU_2020_1007225_1_MG_RD_CPH_Sewage_652,Denmark,Copenhagen,55.6405,12.5058,Rensningsanlaeg Damhusaaen,60
1007225_1,Copenaghen_RD,Bacteroides,0.002790574,2020-03-26 00:00:00,DTU_2020_1007225_1_MG_RD_CPH_Sewage_652,Denmark,Copenhagen,55.6405,12.5058,Rensningsanlaeg Damhusaaen,60
1007225_1,Copenaghen_RD,Brachymonas,0.007292343,2020-03-26 00:00:00,DTU_2020_1007225_1_MG_RD_CPH_Sewage_652,Denmark,Copenhagen,55.6405,12.5058,Rensningsanlaeg Damhusaaen,60
1007225_1,Copenaghen_RD,Brevefilum,4.88268e-05,2020-03-26 00:00:00,DTU_2020_1007225_1_MG_RD_CPH_Sewage_652,Denmark,Copenhagen,55.6405,12.5058,Rensningsanlaeg Damhusaaen,60
1007225_1,Copenaghen_RD,Brevundimonas,0.001105841,2020-03-26 00:00:00,DTU_2020_1007225_1_MG_RD_CPH_Sewage_652,Denmark,Copenhagen,55.6405,12.5058,Rensningsanlaeg Damhusaaen,60
1007225_1,Copenaghen_RD,Cloacibacterium,0.006081339,2020-03-26 00:00:00,DTU_2020_1007225_1_MG_RD_CPH_Sewage_652,Denmark,Copenhagen,55.6405,12.5058,Rensningsanlaeg Damhusaaen,60
1007225_1,Copenaghen_RD,Comamonas,0.019266444,2020-03-26 00:00:00,DTU_2020_1007225_1_MG_RD_CPH_Sewage_652,Denmark,Copenhagen,55.6405,12.5058,Rensningsanlaeg Damhusaaen,60
1007225_1,Copenaghen_RD,Competibacter_A,3.91607e-05,2020-03-26 00:00:00,DTU_2020_1007225_1_MG_RD_CPH_Sewage_652,Denmark,Copenhagen,55.6405,12.5058,Rensningsanlaeg Damhusaaen,60
1007225_1,Copenaghen_RD,Enterobacter,0.000176673,2020-03-26 00:00:00,DTU_2020_1007225_1_MG_RD_CPH_Sewage_652,Denmark,Copenhagen,55.6405,12.5058,Rensningsanlaeg Damhusaaen,60
1007225_1,Copenaghen_RD,Fermentibacter,1.74318e-05,2020-03-26 00:00:00,DTU_2020_1007225_1_MG_RD_CPH_Sewage_652,Denmark,Copenhagen,55.6405,12.5058,Rensningsanlaeg Damhusaaen,60
1007225_1,Copenaghen_RD,Flavobacterium,0.013191101,2020-03-26 00:00:00,DTU_2020_1007225_1_MG_RD_CPH_Sewage_652,Denmark,Copenhagen,55.6405,12.5058,Rensningsanlaeg Damhusaaen,60
1007225_1,Copenaghen_RD,Giesbergeria,0.01710199,2020-03-26 00:00:00,DTU_2020_1007225_1_MG_RD_CPH_Sewage_652,Denmark,Copenhagen,55.6405,12.5058,Rensningsanlaeg Damhusaaen,60
1007225_1,Copenaghen_RD,Hydrogenophaga,0.000609595,2020-03-26 00:00:00,DTU_2020_1007225_1_MG_RD_CPH_Sewage_652,Denmark,Copenhagen,55.6405,12.5058,Rensningsanlaeg Damhusaaen,60
1007225_1,Copenaghen_RD,JAGOYM01,0.009612835,2020-03-26 00:00:00,DTU_2020_1007225_1_MG_RD_CPH_Sewage_652,Denmark,Copenhagen,55.6405,12.5058,Rensningsanlaeg Damhusaaen,60
1007225_1,Copenaghen_RD,Janthinobacterium,0.002236134,2020-03-26 00:00:00,DTU_2020_1007225_1_MG_RD_CPH_Sewage_652,Denmark,Copenhagen,55.6405,12.5058,Rensningsanlaeg Damhusaaen,60
1007225_1,Copenaghen_RD,Kaistella,0.012443771,2020-03-26 00:00:00,DTU_2020_1007225_1_MG_RD_CPH_Sewage_652,Denmark,Copenhagen,55.6405,12.5058,Rensningsanlaeg Damhusaaen,60
1007225_1,Copenaghen_RD,Lactococcus_A,0.028658836,2020-03-26 00:00:00,DTU_2020_1007225_1_MG_RD_CPH_Sewage_652,Denmark,Copenhagen,55.6405,12.5058,Rensningsanlaeg Damhusaaen,60
1007225_1,Copenaghen_RD,Lenti-01,8.64254e-05,2020-03-26 00:00:00,DTU_2020_1007225_1_MG_RD_CPH_Sewage_652,Denmark,Copenhagen,55.6405,12.5058,Rensningsanlaeg Damhusaaen,60
1007225_1,Copenaghen_RD,Microthrix,0.000244457,2020-03-26 00:00:00,DTU_2020_1007225_1_MG_RD_CPH_Sewage_652,Denmark,Copenhagen,55.6405,12.5058,Rensningsanlaeg Damhusaaen,60
1007225_1,Copenaghen_RD,Moraxella_A,0.000934559,2020-03-26 00:00:00,DTU_2020_1007225_1_MG_RD_CPH_Sewage_652,Denmark,Copenhagen,55.6405,12.5058,Rensningsanlaeg Damhusaaen,60
1007225_1,Copenaghen_RD,Neisseria,0.016856432,2020-03-26 00:00:00,DTU_2020_1007225_1_MG_RD_CPH_Sewage_652,Denmark,Copenhagen,55.6405,12.5058,Rensningsanlaeg Damhusaaen,60
1007225_1,Copenaghen_RD,Novosphingobium,0.000265656,2020-03-26 00:00:00,DTU_2020_1007225_1_MG_RD_CPH_Sewage_652,Denmark,Copenhagen,55.6405,12.5058,Rensningsanlaeg Damhusaaen,60
1007225_1,Copenaghen_RD,Ottowia,0.047558361,2020-03-26 00:00:00,DTU_2020_1007225_1_MG_RD_CPH_Sewage_652,Denmark,Copenhagen,55.6405,12.5058,Rensningsanlaeg Damhusaaen,60
1007225_1,Copenaghen_RD,Paracoccus,0.003451628,2020-03-26 00:00:00,DTU_2020_1007225_1_MG_RD_CPH_Sewage_652,Denmark,Copenhagen,55.6405,12.5058,Rensningsanlaeg Damhusaaen,60
1007225_1,Copenaghen_RD,Phocaeicola,0.003722929,2020-03-26 00:00:00,DTU_2020_1007225_1_MG_RD_CPH_Sewage_652,Denmark,Copenhagen,55.6405,12.5058,Rensningsanlaeg Damhusaaen,60
1007225_1,Copenaghen_RD,Prevotella,0.004366164,2020-03-26 00:00:00,DTU_2020_1007225_1_MG_RD_CPH_Sewage_652,Denmark,Copenhagen,55.6405,12.5058,Rensningsanlaeg Damhusaaen,60
1007225_1,Copenaghen_RD,Propionivibrio,0.003929229,2020-03-26 00:00:00,DTU_2020_1007225_1_MG_RD_CPH_Sewage_652,Denmark,Copenhagen,55.6405,12.5058,Rensningsanlaeg Damhusaaen,60
1007225_1,Copenaghen_RD,Pseudomonas_E,0.051803353,2020-03-26 00:00:00,DTU_2020_1007225_1_MG_RD_CPH_Sewage_652,Denmark,Copenhagen,55.6405,12.5058,Rensningsanlaeg Damhusaaen,60
1007225_1,Copenaghen_RD,Pseudoxanthomonas,0.007535216,2020-03-26 00:00:00,DTU_2020_1007225_1_MG_RD_CPH_Sewage_652,Denmark,Copenhagen,55.6405,12.5058,Rensningsanlaeg Damhusaaen,60
1007225_1,Copenaghen_RD,Pseudoxanthomonas_A,0.006220628,2020-03-26 00:00:00,DTU_2020_1007225_1_MG_RD_CPH_Sewage_652,Denmark,Copenhagen,55.6405,12.5058,Rensningsanlaeg Damhusaaen,60
1007225_1,Copenaghen_RD,Psychrobacter,0.049324333,2020-03-26 00:00:00,DTU_2020_1007225_1_MG_RD_CPH_Sewage_652,Denmark,Copenhagen,55.6405,12.5058,Rensningsanlaeg Damhusaaen,60
1007225_1,Copenaghen_RD,Rubrivivax,0.000307307,2020-03-26 00:00:00,DTU_2020_1007225_1_MG_RD_CPH_Sewage_652,Denmark,Copenhagen,55.6405,12.5058,Rensningsanlaeg Damhusaaen,60
1007225_1,Copenaghen_RD,Streptococcus,0.013040235,2020-03-26 00:00:00,DTU_2020_1007225_1_MG_RD_CPH_Sewage_652,Denmark,Copenhagen,55.6405,12.5058,Rensningsanlaeg Damhusaaen,60
1007225_1,Copenaghen_RD,Telluria,0.000468024,2020-03-26 00:00:00,DTU_2020_1007225_1_MG_RD_CPH_Sewage_652,Denmark,Copenhagen,55.6405,12.5058,Rensningsanlaeg Damhusaaen,60
1007225_1,Copenaghen_RD,Thauera,0.008522379,2020-03-26 00:00:00,DTU_2020_1007225_1_MG_RD_CPH_Sewage_652,Denmark,Copenhagen,55.6405,12.5058,Rensningsanlaeg Damhusaaen,60
1007225_1,Copenaghen_RD,Thermomonas,0.007237793,2020-03-26 00:00:00,DTU_2020_1007225_1_MG_RD_CPH_Sewage_652,Denmark,Copenhagen,55.6405,12.5058,Rensningsanlaeg Damhusaaen,60
1007225_1,Copenaghen_RD,Thiothrix,0.000943388,2020-03-26 00:00:00,DTU_2020_1007225_1_MG_RD_CPH_Sewage_652,Denmark,Copenhagen,55.6405,12.5058,Rensningsanlaeg Damhusaaen,60
1007225_1,Copenaghen_RD,Tolumonas,0.000225147,2020-03-26 00:00:00,DTU_2020_1007225_1_MG_RD_CPH_Sewage_652,Denmark,Copenhagen,55.6405,12.5058,Rensningsanlaeg Damhusaaen,60
1007225_1,Copenaghen_RD,Trichococcus,0.066272014,2020-03-26 00:00:00,DTU_2020_1007225_1_MG_RD_CPH_Sewage_652,Denmark,Copenhagen,55.6405,12.5058,Rensningsanlaeg Damhusaaen,60
1007225_1,Copenaghen_RD,UBA1413,6.62915e-06,2020-03-26 00:00:00,DTU_2020_1007225_1_MG_RD_CPH_Sewage_652,Denmark,Copenhagen,55.6405,12.5058,Rensningsanlaeg Damhusaaen,60
1007225_1,Copenaghen_RD,merged,0.366127876,2020-03-26 00:00:00,DTU_2020_1007225_1_MG_RD_CPH_Sewage_652,Denmark,Copenhagen,55.6405,12.5058,Rensningsanlaeg Damhusaaen,60
1007224_1,Copenaghen_RL,Acidovorax,0.225400304,2020-03-26 00:00:00,DTU_2020_1007224_1_MG_RL_CPH_Sewage_651,Denmark,Copenhagen,55.6956,12.6139,Rensningsanlaeg Lynetten,60
1007224_1,Copenaghen_RL,Acinetobacter,0.026420767,2020-03-26 00:00:00,DTU_2020_1007224_1_MG_RL_CPH_Sewage_651,Denmark,Copenhagen,55.6956,12.6139,Rensningsanlaeg Lynetten,60
1007224_1,Copenaghen_RL,Aeromonas,0.002848275,2020-03-26 00:00:00,DTU_2020_1007224_1_MG_RL_CPH_Sewage_651,Denmark,Copenhagen,55.6956,12.6139,Rensningsanlaeg Lynetten,60
1007224_1,Copenaghen_RL,Aliarcobacter,0.014773983,2020-03-26 00:00:00,DTU_2020_1007224_1_MG_RL_CPH_Sewage_651,Denmark,Copenhagen,55.6956,12.6139,Rensningsanlaeg Lynetten,60
1007224_1,Copenaghen_RL,Aquabacterium_A,0.000256031,2020-03-26 00:00:00,DTU_2020_1007224_1_MG_RL_CPH_Sewage_651,Denmark,Copenhagen,55.6956,12.6139,Rensningsanlaeg Lynetten,60
1007224_1,Copenaghen_RL,Bacteroides,0.003486851,2020-03-26 00:00:00,DTU_2020_1007224_1_MG_RL_CPH_Sewage_651,Denmark,Copenhagen,55.6956,12.6139,Rensningsanlaeg Lynetten,60
1007224_1,Copenaghen_RL,Brachymonas,0.013287002,2020-03-26 00:00:00,DTU_2020_1007224_1_MG_RL_CPH_Sewage_651,Denmark,Copenhagen,55.6956,12.6139,Rensningsanlaeg Lynetten,60
1007224_1,Copenaghen_RL,Brevefilum,0.000490732,2020-03-26 00:00:00,DTU_2020_1007224_1_MG_RL_CPH_Sewage_651,Denmark,Copenhagen,55.6956,12.6139,Rensningsanlaeg Lynetten,60
1007224_1,Copenaghen_RL,Brevundimonas,0.000640673,2020-03-26 00:00:00,DTU_2020_1007224_1_MG_RL_CPH_Sewage_651,Denmark,Copenhagen,55.6956,12.6139,Rensningsanlaeg Lynetten,60
1007224_1,Copenaghen_RL,Cloacibacterium,0.012434092,2020-03-26 00:00:00,DTU_2020_1007224_1_MG_RL_CPH_Sewage_651,Denmark,Copenhagen,55.6956,12.6139,Rensningsanlaeg Lynetten,60
1007224_1,Copenaghen_RL,Comamonas,0.094031258,2020-03-26 00:00:00,DTU_2020_1007224_1_MG_RL_CPH_Sewage_651,Denmark,Copenhagen,55.6956,12.6139,Rensningsanlaeg Lynetten,60
1007224_1,Copenaghen_RL,Competibacter_A,2.9563e-05,2020-03-26 00:00:00,DTU_2020_1007224_1_MG_RL_CPH_Sewage_651,Denmark,Copenhagen,55.6956,12.6139,Rensningsanlaeg Lynetten,60
1007224_1,Copenaghen_RL,Enterobacter,0.000187233,2020-03-26 00:00:00,DTU_2020_1007224_1_MG_RL_CPH_Sewage_651,Denmark,Copenhagen,55.6956,12.6139,Rensningsanlaeg Lynetten,60
1007224_1,Copenaghen_RL,Fermentibacter,6.45133e-06,2020-03-26 00:00:00,DTU_2020_1007224_1_MG_RL_CPH_Sewage_651,Denmark,Copenhagen,55.6956,12.6139,Rensningsanlaeg Lynetten,60
1007224_1,Copenaghen_RL,Flavobacterium,0.016676846,2020-03-26 00:00:00,DTU_2020_1007224_1_MG_RL_CPH_Sewage_651,Denmark,Copenhagen,55.6956,12.6139,Rensningsanlaeg Lynetten,60
1007224_1,Copenaghen_RL,Giesbergeria,0.015337422,2020-03-26 00:00:00,DTU_2020_1007224_1_MG_RL_CPH_Sewage_651,Denmark,Copenhagen,55.6956,12.6139,Rensningsanlaeg Lynetten,60
1007224_1,Copenaghen_RL,Hydrogenophaga,0.000822911,2020-03-26 00:00:00,DTU_2020_1007224_1_MG_RL_CPH_Sewage_651,Denmark,Copenhagen,55.6956,12.6139,Rensningsanlaeg Lynetten,60
1007224_1,Copenaghen_RL,JAGOYM01,0.01050997,2020-03-26 00:00:00,DTU_2020_1007224_1_MG_RL_CPH_Sewage_651,Denmark,Copenhagen,55.6956,12.6139,Rensningsanlaeg Lynetten,60
1007224_1,Copenaghen_RL,Janthinobacterium,0.001179084,2020-03-26 00:00:00,DTU_2020_1007224_1_MG_RL_CPH_Sewage_651,Denmark,Copenhagen,55.6956,12.6139,Rensningsanlaeg Lynetten,60
1007224_1,Copenaghen_RL,Kaistella,0.00895033,2020-03-26 00:00:00,DTU_2020_1007224_1_MG_RL_CPH_Sewage_651,Denmark,Copenhagen,55.6956,12.6139,Rensningsanlaeg Lynetten,60
1007224_1,Copenaghen_RL,Lactococcus_A,0.009553102,2020-03-26 00:00:00,DTU_2020_1007224_1_MG_RL_CPH_Sewage_651,Denmark,Copenhagen,55.6956,12.6139,Rensningsanlaeg Lynetten,60
1007224_1,Copenaghen_RL,Lenti-01,0.000125455,2020-03-26 00:00:00,DTU_2020_1007224_1_MG_RL_CPH_Sewage_651,Denmark,Copenhagen,55.6956,12.6139,Rensningsanlaeg Lynetten,60
1007224_1,Copenaghen_RL,Microthrix,0.000102167,2020-03-26 00:00:00,DTU_2020_1007224_1_MG_RL_CPH_Sewage_651,Denmark,Copenhagen,55.6956,12.6139,Rensningsanlaeg Lynetten,60
1007224_1,Copenaghen_RL,Moraxella_A,0.004894704,2020-03-26 00:00:00,DTU_2020_1007224_1_MG_RL_CPH_Sewage_651,Denmark,Copenhagen,55.6956,12.6139,Rensningsanlaeg Lynetten,60
1007224_1,Copenaghen_RL,Neisseria,0.025895319,2020-03-26 00:00:00,DTU_2020_1007224_1_MG_RL_CPH_Sewage_651,Denmark,Copenhagen,55.6956,12.6139,Rensningsanlaeg Lynetten,60
1007224_1,Copenaghen_RL,Novosphingobium,0.000279229,2020-03-26 00:00:00,DTU_2020_1007224_1_MG_RL_CPH_Sewage_651,Denmark,Copenhagen,55.6956,12.6139,Rensningsanlaeg Lynetten,60
1007224_1,Copenaghen_RL,Ottowia,0.027066519,2020-03-26 00:00:00,DTU_2020_1007224_1_MG_RL_CPH_Sewage_651,Denmark,Copenhagen,55.6956,12.6139,Rensningsanlaeg Lynetten,60
1007224_1,Copenaghen_RL,Paracoccus,0.003875792,2020-03-26 00:00:00,DTU_2020_1007224_1_MG_RL_CPH_Sewage_651,Denmark,Copenhagen,55.6956,12.6139,Rensningsanlaeg Lynetten,60
1007224_1,Copenaghen_RL,Phocaeicola,0.003371638,2020-03-26 00:00:00,DTU_2020_1007224_1_MG_RL_CPH_Sewage_651,Denmark,Copenhagen,55.6956,12.6139,Rensningsanlaeg Lynetten,60
1007224_1,Copenaghen_RL,Prevotella,0.005515245,2020-03-26 00:00:00,DTU_2020_1007224_1_MG_RL_CPH_Sewage_651,Denmark,Copenhagen,55.6956,12.6139,Rensningsanlaeg Lynetten,60
1007224_1,Copenaghen_RL,Propionivibrio,0.003955901,2020-03-26 00:00:00,DTU_2020_1007224_1_MG_RL_CPH_Sewage_651,Denmark,Copenhagen,55.6956,12.6139,Rensningsanlaeg Lynetten,60
1007224_1,Copenaghen_RL,Pseudomonas_E,0.034098837,2020-03-26 00:00:00,DTU_2020_1007224_1_MG_RL_CPH_Sewage_651,Denmark,Copenhagen,55.6956,12.6139,Rensningsanlaeg Lynetten,60
1007224_1,Copenaghen_RL,Pseudoxanthomonas,0.005788327,2020-03-26 00:00:00,DTU_2020_1007224_1_MG_RL_CPH_Sewage_651,Denmark,Copenhagen,55.6956,12.6139,Rensningsanlaeg Lynetten,60
1007224_1,Copenaghen_RL,Pseudoxanthomonas_A,0.006865042,2020-03-26 00:00:00,DTU_2020_1007224_1_MG_RL_CPH_Sewage_651,Denmark,Copenhagen,55.6956,12.6139,Rensningsanlaeg Lynetten,60
1007224_1,Copenaghen_RL,Psychrobacter,0.015823266,2020-03-26 00:00:00,DTU_2020_1007224_1_MG_RL_CPH_Sewage_651,Denmark,Copenhagen,55.6956,12.6139,Rensningsanlaeg Lynetten,60
1007224_1,Copenaghen_RL,Rubrivivax,0.000388418,2020-03-26 00:00:00,DTU_2020_1007224_1_MG_RL_CPH_Sewage_651,Denmark,Copenhagen,55.6956,12.6139,Rensningsanlaeg Lynetten,60
1007224_1,Copenaghen_RL,Streptococcus,0.018257539,2020-03-26 00:00:00,DTU_2020_1007224_1_MG_RL_CPH_Sewage_651,Denmark,Copenhagen,55.6956,12.6139,Rensningsanlaeg Lynetten,60
1007224_1,Copenaghen_RL,Telluria,0.001018646,2020-03-26 00:00:00,DTU_2020_1007224_1_MG_RL_CPH_Sewage_651,Denmark,Copenhagen,55.6956,12.6139,Rensningsanlaeg Lynetten,60
1007224_1,Copenaghen_RL,Thauera,0.009747565,2020-03-26 00:00:00,DTU_2020_1007224_1_MG_RL_CPH_Sewage_651,Denmark,Copenhagen,55.6956,12.6139,Rensningsanlaeg Lynetten,60
1007224_1,Copenaghen_RL,Thermomonas,0.010250444,2020-03-26 00:00:00,DTU_2020_1007224_1_MG_RL_CPH_Sewage_651,Denmark,Copenhagen,55.6956,12.6139,Rensningsanlaeg Lynetten,60
1007224_1,Copenaghen_RL,Thiothrix,0.000293477,2020-03-26 00:00:00,DTU_2020_1007224_1_MG_RL_CPH_Sewage_651,Denmark,Copenhagen,55.6956,12.6139,Rensningsanlaeg Lynetten,60
1007224_1,Copenaghen_RL,Tolumonas,0.000361627,2020-03-26 00:00:00,DTU_2020_1007224_1_MG_RL_CPH_Sewage_651,Denmark,Copenhagen,55.6956,12.6139,Rensningsanlaeg Lynetten,60
1007224_1,Copenaghen_RL,Trichococcus,0.038562097,2020-03-26 00:00:00,DTU_2020_1007224_1_MG_RL_CPH_Sewage_651,Denmark,Copenhagen,55.6956,12.6139,Rensningsanlaeg Lynetten,60
1007224_1,Copenaghen_RL,UBA1413,0.000147428,2020-03-26 00:00:00,DTU_2020_1007224_1_MG_RL_CPH_Sewage_651,Denmark,Copenhagen,55.6956,12.6139,Rensningsanlaeg Lynetten,60
1007224_1,Copenaghen_RL,merged,0.32599244,2020-03-26 00:00:00,DTU_2020_1007224_1_MG_RL_CPH_Sewage_651,Denmark,Copenhagen,55.6956,12.6139,Rensningsanlaeg Lynetten,60
1007213_1,Copenaghen_RA,Acidovorax,0.101999681,2020-04-02 00:00:00,DTU_2020_1007213_1_MG_RA_CPH_Sewage_638,Denmark,Copenhagen,55.6085,12.4505,Rensningsanlaeg Avedoere,61
1007213_1,Copenaghen_RA,Acinetobacter,0.057671259,2020-04-02 00:00:00,DTU_2020_1007213_1_MG_RA_CPH_Sewage_638,Denmark,Copenhagen,55.6085,12.4505,Rensningsanlaeg Avedoere,61
1007213_1,Copenaghen_RA,Aeromonas,0.032201614,2020-04-02 00:00:00,DTU_2020_1007213_1_MG_RA_CPH_Sewage_638,Denmark,Copenhagen,55.6085,12.4505,Rensningsanlaeg Avedoere,61
1007213_1,Copenaghen_RA,Aliarcobacter,0.203386545,2020-04-02 00:00:00,DTU_2020_1007213_1_MG_RA_CPH_Sewage_638,Denmark,Copenhagen,55.6085,12.4505,Rensningsanlaeg Avedoere,61
1007213_1,Copenaghen_RA,Aquabacterium_A,0.000251056,2020-04-02 00:00:00,DTU_2020_1007213_1_MG_RA_CPH_Sewage_638,Denmark,Copenhagen,55.6085,12.4505,Rensningsanlaeg Avedoere,61
1007213_1,Copenaghen_RA,Bacteroides,0.052115094,2020-04-02 00:00:00,DTU_2020_1007213_1_MG_RA_CPH_Sewage_638,Denmark,Copenhagen,55.6085,12.4505,Rensningsanlaeg Avedoere,61
1007213_1,Copenaghen_RA,Brachymonas,0.00390056,2020-04-02 00:00:00,DTU_2020_1007213_1_MG_RA_CPH_Sewage_638,Denmark,Copenhagen,55.6085,12.4505,Rensningsanlaeg Avedoere,61
1007213_1,Copenaghen_RA,Brevefilum,0.000158592,2020-04-02 00:00:00,DTU_2020_1007213_1_MG_RA_CPH_Sewage_638,Denmark,Copenhagen,55.6085,12.4505,Rensningsanlaeg Avedoere,61
1007213_1,Copenaghen_RA,Brevundimonas,0.000607228,2020-04-02 00:00:00,DTU_2020_1007213_1_MG_RA_CPH_Sewage_638,Denmark,Copenhagen,55.6085,12.4505,Rensningsanlaeg Avedoere,61
1007213_1,Copenaghen_RA,Cloacibacterium,0.008647448,2020-04-02 00:00:00,DTU_2020_1007213_1_MG_RA_CPH_Sewage_638,Denmark,Copenhagen,55.6085,12.4505,Rensningsanlaeg Avedoere,61
1007213_1,Copenaghen_RA,Comamonas,0.01241297,2020-04-02 00:00:00,DTU_2020_1007213_1_MG_RA_CPH_Sewage_638,Denmark,Copenhagen,55.6085,12.4505,Rensningsanlaeg Avedoere,61
1007213_1,Copenaghen_RA,Competibacter_A,2.36202e-05,2020-04-02 00:00:00,DTU_2020_1007213_1_MG_RA_CPH_Sewage_638,Denmark,Copenhagen,55.6085,12.4505,Rensningsanlaeg Avedoere,61
1007213_1,Copenaghen_RA,Enterobacter,0.000499518,2020-04-02 00:00:00,DTU_2020_1007213_1_MG_RA_CPH_Sewage_638,Denmark,Copenhagen,55.6085,12.4505,Rensningsanlaeg Avedoere,61
1007213_1,Copenaghen_RA,Fermentibacter,2.32875e-05,2020-04-02 00:00:00,DTU_2020_1007213_1_MG_RA_CPH_Sewage_638,Denmark,Copenhagen,55.6085,12.4505,Rensningsanlaeg Avedoere,61
1007213_1,Copenaghen_RA,Flavobacterium,0.014346719,2020-04-02 00:00:00,DTU_2020_1007213_1_MG_RA_CPH_Sewage_638,Denmark,Copenhagen,55.6085,12.4505,Rensningsanlaeg Avedoere,61
1007213_1,Copenaghen_RA,Giesbergeria,0.037545718,2020-04-02 00:00:00,DTU_2020_1007213_1_MG_RA_CPH_Sewage_638,Denmark,Copenhagen,55.6085,12.4505,Rensningsanlaeg Avedoere,61
1007213_1,Copenaghen_RA,Hydrogenophaga,0.001123329,2020-04-02 00:00:00,DTU_2020_1007213_1_MG_RA_CPH_Sewage_638,Denmark,Copenhagen,55.6085,12.4505,Rensningsanlaeg Avedoere,61
1007213_1,Copenaghen_RA,JAGOYM01,0.009697724,2020-04-02 00:00:00,DTU_2020_1007213_1_MG_RA_CPH_Sewage_638,Denmark,Copenhagen,55.6085,12.4505,Rensningsanlaeg Avedoere,61
1007213_1,Copenaghen_RA,Janthinobacterium,0.001193176,2020-04-02 00:00:00,DTU_2020_1007213_1_MG_RA_CPH_Sewage_638,Denmark,Copenhagen,55.6085,12.4505,Rensningsanlaeg Avedoere,61
1007213_1,Copenaghen_RA,Kaistella,0.002766649,2020-04-02 00:00:00,DTU_2020_1007213_1_MG_RA_CPH_Sewage_638,Denmark,Copenhagen,55.6085,12.4505,Rensningsanlaeg Avedoere,61
1007213_1,Copenaghen_RA,Lactococcus_A,0.00142686,2020-04-02 00:00:00,DTU_2020_1007213_1_MG_RA_CPH_Sewage_638,Denmark,Copenhagen,55.6085,12.4505,Rensningsanlaeg Avedoere,61
1007213_1,Copenaghen_RA,Lenti-01,0.000122116,2020-04-02 00:00:00,DTU_2020_1007213_1_MG_RA_CPH_Sewage_638,Denmark,Copenhagen,55.6085,12.4505,Rensningsanlaeg Avedoere,61
1007213_1,Copenaghen_RA,Microthrix,7.0718e-05,2020-04-02 00:00:00,DTU_2020_1007213_1_MG_RA_CPH_Sewage_638,Denmark,Copenhagen,55.6085,12.4505,Rensningsanlaeg Avedoere,61
1007213_1,Copenaghen_RA,Moraxella_A,0.001113573,2020-04-02 00:00:00,DTU_2020_1007213_1_MG_RA_CPH_Sewage_638,Denmark,Copenhagen,55.6085,12.4505,Rensningsanlaeg Avedoere,61
1007213_1,Copenaghen_RA,Neisseria,0.023287722,2020-04-02 00:00:00,DTU_2020_1007213_1_MG_RA_CPH_Sewage_638,Denmark,Copenhagen,55.6085,12.4505,Rensningsanlaeg Avedoere,61
1007213_1,Copenaghen_RA,Novosphingobium,0.000366994,2020-04-02 00:00:00,DTU_2020_1007213_1_MG_RA_CPH_Sewage_638,Denmark,Copenhagen,55.6085,12.4505,Rensningsanlaeg Avedoere,61
1007213_1,Copenaghen_RA,Ottowia,0.008385934,2020-04-02 00:00:00,DTU_2020_1007213_1_MG_RA_CPH_Sewage_638,Denmark,Copenhagen,55.6085,12.4505,Rensningsanlaeg Avedoere,61
1007213_1,Copenaghen_RA,Paracoccus,0.000426016,2020-04-02 00:00:00,DTU_2020_1007213_1_MG_RA_CPH_Sewage_638,Denmark,Copenhagen,55.6085,12.4505,Rensningsanlaeg Avedoere,61
1007213_1,Copenaghen_RA,Phocaeicola,0.032708191,2020-04-02 00:00:00,DTU_2020_1007213_1_MG_RA_CPH_Sewage_638,Denmark,Copenhagen,55.6085,12.4505,Rensningsanlaeg Avedoere,61
1007213_1,Copenaghen_RA,Prevotella,0.017411306,2020-04-02 00:00:00,DTU_2020_1007213_1_MG_RA_CPH_Sewage_638,Denmark,Copenhagen,55.6085,12.4505,Rensningsanlaeg Avedoere,61
1007213_1,Copenaghen_RA,Propionivibrio,0.006232883,2020-04-02 00:00:00,DTU_2020_1007213_1_MG_RA_CPH_Sewage_638,Denmark,Copenhagen,55.6085,12.4505,Rensningsanlaeg Avedoere,61
1007213_1,Copenaghen_RA,Pseudomonas_E,0.014056673,2020-04-02 00:00:00,DTU_2020_1007213_1_MG_RA_CPH_Sewage_638,Denmark,Copenhagen,55.6085,12.4505,Rensningsanlaeg Avedoere,61
1007213_1,Copenaghen_RA,Pseudoxanthomonas,0.001164553,2020-04-02 00:00:00,DTU_2020_1007213_1_MG_RA_CPH_Sewage_638,Denmark,Copenhagen,55.6085,12.4505,Rensningsanlaeg Avedoere,61
1007213_1,Copenaghen_RA,Pseudoxanthomonas_A,0.005126727,2020-04-02 00:00:00,DTU_2020_1007213_1_MG_RA_CPH_Sewage_638,Denmark,Copenhagen,55.6085,12.4505,Rensningsanlaeg Avedoere,61
1007213_1,Copenaghen_RA,Psychrobacter,0.009864186,2020-04-02 00:00:00,DTU_2020_1007213_1_MG_RA_CPH_Sewage_638,Denmark,Copenhagen,55.6085,12.4505,Rensningsanlaeg Avedoere,61
1007213_1,Copenaghen_RA,Rubrivivax,0.000171744,2020-04-02 00:00:00,DTU_2020_1007213_1_MG_RA_CPH_Sewage_638,Denmark,Copenhagen,55.6085,12.4505,Rensningsanlaeg Avedoere,61
1007213_1,Copenaghen_RA,Streptococcus,0.000597207,2020-04-02 00:00:00,DTU_2020_1007213_1_MG_RA_CPH_Sewage_638,Denmark,Copenhagen,55.6085,12.4505,Rensningsanlaeg Avedoere,61
1007213_1,Copenaghen_RA,Telluria,0.000682944,2020-04-02 00:00:00,DTU_2020_1007213_1_MG_RA_CPH_Sewage_638,Denmark,Copenhagen,55.6085,12.4505,Rensningsanlaeg Avedoere,61
1007213_1,Copenaghen_RA,Thauera,0.019171567,2020-04-02 00:00:00,DTU_2020_1007213_1_MG_RA_CPH_Sewage_638,Denmark,Copenhagen,55.6085,12.4505,Rensningsanlaeg Avedoere,61
1007213_1,Copenaghen_RA,Thermomonas,0.003482268,2020-04-02 00:00:00,DTU_2020_1007213_1_MG_RA_CPH_Sewage_638,Denmark,Copenhagen,55.6085,12.4505,Rensningsanlaeg Avedoere,61
1007213_1,Copenaghen_RA,Thiothrix,0.000660449,2020-04-02 00:00:00,DTU_2020_1007213_1_MG_RA_CPH_Sewage_638,Denmark,Copenhagen,55.6085,12.4505,Rensningsanlaeg Avedoere,61
1007213_1,Copenaghen_RA,Tolumonas,0.003531147,2020-04-02 00:00:00,DTU_2020_1007213_1_MG_RA_CPH_Sewage_638,Denmark,Copenhagen,55.6085,12.4505,Rensningsanlaeg Avedoere,61
1007213_1,Copenaghen_RA,Trichococcus,0.001474754,2020-04-02 00:00:00,DTU_2020_1007213_1_MG_RA_CPH_Sewage_638,Denmark,Copenhagen,55.6085,12.4505,Rensningsanlaeg Avedoere,61
1007213_1,Copenaghen_RA,UBA1413,0.000109975,2020-04-02 00:00:00,DTU_2020_1007213_1_MG_RA_CPH_Sewage_638,Denmark,Copenhagen,55.6085,12.4505,Rensningsanlaeg Avedoere,61
1007213_1,Copenaghen_RA,merged,0.307781705,2020-04-02 00:00:00,DTU_2020_1007213_1_MG_RA_CPH_Sewage_638,Denmark,Copenhagen,55.6085,12.4505,Rensningsanlaeg Avedoere,61
1007214_2,Copenaghen_RD,Acidovorax,0.107674905,2020-04-02 00:00:00,DTU_2020_1007214_2_MG_RD_CPH_Sewage_639,Denmark,Copenhagen,55.6405,12.5058,Rensningsanlaeg Damhusaaen,61
1007214_2,Copenaghen_RD,Acinetobacter,0.057873942,2020-04-02 00:00:00,DTU_2020_1007214_2_MG_RD_CPH_Sewage_639,Denmark,Copenhagen,55.6405,12.5058,Rensningsanlaeg Damhusaaen,61
1007214_2,Copenaghen_RD,Aeromonas,0.030282085,2020-04-02 00:00:00,DTU_2020_1007214_2_MG_RD_CPH_Sewage_639,Denmark,Copenhagen,55.6405,12.5058,Rensningsanlaeg Damhusaaen,61
1007214_2,Copenaghen_RD,Aliarcobacter,0.258843736,2020-04-02 00:00:00,DTU_2020_1007214_2_MG_RD_CPH_Sewage_639,Denmark,Copenhagen,55.6405,12.5058,Rensningsanlaeg Damhusaaen,61
1007214_2,Copenaghen_RD,Aquabacterium_A,0.000151598,2020-04-02 00:00:00,DTU_2020_1007214_2_MG_RD_CPH_Sewage_639,Denmark,Copenhagen,55.6405,12.5058,Rensningsanlaeg Damhusaaen,61
1007214_2,Copenaghen_RD,Bacteroides,0.027552622,2020-04-02 00:00:00,DTU_2020_1007214_2_MG_RD_CPH_Sewage_639,Denmark,Copenhagen,55.6405,12.5058,Rensningsanlaeg Damhusaaen,61
1007214_2,Copenaghen_RD,Brachymonas,0.003930972,2020-04-02 00:00:00,DTU_2020_1007214_2_MG_RD_CPH_Sewage_639,Denmark,Copenhagen,55.6405,12.5058,Rensningsanlaeg Damhusaaen,61
1007214_2,Copenaghen_RD,Brevefilum,1.97417e-05,2020-04-02 00:00:00,DTU_2020_1007214_2_MG_RD_CPH_Sewage_639,Denmark,Copenhagen,55.6405,12.5058,Rensningsanlaeg Damhusaaen,61
1007214_2,Copenaghen_RD,Brevundimonas,0.000601201,2020-04-02 00:00:00,DTU_2020_1007214_2_MG_RD_CPH_Sewage_639,Denmark,Copenhagen,55.6405,12.5058,Rensningsanlaeg Damhusaaen,61
1007214_2,Copenaghen_RD,Cloacibacterium,0.008065246,2020-04-02 00:00:00,DTU_2020_1007214_2_MG_RD_CPH_Sewage_639,Denmark,Copenhagen,55.6405,12.5058,Rensningsanlaeg Damhusaaen,61
1007214_2,Copenaghen_RD,Comamonas,0.009607693,2020-04-02 00:00:00,DTU_2020_1007214_2_MG_RD_CPH_Sewage_639,Denmark,Copenhagen,55.6405,12.5058,Rensningsanlaeg Damhusaaen,61
1007214_2,Copenaghen_RD,Competibacter_A,3.15392e-05,2020-04-02 00:00:00,DTU_2020_1007214_2_MG_RD_CPH_Sewage_639,Denmark,Copenhagen,55.6405,12.5058,Rensningsanlaeg Damhusaaen,61
1007214_2,Copenaghen_RD,Enterobacter,0.000507298,2020-04-02 00:00:00,DTU_2020_1007214_2_MG_RD_CPH_Sewage_639,Denmark,Copenhagen,55.6405,12.5058,Rensningsanlaeg Damhusaaen,61
1007214_2,Copenaghen_RD,Fermentibacter,1.35453e-05,2020-04-02 00:00:00,DTU_2020_1007214_2_MG_RD_CPH_Sewage_639,Denmark,Copenhagen,55.6405,12.5058,Rensningsanlaeg Damhusaaen,61
1007214_2,Copenaghen_RD,Flavobacterium,0.019189913,2020-04-02 00:00:00,DTU_2020_1007214_2_MG_RD_CPH_Sewage_639,Denmark,Copenhagen,55.6405,12.5058,Rensningsanlaeg Damhusaaen,61
1007214_2,Copenaghen_RD,Giesbergeria,0.028373547,2020-04-02 00:00:00,DTU_2020_1007214_2_MG_RD_CPH_Sewage_639,Denmark,Copenhagen,55.6405,12.5058,Rensningsanlaeg Damhusaaen,61
1007214_2,Copenaghen_RD,Hydrogenophaga,0.001903539,2020-04-02 00:00:00,DTU_2020_1007214_2_MG_RD_CPH_Sewage_639,Denmark,Copenhagen,55.6405,12.5058,Rensningsanlaeg Damhusaaen,61
1007214_2,Copenaghen_RD,JAGOYM01,0.004762494,2020-04-02 00:00:00,DTU_2020_1007214_2_MG_RD_CPH_Sewage_639,Denmark,Copenhagen,55.6405,12.5058,Rensningsanlaeg Damhusaaen,61
1007214_2,Copenaghen_RD,Janthinobacterium,0.000922873,2020-04-02 00:00:00,DTU_2020_1007214_2_MG_RD_CPH_Sewage_639,Denmark,Copenhagen,55.6405,12.5058,Rensningsanlaeg Damhusaaen,61
1007214_2,Copenaghen_RD,Kaistella,0.004765324,2020-04-02 00:00:00,DTU_2020_1007214_2_MG_RD_CPH_Sewage_639,Denmark,Copenhagen,55.6405,12.5058,Rensningsanlaeg Damhusaaen,61
1007214_2,Copenaghen_RD,Lactococcus_A,0.002295289,2020-04-02 00:00:00,DTU_2020_1007214_2_MG_RD_CPH_Sewage_639,Denmark,Copenhagen,55.6405,12.5058,Rensningsanlaeg Damhusaaen,61
1007214_2,Copenaghen_RD,Lenti-01,9.67942e-05,2020-04-02 00:00:00,DTU_2020_1007214_2_MG_RD_CPH_Sewage_639,Denmark,Copenhagen,55.6405,12.5058,Rensningsanlaeg Damhusaaen,61
1007214_2,Copenaghen_RD,Microthrix,1.74687e-05,2020-04-02 00:00:00,DTU_2020_1007214_2_MG_RD_CPH_Sewage_639,Denmark,Copenhagen,55.6405,12.5058,Rensningsanlaeg Damhusaaen,61
1007214_2,Copenaghen_RD,Moraxella_A,0.002711727,2020-04-02 00:00:00,DTU_2020_1007214_2_MG_RD_CPH_Sewage_639,Denmark,Copenhagen,55.6405,12.5058,Rensningsanlaeg Damhusaaen,61
1007214_2,Copenaghen_RD,Neisseria,0.007771615,2020-04-02 00:00:00,DTU_2020_1007214_2_MG_RD_CPH_Sewage_639,Denmark,Copenhagen,55.6405,12.5058,Rensningsanlaeg Damhusaaen,61
1007214_2,Copenaghen_RD,Novosphingobium,0.000170611,2020-04-02 00:00:00,DTU_2020_1007214_2_MG_RD_CPH_Sewage_639,Denmark,Copenhagen,55.6405,12.5058,Rensningsanlaeg Damhusaaen,61
1007214_2,Copenaghen_RD,Ottowia,0.013637344,2020-04-02 00:00:00,DTU_2020_1007214_2_MG_RD_CPH_Sewage_639,Denmark,Copenhagen,55.6405,12.5058,Rensningsanlaeg Damhusaaen,61
1007214_2,Copenaghen_RD,Paracoccus,0.000509025,2020-04-02 00:00:00,DTU_2020_1007214_2_MG_RD_CPH_Sewage_639,Denmark,Copenhagen,55.6405,12.5058,Rensningsanlaeg Damhusaaen,61
1007214_2,Copenaghen_RD,Phocaeicola,0.027262994,2020-04-02 00:00:00,DTU_2020_1007214_2_MG_RD_CPH_Sewage_639,Denmark,Copenhagen,55.6405,12.5058,Rensningsanlaeg Damhusaaen,61
1007214_2,Copenaghen_RD,Prevotella,0.054264783,2020-04-02 00:00:00,DTU_2020_1007214_2_MG_RD_CPH_Sewage_639,Denmark,Copenhagen,55.6405,12.5058,Rensningsanlaeg Damhusaaen,61
1007214_2,Copenaghen_RD,Propionivibrio,0.005665872,2020-04-02 00:00:00,DTU_2020_1007214_2_MG_RD_CPH_Sewage_639,Denmark,Copenhagen,55.6405,12.5058,Rensningsanlaeg Damhusaaen,61
1007214_2,Copenaghen_RD,Pseudomonas_E,0.014735728,2020-04-02 00:00:00,DTU_2020_1007214_2_MG_RD_CPH_Sewage_639,Denmark,Copenhagen,55.6405,12.5058,Rensningsanlaeg Damhusaaen,61
1007214_2,Copenaghen_RD,Pseudoxanthomonas,0.00140723,2020-04-02 00:00:00,DTU_2020_1007214_2_MG_RD_CPH_Sewage_639,Denmark,Copenhagen,55.6405,12.5058,Rensningsanlaeg Damhusaaen,61
1007214_2,Copenaghen_RD,Pseudoxanthomonas_A,0.002704108,2020-04-02 00:00:00,DTU_2020_1007214_2_MG_RD_CPH_Sewage_639,Denmark,Copenhagen,55.6405,12.5058,Rensningsanlaeg Damhusaaen,61
1007214_2,Copenaghen_RD,Psychrobacter,0.006383975,2020-04-02 00:00:00,DTU_2020_1007214_2_MG_RD_CPH_Sewage_639,Denmark,Copenhagen,55.6405,12.5058,Rensningsanlaeg Damhusaaen,61
1007214_2,Copenaghen_RD,Rubrivivax,0.000171344,2020-04-02 00:00:00,DTU_2020_1007214_2_MG_RD_CPH_Sewage_639,Denmark,Copenhagen,55.6405,12.5058,Rensningsanlaeg Damhusaaen,61
1007214_2,Copenaghen_RD,Streptococcus,0.000720939,2020-04-02 00:00:00,DTU_2020_1007214_2_MG_RD_CPH_Sewage_639,Denmark,Copenhagen,55.6405,12.5058,Rensningsanlaeg Damhusaaen,61
1007214_2,Copenaghen_RD,Telluria,0.000234136,2020-04-02 00:00:00,DTU_2020_1007214_2_MG_RD_CPH_Sewage_639,Denmark,Copenhagen,55.6405,12.5058,Rensningsanlaeg Damhusaaen,61
1007214_2,Copenaghen_RD,Thauera,0.010045333,2020-04-02 00:00:00,DTU_2020_1007214_2_MG_RD_CPH_Sewage_639,Denmark,Copenhagen,55.6405,12.5058,Rensningsanlaeg Damhusaaen,61
1007214_2,Copenaghen_RD,Thermomonas,0.002193348,2020-04-02 00:00:00,DTU_2020_1007214_2_MG_RD_CPH_Sewage_639,Denmark,Copenhagen,55.6405,12.5058,Rensningsanlaeg Damhusaaen,61
1007214_2,Copenaghen_RD,Thiothrix,0.000417701,2020-04-02 00:00:00,DTU_2020_1007214_2_MG_RD_CPH_Sewage_639,Denmark,Copenhagen,55.6405,12.5058,Rensningsanlaeg Damhusaaen,61
1007214_2,Copenaghen_RD,Tolumonas,0.001012245,2020-04-02 00:00:00,DTU_2020_1007214_2_MG_RD_CPH_Sewage_639,Denmark,Copenhagen,55.6405,12.5058,Rensningsanlaeg Damhusaaen,61
1007214_2,Copenaghen_RD,Trichococcus,0.00204044,2020-04-02 00:00:00,DTU_2020_1007214_2_MG_RD_CPH_Sewage_639,Denmark,Copenhagen,55.6405,12.5058,Rensningsanlaeg Damhusaaen,61
1007214_2,Copenaghen_RD,UBA1413,9.97275e-06,2020-04-02 00:00:00,DTU_2020_1007214_2_MG_RD_CPH_Sewage_639,Denmark,Copenhagen,55.6405,12.5058,Rensningsanlaeg Damhusaaen,61
1007214_2,Copenaghen_RD,merged,0.278446162,2020-04-02 00:00:00,DTU_2020_1007214_2_MG_RD_CPH_Sewage_639,Denmark,Copenhagen,55.6405,12.5058,Rensningsanlaeg Damhusaaen,61
1007215_2,Copenaghen_RL,Acidovorax,0.154694816,2020-04-02 00:00:00,DTU_2020_1007215_2_MG_RL_CPH_Sewage_640,Denmark,Copenhagen,55.6956,12.6139,Rensningsanlaeg Lynetten,61
1007215_2,Copenaghen_RL,Acinetobacter,0.083023131,2020-04-02 00:00:00,DTU_2020_1007215_2_MG_RL_CPH_Sewage_640,Denmark,Copenhagen,55.6956,12.6139,Rensningsanlaeg Lynetten,61
1007215_2,Copenaghen_RL,Aeromonas,0.030261079,2020-04-02 00:00:00,DTU_2020_1007215_2_MG_RL_CPH_Sewage_640,Denmark,Copenhagen,55.6956,12.6139,Rensningsanlaeg Lynetten,61
1007215_2,Copenaghen_RL,Aliarcobacter,0.083738956,2020-04-02 00:00:00,DTU_2020_1007215_2_MG_RL_CPH_Sewage_640,Denmark,Copenhagen,55.6956,12.6139,Rensningsanlaeg Lynetten,61
1007215_2,Copenaghen_RL,Aquabacterium_A,0.00026213,2020-04-02 00:00:00,DTU_2020_1007215_2_MG_RL_CPH_Sewage_640,Denmark,Copenhagen,55.6956,12.6139,Rensningsanlaeg Lynetten,61
1007215_2,Copenaghen_RL,Bacteroides,0.016893977,2020-04-02 00:00:00,DTU_2020_1007215_2_MG_RL_CPH_Sewage_640,Denmark,Copenhagen,55.6956,12.6139,Rensningsanlaeg Lynetten,61
1007215_2,Copenaghen_RL,Brachymonas,0.004555997,2020-04-02 00:00:00,DTU_2020_1007215_2_MG_RL_CPH_Sewage_640,Denmark,Copenhagen,55.6956,12.6139,Rensningsanlaeg Lynetten,61
1007215_2,Copenaghen_RL,Brevefilum,3.50038e-05,2020-04-02 00:00:00,DTU_2020_1007215_2_MG_RL_CPH_Sewage_640,Denmark,Copenhagen,55.6956,12.6139,Rensningsanlaeg Lynetten,61
1007215_2,Copenaghen_RL,Brevundimonas,0.000645776,2020-04-02 00:00:00,DTU_2020_1007215_2_MG_RL_CPH_Sewage_640,Denmark,Copenhagen,55.6956,12.6139,Rensningsanlaeg Lynetten,61
1007215_2,Copenaghen_RL,Cloacibacterium,0.01210814,2020-04-02 00:00:00,DTU_2020_1007215_2_MG_RL_CPH_Sewage_640,Denmark,Copenhagen,55.6956,12.6139,Rensningsanlaeg Lynetten,61
1007215_2,Copenaghen_RL,Comamonas,0.060374646,2020-04-02 00:00:00,DTU_2020_1007215_2_MG_RL_CPH_Sewage_640,Denmark,Copenhagen,55.6956,12.6139,Rensningsanlaeg Lynetten,61
1007215_2,Copenaghen_RL,Competibacter_A,3.49562e-05,2020-04-02 00:00:00,DTU_2020_1007215_2_MG_RL_CPH_Sewage_640,Denmark,Copenhagen,55.6956,12.6139,Rensningsanlaeg Lynetten,61
1007215_2,Copenaghen_RL,Enterobacter,0.000432513,2020-04-02 00:00:00,DTU_2020_1007215_2_MG_RL_CPH_Sewage_640,Denmark,Copenhagen,55.6956,12.6139,Rensningsanlaeg Lynetten,61
1007215_2,Copenaghen_RL,Fermentibacter,6.08507e-05,2020-04-02 00:00:00,DTU_2020_1007215_2_MG_RL_CPH_Sewage_640,Denmark,Copenhagen,55.6956,12.6139,Rensningsanlaeg Lynetten,61
1007215_2,Copenaghen_RL,Flavobacterium,0.028904504,2020-04-02 00:00:00,DTU_2020_1007215_2_MG_RL_CPH_Sewage_640,Denmark,Copenhagen,55.6956,12.6139,Rensningsanlaeg Lynetten,61
1007215_2,Copenaghen_RL,Giesbergeria,0.039428545,2020-04-02 00:00:00,DTU_2020_1007215_2_MG_RL_CPH_Sewage_640,Denmark,Copenhagen,55.6956,12.6139,Rensningsanlaeg Lynetten,61
1007215_2,Copenaghen_RL,Hydrogenophaga,0.001195784,2020-04-02 00:00:00,DTU_2020_1007215_2_MG_RL_CPH_Sewage_640,Denmark,Copenhagen,55.6956,12.6139,Rensningsanlaeg Lynetten,61
1007215_2,Copenaghen_RL,JAGOYM01,0.00311577,2020-04-02 00:00:00,DTU_2020_1007215_2_MG_RL_CPH_Sewage_640,Denmark,Copenhagen,55.6956,12.6139,Rensningsanlaeg Lynetten,61
1007215_2,Copenaghen_RL,Janthinobacterium,0.001133639,2020-04-02 00:00:00,DTU_2020_1007215_2_MG_RL_CPH_Sewage_640,Denmark,Copenhagen,55.6956,12.6139,Rensningsanlaeg Lynetten,61
1007215_2,Copenaghen_RL,Kaistella,0.003914357,2020-04-02 00:00:00,DTU_2020_1007215_2_MG_RL_CPH_Sewage_640,Denmark,Copenhagen,55.6956,12.6139,Rensningsanlaeg Lynetten,61
1007215_2,Copenaghen_RL,Lactococcus_A,0.004060724,2020-04-02 00:00:00,DTU_2020_1007215_2_MG_RL_CPH_Sewage_640,Denmark,Copenhagen,55.6956,12.6139,Rensningsanlaeg Lynetten,61
1007215_2,Copenaghen_RL,Lenti-01,0.000189184,2020-04-02 00:00:00,DTU_2020_1007215_2_MG_RL_CPH_Sewage_640,Denmark,Copenhagen,55.6956,12.6139,Rensningsanlaeg Lynetten,61
1007215_2,Copenaghen_RL,Microthrix,2.08234e-05,2020-04-02 00:00:00,DTU_2020_1007215_2_MG_RL_CPH_Sewage_640,Denmark,Copenhagen,55.6956,12.6139,Rensningsanlaeg Lynetten,61
1007215_2,Copenaghen_RL,Moraxella_A,0.00441612,2020-04-02 00:00:00,DTU_2020_1007215_2_MG_RL_CPH_Sewage_640,Denmark,Copenhagen,55.6956,12.6139,Rensningsanlaeg Lynetten,61
1007215_2,Copenaghen_RL,Neisseria,0.014051219,2020-04-02 00:00:00,DTU_2020_1007215_2_MG_RL_CPH_Sewage_640,Denmark,Copenhagen,55.6956,12.6139,Rensningsanlaeg Lynetten,61
1007215_2,Copenaghen_RL,Novosphingobium,0.000359085,2020-04-02 00:00:00,DTU_2020_1007215_2_MG_RL_CPH_Sewage_640,Denmark,Copenhagen,55.6956,12.6139,Rensningsanlaeg Lynetten,61
1007215_2,Copenaghen_RL,Ottowia,0.031115889,2020-04-02 00:00:00,DTU_2020_1007215_2_MG_RL_CPH_Sewage_640,Denmark,Copenhagen,55.6956,12.6139,Rensningsanlaeg Lynetten,61
1007215_2,Copenaghen_RL,Paracoccus,0.000802573,2020-04-02 00:00:00,DTU_2020_1007215_2_MG_RL_CPH_Sewage_640,Denmark,Copenhagen,55.6956,12.6139,Rensningsanlaeg Lynetten,61
1007215_2,Copenaghen_RL,Phocaeicola,0.014946767,2020-04-02 00:00:00,DTU_2020_1007215_2_MG_RL_CPH_Sewage_640,Denmark,Copenhagen,55.6956,12.6139,Rensningsanlaeg Lynetten,61
1007215_2,Copenaghen_RL,Prevotella,0.020155811,2020-04-02 00:00:00,DTU_2020_1007215_2_MG_RL_CPH_Sewage_640,Denmark,Copenhagen,55.6956,12.6139,Rensningsanlaeg Lynetten,61
1007215_2,Copenaghen_RL,Propionivibrio,0.012115552,2020-04-02 00:00:00,DTU_2020_1007215_2_MG_RL_CPH_Sewage_640,Denmark,Copenhagen,55.6956,12.6139,Rensningsanlaeg Lynetten,61
1007215_2,Copenaghen_RL,Pseudomonas_E,0.018571528,2020-04-02 00:00:00,DTU_2020_1007215_2_MG_RL_CPH_Sewage_640,Denmark,Copenhagen,55.6956,12.6139,Rensningsanlaeg Lynetten,61
1007215_2,Copenaghen_RL,Pseudoxanthomonas,0.004069433,2020-04-02 00:00:00,DTU_2020_1007215_2_MG_RL_CPH_Sewage_640,Denmark,Copenhagen,55.6956,12.6139,Rensningsanlaeg Lynetten,61
1007215_2,Copenaghen_RL,Pseudoxanthomonas_A,0.0140655,2020-04-02 00:00:00,DTU_2020_1007215_2_MG_RL_CPH_Sewage_640,Denmark,Copenhagen,55.6956,12.6139,Rensningsanlaeg Lynetten,61
1007215_2,Copenaghen_RL,Psychrobacter,0.008505266,2020-04-02 00:00:00,DTU_2020_1007215_2_MG_RL_CPH_Sewage_640,Denmark,Copenhagen,55.6956,12.6139,Rensningsanlaeg Lynetten,61
1007215_2,Copenaghen_RL,Rubrivivax,0.000389841,2020-04-02 00:00:00,DTU_2020_1007215_2_MG_RL_CPH_Sewage_640,Denmark,Copenhagen,55.6956,12.6139,Rensningsanlaeg Lynetten,61
1007215_2,Copenaghen_RL,Streptococcus,0.002477126,2020-04-02 00:00:00,DTU_2020_1007215_2_MG_RL_CPH_Sewage_640,Denmark,Copenhagen,55.6956,12.6139,Rensningsanlaeg Lynetten,61
1007215_2,Copenaghen_RL,Telluria,0.000530177,2020-04-02 00:00:00,DTU_2020_1007215_2_MG_RL_CPH_Sewage_640,Denmark,Copenhagen,55.6956,12.6139,Rensningsanlaeg Lynetten,61
1007215_2,Copenaghen_RL,Thauera,0.014124891,2020-04-02 00:00:00,DTU_2020_1007215_2_MG_RL_CPH_Sewage_640,Denmark,Copenhagen,55.6956,12.6139,Rensningsanlaeg Lynetten,61
1007215_2,Copenaghen_RL,Thermomonas,0.004862981,2020-04-02 00:00:00,DTU_2020_1007215_2_MG_RL_CPH_Sewage_640,Denmark,Copenhagen,55.6956,12.6139,Rensningsanlaeg Lynetten,61
1007215_2,Copenaghen_RL,Thiothrix,0.000746868,2020-04-02 00:00:00,DTU_2020_1007215_2_MG_RL_CPH_Sewage_640,Denmark,Copenhagen,55.6956,12.6139,Rensningsanlaeg Lynetten,61
1007215_2,Copenaghen_RL,Tolumonas,0.001089108,2020-04-02 00:00:00,DTU_2020_1007215_2_MG_RL_CPH_Sewage_640,Denmark,Copenhagen,55.6956,12.6139,Rensningsanlaeg Lynetten,61
1007215_2,Copenaghen_RL,Trichococcus,0.005769067,2020-04-02 00:00:00,DTU_2020_1007215_2_MG_RL_CPH_Sewage_640,Denmark,Copenhagen,55.6956,12.6139,Rensningsanlaeg Lynetten,61
1007215_2,Copenaghen_RL,UBA1413,8.09347e-05,2020-04-02 00:00:00,DTU_2020_1007215_2_MG_RL_CPH_Sewage_640,Denmark,Copenhagen,55.6956,12.6139,Rensningsanlaeg Lynetten,61
1007215_2,Copenaghen_RL,merged,0.297668962,2020-04-02 00:00:00,DTU_2020_1007215_2_MG_RL_CPH_Sewage_640,Denmark,Copenhagen,55.6956,12.6139,Rensningsanlaeg Lynetten,61
1007226_1,Copenaghen_RL,Acidovorax,0.113853506,2020-04-16 00:00:00,DTU_2020_1007226_1_MG_RL_CPH_Sewage_653,Denmark,Copenhagen,55.6956,12.6139,Rensningsanlaeg Lynetten,63
1007226_1,Copenaghen_RL,Acinetobacter,0.024166308,2020-04-16 00:00:00,DTU_2020_1007226_1_MG_RL_CPH_Sewage_653,Denmark,Copenhagen,55.6956,12.6139,Rensningsanlaeg Lynetten,63
1007226_1,Copenaghen_RL,Aeromonas,0.0102445,2020-04-16 00:00:00,DTU_2020_1007226_1_MG_RL_CPH_Sewage_653,Denmark,Copenhagen,55.6956,12.6139,Rensningsanlaeg Lynetten,63
1007226_1,Copenaghen_RL,Aliarcobacter,0.042683694,2020-04-16 00:00:00,DTU_2020_1007226_1_MG_RL_CPH_Sewage_653,Denmark,Copenhagen,55.6956,12.6139,Rensningsanlaeg Lynetten,63
1007226_1,Copenaghen_RL,Aquabacterium_A,0.000192587,2020-04-16 00:00:00,DTU_2020_1007226_1_MG_RL_CPH_Sewage_653,Denmark,Copenhagen,55.6956,12.6139,Rensningsanlaeg Lynetten,63
1007226_1,Copenaghen_RL,Bacteroides,0.006842237,2020-04-16 00:00:00,DTU_2020_1007226_1_MG_RL_CPH_Sewage_653,Denmark,Copenhagen,55.6956,12.6139,Rensningsanlaeg Lynetten,63
1007226_1,Copenaghen_RL,Brachymonas,0.012642235,2020-04-16 00:00:00,DTU_2020_1007226_1_MG_RL_CPH_Sewage_653,Denmark,Copenhagen,55.6956,12.6139,Rensningsanlaeg Lynetten,63
1007226_1,Copenaghen_RL,Brevefilum,1.76338e-05,2020-04-16 00:00:00,DTU_2020_1007226_1_MG_RL_CPH_Sewage_653,Denmark,Copenhagen,55.6956,12.6139,Rensningsanlaeg Lynetten,63
1007226_1,Copenaghen_RL,Brevundimonas,0.001090325,2020-04-16 00:00:00,DTU_2020_1007226_1_MG_RL_CPH_Sewage_653,Denmark,Copenhagen,55.6956,12.6139,Rensningsanlaeg Lynetten,63
1007226_1,Copenaghen_RL,Cloacibacterium,0.012272922,2020-04-16 00:00:00,DTU_2020_1007226_1_MG_RL_CPH_Sewage_653,Denmark,Copenhagen,55.6956,12.6139,Rensningsanlaeg Lynetten,63
1007226_1,Copenaghen_RL,Comamonas,0.020632628,2020-04-16 00:00:00,DTU_2020_1007226_1_MG_RL_CPH_Sewage_653,Denmark,Copenhagen,55.6956,12.6139,Rensningsanlaeg Lynetten,63
1007226_1,Copenaghen_RL,Competibacter_A,4.38695e-05,2020-04-16 00:00:00,DTU_2020_1007226_1_MG_RL_CPH_Sewage_653,Denmark,Copenhagen,55.6956,12.6139,Rensningsanlaeg Lynetten,63
1007226_1,Copenaghen_RL,Enterobacter,0.000349594,2020-04-16 00:00:00,DTU_2020_1007226_1_MG_RL_CPH_Sewage_653,Denmark,Copenhagen,55.6956,12.6139,Rensningsanlaeg Lynetten,63
1007226_1,Copenaghen_RL,Fermentibacter,4.84958e-05,2020-04-16 00:00:00,DTU_2020_1007226_1_MG_RL_CPH_Sewage_653,Denmark,Copenhagen,55.6956,12.6139,Rensningsanlaeg Lynetten,63
1007226_1,Copenaghen_RL,Flavobacterium,0.011028552,2020-04-16 00:00:00,DTU_2020_1007226_1_MG_RL_CPH_Sewage_653,Denmark,Copenhagen,55.6956,12.6139,Rensningsanlaeg Lynetten,63
1007226_1,Copenaghen_RL,Giesbergeria,0.018733062,2020-04-16 00:00:00,DTU_2020_1007226_1_MG_RL_CPH_Sewage_653,Denmark,Copenhagen,55.6956,12.6139,Rensningsanlaeg Lynetten,63
1007226_1,Copenaghen_RL,Hydrogenophaga,0.000952282,2020-04-16 00:00:00,DTU_2020_1007226_1_MG_RL_CPH_Sewage_653,Denmark,Copenhagen,55.6956,12.6139,Rensningsanlaeg Lynetten,63
1007226_1,Copenaghen_RL,JAGOYM01,0.009238501,2020-04-16 00:00:00,DTU_2020_1007226_1_MG_RL_CPH_Sewage_653,Denmark,Copenhagen,55.6956,12.6139,Rensningsanlaeg Lynetten,63
1007226_1,Copenaghen_RL,Janthinobacterium,0.00095273,2020-04-16 00:00:00,DTU_2020_1007226_1_MG_RL_CPH_Sewage_653,Denmark,Copenhagen,55.6956,12.6139,Rensningsanlaeg Lynetten,63
1007226_1,Copenaghen_RL,Kaistella,0.005090829,2020-04-16 00:00:00,DTU_2020_1007226_1_MG_RL_CPH_Sewage_653,Denmark,Copenhagen,55.6956,12.6139,Rensningsanlaeg Lynetten,63
1007226_1,Copenaghen_RL,Lactococcus_A,0.016872263,2020-04-16 00:00:00,DTU_2020_1007226_1_MG_RL_CPH_Sewage_653,Denmark,Copenhagen,55.6956,12.6139,Rensningsanlaeg Lynetten,63
1007226_1,Copenaghen_RL,Lenti-01,0.000102908,2020-04-16 00:00:00,DTU_2020_1007226_1_MG_RL_CPH_Sewage_653,Denmark,Copenhagen,55.6956,12.6139,Rensningsanlaeg Lynetten,63
1007226_1,Copenaghen_RL,Microthrix,5.93665e-05,2020-04-16 00:00:00,DTU_2020_1007226_1_MG_RL_CPH_Sewage_653,Denmark,Copenhagen,55.6956,12.6139,Rensningsanlaeg Lynetten,63
1007226_1,Copenaghen_RL,Moraxella_A,0.00247992,2020-04-16 00:00:00,DTU_2020_1007226_1_MG_RL_CPH_Sewage_653,Denmark,Copenhagen,55.6956,12.6139,Rensningsanlaeg Lynetten,63
1007226_1,Copenaghen_RL,Neisseria,0.030849461,2020-04-16 00:00:00,DTU_2020_1007226_1_MG_RL_CPH_Sewage_653,Denmark,Copenhagen,55.6956,12.6139,Rensningsanlaeg Lynetten,63
1007226_1,Copenaghen_RL,Novosphingobium,0.000167997,2020-04-16 00:00:00,DTU_2020_1007226_1_MG_RL_CPH_Sewage_653,Denmark,Copenhagen,55.6956,12.6139,Rensningsanlaeg Lynetten,63
1007226_1,Copenaghen_RL,Ottowia,0.040430913,2020-04-16 00:00:00,DTU_2020_1007226_1_MG_RL_CPH_Sewage_653,Denmark,Copenhagen,55.6956,12.6139,Rensningsanlaeg Lynetten,63
1007226_1,Copenaghen_RL,Paracoccus,0.001890835,2020-04-16 00:00:00,DTU_2020_1007226_1_MG_RL_CPH_Sewage_653,Denmark,Copenhagen,55.6956,12.6139,Rensningsanlaeg Lynetten,63
1007226_1,Copenaghen_RL,Phocaeicola,0.005183751,2020-04-16 00:00:00,DTU_2020_1007226_1_MG_RL_CPH_Sewage_653,Denmark,Copenhagen,55.6956,12.6139,Rensningsanlaeg Lynetten,63
1007226_1,Copenaghen_RL,Prevotella,0.005318769,2020-04-16 00:00:00,DTU_2020_1007226_1_MG_RL_CPH_Sewage_653,Denmark,Copenhagen,55.6956,12.6139,Rensningsanlaeg Lynetten,63
1007226_1,Copenaghen_RL,Propionivibrio,0.005765677,2020-04-16 00:00:00,DTU_2020_1007226_1_MG_RL_CPH_Sewage_653,Denmark,Copenhagen,55.6956,12.6139,Rensningsanlaeg Lynetten,63
1007226_1,Copenaghen_RL,Pseudomonas_E,0.011796727,2020-04-16 00:00:00,DTU_2020_1007226_1_MG_RL_CPH_Sewage_653,Denmark,Copenhagen,55.6956,12.6139,Rensningsanlaeg Lynetten,63
1007226_1,Copenaghen_RL,Pseudoxanthomonas,0.006873212,2020-04-16 00:00:00,DTU_2020_1007226_1_MG_RL_CPH_Sewage_653,Denmark,Copenhagen,55.6956,12.6139,Rensningsanlaeg Lynetten,63
1007226_1,Copenaghen_RL,Pseudoxanthomonas_A,0.010336922,2020-04-16 00:00:00,DTU_2020_1007226_1_MG_RL_CPH_Sewage_653,Denmark,Copenhagen,55.6956,12.6139,Rensningsanlaeg Lynetten,63
1007226_1,Copenaghen_RL,Psychrobacter,0.019069868,2020-04-16 00:00:00,DTU_2020_1007226_1_MG_RL_CPH_Sewage_653,Denmark,Copenhagen,55.6956,12.6139,Rensningsanlaeg Lynetten,63
1007226_1,Copenaghen_RL,Rubrivivax,0.000318086,2020-04-16 00:00:00,DTU_2020_1007226_1_MG_RL_CPH_Sewage_653,Denmark,Copenhagen,55.6956,12.6139,Rensningsanlaeg Lynetten,63
1007226_1,Copenaghen_RL,Streptococcus,0.012118291,2020-04-16 00:00:00,DTU_2020_1007226_1_MG_RL_CPH_Sewage_653,Denmark,Copenhagen,55.6956,12.6139,Rensningsanlaeg Lynetten,63
1007226_1,Copenaghen_RL,Telluria,0.00042279,2020-04-16 00:00:00,DTU_2020_1007226_1_MG_RL_CPH_Sewage_653,Denmark,Copenhagen,55.6956,12.6139,Rensningsanlaeg Lynetten,63
1007226_1,Copenaghen_RL,Thauera,0.014625227,2020-04-16 00:00:00,DTU_2020_1007226_1_MG_RL_CPH_Sewage_653,Denmark,Copenhagen,55.6956,12.6139,Rensningsanlaeg Lynetten,63
1007226_1,Copenaghen_RL,Thermomonas,0.005885551,2020-04-16 00:00:00,DTU_2020_1007226_1_MG_RL_CPH_Sewage_653,Denmark,Copenhagen,55.6956,12.6139,Rensningsanlaeg Lynetten,63
1007226_1,Copenaghen_RL,Thiothrix,0.000828356,2020-04-16 00:00:00,DTU_2020_1007226_1_MG_RL_CPH_Sewage_653,Denmark,Copenhagen,55.6956,12.6139,Rensningsanlaeg Lynetten,63
1007226_1,Copenaghen_RL,Tolumonas,0.001156959,2020-04-16 00:00:00,DTU_2020_1007226_1_MG_RL_CPH_Sewage_653,Denmark,Copenhagen,55.6956,12.6139,Rensningsanlaeg Lynetten,63
1007226_1,Copenaghen_RL,Trichococcus,0.150782128,2020-04-16 00:00:00,DTU_2020_1007226_1_MG_RL_CPH_Sewage_653,Denmark,Copenhagen,55.6956,12.6139,Rensningsanlaeg Lynetten,63
1007226_1,Copenaghen_RL,UBA1413,1.06942e-05,2020-04-16 00:00:00,DTU_2020_1007226_1_MG_RL_CPH_Sewage_653,Denmark,Copenhagen,55.6956,12.6139,Rensningsanlaeg Lynetten,63
1007226_1,Copenaghen_RL,merged,0.365576835,2020-04-16 00:00:00,DTU_2020_1007226_1_MG_RL_CPH_Sewage_653,Denmark,Copenhagen,55.6956,12.6139,Rensningsanlaeg Lynetten,63
1007228_1,Copenaghen_RA,Acidovorax,0.177934091,2020-04-27 00:00:00,DTU_2020_1007228_1_MG_RA_CPH_Sewage_655,Denmark,Copenhagen,55.6085,12.4505,Rensningsanlaeg Avedoere,64
1007228_1,Copenaghen_RA,Acinetobacter,0.038700897,2020-04-27 00:00:00,DTU_2020_1007228_1_MG_RA_CPH_Sewage_655,Denmark,Copenhagen,55.6085,12.4505,Rensningsanlaeg Avedoere,64
1007228_1,Copenaghen_RA,Aeromonas,0.015453586,2020-04-27 00:00:00,DTU_2020_1007228_1_MG_RA_CPH_Sewage_655,Denmark,Copenhagen,55.6085,12.4505,Rensningsanlaeg Avedoere,64
1007228_1,Copenaghen_RA,Aliarcobacter,0.109189792,2020-04-27 00:00:00,DTU_2020_1007228_1_MG_RA_CPH_Sewage_655,Denmark,Copenhagen,55.6085,12.4505,Rensningsanlaeg Avedoere,64
1007228_1,Copenaghen_RA,Aquabacterium_A,0.000443412,2020-04-27 00:00:00,DTU_2020_1007228_1_MG_RA_CPH_Sewage_655,Denmark,Copenhagen,55.6085,12.4505,Rensningsanlaeg Avedoere,64
1007228_1,Copenaghen_RA,Bacteroides,0.004126496,2020-04-27 00:00:00,DTU_2020_1007228_1_MG_RA_CPH_Sewage_655,Denmark,Copenhagen,55.6085,12.4505,Rensningsanlaeg Avedoere,64
1007228_1,Copenaghen_RA,Brachymonas,0.008266199,2020-04-27 00:00:00,DTU_2020_1007228_1_MG_RA_CPH_Sewage_655,Denmark,Copenhagen,55.6085,12.4505,Rensningsanlaeg Avedoere,64
1007228_1,Copenaghen_RA,Brevefilum,8.86147e-06,2020-04-27 00:00:00,DTU_2020_1007228_1_MG_RA_CPH_Sewage_655,Denmark,Copenhagen,55.6085,12.4505,Rensningsanlaeg Avedoere,64
1007228_1,Copenaghen_RA,Brevundimonas,0.000930731,2020-04-27 00:00:00,DTU_2020_1007228_1_MG_RA_CPH_Sewage_655,Denmark,Copenhagen,55.6085,12.4505,Rensningsanlaeg Avedoere,64
1007228_1,Copenaghen_RA,Cloacibacterium,0.024157011,2020-04-27 00:00:00,DTU_2020_1007228_1_MG_RA_CPH_Sewage_655,Denmark,Copenhagen,55.6085,12.4505,Rensningsanlaeg Avedoere,64
1007228_1,Copenaghen_RA,Comamonas,0.036134637,2020-04-27 00:00:00,DTU_2020_1007228_1_MG_RA_CPH_Sewage_655,Denmark,Copenhagen,55.6085,12.4505,Rensningsanlaeg Avedoere,64
1007228_1,Copenaghen_RA,Competibacter_A,4.02452e-05,2020-04-27 00:00:00,DTU_2020_1007228_1_MG_RA_CPH_Sewage_655,Denmark,Copenhagen,55.6085,12.4505,Rensningsanlaeg Avedoere,64
1007228_1,Copenaghen_RA,Enterobacter,0.000459261,2020-04-27 00:00:00,DTU_2020_1007228_1_MG_RA_CPH_Sewage_655,Denmark,Copenhagen,55.6085,12.4505,Rensningsanlaeg Avedoere,64
1007228_1,Copenaghen_RA,Fermentibacter,3.92925e-06,2020-04-27 00:00:00,DTU_2020_1007228_1_MG_RA_CPH_Sewage_655,Denmark,Copenhagen,55.6085,12.4505,Rensningsanlaeg Avedoere,64
1007228_1,Copenaghen_RA,Flavobacterium,0.018003572,2020-04-27 00:00:00,DTU_2020_1007228_1_MG_RA_CPH_Sewage_655,Denmark,Copenhagen,55.6085,12.4505,Rensningsanlaeg Avedoere,64
1007228_1,Copenaghen_RA,Giesbergeria,0.015091538,2020-04-27 00:00:00,DTU_2020_1007228_1_MG_RA_CPH_Sewage_655,Denmark,Copenhagen,55.6085,12.4505,Rensningsanlaeg Avedoere,64
1007228_1,Copenaghen_RA,Hydrogenophaga,0.001855107,2020-04-27 00:00:00,DTU_2020_1007228_1_MG_RA_CPH_Sewage_655,Denmark,Copenhagen,55.6085,12.4505,Rensningsanlaeg Avedoere,64
1007228_1,Copenaghen_RA,JAGOYM01,0.011189818,2020-04-27 00:00:00,DTU_2020_1007228_1_MG_RA_CPH_Sewage_655,Denmark,Copenhagen,55.6085,12.4505,Rensningsanlaeg Avedoere,64
1007228_1,Copenaghen_RA,Janthinobacterium,0.00052986,2020-04-27 00:00:00,DTU_2020_1007228_1_MG_RA_CPH_Sewage_655,Denmark,Copenhagen,55.6085,12.4505,Rensningsanlaeg Avedoere,64
1007228_1,Copenaghen_RA,Kaistella,0.011499402,2020-04-27 00:00:00,DTU_2020_1007228_1_MG_RA_CPH_Sewage_655,Denmark,Copenhagen,55.6085,12.4505,Rensningsanlaeg Avedoere,64
1007228_1,Copenaghen_RA,Lactococcus_A,0.007269114,2020-04-27 00:00:00,DTU_2020_1007228_1_MG_RA_CPH_Sewage_655,Denmark,Copenhagen,55.6085,12.4505,Rensningsanlaeg Avedoere,64
1007228_1,Copenaghen_RA,Lenti-01,0.000133228,2020-04-27 00:00:00,DTU_2020_1007228_1_MG_RA_CPH_Sewage_655,Denmark,Copenhagen,55.6085,12.4505,Rensningsanlaeg Avedoere,64
1007228_1,Copenaghen_RA,Microthrix,0.000147105,2020-04-27 00:00:00,DTU_2020_1007228_1_MG_RA_CPH_Sewage_655,Denmark,Copenhagen,55.6085,12.4505,Rensningsanlaeg Avedoere,64
1007228_1,Copenaghen_RA,Moraxella_A,0.000965153,2020-04-27 00:00:00,DTU_2020_1007228_1_MG_RA_CPH_Sewage_655,Denmark,Copenhagen,55.6085,12.4505,Rensningsanlaeg Avedoere,64
1007228_1,Copenaghen_RA,Neisseria,0.017270941,2020-04-27 00:00:00,DTU_2020_1007228_1_MG_RA_CPH_Sewage_655,Denmark,Copenhagen,55.6085,12.4505,Rensningsanlaeg Avedoere,64
1007228_1,Copenaghen_RA,Novosphingobium,0.000188763,2020-04-27 00:00:00,DTU_2020_1007228_1_MG_RA_CPH_Sewage_655,Denmark,Copenhagen,55.6085,12.4505,Rensningsanlaeg Avedoere,64
1007228_1,Copenaghen_RA,Ottowia,0.014292443,2020-04-27 00:00:00,DTU_2020_1007228_1_MG_RA_CPH_Sewage_655,Denmark,Copenhagen,55.6085,12.4505,Rensningsanlaeg Avedoere,64
1007228_1,Copenaghen_RA,Paracoccus,0.002390642,2020-04-27 00:00:00,DTU_2020_1007228_1_MG_RA_CPH_Sewage_655,Denmark,Copenhagen,55.6085,12.4505,Rensningsanlaeg Avedoere,64
1007228_1,Copenaghen_RA,Phocaeicola,0.004608933,2020-04-27 00:00:00,DTU_2020_1007228_1_MG_RA_CPH_Sewage_655,Denmark,Copenhagen,55.6085,12.4505,Rensningsanlaeg Avedoere,64
1007228_1,Copenaghen_RA,Prevotella,0.016646408,2020-04-27 00:00:00,DTU_2020_1007228_1_MG_RA_CPH_Sewage_655,Denmark,Copenhagen,55.6085,12.4505,Rensningsanlaeg Avedoere,64
1007228_1,Copenaghen_RA,Propionivibrio,0.011462668,2020-04-27 00:00:00,DTU_2020_1007228_1_MG_RA_CPH_Sewage_655,Denmark,Copenhagen,55.6085,12.4505,Rensningsanlaeg Avedoere,64
1007228_1,Copenaghen_RA,Pseudomonas_E,0.012655781,2020-04-27 00:00:00,DTU_2020_1007228_1_MG_RA_CPH_Sewage_655,Denmark,Copenhagen,55.6085,12.4505,Rensningsanlaeg Avedoere,64
1007228_1,Copenaghen_RA,Pseudoxanthomonas,0.001913067,2020-04-27 00:00:00,DTU_2020_1007228_1_MG_RA_CPH_Sewage_655,Denmark,Copenhagen,55.6085,12.4505,Rensningsanlaeg Avedoere,64
1007228_1,Copenaghen_RA,Pseudoxanthomonas_A,0.004938189,2020-04-27 00:00:00,DTU_2020_1007228_1_MG_RA_CPH_Sewage_655,Denmark,Copenhagen,55.6085,12.4505,Rensningsanlaeg Avedoere,64
1007228_1,Copenaghen_RA,Psychrobacter,0.019521913,2020-04-27 00:00:00,DTU_2020_1007228_1_MG_RA_CPH_Sewage_655,Denmark,Copenhagen,55.6085,12.4505,Rensningsanlaeg Avedoere,64
1007228_1,Copenaghen_RA,Rubrivivax,0.000320119,2020-04-27 00:00:00,DTU_2020_1007228_1_MG_RA_CPH_Sewage_655,Denmark,Copenhagen,55.6085,12.4505,Rensningsanlaeg Avedoere,64
1007228_1,Copenaghen_RA,Streptococcus,0.039258826,2020-04-27 00:00:00,DTU_2020_1007228_1_MG_RA_CPH_Sewage_655,Denmark,Copenhagen,55.6085,12.4505,Rensningsanlaeg Avedoere,64
1007228_1,Copenaghen_RA,Telluria,0.000482476,2020-04-27 00:00:00,DTU_2020_1007228_1_MG_RA_CPH_Sewage_655,Denmark,Copenhagen,55.6085,12.4505,Rensningsanlaeg Avedoere,64
1007228_1,Copenaghen_RA,Thauera,0.012283589,2020-04-27 00:00:00,DTU_2020_1007228_1_MG_RA_CPH_Sewage_655,Denmark,Copenhagen,55.6085,12.4505,Rensningsanlaeg Avedoere,64
1007228_1,Copenaghen_RA,Thermomonas,0.004759009,2020-04-27 00:00:00,DTU_2020_1007228_1_MG_RA_CPH_Sewage_655,Denmark,Copenhagen,55.6085,12.4505,Rensningsanlaeg Avedoere,64
1007228_1,Copenaghen_RA,Thiothrix,0.001707308,2020-04-27 00:00:00,DTU_2020_1007228_1_MG_RA_CPH_Sewage_655,Denmark,Copenhagen,55.6085,12.4505,Rensningsanlaeg Avedoere,64
1007228_1,Copenaghen_RA,Tolumonas,0.001563747,2020-04-27 00:00:00,DTU_2020_1007228_1_MG_RA_CPH_Sewage_655,Denmark,Copenhagen,55.6085,12.4505,Rensningsanlaeg Avedoere,64
1007228_1,Copenaghen_RA,Trichococcus,0.019695442,2020-04-27 00:00:00,DTU_2020_1007228_1_MG_RA_CPH_Sewage_655,Denmark,Copenhagen,55.6085,12.4505,Rensningsanlaeg Avedoere,64
1007228_1,Copenaghen_RA,UBA1413,5.74219e-06,2020-04-27 00:00:00,DTU_2020_1007228_1_MG_RA_CPH_Sewage_655,Denmark,Copenhagen,55.6085,12.4505,Rensningsanlaeg Avedoere,64
1007228_1,Copenaghen_RA,merged,0.331500946,2020-04-27 00:00:00,DTU_2020_1007228_1_MG_RA_CPH_Sewage_655,Denmark,Copenhagen,55.6085,12.4505,Rensningsanlaeg Avedoere,64
1007229_1,Copenaghen_RD,Acidovorax,0.181489648,2020-04-27 00:00:00,DTU_2020_1007229_1_MG_RD_CPH_Sewage_656,Denmark,Copenhagen,55.6405,12.5058,Rensningsanlaeg Damhusaaen,64
1007229_1,Copenaghen_RD,Acinetobacter,0.037960346,2020-04-27 00:00:00,DTU_2020_1007229_1_MG_RD_CPH_Sewage_656,Denmark,Copenhagen,55.6405,12.5058,Rensningsanlaeg Damhusaaen,64
1007229_1,Copenaghen_RD,Aeromonas,0.010242838,2020-04-27 00:00:00,DTU_2020_1007229_1_MG_RD_CPH_Sewage_656,Denmark,Copenhagen,55.6405,12.5058,Rensningsanlaeg Damhusaaen,64
1007229_1,Copenaghen_RD,Aliarcobacter,0.038157997,2020-04-27 00:00:00,DTU_2020_1007229_1_MG_RD_CPH_Sewage_656,Denmark,Copenhagen,55.6405,12.5058,Rensningsanlaeg Damhusaaen,64
1007229_1,Copenaghen_RD,Aquabacterium_A,0.000271363,2020-04-27 00:00:00,DTU_2020_1007229_1_MG_RD_CPH_Sewage_656,Denmark,Copenhagen,55.6405,12.5058,Rensningsanlaeg Damhusaaen,64
1007229_1,Copenaghen_RD,Bacteroides,0.007865256,2020-04-27 00:00:00,DTU_2020_1007229_1_MG_RD_CPH_Sewage_656,Denmark,Copenhagen,55.6405,12.5058,Rensningsanlaeg Damhusaaen,64
1007229_1,Copenaghen_RD,Brachymonas,0.007404572,2020-04-27 00:00:00,DTU_2020_1007229_1_MG_RD_CPH_Sewage_656,Denmark,Copenhagen,55.6405,12.5058,Rensningsanlaeg Damhusaaen,64
1007229_1,Copenaghen_RD,Brevefilum,5.96442e-06,2020-04-27 00:00:00,DTU_2020_1007229_1_MG_RD_CPH_Sewage_656,Denmark,Copenhagen,55.6405,12.5058,Rensningsanlaeg Damhusaaen,64
1007229_1,Copenaghen_RD,Brevundimonas,0.000967471,2020-04-27 00:00:00,DTU_2020_1007229_1_MG_RD_CPH_Sewage_656,Denmark,Copenhagen,55.6405,12.5058,Rensningsanlaeg Damhusaaen,64
1007229_1,Copenaghen_RD,Cloacibacterium,0.012865382,2020-04-27 00:00:00,DTU_2020_1007229_1_MG_RD_CPH_Sewage_656,Denmark,Copenhagen,55.6405,12.5058,Rensningsanlaeg Damhusaaen,64
1007229_1,Copenaghen_RD,Comamonas,0.024636186,2020-04-27 00:00:00,DTU_2020_1007229_1_MG_RD_CPH_Sewage_656,Denmark,Copenhagen,55.6405,12.5058,Rensningsanlaeg Damhusaaen,64
1007229_1,Copenaghen_RD,Competibacter_A,8.85321e-05,2020-04-27 00:00:00,DTU_2020_1007229_1_MG_RD_CPH_Sewage_656,Denmark,Copenhagen,55.6405,12.5058,Rensningsanlaeg Damhusaaen,64
1007229_1,Copenaghen_RD,Enterobacter,0.000400783,2020-04-27 00:00:00,DTU_2020_1007229_1_MG_RD_CPH_Sewage_656,Denmark,Copenhagen,55.6405,12.5058,Rensningsanlaeg Damhusaaen,64
1007229_1,Copenaghen_RD,Fermentibacter,1.53316e-05,2020-04-27 00:00:00,DTU_2020_1007229_1_MG_RD_CPH_Sewage_656,Denmark,Copenhagen,55.6405,12.5058,Rensningsanlaeg Damhusaaen,64
1007229_1,Copenaghen_RD,Flavobacterium,0.02801624,2020-04-27 00:00:00,DTU_2020_1007229_1_MG_RD_CPH_Sewage_656,Denmark,Copenhagen,55.6405,12.5058,Rensningsanlaeg Damhusaaen,64
1007229_1,Copenaghen_RD,Giesbergeria,0.017930641,2020-04-27 00:00:00,DTU_2020_1007229_1_MG_RD_CPH_Sewage_656,Denmark,Copenhagen,55.6405,12.5058,Rensningsanlaeg Damhusaaen,64
1007229_1,Copenaghen_RD,Hydrogenophaga,0.000900526,2020-04-27 00:00:00,DTU_2020_1007229_1_MG_RD_CPH_Sewage_656,Denmark,Copenhagen,55.6405,12.5058,Rensningsanlaeg Damhusaaen,64
1007229_1,Copenaghen_RD,JAGOYM01,0.008029624,2020-04-27 00:00:00,DTU_2020_1007229_1_MG_RD_CPH_Sewage_656,Denmark,Copenhagen,55.6405,12.5058,Rensningsanlaeg Damhusaaen,64
1007229_1,Copenaghen_RD,Janthinobacterium,0.000774279,2020-04-27 00:00:00,DTU_2020_1007229_1_MG_RD_CPH_Sewage_656,Denmark,Copenhagen,55.6405,12.5058,Rensningsanlaeg Damhusaaen,64
1007229_1,Copenaghen_RD,Kaistella,0.008353712,2020-04-27 00:00:00,DTU_2020_1007229_1_MG_RD_CPH_Sewage_656,Denmark,Copenhagen,55.6405,12.5058,Rensningsanlaeg Damhusaaen,64
1007229_1,Copenaghen_RD,Lactococcus_A,0.006724446,2020-04-27 00:00:00,DTU_2020_1007229_1_MG_RD_CPH_Sewage_656,Denmark,Copenhagen,55.6405,12.5058,Rensningsanlaeg Damhusaaen,64
1007229_1,Copenaghen_RD,Lenti-01,0.000201714,2020-04-27 00:00:00,DTU_2020_1007229_1_MG_RD_CPH_Sewage_656,Denmark,Copenhagen,55.6405,12.5058,Rensningsanlaeg Damhusaaen,64
1007229_1,Copenaghen_RD,Microthrix,0.000160874,2020-04-27 00:00:00,DTU_2020_1007229_1_MG_RD_CPH_Sewage_656,Denmark,Copenhagen,55.6405,12.5058,Rensningsanlaeg Damhusaaen,64
1007229_1,Copenaghen_RD,Moraxella_A,0.017083584,2020-04-27 00:00:00,DTU_2020_1007229_1_MG_RD_CPH_Sewage_656,Denmark,Copenhagen,55.6405,12.5058,Rensningsanlaeg Damhusaaen,64
1007229_1,Copenaghen_RD,Neisseria,0.009901898,2020-04-27 00:00:00,DTU_2020_1007229_1_MG_RD_CPH_Sewage_656,Denmark,Copenhagen,55.6405,12.5058,Rensningsanlaeg Damhusaaen,64
1007229_1,Copenaghen_RD,Novosphingobium,0.00025708,2020-04-27 00:00:00,DTU_2020_1007229_1_MG_RD_CPH_Sewage_656,Denmark,Copenhagen,55.6405,12.5058,Rensningsanlaeg Damhusaaen,64
1007229_1,Copenaghen_RD,Ottowia,0.056470004,2020-04-27 00:00:00,DTU_2020_1007229_1_MG_RD_CPH_Sewage_656,Denmark,Copenhagen,55.6405,12.5058,Rensningsanlaeg Damhusaaen,64
1007229_1,Copenaghen_RD,Paracoccus,0.001681929,2020-04-27 00:00:00,DTU_2020_1007229_1_MG_RD_CPH_Sewage_656,Denmark,Copenhagen,55.6405,12.5058,Rensningsanlaeg Damhusaaen,64
1007229_1,Copenaghen_RD,Phocaeicola,0.002518706,2020-04-27 00:00:00,DTU_2020_1007229_1_MG_RD_CPH_Sewage_656,Denmark,Copenhagen,55.6405,12.5058,Rensningsanlaeg Damhusaaen,64
1007229_1,Copenaghen_RD,Prevotella,0.019504115,2020-04-27 00:00:00,DTU_2020_1007229_1_MG_RD_CPH_Sewage_656,Denmark,Copenhagen,55.6405,12.5058,Rensningsanlaeg Damhusaaen,64
1007229_1,Copenaghen_RD,Propionivibrio,0.009470267,2020-04-27 00:00:00,DTU_2020_1007229_1_MG_RD_CPH_Sewage_656,Denmark,Copenhagen,55.6405,12.5058,Rensningsanlaeg Damhusaaen,64
1007229_1,Copenaghen_RD,Pseudomonas_E,0.010219282,2020-04-27 00:00:00,DTU_2020_1007229_1_MG_RD_CPH_Sewage_656,Denmark,Copenhagen,55.6405,12.5058,Rensningsanlaeg Damhusaaen,64
1007229_1,Copenaghen_RD,Pseudoxanthomonas,0.0041746,2020-04-27 00:00:00,DTU_2020_1007229_1_MG_RD_CPH_Sewage_656,Denmark,Copenhagen,55.6405,12.5058,Rensningsanlaeg Damhusaaen,64
1007229_1,Copenaghen_RD,Pseudoxanthomonas_A,0.006248508,2020-04-27 00:00:00,DTU_2020_1007229_1_MG_RD_CPH_Sewage_656,Denmark,Copenhagen,55.6405,12.5058,Rensningsanlaeg Damhusaaen,64
1007229_1,Copenaghen_RD,Psychrobacter,0.023264846,2020-04-27 00:00:00,DTU_2020_1007229_1_MG_RD_CPH_Sewage_656,Denmark,Copenhagen,55.6405,12.5058,Rensningsanlaeg Damhusaaen,64
1007229_1,Copenaghen_RD,Rubrivivax,0.000495734,2020-04-27 00:00:00,DTU_2020_1007229_1_MG_RD_CPH_Sewage_656,Denmark,Copenhagen,55.6405,12.5058,Rensningsanlaeg Damhusaaen,64
1007229_1,Copenaghen_RD,Streptococcus,0.008769552,2020-04-27 00:00:00,DTU_2020_1007229_1_MG_RD_CPH_Sewage_656,Denmark,Copenhagen,55.6405,12.5058,Rensningsanlaeg Damhusaaen,64
1007229_1,Copenaghen_RD,Telluria,0.000653272,2020-04-27 00:00:00,DTU_2020_1007229_1_MG_RD_CPH_Sewage_656,Denmark,Copenhagen,55.6405,12.5058,Rensningsanlaeg Damhusaaen,64
1007229_1,Copenaghen_RD,Thauera,0.010274987,2020-04-27 00:00:00,DTU_2020_1007229_1_MG_RD_CPH_Sewage_656,Denmark,Copenhagen,55.6405,12.5058,Rensningsanlaeg Damhusaaen,64
1007229_1,Copenaghen_RD,Thermomonas,0.005795064,2020-04-27 00:00:00,DTU_2020_1007229_1_MG_RD_CPH_Sewage_656,Denmark,Copenhagen,55.6405,12.5058,Rensningsanlaeg Damhusaaen,64
1007229_1,Copenaghen_RD,Thiothrix,0.000245254,2020-04-27 00:00:00,DTU_2020_1007229_1_MG_RD_CPH_Sewage_656,Denmark,Copenhagen,55.6405,12.5058,Rensningsanlaeg Damhusaaen,64
1007229_1,Copenaghen_RD,Tolumonas,0.000859407,2020-04-27 00:00:00,DTU_2020_1007229_1_MG_RD_CPH_Sewage_656,Denmark,Copenhagen,55.6405,12.5058,Rensningsanlaeg Damhusaaen,64
1007229_1,Copenaghen_RD,Trichococcus,0.026331317,2020-04-27 00:00:00,DTU_2020_1007229_1_MG_RD_CPH_Sewage_656,Denmark,Copenhagen,55.6405,12.5058,Rensningsanlaeg Damhusaaen,64
1007229_1,Copenaghen_RD,UBA1413,2.96326e-06,2020-04-27 00:00:00,DTU_2020_1007229_1_MG_RD_CPH_Sewage_656,Denmark,Copenhagen,55.6405,12.5058,Rensningsanlaeg Damhusaaen,64
1007229_1,Copenaghen_RD,merged,0.392313905,2020-04-27 00:00:00,DTU_2020_1007229_1_MG_RD_CPH_Sewage_656,Denmark,Copenhagen,55.6405,12.5058,Rensningsanlaeg Damhusaaen,64
1007227_1,Copenaghen_RL,Acidovorax,0.198211886,2020-04-27 00:00:00,DTU_2020_1007227_1_MG_RL_CPH_Sewage_654,Denmark,Copenhagen,55.6956,12.6139,Rensningsanlaeg Lynetten,64
1007227_1,Copenaghen_RL,Acinetobacter,0.043566096,2020-04-27 00:00:00,DTU_2020_1007227_1_MG_RL_CPH_Sewage_654,Denmark,Copenhagen,55.6956,12.6139,Rensningsanlaeg Lynetten,64
1007227_1,Copenaghen_RL,Aeromonas,0.012215556,2020-04-27 00:00:00,DTU_2020_1007227_1_MG_RL_CPH_Sewage_654,Denmark,Copenhagen,55.6956,12.6139,Rensningsanlaeg Lynetten,64
1007227_1,Copenaghen_RL,Aliarcobacter,0.05352864,2020-04-27 00:00:00,DTU_2020_1007227_1_MG_RL_CPH_Sewage_654,Denmark,Copenhagen,55.6956,12.6139,Rensningsanlaeg Lynetten,64
1007227_1,Copenaghen_RL,Aquabacterium_A,0.000340491,2020-04-27 00:00:00,DTU_2020_1007227_1_MG_RL_CPH_Sewage_654,Denmark,Copenhagen,55.6956,12.6139,Rensningsanlaeg Lynetten,64
1007227_1,Copenaghen_RL,Bacteroides,0.002664592,2020-04-27 00:00:00,DTU_2020_1007227_1_MG_RL_CPH_Sewage_654,Denmark,Copenhagen,55.6956,12.6139,Rensningsanlaeg Lynetten,64
1007227_1,Copenaghen_RL,Brachymonas,0.007854597,2020-04-27 00:00:00,DTU_2020_1007227_1_MG_RL_CPH_Sewage_654,Denmark,Copenhagen,55.6956,12.6139,Rensningsanlaeg Lynetten,64
1007227_1,Copenaghen_RL,Brevefilum,2.6639e-05,2020-04-27 00:00:00,DTU_2020_1007227_1_MG_RL_CPH_Sewage_654,Denmark,Copenhagen,55.6956,12.6139,Rensningsanlaeg Lynetten,64
1007227_1,Copenaghen_RL,Brevundimonas,0.000725329,2020-04-27 00:00:00,DTU_2020_1007227_1_MG_RL_CPH_Sewage_654,Denmark,Copenhagen,55.6956,12.6139,Rensningsanlaeg Lynetten,64
1007227_1,Copenaghen_RL,Cloacibacterium,0.011968408,2020-04-27 00:00:00,DTU_2020_1007227_1_MG_RL_CPH_Sewage_654,Denmark,Copenhagen,55.6956,12.6139,Rensningsanlaeg Lynetten,64
1007227_1,Copenaghen_RL,Comamonas,0.034812289,2020-04-27 00:00:00,DTU_2020_1007227_1_MG_RL_CPH_Sewage_654,Denmark,Copenhagen,55.6956,12.6139,Rensningsanlaeg Lynetten,64
1007227_1,Copenaghen_RL,Competibacter_A,1.8958e-05,2020-04-27 00:00:00,DTU_2020_1007227_1_MG_RL_CPH_Sewage_654,Denmark,Copenhagen,55.6956,12.6139,Rensningsanlaeg Lynetten,64
1007227_1,Copenaghen_RL,Enterobacter,0.000360044,2020-04-27 00:00:00,DTU_2020_1007227_1_MG_RL_CPH_Sewage_654,Denmark,Copenhagen,55.6956,12.6139,Rensningsanlaeg Lynetten,64
1007227_1,Copenaghen_RL,Fermentibacter,8.54848e-06,2020-04-27 00:00:00,DTU_2020_1007227_1_MG_RL_CPH_Sewage_654,Denmark,Copenhagen,55.6956,12.6139,Rensningsanlaeg Lynetten,64
1007227_1,Copenaghen_RL,Flavobacterium,0.018748622,2020-04-27 00:00:00,DTU_2020_1007227_1_MG_RL_CPH_Sewage_654,Denmark,Copenhagen,55.6956,12.6139,Rensningsanlaeg Lynetten,64
1007227_1,Copenaghen_RL,Giesbergeria,0.019695765,2020-04-27 00:00:00,DTU_2020_1007227_1_MG_RL_CPH_Sewage_654,Denmark,Copenhagen,55.6956,12.6139,Rensningsanlaeg Lynetten,64
1007227_1,Copenaghen_RL,Hydrogenophaga,0.000713197,2020-04-27 00:00:00,DTU_2020_1007227_1_MG_RL_CPH_Sewage_654,Denmark,Copenhagen,55.6956,12.6139,Rensningsanlaeg Lynetten,64
1007227_1,Copenaghen_RL,JAGOYM01,0.008702947,2020-04-27 00:00:00,DTU_2020_1007227_1_MG_RL_CPH_Sewage_654,Denmark,Copenhagen,55.6956,12.6139,Rensningsanlaeg Lynetten,64
1007227_1,Copenaghen_RL,Janthinobacterium,0.000776077,2020-04-27 00:00:00,DTU_2020_1007227_1_MG_RL_CPH_Sewage_654,Denmark,Copenhagen,55.6956,12.6139,Rensningsanlaeg Lynetten,64
1007227_1,Copenaghen_RL,Kaistella,0.005280342,2020-04-27 00:00:00,DTU_2020_1007227_1_MG_RL_CPH_Sewage_654,Denmark,Copenhagen,55.6956,12.6139,Rensningsanlaeg Lynetten,64
1007227_1,Copenaghen_RL,Lactococcus_A,0.017401482,2020-04-27 00:00:00,DTU_2020_1007227_1_MG_RL_CPH_Sewage_654,Denmark,Copenhagen,55.6956,12.6139,Rensningsanlaeg Lynetten,64
1007227_1,Copenaghen_RL,Lenti-01,0.000113448,2020-04-27 00:00:00,DTU_2020_1007227_1_MG_RL_CPH_Sewage_654,Denmark,Copenhagen,55.6956,12.6139,Rensningsanlaeg Lynetten,64
1007227_1,Copenaghen_RL,Microthrix,5.37093e-05,2020-04-27 00:00:00,DTU_2020_1007227_1_MG_RL_CPH_Sewage_654,Denmark,Copenhagen,55.6956,12.6139,Rensningsanlaeg Lynetten,64
1007227_1,Copenaghen_RL,Moraxella_A,0.001465942,2020-04-27 00:00:00,DTU_2020_1007227_1_MG_RL_CPH_Sewage_654,Denmark,Copenhagen,55.6956,12.6139,Rensningsanlaeg Lynetten,64
1007227_1,Copenaghen_RL,Neisseria,0.01761718,2020-04-27 00:00:00,DTU_2020_1007227_1_MG_RL_CPH_Sewage_654,Denmark,Copenhagen,55.6956,12.6139,Rensningsanlaeg Lynetten,64
1007227_1,Copenaghen_RL,Novosphingobium,0.00016438,2020-04-27 00:00:00,DTU_2020_1007227_1_MG_RL_CPH_Sewage_654,Denmark,Copenhagen,55.6956,12.6139,Rensningsanlaeg Lynetten,64
1007227_1,Copenaghen_RL,Ottowia,0.02472129,2020-04-27 00:00:00,DTU_2020_1007227_1_MG_RL_CPH_Sewage_654,Denmark,Copenhagen,55.6956,12.6139,Rensningsanlaeg Lynetten,64
1007227_1,Copenaghen_RL,Paracoccus,0.001719442,2020-04-27 00:00:00,DTU_2020_1007227_1_MG_RL_CPH_Sewage_654,Denmark,Copenhagen,55.6956,12.6139,Rensningsanlaeg Lynetten,64
1007227_1,Copenaghen_RL,Phocaeicola,0.002727909,2020-04-27 00:00:00,DTU_2020_1007227_1_MG_RL_CPH_Sewage_654,Denmark,Copenhagen,55.6956,12.6139,Rensningsanlaeg Lynetten,64
1007227_1,Copenaghen_RL,Prevotella,0.006276202,2020-04-27 00:00:00,DTU_2020_1007227_1_MG_RL_CPH_Sewage_654,Denmark,Copenhagen,55.6956,12.6139,Rensningsanlaeg Lynetten,64
1007227_1,Copenaghen_RL,Propionivibrio,0.007676132,2020-04-27 00:00:00,DTU_2020_1007227_1_MG_RL_CPH_Sewage_654,Denmark,Copenhagen,55.6956,12.6139,Rensningsanlaeg Lynetten,64
1007227_1,Copenaghen_RL,Pseudomonas_E,0.016969507,2020-04-27 00:00:00,DTU_2020_1007227_1_MG_RL_CPH_Sewage_654,Denmark,Copenhagen,55.6956,12.6139,Rensningsanlaeg Lynetten,64
1007227_1,Copenaghen_RL,Pseudoxanthomonas,0.003632982,2020-04-27 00:00:00,DTU_2020_1007227_1_MG_RL_CPH_Sewage_654,Denmark,Copenhagen,55.6956,12.6139,Rensningsanlaeg Lynetten,64
1007227_1,Copenaghen_RL,Pseudoxanthomonas_A,0.00619324,2020-04-27 00:00:00,DTU_2020_1007227_1_MG_RL_CPH_Sewage_654,Denmark,Copenhagen,55.6956,12.6139,Rensningsanlaeg Lynetten,64
1007227_1,Copenaghen_RL,Psychrobacter,0.043018202,2020-04-27 00:00:00,DTU_2020_1007227_1_MG_RL_CPH_Sewage_654,Denmark,Copenhagen,55.6956,12.6139,Rensningsanlaeg Lynetten,64
1007227_1,Copenaghen_RL,Rubrivivax,0.000245314,2020-04-27 00:00:00,DTU_2020_1007227_1_MG_RL_CPH_Sewage_654,Denmark,Copenhagen,55.6956,12.6139,Rensningsanlaeg Lynetten,64
1007227_1,Copenaghen_RL,Streptococcus,0.009132896,2020-04-27 00:00:00,DTU_2020_1007227_1_MG_RL_CPH_Sewage_654,Denmark,Copenhagen,55.6956,12.6139,Rensningsanlaeg Lynetten,64
1007227_1,Copenaghen_RL,Telluria,0.000492439,2020-04-27 00:00:00,DTU_2020_1007227_1_MG_RL_CPH_Sewage_654,Denmark,Copenhagen,55.6956,12.6139,Rensningsanlaeg Lynetten,64
1007227_1,Copenaghen_RL,Thauera,0.016263924,2020-04-27 00:00:00,DTU_2020_1007227_1_MG_RL_CPH_Sewage_654,Denmark,Copenhagen,55.6956,12.6139,Rensningsanlaeg Lynetten,64
1007227_1,Copenaghen_RL,Thermomonas,0.004237801,2020-04-27 00:00:00,DTU_2020_1007227_1_MG_RL_CPH_Sewage_654,Denmark,Copenhagen,55.6956,12.6139,Rensningsanlaeg Lynetten,64
1007227_1,Copenaghen_RL,Thiothrix,0.000353265,2020-04-27 00:00:00,DTU_2020_1007227_1_MG_RL_CPH_Sewage_654,Denmark,Copenhagen,55.6956,12.6139,Rensningsanlaeg Lynetten,64
1007227_1,Copenaghen_RL,Tolumonas,0.001503072,2020-04-27 00:00:00,DTU_2020_1007227_1_MG_RL_CPH_Sewage_654,Denmark,Copenhagen,55.6956,12.6139,Rensningsanlaeg Lynetten,64
1007227_1,Copenaghen_RL,Trichococcus,0.047697487,2020-04-27 00:00:00,DTU_2020_1007227_1_MG_RL_CPH_Sewage_654,Denmark,Copenhagen,55.6956,12.6139,Rensningsanlaeg Lynetten,64
1007227_1,Copenaghen_RL,UBA1413,6.59766e-06,2020-04-27 00:00:00,DTU_2020_1007227_1_MG_RL_CPH_Sewage_654,Denmark,Copenhagen,55.6956,12.6139,Rensningsanlaeg Lynetten,64
1007227_1,Copenaghen_RL,merged,0.350097132,2020-04-27 00:00:00,DTU_2020_1007227_1_MG_RL_CPH_Sewage_654,Denmark,Copenhagen,55.6956,12.6139,Rensningsanlaeg Lynetten,64
1007231_1,Copenaghen_RA,Acidovorax,0.129472153,2020-05-05 00:00:00,DTU_2020_1007231_1_MG_RA_CPH_Sewage_663,Denmark,Copenhagen,55.6085,12.4505,Rensningsanlaeg Avedoere,65
1007231_1,Copenaghen_RA,Acinetobacter,0.052976036,2020-05-05 00:00:00,DTU_2020_1007231_1_MG_RA_CPH_Sewage_663,Denmark,Copenhagen,55.6085,12.4505,Rensningsanlaeg Avedoere,65
1007231_1,Copenaghen_RA,Aeromonas,0.041328281,2020-05-05 00:00:00,DTU_2020_1007231_1_MG_RA_CPH_Sewage_663,Denmark,Copenhagen,55.6085,12.4505,Rensningsanlaeg Avedoere,65
1007231_1,Copenaghen_RA,Aliarcobacter,0.11436616,2020-05-05 00:00:00,DTU_2020_1007231_1_MG_RA_CPH_Sewage_663,Denmark,Copenhagen,55.6085,12.4505,Rensningsanlaeg Avedoere,65
1007231_1,Copenaghen_RA,Aquabacterium_A,0.000223164,2020-05-05 00:00:00,DTU_2020_1007231_1_MG_RA_CPH_Sewage_663,Denmark,Copenhagen,55.6085,12.4505,Rensningsanlaeg Avedoere,65
1007231_1,Copenaghen_RA,Bacteroides,0.010080346,2020-05-05 00:00:00,DTU_2020_1007231_1_MG_RA_CPH_Sewage_663,Denmark,Copenhagen,55.6085,12.4505,Rensningsanlaeg Avedoere,65
1007231_1,Copenaghen_RA,Brachymonas,0.004412134,2020-05-05 00:00:00,DTU_2020_1007231_1_MG_RA_CPH_Sewage_663,Denmark,Copenhagen,55.6085,12.4505,Rensningsanlaeg Avedoere,65
1007231_1,Copenaghen_RA,Brevefilum,9.92907e-06,2020-05-05 00:00:00,DTU_2020_1007231_1_MG_RA_CPH_Sewage_663,Denmark,Copenhagen,55.6085,12.4505,Rensningsanlaeg Avedoere,65
1007231_1,Copenaghen_RA,Brevundimonas,0.000887459,2020-05-05 00:00:00,DTU_2020_1007231_1_MG_RA_CPH_Sewage_663,Denmark,Copenhagen,55.6085,12.4505,Rensningsanlaeg Avedoere,65
1007231_1,Copenaghen_RA,Cloacibacterium,0.026805921,2020-05-05 00:00:00,DTU_2020_1007231_1_MG_RA_CPH_Sewage_663,Denmark,Copenhagen,55.6085,12.4505,Rensningsanlaeg Avedoere,65
1007231_1,Copenaghen_RA,Comamonas,0.016382822,2020-05-05 00:00:00,DTU_2020_1007231_1_MG_RA_CPH_Sewage_663,Denmark,Copenhagen,55.6085,12.4505,Rensningsanlaeg Avedoere,65
1007231_1,Copenaghen_RA,Competibacter_A,6.0222e-05,2020-05-05 00:00:00,DTU_2020_1007231_1_MG_RA_CPH_Sewage_663,Denmark,Copenhagen,55.6085,12.4505,Rensningsanlaeg Avedoere,65
1007231_1,Copenaghen_RA,Enterobacter,0.001483627,2020-05-05 00:00:00,DTU_2020_1007231_1_MG_RA_CPH_Sewage_663,Denmark,Copenhagen,55.6085,12.4505,Rensningsanlaeg Avedoere,65
1007231_1,Copenaghen_RA,Fermentibacter,6.74475e-06,2020-05-05 00:00:00,DTU_2020_1007231_1_MG_RA_CPH_Sewage_663,Denmark,Copenhagen,55.6085,12.4505,Rensningsanlaeg Avedoere,65
1007231_1,Copenaghen_RA,Flavobacterium,0.028321212,2020-05-05 00:00:00,DTU_2020_1007231_1_MG_RA_CPH_Sewage_663,Denmark,Copenhagen,55.6085,12.4505,Rensningsanlaeg Avedoere,65
1007231_1,Copenaghen_RA,Giesbergeria,0.019831636,2020-05-05 00:00:00,DTU_2020_1007231_1_MG_RA_CPH_Sewage_663,Denmark,Copenhagen,55.6085,12.4505,Rensningsanlaeg Avedoere,65
1007231_1,Copenaghen_RA,Hydrogenophaga,0.002138908,2020-05-05 00:00:00,DTU_2020_1007231_1_MG_RA_CPH_Sewage_663,Denmark,Copenhagen,55.6085,12.4505,Rensningsanlaeg Avedoere,65
1007231_1,Copenaghen_RA,JAGOYM01,0.007828071,2020-05-05 00:00:00,DTU_2020_1007231_1_MG_RA_CPH_Sewage_663,Denmark,Copenhagen,55.6085,12.4505,Rensningsanlaeg Avedoere,65
1007231_1,Copenaghen_RA,Janthinobacterium,0.000362809,2020-05-05 00:00:00,DTU_2020_1007231_1_MG_RA_CPH_Sewage_663,Denmark,Copenhagen,55.6085,12.4505,Rensningsanlaeg Avedoere,65
1007231_1,Copenaghen_RA,Kaistella,0.008116728,2020-05-05 00:00:00,DTU_2020_1007231_1_MG_RA_CPH_Sewage_663,Denmark,Copenhagen,55.6085,12.4505,Rensningsanlaeg Avedoere,65
1007231_1,Copenaghen_RA,Lactococcus_A,0.015876011,2020-05-05 00:00:00,DTU_2020_1007231_1_MG_RA_CPH_Sewage_663,Denmark,Copenhagen,55.6085,12.4505,Rensningsanlaeg Avedoere,65
1007231_1,Copenaghen_RA,Lenti-01,0.000185764,2020-05-05 00:00:00,DTU_2020_1007231_1_MG_RA_CPH_Sewage_663,Denmark,Copenhagen,55.6085,12.4505,Rensningsanlaeg Avedoere,65
1007231_1,Copenaghen_RA,Microthrix,7.95081e-05,2020-05-05 00:00:00,DTU_2020_1007231_1_MG_RA_CPH_Sewage_663,Denmark,Copenhagen,55.6085,12.4505,Rensningsanlaeg Avedoere,65
1007231_1,Copenaghen_RA,Moraxella_A,0.001278494,2020-05-05 00:00:00,DTU_2020_1007231_1_MG_RA_CPH_Sewage_663,Denmark,Copenhagen,55.6085,12.4505,Rensningsanlaeg Avedoere,65
1007231_1,Copenaghen_RA,Neisseria,0.010784763,2020-05-05 00:00:00,DTU_2020_1007231_1_MG_RA_CPH_Sewage_663,Denmark,Copenhagen,55.6085,12.4505,Rensningsanlaeg Avedoere,65
1007231_1,Copenaghen_RA,Novosphingobium,0.000298099,2020-05-05 00:00:00,DTU_2020_1007231_1_MG_RA_CPH_Sewage_663,Denmark,Copenhagen,55.6085,12.4505,Rensningsanlaeg Avedoere,65
1007231_1,Copenaghen_RA,Ottowia,0.007647437,2020-05-05 00:00:00,DTU_2020_1007231_1_MG_RA_CPH_Sewage_663,Denmark,Copenhagen,55.6085,12.4505,Rensningsanlaeg Avedoere,65
1007231_1,Copenaghen_RA,Paracoccus,0.001381444,2020-05-05 00:00:00,DTU_2020_1007231_1_MG_RA_CPH_Sewage_663,Denmark,Copenhagen,55.6085,12.4505,Rensningsanlaeg Avedoere,65
1007231_1,Copenaghen_RA,Phocaeicola,0.009382887,2020-05-05 00:00:00,DTU_2020_1007231_1_MG_RA_CPH_Sewage_663,Denmark,Copenhagen,55.6085,12.4505,Rensningsanlaeg Avedoere,65
1007231_1,Copenaghen_RA,Prevotella,0.015273149,2020-05-05 00:00:00,DTU_2020_1007231_1_MG_RA_CPH_Sewage_663,Denmark,Copenhagen,55.6085,12.4505,Rensningsanlaeg Avedoere,65
1007231_1,Copenaghen_RA,Propionivibrio,0.013061019,2020-05-05 00:00:00,DTU_2020_1007231_1_MG_RA_CPH_Sewage_663,Denmark,Copenhagen,55.6085,12.4505,Rensningsanlaeg Avedoere,65
1007231_1,Copenaghen_RA,Pseudomonas_E,0.025458958,2020-05-05 00:00:00,DTU_2020_1007231_1_MG_RA_CPH_Sewage_663,Denmark,Copenhagen,55.6085,12.4505,Rensningsanlaeg Avedoere,65
1007231_1,Copenaghen_RA,Pseudoxanthomonas,0.001753119,2020-05-05 00:00:00,DTU_2020_1007231_1_MG_RA_CPH_Sewage_663,Denmark,Copenhagen,55.6085,12.4505,Rensningsanlaeg Avedoere,65
1007231_1,Copenaghen_RA,Pseudoxanthomonas_A,0.00501214,2020-05-05 00:00:00,DTU_2020_1007231_1_MG_RA_CPH_Sewage_663,Denmark,Copenhagen,55.6085,12.4505,Rensningsanlaeg Avedoere,65
1007231_1,Copenaghen_RA,Psychrobacter,0.010078103,2020-05-05 00:00:00,DTU_2020_1007231_1_MG_RA_CPH_Sewage_663,Denmark,Copenhagen,55.6085,12.4505,Rensningsanlaeg Avedoere,65
1007231_1,Copenaghen_RA,Rubrivivax,0.000252854,2020-05-05 00:00:00,DTU_2020_1007231_1_MG_RA_CPH_Sewage_663,Denmark,Copenhagen,55.6085,12.4505,Rensningsanlaeg Avedoere,65
1007231_1,Copenaghen_RA,Streptococcus,0.009366678,2020-05-05 00:00:00,DTU_2020_1007231_1_MG_RA_CPH_Sewage_663,Denmark,Copenhagen,55.6085,12.4505,Rensningsanlaeg Avedoere,65
1007231_1,Copenaghen_RA,Telluria,0.000551547,2020-05-05 00:00:00,DTU_2020_1007231_1_MG_RA_CPH_Sewage_663,Denmark,Copenhagen,55.6085,12.4505,Rensningsanlaeg Avedoere,65
1007231_1,Copenaghen_RA,Thauera,0.0466772,2020-05-05 00:00:00,DTU_2020_1007231_1_MG_RA_CPH_Sewage_663,Denmark,Copenhagen,55.6085,12.4505,Rensningsanlaeg Avedoere,65
1007231_1,Copenaghen_RA,Thermomonas,0.002333138,2020-05-05 00:00:00,DTU_2020_1007231_1_MG_RA_CPH_Sewage_663,Denmark,Copenhagen,55.6085,12.4505,Rensningsanlaeg Avedoere,65
1007231_1,Copenaghen_RA,Thiothrix,0.001582485,2020-05-05 00:00:00,DTU_2020_1007231_1_MG_RA_CPH_Sewage_663,Denmark,Copenhagen,55.6085,12.4505,Rensningsanlaeg Avedoere,65
1007231_1,Copenaghen_RA,Tolumonas,0.003177754,2020-05-05 00:00:00,DTU_2020_1007231_1_MG_RA_CPH_Sewage_663,Denmark,Copenhagen,55.6085,12.4505,Rensningsanlaeg Avedoere,65
1007231_1,Copenaghen_RA,Trichococcus,0.016961676,2020-05-05 00:00:00,DTU_2020_1007231_1_MG_RA_CPH_Sewage_663,Denmark,Copenhagen,55.6085,12.4505,Rensningsanlaeg Avedoere,65
1007231_1,Copenaghen_RA,UBA1413,1.78492e-05,2020-05-05 00:00:00,DTU_2020_1007231_1_MG_RA_CPH_Sewage_663,Denmark,Copenhagen,55.6085,12.4505,Rensningsanlaeg Avedoere,65
1007231_1,Copenaghen_RA,merged,0.336433563,2020-05-05 00:00:00,DTU_2020_1007231_1_MG_RA_CPH_Sewage_663,Denmark,Copenhagen,55.6085,12.4505,Rensningsanlaeg Avedoere,65
1007232_2,Copenaghen_RD,Acidovorax,0.170764358,2020-05-05 00:00:00,DTU_2020_1007232_2_MG_RD_CPH_Sewage_664,Denmark,Copenhagen,55.6405,12.5058,Rensningsanlaeg Damhusaaen,65
1007232_2,Copenaghen_RD,Acinetobacter,0.055274021,2020-05-05 00:00:00,DTU_2020_1007232_2_MG_RD_CPH_Sewage_664,Denmark,Copenhagen,55.6405,12.5058,Rensningsanlaeg Damhusaaen,65
1007232_2,Copenaghen_RD,Aeromonas,0.014344366,2020-05-05 00:00:00,DTU_2020_1007232_2_MG_RD_CPH_Sewage_664,Denmark,Copenhagen,55.6405,12.5058,Rensningsanlaeg Damhusaaen,65
1007232_2,Copenaghen_RD,Aliarcobacter,0.074198416,2020-05-05 00:00:00,DTU_2020_1007232_2_MG_RD_CPH_Sewage_664,Denmark,Copenhagen,55.6405,12.5058,Rensningsanlaeg Damhusaaen,65
1007232_2,Copenaghen_RD,Aquabacterium_A,0.000311907,2020-05-05 00:00:00,DTU_2020_1007232_2_MG_RD_CPH_Sewage_664,Denmark,Copenhagen,55.6405,12.5058,Rensningsanlaeg Damhusaaen,65
1007232_2,Copenaghen_RD,Bacteroides,0.018504935,2020-05-05 00:00:00,DTU_2020_1007232_2_MG_RD_CPH_Sewage_664,Denmark,Copenhagen,55.6405,12.5058,Rensningsanlaeg Damhusaaen,65
1007232_2,Copenaghen_RD,Brachymonas,0.007994499,2020-05-05 00:00:00,DTU_2020_1007232_2_MG_RD_CPH_Sewage_664,Denmark,Copenhagen,55.6405,12.5058,Rensningsanlaeg Damhusaaen,65
1007232_2,Copenaghen_RD,Brevefilum,2.12078e-05,2020-05-05 00:00:00,DTU_2020_1007232_2_MG_RD_CPH_Sewage_664,Denmark,Copenhagen,55.6405,12.5058,Rensningsanlaeg Damhusaaen,65
1007232_2,Copenaghen_RD,Brevundimonas,0.000698567,2020-05-05 00:00:00,DTU_2020_1007232_2_MG_RD_CPH_Sewage_664,Denmark,Copenhagen,55.6405,12.5058,Rensningsanlaeg Damhusaaen,65
1007232_2,Copenaghen_RD,Cloacibacterium,0.020196209,2020-05-05 00:00:00,DTU_2020_1007232_2_MG_RD_CPH_Sewage_664,Denmark,Copenhagen,55.6405,12.5058,Rensningsanlaeg Damhusaaen,65
1007232_2,Copenaghen_RD,Comamonas,0.032045583,2020-05-05 00:00:00,DTU_2020_1007232_2_MG_RD_CPH_Sewage_664,Denmark,Copenhagen,55.6405,12.5058,Rensningsanlaeg Damhusaaen,65
1007232_2,Copenaghen_RD,Competibacter_A,4.91858e-05,2020-05-05 00:00:00,DTU_2020_1007232_2_MG_RD_CPH_Sewage_664,Denmark,Copenhagen,55.6405,12.5058,Rensningsanlaeg Damhusaaen,65
1007232_2,Copenaghen_RD,Enterobacter,0.000594077,2020-05-05 00:00:00,DTU_2020_1007232_2_MG_RD_CPH_Sewage_664,Denmark,Copenhagen,55.6405,12.5058,Rensningsanlaeg Damhusaaen,65
1007232_2,Copenaghen_RD,Fermentibacter,6.24022e-05,2020-05-05 00:00:00,DTU_2020_1007232_2_MG_RD_CPH_Sewage_664,Denmark,Copenhagen,55.6405,12.5058,Rensningsanlaeg Damhusaaen,65
1007232_2,Copenaghen_RD,Flavobacterium,0.028234809,2020-05-05 00:00:00,DTU_2020_1007232_2_MG_RD_CPH_Sewage_664,Denmark,Copenhagen,55.6405,12.5058,Rensningsanlaeg Damhusaaen,65
1007232_2,Copenaghen_RD,Giesbergeria,0.020100247,2020-05-05 00:00:00,DTU_2020_1007232_2_MG_RD_CPH_Sewage_664,Denmark,Copenhagen,55.6405,12.5058,Rensningsanlaeg Damhusaaen,65
1007232_2,Copenaghen_RD,Hydrogenophaga,0.001697987,2020-05-05 00:00:00,DTU_2020_1007232_2_MG_RD_CPH_Sewage_664,Denmark,Copenhagen,55.6405,12.5058,Rensningsanlaeg Damhusaaen,65
1007232_2,Copenaghen_RD,JAGOYM01,0.011145883,2020-05-05 00:00:00,DTU_2020_1007232_2_MG_RD_CPH_Sewage_664,Denmark,Copenhagen,55.6405,12.5058,Rensningsanlaeg Damhusaaen,65
1007232_2,Copenaghen_RD,Janthinobacterium,0.000640802,2020-05-05 00:00:00,DTU_2020_1007232_2_MG_RD_CPH_Sewage_664,Denmark,Copenhagen,55.6405,12.5058,Rensningsanlaeg Damhusaaen,65
1007232_2,Copenaghen_RD,Kaistella,0.016933039,2020-05-05 00:00:00,DTU_2020_1007232_2_MG_RD_CPH_Sewage_664,Denmark,Copenhagen,55.6405,12.5058,Rensningsanlaeg Damhusaaen,65
1007232_2,Copenaghen_RD,Lactococcus_A,0.011598089,2020-05-05 00:00:00,DTU_2020_1007232_2_MG_RD_CPH_Sewage_664,Denmark,Copenhagen,55.6405,12.5058,Rensningsanlaeg Damhusaaen,65
1007232_2,Copenaghen_RD,Lenti-01,0.000159172,2020-05-05 00:00:00,DTU_2020_1007232_2_MG_RD_CPH_Sewage_664,Denmark,Copenhagen,55.6405,12.5058,Rensningsanlaeg Damhusaaen,65
1007232_2,Copenaghen_RD,Microthrix,0.00026036,2020-05-05 00:00:00,DTU_2020_1007232_2_MG_RD_CPH_Sewage_664,Denmark,Copenhagen,55.6405,12.5058,Rensningsanlaeg Damhusaaen,65
1007232_2,Copenaghen_RD,Moraxella_A,0.002613237,2020-05-05 00:00:00,DTU_2020_1007232_2_MG_RD_CPH_Sewage_664,Denmark,Copenhagen,55.6405,12.5058,Rensningsanlaeg Damhusaaen,65
1007232_2,Copenaghen_RD,Neisseria,0.017606574,2020-05-05 00:00:00,DTU_2020_1007232_2_MG_RD_CPH_Sewage_664,Denmark,Copenhagen,55.6405,12.5058,Rensningsanlaeg Damhusaaen,65
1007232_2,Copenaghen_RD,Novosphingobium,0.000250727,2020-05-05 00:00:00,DTU_2020_1007232_2_MG_RD_CPH_Sewage_664,Denmark,Copenhagen,55.6405,12.5058,Rensningsanlaeg Damhusaaen,65
1007232_2,Copenaghen_RD,Ottowia,0.017412419,2020-05-05 00:00:00,DTU_2020_1007232_2_MG_RD_CPH_Sewage_664,Denmark,Copenhagen,55.6405,12.5058,Rensningsanlaeg Damhusaaen,65
1007232_2,Copenaghen_RD,Paracoccus,0.001430757,2020-05-05 00:00:00,DTU_2020_1007232_2_MG_RD_CPH_Sewage_664,Denmark,Copenhagen,55.6405,12.5058,Rensningsanlaeg Damhusaaen,65
1007232_2,Copenaghen_RD,Phocaeicola,0.025094839,2020-05-05 00:00:00,DTU_2020_1007232_2_MG_RD_CPH_Sewage_664,Denmark,Copenhagen,55.6405,12.5058,Rensningsanlaeg Damhusaaen,65
1007232_2,Copenaghen_RD,Prevotella,0.032231473,2020-05-05 00:00:00,DTU_2020_1007232_2_MG_RD_CPH_Sewage_664,Denmark,Copenhagen,55.6405,12.5058,Rensningsanlaeg Damhusaaen,65
1007232_2,Copenaghen_RD,Propionivibrio,0.01001541,2020-05-05 00:00:00,DTU_2020_1007232_2_MG_RD_CPH_Sewage_664,Denmark,Copenhagen,55.6405,12.5058,Rensningsanlaeg Damhusaaen,65
1007232_2,Copenaghen_RD,Pseudomonas_E,0.008703796,2020-05-05 00:00:00,DTU_2020_1007232_2_MG_RD_CPH_Sewage_664,Denmark,Copenhagen,55.6405,12.5058,Rensningsanlaeg Damhusaaen,65
1007232_2,Copenaghen_RD,Pseudoxanthomonas,0.003014107,2020-05-05 00:00:00,DTU_2020_1007232_2_MG_RD_CPH_Sewage_664,Denmark,Copenhagen,55.6405,12.5058,Rensningsanlaeg Damhusaaen,65
1007232_2,Copenaghen_RD,Pseudoxanthomonas_A,0.00597366,2020-05-05 00:00:00,DTU_2020_1007232_2_MG_RD_CPH_Sewage_664,Denmark,Copenhagen,55.6405,12.5058,Rensningsanlaeg Damhusaaen,65
1007232_2,Copenaghen_RD,Psychrobacter,0.010614261,2020-05-05 00:00:00,DTU_2020_1007232_2_MG_RD_CPH_Sewage_664,Denmark,Copenhagen,55.6405,12.5058,Rensningsanlaeg Damhusaaen,65
1007232_2,Copenaghen_RD,Rubrivivax,0.00022189,2020-05-05 00:00:00,DTU_2020_1007232_2_MG_RD_CPH_Sewage_664,Denmark,Copenhagen,55.6405,12.5058,Rensningsanlaeg Damhusaaen,65
1007232_2,Copenaghen_RD,Streptococcus,0.00472629,2020-05-05 00:00:00,DTU_2020_1007232_2_MG_RD_CPH_Sewage_664,Denmark,Copenhagen,55.6405,12.5058,Rensningsanlaeg Damhusaaen,65
1007232_2,Copenaghen_RD,Telluria,0.000439612,2020-05-05 00:00:00,DTU_2020_1007232_2_MG_RD_CPH_Sewage_664,Denmark,Copenhagen,55.6405,12.5058,Rensningsanlaeg Damhusaaen,65
1007232_2,Copenaghen_RD,Thauera,0.019626463,2020-05-05 00:00:00,DTU_2020_1007232_2_MG_RD_CPH_Sewage_664,Denmark,Copenhagen,55.6405,12.5058,Rensningsanlaeg Damhusaaen,65
1007232_2,Copenaghen_RD,Thermomonas,0.006345352,2020-05-05 00:00:00,DTU_2020_1007232_2_MG_RD_CPH_Sewage_664,Denmark,Copenhagen,55.6405,12.5058,Rensningsanlaeg Damhusaaen,65
1007232_2,Copenaghen_RD,Thiothrix,0.000853353,2020-05-05 00:00:00,DTU_2020_1007232_2_MG_RD_CPH_Sewage_664,Denmark,Copenhagen,55.6405,12.5058,Rensningsanlaeg Damhusaaen,65
1007232_2,Copenaghen_RD,Tolumonas,0.001434998,2020-05-05 00:00:00,DTU_2020_1007232_2_MG_RD_CPH_Sewage_664,Denmark,Copenhagen,55.6405,12.5058,Rensningsanlaeg Damhusaaen,65
1007232_2,Copenaghen_RD,Trichococcus,0.019100348,2020-05-05 00:00:00,DTU_2020_1007232_2_MG_RD_CPH_Sewage_664,Denmark,Copenhagen,55.6405,12.5058,Rensningsanlaeg Damhusaaen,65
1007232_2,Copenaghen_RD,UBA1413,5.82439e-05,2020-05-05 00:00:00,DTU_2020_1007232_2_MG_RD_CPH_Sewage_664,Denmark,Copenhagen,55.6405,12.5058,Rensningsanlaeg Damhusaaen,65
1007232_2,Copenaghen_RD,merged,0.326402071,2020-05-05 00:00:00,DTU_2020_1007232_2_MG_RD_CPH_Sewage_664,Denmark,Copenhagen,55.6405,12.5058,Rensningsanlaeg Damhusaaen,65
1007230_2,Copenaghen_RL,Acidovorax,0.210107241,2020-05-05 00:00:00,DTU_2020_1007230_2_MG_RL_CPH_Sewage_662,Denmark,Copenhagen,55.6956,12.6139,Rensningsanlaeg Lynetten,65
1007230_2,Copenaghen_RL,Acinetobacter,0.042456244,2020-05-05 00:00:00,DTU_2020_1007230_2_MG_RL_CPH_Sewage_662,Denmark,Copenhagen,55.6956,12.6139,Rensningsanlaeg Lynetten,65
1007230_2,Copenaghen_RL,Aeromonas,0.039325285,2020-05-05 00:00:00,DTU_2020_1007230_2_MG_RL_CPH_Sewage_662,Denmark,Copenhagen,55.6956,12.6139,Rensningsanlaeg Lynetten,65
1007230_2,Copenaghen_RL,Aliarcobacter,0.052412088,2020-05-05 00:00:00,DTU_2020_1007230_2_MG_RL_CPH_Sewage_662,Denmark,Copenhagen,55.6956,12.6139,Rensningsanlaeg Lynetten,65
1007230_2,Copenaghen_RL,Aquabacterium_A,0.000296255,2020-05-05 00:00:00,DTU_2020_1007230_2_MG_RL_CPH_Sewage_662,Denmark,Copenhagen,55.6956,12.6139,Rensningsanlaeg Lynetten,65
1007230_2,Copenaghen_RL,Bacteroides,0.010227398,2020-05-05 00:00:00,DTU_2020_1007230_2_MG_RL_CPH_Sewage_662,Denmark,Copenhagen,55.6956,12.6139,Rensningsanlaeg Lynetten,65
1007230_2,Copenaghen_RL,Brachymonas,0.009129533,2020-05-05 00:00:00,DTU_2020_1007230_2_MG_RL_CPH_Sewage_662,Denmark,Copenhagen,55.6956,12.6139,Rensningsanlaeg Lynetten,65
1007230_2,Copenaghen_RL,Brevefilum,0.001233935,2020-05-05 00:00:00,DTU_2020_1007230_2_MG_RL_CPH_Sewage_662,Denmark,Copenhagen,55.6956,12.6139,Rensningsanlaeg Lynetten,65
1007230_2,Copenaghen_RL,Brevundimonas,0.000756388,2020-05-05 00:00:00,DTU_2020_1007230_2_MG_RL_CPH_Sewage_662,Denmark,Copenhagen,55.6956,12.6139,Rensningsanlaeg Lynetten,65
1007230_2,Copenaghen_RL,Cloacibacterium,0.013583152,2020-05-05 00:00:00,DTU_2020_1007230_2_MG_RL_CPH_Sewage_662,Denmark,Copenhagen,55.6956,12.6139,Rensningsanlaeg Lynetten,65
1007230_2,Copenaghen_RL,Comamonas,0.049315171,2020-05-05 00:00:00,DTU_2020_1007230_2_MG_RL_CPH_Sewage_662,Denmark,Copenhagen,55.6956,12.6139,Rensningsanlaeg Lynetten,65
1007230_2,Copenaghen_RL,Competibacter_A,0.000102505,2020-05-05 00:00:00,DTU_2020_1007230_2_MG_RL_CPH_Sewage_662,Denmark,Copenhagen,55.6956,12.6139,Rensningsanlaeg Lynetten,65
1007230_2,Copenaghen_RL,Enterobacter,0.002903386,2020-05-05 00:00:00,DTU_2020_1007230_2_MG_RL_CPH_Sewage_662,Denmark,Copenhagen,55.6956,12.6139,Rensningsanlaeg Lynetten,65
1007230_2,Copenaghen_RL,Fermentibacter,5.7744e-05,2020-05-05 00:00:00,DTU_2020_1007230_2_MG_RL_CPH_Sewage_662,Denmark,Copenhagen,55.6956,12.6139,Rensningsanlaeg Lynetten,65
1007230_2,Copenaghen_RL,Flavobacterium,0.024527002,2020-05-05 00:00:00,DTU_2020_1007230_2_MG_RL_CPH_Sewage_662,Denmark,Copenhagen,55.6956,12.6139,Rensningsanlaeg Lynetten,65
1007230_2,Copenaghen_RL,Giesbergeria,0.017203409,2020-05-05 00:00:00,DTU_2020_1007230_2_MG_RL_CPH_Sewage_662,Denmark,Copenhagen,55.6956,12.6139,Rensningsanlaeg Lynetten,65
1007230_2,Copenaghen_RL,Hydrogenophaga,0.000748803,2020-05-05 00:00:00,DTU_2020_1007230_2_MG_RL_CPH_Sewage_662,Denmark,Copenhagen,55.6956,12.6139,Rensningsanlaeg Lynetten,65
1007230_2,Copenaghen_RL,JAGOYM01,0.005297064,2020-05-05 00:00:00,DTU_2020_1007230_2_MG_RL_CPH_Sewage_662,Denmark,Copenhagen,55.6956,12.6139,Rensningsanlaeg Lynetten,65
1007230_2,Copenaghen_RL,Janthinobacterium,0.000761585,2020-05-05 00:00:00,DTU_2020_1007230_2_MG_RL_CPH_Sewage_662,Denmark,Copenhagen,55.6956,12.6139,Rensningsanlaeg Lynetten,65
1007230_2,Copenaghen_RL,Kaistella,0.010751296,2020-05-05 00:00:00,DTU_2020_1007230_2_MG_RL_CPH_Sewage_662,Denmark,Copenhagen,55.6956,12.6139,Rensningsanlaeg Lynetten,65
1007230_2,Copenaghen_RL,Lactococcus_A,0.022211059,2020-05-05 00:00:00,DTU_2020_1007230_2_MG_RL_CPH_Sewage_662,Denmark,Copenhagen,55.6956,12.6139,Rensningsanlaeg Lynetten,65
1007230_2,Copenaghen_RL,Lenti-01,0.000106729,2020-05-05 00:00:00,DTU_2020_1007230_2_MG_RL_CPH_Sewage_662,Denmark,Copenhagen,55.6956,12.6139,Rensningsanlaeg Lynetten,65
1007230_2,Copenaghen_RL,Microthrix,9.95738e-05,2020-05-05 00:00:00,DTU_2020_1007230_2_MG_RL_CPH_Sewage_662,Denmark,Copenhagen,55.6956,12.6139,Rensningsanlaeg Lynetten,65
1007230_2,Copenaghen_RL,Moraxella_A,0.001804024,2020-05-05 00:00:00,DTU_2020_1007230_2_MG_RL_CPH_Sewage_662,Denmark,Copenhagen,55.6956,12.6139,Rensningsanlaeg Lynetten,65
1007230_2,Copenaghen_RL,Neisseria,0.016712777,2020-05-05 00:00:00,DTU_2020_1007230_2_MG_RL_CPH_Sewage_662,Denmark,Copenhagen,55.6956,12.6139,Rensningsanlaeg Lynetten,65
1007230_2,Copenaghen_RL,Novosphingobium,0.000334484,2020-05-05 00:00:00,DTU_2020_1007230_2_MG_RL_CPH_Sewage_662,Denmark,Copenhagen,55.6956,12.6139,Rensningsanlaeg Lynetten,65
1007230_2,Copenaghen_RL,Ottowia,0.028206835,2020-05-05 00:00:00,DTU_2020_1007230_2_MG_RL_CPH_Sewage_662,Denmark,Copenhagen,55.6956,12.6139,Rensningsanlaeg Lynetten,65
1007230_2,Copenaghen_RL,Paracoccus,0.00119695,2020-05-05 00:00:00,DTU_2020_1007230_2_MG_RL_CPH_Sewage_662,Denmark,Copenhagen,55.6956,12.6139,Rensningsanlaeg Lynetten,65
1007230_2,Copenaghen_RL,Phocaeicola,0.00670231,2020-05-05 00:00:00,DTU_2020_1007230_2_MG_RL_CPH_Sewage_662,Denmark,Copenhagen,55.6956,12.6139,Rensningsanlaeg Lynetten,65
1007230_2,Copenaghen_RL,Prevotella,0.03793108,2020-05-05 00:00:00,DTU_2020_1007230_2_MG_RL_CPH_Sewage_662,Denmark,Copenhagen,55.6956,12.6139,Rensningsanlaeg Lynetten,65
1007230_2,Copenaghen_RL,Propionivibrio,0.00639536,2020-05-05 00:00:00,DTU_2020_1007230_2_MG_RL_CPH_Sewage_662,Denmark,Copenhagen,55.6956,12.6139,Rensningsanlaeg Lynetten,65
1007230_2,Copenaghen_RL,Pseudomonas_E,0.016360046,2020-05-05 00:00:00,DTU_2020_1007230_2_MG_RL_CPH_Sewage_662,Denmark,Copenhagen,55.6956,12.6139,Rensningsanlaeg Lynetten,65
1007230_2,Copenaghen_RL,Pseudoxanthomonas,0.002715576,2020-05-05 00:00:00,DTU_2020_1007230_2_MG_RL_CPH_Sewage_662,Denmark,Copenhagen,55.6956,12.6139,Rensningsanlaeg Lynetten,65
1007230_2,Copenaghen_RL,Pseudoxanthomonas_A,0.005281306,2020-05-05 00:00:00,DTU_2020_1007230_2_MG_RL_CPH_Sewage_662,Denmark,Copenhagen,55.6956,12.6139,Rensningsanlaeg Lynetten,65
1007230_2,Copenaghen_RL,Psychrobacter,0.015243207,2020-05-05 00:00:00,DTU_2020_1007230_2_MG_RL_CPH_Sewage_662,Denmark,Copenhagen,55.6956,12.6139,Rensningsanlaeg Lynetten,65
1007230_2,Copenaghen_RL,Rubrivivax,0.000303942,2020-05-05 00:00:00,DTU_2020_1007230_2_MG_RL_CPH_Sewage_662,Denmark,Copenhagen,55.6956,12.6139,Rensningsanlaeg Lynetten,65
1007230_2,Copenaghen_RL,Streptococcus,0.010233325,2020-05-05 00:00:00,DTU_2020_1007230_2_MG_RL_CPH_Sewage_662,Denmark,Copenhagen,55.6956,12.6139,Rensningsanlaeg Lynetten,65
1007230_2,Copenaghen_RL,Telluria,0.00061876,2020-05-05 00:00:00,DTU_2020_1007230_2_MG_RL_CPH_Sewage_662,Denmark,Copenhagen,55.6956,12.6139,Rensningsanlaeg Lynetten,65
1007230_2,Copenaghen_RL,Thauera,0.013779255,2020-05-05 00:00:00,DTU_2020_1007230_2_MG_RL_CPH_Sewage_662,Denmark,Copenhagen,55.6956,12.6139,Rensningsanlaeg Lynetten,65
1007230_2,Copenaghen_RL,Thermomonas,0.004171547,2020-05-05 00:00:00,DTU_2020_1007230_2_MG_RL_CPH_Sewage_662,Denmark,Copenhagen,55.6956,12.6139,Rensningsanlaeg Lynetten,65
1007230_2,Copenaghen_RL,Thiothrix,0.00041125,2020-05-05 00:00:00,DTU_2020_1007230_2_MG_RL_CPH_Sewage_662,Denmark,Copenhagen,55.6956,12.6139,Rensningsanlaeg Lynetten,65
1007230_2,Copenaghen_RL,Tolumonas,0.001130834,2020-05-05 00:00:00,DTU_2020_1007230_2_MG_RL_CPH_Sewage_662,Denmark,Copenhagen,55.6956,12.6139,Rensningsanlaeg Lynetten,65
1007230_2,Copenaghen_RL,Trichococcus,0.009222772,2020-05-05 00:00:00,DTU_2020_1007230_2_MG_RL_CPH_Sewage_662,Denmark,Copenhagen,55.6956,12.6139,Rensningsanlaeg Lynetten,65
1007230_2,Copenaghen_RL,UBA1413,0.000376219,2020-05-05 00:00:00,DTU_2020_1007230_2_MG_RL_CPH_Sewage_662,Denmark,Copenhagen,55.6956,12.6139,Rensningsanlaeg Lynetten,65
1007230_2,Copenaghen_RL,merged,0.307255296,2020-05-05 00:00:00,DTU_2020_1007230_2_MG_RL_CPH_Sewage_662,Denmark,Copenhagen,55.6956,12.6139,Rensningsanlaeg Lynetten,65
1007234_1,Copenaghen_RA,Acidovorax,0.114776155,2020-05-14 00:00:00,DTU_2020_1007234_1_MG_RA_CPH_Sewage_672,Denmark,Copenhagen,55.6085,12.4505,Rensningsanlaeg Avedoere,67
1007234_1,Copenaghen_RA,Acinetobacter,0.046635213,2020-05-14 00:00:00,DTU_2020_1007234_1_MG_RA_CPH_Sewage_672,Denmark,Copenhagen,55.6085,12.4505,Rensningsanlaeg Avedoere,67
1007234_1,Copenaghen_RA,Aeromonas,0.005001574,2020-05-14 00:00:00,DTU_2020_1007234_1_MG_RA_CPH_Sewage_672,Denmark,Copenhagen,55.6085,12.4505,Rensningsanlaeg Avedoere,67
1007234_1,Copenaghen_RA,Aliarcobacter,0.022587913,2020-05-14 00:00:00,DTU_2020_1007234_1_MG_RA_CPH_Sewage_672,Denmark,Copenhagen,55.6085,12.4505,Rensningsanlaeg Avedoere,67
1007234_1,Copenaghen_RA,Aquabacterium_A,0.000203666,2020-05-14 00:00:00,DTU_2020_1007234_1_MG_RA_CPH_Sewage_672,Denmark,Copenhagen,55.6085,12.4505,Rensningsanlaeg Avedoere,67
1007234_1,Copenaghen_RA,Bacteroides,0.003870308,2020-05-14 00:00:00,DTU_2020_1007234_1_MG_RA_CPH_Sewage_672,Denmark,Copenhagen,55.6085,12.4505,Rensningsanlaeg Avedoere,67
1007234_1,Copenaghen_RA,Brachymonas,0.008657364,2020-05-14 00:00:00,DTU_2020_1007234_1_MG_RA_CPH_Sewage_672,Denmark,Copenhagen,55.6085,12.4505,Rensningsanlaeg Avedoere,67
1007234_1,Copenaghen_RA,Brevefilum,5.12028e-06,2020-05-14 00:00:00,DTU_2020_1007234_1_MG_RA_CPH_Sewage_672,Denmark,Copenhagen,55.6085,12.4505,Rensningsanlaeg Avedoere,67
1007234_1,Copenaghen_RA,Brevundimonas,0.001599913,2020-05-14 00:00:00,DTU_2020_1007234_1_MG_RA_CPH_Sewage_672,Denmark,Copenhagen,55.6085,12.4505,Rensningsanlaeg Avedoere,67
1007234_1,Copenaghen_RA,Cloacibacterium,0.010328652,2020-05-14 00:00:00,DTU_2020_1007234_1_MG_RA_CPH_Sewage_672,Denmark,Copenhagen,55.6085,12.4505,Rensningsanlaeg Avedoere,67
1007234_1,Copenaghen_RA,Comamonas,0.018141274,2020-05-14 00:00:00,DTU_2020_1007234_1_MG_RA_CPH_Sewage_672,Denmark,Copenhagen,55.6085,12.4505,Rensningsanlaeg Avedoere,67
1007234_1,Copenaghen_RA,Competibacter_A,0.000345481,2020-05-14 00:00:00,DTU_2020_1007234_1_MG_RA_CPH_Sewage_672,Denmark,Copenhagen,55.6085,12.4505,Rensningsanlaeg Avedoere,67
1007234_1,Copenaghen_RA,Enterobacter,0.000805938,2020-05-14 00:00:00,DTU_2020_1007234_1_MG_RA_CPH_Sewage_672,Denmark,Copenhagen,55.6085,12.4505,Rensningsanlaeg Avedoere,67
1007234_1,Copenaghen_RA,Fermentibacter,8.57012e-06,2020-05-14 00:00:00,DTU_2020_1007234_1_MG_RA_CPH_Sewage_672,Denmark,Copenhagen,55.6085,12.4505,Rensningsanlaeg Avedoere,67
1007234_1,Copenaghen_RA,Flavobacterium,0.025926114,2020-05-14 00:00:00,DTU_2020_1007234_1_MG_RA_CPH_Sewage_672,Denmark,Copenhagen,55.6085,12.4505,Rensningsanlaeg Avedoere,67
1007234_1,Copenaghen_RA,Giesbergeria,0.07454903,2020-05-14 00:00:00,DTU_2020_1007234_1_MG_RA_CPH_Sewage_672,Denmark,Copenhagen,55.6085,12.4505,Rensningsanlaeg Avedoere,67
1007234_1,Copenaghen_RA,Hydrogenophaga,0.002768966,2020-05-14 00:00:00,DTU_2020_1007234_1_MG_RA_CPH_Sewage_672,Denmark,Copenhagen,55.6085,12.4505,Rensningsanlaeg Avedoere,67
1007234_1,Copenaghen_RA,JAGOYM01,0.012136744,2020-05-14 00:00:00,DTU_2020_1007234_1_MG_RA_CPH_Sewage_672,Denmark,Copenhagen,55.6085,12.4505,Rensningsanlaeg Avedoere,67
1007234_1,Copenaghen_RA,Janthinobacterium,0.000728528,2020-05-14 00:00:00,DTU_2020_1007234_1_MG_RA_CPH_Sewage_672,Denmark,Copenhagen,55.6085,12.4505,Rensningsanlaeg Avedoere,67
1007234_1,Copenaghen_RA,Kaistella,0.006723213,2020-05-14 00:00:00,DTU_2020_1007234_1_MG_RA_CPH_Sewage_672,Denmark,Copenhagen,55.6085,12.4505,Rensningsanlaeg Avedoere,67
1007234_1,Copenaghen_RA,Lactococcus_A,0.011764844,2020-05-14 00:00:00,DTU_2020_1007234_1_MG_RA_CPH_Sewage_672,Denmark,Copenhagen,55.6085,12.4505,Rensningsanlaeg Avedoere,67
1007234_1,Copenaghen_RA,Lenti-01,0.000154483,2020-05-14 00:00:00,DTU_2020_1007234_1_MG_RA_CPH_Sewage_672,Denmark,Copenhagen,55.6085,12.4505,Rensningsanlaeg Avedoere,67
1007234_1,Copenaghen_RA,Microthrix,8.21525e-05,2020-05-14 00:00:00,DTU_2020_1007234_1_MG_RA_CPH_Sewage_672,Denmark,Copenhagen,55.6085,12.4505,Rensningsanlaeg Avedoere,67
1007234_1,Copenaghen_RA,Moraxella_A,0.002286179,2020-05-14 00:00:00,DTU_2020_1007234_1_MG_RA_CPH_Sewage_672,Denmark,Copenhagen,55.6085,12.4505,Rensningsanlaeg Avedoere,67
1007234_1,Copenaghen_RA,Neisseria,0.023782646,2020-05-14 00:00:00,DTU_2020_1007234_1_MG_RA_CPH_Sewage_672,Denmark,Copenhagen,55.6085,12.4505,Rensningsanlaeg Avedoere,67
1007234_1,Copenaghen_RA,Novosphingobium,0.000254074,2020-05-14 00:00:00,DTU_2020_1007234_1_MG_RA_CPH_Sewage_672,Denmark,Copenhagen,55.6085,12.4505,Rensningsanlaeg Avedoere,67
1007234_1,Copenaghen_RA,Ottowia,0.024528649,2020-05-14 00:00:00,DTU_2020_1007234_1_MG_RA_CPH_Sewage_672,Denmark,Copenhagen,55.6085,12.4505,Rensningsanlaeg Avedoere,67
1007234_1,Copenaghen_RA,Paracoccus,0.005823538,2020-05-14 00:00:00,DTU_2020_1007234_1_MG_RA_CPH_Sewage_672,Denmark,Copenhagen,55.6085,12.4505,Rensningsanlaeg Avedoere,67
1007234_1,Copenaghen_RA,Phocaeicola,0.00520003,2020-05-14 00:00:00,DTU_2020_1007234_1_MG_RA_CPH_Sewage_672,Denmark,Copenhagen,55.6085,12.4505,Rensningsanlaeg Avedoere,67
1007234_1,Copenaghen_RA,Prevotella,0.009342332,2020-05-14 00:00:00,DTU_2020_1007234_1_MG_RA_CPH_Sewage_672,Denmark,Copenhagen,55.6085,12.4505,Rensningsanlaeg Avedoere,67
1007234_1,Copenaghen_RA,Propionivibrio,0.00728697,2020-05-14 00:00:00,DTU_2020_1007234_1_MG_RA_CPH_Sewage_672,Denmark,Copenhagen,55.6085,12.4505,Rensningsanlaeg Avedoere,67
1007234_1,Copenaghen_RA,Pseudomonas_E,0.016482364,2020-05-14 00:00:00,DTU_2020_1007234_1_MG_RA_CPH_Sewage_672,Denmark,Copenhagen,55.6085,12.4505,Rensningsanlaeg Avedoere,67
1007234_1,Copenaghen_RA,Pseudoxanthomonas,0.002972952,2020-05-14 00:00:00,DTU_2020_1007234_1_MG_RA_CPH_Sewage_672,Denmark,Copenhagen,55.6085,12.4505,Rensningsanlaeg Avedoere,67
1007234_1,Copenaghen_RA,Pseudoxanthomonas_A,0.015166208,2020-05-14 00:00:00,DTU_2020_1007234_1_MG_RA_CPH_Sewage_672,Denmark,Copenhagen,55.6085,12.4505,Rensningsanlaeg Avedoere,67
1007234_1,Copenaghen_RA,Psychrobacter,0.0249975,2020-05-14 00:00:00,DTU_2020_1007234_1_MG_RA_CPH_Sewage_672,Denmark,Copenhagen,55.6085,12.4505,Rensningsanlaeg Avedoere,67
1007234_1,Copenaghen_RA,Rubrivivax,0.000345227,2020-05-14 00:00:00,DTU_2020_1007234_1_MG_RA_CPH_Sewage_672,Denmark,Copenhagen,55.6085,12.4505,Rensningsanlaeg Avedoere,67
1007234_1,Copenaghen_RA,Streptococcus,0.006072714,2020-05-14 00:00:00,DTU_2020_1007234_1_MG_RA_CPH_Sewage_672,Denmark,Copenhagen,55.6085,12.4505,Rensningsanlaeg Avedoere,67
1007234_1,Copenaghen_RA,Telluria,0.000529955,2020-05-14 00:00:00,DTU_2020_1007234_1_MG_RA_CPH_Sewage_672,Denmark,Copenhagen,55.6085,12.4505,Rensningsanlaeg Avedoere,67
1007234_1,Copenaghen_RA,Thauera,0.020755458,2020-05-14 00:00:00,DTU_2020_1007234_1_MG_RA_CPH_Sewage_672,Denmark,Copenhagen,55.6085,12.4505,Rensningsanlaeg Avedoere,67
1007234_1,Copenaghen_RA,Thermomonas,0.00476874,2020-05-14 00:00:00,DTU_2020_1007234_1_MG_RA_CPH_Sewage_672,Denmark,Copenhagen,55.6085,12.4505,Rensningsanlaeg Avedoere,67
1007234_1,Copenaghen_RA,Thiothrix,0.002685739,2020-05-14 00:00:00,DTU_2020_1007234_1_MG_RA_CPH_Sewage_672,Denmark,Copenhagen,55.6085,12.4505,Rensningsanlaeg Avedoere,67
1007234_1,Copenaghen_RA,Tolumonas,0.001166362,2020-05-14 00:00:00,DTU_2020_1007234_1_MG_RA_CPH_Sewage_672,Denmark,Copenhagen,55.6085,12.4505,Rensningsanlaeg Avedoere,67
1007234_1,Copenaghen_RA,Trichococcus,0.08831044,2020-05-14 00:00:00,DTU_2020_1007234_1_MG_RA_CPH_Sewage_672,Denmark,Copenhagen,55.6085,12.4505,Rensningsanlaeg Avedoere,67
1007234_1,Copenaghen_RA,UBA1413,3.43173e-05,2020-05-14 00:00:00,DTU_2020_1007234_1_MG_RA_CPH_Sewage_672,Denmark,Copenhagen,55.6085,12.4505,Rensningsanlaeg Avedoere,67
1007234_1,Copenaghen_RA,merged,0.36940639,2020-05-14 00:00:00,DTU_2020_1007234_1_MG_RA_CPH_Sewage_672,Denmark,Copenhagen,55.6085,12.4505,Rensningsanlaeg Avedoere,67
1007235_1,Copenaghen_RD,Acidovorax,0.181976794,2020-05-14 00:00:00,DTU_2020_1007235_1_MG_RD_CPH_Sewage_673,Denmark,Copenhagen,55.6405,12.5058,Rensningsanlaeg Damhusaaen,67
1007235_1,Copenaghen_RD,Acinetobacter,0.034281257,2020-05-14 00:00:00,DTU_2020_1007235_1_MG_RD_CPH_Sewage_673,Denmark,Copenhagen,55.6405,12.5058,Rensningsanlaeg Damhusaaen,67
1007235_1,Copenaghen_RD,Aeromonas,0.006249232,2020-05-14 00:00:00,DTU_2020_1007235_1_MG_RD_CPH_Sewage_673,Denmark,Copenhagen,55.6405,12.5058,Rensningsanlaeg Damhusaaen,67
1007235_1,Copenaghen_RD,Aliarcobacter,0.038353277,2020-05-14 00:00:00,DTU_2020_1007235_1_MG_RD_CPH_Sewage_673,Denmark,Copenhagen,55.6405,12.5058,Rensningsanlaeg Damhusaaen,67
1007235_1,Copenaghen_RD,Aquabacterium_A,0.000454497,2020-05-14 00:00:00,DTU_2020_1007235_1_MG_RD_CPH_Sewage_673,Denmark,Copenhagen,55.6405,12.5058,Rensningsanlaeg Damhusaaen,67
1007235_1,Copenaghen_RD,Bacteroides,0.006342301,2020-05-14 00:00:00,DTU_2020_1007235_1_MG_RD_CPH_Sewage_673,Denmark,Copenhagen,55.6405,12.5058,Rensningsanlaeg Damhusaaen,67
1007235_1,Copenaghen_RD,Brachymonas,0.013432917,2020-05-14 00:00:00,DTU_2020_1007235_1_MG_RD_CPH_Sewage_673,Denmark,Copenhagen,55.6405,12.5058,Rensningsanlaeg Damhusaaen,67
1007235_1,Copenaghen_RD,Brevefilum,4.79143e-05,2020-05-14 00:00:00,DTU_2020_1007235_1_MG_RD_CPH_Sewage_673,Denmark,Copenhagen,55.6405,12.5058,Rensningsanlaeg Damhusaaen,67
1007235_1,Copenaghen_RD,Brevundimonas,0.001482661,2020-05-14 00:00:00,DTU_2020_1007235_1_MG_RD_CPH_Sewage_673,Denmark,Copenhagen,55.6405,12.5058,Rensningsanlaeg Damhusaaen,67
1007235_1,Copenaghen_RD,Cloacibacterium,0.009130501,2020-05-14 00:00:00,DTU_2020_1007235_1_MG_RD_CPH_Sewage_673,Denmark,Copenhagen,55.6405,12.5058,Rensningsanlaeg Damhusaaen,67
1007235_1,Copenaghen_RD,Comamonas,0.014706065,2020-05-14 00:00:00,DTU_2020_1007235_1_MG_RD_CPH_Sewage_673,Denmark,Copenhagen,55.6405,12.5058,Rensningsanlaeg Damhusaaen,67
1007235_1,Copenaghen_RD,Competibacter_A,0.000272226,2020-05-14 00:00:00,DTU_2020_1007235_1_MG_RD_CPH_Sewage_673,Denmark,Copenhagen,55.6405,12.5058,Rensningsanlaeg Damhusaaen,67
1007235_1,Copenaghen_RD,Enterobacter,0.000344925,2020-05-14 00:00:00,DTU_2020_1007235_1_MG_RD_CPH_Sewage_673,Denmark,Copenhagen,55.6405,12.5058,Rensningsanlaeg Damhusaaen,67
1007235_1,Copenaghen_RD,Fermentibacter,0.000350484,2020-05-14 00:00:00,DTU_2020_1007235_1_MG_RD_CPH_Sewage_673,Denmark,Copenhagen,55.6405,12.5058,Rensningsanlaeg Damhusaaen,67
1007235_1,Copenaghen_RD,Flavobacterium,0.023226204,2020-05-14 00:00:00,DTU_2020_1007235_1_MG_RD_CPH_Sewage_673,Denmark,Copenhagen,55.6405,12.5058,Rensningsanlaeg Damhusaaen,67
1007235_1,Copenaghen_RD,Giesbergeria,0.018637974,2020-05-14 00:00:00,DTU_2020_1007235_1_MG_RD_CPH_Sewage_673,Denmark,Copenhagen,55.6405,12.5058,Rensningsanlaeg Damhusaaen,67
1007235_1,Copenaghen_RD,Hydrogenophaga,0.001140641,2020-05-14 00:00:00,DTU_2020_1007235_1_MG_RD_CPH_Sewage_673,Denmark,Copenhagen,55.6405,12.5058,Rensningsanlaeg Damhusaaen,67
1007235_1,Copenaghen_RD,JAGOYM01,0.007900159,2020-05-14 00:00:00,DTU_2020_1007235_1_MG_RD_CPH_Sewage_673,Denmark,Copenhagen,55.6405,12.5058,Rensningsanlaeg Damhusaaen,67
1007235_1,Copenaghen_RD,Janthinobacterium,0.001136664,2020-05-14 00:00:00,DTU_2020_1007235_1_MG_RD_CPH_Sewage_673,Denmark,Copenhagen,55.6405,12.5058,Rensningsanlaeg Damhusaaen,67
1007235_1,Copenaghen_RD,Kaistella,0.013101278,2020-05-14 00:00:00,DTU_2020_1007235_1_MG_RD_CPH_Sewage_673,Denmark,Copenhagen,55.6405,12.5058,Rensningsanlaeg Damhusaaen,67
1007235_1,Copenaghen_RD,Lactococcus_A,0.014569201,2020-05-14 00:00:00,DTU_2020_1007235_1_MG_RD_CPH_Sewage_673,Denmark,Copenhagen,55.6405,12.5058,Rensningsanlaeg Damhusaaen,67
1007235_1,Copenaghen_RD,Lenti-01,0.000200623,2020-05-14 00:00:00,DTU_2020_1007235_1_MG_RD_CPH_Sewage_673,Denmark,Copenhagen,55.6405,12.5058,Rensningsanlaeg Damhusaaen,67
1007235_1,Copenaghen_RD,Microthrix,0.002367587,2020-05-14 00:00:00,DTU_2020_1007235_1_MG_RD_CPH_Sewage_673,Denmark,Copenhagen,55.6405,12.5058,Rensningsanlaeg Damhusaaen,67
1007235_1,Copenaghen_RD,Moraxella_A,0.002217539,2020-05-14 00:00:00,DTU_2020_1007235_1_MG_RD_CPH_Sewage_673,Denmark,Copenhagen,55.6405,12.5058,Rensningsanlaeg Damhusaaen,67
1007235_1,Copenaghen_RD,Neisseria,0.020849875,2020-05-14 00:00:00,DTU_2020_1007235_1_MG_RD_CPH_Sewage_673,Denmark,Copenhagen,55.6405,12.5058,Rensningsanlaeg Damhusaaen,67
1007235_1,Copenaghen_RD,Novosphingobium,0.000511169,2020-05-14 00:00:00,DTU_2020_1007235_1_MG_RD_CPH_Sewage_673,Denmark,Copenhagen,55.6405,12.5058,Rensningsanlaeg Damhusaaen,67
1007235_1,Copenaghen_RD,Ottowia,0.026520896,2020-05-14 00:00:00,DTU_2020_1007235_1_MG_RD_CPH_Sewage_673,Denmark,Copenhagen,55.6405,12.5058,Rensningsanlaeg Damhusaaen,67
1007235_1,Copenaghen_RD,Paracoccus,0.001554709,2020-05-14 00:00:00,DTU_2020_1007235_1_MG_RD_CPH_Sewage_673,Denmark,Copenhagen,55.6405,12.5058,Rensningsanlaeg Damhusaaen,67
1007235_1,Copenaghen_RD,Phocaeicola,0.008096423,2020-05-14 00:00:00,DTU_2020_1007235_1_MG_RD_CPH_Sewage_673,Denmark,Copenhagen,55.6405,12.5058,Rensningsanlaeg Damhusaaen,67
1007235_1,Copenaghen_RD,Prevotella,0.029678239,2020-05-14 00:00:00,DTU_2020_1007235_1_MG_RD_CPH_Sewage_673,Denmark,Copenhagen,55.6405,12.5058,Rensningsanlaeg Damhusaaen,67
1007235_1,Copenaghen_RD,Propionivibrio,0.005863879,2020-05-14 00:00:00,DTU_2020_1007235_1_MG_RD_CPH_Sewage_673,Denmark,Copenhagen,55.6405,12.5058,Rensningsanlaeg Damhusaaen,67
1007235_1,Copenaghen_RD,Pseudomonas_E,0.010463678,2020-05-14 00:00:00,DTU_2020_1007235_1_MG_RD_CPH_Sewage_673,Denmark,Copenhagen,55.6405,12.5058,Rensningsanlaeg Damhusaaen,67
1007235_1,Copenaghen_RD,Pseudoxanthomonas,0.005548137,2020-05-14 00:00:00,DTU_2020_1007235_1_MG_RD_CPH_Sewage_673,Denmark,Copenhagen,55.6405,12.5058,Rensningsanlaeg Damhusaaen,67
1007235_1,Copenaghen_RD,Pseudoxanthomonas_A,0.010961992,2020-05-14 00:00:00,DTU_2020_1007235_1_MG_RD_CPH_Sewage_673,Denmark,Copenhagen,55.6405,12.5058,Rensningsanlaeg Damhusaaen,67
1007235_1,Copenaghen_RD,Psychrobacter,0.020207842,2020-05-14 00:00:00,DTU_2020_1007235_1_MG_RD_CPH_Sewage_673,Denmark,Copenhagen,55.6405,12.5058,Rensningsanlaeg Damhusaaen,67
1007235_1,Copenaghen_RD,Rubrivivax,0.000780629,2020-05-14 00:00:00,DTU_2020_1007235_1_MG_RD_CPH_Sewage_673,Denmark,Copenhagen,55.6405,12.5058,Rensningsanlaeg Damhusaaen,67
1007235_1,Copenaghen_RD,Streptococcus,0.011492996,2020-05-14 00:00:00,DTU_2020_1007235_1_MG_RD_CPH_Sewage_673,Denmark,Copenhagen,55.6405,12.5058,Rensningsanlaeg Damhusaaen,67
1007235_1,Copenaghen_RD,Telluria,0.00069854,2020-05-14 00:00:00,DTU_2020_1007235_1_MG_RD_CPH_Sewage_673,Denmark,Copenhagen,55.6405,12.5058,Rensningsanlaeg Damhusaaen,67
1007235_1,Copenaghen_RD,Thauera,0.016230487,2020-05-14 00:00:00,DTU_2020_1007235_1_MG_RD_CPH_Sewage_673,Denmark,Copenhagen,55.6405,12.5058,Rensningsanlaeg Damhusaaen,67
1007235_1,Copenaghen_RD,Thermomonas,0.00585544,2020-05-14 00:00:00,DTU_2020_1007235_1_MG_RD_CPH_Sewage_673,Denmark,Copenhagen,55.6405,12.5058,Rensningsanlaeg Damhusaaen,67
1007235_1,Copenaghen_RD,Thiothrix,0.001058347,2020-05-14 00:00:00,DTU_2020_1007235_1_MG_RD_CPH_Sewage_673,Denmark,Copenhagen,55.6405,12.5058,Rensningsanlaeg Damhusaaen,67
1007235_1,Copenaghen_RD,Tolumonas,0.00065403,2020-05-14 00:00:00,DTU_2020_1007235_1_MG_RD_CPH_Sewage_673,Denmark,Copenhagen,55.6405,12.5058,Rensningsanlaeg Damhusaaen,67
1007235_1,Copenaghen_RD,Trichococcus,0.012249931,2020-05-14 00:00:00,DTU_2020_1007235_1_MG_RD_CPH_Sewage_673,Denmark,Copenhagen,55.6405,12.5058,Rensningsanlaeg Damhusaaen,67
1007235_1,Copenaghen_RD,UBA1413,0.000386853,2020-05-14 00:00:00,DTU_2020_1007235_1_MG_RD_CPH_Sewage_673,Denmark,Copenhagen,55.6405,12.5058,Rensningsanlaeg Damhusaaen,67
1007235_1,Copenaghen_RD,merged,0.418412987,2020-05-14 00:00:00,DTU_2020_1007235_1_MG_RD_CPH_Sewage_673,Denmark,Copenhagen,55.6405,12.5058,Rensningsanlaeg Damhusaaen,67
1007233_1,Copenaghen_RL,Acidovorax,0.1772029,2020-05-14 00:00:00,DTU_2020_1007233_1_MG_RL_CPH_Sewage_671,Denmark,Copenhagen,55.6956,12.6139,Rensningsanlaeg Lynetten,67
1007233_1,Copenaghen_RL,Acinetobacter,0.039311976,2020-05-14 00:00:00,DTU_2020_1007233_1_MG_RL_CPH_Sewage_671,Denmark,Copenhagen,55.6956,12.6139,Rensningsanlaeg Lynetten,67
1007233_1,Copenaghen_RL,Aeromonas,0.012699126,2020-05-14 00:00:00,DTU_2020_1007233_1_MG_RL_CPH_Sewage_671,Denmark,Copenhagen,55.6956,12.6139,Rensningsanlaeg Lynetten,67
1007233_1,Copenaghen_RL,Aliarcobacter,0.042097013,2020-05-14 00:00:00,DTU_2020_1007233_1_MG_RL_CPH_Sewage_671,Denmark,Copenhagen,55.6956,12.6139,Rensningsanlaeg Lynetten,67
1007233_1,Copenaghen_RL,Aquabacterium_A,0.00029726,2020-05-14 00:00:00,DTU_2020_1007233_1_MG_RL_CPH_Sewage_671,Denmark,Copenhagen,55.6956,12.6139,Rensningsanlaeg Lynetten,67
1007233_1,Copenaghen_RL,Bacteroides,0.006709173,2020-05-14 00:00:00,DTU_2020_1007233_1_MG_RL_CPH_Sewage_671,Denmark,Copenhagen,55.6956,12.6139,Rensningsanlaeg Lynetten,67
1007233_1,Copenaghen_RL,Brachymonas,0.010268647,2020-05-14 00:00:00,DTU_2020_1007233_1_MG_RL_CPH_Sewage_671,Denmark,Copenhagen,55.6956,12.6139,Rensningsanlaeg Lynetten,67
1007233_1,Copenaghen_RL,Brevefilum,3.51618e-05,2020-05-14 00:00:00,DTU_2020_1007233_1_MG_RL_CPH_Sewage_671,Denmark,Copenhagen,55.6956,12.6139,Rensningsanlaeg Lynetten,67
1007233_1,Copenaghen_RL,Brevundimonas,0.000684371,2020-05-14 00:00:00,DTU_2020_1007233_1_MG_RL_CPH_Sewage_671,Denmark,Copenhagen,55.6956,12.6139,Rensningsanlaeg Lynetten,67
1007233_1,Copenaghen_RL,Cloacibacterium,0.017552823,2020-05-14 00:00:00,DTU_2020_1007233_1_MG_RL_CPH_Sewage_671,Denmark,Copenhagen,55.6956,12.6139,Rensningsanlaeg Lynetten,67
1007233_1,Copenaghen_RL,Comamonas,0.052799664,2020-05-14 00:00:00,DTU_2020_1007233_1_MG_RL_CPH_Sewage_671,Denmark,Copenhagen,55.6956,12.6139,Rensningsanlaeg Lynetten,67
1007233_1,Copenaghen_RL,Competibacter_A,3.61313e-05,2020-05-14 00:00:00,DTU_2020_1007233_1_MG_RL_CPH_Sewage_671,Denmark,Copenhagen,55.6956,12.6139,Rensningsanlaeg Lynetten,67
1007233_1,Copenaghen_RL,Enterobacter,0.000544073,2020-05-14 00:00:00,DTU_2020_1007233_1_MG_RL_CPH_Sewage_671,Denmark,Copenhagen,55.6956,12.6139,Rensningsanlaeg Lynetten,67
1007233_1,Copenaghen_RL,Fermentibacter,8.36638e-06,2020-05-14 00:00:00,DTU_2020_1007233_1_MG_RL_CPH_Sewage_671,Denmark,Copenhagen,55.6956,12.6139,Rensningsanlaeg Lynetten,67
1007233_1,Copenaghen_RL,Flavobacterium,0.02157684,2020-05-14 00:00:00,DTU_2020_1007233_1_MG_RL_CPH_Sewage_671,Denmark,Copenhagen,55.6956,12.6139,Rensningsanlaeg Lynetten,67
1007233_1,Copenaghen_RL,Giesbergeria,0.025812859,2020-05-14 00:00:00,DTU_2020_1007233_1_MG_RL_CPH_Sewage_671,Denmark,Copenhagen,55.6956,12.6139,Rensningsanlaeg Lynetten,67
1007233_1,Copenaghen_RL,Hydrogenophaga,0.000896385,2020-05-14 00:00:00,DTU_2020_1007233_1_MG_RL_CPH_Sewage_671,Denmark,Copenhagen,55.6956,12.6139,Rensningsanlaeg Lynetten,67
1007233_1,Copenaghen_RL,JAGOYM01,0.008640062,2020-05-14 00:00:00,DTU_2020_1007233_1_MG_RL_CPH_Sewage_671,Denmark,Copenhagen,55.6956,12.6139,Rensningsanlaeg Lynetten,67
1007233_1,Copenaghen_RL,Janthinobacterium,0.000724259,2020-05-14 00:00:00,DTU_2020_1007233_1_MG_RL_CPH_Sewage_671,Denmark,Copenhagen,55.6956,12.6139,Rensningsanlaeg Lynetten,67
1007233_1,Copenaghen_RL,Kaistella,0.006372124,2020-05-14 00:00:00,DTU_2020_1007233_1_MG_RL_CPH_Sewage_671,Denmark,Copenhagen,55.6956,12.6139,Rensningsanlaeg Lynetten,67
1007233_1,Copenaghen_RL,Lactococcus_A,0.00917584,2020-05-14 00:00:00,DTU_2020_1007233_1_MG_RL_CPH_Sewage_671,Denmark,Copenhagen,55.6956,12.6139,Rensningsanlaeg Lynetten,67
1007233_1,Copenaghen_RL,Lenti-01,0.000158947,2020-05-14 00:00:00,DTU_2020_1007233_1_MG_RL_CPH_Sewage_671,Denmark,Copenhagen,55.6956,12.6139,Rensningsanlaeg Lynetten,67
1007233_1,Copenaghen_RL,Microthrix,7.52246e-05,2020-05-14 00:00:00,DTU_2020_1007233_1_MG_RL_CPH_Sewage_671,Denmark,Copenhagen,55.6956,12.6139,Rensningsanlaeg Lynetten,67
1007233_1,Copenaghen_RL,Moraxella_A,0.003043806,2020-05-14 00:00:00,DTU_2020_1007233_1_MG_RL_CPH_Sewage_671,Denmark,Copenhagen,55.6956,12.6139,Rensningsanlaeg Lynetten,67
1007233_1,Copenaghen_RL,Neisseria,0.032594411,2020-05-14 00:00:00,DTU_2020_1007233_1_MG_RL_CPH_Sewage_671,Denmark,Copenhagen,55.6956,12.6139,Rensningsanlaeg Lynetten,67
1007233_1,Copenaghen_RL,Novosphingobium,0.000268164,2020-05-14 00:00:00,DTU_2020_1007233_1_MG_RL_CPH_Sewage_671,Denmark,Copenhagen,55.6956,12.6139,Rensningsanlaeg Lynetten,67
1007233_1,Copenaghen_RL,Ottowia,0.034524268,2020-05-14 00:00:00,DTU_2020_1007233_1_MG_RL_CPH_Sewage_671,Denmark,Copenhagen,55.6956,12.6139,Rensningsanlaeg Lynetten,67
1007233_1,Copenaghen_RL,Paracoccus,0.002152665,2020-05-14 00:00:00,DTU_2020_1007233_1_MG_RL_CPH_Sewage_671,Denmark,Copenhagen,55.6956,12.6139,Rensningsanlaeg Lynetten,67
1007233_1,Copenaghen_RL,Phocaeicola,0.007522918,2020-05-14 00:00:00,DTU_2020_1007233_1_MG_RL_CPH_Sewage_671,Denmark,Copenhagen,55.6956,12.6139,Rensningsanlaeg Lynetten,67
1007233_1,Copenaghen_RL,Prevotella,0.015316978,2020-05-14 00:00:00,DTU_2020_1007233_1_MG_RL_CPH_Sewage_671,Denmark,Copenhagen,55.6956,12.6139,Rensningsanlaeg Lynetten,67
1007233_1,Copenaghen_RL,Propionivibrio,0.006532787,2020-05-14 00:00:00,DTU_2020_1007233_1_MG_RL_CPH_Sewage_671,Denmark,Copenhagen,55.6956,12.6139,Rensningsanlaeg Lynetten,67
1007233_1,Copenaghen_RL,Pseudomonas_E,0.010764862,2020-05-14 00:00:00,DTU_2020_1007233_1_MG_RL_CPH_Sewage_671,Denmark,Copenhagen,55.6956,12.6139,Rensningsanlaeg Lynetten,67
1007233_1,Copenaghen_RL,Pseudoxanthomonas,0.009531709,2020-05-14 00:00:00,DTU_2020_1007233_1_MG_RL_CPH_Sewage_671,Denmark,Copenhagen,55.6956,12.6139,Rensningsanlaeg Lynetten,67
1007233_1,Copenaghen_RL,Pseudoxanthomonas_A,0.008489748,2020-05-14 00:00:00,DTU_2020_1007233_1_MG_RL_CPH_Sewage_671,Denmark,Copenhagen,55.6956,12.6139,Rensningsanlaeg Lynetten,67
1007233_1,Copenaghen_RL,Psychrobacter,0.016413234,2020-05-14 00:00:00,DTU_2020_1007233_1_MG_RL_CPH_Sewage_671,Denmark,Copenhagen,55.6956,12.6139,Rensningsanlaeg Lynetten,67
1007233_1,Copenaghen_RL,Rubrivivax,0.000260556,2020-05-14 00:00:00,DTU_2020_1007233_1_MG_RL_CPH_Sewage_671,Denmark,Copenhagen,55.6956,12.6139,Rensningsanlaeg Lynetten,67
1007233_1,Copenaghen_RL,Streptococcus,0.01397526,2020-05-14 00:00:00,DTU_2020_1007233_1_MG_RL_CPH_Sewage_671,Denmark,Copenhagen,55.6956,12.6139,Rensningsanlaeg Lynetten,67
1007233_1,Copenaghen_RL,Telluria,0.000588619,2020-05-14 00:00:00,DTU_2020_1007233_1_MG_RL_CPH_Sewage_671,Denmark,Copenhagen,55.6956,12.6139,Rensningsanlaeg Lynetten,67
1007233_1,Copenaghen_RL,Thauera,0.016388324,2020-05-14 00:00:00,DTU_2020_1007233_1_MG_RL_CPH_Sewage_671,Denmark,Copenhagen,55.6956,12.6139,Rensningsanlaeg Lynetten,67
1007233_1,Copenaghen_RL,Thermomonas,0.005520372,2020-05-14 00:00:00,DTU_2020_1007233_1_MG_RL_CPH_Sewage_671,Denmark,Copenhagen,55.6956,12.6139,Rensningsanlaeg Lynetten,67
1007233_1,Copenaghen_RL,Thiothrix,0.000330074,2020-05-14 00:00:00,DTU_2020_1007233_1_MG_RL_CPH_Sewage_671,Denmark,Copenhagen,55.6956,12.6139,Rensningsanlaeg Lynetten,67
1007233_1,Copenaghen_RL,Tolumonas,0.001937513,2020-05-14 00:00:00,DTU_2020_1007233_1_MG_RL_CPH_Sewage_671,Denmark,Copenhagen,55.6956,12.6139,Rensningsanlaeg Lynetten,67
1007233_1,Copenaghen_RL,Trichococcus,0.02157252,2020-05-14 00:00:00,DTU_2020_1007233_1_MG_RL_CPH_Sewage_671,Denmark,Copenhagen,55.6956,12.6139,Rensningsanlaeg Lynetten,67
1007233_1,Copenaghen_RL,UBA1413,1.248e-05,2020-05-14 00:00:00,DTU_2020_1007233_1_MG_RL_CPH_Sewage_671,Denmark,Copenhagen,55.6956,12.6139,Rensningsanlaeg Lynetten,67
1007233_1,Copenaghen_RL,merged,0.358579504,2020-05-14 00:00:00,DTU_2020_1007233_1_MG_RL_CPH_Sewage_671,Denmark,Copenhagen,55.6956,12.6139,Rensningsanlaeg Lynetten,67
1007284_1,Copenaghen_RA,Acidovorax,0.216704125,2020-05-20 00:00:00,DTU_2020_1007284_1_MG_RA_CPH_Sewage_2_678,Denmark,Copenhagen,55.6085,12.4505,Rensningsanlaeg Avedoere,68
1007284_1,Copenaghen_RA,Acinetobacter,0.044685661,2020-05-20 00:00:00,DTU_2020_1007284_1_MG_RA_CPH_Sewage_2_678,Denmark,Copenhagen,55.6085,12.4505,Rensningsanlaeg Avedoere,68
1007284_1,Copenaghen_RA,Aeromonas,0.010133635,2020-05-20 00:00:00,DTU_2020_1007284_1_MG_RA_CPH_Sewage_2_678,Denmark,Copenhagen,55.6085,12.4505,Rensningsanlaeg Avedoere,68
1007284_1,Copenaghen_RA,Aliarcobacter,0.037729219,2020-05-20 00:00:00,DTU_2020_1007284_1_MG_RA_CPH_Sewage_2_678,Denmark,Copenhagen,55.6085,12.4505,Rensningsanlaeg Avedoere,68
1007284_1,Copenaghen_RA,Aquabacterium_A,0.000283904,2020-05-20 00:00:00,DTU_2020_1007284_1_MG_RA_CPH_Sewage_2_678,Denmark,Copenhagen,55.6085,12.4505,Rensningsanlaeg Avedoere,68
1007284_1,Copenaghen_RA,Bacteroides,0.002601295,2020-05-20 00:00:00,DTU_2020_1007284_1_MG_RA_CPH_Sewage_2_678,Denmark,Copenhagen,55.6085,12.4505,Rensningsanlaeg Avedoere,68
1007284_1,Copenaghen_RA,Brachymonas,0.012580636,2020-05-20 00:00:00,DTU_2020_1007284_1_MG_RA_CPH_Sewage_2_678,Denmark,Copenhagen,55.6085,12.4505,Rensningsanlaeg Avedoere,68
1007284_1,Copenaghen_RA,Brevefilum,5.56135e-05,2020-05-20 00:00:00,DTU_2020_1007284_1_MG_RA_CPH_Sewage_2_678,Denmark,Copenhagen,55.6085,12.4505,Rensningsanlaeg Avedoere,68
1007284_1,Copenaghen_RA,Brevundimonas,0.001730812,2020-05-20 00:00:00,DTU_2020_1007284_1_MG_RA_CPH_Sewage_2_678,Denmark,Copenhagen,55.6085,12.4505,Rensningsanlaeg Avedoere,68
1007284_1,Copenaghen_RA,Cloacibacterium,0.015064547,2020-05-20 00:00:00,DTU_2020_1007284_1_MG_RA_CPH_Sewage_2_678,Denmark,Copenhagen,55.6085,12.4505,Rensningsanlaeg Avedoere,68
1007284_1,Copenaghen_RA,Comamonas,0.033140058,2020-05-20 00:00:00,DTU_2020_1007284_1_MG_RA_CPH_Sewage_2_678,Denmark,Copenhagen,55.6085,12.4505,Rensningsanlaeg Avedoere,68
1007284_1,Copenaghen_RA,Competibacter_A,4.71704e-05,2020-05-20 00:00:00,DTU_2020_1007284_1_MG_RA_CPH_Sewage_2_678,Denmark,Copenhagen,55.6085,12.4505,Rensningsanlaeg Avedoere,68
1007284_1,Copenaghen_RA,Enterobacter,0.000445428,2020-05-20 00:00:00,DTU_2020_1007284_1_MG_RA_CPH_Sewage_2_678,Denmark,Copenhagen,55.6085,12.4505,Rensningsanlaeg Avedoere,68
1007284_1,Copenaghen_RA,Fermentibacter,1.21853e-05,2020-05-20 00:00:00,DTU_2020_1007284_1_MG_RA_CPH_Sewage_2_678,Denmark,Copenhagen,55.6085,12.4505,Rensningsanlaeg Avedoere,68
1007284_1,Copenaghen_RA,Flavobacterium,0.008487205,2020-05-20 00:00:00,DTU_2020_1007284_1_MG_RA_CPH_Sewage_2_678,Denmark,Copenhagen,55.6085,12.4505,Rensningsanlaeg Avedoere,68
1007284_1,Copenaghen_RA,Giesbergeria,0.022550837,2020-05-20 00:00:00,DTU_2020_1007284_1_MG_RA_CPH_Sewage_2_678,Denmark,Copenhagen,55.6085,12.4505,Rensningsanlaeg Avedoere,68
1007284_1,Copenaghen_RA,Hydrogenophaga,0.001946175,2020-05-20 00:00:00,DTU_2020_1007284_1_MG_RA_CPH_Sewage_2_678,Denmark,Copenhagen,55.6085,12.4505,Rensningsanlaeg Avedoere,68
1007284_1,Copenaghen_RA,JAGOYM01,0.033093507,2020-05-20 00:00:00,DTU_2020_1007284_1_MG_RA_CPH_Sewage_2_678,Denmark,Copenhagen,55.6085,12.4505,Rensningsanlaeg Avedoere,68
1007284_1,Copenaghen_RA,Janthinobacterium,0.000761974,2020-05-20 00:00:00,DTU_2020_1007284_1_MG_RA_CPH_Sewage_2_678,Denmark,Copenhagen,55.6085,12.4505,Rensningsanlaeg Avedoere,68
1007284_1,Copenaghen_RA,Kaistella,0.005383104,2020-05-20 00:00:00,DTU_2020_1007284_1_MG_RA_CPH_Sewage_2_678,Denmark,Copenhagen,55.6085,12.4505,Rensningsanlaeg Avedoere,68
1007284_1,Copenaghen_RA,Lactococcus_A,0.010615194,2020-05-20 00:00:00,DTU_2020_1007284_1_MG_RA_CPH_Sewage_2_678,Denmark,Copenhagen,55.6085,12.4505,Rensningsanlaeg Avedoere,68
1007284_1,Copenaghen_RA,Lenti-01,0.00030075,2020-05-20 00:00:00,DTU_2020_1007284_1_MG_RA_CPH_Sewage_2_678,Denmark,Copenhagen,55.6085,12.4505,Rensningsanlaeg Avedoere,68
1007284_1,Copenaghen_RA,Microthrix,0.000120824,2020-05-20 00:00:00,DTU_2020_1007284_1_MG_RA_CPH_Sewage_2_678,Denmark,Copenhagen,55.6085,12.4505,Rensningsanlaeg Avedoere,68
1007284_1,Copenaghen_RA,Moraxella_A,0.001750761,2020-05-20 00:00:00,DTU_2020_1007284_1_MG_RA_CPH_Sewage_2_678,Denmark,Copenhagen,55.6085,12.4505,Rensningsanlaeg Avedoere,68
1007284_1,Copenaghen_RA,Neisseria,0.030373916,2020-05-20 00:00:00,DTU_2020_1007284_1_MG_RA_CPH_Sewage_2_678,Denmark,Copenhagen,55.6085,12.4505,Rensningsanlaeg Avedoere,68
1007284_1,Copenaghen_RA,Novosphingobium,0.000219283,2020-05-20 00:00:00,DTU_2020_1007284_1_MG_RA_CPH_Sewage_2_678,Denmark,Copenhagen,55.6085,12.4505,Rensningsanlaeg Avedoere,68
1007284_1,Copenaghen_RA,Ottowia,0.022012994,2020-05-20 00:00:00,DTU_2020_1007284_1_MG_RA_CPH_Sewage_2_678,Denmark,Copenhagen,55.6085,12.4505,Rensningsanlaeg Avedoere,68
1007284_1,Copenaghen_RA,Paracoccus,0.003778921,2020-05-20 00:00:00,DTU_2020_1007284_1_MG_RA_CPH_Sewage_2_678,Denmark,Copenhagen,55.6085,12.4505,Rensningsanlaeg Avedoere,68
1007284_1,Copenaghen_RA,Phocaeicola,0.003515602,2020-05-20 00:00:00,DTU_2020_1007284_1_MG_RA_CPH_Sewage_2_678,Denmark,Copenhagen,55.6085,12.4505,Rensningsanlaeg Avedoere,68
1007284_1,Copenaghen_RA,Prevotella,0.005751002,2020-05-20 00:00:00,DTU_2020_1007284_1_MG_RA_CPH_Sewage_2_678,Denmark,Copenhagen,55.6085,12.4505,Rensningsanlaeg Avedoere,68
1007284_1,Copenaghen_RA,Propionivibrio,0.011334719,2020-05-20 00:00:00,DTU_2020_1007284_1_MG_RA_CPH_Sewage_2_678,Denmark,Copenhagen,55.6085,12.4505,Rensningsanlaeg Avedoere,68
1007284_1,Copenaghen_RA,Pseudomonas_E,0.016636443,2020-05-20 00:00:00,DTU_2020_1007284_1_MG_RA_CPH_Sewage_2_678,Denmark,Copenhagen,55.6085,12.4505,Rensningsanlaeg Avedoere,68
1007284_1,Copenaghen_RA,Pseudoxanthomonas,0.004052703,2020-05-20 00:00:00,DTU_2020_1007284_1_MG_RA_CPH_Sewage_2_678,Denmark,Copenhagen,55.6085,12.4505,Rensningsanlaeg Avedoere,68
1007284_1,Copenaghen_RA,Pseudoxanthomonas_A,0.007733421,2020-05-20 00:00:00,DTU_2020_1007284_1_MG_RA_CPH_Sewage_2_678,Denmark,Copenhagen,55.6085,12.4505,Rensningsanlaeg Avedoere,68
1007284_1,Copenaghen_RA,Psychrobacter,0.008284264,2020-05-20 00:00:00,DTU_2020_1007284_1_MG_RA_CPH_Sewage_2_678,Denmark,Copenhagen,55.6085,12.4505,Rensningsanlaeg Avedoere,68
1007284_1,Copenaghen_RA,Rubrivivax,0.000390115,2020-05-20 00:00:00,DTU_2020_1007284_1_MG_RA_CPH_Sewage_2_678,Denmark,Copenhagen,55.6085,12.4505,Rensningsanlaeg Avedoere,68
1007284_1,Copenaghen_RA,Streptococcus,0.007258678,2020-05-20 00:00:00,DTU_2020_1007284_1_MG_RA_CPH_Sewage_2_678,Denmark,Copenhagen,55.6085,12.4505,Rensningsanlaeg Avedoere,68
1007284_1,Copenaghen_RA,Telluria,0.000598676,2020-05-20 00:00:00,DTU_2020_1007284_1_MG_RA_CPH_Sewage_2_678,Denmark,Copenhagen,55.6085,12.4505,Rensningsanlaeg Avedoere,68
1007284_1,Copenaghen_RA,Thauera,0.030874966,2020-05-20 00:00:00,DTU_2020_1007284_1_MG_RA_CPH_Sewage_2_678,Denmark,Copenhagen,55.6085,12.4505,Rensningsanlaeg Avedoere,68
1007284_1,Copenaghen_RA,Thermomonas,0.00513312,2020-05-20 00:00:00,DTU_2020_1007284_1_MG_RA_CPH_Sewage_2_678,Denmark,Copenhagen,55.6085,12.4505,Rensningsanlaeg Avedoere,68
1007284_1,Copenaghen_RA,Thiothrix,0.00239675,2020-05-20 00:00:00,DTU_2020_1007284_1_MG_RA_CPH_Sewage_2_678,Denmark,Copenhagen,55.6085,12.4505,Rensningsanlaeg Avedoere,68
1007284_1,Copenaghen_RA,Tolumonas,0.001026538,2020-05-20 00:00:00,DTU_2020_1007284_1_MG_RA_CPH_Sewage_2_678,Denmark,Copenhagen,55.6085,12.4505,Rensningsanlaeg Avedoere,68
1007284_1,Copenaghen_RA,Trichococcus,0.022577238,2020-05-20 00:00:00,DTU_2020_1007284_1_MG_RA_CPH_Sewage_2_678,Denmark,Copenhagen,55.6085,12.4505,Rensningsanlaeg Avedoere,68
1007284_1,Copenaghen_RA,UBA1413,1.1191e-05,2020-05-20 00:00:00,DTU_2020_1007284_1_MG_RA_CPH_Sewage_2_678,Denmark,Copenhagen,55.6085,12.4505,Rensningsanlaeg Avedoere,68
1007284_1,Copenaghen_RA,merged,0.35581484,2020-05-20 00:00:00,DTU_2020_1007284_1_MG_RA_CPH_Sewage_2_678,Denmark,Copenhagen,55.6085,12.4505,Rensningsanlaeg Avedoere,68
1007286_1,Copenaghen_RD,Acidovorax,0.156624314,2020-05-20 00:00:00,DTU_2020_1007286_1_MG_RD_CPH_Sewage_2_679,Denmark,Copenhagen,55.6405,12.5058,Rensningsanlaeg Damhusaaen,68
1007286_1,Copenaghen_RD,Acinetobacter,0.042608092,2020-05-20 00:00:00,DTU_2020_1007286_1_MG_RD_CPH_Sewage_2_679,Denmark,Copenhagen,55.6405,12.5058,Rensningsanlaeg Damhusaaen,68
1007286_1,Copenaghen_RD,Aeromonas,0.003111648,2020-05-20 00:00:00,DTU_2020_1007286_1_MG_RD_CPH_Sewage_2_679,Denmark,Copenhagen,55.6405,12.5058,Rensningsanlaeg Damhusaaen,68
1007286_1,Copenaghen_RD,Aliarcobacter,0.026727361,2020-05-20 00:00:00,DTU_2020_1007286_1_MG_RD_CPH_Sewage_2_679,Denmark,Copenhagen,55.6405,12.5058,Rensningsanlaeg Damhusaaen,68
1007286_1,Copenaghen_RD,Aquabacterium_A,0.000413676,2020-05-20 00:00:00,DTU_2020_1007286_1_MG_RD_CPH_Sewage_2_679,Denmark,Copenhagen,55.6405,12.5058,Rensningsanlaeg Damhusaaen,68
1007286_1,Copenaghen_RD,Bacteroides,0.004092797,2020-05-20 00:00:00,DTU_2020_1007286_1_MG_RD_CPH_Sewage_2_679,Denmark,Copenhagen,55.6405,12.5058,Rensningsanlaeg Damhusaaen,68
1007286_1,Copenaghen_RD,Brachymonas,0.02173719,2020-05-20 00:00:00,DTU_2020_1007286_1_MG_RD_CPH_Sewage_2_679,Denmark,Copenhagen,55.6405,12.5058,Rensningsanlaeg Damhusaaen,68
1007286_1,Copenaghen_RD,Brevefilum,1.66065e-05,2020-05-20 00:00:00,DTU_2020_1007286_1_MG_RD_CPH_Sewage_2_679,Denmark,Copenhagen,55.6405,12.5058,Rensningsanlaeg Damhusaaen,68
1007286_1,Copenaghen_RD,Brevundimonas,0.001180625,2020-05-20 00:00:00,DTU_2020_1007286_1_MG_RD_CPH_Sewage_2_679,Denmark,Copenhagen,55.6405,12.5058,Rensningsanlaeg Damhusaaen,68
1007286_1,Copenaghen_RD,Cloacibacterium,0.012275733,2020-05-20 00:00:00,DTU_2020_1007286_1_MG_RD_CPH_Sewage_2_679,Denmark,Copenhagen,55.6405,12.5058,Rensningsanlaeg Damhusaaen,68
1007286_1,Copenaghen_RD,Comamonas,0.01675491,2020-05-20 00:00:00,DTU_2020_1007286_1_MG_RD_CPH_Sewage_2_679,Denmark,Copenhagen,55.6405,12.5058,Rensningsanlaeg Damhusaaen,68
1007286_1,Copenaghen_RD,Competibacter_A,4.89523e-05,2020-05-20 00:00:00,DTU_2020_1007286_1_MG_RD_CPH_Sewage_2_679,Denmark,Copenhagen,55.6405,12.5058,Rensningsanlaeg Damhusaaen,68
1007286_1,Copenaghen_RD,Enterobacter,0.000178532,2020-05-20 00:00:00,DTU_2020_1007286_1_MG_RD_CPH_Sewage_2_679,Denmark,Copenhagen,55.6405,12.5058,Rensningsanlaeg Damhusaaen,68
1007286_1,Copenaghen_RD,Fermentibacter,8.39256e-05,2020-05-20 00:00:00,DTU_2020_1007286_1_MG_RD_CPH_Sewage_2_679,Denmark,Copenhagen,55.6405,12.5058,Rensningsanlaeg Damhusaaen,68
1007286_1,Copenaghen_RD,Flavobacterium,0.030517466,2020-05-20 00:00:00,DTU_2020_1007286_1_MG_RD_CPH_Sewage_2_679,Denmark,Copenhagen,55.6405,12.5058,Rensningsanlaeg Damhusaaen,68
1007286_1,Copenaghen_RD,Giesbergeria,0.027766319,2020-05-20 00:00:00,DTU_2020_1007286_1_MG_RD_CPH_Sewage_2_679,Denmark,Copenhagen,55.6405,12.5058,Rensningsanlaeg Damhusaaen,68
1007286_1,Copenaghen_RD,Hydrogenophaga,0.000964187,2020-05-20 00:00:00,DTU_2020_1007286_1_MG_RD_CPH_Sewage_2_679,Denmark,Copenhagen,55.6405,12.5058,Rensningsanlaeg Damhusaaen,68
1007286_1,Copenaghen_RD,JAGOYM01,0.011494375,2020-05-20 00:00:00,DTU_2020_1007286_1_MG_RD_CPH_Sewage_2_679,Denmark,Copenhagen,55.6405,12.5058,Rensningsanlaeg Damhusaaen,68
1007286_1,Copenaghen_RD,Janthinobacterium,0.004268061,2020-05-20 00:00:00,DTU_2020_1007286_1_MG_RD_CPH_Sewage_2_679,Denmark,Copenhagen,55.6405,12.5058,Rensningsanlaeg Damhusaaen,68
1007286_1,Copenaghen_RD,Kaistella,0.01145386,2020-05-20 00:00:00,DTU_2020_1007286_1_MG_RD_CPH_Sewage_2_679,Denmark,Copenhagen,55.6405,12.5058,Rensningsanlaeg Damhusaaen,68
1007286_1,Copenaghen_RD,Lactococcus_A,0.008179919,2020-05-20 00:00:00,DTU_2020_1007286_1_MG_RD_CPH_Sewage_2_679,Denmark,Copenhagen,55.6405,12.5058,Rensningsanlaeg Damhusaaen,68
1007286_1,Copenaghen_RD,Lenti-01,0.000120711,2020-05-20 00:00:00,DTU_2020_1007286_1_MG_RD_CPH_Sewage_2_679,Denmark,Copenhagen,55.6405,12.5058,Rensningsanlaeg Damhusaaen,68
1007286_1,Copenaghen_RD,Microthrix,0.000101949,2020-05-20 00:00:00,DTU_2020_1007286_1_MG_RD_CPH_Sewage_2_679,Denmark,Copenhagen,55.6405,12.5058,Rensningsanlaeg Damhusaaen,68
1007286_1,Copenaghen_RD,Moraxella_A,0.003700065,2020-05-20 00:00:00,DTU_2020_1007286_1_MG_RD_CPH_Sewage_2_679,Denmark,Copenhagen,55.6405,12.5058,Rensningsanlaeg Damhusaaen,68
1007286_1,Copenaghen_RD,Neisseria,0.010041131,2020-05-20 00:00:00,DTU_2020_1007286_1_MG_RD_CPH_Sewage_2_679,Denmark,Copenhagen,55.6405,12.5058,Rensningsanlaeg Damhusaaen,68
1007286_1,Copenaghen_RD,Novosphingobium,0.000358819,2020-05-20 00:00:00,DTU_2020_1007286_1_MG_RD_CPH_Sewage_2_679,Denmark,Copenhagen,55.6405,12.5058,Rensningsanlaeg Damhusaaen,68
1007286_1,Copenaghen_RD,Ottowia,0.025795707,2020-05-20 00:00:00,DTU_2020_1007286_1_MG_RD_CPH_Sewage_2_679,Denmark,Copenhagen,55.6405,12.5058,Rensningsanlaeg Damhusaaen,68
1007286_1,Copenaghen_RD,Paracoccus,0.001586974,2020-05-20 00:00:00,DTU_2020_1007286_1_MG_RD_CPH_Sewage_2_679,Denmark,Copenhagen,55.6405,12.5058,Rensningsanlaeg Damhusaaen,68
1007286_1,Copenaghen_RD,Phocaeicola,0.003665707,2020-05-20 00:00:00,DTU_2020_1007286_1_MG_RD_CPH_Sewage_2_679,Denmark,Copenhagen,55.6405,12.5058,Rensningsanlaeg Damhusaaen,68
1007286_1,Copenaghen_RD,Prevotella,0.008678485,2020-05-20 00:00:00,DTU_2020_1007286_1_MG_RD_CPH_Sewage_2_679,Denmark,Copenhagen,55.6405,12.5058,Rensningsanlaeg Damhusaaen,68
1007286_1,Copenaghen_RD,Propionivibrio,0.003922087,2020-05-20 00:00:00,DTU_2020_1007286_1_MG_RD_CPH_Sewage_2_679,Denmark,Copenhagen,55.6405,12.5058,Rensningsanlaeg Damhusaaen,68
1007286_1,Copenaghen_RD,Pseudomonas_E,0.034645713,2020-05-20 00:00:00,DTU_2020_1007286_1_MG_RD_CPH_Sewage_2_679,Denmark,Copenhagen,55.6405,12.5058,Rensningsanlaeg Damhusaaen,68
1007286_1,Copenaghen_RD,Pseudoxanthomonas,0.004126216,2020-05-20 00:00:00,DTU_2020_1007286_1_MG_RD_CPH_Sewage_2_679,Denmark,Copenhagen,55.6405,12.5058,Rensningsanlaeg Damhusaaen,68
1007286_1,Copenaghen_RD,Pseudoxanthomonas_A,0.007519103,2020-05-20 00:00:00,DTU_2020_1007286_1_MG_RD_CPH_Sewage_2_679,Denmark,Copenhagen,55.6405,12.5058,Rensningsanlaeg Damhusaaen,68
1007286_1,Copenaghen_RD,Psychrobacter,0.034919615,2020-05-20 00:00:00,DTU_2020_1007286_1_MG_RD_CPH_Sewage_2_679,Denmark,Copenhagen,55.6405,12.5058,Rensningsanlaeg Damhusaaen,68
1007286_1,Copenaghen_RD,Rubrivivax,0.000393255,2020-05-20 00:00:00,DTU_2020_1007286_1_MG_RD_CPH_Sewage_2_679,Denmark,Copenhagen,55.6405,12.5058,Rensningsanlaeg Damhusaaen,68
1007286_1,Copenaghen_RD,Streptococcus,0.006645541,2020-05-20 00:00:00,DTU_2020_1007286_1_MG_RD_CPH_Sewage_2_679,Denmark,Copenhagen,55.6405,12.5058,Rensningsanlaeg Damhusaaen,68
1007286_1,Copenaghen_RD,Telluria,0.000830084,2020-05-20 00:00:00,DTU_2020_1007286_1_MG_RD_CPH_Sewage_2_679,Denmark,Copenhagen,55.6405,12.5058,Rensningsanlaeg Damhusaaen,68
1007286_1,Copenaghen_RD,Thauera,0.009818644,2020-05-20 00:00:00,DTU_2020_1007286_1_MG_RD_CPH_Sewage_2_679,Denmark,Copenhagen,55.6405,12.5058,Rensningsanlaeg Damhusaaen,68
1007286_1,Copenaghen_RD,Thermomonas,0.00584382,2020-05-20 00:00:00,DTU_2020_1007286_1_MG_RD_CPH_Sewage_2_679,Denmark,Copenhagen,55.6405,12.5058,Rensningsanlaeg Damhusaaen,68
1007286_1,Copenaghen_RD,Thiothrix,0.001460102,2020-05-20 00:00:00,DTU_2020_1007286_1_MG_RD_CPH_Sewage_2_679,Denmark,Copenhagen,55.6405,12.5058,Rensningsanlaeg Damhusaaen,68
1007286_1,Copenaghen_RD,Tolumonas,0.000459049,2020-05-20 00:00:00,DTU_2020_1007286_1_MG_RD_CPH_Sewage_2_679,Denmark,Copenhagen,55.6405,12.5058,Rensningsanlaeg Damhusaaen,68
1007286_1,Copenaghen_RD,Trichococcus,0.138264472,2020-05-20 00:00:00,DTU_2020_1007286_1_MG_RD_CPH_Sewage_2_679,Denmark,Copenhagen,55.6405,12.5058,Rensningsanlaeg Damhusaaen,68
1007286_1,Copenaghen_RD,UBA1413,8.98028e-05,2020-05-20 00:00:00,DTU_2020_1007286_1_MG_RD_CPH_Sewage_2_679,Denmark,Copenhagen,55.6405,12.5058,Rensningsanlaeg Damhusaaen,68
1007286_1,Copenaghen_RD,merged,0.316514397,2020-05-20 00:00:00,DTU_2020_1007286_1_MG_RD_CPH_Sewage_2_679,Denmark,Copenhagen,55.6405,12.5058,Rensningsanlaeg Damhusaaen,68
1007282_1,Copenaghen_RL,Acidovorax,0.203149963,2020-05-20 00:00:00,DTU_2020_1007282_1_MG_RL_CPH_Sewage_2_677,Denmark,Copenhagen,55.6956,12.6139,Rensningsanlaeg Lynetten,68
1007282_1,Copenaghen_RL,Acinetobacter,0.045807329,2020-05-20 00:00:00,DTU_2020_1007282_1_MG_RL_CPH_Sewage_2_677,Denmark,Copenhagen,55.6956,12.6139,Rensningsanlaeg Lynetten,68
1007282_1,Copenaghen_RL,Aeromonas,0.00512554,2020-05-20 00:00:00,DTU_2020_1007282_1_MG_RL_CPH_Sewage_2_677,Denmark,Copenhagen,55.6956,12.6139,Rensningsanlaeg Lynetten,68
1007282_1,Copenaghen_RL,Aliarcobacter,0.037894578,2020-05-20 00:00:00,DTU_2020_1007282_1_MG_RL_CPH_Sewage_2_677,Denmark,Copenhagen,55.6956,12.6139,Rensningsanlaeg Lynetten,68
1007282_1,Copenaghen_RL,Aquabacterium_A,0.000277764,2020-05-20 00:00:00,DTU_2020_1007282_1_MG_RL_CPH_Sewage_2_677,Denmark,Copenhagen,55.6956,12.6139,Rensningsanlaeg Lynetten,68
1007282_1,Copenaghen_RL,Bacteroides,0.004013616,2020-05-20 00:00:00,DTU_2020_1007282_1_MG_RL_CPH_Sewage_2_677,Denmark,Copenhagen,55.6956,12.6139,Rensningsanlaeg Lynetten,68
1007282_1,Copenaghen_RL,Brachymonas,0.0156189,2020-05-20 00:00:00,DTU_2020_1007282_1_MG_RL_CPH_Sewage_2_677,Denmark,Copenhagen,55.6956,12.6139,Rensningsanlaeg Lynetten,68
1007282_1,Copenaghen_RL,Brevefilum,0.000288129,2020-05-20 00:00:00,DTU_2020_1007282_1_MG_RL_CPH_Sewage_2_677,Denmark,Copenhagen,55.6956,12.6139,Rensningsanlaeg Lynetten,68
1007282_1,Copenaghen_RL,Brevundimonas,0.001093775,2020-05-20 00:00:00,DTU_2020_1007282_1_MG_RL_CPH_Sewage_2_677,Denmark,Copenhagen,55.6956,12.6139,Rensningsanlaeg Lynetten,68
1007282_1,Copenaghen_RL,Cloacibacterium,0.021535456,2020-05-20 00:00:00,DTU_2020_1007282_1_MG_RL_CPH_Sewage_2_677,Denmark,Copenhagen,55.6956,12.6139,Rensningsanlaeg Lynetten,68
1007282_1,Copenaghen_RL,Comamonas,0.022528166,2020-05-20 00:00:00,DTU_2020_1007282_1_MG_RL_CPH_Sewage_2_677,Denmark,Copenhagen,55.6956,12.6139,Rensningsanlaeg Lynetten,68
1007282_1,Copenaghen_RL,Competibacter_A,5.60948e-05,2020-05-20 00:00:00,DTU_2020_1007282_1_MG_RL_CPH_Sewage_2_677,Denmark,Copenhagen,55.6956,12.6139,Rensningsanlaeg Lynetten,68
1007282_1,Copenaghen_RL,Enterobacter,0.000318777,2020-05-20 00:00:00,DTU_2020_1007282_1_MG_RL_CPH_Sewage_2_677,Denmark,Copenhagen,55.6956,12.6139,Rensningsanlaeg Lynetten,68
1007282_1,Copenaghen_RL,Fermentibacter,3.51462e-05,2020-05-20 00:00:00,DTU_2020_1007282_1_MG_RL_CPH_Sewage_2_677,Denmark,Copenhagen,55.6956,12.6139,Rensningsanlaeg Lynetten,68
1007282_1,Copenaghen_RL,Flavobacterium,0.029455653,2020-05-20 00:00:00,DTU_2020_1007282_1_MG_RL_CPH_Sewage_2_677,Denmark,Copenhagen,55.6956,12.6139,Rensningsanlaeg Lynetten,68
1007282_1,Copenaghen_RL,Giesbergeria,0.015072166,2020-05-20 00:00:00,DTU_2020_1007282_1_MG_RL_CPH_Sewage_2_677,Denmark,Copenhagen,55.6956,12.6139,Rensningsanlaeg Lynetten,68
1007282_1,Copenaghen_RL,Hydrogenophaga,0.001099618,2020-05-20 00:00:00,DTU_2020_1007282_1_MG_RL_CPH_Sewage_2_677,Denmark,Copenhagen,55.6956,12.6139,Rensningsanlaeg Lynetten,68
1007282_1,Copenaghen_RL,JAGOYM01,0.008688554,2020-05-20 00:00:00,DTU_2020_1007282_1_MG_RL_CPH_Sewage_2_677,Denmark,Copenhagen,55.6956,12.6139,Rensningsanlaeg Lynetten,68
1007282_1,Copenaghen_RL,Janthinobacterium,0.00717058,2020-05-20 00:00:00,DTU_2020_1007282_1_MG_RL_CPH_Sewage_2_677,Denmark,Copenhagen,55.6956,12.6139,Rensningsanlaeg Lynetten,68
1007282_1,Copenaghen_RL,Kaistella,0.017325283,2020-05-20 00:00:00,DTU_2020_1007282_1_MG_RL_CPH_Sewage_2_677,Denmark,Copenhagen,55.6956,12.6139,Rensningsanlaeg Lynetten,68
1007282_1,Copenaghen_RL,Lactococcus_A,0.008262497,2020-05-20 00:00:00,DTU_2020_1007282_1_MG_RL_CPH_Sewage_2_677,Denmark,Copenhagen,55.6956,12.6139,Rensningsanlaeg Lynetten,68
1007282_1,Copenaghen_RL,Lenti-01,0.0004461,2020-05-20 00:00:00,DTU_2020_1007282_1_MG_RL_CPH_Sewage_2_677,Denmark,Copenhagen,55.6956,12.6139,Rensningsanlaeg Lynetten,68
1007282_1,Copenaghen_RL,Microthrix,0.000277908,2020-05-20 00:00:00,DTU_2020_1007282_1_MG_RL_CPH_Sewage_2_677,Denmark,Copenhagen,55.6956,12.6139,Rensningsanlaeg Lynetten,68
1007282_1,Copenaghen_RL,Moraxella_A,0.001842527,2020-05-20 00:00:00,DTU_2020_1007282_1_MG_RL_CPH_Sewage_2_677,Denmark,Copenhagen,55.6956,12.6139,Rensningsanlaeg Lynetten,68
1007282_1,Copenaghen_RL,Neisseria,0.032925163,2020-05-20 00:00:00,DTU_2020_1007282_1_MG_RL_CPH_Sewage_2_677,Denmark,Copenhagen,55.6956,12.6139,Rensningsanlaeg Lynetten,68
1007282_1,Copenaghen_RL,Novosphingobium,0.000350783,2020-05-20 00:00:00,DTU_2020_1007282_1_MG_RL_CPH_Sewage_2_677,Denmark,Copenhagen,55.6956,12.6139,Rensningsanlaeg Lynetten,68
1007282_1,Copenaghen_RL,Ottowia,0.026614005,2020-05-20 00:00:00,DTU_2020_1007282_1_MG_RL_CPH_Sewage_2_677,Denmark,Copenhagen,55.6956,12.6139,Rensningsanlaeg Lynetten,68
1007282_1,Copenaghen_RL,Paracoccus,0.002545832,2020-05-20 00:00:00,DTU_2020_1007282_1_MG_RL_CPH_Sewage_2_677,Denmark,Copenhagen,55.6956,12.6139,Rensningsanlaeg Lynetten,68
1007282_1,Copenaghen_RL,Phocaeicola,0.002724163,2020-05-20 00:00:00,DTU_2020_1007282_1_MG_RL_CPH_Sewage_2_677,Denmark,Copenhagen,55.6956,12.6139,Rensningsanlaeg Lynetten,68
1007282_1,Copenaghen_RL,Prevotella,0.005601963,2020-05-20 00:00:00,DTU_2020_1007282_1_MG_RL_CPH_Sewage_2_677,Denmark,Copenhagen,55.6956,12.6139,Rensningsanlaeg Lynetten,68
1007282_1,Copenaghen_RL,Propionivibrio,0.00813566,2020-05-20 00:00:00,DTU_2020_1007282_1_MG_RL_CPH_Sewage_2_677,Denmark,Copenhagen,55.6956,12.6139,Rensningsanlaeg Lynetten,68
1007282_1,Copenaghen_RL,Pseudomonas_E,0.032678297,2020-05-20 00:00:00,DTU_2020_1007282_1_MG_RL_CPH_Sewage_2_677,Denmark,Copenhagen,55.6956,12.6139,Rensningsanlaeg Lynetten,68
1007282_1,Copenaghen_RL,Pseudoxanthomonas,0.007275256,2020-05-20 00:00:00,DTU_2020_1007282_1_MG_RL_CPH_Sewage_2_677,Denmark,Copenhagen,55.6956,12.6139,Rensningsanlaeg Lynetten,68
1007282_1,Copenaghen_RL,Pseudoxanthomonas_A,0.009352937,2020-05-20 00:00:00,DTU_2020_1007282_1_MG_RL_CPH_Sewage_2_677,Denmark,Copenhagen,55.6956,12.6139,Rensningsanlaeg Lynetten,68
1007282_1,Copenaghen_RL,Psychrobacter,0.034540574,2020-05-20 00:00:00,DTU_2020_1007282_1_MG_RL_CPH_Sewage_2_677,Denmark,Copenhagen,55.6956,12.6139,Rensningsanlaeg Lynetten,68
1007282_1,Copenaghen_RL,Rubrivivax,0.000319253,2020-05-20 00:00:00,DTU_2020_1007282_1_MG_RL_CPH_Sewage_2_677,Denmark,Copenhagen,55.6956,12.6139,Rensningsanlaeg Lynetten,68
1007282_1,Copenaghen_RL,Streptococcus,0.023943861,2020-05-20 00:00:00,DTU_2020_1007282_1_MG_RL_CPH_Sewage_2_677,Denmark,Copenhagen,55.6956,12.6139,Rensningsanlaeg Lynetten,68
1007282_1,Copenaghen_RL,Telluria,0.001564028,2020-05-20 00:00:00,DTU_2020_1007282_1_MG_RL_CPH_Sewage_2_677,Denmark,Copenhagen,55.6956,12.6139,Rensningsanlaeg Lynetten,68
1007282_1,Copenaghen_RL,Thauera,0.027079082,2020-05-20 00:00:00,DTU_2020_1007282_1_MG_RL_CPH_Sewage_2_677,Denmark,Copenhagen,55.6956,12.6139,Rensningsanlaeg Lynetten,68
1007282_1,Copenaghen_RL,Thermomonas,0.006942674,2020-05-20 00:00:00,DTU_2020_1007282_1_MG_RL_CPH_Sewage_2_677,Denmark,Copenhagen,55.6956,12.6139,Rensningsanlaeg Lynetten,68
1007282_1,Copenaghen_RL,Thiothrix,0.0002366,2020-05-20 00:00:00,DTU_2020_1007282_1_MG_RL_CPH_Sewage_2_677,Denmark,Copenhagen,55.6956,12.6139,Rensningsanlaeg Lynetten,68
1007282_1,Copenaghen_RL,Tolumonas,0.000524847,2020-05-20 00:00:00,DTU_2020_1007282_1_MG_RL_CPH_Sewage_2_677,Denmark,Copenhagen,55.6956,12.6139,Rensningsanlaeg Lynetten,68
1007282_1,Copenaghen_RL,Trichococcus,0.020550918,2020-05-20 00:00:00,DTU_2020_1007282_1_MG_RL_CPH_Sewage_2_677,Denmark,Copenhagen,55.6956,12.6139,Rensningsanlaeg Lynetten,68
1007282_1,Copenaghen_RL,UBA1413,7.54405e-05,2020-05-20 00:00:00,DTU_2020_1007282_1_MG_RL_CPH_Sewage_2_677,Denmark,Copenhagen,55.6956,12.6139,Rensningsanlaeg Lynetten,68
1007282_1,Copenaghen_RL,merged,0.308634543,2020-05-20 00:00:00,DTU_2020_1007282_1_MG_RL_CPH_Sewage_2_677,Denmark,Copenhagen,55.6956,12.6139,Rensningsanlaeg Lynetten,68
1007237_2,Copenaghen_RA,Acidovorax,0.133513001,2020-05-28 00:00:00,DTU_2020_1007237_2_MG_RA_CPH_Sewage_684,Denmark,Copenhagen,55.6085,12.4505,Rensningsanlaeg Avedoere,69
1007237_2,Copenaghen_RA,Acinetobacter,0.075065702,2020-05-28 00:00:00,DTU_2020_1007237_2_MG_RA_CPH_Sewage_684,Denmark,Copenhagen,55.6085,12.4505,Rensningsanlaeg Avedoere,69
1007237_2,Copenaghen_RA,Aeromonas,0.042418541,2020-05-28 00:00:00,DTU_2020_1007237_2_MG_RA_CPH_Sewage_684,Denmark,Copenhagen,55.6085,12.4505,Rensningsanlaeg Avedoere,69
1007237_2,Copenaghen_RA,Aliarcobacter,0.08616267,2020-05-28 00:00:00,DTU_2020_1007237_2_MG_RA_CPH_Sewage_684,Denmark,Copenhagen,55.6085,12.4505,Rensningsanlaeg Avedoere,69
1007237_2,Copenaghen_RA,Aquabacterium_A,0.000286877,2020-05-28 00:00:00,DTU_2020_1007237_2_MG_RA_CPH_Sewage_684,Denmark,Copenhagen,55.6085,12.4505,Rensningsanlaeg Avedoere,69
1007237_2,Copenaghen_RA,Bacteroides,0.00649937,2020-05-28 00:00:00,DTU_2020_1007237_2_MG_RA_CPH_Sewage_684,Denmark,Copenhagen,55.6085,12.4505,Rensningsanlaeg Avedoere,69
1007237_2,Copenaghen_RA,Brachymonas,0.00734296,2020-05-28 00:00:00,DTU_2020_1007237_2_MG_RA_CPH_Sewage_684,Denmark,Copenhagen,55.6085,12.4505,Rensningsanlaeg Avedoere,69
1007237_2,Copenaghen_RA,Brevefilum,1.49337e-05,2020-05-28 00:00:00,DTU_2020_1007237_2_MG_RA_CPH_Sewage_684,Denmark,Copenhagen,55.6085,12.4505,Rensningsanlaeg Avedoere,69
1007237_2,Copenaghen_RA,Brevundimonas,0.000878738,2020-05-28 00:00:00,DTU_2020_1007237_2_MG_RA_CPH_Sewage_684,Denmark,Copenhagen,55.6085,12.4505,Rensningsanlaeg Avedoere,69
1007237_2,Copenaghen_RA,Cloacibacterium,0.018981336,2020-05-28 00:00:00,DTU_2020_1007237_2_MG_RA_CPH_Sewage_684,Denmark,Copenhagen,55.6085,12.4505,Rensningsanlaeg Avedoere,69
1007237_2,Copenaghen_RA,Comamonas,0.031630255,2020-05-28 00:00:00,DTU_2020_1007237_2_MG_RA_CPH_Sewage_684,Denmark,Copenhagen,55.6085,12.4505,Rensningsanlaeg Avedoere,69
1007237_2,Copenaghen_RA,Competibacter_A,3.639e-05,2020-05-28 00:00:00,DTU_2020_1007237_2_MG_RA_CPH_Sewage_684,Denmark,Copenhagen,55.6085,12.4505,Rensningsanlaeg Avedoere,69
1007237_2,Copenaghen_RA,Enterobacter,0.002032661,2020-05-28 00:00:00,DTU_2020_1007237_2_MG_RA_CPH_Sewage_684,Denmark,Copenhagen,55.6085,12.4505,Rensningsanlaeg Avedoere,69
1007237_2,Copenaghen_RA,Fermentibacter,1.1627e-05,2020-05-28 00:00:00,DTU_2020_1007237_2_MG_RA_CPH_Sewage_684,Denmark,Copenhagen,55.6085,12.4505,Rensningsanlaeg Avedoere,69
1007237_2,Copenaghen_RA,Flavobacterium,0.024222668,2020-05-28 00:00:00,DTU_2020_1007237_2_MG_RA_CPH_Sewage_684,Denmark,Copenhagen,55.6085,12.4505,Rensningsanlaeg Avedoere,69
1007237_2,Copenaghen_RA,Giesbergeria,0.024346105,2020-05-28 00:00:00,DTU_2020_1007237_2_MG_RA_CPH_Sewage_684,Denmark,Copenhagen,55.6085,12.4505,Rensningsanlaeg Avedoere,69
1007237_2,Copenaghen_RA,Hydrogenophaga,0.00114361,2020-05-28 00:00:00,DTU_2020_1007237_2_MG_RA_CPH_Sewage_684,Denmark,Copenhagen,55.6085,12.4505,Rensningsanlaeg Avedoere,69
1007237_2,Copenaghen_RA,JAGOYM01,0.015458041,2020-05-28 00:00:00,DTU_2020_1007237_2_MG_RA_CPH_Sewage_684,Denmark,Copenhagen,55.6085,12.4505,Rensningsanlaeg Avedoere,69
1007237_2,Copenaghen_RA,Janthinobacterium,0.000708716,2020-05-28 00:00:00,DTU_2020_1007237_2_MG_RA_CPH_Sewage_684,Denmark,Copenhagen,55.6085,12.4505,Rensningsanlaeg Avedoere,69
1007237_2,Copenaghen_RA,Kaistella,0.004689383,2020-05-28 00:00:00,DTU_2020_1007237_2_MG_RA_CPH_Sewage_684,Denmark,Copenhagen,55.6085,12.4505,Rensningsanlaeg Avedoere,69
1007237_2,Copenaghen_RA,Lactococcus_A,0.022811283,2020-05-28 00:00:00,DTU_2020_1007237_2_MG_RA_CPH_Sewage_684,Denmark,Copenhagen,55.6085,12.4505,Rensningsanlaeg Avedoere,69
1007237_2,Copenaghen_RA,Lenti-01,0.000152964,2020-05-28 00:00:00,DTU_2020_1007237_2_MG_RA_CPH_Sewage_684,Denmark,Copenhagen,55.6085,12.4505,Rensningsanlaeg Avedoere,69
1007237_2,Copenaghen_RA,Microthrix,2.62182e-05,2020-05-28 00:00:00,DTU_2020_1007237_2_MG_RA_CPH_Sewage_684,Denmark,Copenhagen,55.6085,12.4505,Rensningsanlaeg Avedoere,69
1007237_2,Copenaghen_RA,Moraxella_A,0.003500863,2020-05-28 00:00:00,DTU_2020_1007237_2_MG_RA_CPH_Sewage_684,Denmark,Copenhagen,55.6085,12.4505,Rensningsanlaeg Avedoere,69
1007237_2,Copenaghen_RA,Neisseria,0.013879441,2020-05-28 00:00:00,DTU_2020_1007237_2_MG_RA_CPH_Sewage_684,Denmark,Copenhagen,55.6085,12.4505,Rensningsanlaeg Avedoere,69
1007237_2,Copenaghen_RA,Novosphingobium,0.000272765,2020-05-28 00:00:00,DTU_2020_1007237_2_MG_RA_CPH_Sewage_684,Denmark,Copenhagen,55.6085,12.4505,Rensningsanlaeg Avedoere,69
1007237_2,Copenaghen_RA,Ottowia,0.00725298,2020-05-28 00:00:00,DTU_2020_1007237_2_MG_RA_CPH_Sewage_684,Denmark,Copenhagen,55.6085,12.4505,Rensningsanlaeg Avedoere,69
1007237_2,Copenaghen_RA,Paracoccus,0.001310303,2020-05-28 00:00:00,DTU_2020_1007237_2_MG_RA_CPH_Sewage_684,Denmark,Copenhagen,55.6085,12.4505,Rensningsanlaeg Avedoere,69
1007237_2,Copenaghen_RA,Phocaeicola,0.004023014,2020-05-28 00:00:00,DTU_2020_1007237_2_MG_RA_CPH_Sewage_684,Denmark,Copenhagen,55.6085,12.4505,Rensningsanlaeg Avedoere,69
1007237_2,Copenaghen_RA,Prevotella,0.010611038,2020-05-28 00:00:00,DTU_2020_1007237_2_MG_RA_CPH_Sewage_684,Denmark,Copenhagen,55.6085,12.4505,Rensningsanlaeg Avedoere,69
1007237_2,Copenaghen_RA,Propionivibrio,0.012559506,2020-05-28 00:00:00,DTU_2020_1007237_2_MG_RA_CPH_Sewage_684,Denmark,Copenhagen,55.6085,12.4505,Rensningsanlaeg Avedoere,69
1007237_2,Copenaghen_RA,Pseudomonas_E,0.012960375,2020-05-28 00:00:00,DTU_2020_1007237_2_MG_RA_CPH_Sewage_684,Denmark,Copenhagen,55.6085,12.4505,Rensningsanlaeg Avedoere,69
1007237_2,Copenaghen_RA,Pseudoxanthomonas,0.002393315,2020-05-28 00:00:00,DTU_2020_1007237_2_MG_RA_CPH_Sewage_684,Denmark,Copenhagen,55.6085,12.4505,Rensningsanlaeg Avedoere,69
1007237_2,Copenaghen_RA,Pseudoxanthomonas_A,0.005369113,2020-05-28 00:00:00,DTU_2020_1007237_2_MG_RA_CPH_Sewage_684,Denmark,Copenhagen,55.6085,12.4505,Rensningsanlaeg Avedoere,69
1007237_2,Copenaghen_RA,Psychrobacter,0.010328243,2020-05-28 00:00:00,DTU_2020_1007237_2_MG_RA_CPH_Sewage_684,Denmark,Copenhagen,55.6085,12.4505,Rensningsanlaeg Avedoere,69
1007237_2,Copenaghen_RA,Rubrivivax,0.000176859,2020-05-28 00:00:00,DTU_2020_1007237_2_MG_RA_CPH_Sewage_684,Denmark,Copenhagen,55.6085,12.4505,Rensningsanlaeg Avedoere,69
1007237_2,Copenaghen_RA,Streptococcus,0.011604611,2020-05-28 00:00:00,DTU_2020_1007237_2_MG_RA_CPH_Sewage_684,Denmark,Copenhagen,55.6085,12.4505,Rensningsanlaeg Avedoere,69
1007237_2,Copenaghen_RA,Telluria,0.000486863,2020-05-28 00:00:00,DTU_2020_1007237_2_MG_RA_CPH_Sewage_684,Denmark,Copenhagen,55.6085,12.4505,Rensningsanlaeg Avedoere,69
1007237_2,Copenaghen_RA,Thauera,0.036381974,2020-05-28 00:00:00,DTU_2020_1007237_2_MG_RA_CPH_Sewage_684,Denmark,Copenhagen,55.6085,12.4505,Rensningsanlaeg Avedoere,69
1007237_2,Copenaghen_RA,Thermomonas,0.002152888,2020-05-28 00:00:00,DTU_2020_1007237_2_MG_RA_CPH_Sewage_684,Denmark,Copenhagen,55.6085,12.4505,Rensningsanlaeg Avedoere,69
1007237_2,Copenaghen_RA,Thiothrix,0.002672723,2020-05-28 00:00:00,DTU_2020_1007237_2_MG_RA_CPH_Sewage_684,Denmark,Copenhagen,55.6085,12.4505,Rensningsanlaeg Avedoere,69
1007237_2,Copenaghen_RA,Tolumonas,0.003803352,2020-05-28 00:00:00,DTU_2020_1007237_2_MG_RA_CPH_Sewage_684,Denmark,Copenhagen,55.6085,12.4505,Rensningsanlaeg Avedoere,69
1007237_2,Copenaghen_RA,Trichococcus,0.017669114,2020-05-28 00:00:00,DTU_2020_1007237_2_MG_RA_CPH_Sewage_684,Denmark,Copenhagen,55.6085,12.4505,Rensningsanlaeg Avedoere,69
1007237_2,Copenaghen_RA,UBA1413,1.39662e-05,2020-05-28 00:00:00,DTU_2020_1007237_2_MG_RA_CPH_Sewage_684,Denmark,Copenhagen,55.6085,12.4505,Rensningsanlaeg Avedoere,69
1007237_2,Copenaghen_RA,merged,0.342142646,2020-05-28 00:00:00,DTU_2020_1007237_2_MG_RA_CPH_Sewage_684,Denmark,Copenhagen,55.6085,12.4505,Rensningsanlaeg Avedoere,69
1007238_2,Copenaghen_RD,Acidovorax,0.185174614,2020-05-28 00:00:00,DTU_2020_1007238_2_MG_RD_CPH_Sewage_685,Denmark,Copenhagen,55.6405,12.5058,Rensningsanlaeg Damhusaaen,69
1007238_2,Copenaghen_RD,Acinetobacter,0.060531666,2020-05-28 00:00:00,DTU_2020_1007238_2_MG_RD_CPH_Sewage_685,Denmark,Copenhagen,55.6405,12.5058,Rensningsanlaeg Damhusaaen,69
1007238_2,Copenaghen_RD,Aeromonas,0.022720073,2020-05-28 00:00:00,DTU_2020_1007238_2_MG_RD_CPH_Sewage_685,Denmark,Copenhagen,55.6405,12.5058,Rensningsanlaeg Damhusaaen,69
1007238_2,Copenaghen_RD,Aliarcobacter,0.057971626,2020-05-28 00:00:00,DTU_2020_1007238_2_MG_RD_CPH_Sewage_685,Denmark,Copenhagen,55.6405,12.5058,Rensningsanlaeg Damhusaaen,69
1007238_2,Copenaghen_RD,Aquabacterium_A,0.000301553,2020-05-28 00:00:00,DTU_2020_1007238_2_MG_RD_CPH_Sewage_685,Denmark,Copenhagen,55.6405,12.5058,Rensningsanlaeg Damhusaaen,69
1007238_2,Copenaghen_RD,Bacteroides,0.011592093,2020-05-28 00:00:00,DTU_2020_1007238_2_MG_RD_CPH_Sewage_685,Denmark,Copenhagen,55.6405,12.5058,Rensningsanlaeg Damhusaaen,69
1007238_2,Copenaghen_RD,Brachymonas,0.010241767,2020-05-28 00:00:00,DTU_2020_1007238_2_MG_RD_CPH_Sewage_685,Denmark,Copenhagen,55.6405,12.5058,Rensningsanlaeg Damhusaaen,69
1007238_2,Copenaghen_RD,Brevefilum,9.31233e-05,2020-05-28 00:00:00,DTU_2020_1007238_2_MG_RD_CPH_Sewage_685,Denmark,Copenhagen,55.6405,12.5058,Rensningsanlaeg Damhusaaen,69
1007238_2,Copenaghen_RD,Brevundimonas,0.000613478,2020-05-28 00:00:00,DTU_2020_1007238_2_MG_RD_CPH_Sewage_685,Denmark,Copenhagen,55.6405,12.5058,Rensningsanlaeg Damhusaaen,69
1007238_2,Copenaghen_RD,Cloacibacterium,0.015089881,2020-05-28 00:00:00,DTU_2020_1007238_2_MG_RD_CPH_Sewage_685,Denmark,Copenhagen,55.6405,12.5058,Rensningsanlaeg Damhusaaen,69
1007238_2,Copenaghen_RD,Comamonas,0.026110996,2020-05-28 00:00:00,DTU_2020_1007238_2_MG_RD_CPH_Sewage_685,Denmark,Copenhagen,55.6405,12.5058,Rensningsanlaeg Damhusaaen,69
1007238_2,Copenaghen_RD,Competibacter_A,3.50063e-05,2020-05-28 00:00:00,DTU_2020_1007238_2_MG_RD_CPH_Sewage_685,Denmark,Copenhagen,55.6405,12.5058,Rensningsanlaeg Damhusaaen,69
1007238_2,Copenaghen_RD,Enterobacter,0.001395839,2020-05-28 00:00:00,DTU_2020_1007238_2_MG_RD_CPH_Sewage_685,Denmark,Copenhagen,55.6405,12.5058,Rensningsanlaeg Damhusaaen,69
1007238_2,Copenaghen_RD,Fermentibacter,1.0008e-05,2020-05-28 00:00:00,DTU_2020_1007238_2_MG_RD_CPH_Sewage_685,Denmark,Copenhagen,55.6405,12.5058,Rensningsanlaeg Damhusaaen,69
1007238_2,Copenaghen_RD,Flavobacterium,0.019945714,2020-05-28 00:00:00,DTU_2020_1007238_2_MG_RD_CPH_Sewage_685,Denmark,Copenhagen,55.6405,12.5058,Rensningsanlaeg Damhusaaen,69
1007238_2,Copenaghen_RD,Giesbergeria,0.028678879,2020-05-28 00:00:00,DTU_2020_1007238_2_MG_RD_CPH_Sewage_685,Denmark,Copenhagen,55.6405,12.5058,Rensningsanlaeg Damhusaaen,69
1007238_2,Copenaghen_RD,Hydrogenophaga,0.000924195,2020-05-28 00:00:00,DTU_2020_1007238_2_MG_RD_CPH_Sewage_685,Denmark,Copenhagen,55.6405,12.5058,Rensningsanlaeg Damhusaaen,69
1007238_2,Copenaghen_RD,JAGOYM01,0.007075762,2020-05-28 00:00:00,DTU_2020_1007238_2_MG_RD_CPH_Sewage_685,Denmark,Copenhagen,55.6405,12.5058,Rensningsanlaeg Damhusaaen,69
1007238_2,Copenaghen_RD,Janthinobacterium,0.000723693,2020-05-28 00:00:00,DTU_2020_1007238_2_MG_RD_CPH_Sewage_685,Denmark,Copenhagen,55.6405,12.5058,Rensningsanlaeg Damhusaaen,69
1007238_2,Copenaghen_RD,Kaistella,0.00473018,2020-05-28 00:00:00,DTU_2020_1007238_2_MG_RD_CPH_Sewage_685,Denmark,Copenhagen,55.6405,12.5058,Rensningsanlaeg Damhusaaen,69
1007238_2,Copenaghen_RD,Lactococcus_A,0.009893239,2020-05-28 00:00:00,DTU_2020_1007238_2_MG_RD_CPH_Sewage_685,Denmark,Copenhagen,55.6405,12.5058,Rensningsanlaeg Damhusaaen,69
1007238_2,Copenaghen_RD,Lenti-01,0.000195676,2020-05-28 00:00:00,DTU_2020_1007238_2_MG_RD_CPH_Sewage_685,Denmark,Copenhagen,55.6405,12.5058,Rensningsanlaeg Damhusaaen,69
1007238_2,Copenaghen_RD,Microthrix,6.54499e-05,2020-05-28 00:00:00,DTU_2020_1007238_2_MG_RD_CPH_Sewage_685,Denmark,Copenhagen,55.6405,12.5058,Rensningsanlaeg Damhusaaen,69
1007238_2,Copenaghen_RD,Moraxella_A,0.006396997,2020-05-28 00:00:00,DTU_2020_1007238_2_MG_RD_CPH_Sewage_685,Denmark,Copenhagen,55.6405,12.5058,Rensningsanlaeg Damhusaaen,69
1007238_2,Copenaghen_RD,Neisseria,0.005797803,2020-05-28 00:00:00,DTU_2020_1007238_2_MG_RD_CPH_Sewage_685,Denmark,Copenhagen,55.6405,12.5058,Rensningsanlaeg Damhusaaen,69
1007238_2,Copenaghen_RD,Novosphingobium,0.000252956,2020-05-28 00:00:00,DTU_2020_1007238_2_MG_RD_CPH_Sewage_685,Denmark,Copenhagen,55.6405,12.5058,Rensningsanlaeg Damhusaaen,69
1007238_2,Copenaghen_RD,Ottowia,0.015581763,2020-05-28 00:00:00,DTU_2020_1007238_2_MG_RD_CPH_Sewage_685,Denmark,Copenhagen,55.6405,12.5058,Rensningsanlaeg Damhusaaen,69
1007238_2,Copenaghen_RD,Paracoccus,0.001042788,2020-05-28 00:00:00,DTU_2020_1007238_2_MG_RD_CPH_Sewage_685,Denmark,Copenhagen,55.6405,12.5058,Rensningsanlaeg Damhusaaen,69
1007238_2,Copenaghen_RD,Phocaeicola,0.039923515,2020-05-28 00:00:00,DTU_2020_1007238_2_MG_RD_CPH_Sewage_685,Denmark,Copenhagen,55.6405,12.5058,Rensningsanlaeg Damhusaaen,69
1007238_2,Copenaghen_RD,Prevotella,0.039264819,2020-05-28 00:00:00,DTU_2020_1007238_2_MG_RD_CPH_Sewage_685,Denmark,Copenhagen,55.6405,12.5058,Rensningsanlaeg Damhusaaen,69
1007238_2,Copenaghen_RD,Propionivibrio,0.004681766,2020-05-28 00:00:00,DTU_2020_1007238_2_MG_RD_CPH_Sewage_685,Denmark,Copenhagen,55.6405,12.5058,Rensningsanlaeg Damhusaaen,69
1007238_2,Copenaghen_RD,Pseudomonas_E,0.008462762,2020-05-28 00:00:00,DTU_2020_1007238_2_MG_RD_CPH_Sewage_685,Denmark,Copenhagen,55.6405,12.5058,Rensningsanlaeg Damhusaaen,69
1007238_2,Copenaghen_RD,Pseudoxanthomonas,0.002366312,2020-05-28 00:00:00,DTU_2020_1007238_2_MG_RD_CPH_Sewage_685,Denmark,Copenhagen,55.6405,12.5058,Rensningsanlaeg Damhusaaen,69
1007238_2,Copenaghen_RD,Pseudoxanthomonas_A,0.01036166,2020-05-28 00:00:00,DTU_2020_1007238_2_MG_RD_CPH_Sewage_685,Denmark,Copenhagen,55.6405,12.5058,Rensningsanlaeg Damhusaaen,69
1007238_2,Copenaghen_RD,Psychrobacter,0.007442353,2020-05-28 00:00:00,DTU_2020_1007238_2_MG_RD_CPH_Sewage_685,Denmark,Copenhagen,55.6405,12.5058,Rensningsanlaeg Damhusaaen,69
1007238_2,Copenaghen_RD,Rubrivivax,0.000176926,2020-05-28 00:00:00,DTU_2020_1007238_2_MG_RD_CPH_Sewage_685,Denmark,Copenhagen,55.6405,12.5058,Rensningsanlaeg Damhusaaen,69
1007238_2,Copenaghen_RD,Streptococcus,0.007405802,2020-05-28 00:00:00,DTU_2020_1007238_2_MG_RD_CPH_Sewage_685,Denmark,Copenhagen,55.6405,12.5058,Rensningsanlaeg Damhusaaen,69
1007238_2,Copenaghen_RD,Telluria,0.000599653,2020-05-28 00:00:00,DTU_2020_1007238_2_MG_RD_CPH_Sewage_685,Denmark,Copenhagen,55.6405,12.5058,Rensningsanlaeg Damhusaaen,69
1007238_2,Copenaghen_RD,Thauera,0.020645928,2020-05-28 00:00:00,DTU_2020_1007238_2_MG_RD_CPH_Sewage_685,Denmark,Copenhagen,55.6405,12.5058,Rensningsanlaeg Damhusaaen,69
1007238_2,Copenaghen_RD,Thermomonas,0.003830814,2020-05-28 00:00:00,DTU_2020_1007238_2_MG_RD_CPH_Sewage_685,Denmark,Copenhagen,55.6405,12.5058,Rensningsanlaeg Damhusaaen,69
1007238_2,Copenaghen_RD,Thiothrix,0.00382586,2020-05-28 00:00:00,DTU_2020_1007238_2_MG_RD_CPH_Sewage_685,Denmark,Copenhagen,55.6405,12.5058,Rensningsanlaeg Damhusaaen,69
1007238_2,Copenaghen_RD,Tolumonas,0.002297406,2020-05-28 00:00:00,DTU_2020_1007238_2_MG_RD_CPH_Sewage_685,Denmark,Copenhagen,55.6405,12.5058,Rensningsanlaeg Damhusaaen,69
1007238_2,Copenaghen_RD,Trichococcus,0.007874269,2020-05-28 00:00:00,DTU_2020_1007238_2_MG_RD_CPH_Sewage_685,Denmark,Copenhagen,55.6405,12.5058,Rensningsanlaeg Damhusaaen,69
1007238_2,Copenaghen_RD,UBA1413,1.28021e-05,2020-05-28 00:00:00,DTU_2020_1007238_2_MG_RD_CPH_Sewage_685,Denmark,Copenhagen,55.6405,12.5058,Rensningsanlaeg Damhusaaen,69
1007238_2,Copenaghen_RD,merged,0.347640535,2020-05-28 00:00:00,DTU_2020_1007238_2_MG_RD_CPH_Sewage_685,Denmark,Copenhagen,55.6405,12.5058,Rensningsanlaeg Damhusaaen,69
1007236_2,Copenaghen_RL,Acidovorax,0.15317059,2020-05-28 00:00:00,DTU_2020_1007236_2_MG_RL_CPH_Sewage_683,Denmark,Copenhagen,55.6956,12.6139,Rensningsanlaeg Lynetten,69
1007236_2,Copenaghen_RL,Acinetobacter,0.056467713,2020-05-28 00:00:00,DTU_2020_1007236_2_MG_RL_CPH_Sewage_683,Denmark,Copenhagen,55.6956,12.6139,Rensningsanlaeg Lynetten,69
1007236_2,Copenaghen_RL,Aeromonas,0.01032034,2020-05-28 00:00:00,DTU_2020_1007236_2_MG_RL_CPH_Sewage_683,Denmark,Copenhagen,55.6956,12.6139,Rensningsanlaeg Lynetten,69
1007236_2,Copenaghen_RL,Aliarcobacter,0.020430326,2020-05-28 00:00:00,DTU_2020_1007236_2_MG_RL_CPH_Sewage_683,Denmark,Copenhagen,55.6956,12.6139,Rensningsanlaeg Lynetten,69
1007236_2,Copenaghen_RL,Aquabacterium_A,0.000117465,2020-05-28 00:00:00,DTU_2020_1007236_2_MG_RL_CPH_Sewage_683,Denmark,Copenhagen,55.6956,12.6139,Rensningsanlaeg Lynetten,69
1007236_2,Copenaghen_RL,Bacteroides,0.0045323,2020-05-28 00:00:00,DTU_2020_1007236_2_MG_RL_CPH_Sewage_683,Denmark,Copenhagen,55.6956,12.6139,Rensningsanlaeg Lynetten,69
1007236_2,Copenaghen_RL,Brachymonas,0.011404075,2020-05-28 00:00:00,DTU_2020_1007236_2_MG_RL_CPH_Sewage_683,Denmark,Copenhagen,55.6956,12.6139,Rensningsanlaeg Lynetten,69
1007236_2,Copenaghen_RL,Brevefilum,0.005669473,2020-05-28 00:00:00,DTU_2020_1007236_2_MG_RL_CPH_Sewage_683,Denmark,Copenhagen,55.6956,12.6139,Rensningsanlaeg Lynetten,69
1007236_2,Copenaghen_RL,Brevundimonas,0.001043402,2020-05-28 00:00:00,DTU_2020_1007236_2_MG_RL_CPH_Sewage_683,Denmark,Copenhagen,55.6956,12.6139,Rensningsanlaeg Lynetten,69
1007236_2,Copenaghen_RL,Cloacibacterium,0.017717725,2020-05-28 00:00:00,DTU_2020_1007236_2_MG_RL_CPH_Sewage_683,Denmark,Copenhagen,55.6956,12.6139,Rensningsanlaeg Lynetten,69
1007236_2,Copenaghen_RL,Comamonas,0.159027017,2020-05-28 00:00:00,DTU_2020_1007236_2_MG_RL_CPH_Sewage_683,Denmark,Copenhagen,55.6956,12.6139,Rensningsanlaeg Lynetten,69
1007236_2,Copenaghen_RL,Competibacter_A,4.22947e-05,2020-05-28 00:00:00,DTU_2020_1007236_2_MG_RL_CPH_Sewage_683,Denmark,Copenhagen,55.6956,12.6139,Rensningsanlaeg Lynetten,69
1007236_2,Copenaghen_RL,Enterobacter,0.000707789,2020-05-28 00:00:00,DTU_2020_1007236_2_MG_RL_CPH_Sewage_683,Denmark,Copenhagen,55.6956,12.6139,Rensningsanlaeg Lynetten,69
1007236_2,Copenaghen_RL,Fermentibacter,4.36081e-05,2020-05-28 00:00:00,DTU_2020_1007236_2_MG_RL_CPH_Sewage_683,Denmark,Copenhagen,55.6956,12.6139,Rensningsanlaeg Lynetten,69
1007236_2,Copenaghen_RL,Flavobacterium,0.015861353,2020-05-28 00:00:00,DTU_2020_1007236_2_MG_RL_CPH_Sewage_683,Denmark,Copenhagen,55.6956,12.6139,Rensningsanlaeg Lynetten,69
1007236_2,Copenaghen_RL,Giesbergeria,0.012299761,2020-05-28 00:00:00,DTU_2020_1007236_2_MG_RL_CPH_Sewage_683,Denmark,Copenhagen,55.6956,12.6139,Rensningsanlaeg Lynetten,69
1007236_2,Copenaghen_RL,Hydrogenophaga,0.001115517,2020-05-28 00:00:00,DTU_2020_1007236_2_MG_RL_CPH_Sewage_683,Denmark,Copenhagen,55.6956,12.6139,Rensningsanlaeg Lynetten,69
1007236_2,Copenaghen_RL,JAGOYM01,0.001904855,2020-05-28 00:00:00,DTU_2020_1007236_2_MG_RL_CPH_Sewage_683,Denmark,Copenhagen,55.6956,12.6139,Rensningsanlaeg Lynetten,69
1007236_2,Copenaghen_RL,Janthinobacterium,0.001029867,2020-05-28 00:00:00,DTU_2020_1007236_2_MG_RL_CPH_Sewage_683,Denmark,Copenhagen,55.6956,12.6139,Rensningsanlaeg Lynetten,69
1007236_2,Copenaghen_RL,Kaistella,0.005579537,2020-05-28 00:00:00,DTU_2020_1007236_2_MG_RL_CPH_Sewage_683,Denmark,Copenhagen,55.6956,12.6139,Rensningsanlaeg Lynetten,69
1007236_2,Copenaghen_RL,Lactococcus_A,0.009226938,2020-05-28 00:00:00,DTU_2020_1007236_2_MG_RL_CPH_Sewage_683,Denmark,Copenhagen,55.6956,12.6139,Rensningsanlaeg Lynetten,69
1007236_2,Copenaghen_RL,Lenti-01,0.000217051,2020-05-28 00:00:00,DTU_2020_1007236_2_MG_RL_CPH_Sewage_683,Denmark,Copenhagen,55.6956,12.6139,Rensningsanlaeg Lynetten,69
1007236_2,Copenaghen_RL,Microthrix,0.000170322,2020-05-28 00:00:00,DTU_2020_1007236_2_MG_RL_CPH_Sewage_683,Denmark,Copenhagen,55.6956,12.6139,Rensningsanlaeg Lynetten,69
1007236_2,Copenaghen_RL,Moraxella_A,0.00331553,2020-05-28 00:00:00,DTU_2020_1007236_2_MG_RL_CPH_Sewage_683,Denmark,Copenhagen,55.6956,12.6139,Rensningsanlaeg Lynetten,69
1007236_2,Copenaghen_RL,Neisseria,0.020568388,2020-05-28 00:00:00,DTU_2020_1007236_2_MG_RL_CPH_Sewage_683,Denmark,Copenhagen,55.6956,12.6139,Rensningsanlaeg Lynetten,69
1007236_2,Copenaghen_RL,Novosphingobium,0.000249723,2020-05-28 00:00:00,DTU_2020_1007236_2_MG_RL_CPH_Sewage_683,Denmark,Copenhagen,55.6956,12.6139,Rensningsanlaeg Lynetten,69
1007236_2,Copenaghen_RL,Ottowia,0.018919632,2020-05-28 00:00:00,DTU_2020_1007236_2_MG_RL_CPH_Sewage_683,Denmark,Copenhagen,55.6956,12.6139,Rensningsanlaeg Lynetten,69
1007236_2,Copenaghen_RL,Paracoccus,0.001842177,2020-05-28 00:00:00,DTU_2020_1007236_2_MG_RL_CPH_Sewage_683,Denmark,Copenhagen,55.6956,12.6139,Rensningsanlaeg Lynetten,69
1007236_2,Copenaghen_RL,Phocaeicola,0.010809579,2020-05-28 00:00:00,DTU_2020_1007236_2_MG_RL_CPH_Sewage_683,Denmark,Copenhagen,55.6956,12.6139,Rensningsanlaeg Lynetten,69
1007236_2,Copenaghen_RL,Prevotella,0.005296409,2020-05-28 00:00:00,DTU_2020_1007236_2_MG_RL_CPH_Sewage_683,Denmark,Copenhagen,55.6956,12.6139,Rensningsanlaeg Lynetten,69
1007236_2,Copenaghen_RL,Propionivibrio,0.009183233,2020-05-28 00:00:00,DTU_2020_1007236_2_MG_RL_CPH_Sewage_683,Denmark,Copenhagen,55.6956,12.6139,Rensningsanlaeg Lynetten,69
1007236_2,Copenaghen_RL,Pseudomonas_E,0.026299169,2020-05-28 00:00:00,DTU_2020_1007236_2_MG_RL_CPH_Sewage_683,Denmark,Copenhagen,55.6956,12.6139,Rensningsanlaeg Lynetten,69
1007236_2,Copenaghen_RL,Pseudoxanthomonas,0.005872455,2020-05-28 00:00:00,DTU_2020_1007236_2_MG_RL_CPH_Sewage_683,Denmark,Copenhagen,55.6956,12.6139,Rensningsanlaeg Lynetten,69
1007236_2,Copenaghen_RL,Pseudoxanthomonas_A,0.015122368,2020-05-28 00:00:00,DTU_2020_1007236_2_MG_RL_CPH_Sewage_683,Denmark,Copenhagen,55.6956,12.6139,Rensningsanlaeg Lynetten,69
1007236_2,Copenaghen_RL,Psychrobacter,0.021569554,2020-05-28 00:00:00,DTU_2020_1007236_2_MG_RL_CPH_Sewage_683,Denmark,Copenhagen,55.6956,12.6139,Rensningsanlaeg Lynetten,69
1007236_2,Copenaghen_RL,Rubrivivax,0.000380176,2020-05-28 00:00:00,DTU_2020_1007236_2_MG_RL_CPH_Sewage_683,Denmark,Copenhagen,55.6956,12.6139,Rensningsanlaeg Lynetten,69
1007236_2,Copenaghen_RL,Streptococcus,0.016590053,2020-05-28 00:00:00,DTU_2020_1007236_2_MG_RL_CPH_Sewage_683,Denmark,Copenhagen,55.6956,12.6139,Rensningsanlaeg Lynetten,69
1007236_2,Copenaghen_RL,Telluria,0.00052162,2020-05-28 00:00:00,DTU_2020_1007236_2_MG_RL_CPH_Sewage_683,Denmark,Copenhagen,55.6956,12.6139,Rensningsanlaeg Lynetten,69
1007236_2,Copenaghen_RL,Thauera,0.012684193,2020-05-28 00:00:00,DTU_2020_1007236_2_MG_RL_CPH_Sewage_683,Denmark,Copenhagen,55.6956,12.6139,Rensningsanlaeg Lynetten,69
1007236_2,Copenaghen_RL,Thermomonas,0.005227553,2020-05-28 00:00:00,DTU_2020_1007236_2_MG_RL_CPH_Sewage_683,Denmark,Copenhagen,55.6956,12.6139,Rensningsanlaeg Lynetten,69
1007236_2,Copenaghen_RL,Thiothrix,0.000343228,2020-05-28 00:00:00,DTU_2020_1007236_2_MG_RL_CPH_Sewage_683,Denmark,Copenhagen,55.6956,12.6139,Rensningsanlaeg Lynetten,69
1007236_2,Copenaghen_RL,Tolumonas,0.003336739,2020-05-28 00:00:00,DTU_2020_1007236_2_MG_RL_CPH_Sewage_683,Denmark,Copenhagen,55.6956,12.6139,Rensningsanlaeg Lynetten,69
1007236_2,Copenaghen_RL,Trichococcus,0.020520118,2020-05-28 00:00:00,DTU_2020_1007236_2_MG_RL_CPH_Sewage_683,Denmark,Copenhagen,55.6956,12.6139,Rensningsanlaeg Lynetten,69
1007236_2,Copenaghen_RL,UBA1413,0.001170271,2020-05-28 00:00:00,DTU_2020_1007236_2_MG_RL_CPH_Sewage_683,Denmark,Copenhagen,55.6956,12.6139,Rensningsanlaeg Lynetten,69
1007236_2,Copenaghen_RL,merged,0.312078511,2020-05-28 00:00:00,DTU_2020_1007236_2_MG_RL_CPH_Sewage_683,Denmark,Copenhagen,55.6956,12.6139,Rensningsanlaeg Lynetten,69
1007240_1,Copenaghen_RA,Acidovorax,0.197531668,2020-06-04 00:00:00,DTU_2020_1007240_1_MG_RA_CPH_Sewage_690,Denmark,Copenhagen,55.6085,12.4505,Rensningsanlaeg Avedoere,70
1007240_1,Copenaghen_RA,Acinetobacter,0.043095059,2020-06-04 00:00:00,DTU_2020_1007240_1_MG_RA_CPH_Sewage_690,Denmark,Copenhagen,55.6085,12.4505,Rensningsanlaeg Avedoere,70
1007240_1,Copenaghen_RA,Aeromonas,0.006651684,2020-06-04 00:00:00,DTU_2020_1007240_1_MG_RA_CPH_Sewage_690,Denmark,Copenhagen,55.6085,12.4505,Rensningsanlaeg Avedoere,70
1007240_1,Copenaghen_RA,Aliarcobacter,0.015998374,2020-06-04 00:00:00,DTU_2020_1007240_1_MG_RA_CPH_Sewage_690,Denmark,Copenhagen,55.6085,12.4505,Rensningsanlaeg Avedoere,70
1007240_1,Copenaghen_RA,Aquabacterium_A,0.00046474,2020-06-04 00:00:00,DTU_2020_1007240_1_MG_RA_CPH_Sewage_690,Denmark,Copenhagen,55.6085,12.4505,Rensningsanlaeg Avedoere,70
1007240_1,Copenaghen_RA,Bacteroides,0.003990712,2020-06-04 00:00:00,DTU_2020_1007240_1_MG_RA_CPH_Sewage_690,Denmark,Copenhagen,55.6085,12.4505,Rensningsanlaeg Avedoere,70
1007240_1,Copenaghen_RA,Brachymonas,0.014116606,2020-06-04 00:00:00,DTU_2020_1007240_1_MG_RA_CPH_Sewage_690,Denmark,Copenhagen,55.6085,12.4505,Rensningsanlaeg Avedoere,70
1007240_1,Copenaghen_RA,Brevefilum,0.000146199,2020-06-04 00:00:00,DTU_2020_1007240_1_MG_RA_CPH_Sewage_690,Denmark,Copenhagen,55.6085,12.4505,Rensningsanlaeg Avedoere,70
1007240_1,Copenaghen_RA,Brevundimonas,0.001387866,2020-06-04 00:00:00,DTU_2020_1007240_1_MG_RA_CPH_Sewage_690,Denmark,Copenhagen,55.6085,12.4505,Rensningsanlaeg Avedoere,70
1007240_1,Copenaghen_RA,Cloacibacterium,0.022334112,2020-06-04 00:00:00,DTU_2020_1007240_1_MG_RA_CPH_Sewage_690,Denmark,Copenhagen,55.6085,12.4505,Rensningsanlaeg Avedoere,70
1007240_1,Copenaghen_RA,Comamonas,0.037806601,2020-06-04 00:00:00,DTU_2020_1007240_1_MG_RA_CPH_Sewage_690,Denmark,Copenhagen,55.6085,12.4505,Rensningsanlaeg Avedoere,70
1007240_1,Copenaghen_RA,Competibacter_A,4.68937e-05,2020-06-04 00:00:00,DTU_2020_1007240_1_MG_RA_CPH_Sewage_690,Denmark,Copenhagen,55.6085,12.4505,Rensningsanlaeg Avedoere,70
1007240_1,Copenaghen_RA,Enterobacter,0.000530305,2020-06-04 00:00:00,DTU_2020_1007240_1_MG_RA_CPH_Sewage_690,Denmark,Copenhagen,55.6085,12.4505,Rensningsanlaeg Avedoere,70
1007240_1,Copenaghen_RA,Fermentibacter,6.00162e-06,2020-06-04 00:00:00,DTU_2020_1007240_1_MG_RA_CPH_Sewage_690,Denmark,Copenhagen,55.6085,12.4505,Rensningsanlaeg Avedoere,70
1007240_1,Copenaghen_RA,Flavobacterium,0.015257634,2020-06-04 00:00:00,DTU_2020_1007240_1_MG_RA_CPH_Sewage_690,Denmark,Copenhagen,55.6085,12.4505,Rensningsanlaeg Avedoere,70
1007240_1,Copenaghen_RA,Giesbergeria,0.015513214,2020-06-04 00:00:00,DTU_2020_1007240_1_MG_RA_CPH_Sewage_690,Denmark,Copenhagen,55.6085,12.4505,Rensningsanlaeg Avedoere,70
1007240_1,Copenaghen_RA,Hydrogenophaga,0.000788868,2020-06-04 00:00:00,DTU_2020_1007240_1_MG_RA_CPH_Sewage_690,Denmark,Copenhagen,55.6085,12.4505,Rensningsanlaeg Avedoere,70
1007240_1,Copenaghen_RA,JAGOYM01,0.011592043,2020-06-04 00:00:00,DTU_2020_1007240_1_MG_RA_CPH_Sewage_690,Denmark,Copenhagen,55.6085,12.4505,Rensningsanlaeg Avedoere,70
1007240_1,Copenaghen_RA,Janthinobacterium,0.000989927,2020-06-04 00:00:00,DTU_2020_1007240_1_MG_RA_CPH_Sewage_690,Denmark,Copenhagen,55.6085,12.4505,Rensningsanlaeg Avedoere,70
1007240_1,Copenaghen_RA,Kaistella,0.004988086,2020-06-04 00:00:00,DTU_2020_1007240_1_MG_RA_CPH_Sewage_690,Denmark,Copenhagen,55.6085,12.4505,Rensningsanlaeg Avedoere,70
1007240_1,Copenaghen_RA,Lactococcus_A,0.00933385,2020-06-04 00:00:00,DTU_2020_1007240_1_MG_RA_CPH_Sewage_690,Denmark,Copenhagen,55.6085,12.4505,Rensningsanlaeg Avedoere,70
1007240_1,Copenaghen_RA,Lenti-01,0.000176555,2020-06-04 00:00:00,DTU_2020_1007240_1_MG_RA_CPH_Sewage_690,Denmark,Copenhagen,55.6085,12.4505,Rensningsanlaeg Avedoere,70
1007240_1,Copenaghen_RA,Microthrix,5.95977e-05,2020-06-04 00:00:00,DTU_2020_1007240_1_MG_RA_CPH_Sewage_690,Denmark,Copenhagen,55.6085,12.4505,Rensningsanlaeg Avedoere,70
1007240_1,Copenaghen_RA,Moraxella_A,0.004234245,2020-06-04 00:00:00,DTU_2020_1007240_1_MG_RA_CPH_Sewage_690,Denmark,Copenhagen,55.6085,12.4505,Rensningsanlaeg Avedoere,70
1007240_1,Copenaghen_RA,Neisseria,0.046472378,2020-06-04 00:00:00,DTU_2020_1007240_1_MG_RA_CPH_Sewage_690,Denmark,Copenhagen,55.6085,12.4505,Rensningsanlaeg Avedoere,70
1007240_1,Copenaghen_RA,Novosphingobium,0.000267993,2020-06-04 00:00:00,DTU_2020_1007240_1_MG_RA_CPH_Sewage_690,Denmark,Copenhagen,55.6085,12.4505,Rensningsanlaeg Avedoere,70
1007240_1,Copenaghen_RA,Ottowia,0.046881994,2020-06-04 00:00:00,DTU_2020_1007240_1_MG_RA_CPH_Sewage_690,Denmark,Copenhagen,55.6085,12.4505,Rensningsanlaeg Avedoere,70
1007240_1,Copenaghen_RA,Paracoccus,0.001322471,2020-06-04 00:00:00,DTU_2020_1007240_1_MG_RA_CPH_Sewage_690,Denmark,Copenhagen,55.6085,12.4505,Rensningsanlaeg Avedoere,70
1007240_1,Copenaghen_RA,Phocaeicola,0.006485083,2020-06-04 00:00:00,DTU_2020_1007240_1_MG_RA_CPH_Sewage_690,Denmark,Copenhagen,55.6085,12.4505,Rensningsanlaeg Avedoere,70
1007240_1,Copenaghen_RA,Prevotella,0.006638152,2020-06-04 00:00:00,DTU_2020_1007240_1_MG_RA_CPH_Sewage_690,Denmark,Copenhagen,55.6085,12.4505,Rensningsanlaeg Avedoere,70
1007240_1,Copenaghen_RA,Propionivibrio,0.005001481,2020-06-04 00:00:00,DTU_2020_1007240_1_MG_RA_CPH_Sewage_690,Denmark,Copenhagen,55.6085,12.4505,Rensningsanlaeg Avedoere,70
1007240_1,Copenaghen_RA,Pseudomonas_E,0.009828253,2020-06-04 00:00:00,DTU_2020_1007240_1_MG_RA_CPH_Sewage_690,Denmark,Copenhagen,55.6085,12.4505,Rensningsanlaeg Avedoere,70
1007240_1,Copenaghen_RA,Pseudoxanthomonas,0.003541515,2020-06-04 00:00:00,DTU_2020_1007240_1_MG_RA_CPH_Sewage_690,Denmark,Copenhagen,55.6085,12.4505,Rensningsanlaeg Avedoere,70
1007240_1,Copenaghen_RA,Pseudoxanthomonas_A,0.008350301,2020-06-04 00:00:00,DTU_2020_1007240_1_MG_RA_CPH_Sewage_690,Denmark,Copenhagen,55.6085,12.4505,Rensningsanlaeg Avedoere,70
1007240_1,Copenaghen_RA,Psychrobacter,0.005146335,2020-06-04 00:00:00,DTU_2020_1007240_1_MG_RA_CPH_Sewage_690,Denmark,Copenhagen,55.6085,12.4505,Rensningsanlaeg Avedoere,70
1007240_1,Copenaghen_RA,Rubrivivax,0.000316485,2020-06-04 00:00:00,DTU_2020_1007240_1_MG_RA_CPH_Sewage_690,Denmark,Copenhagen,55.6085,12.4505,Rensningsanlaeg Avedoere,70
1007240_1,Copenaghen_RA,Streptococcus,0.038259846,2020-06-04 00:00:00,DTU_2020_1007240_1_MG_RA_CPH_Sewage_690,Denmark,Copenhagen,55.6085,12.4505,Rensningsanlaeg Avedoere,70
1007240_1,Copenaghen_RA,Telluria,0.000570212,2020-06-04 00:00:00,DTU_2020_1007240_1_MG_RA_CPH_Sewage_690,Denmark,Copenhagen,55.6085,12.4505,Rensningsanlaeg Avedoere,70
1007240_1,Copenaghen_RA,Thauera,0.015454108,2020-06-04 00:00:00,DTU_2020_1007240_1_MG_RA_CPH_Sewage_690,Denmark,Copenhagen,55.6085,12.4505,Rensningsanlaeg Avedoere,70
1007240_1,Copenaghen_RA,Thermomonas,0.007941964,2020-06-04 00:00:00,DTU_2020_1007240_1_MG_RA_CPH_Sewage_690,Denmark,Copenhagen,55.6085,12.4505,Rensningsanlaeg Avedoere,70
1007240_1,Copenaghen_RA,Thiothrix,0.000438312,2020-06-04 00:00:00,DTU_2020_1007240_1_MG_RA_CPH_Sewage_690,Denmark,Copenhagen,55.6085,12.4505,Rensningsanlaeg Avedoere,70
1007240_1,Copenaghen_RA,Tolumonas,0.001225089,2020-06-04 00:00:00,DTU_2020_1007240_1_MG_RA_CPH_Sewage_690,Denmark,Copenhagen,55.6085,12.4505,Rensningsanlaeg Avedoere,70
1007240_1,Copenaghen_RA,Trichococcus,0.01260841,2020-06-04 00:00:00,DTU_2020_1007240_1_MG_RA_CPH_Sewage_690,Denmark,Copenhagen,55.6085,12.4505,Rensningsanlaeg Avedoere,70
1007240_1,Copenaghen_RA,UBA1413,1.54785e-05,2020-06-04 00:00:00,DTU_2020_1007240_1_MG_RA_CPH_Sewage_690,Denmark,Copenhagen,55.6085,12.4505,Rensningsanlaeg Avedoere,70
1007240_1,Copenaghen_RA,merged,0.3761933,2020-06-04 00:00:00,DTU_2020_1007240_1_MG_RA_CPH_Sewage_690,Denmark,Copenhagen,55.6085,12.4505,Rensningsanlaeg Avedoere,70
1007241_2,Copenaghen_RD,Acidovorax,0.200131528,2020-06-04 00:00:00,DTU_2020_1007241_2_MG_RD_CPH_Sewage_691,Denmark,Copenhagen,55.6405,12.5058,Rensningsanlaeg Damhusaaen,70
1007241_2,Copenaghen_RD,Acinetobacter,0.064038549,2020-06-04 00:00:00,DTU_2020_1007241_2_MG_RD_CPH_Sewage_691,Denmark,Copenhagen,55.6405,12.5058,Rensningsanlaeg Damhusaaen,70
1007241_2,Copenaghen_RD,Aeromonas,0.035548648,2020-06-04 00:00:00,DTU_2020_1007241_2_MG_RD_CPH_Sewage_691,Denmark,Copenhagen,55.6405,12.5058,Rensningsanlaeg Damhusaaen,70
1007241_2,Copenaghen_RD,Aliarcobacter,0.047157059,2020-06-04 00:00:00,DTU_2020_1007241_2_MG_RD_CPH_Sewage_691,Denmark,Copenhagen,55.6405,12.5058,Rensningsanlaeg Damhusaaen,70
1007241_2,Copenaghen_RD,Aquabacterium_A,0.000220562,2020-06-04 00:00:00,DTU_2020_1007241_2_MG_RD_CPH_Sewage_691,Denmark,Copenhagen,55.6405,12.5058,Rensningsanlaeg Damhusaaen,70
1007241_2,Copenaghen_RD,Bacteroides,0.003408376,2020-06-04 00:00:00,DTU_2020_1007241_2_MG_RD_CPH_Sewage_691,Denmark,Copenhagen,55.6405,12.5058,Rensningsanlaeg Damhusaaen,70
1007241_2,Copenaghen_RD,Brachymonas,0.008746205,2020-06-04 00:00:00,DTU_2020_1007241_2_MG_RD_CPH_Sewage_691,Denmark,Copenhagen,55.6405,12.5058,Rensningsanlaeg Damhusaaen,70
1007241_2,Copenaghen_RD,Brevefilum,1.34066e-05,2020-06-04 00:00:00,DTU_2020_1007241_2_MG_RD_CPH_Sewage_691,Denmark,Copenhagen,55.6405,12.5058,Rensningsanlaeg Damhusaaen,70
1007241_2,Copenaghen_RD,Brevundimonas,0.001321599,2020-06-04 00:00:00,DTU_2020_1007241_2_MG_RD_CPH_Sewage_691,Denmark,Copenhagen,55.6405,12.5058,Rensningsanlaeg Damhusaaen,70
1007241_2,Copenaghen_RD,Cloacibacterium,0.018699629,2020-06-04 00:00:00,DTU_2020_1007241_2_MG_RD_CPH_Sewage_691,Denmark,Copenhagen,55.6405,12.5058,Rensningsanlaeg Damhusaaen,70
1007241_2,Copenaghen_RD,Comamonas,0.055860749,2020-06-04 00:00:00,DTU_2020_1007241_2_MG_RD_CPH_Sewage_691,Denmark,Copenhagen,55.6405,12.5058,Rensningsanlaeg Damhusaaen,70
1007241_2,Copenaghen_RD,Competibacter_A,5.46729e-05,2020-06-04 00:00:00,DTU_2020_1007241_2_MG_RD_CPH_Sewage_691,Denmark,Copenhagen,55.6405,12.5058,Rensningsanlaeg Damhusaaen,70
1007241_2,Copenaghen_RD,Enterobacter,0.000561626,2020-06-04 00:00:00,DTU_2020_1007241_2_MG_RD_CPH_Sewage_691,Denmark,Copenhagen,55.6405,12.5058,Rensningsanlaeg Damhusaaen,70
1007241_2,Copenaghen_RD,Fermentibacter,1.35766e-05,2020-06-04 00:00:00,DTU_2020_1007241_2_MG_RD_CPH_Sewage_691,Denmark,Copenhagen,55.6405,12.5058,Rensningsanlaeg Damhusaaen,70
1007241_2,Copenaghen_RD,Flavobacterium,0.011455538,2020-06-04 00:00:00,DTU_2020_1007241_2_MG_RD_CPH_Sewage_691,Denmark,Copenhagen,55.6405,12.5058,Rensningsanlaeg Damhusaaen,70
1007241_2,Copenaghen_RD,Giesbergeria,0.015318675,2020-06-04 00:00:00,DTU_2020_1007241_2_MG_RD_CPH_Sewage_691,Denmark,Copenhagen,55.6405,12.5058,Rensningsanlaeg Damhusaaen,70
1007241_2,Copenaghen_RD,Hydrogenophaga,0.000843949,2020-06-04 00:00:00,DTU_2020_1007241_2_MG_RD_CPH_Sewage_691,Denmark,Copenhagen,55.6405,12.5058,Rensningsanlaeg Damhusaaen,70
1007241_2,Copenaghen_RD,JAGOYM01,0.012384998,2020-06-04 00:00:00,DTU_2020_1007241_2_MG_RD_CPH_Sewage_691,Denmark,Copenhagen,55.6405,12.5058,Rensningsanlaeg Damhusaaen,70
1007241_2,Copenaghen_RD,Janthinobacterium,0.00045401,2020-06-04 00:00:00,DTU_2020_1007241_2_MG_RD_CPH_Sewage_691,Denmark,Copenhagen,55.6405,12.5058,Rensningsanlaeg Damhusaaen,70
1007241_2,Copenaghen_RD,Kaistella,0.006970048,2020-06-04 00:00:00,DTU_2020_1007241_2_MG_RD_CPH_Sewage_691,Denmark,Copenhagen,55.6405,12.5058,Rensningsanlaeg Damhusaaen,70
1007241_2,Copenaghen_RD,Lactococcus_A,0.012219776,2020-06-04 00:00:00,DTU_2020_1007241_2_MG_RD_CPH_Sewage_691,Denmark,Copenhagen,55.6405,12.5058,Rensningsanlaeg Damhusaaen,70
1007241_2,Copenaghen_RD,Lenti-01,0.000284259,2020-06-04 00:00:00,DTU_2020_1007241_2_MG_RD_CPH_Sewage_691,Denmark,Copenhagen,55.6405,12.5058,Rensningsanlaeg Damhusaaen,70
1007241_2,Copenaghen_RD,Microthrix,0.000156538,2020-06-04 00:00:00,DTU_2020_1007241_2_MG_RD_CPH_Sewage_691,Denmark,Copenhagen,55.6405,12.5058,Rensningsanlaeg Damhusaaen,70
1007241_2,Copenaghen_RD,Moraxella_A,0.001513792,2020-06-04 00:00:00,DTU_2020_1007241_2_MG_RD_CPH_Sewage_691,Denmark,Copenhagen,55.6405,12.5058,Rensningsanlaeg Damhusaaen,70
1007241_2,Copenaghen_RD,Neisseria,0.01485115,2020-06-04 00:00:00,DTU_2020_1007241_2_MG_RD_CPH_Sewage_691,Denmark,Copenhagen,55.6405,12.5058,Rensningsanlaeg Damhusaaen,70
1007241_2,Copenaghen_RD,Novosphingobium,0.000269897,2020-06-04 00:00:00,DTU_2020_1007241_2_MG_RD_CPH_Sewage_691,Denmark,Copenhagen,55.6405,12.5058,Rensningsanlaeg Damhusaaen,70
1007241_2,Copenaghen_RD,Ottowia,0.0172721,2020-06-04 00:00:00,DTU_2020_1007241_2_MG_RD_CPH_Sewage_691,Denmark,Copenhagen,55.6405,12.5058,Rensningsanlaeg Damhusaaen,70
1007241_2,Copenaghen_RD,Paracoccus,0.001544679,2020-06-04 00:00:00,DTU_2020_1007241_2_MG_RD_CPH_Sewage_691,Denmark,Copenhagen,55.6405,12.5058,Rensningsanlaeg Damhusaaen,70
1007241_2,Copenaghen_RD,Phocaeicola,0.003897957,2020-06-04 00:00:00,DTU_2020_1007241_2_MG_RD_CPH_Sewage_691,Denmark,Copenhagen,55.6405,12.5058,Rensningsanlaeg Damhusaaen,70
1007241_2,Copenaghen_RD,Prevotella,0.008842702,2020-06-04 00:00:00,DTU_2020_1007241_2_MG_RD_CPH_Sewage_691,Denmark,Copenhagen,55.6405,12.5058,Rensningsanlaeg Damhusaaen,70
1007241_2,Copenaghen_RD,Propionivibrio,0.018442964,2020-06-04 00:00:00,DTU_2020_1007241_2_MG_RD_CPH_Sewage_691,Denmark,Copenhagen,55.6405,12.5058,Rensningsanlaeg Damhusaaen,70
1007241_2,Copenaghen_RD,Pseudomonas_E,0.017646904,2020-06-04 00:00:00,DTU_2020_1007241_2_MG_RD_CPH_Sewage_691,Denmark,Copenhagen,55.6405,12.5058,Rensningsanlaeg Damhusaaen,70
1007241_2,Copenaghen_RD,Pseudoxanthomonas,0.002818691,2020-06-04 00:00:00,DTU_2020_1007241_2_MG_RD_CPH_Sewage_691,Denmark,Copenhagen,55.6405,12.5058,Rensningsanlaeg Damhusaaen,70
1007241_2,Copenaghen_RD,Pseudoxanthomonas_A,0.004915417,2020-06-04 00:00:00,DTU_2020_1007241_2_MG_RD_CPH_Sewage_691,Denmark,Copenhagen,55.6405,12.5058,Rensningsanlaeg Damhusaaen,70
1007241_2,Copenaghen_RD,Psychrobacter,0.007488208,2020-06-04 00:00:00,DTU_2020_1007241_2_MG_RD_CPH_Sewage_691,Denmark,Copenhagen,55.6405,12.5058,Rensningsanlaeg Damhusaaen,70
1007241_2,Copenaghen_RD,Rubrivivax,0.000200656,2020-06-04 00:00:00,DTU_2020_1007241_2_MG_RD_CPH_Sewage_691,Denmark,Copenhagen,55.6405,12.5058,Rensningsanlaeg Damhusaaen,70
1007241_2,Copenaghen_RD,Streptococcus,0.013855406,2020-06-04 00:00:00,DTU_2020_1007241_2_MG_RD_CPH_Sewage_691,Denmark,Copenhagen,55.6405,12.5058,Rensningsanlaeg Damhusaaen,70
1007241_2,Copenaghen_RD,Telluria,0.000515718,2020-06-04 00:00:00,DTU_2020_1007241_2_MG_RD_CPH_Sewage_691,Denmark,Copenhagen,55.6405,12.5058,Rensningsanlaeg Damhusaaen,70
1007241_2,Copenaghen_RD,Thauera,0.027976067,2020-06-04 00:00:00,DTU_2020_1007241_2_MG_RD_CPH_Sewage_691,Denmark,Copenhagen,55.6405,12.5058,Rensningsanlaeg Damhusaaen,70
1007241_2,Copenaghen_RD,Thermomonas,0.003088538,2020-06-04 00:00:00,DTU_2020_1007241_2_MG_RD_CPH_Sewage_691,Denmark,Copenhagen,55.6405,12.5058,Rensningsanlaeg Damhusaaen,70
1007241_2,Copenaghen_RD,Thiothrix,0.003427422,2020-06-04 00:00:00,DTU_2020_1007241_2_MG_RD_CPH_Sewage_691,Denmark,Copenhagen,55.6405,12.5058,Rensningsanlaeg Damhusaaen,70
1007241_2,Copenaghen_RD,Tolumonas,0.00224541,2020-06-04 00:00:00,DTU_2020_1007241_2_MG_RD_CPH_Sewage_691,Denmark,Copenhagen,55.6405,12.5058,Rensningsanlaeg Damhusaaen,70
1007241_2,Copenaghen_RD,Trichococcus,0.023853196,2020-06-04 00:00:00,DTU_2020_1007241_2_MG_RD_CPH_Sewage_691,Denmark,Copenhagen,55.6405,12.5058,Rensningsanlaeg Damhusaaen,70
1007241_2,Copenaghen_RD,UBA1413,2.25135e-05,2020-06-04 00:00:00,DTU_2020_1007241_2_MG_RD_CPH_Sewage_691,Denmark,Copenhagen,55.6405,12.5058,Rensningsanlaeg Damhusaaen,70
1007241_2,Copenaghen_RD,merged,0.329446635,2020-06-04 00:00:00,DTU_2020_1007241_2_MG_RD_CPH_Sewage_691,Denmark,Copenhagen,55.6405,12.5058,Rensningsanlaeg Damhusaaen,70
1007239_1,Copenaghen_RL,Acidovorax,0.195477561,2020-06-04 00:00:00,DTU_2020_1007239_1_MG_RL_CPH_Sewage_689,Denmark,Copenhagen,55.6956,12.6139,Rensningsanlaeg Lynetten,70
1007239_1,Copenaghen_RL,Acinetobacter,0.055927912,2020-06-04 00:00:00,DTU_2020_1007239_1_MG_RL_CPH_Sewage_689,Denmark,Copenhagen,55.6956,12.6139,Rensningsanlaeg Lynetten,70
1007239_1,Copenaghen_RL,Aeromonas,0.032351117,2020-06-04 00:00:00,DTU_2020_1007239_1_MG_RL_CPH_Sewage_689,Denmark,Copenhagen,55.6956,12.6139,Rensningsanlaeg Lynetten,70
1007239_1,Copenaghen_RL,Aliarcobacter,0.044909794,2020-06-04 00:00:00,DTU_2020_1007239_1_MG_RL_CPH_Sewage_689,Denmark,Copenhagen,55.6956,12.6139,Rensningsanlaeg Lynetten,70
1007239_1,Copenaghen_RL,Aquabacterium_A,0.000354593,2020-06-04 00:00:00,DTU_2020_1007239_1_MG_RL_CPH_Sewage_689,Denmark,Copenhagen,55.6956,12.6139,Rensningsanlaeg Lynetten,70
1007239_1,Copenaghen_RL,Bacteroides,0.012446541,2020-06-04 00:00:00,DTU_2020_1007239_1_MG_RL_CPH_Sewage_689,Denmark,Copenhagen,55.6956,12.6139,Rensningsanlaeg Lynetten,70
1007239_1,Copenaghen_RL,Brachymonas,0.010825069,2020-06-04 00:00:00,DTU_2020_1007239_1_MG_RL_CPH_Sewage_689,Denmark,Copenhagen,55.6956,12.6139,Rensningsanlaeg Lynetten,70
1007239_1,Copenaghen_RL,Brevefilum,6.48613e-06,2020-06-04 00:00:00,DTU_2020_1007239_1_MG_RL_CPH_Sewage_689,Denmark,Copenhagen,55.6956,12.6139,Rensningsanlaeg Lynetten,70
1007239_1,Copenaghen_RL,Brevundimonas,0.000563422,2020-06-04 00:00:00,DTU_2020_1007239_1_MG_RL_CPH_Sewage_689,Denmark,Copenhagen,55.6956,12.6139,Rensningsanlaeg Lynetten,70
1007239_1,Copenaghen_RL,Cloacibacterium,0.016896554,2020-06-04 00:00:00,DTU_2020_1007239_1_MG_RL_CPH_Sewage_689,Denmark,Copenhagen,55.6956,12.6139,Rensningsanlaeg Lynetten,70
1007239_1,Copenaghen_RL,Comamonas,0.016668311,2020-06-04 00:00:00,DTU_2020_1007239_1_MG_RL_CPH_Sewage_689,Denmark,Copenhagen,55.6956,12.6139,Rensningsanlaeg Lynetten,70
1007239_1,Copenaghen_RL,Competibacter_A,4.08373e-05,2020-06-04 00:00:00,DTU_2020_1007239_1_MG_RL_CPH_Sewage_689,Denmark,Copenhagen,55.6956,12.6139,Rensningsanlaeg Lynetten,70
1007239_1,Copenaghen_RL,Enterobacter,0.001084788,2020-06-04 00:00:00,DTU_2020_1007239_1_MG_RL_CPH_Sewage_689,Denmark,Copenhagen,55.6956,12.6139,Rensningsanlaeg Lynetten,70
1007239_1,Copenaghen_RL,Fermentibacter,4.51599e-05,2020-06-04 00:00:00,DTU_2020_1007239_1_MG_RL_CPH_Sewage_689,Denmark,Copenhagen,55.6956,12.6139,Rensningsanlaeg Lynetten,70
1007239_1,Copenaghen_RL,Flavobacterium,0.014424672,2020-06-04 00:00:00,DTU_2020_1007239_1_MG_RL_CPH_Sewage_689,Denmark,Copenhagen,55.6956,12.6139,Rensningsanlaeg Lynetten,70
1007239_1,Copenaghen_RL,Giesbergeria,0.019442332,2020-06-04 00:00:00,DTU_2020_1007239_1_MG_RL_CPH_Sewage_689,Denmark,Copenhagen,55.6956,12.6139,Rensningsanlaeg Lynetten,70
1007239_1,Copenaghen_RL,Hydrogenophaga,0.001270903,2020-06-04 00:00:00,DTU_2020_1007239_1_MG_RL_CPH_Sewage_689,Denmark,Copenhagen,55.6956,12.6139,Rensningsanlaeg Lynetten,70
1007239_1,Copenaghen_RL,JAGOYM01,0.012731339,2020-06-04 00:00:00,DTU_2020_1007239_1_MG_RL_CPH_Sewage_689,Denmark,Copenhagen,55.6956,12.6139,Rensningsanlaeg Lynetten,70
1007239_1,Copenaghen_RL,Janthinobacterium,0.000467343,2020-06-04 00:00:00,DTU_2020_1007239_1_MG_RL_CPH_Sewage_689,Denmark,Copenhagen,55.6956,12.6139,Rensningsanlaeg Lynetten,70
1007239_1,Copenaghen_RL,Kaistella,0.004622444,2020-06-04 00:00:00,DTU_2020_1007239_1_MG_RL_CPH_Sewage_689,Denmark,Copenhagen,55.6956,12.6139,Rensningsanlaeg Lynetten,70
1007239_1,Copenaghen_RL,Lactococcus_A,0.007948706,2020-06-04 00:00:00,DTU_2020_1007239_1_MG_RL_CPH_Sewage_689,Denmark,Copenhagen,55.6956,12.6139,Rensningsanlaeg Lynetten,70
1007239_1,Copenaghen_RL,Lenti-01,0.000140691,2020-06-04 00:00:00,DTU_2020_1007239_1_MG_RL_CPH_Sewage_689,Denmark,Copenhagen,55.6956,12.6139,Rensningsanlaeg Lynetten,70
1007239_1,Copenaghen_RL,Microthrix,4.144e-05,2020-06-04 00:00:00,DTU_2020_1007239_1_MG_RL_CPH_Sewage_689,Denmark,Copenhagen,55.6956,12.6139,Rensningsanlaeg Lynetten,70
1007239_1,Copenaghen_RL,Moraxella_A,0.007163676,2020-06-04 00:00:00,DTU_2020_1007239_1_MG_RL_CPH_Sewage_689,Denmark,Copenhagen,55.6956,12.6139,Rensningsanlaeg Lynetten,70
1007239_1,Copenaghen_RL,Neisseria,0.017416594,2020-06-04 00:00:00,DTU_2020_1007239_1_MG_RL_CPH_Sewage_689,Denmark,Copenhagen,55.6956,12.6139,Rensningsanlaeg Lynetten,70
1007239_1,Copenaghen_RL,Novosphingobium,0.000323197,2020-06-04 00:00:00,DTU_2020_1007239_1_MG_RL_CPH_Sewage_689,Denmark,Copenhagen,55.6956,12.6139,Rensningsanlaeg Lynetten,70
1007239_1,Copenaghen_RL,Ottowia,0.028022789,2020-06-04 00:00:00,DTU_2020_1007239_1_MG_RL_CPH_Sewage_689,Denmark,Copenhagen,55.6956,12.6139,Rensningsanlaeg Lynetten,70
1007239_1,Copenaghen_RL,Paracoccus,0.00188789,2020-06-04 00:00:00,DTU_2020_1007239_1_MG_RL_CPH_Sewage_689,Denmark,Copenhagen,55.6956,12.6139,Rensningsanlaeg Lynetten,70
1007239_1,Copenaghen_RL,Phocaeicola,0.012858324,2020-06-04 00:00:00,DTU_2020_1007239_1_MG_RL_CPH_Sewage_689,Denmark,Copenhagen,55.6956,12.6139,Rensningsanlaeg Lynetten,70
1007239_1,Copenaghen_RL,Prevotella,0.036453116,2020-06-04 00:00:00,DTU_2020_1007239_1_MG_RL_CPH_Sewage_689,Denmark,Copenhagen,55.6956,12.6139,Rensningsanlaeg Lynetten,70
1007239_1,Copenaghen_RL,Propionivibrio,0.009571187,2020-06-04 00:00:00,DTU_2020_1007239_1_MG_RL_CPH_Sewage_689,Denmark,Copenhagen,55.6956,12.6139,Rensningsanlaeg Lynetten,70
1007239_1,Copenaghen_RL,Pseudomonas_E,0.013525167,2020-06-04 00:00:00,DTU_2020_1007239_1_MG_RL_CPH_Sewage_689,Denmark,Copenhagen,55.6956,12.6139,Rensningsanlaeg Lynetten,70
1007239_1,Copenaghen_RL,Pseudoxanthomonas,0.002636892,2020-06-04 00:00:00,DTU_2020_1007239_1_MG_RL_CPH_Sewage_689,Denmark,Copenhagen,55.6956,12.6139,Rensningsanlaeg Lynetten,70
1007239_1,Copenaghen_RL,Pseudoxanthomonas_A,0.003924258,2020-06-04 00:00:00,DTU_2020_1007239_1_MG_RL_CPH_Sewage_689,Denmark,Copenhagen,55.6956,12.6139,Rensningsanlaeg Lynetten,70
1007239_1,Copenaghen_RL,Psychrobacter,0.00557324,2020-06-04 00:00:00,DTU_2020_1007239_1_MG_RL_CPH_Sewage_689,Denmark,Copenhagen,55.6956,12.6139,Rensningsanlaeg Lynetten,70
1007239_1,Copenaghen_RL,Rubrivivax,0.000269934,2020-06-04 00:00:00,DTU_2020_1007239_1_MG_RL_CPH_Sewage_689,Denmark,Copenhagen,55.6956,12.6139,Rensningsanlaeg Lynetten,70
1007239_1,Copenaghen_RL,Streptococcus,0.008649466,2020-06-04 00:00:00,DTU_2020_1007239_1_MG_RL_CPH_Sewage_689,Denmark,Copenhagen,55.6956,12.6139,Rensningsanlaeg Lynetten,70
1007239_1,Copenaghen_RL,Telluria,0.000402664,2020-06-04 00:00:00,DTU_2020_1007239_1_MG_RL_CPH_Sewage_689,Denmark,Copenhagen,55.6956,12.6139,Rensningsanlaeg Lynetten,70
1007239_1,Copenaghen_RL,Thauera,0.012612187,2020-06-04 00:00:00,DTU_2020_1007239_1_MG_RL_CPH_Sewage_689,Denmark,Copenhagen,55.6956,12.6139,Rensningsanlaeg Lynetten,70
1007239_1,Copenaghen_RL,Thermomonas,0.005409554,2020-06-04 00:00:00,DTU_2020_1007239_1_MG_RL_CPH_Sewage_689,Denmark,Copenhagen,55.6956,12.6139,Rensningsanlaeg Lynetten,70
1007239_1,Copenaghen_RL,Thiothrix,0.000741246,2020-06-04 00:00:00,DTU_2020_1007239_1_MG_RL_CPH_Sewage_689,Denmark,Copenhagen,55.6956,12.6139,Rensningsanlaeg Lynetten,70
1007239_1,Copenaghen_RL,Tolumonas,0.005976539,2020-06-04 00:00:00,DTU_2020_1007239_1_MG_RL_CPH_Sewage_689,Denmark,Copenhagen,55.6956,12.6139,Rensningsanlaeg Lynetten,70
1007239_1,Copenaghen_RL,Trichococcus,0.005584545,2020-06-04 00:00:00,DTU_2020_1007239_1_MG_RL_CPH_Sewage_689,Denmark,Copenhagen,55.6956,12.6139,Rensningsanlaeg Lynetten,70
1007239_1,Copenaghen_RL,UBA1413,1.76447e-05,2020-06-04 00:00:00,DTU_2020_1007239_1_MG_RL_CPH_Sewage_689,Denmark,Copenhagen,55.6956,12.6139,Rensningsanlaeg Lynetten,70
1007239_1,Copenaghen_RL,merged,0.372291875,2020-06-04 00:00:00,DTU_2020_1007239_1_MG_RL_CPH_Sewage_689,Denmark,Copenhagen,55.6956,12.6139,Rensningsanlaeg Lynetten,70
1007243_1,Copenaghen_RA,Acidovorax,0.171825213,2020-06-10 00:00:00,DTU_2020_1007243_1_MG_RA_CPH_Sewage_696,Denmark,Copenhagen,55.6085,12.4505,Rensningsanlaeg Avedoere,71
1007243_1,Copenaghen_RA,Acinetobacter,0.045889755,2020-06-10 00:00:00,DTU_2020_1007243_1_MG_RA_CPH_Sewage_696,Denmark,Copenhagen,55.6085,12.4505,Rensningsanlaeg Avedoere,71
1007243_1,Copenaghen_RA,Aeromonas,0.003661127,2020-06-10 00:00:00,DTU_2020_1007243_1_MG_RA_CPH_Sewage_696,Denmark,Copenhagen,55.6085,12.4505,Rensningsanlaeg Avedoere,71
1007243_1,Copenaghen_RA,Aliarcobacter,0.020777104,2020-06-10 00:00:00,DTU_2020_1007243_1_MG_RA_CPH_Sewage_696,Denmark,Copenhagen,55.6085,12.4505,Rensningsanlaeg Avedoere,71
1007243_1,Copenaghen_RA,Aquabacterium_A,0.000222659,2020-06-10 00:00:00,DTU_2020_1007243_1_MG_RA_CPH_Sewage_696,Denmark,Copenhagen,55.6085,12.4505,Rensningsanlaeg Avedoere,71
1007243_1,Copenaghen_RA,Bacteroides,0.00285052,2020-06-10 00:00:00,DTU_2020_1007243_1_MG_RA_CPH_Sewage_696,Denmark,Copenhagen,55.6085,12.4505,Rensningsanlaeg Avedoere,71
1007243_1,Copenaghen_RA,Brachymonas,0.01933951,2020-06-10 00:00:00,DTU_2020_1007243_1_MG_RA_CPH_Sewage_696,Denmark,Copenhagen,55.6085,12.4505,Rensningsanlaeg Avedoere,71
1007243_1,Copenaghen_RA,Brevefilum,9.82043e-06,2020-06-10 00:00:00,DTU_2020_1007243_1_MG_RA_CPH_Sewage_696,Denmark,Copenhagen,55.6085,12.4505,Rensningsanlaeg Avedoere,71
1007243_1,Copenaghen_RA,Brevundimonas,0.004118888,2020-06-10 00:00:00,DTU_2020_1007243_1_MG_RA_CPH_Sewage_696,Denmark,Copenhagen,55.6085,12.4505,Rensningsanlaeg Avedoere,71
1007243_1,Copenaghen_RA,Cloacibacterium,0.01526484,2020-06-10 00:00:00,DTU_2020_1007243_1_MG_RA_CPH_Sewage_696,Denmark,Copenhagen,55.6085,12.4505,Rensningsanlaeg Avedoere,71
1007243_1,Copenaghen_RA,Comamonas,0.023876231,2020-06-10 00:00:00,DTU_2020_1007243_1_MG_RA_CPH_Sewage_696,Denmark,Copenhagen,55.6085,12.4505,Rensningsanlaeg Avedoere,71
1007243_1,Copenaghen_RA,Competibacter_A,4.67433e-05,2020-06-10 00:00:00,DTU_2020_1007243_1_MG_RA_CPH_Sewage_696,Denmark,Copenhagen,55.6085,12.4505,Rensningsanlaeg Avedoere,71
1007243_1,Copenaghen_RA,Enterobacter,0.000441873,2020-06-10 00:00:00,DTU_2020_1007243_1_MG_RA_CPH_Sewage_696,Denmark,Copenhagen,55.6085,12.4505,Rensningsanlaeg Avedoere,71
1007243_1,Copenaghen_RA,Fermentibacter,1.1185e-05,2020-06-10 00:00:00,DTU_2020_1007243_1_MG_RA_CPH_Sewage_696,Denmark,Copenhagen,55.6085,12.4505,Rensningsanlaeg Avedoere,71
1007243_1,Copenaghen_RA,Flavobacterium,0.006221642,2020-06-10 00:00:00,DTU_2020_1007243_1_MG_RA_CPH_Sewage_696,Denmark,Copenhagen,55.6085,12.4505,Rensningsanlaeg Avedoere,71
1007243_1,Copenaghen_RA,Giesbergeria,0.021548114,2020-06-10 00:00:00,DTU_2020_1007243_1_MG_RA_CPH_Sewage_696,Denmark,Copenhagen,55.6085,12.4505,Rensningsanlaeg Avedoere,71
1007243_1,Copenaghen_RA,Hydrogenophaga,0.001242781,2020-06-10 00:00:00,DTU_2020_1007243_1_MG_RA_CPH_Sewage_696,Denmark,Copenhagen,55.6085,12.4505,Rensningsanlaeg Avedoere,71
1007243_1,Copenaghen_RA,JAGOYM01,0.021239405,2020-06-10 00:00:00,DTU_2020_1007243_1_MG_RA_CPH_Sewage_696,Denmark,Copenhagen,55.6085,12.4505,Rensningsanlaeg Avedoere,71
1007243_1,Copenaghen_RA,Janthinobacterium,0.000602431,2020-06-10 00:00:00,DTU_2020_1007243_1_MG_RA_CPH_Sewage_696,Denmark,Copenhagen,55.6085,12.4505,Rensningsanlaeg Avedoere,71
1007243_1,Copenaghen_RA,Kaistella,0.007659991,2020-06-10 00:00:00,DTU_2020_1007243_1_MG_RA_CPH_Sewage_696,Denmark,Copenhagen,55.6085,12.4505,Rensningsanlaeg Avedoere,71
1007243_1,Copenaghen_RA,Lactococcus_A,0.018610467,2020-06-10 00:00:00,DTU_2020_1007243_1_MG_RA_CPH_Sewage_696,Denmark,Copenhagen,55.6085,12.4505,Rensningsanlaeg Avedoere,71
1007243_1,Copenaghen_RA,Lenti-01,0.000424447,2020-06-10 00:00:00,DTU_2020_1007243_1_MG_RA_CPH_Sewage_696,Denmark,Copenhagen,55.6085,12.4505,Rensningsanlaeg Avedoere,71
1007243_1,Copenaghen_RA,Microthrix,8.37009e-05,2020-06-10 00:00:00,DTU_2020_1007243_1_MG_RA_CPH_Sewage_696,Denmark,Copenhagen,55.6085,12.4505,Rensningsanlaeg Avedoere,71
1007243_1,Copenaghen_RA,Moraxella_A,0.003217922,2020-06-10 00:00:00,DTU_2020_1007243_1_MG_RA_CPH_Sewage_696,Denmark,Copenhagen,55.6085,12.4505,Rensningsanlaeg Avedoere,71
1007243_1,Copenaghen_RA,Neisseria,0.02646378,2020-06-10 00:00:00,DTU_2020_1007243_1_MG_RA_CPH_Sewage_696,Denmark,Copenhagen,55.6085,12.4505,Rensningsanlaeg Avedoere,71
1007243_1,Copenaghen_RA,Novosphingobium,0.00070082,2020-06-10 00:00:00,DTU_2020_1007243_1_MG_RA_CPH_Sewage_696,Denmark,Copenhagen,55.6085,12.4505,Rensningsanlaeg Avedoere,71
1007243_1,Copenaghen_RA,Ottowia,0.032636744,2020-06-10 00:00:00,DTU_2020_1007243_1_MG_RA_CPH_Sewage_696,Denmark,Copenhagen,55.6085,12.4505,Rensningsanlaeg Avedoere,71
1007243_1,Copenaghen_RA,Paracoccus,0.001862905,2020-06-10 00:00:00,DTU_2020_1007243_1_MG_RA_CPH_Sewage_696,Denmark,Copenhagen,55.6085,12.4505,Rensningsanlaeg Avedoere,71
1007243_1,Copenaghen_RA,Phocaeicola,0.002432267,2020-06-10 00:00:00,DTU_2020_1007243_1_MG_RA_CPH_Sewage_696,Denmark,Copenhagen,55.6085,12.4505,Rensningsanlaeg Avedoere,71
1007243_1,Copenaghen_RA,Prevotella,0.005235808,2020-06-10 00:00:00,DTU_2020_1007243_1_MG_RA_CPH_Sewage_696,Denmark,Copenhagen,55.6085,12.4505,Rensningsanlaeg Avedoere,71
1007243_1,Copenaghen_RA,Propionivibrio,0.009256765,2020-06-10 00:00:00,DTU_2020_1007243_1_MG_RA_CPH_Sewage_696,Denmark,Copenhagen,55.6085,12.4505,Rensningsanlaeg Avedoere,71
1007243_1,Copenaghen_RA,Pseudomonas_E,0.019728438,2020-06-10 00:00:00,DTU_2020_1007243_1_MG_RA_CPH_Sewage_696,Denmark,Copenhagen,55.6085,12.4505,Rensningsanlaeg Avedoere,71
1007243_1,Copenaghen_RA,Pseudoxanthomonas,0.003743692,2020-06-10 00:00:00,DTU_2020_1007243_1_MG_RA_CPH_Sewage_696,Denmark,Copenhagen,55.6085,12.4505,Rensningsanlaeg Avedoere,71
1007243_1,Copenaghen_RA,Pseudoxanthomonas_A,0.015574459,2020-06-10 00:00:00,DTU_2020_1007243_1_MG_RA_CPH_Sewage_696,Denmark,Copenhagen,55.6085,12.4505,Rensningsanlaeg Avedoere,71
1007243_1,Copenaghen_RA,Psychrobacter,0.01287748,2020-06-10 00:00:00,DTU_2020_1007243_1_MG_RA_CPH_Sewage_696,Denmark,Copenhagen,55.6085,12.4505,Rensningsanlaeg Avedoere,71
1007243_1,Copenaghen_RA,Rubrivivax,0.000205499,2020-06-10 00:00:00,DTU_2020_1007243_1_MG_RA_CPH_Sewage_696,Denmark,Copenhagen,55.6085,12.4505,Rensningsanlaeg Avedoere,71
1007243_1,Copenaghen_RA,Streptococcus,0.009398491,2020-06-10 00:00:00,DTU_2020_1007243_1_MG_RA_CPH_Sewage_696,Denmark,Copenhagen,55.6085,12.4505,Rensningsanlaeg Avedoere,71
1007243_1,Copenaghen_RA,Telluria,0.000923064,2020-06-10 00:00:00,DTU_2020_1007243_1_MG_RA_CPH_Sewage_696,Denmark,Copenhagen,55.6085,12.4505,Rensningsanlaeg Avedoere,71
1007243_1,Copenaghen_RA,Thauera,0.03454096,2020-06-10 00:00:00,DTU_2020_1007243_1_MG_RA_CPH_Sewage_696,Denmark,Copenhagen,55.6085,12.4505,Rensningsanlaeg Avedoere,71
1007243_1,Copenaghen_RA,Thermomonas,0.007161336,2020-06-10 00:00:00,DTU_2020_1007243_1_MG_RA_CPH_Sewage_696,Denmark,Copenhagen,55.6085,12.4505,Rensningsanlaeg Avedoere,71
1007243_1,Copenaghen_RA,Thiothrix,0.002913396,2020-06-10 00:00:00,DTU_2020_1007243_1_MG_RA_CPH_Sewage_696,Denmark,Copenhagen,55.6085,12.4505,Rensningsanlaeg Avedoere,71
1007243_1,Copenaghen_RA,Tolumonas,0.001925603,2020-06-10 00:00:00,DTU_2020_1007243_1_MG_RA_CPH_Sewage_696,Denmark,Copenhagen,55.6085,12.4505,Rensningsanlaeg Avedoere,71
1007243_1,Copenaghen_RA,Trichococcus,0.01569793,2020-06-10 00:00:00,DTU_2020_1007243_1_MG_RA_CPH_Sewage_696,Denmark,Copenhagen,55.6085,12.4505,Rensningsanlaeg Avedoere,71
1007243_1,Copenaghen_RA,UBA1413,5.40662e-06,2020-06-10 00:00:00,DTU_2020_1007243_1_MG_RA_CPH_Sewage_696,Denmark,Copenhagen,55.6085,12.4505,Rensningsanlaeg Avedoere,71
1007243_1,Copenaghen_RA,merged,0.407528789,2020-06-10 00:00:00,DTU_2020_1007243_1_MG_RA_CPH_Sewage_696,Denmark,Copenhagen,55.6085,12.4505,Rensningsanlaeg Avedoere,71
1007244_1,Copenaghen_RD,Acidovorax,0.223665935,2020-06-10 00:00:00,DTU_2020_1007244_1_MG_RD_CPH_Sewage_697,Denmark,Copenhagen,55.6405,12.5058,Rensningsanlaeg Damhusaaen,71
1007244_1,Copenaghen_RD,Acinetobacter,0.037592689,2020-06-10 00:00:00,DTU_2020_1007244_1_MG_RD_CPH_Sewage_697,Denmark,Copenhagen,55.6405,12.5058,Rensningsanlaeg Damhusaaen,71
1007244_1,Copenaghen_RD,Aeromonas,0.008396805,2020-06-10 00:00:00,DTU_2020_1007244_1_MG_RD_CPH_Sewage_697,Denmark,Copenhagen,55.6405,12.5058,Rensningsanlaeg Damhusaaen,71
1007244_1,Copenaghen_RD,Aliarcobacter,0.027837255,2020-06-10 00:00:00,DTU_2020_1007244_1_MG_RD_CPH_Sewage_697,Denmark,Copenhagen,55.6405,12.5058,Rensningsanlaeg Damhusaaen,71
1007244_1,Copenaghen_RD,Aquabacterium_A,0.00032952,2020-06-10 00:00:00,DTU_2020_1007244_1_MG_RD_CPH_Sewage_697,Denmark,Copenhagen,55.6405,12.5058,Rensningsanlaeg Damhusaaen,71
1007244_1,Copenaghen_RD,Bacteroides,0.006804234,2020-06-10 00:00:00,DTU_2020_1007244_1_MG_RD_CPH_Sewage_697,Denmark,Copenhagen,55.6405,12.5058,Rensningsanlaeg Damhusaaen,71
1007244_1,Copenaghen_RD,Brachymonas,0.027125079,2020-06-10 00:00:00,DTU_2020_1007244_1_MG_RD_CPH_Sewage_697,Denmark,Copenhagen,55.6405,12.5058,Rensningsanlaeg Damhusaaen,71
1007244_1,Copenaghen_RD,Brevefilum,7.74063e-06,2020-06-10 00:00:00,DTU_2020_1007244_1_MG_RD_CPH_Sewage_697,Denmark,Copenhagen,55.6405,12.5058,Rensningsanlaeg Damhusaaen,71
1007244_1,Copenaghen_RD,Brevundimonas,0.000603026,2020-06-10 00:00:00,DTU_2020_1007244_1_MG_RD_CPH_Sewage_697,Denmark,Copenhagen,55.6405,12.5058,Rensningsanlaeg Damhusaaen,71
1007244_1,Copenaghen_RD,Cloacibacterium,0.024009609,2020-06-10 00:00:00,DTU_2020_1007244_1_MG_RD_CPH_Sewage_697,Denmark,Copenhagen,55.6405,12.5058,Rensningsanlaeg Damhusaaen,71
1007244_1,Copenaghen_RD,Comamonas,0.022800793,2020-06-10 00:00:00,DTU_2020_1007244_1_MG_RD_CPH_Sewage_697,Denmark,Copenhagen,55.6405,12.5058,Rensningsanlaeg Damhusaaen,71
1007244_1,Copenaghen_RD,Competibacter_A,7.08841e-05,2020-06-10 00:00:00,DTU_2020_1007244_1_MG_RD_CPH_Sewage_697,Denmark,Copenhagen,55.6405,12.5058,Rensningsanlaeg Damhusaaen,71
1007244_1,Copenaghen_RD,Enterobacter,0.002194607,2020-06-10 00:00:00,DTU_2020_1007244_1_MG_RD_CPH_Sewage_697,Denmark,Copenhagen,55.6405,12.5058,Rensningsanlaeg Damhusaaen,71
1007244_1,Copenaghen_RD,Fermentibacter,7.85857e-06,2020-06-10 00:00:00,DTU_2020_1007244_1_MG_RD_CPH_Sewage_697,Denmark,Copenhagen,55.6405,12.5058,Rensningsanlaeg Damhusaaen,71
1007244_1,Copenaghen_RD,Flavobacterium,0.020748428,2020-06-10 00:00:00,DTU_2020_1007244_1_MG_RD_CPH_Sewage_697,Denmark,Copenhagen,55.6405,12.5058,Rensningsanlaeg Damhusaaen,71
1007244_1,Copenaghen_RD,Giesbergeria,0.02061727,2020-06-10 00:00:00,DTU_2020_1007244_1_MG_RD_CPH_Sewage_697,Denmark,Copenhagen,55.6405,12.5058,Rensningsanlaeg Damhusaaen,71
1007244_1,Copenaghen_RD,Hydrogenophaga,0.001269365,2020-06-10 00:00:00,DTU_2020_1007244_1_MG_RD_CPH_Sewage_697,Denmark,Copenhagen,55.6405,12.5058,Rensningsanlaeg Damhusaaen,71
1007244_1,Copenaghen_RD,JAGOYM01,0.010721441,2020-06-10 00:00:00,DTU_2020_1007244_1_MG_RD_CPH_Sewage_697,Denmark,Copenhagen,55.6405,12.5058,Rensningsanlaeg Damhusaaen,71
1007244_1,Copenaghen_RD,Janthinobacterium,0.000674347,2020-06-10 00:00:00,DTU_2020_1007244_1_MG_RD_CPH_Sewage_697,Denmark,Copenhagen,55.6405,12.5058,Rensningsanlaeg Damhusaaen,71
1007244_1,Copenaghen_RD,Kaistella,0.008282306,2020-06-10 00:00:00,DTU_2020_1007244_1_MG_RD_CPH_Sewage_697,Denmark,Copenhagen,55.6405,12.5058,Rensningsanlaeg Damhusaaen,71
1007244_1,Copenaghen_RD,Lactococcus_A,0.013741202,2020-06-10 00:00:00,DTU_2020_1007244_1_MG_RD_CPH_Sewage_697,Denmark,Copenhagen,55.6405,12.5058,Rensningsanlaeg Damhusaaen,71
1007244_1,Copenaghen_RD,Lenti-01,0.000206257,2020-06-10 00:00:00,DTU_2020_1007244_1_MG_RD_CPH_Sewage_697,Denmark,Copenhagen,55.6405,12.5058,Rensningsanlaeg Damhusaaen,71
1007244_1,Copenaghen_RD,Microthrix,9.1115e-05,2020-06-10 00:00:00,DTU_2020_1007244_1_MG_RD_CPH_Sewage_697,Denmark,Copenhagen,55.6405,12.5058,Rensningsanlaeg Damhusaaen,71
1007244_1,Copenaghen_RD,Moraxella_A,0.004000129,2020-06-10 00:00:00,DTU_2020_1007244_1_MG_RD_CPH_Sewage_697,Denmark,Copenhagen,55.6405,12.5058,Rensningsanlaeg Damhusaaen,71
1007244_1,Copenaghen_RD,Neisseria,0.020260184,2020-06-10 00:00:00,DTU_2020_1007244_1_MG_RD_CPH_Sewage_697,Denmark,Copenhagen,55.6405,12.5058,Rensningsanlaeg Damhusaaen,71
1007244_1,Copenaghen_RD,Novosphingobium,0.000288462,2020-06-10 00:00:00,DTU_2020_1007244_1_MG_RD_CPH_Sewage_697,Denmark,Copenhagen,55.6405,12.5058,Rensningsanlaeg Damhusaaen,71
1007244_1,Copenaghen_RD,Ottowia,0.032482657,2020-06-10 00:00:00,DTU_2020_1007244_1_MG_RD_CPH_Sewage_697,Denmark,Copenhagen,55.6405,12.5058,Rensningsanlaeg Damhusaaen,71
1007244_1,Copenaghen_RD,Paracoccus,0.001130848,2020-06-10 00:00:00,DTU_2020_1007244_1_MG_RD_CPH_Sewage_697,Denmark,Copenhagen,55.6405,12.5058,Rensningsanlaeg Damhusaaen,71
1007244_1,Copenaghen_RD,Phocaeicola,0.030119695,2020-06-10 00:00:00,DTU_2020_1007244_1_MG_RD_CPH_Sewage_697,Denmark,Copenhagen,55.6405,12.5058,Rensningsanlaeg Damhusaaen,71
1007244_1,Copenaghen_RD,Prevotella,0.019912521,2020-06-10 00:00:00,DTU_2020_1007244_1_MG_RD_CPH_Sewage_697,Denmark,Copenhagen,55.6405,12.5058,Rensningsanlaeg Damhusaaen,71
1007244_1,Copenaghen_RD,Propionivibrio,0.005505841,2020-06-10 00:00:00,DTU_2020_1007244_1_MG_RD_CPH_Sewage_697,Denmark,Copenhagen,55.6405,12.5058,Rensningsanlaeg Damhusaaen,71
1007244_1,Copenaghen_RD,Pseudomonas_E,0.009418941,2020-06-10 00:00:00,DTU_2020_1007244_1_MG_RD_CPH_Sewage_697,Denmark,Copenhagen,55.6405,12.5058,Rensningsanlaeg Damhusaaen,71
1007244_1,Copenaghen_RD,Pseudoxanthomonas,0.003167353,2020-06-10 00:00:00,DTU_2020_1007244_1_MG_RD_CPH_Sewage_697,Denmark,Copenhagen,55.6405,12.5058,Rensningsanlaeg Damhusaaen,71
1007244_1,Copenaghen_RD,Pseudoxanthomonas_A,0.009343805,2020-06-10 00:00:00,DTU_2020_1007244_1_MG_RD_CPH_Sewage_697,Denmark,Copenhagen,55.6405,12.5058,Rensningsanlaeg Damhusaaen,71
1007244_1,Copenaghen_RD,Psychrobacter,0.007632309,2020-06-10 00:00:00,DTU_2020_1007244_1_MG_RD_CPH_Sewage_697,Denmark,Copenhagen,55.6405,12.5058,Rensningsanlaeg Damhusaaen,71
1007244_1,Copenaghen_RD,Rubrivivax,0.00055432,2020-06-10 00:00:00,DTU_2020_1007244_1_MG_RD_CPH_Sewage_697,Denmark,Copenhagen,55.6405,12.5058,Rensningsanlaeg Damhusaaen,71
1007244_1,Copenaghen_RD,Streptococcus,0.01505314,2020-06-10 00:00:00,DTU_2020_1007244_1_MG_RD_CPH_Sewage_697,Denmark,Copenhagen,55.6405,12.5058,Rensningsanlaeg Damhusaaen,71
1007244_1,Copenaghen_RD,Telluria,0.000657421,2020-06-10 00:00:00,DTU_2020_1007244_1_MG_RD_CPH_Sewage_697,Denmark,Copenhagen,55.6405,12.5058,Rensningsanlaeg Damhusaaen,71
1007244_1,Copenaghen_RD,Thauera,0.014603024,2020-06-10 00:00:00,DTU_2020_1007244_1_MG_RD_CPH_Sewage_697,Denmark,Copenhagen,55.6405,12.5058,Rensningsanlaeg Damhusaaen,71
1007244_1,Copenaghen_RD,Thermomonas,0.005584813,2020-06-10 00:00:00,DTU_2020_1007244_1_MG_RD_CPH_Sewage_697,Denmark,Copenhagen,55.6405,12.5058,Rensningsanlaeg Damhusaaen,71
1007244_1,Copenaghen_RD,Thiothrix,0.000740487,2020-06-10 00:00:00,DTU_2020_1007244_1_MG_RD_CPH_Sewage_697,Denmark,Copenhagen,55.6405,12.5058,Rensningsanlaeg Damhusaaen,71
1007244_1,Copenaghen_RD,Tolumonas,0.001415646,2020-06-10 00:00:00,DTU_2020_1007244_1_MG_RD_CPH_Sewage_697,Denmark,Copenhagen,55.6405,12.5058,Rensningsanlaeg Damhusaaen,71
1007244_1,Copenaghen_RD,Trichococcus,0.009327801,2020-06-10 00:00:00,DTU_2020_1007244_1_MG_RD_CPH_Sewage_697,Denmark,Copenhagen,55.6405,12.5058,Rensningsanlaeg Damhusaaen,71
1007244_1,Copenaghen_RD,UBA1413,7.16771e-06,2020-06-10 00:00:00,DTU_2020_1007244_1_MG_RD_CPH_Sewage_697,Denmark,Copenhagen,55.6405,12.5058,Rensningsanlaeg Damhusaaen,71
1007244_1,Copenaghen_RD,merged,0.350995668,2020-06-10 00:00:00,DTU_2020_1007244_1_MG_RD_CPH_Sewage_697,Denmark,Copenhagen,55.6405,12.5058,Rensningsanlaeg Damhusaaen,71
1007242_2,Copenaghen_RL,Acidovorax,0.2983798,2020-06-10 00:00:00,DTU_2020_1007242_2_MG_RL_CPH_Sewage_695,Denmark,Copenhagen,55.6956,12.6139,Rensningsanlaeg Lynetten,71
1007242_2,Copenaghen_RL,Acinetobacter,0.043132479,2020-06-10 00:00:00,DTU_2020_1007242_2_MG_RL_CPH_Sewage_695,Denmark,Copenhagen,55.6956,12.6139,Rensningsanlaeg Lynetten,71
1007242_2,Copenaghen_RL,Aeromonas,0.010355105,2020-06-10 00:00:00,DTU_2020_1007242_2_MG_RL_CPH_Sewage_695,Denmark,Copenhagen,55.6956,12.6139,Rensningsanlaeg Lynetten,71
1007242_2,Copenaghen_RL,Aliarcobacter,0.029979447,2020-06-10 00:00:00,DTU_2020_1007242_2_MG_RL_CPH_Sewage_695,Denmark,Copenhagen,55.6956,12.6139,Rensningsanlaeg Lynetten,71
1007242_2,Copenaghen_RL,Aquabacterium_A,0.000218145,2020-06-10 00:00:00,DTU_2020_1007242_2_MG_RL_CPH_Sewage_695,Denmark,Copenhagen,55.6956,12.6139,Rensningsanlaeg Lynetten,71
1007242_2,Copenaghen_RL,Bacteroides,0.003086944,2020-06-10 00:00:00,DTU_2020_1007242_2_MG_RL_CPH_Sewage_695,Denmark,Copenhagen,55.6956,12.6139,Rensningsanlaeg Lynetten,71
1007242_2,Copenaghen_RL,Brachymonas,0.030046118,2020-06-10 00:00:00,DTU_2020_1007242_2_MG_RL_CPH_Sewage_695,Denmark,Copenhagen,55.6956,12.6139,Rensningsanlaeg Lynetten,71
1007242_2,Copenaghen_RL,Brevefilum,0.000161495,2020-06-10 00:00:00,DTU_2020_1007242_2_MG_RL_CPH_Sewage_695,Denmark,Copenhagen,55.6956,12.6139,Rensningsanlaeg Lynetten,71
1007242_2,Copenaghen_RL,Brevundimonas,0.001202282,2020-06-10 00:00:00,DTU_2020_1007242_2_MG_RL_CPH_Sewage_695,Denmark,Copenhagen,55.6956,12.6139,Rensningsanlaeg Lynetten,71
1007242_2,Copenaghen_RL,Cloacibacterium,0.020728423,2020-06-10 00:00:00,DTU_2020_1007242_2_MG_RL_CPH_Sewage_695,Denmark,Copenhagen,55.6956,12.6139,Rensningsanlaeg Lynetten,71
1007242_2,Copenaghen_RL,Comamonas,0.058761003,2020-06-10 00:00:00,DTU_2020_1007242_2_MG_RL_CPH_Sewage_695,Denmark,Copenhagen,55.6956,12.6139,Rensningsanlaeg Lynetten,71
1007242_2,Copenaghen_RL,Competibacter_A,2.35306e-05,2020-06-10 00:00:00,DTU_2020_1007242_2_MG_RL_CPH_Sewage_695,Denmark,Copenhagen,55.6956,12.6139,Rensningsanlaeg Lynetten,71
1007242_2,Copenaghen_RL,Enterobacter,0.000618404,2020-06-10 00:00:00,DTU_2020_1007242_2_MG_RL_CPH_Sewage_695,Denmark,Copenhagen,55.6956,12.6139,Rensningsanlaeg Lynetten,71
1007242_2,Copenaghen_RL,Fermentibacter,8.19744e-06,2020-06-10 00:00:00,DTU_2020_1007242_2_MG_RL_CPH_Sewage_695,Denmark,Copenhagen,55.6956,12.6139,Rensningsanlaeg Lynetten,71
1007242_2,Copenaghen_RL,Flavobacterium,0.008836831,2020-06-10 00:00:00,DTU_2020_1007242_2_MG_RL_CPH_Sewage_695,Denmark,Copenhagen,55.6956,12.6139,Rensningsanlaeg Lynetten,71
1007242_2,Copenaghen_RL,Giesbergeria,0.015309933,2020-06-10 00:00:00,DTU_2020_1007242_2_MG_RL_CPH_Sewage_695,Denmark,Copenhagen,55.6956,12.6139,Rensningsanlaeg Lynetten,71
1007242_2,Copenaghen_RL,Hydrogenophaga,0.000731295,2020-06-10 00:00:00,DTU_2020_1007242_2_MG_RL_CPH_Sewage_695,Denmark,Copenhagen,55.6956,12.6139,Rensningsanlaeg Lynetten,71
1007242_2,Copenaghen_RL,JAGOYM01,0.005524758,2020-06-10 00:00:00,DTU_2020_1007242_2_MG_RL_CPH_Sewage_695,Denmark,Copenhagen,55.6956,12.6139,Rensningsanlaeg Lynetten,71
1007242_2,Copenaghen_RL,Janthinobacterium,0.000699135,2020-06-10 00:00:00,DTU_2020_1007242_2_MG_RL_CPH_Sewage_695,Denmark,Copenhagen,55.6956,12.6139,Rensningsanlaeg Lynetten,71
1007242_2,Copenaghen_RL,Kaistella,0.003544411,2020-06-10 00:00:00,DTU_2020_1007242_2_MG_RL_CPH_Sewage_695,Denmark,Copenhagen,55.6956,12.6139,Rensningsanlaeg Lynetten,71
1007242_2,Copenaghen_RL,Lactococcus_A,0.006818584,2020-06-10 00:00:00,DTU_2020_1007242_2_MG_RL_CPH_Sewage_695,Denmark,Copenhagen,55.6956,12.6139,Rensningsanlaeg Lynetten,71
1007242_2,Copenaghen_RL,Lenti-01,0.000135329,2020-06-10 00:00:00,DTU_2020_1007242_2_MG_RL_CPH_Sewage_695,Denmark,Copenhagen,55.6956,12.6139,Rensningsanlaeg Lynetten,71
1007242_2,Copenaghen_RL,Microthrix,0.000100228,2020-06-10 00:00:00,DTU_2020_1007242_2_MG_RL_CPH_Sewage_695,Denmark,Copenhagen,55.6956,12.6139,Rensningsanlaeg Lynetten,71
1007242_2,Copenaghen_RL,Moraxella_A,0.005477489,2020-06-10 00:00:00,DTU_2020_1007242_2_MG_RL_CPH_Sewage_695,Denmark,Copenhagen,55.6956,12.6139,Rensningsanlaeg Lynetten,71
1007242_2,Copenaghen_RL,Neisseria,0.026734996,2020-06-10 00:00:00,DTU_2020_1007242_2_MG_RL_CPH_Sewage_695,Denmark,Copenhagen,55.6956,12.6139,Rensningsanlaeg Lynetten,71
1007242_2,Copenaghen_RL,Novosphingobium,0.000211696,2020-06-10 00:00:00,DTU_2020_1007242_2_MG_RL_CPH_Sewage_695,Denmark,Copenhagen,55.6956,12.6139,Rensningsanlaeg Lynetten,71
1007242_2,Copenaghen_RL,Ottowia,0.02263545,2020-06-10 00:00:00,DTU_2020_1007242_2_MG_RL_CPH_Sewage_695,Denmark,Copenhagen,55.6956,12.6139,Rensningsanlaeg Lynetten,71
1007242_2,Copenaghen_RL,Paracoccus,0.00111256,2020-06-10 00:00:00,DTU_2020_1007242_2_MG_RL_CPH_Sewage_695,Denmark,Copenhagen,55.6956,12.6139,Rensningsanlaeg Lynetten,71
1007242_2,Copenaghen_RL,Phocaeicola,0.0029763,2020-06-10 00:00:00,DTU_2020_1007242_2_MG_RL_CPH_Sewage_695,Denmark,Copenhagen,55.6956,12.6139,Rensningsanlaeg Lynetten,71
1007242_2,Copenaghen_RL,Prevotella,0.005187269,2020-06-10 00:00:00,DTU_2020_1007242_2_MG_RL_CPH_Sewage_695,Denmark,Copenhagen,55.6956,12.6139,Rensningsanlaeg Lynetten,71
1007242_2,Copenaghen_RL,Propionivibrio,0.007052694,2020-06-10 00:00:00,DTU_2020_1007242_2_MG_RL_CPH_Sewage_695,Denmark,Copenhagen,55.6956,12.6139,Rensningsanlaeg Lynetten,71
1007242_2,Copenaghen_RL,Pseudomonas_E,0.009194862,2020-06-10 00:00:00,DTU_2020_1007242_2_MG_RL_CPH_Sewage_695,Denmark,Copenhagen,55.6956,12.6139,Rensningsanlaeg Lynetten,71
1007242_2,Copenaghen_RL,Pseudoxanthomonas,0.003684146,2020-06-10 00:00:00,DTU_2020_1007242_2_MG_RL_CPH_Sewage_695,Denmark,Copenhagen,55.6956,12.6139,Rensningsanlaeg Lynetten,71
1007242_2,Copenaghen_RL,Pseudoxanthomonas_A,0.005350681,2020-06-10 00:00:00,DTU_2020_1007242_2_MG_RL_CPH_Sewage_695,Denmark,Copenhagen,55.6956,12.6139,Rensningsanlaeg Lynetten,71
1007242_2,Copenaghen_RL,Psychrobacter,0.00521764,2020-06-10 00:00:00,DTU_2020_1007242_2_MG_RL_CPH_Sewage_695,Denmark,Copenhagen,55.6956,12.6139,Rensningsanlaeg Lynetten,71
1007242_2,Copenaghen_RL,Rubrivivax,0.000321863,2020-06-10 00:00:00,DTU_2020_1007242_2_MG_RL_CPH_Sewage_695,Denmark,Copenhagen,55.6956,12.6139,Rensningsanlaeg Lynetten,71
1007242_2,Copenaghen_RL,Streptococcus,0.027122059,2020-06-10 00:00:00,DTU_2020_1007242_2_MG_RL_CPH_Sewage_695,Denmark,Copenhagen,55.6956,12.6139,Rensningsanlaeg Lynetten,71
1007242_2,Copenaghen_RL,Telluria,0.000489597,2020-06-10 00:00:00,DTU_2020_1007242_2_MG_RL_CPH_Sewage_695,Denmark,Copenhagen,55.6956,12.6139,Rensningsanlaeg Lynetten,71
1007242_2,Copenaghen_RL,Thauera,0.018749174,2020-06-10 00:00:00,DTU_2020_1007242_2_MG_RL_CPH_Sewage_695,Denmark,Copenhagen,55.6956,12.6139,Rensningsanlaeg Lynetten,71
1007242_2,Copenaghen_RL,Thermomonas,0.007871931,2020-06-10 00:00:00,DTU_2020_1007242_2_MG_RL_CPH_Sewage_695,Denmark,Copenhagen,55.6956,12.6139,Rensningsanlaeg Lynetten,71
1007242_2,Copenaghen_RL,Thiothrix,0.000255476,2020-06-10 00:00:00,DTU_2020_1007242_2_MG_RL_CPH_Sewage_695,Denmark,Copenhagen,55.6956,12.6139,Rensningsanlaeg Lynetten,71
1007242_2,Copenaghen_RL,Tolumonas,0.001602728,2020-06-10 00:00:00,DTU_2020_1007242_2_MG_RL_CPH_Sewage_695,Denmark,Copenhagen,55.6956,12.6139,Rensningsanlaeg Lynetten,71
1007242_2,Copenaghen_RL,Trichococcus,0.014997907,2020-06-10 00:00:00,DTU_2020_1007242_2_MG_RL_CPH_Sewage_695,Denmark,Copenhagen,55.6956,12.6139,Rensningsanlaeg Lynetten,71
1007242_2,Copenaghen_RL,UBA1413,6.25264e-06,2020-06-10 00:00:00,DTU_2020_1007242_2_MG_RL_CPH_Sewage_695,Denmark,Copenhagen,55.6956,12.6139,Rensningsanlaeg Lynetten,71
1007242_2,Copenaghen_RL,merged,0.295345352,2020-06-10 00:00:00,DTU_2020_1007242_2_MG_RL_CPH_Sewage_695,Denmark,Copenhagen,55.6956,12.6139,Rensningsanlaeg Lynetten,71
1007246_1,Copenaghen_RD,Acidovorax,0.224967264,2020-06-17 00:00:00,DTU_2020_1007246_1_MG_RD_CPH_Sewage_703,Denmark,Copenhagen,55.6405,12.5058,Rensningsanlaeg Damhusaaen,72
1007246_1,Copenaghen_RD,Acinetobacter,0.026010894,2020-06-17 00:00:00,DTU_2020_1007246_1_MG_RD_CPH_Sewage_703,Denmark,Copenhagen,55.6405,12.5058,Rensningsanlaeg Damhusaaen,72
1007246_1,Copenaghen_RD,Aeromonas,0.006904385,2020-06-17 00:00:00,DTU_2020_1007246_1_MG_RD_CPH_Sewage_703,Denmark,Copenhagen,55.6405,12.5058,Rensningsanlaeg Damhusaaen,72
1007246_1,Copenaghen_RD,Aliarcobacter,0.018631651,2020-06-17 00:00:00,DTU_2020_1007246_1_MG_RD_CPH_Sewage_703,Denmark,Copenhagen,55.6405,12.5058,Rensningsanlaeg Damhusaaen,72
1007246_1,Copenaghen_RD,Aquabacterium_A,0.000329625,2020-06-17 00:00:00,DTU_2020_1007246_1_MG_RD_CPH_Sewage_703,Denmark,Copenhagen,55.6405,12.5058,Rensningsanlaeg Damhusaaen,72
1007246_1,Copenaghen_RD,Bacteroides,0.002748018,2020-06-17 00:00:00,DTU_2020_1007246_1_MG_RD_CPH_Sewage_703,Denmark,Copenhagen,55.6405,12.5058,Rensningsanlaeg Damhusaaen,72
1007246_1,Copenaghen_RD,Brachymonas,0.031585807,2020-06-17 00:00:00,DTU_2020_1007246_1_MG_RD_CPH_Sewage_703,Denmark,Copenhagen,55.6405,12.5058,Rensningsanlaeg Damhusaaen,72
1007246_1,Copenaghen_RD,Brevefilum,2.58467e-05,2020-06-17 00:00:00,DTU_2020_1007246_1_MG_RD_CPH_Sewage_703,Denmark,Copenhagen,55.6405,12.5058,Rensningsanlaeg Damhusaaen,72
1007246_1,Copenaghen_RD,Brevundimonas,0.001275488,2020-06-17 00:00:00,DTU_2020_1007246_1_MG_RD_CPH_Sewage_703,Denmark,Copenhagen,55.6405,12.5058,Rensningsanlaeg Damhusaaen,72
1007246_1,Copenaghen_RD,Cloacibacterium,0.017898928,2020-06-17 00:00:00,DTU_2020_1007246_1_MG_RD_CPH_Sewage_703,Denmark,Copenhagen,55.6405,12.5058,Rensningsanlaeg Damhusaaen,72
1007246_1,Copenaghen_RD,Comamonas,0.041106972,2020-06-17 00:00:00,DTU_2020_1007246_1_MG_RD_CPH_Sewage_703,Denmark,Copenhagen,55.6405,12.5058,Rensningsanlaeg Damhusaaen,72
1007246_1,Copenaghen_RD,Competibacter_A,0.000122637,2020-06-17 00:00:00,DTU_2020_1007246_1_MG_RD_CPH_Sewage_703,Denmark,Copenhagen,55.6405,12.5058,Rensningsanlaeg Damhusaaen,72
1007246_1,Copenaghen_RD,Enterobacter,0.000374298,2020-06-17 00:00:00,DTU_2020_1007246_1_MG_RD_CPH_Sewage_703,Denmark,Copenhagen,55.6405,12.5058,Rensningsanlaeg Damhusaaen,72
1007246_1,Copenaghen_RD,Fermentibacter,3.02411e-05,2020-06-17 00:00:00,DTU_2020_1007246_1_MG_RD_CPH_Sewage_703,Denmark,Copenhagen,55.6405,12.5058,Rensningsanlaeg Damhusaaen,72
1007246_1,Copenaghen_RD,Flavobacterium,0.00891629,2020-06-17 00:00:00,DTU_2020_1007246_1_MG_RD_CPH_Sewage_703,Denmark,Copenhagen,55.6405,12.5058,Rensningsanlaeg Damhusaaen,72
1007246_1,Copenaghen_RD,Giesbergeria,0.023714637,2020-06-17 00:00:00,DTU_2020_1007246_1_MG_RD_CPH_Sewage_703,Denmark,Copenhagen,55.6405,12.5058,Rensningsanlaeg Damhusaaen,72
1007246_1,Copenaghen_RD,Hydrogenophaga,0.001187061,2020-06-17 00:00:00,DTU_2020_1007246_1_MG_RD_CPH_Sewage_703,Denmark,Copenhagen,55.6405,12.5058,Rensningsanlaeg Damhusaaen,72
1007246_1,Copenaghen_RD,JAGOYM01,0.013036111,2020-06-17 00:00:00,DTU_2020_1007246_1_MG_RD_CPH_Sewage_703,Denmark,Copenhagen,55.6405,12.5058,Rensningsanlaeg Damhusaaen,72
1007246_1,Copenaghen_RD,Janthinobacterium,0.001343304,2020-06-17 00:00:00,DTU_2020_1007246_1_MG_RD_CPH_Sewage_703,Denmark,Copenhagen,55.6405,12.5058,Rensningsanlaeg Damhusaaen,72
1007246_1,Copenaghen_RD,Kaistella,0.007347249,2020-06-17 00:00:00,DTU_2020_1007246_1_MG_RD_CPH_Sewage_703,Denmark,Copenhagen,55.6405,12.5058,Rensningsanlaeg Damhusaaen,72
1007246_1,Copenaghen_RD,Lactococcus_A,0.002749672,2020-06-17 00:00:00,DTU_2020_1007246_1_MG_RD_CPH_Sewage_703,Denmark,Copenhagen,55.6405,12.5058,Rensningsanlaeg Damhusaaen,72
1007246_1,Copenaghen_RD,Lenti-01,0.000224316,2020-06-17 00:00:00,DTU_2020_1007246_1_MG_RD_CPH_Sewage_703,Denmark,Copenhagen,55.6405,12.5058,Rensningsanlaeg Damhusaaen,72
1007246_1,Copenaghen_RD,Microthrix,0.000435614,2020-06-17 00:00:00,DTU_2020_1007246_1_MG_RD_CPH_Sewage_703,Denmark,Copenhagen,55.6405,12.5058,Rensningsanlaeg Damhusaaen,72
1007246_1,Copenaghen_RD,Moraxella_A,0.002023631,2020-06-17 00:00:00,DTU_2020_1007246_1_MG_RD_CPH_Sewage_703,Denmark,Copenhagen,55.6405,12.5058,Rensningsanlaeg Damhusaaen,72
1007246_1,Copenaghen_RD,Neisseria,0.036098122,2020-06-17 00:00:00,DTU_2020_1007246_1_MG_RD_CPH_Sewage_703,Denmark,Copenhagen,55.6405,12.5058,Rensningsanlaeg Damhusaaen,72
1007246_1,Copenaghen_RD,Novosphingobium,0.000493437,2020-06-17 00:00:00,DTU_2020_1007246_1_MG_RD_CPH_Sewage_703,Denmark,Copenhagen,55.6405,12.5058,Rensningsanlaeg Damhusaaen,72
1007246_1,Copenaghen_RD,Ottowia,0.030659295,2020-06-17 00:00:00,DTU_2020_1007246_1_MG_RD_CPH_Sewage_703,Denmark,Copenhagen,55.6405,12.5058,Rensningsanlaeg Damhusaaen,72
1007246_1,Copenaghen_RD,Paracoccus,0.001292913,2020-06-17 00:00:00,DTU_2020_1007246_1_MG_RD_CPH_Sewage_703,Denmark,Copenhagen,55.6405,12.5058,Rensningsanlaeg Damhusaaen,72
1007246_1,Copenaghen_RD,Phocaeicola,0.00271227,2020-06-17 00:00:00,DTU_2020_1007246_1_MG_RD_CPH_Sewage_703,Denmark,Copenhagen,55.6405,12.5058,Rensningsanlaeg Damhusaaen,72
1007246_1,Copenaghen_RD,Prevotella,0.016136306,2020-06-17 00:00:00,DTU_2020_1007246_1_MG_RD_CPH_Sewage_703,Denmark,Copenhagen,55.6405,12.5058,Rensningsanlaeg Damhusaaen,72
1007246_1,Copenaghen_RD,Propionivibrio,0.007654279,2020-06-17 00:00:00,DTU_2020_1007246_1_MG_RD_CPH_Sewage_703,Denmark,Copenhagen,55.6405,12.5058,Rensningsanlaeg Damhusaaen,72
1007246_1,Copenaghen_RD,Pseudomonas_E,0.011571818,2020-06-17 00:00:00,DTU_2020_1007246_1_MG_RD_CPH_Sewage_703,Denmark,Copenhagen,55.6405,12.5058,Rensningsanlaeg Damhusaaen,72
1007246_1,Copenaghen_RD,Pseudoxanthomonas,0.00389602,2020-06-17 00:00:00,DTU_2020_1007246_1_MG_RD_CPH_Sewage_703,Denmark,Copenhagen,55.6405,12.5058,Rensningsanlaeg Damhusaaen,72
1007246_1,Copenaghen_RD,Pseudoxanthomonas_A,0.010040364,2020-06-17 00:00:00,DTU_2020_1007246_1_MG_RD_CPH_Sewage_703,Denmark,Copenhagen,55.6405,12.5058,Rensningsanlaeg Damhusaaen,72
1007246_1,Copenaghen_RD,Psychrobacter,0.01081668,2020-06-17 00:00:00,DTU_2020_1007246_1_MG_RD_CPH_Sewage_703,Denmark,Copenhagen,55.6405,12.5058,Rensningsanlaeg Damhusaaen,72
1007246_1,Copenaghen_RD,Rubrivivax,0.000431424,2020-06-17 00:00:00,DTU_2020_1007246_1_MG_RD_CPH_Sewage_703,Denmark,Copenhagen,55.6405,12.5058,Rensningsanlaeg Damhusaaen,72
1007246_1,Copenaghen_RD,Streptococcus,0.014340887,2020-06-17 00:00:00,DTU_2020_1007246_1_MG_RD_CPH_Sewage_703,Denmark,Copenhagen,55.6405,12.5058,Rensningsanlaeg Damhusaaen,72
1007246_1,Copenaghen_RD,Telluria,0.000570558,2020-06-17 00:00:00,DTU_2020_1007246_1_MG_RD_CPH_Sewage_703,Denmark,Copenhagen,55.6405,12.5058,Rensningsanlaeg Damhusaaen,72
1007246_1,Copenaghen_RD,Thauera,0.015844636,2020-06-17 00:00:00,DTU_2020_1007246_1_MG_RD_CPH_Sewage_703,Denmark,Copenhagen,55.6405,12.5058,Rensningsanlaeg Damhusaaen,72
1007246_1,Copenaghen_RD,Thermomonas,0.01028177,2020-06-17 00:00:00,DTU_2020_1007246_1_MG_RD_CPH_Sewage_703,Denmark,Copenhagen,55.6405,12.5058,Rensningsanlaeg Damhusaaen,72
1007246_1,Copenaghen_RD,Thiothrix,0.00121738,2020-06-17 00:00:00,DTU_2020_1007246_1_MG_RD_CPH_Sewage_703,Denmark,Copenhagen,55.6405,12.5058,Rensningsanlaeg Damhusaaen,72
1007246_1,Copenaghen_RD,Tolumonas,0.000831824,2020-06-17 00:00:00,DTU_2020_1007246_1_MG_RD_CPH_Sewage_703,Denmark,Copenhagen,55.6405,12.5058,Rensningsanlaeg Damhusaaen,72
1007246_1,Copenaghen_RD,Trichococcus,0.007461685,2020-06-17 00:00:00,DTU_2020_1007246_1_MG_RD_CPH_Sewage_703,Denmark,Copenhagen,55.6405,12.5058,Rensningsanlaeg Damhusaaen,72
1007246_1,Copenaghen_RD,UBA1413,3.78755e-05,2020-06-17 00:00:00,DTU_2020_1007246_1_MG_RD_CPH_Sewage_703,Denmark,Copenhagen,55.6405,12.5058,Rensningsanlaeg Damhusaaen,72
1007246_1,Copenaghen_RD,merged,0.384620516,2020-06-17 00:00:00,DTU_2020_1007246_1_MG_RD_CPH_Sewage_703,Denmark,Copenhagen,55.6405,12.5058,Rensningsanlaeg Damhusaaen,72
1007245_1,Copenaghen_RL,Acidovorax,0.268135738,2020-06-17 00:00:00,DTU_2020_1007245_1_MG_RL_CPH_Sewage_701,Denmark,Copenhagen,55.6956,12.6139,Rensningsanlaeg Lynetten,72
1007245_1,Copenaghen_RL,Acinetobacter,0.042667418,2020-06-17 00:00:00,DTU_2020_1007245_1_MG_RL_CPH_Sewage_701,Denmark,Copenhagen,55.6956,12.6139,Rensningsanlaeg Lynetten,72
1007245_1,Copenaghen_RL,Aeromonas,0.006098347,2020-06-17 00:00:00,DTU_2020_1007245_1_MG_RL_CPH_Sewage_701,Denmark,Copenhagen,55.6956,12.6139,Rensningsanlaeg Lynetten,72
1007245_1,Copenaghen_RL,Aliarcobacter,0.025960386,2020-06-17 00:00:00,DTU_2020_1007245_1_MG_RL_CPH_Sewage_701,Denmark,Copenhagen,55.6956,12.6139,Rensningsanlaeg Lynetten,72
1007245_1,Copenaghen_RL,Aquabacterium_A,0.00033467,2020-06-17 00:00:00,DTU_2020_1007245_1_MG_RL_CPH_Sewage_701,Denmark,Copenhagen,55.6956,12.6139,Rensningsanlaeg Lynetten,72
1007245_1,Copenaghen_RL,Bacteroides,0.002884761,2020-06-17 00:00:00,DTU_2020_1007245_1_MG_RL_CPH_Sewage_701,Denmark,Copenhagen,55.6956,12.6139,Rensningsanlaeg Lynetten,72
1007245_1,Copenaghen_RL,Brachymonas,0.029848776,2020-06-17 00:00:00,DTU_2020_1007245_1_MG_RL_CPH_Sewage_701,Denmark,Copenhagen,55.6956,12.6139,Rensningsanlaeg Lynetten,72
1007245_1,Copenaghen_RL,Brevefilum,8.85836e-05,2020-06-17 00:00:00,DTU_2020_1007245_1_MG_RL_CPH_Sewage_701,Denmark,Copenhagen,55.6956,12.6139,Rensningsanlaeg Lynetten,72
1007245_1,Copenaghen_RL,Brevundimonas,0.00101362,2020-06-17 00:00:00,DTU_2020_1007245_1_MG_RL_CPH_Sewage_701,Denmark,Copenhagen,55.6956,12.6139,Rensningsanlaeg Lynetten,72
1007245_1,Copenaghen_RL,Cloacibacterium,0.02868493,2020-06-17 00:00:00,DTU_2020_1007245_1_MG_RL_CPH_Sewage_701,Denmark,Copenhagen,55.6956,12.6139,Rensningsanlaeg Lynetten,72
1007245_1,Copenaghen_RL,Comamonas,0.046863065,2020-06-17 00:00:00,DTU_2020_1007245_1_MG_RL_CPH_Sewage_701,Denmark,Copenhagen,55.6956,12.6139,Rensningsanlaeg Lynetten,72
1007245_1,Copenaghen_RL,Competibacter_A,2.15911e-05,2020-06-17 00:00:00,DTU_2020_1007245_1_MG_RL_CPH_Sewage_701,Denmark,Copenhagen,55.6956,12.6139,Rensningsanlaeg Lynetten,72
1007245_1,Copenaghen_RL,Enterobacter,0.000345574,2020-06-17 00:00:00,DTU_2020_1007245_1_MG_RL_CPH_Sewage_701,Denmark,Copenhagen,55.6956,12.6139,Rensningsanlaeg Lynetten,72
1007245_1,Copenaghen_RL,Fermentibacter,9.54e-06,2020-06-17 00:00:00,DTU_2020_1007245_1_MG_RL_CPH_Sewage_701,Denmark,Copenhagen,55.6956,12.6139,Rensningsanlaeg Lynetten,72
1007245_1,Copenaghen_RL,Flavobacterium,0.00802829,2020-06-17 00:00:00,DTU_2020_1007245_1_MG_RL_CPH_Sewage_701,Denmark,Copenhagen,55.6956,12.6139,Rensningsanlaeg Lynetten,72
1007245_1,Copenaghen_RL,Giesbergeria,0.013588006,2020-06-17 00:00:00,DTU_2020_1007245_1_MG_RL_CPH_Sewage_701,Denmark,Copenhagen,55.6956,12.6139,Rensningsanlaeg Lynetten,72
1007245_1,Copenaghen_RL,Hydrogenophaga,0.00096378,2020-06-17 00:00:00,DTU_2020_1007245_1_MG_RL_CPH_Sewage_701,Denmark,Copenhagen,55.6956,12.6139,Rensningsanlaeg Lynetten,72
1007245_1,Copenaghen_RL,JAGOYM01,0.013020109,2020-06-17 00:00:00,DTU_2020_1007245_1_MG_RL_CPH_Sewage_701,Denmark,Copenhagen,55.6956,12.6139,Rensningsanlaeg Lynetten,72
1007245_1,Copenaghen_RL,Janthinobacterium,0.000956687,2020-06-17 00:00:00,DTU_2020_1007245_1_MG_RL_CPH_Sewage_701,Denmark,Copenhagen,55.6956,12.6139,Rensningsanlaeg Lynetten,72
1007245_1,Copenaghen_RL,Kaistella,0.004660281,2020-06-17 00:00:00,DTU_2020_1007245_1_MG_RL_CPH_Sewage_701,Denmark,Copenhagen,55.6956,12.6139,Rensningsanlaeg Lynetten,72
1007245_1,Copenaghen_RL,Lactococcus_A,0.012371211,2020-06-17 00:00:00,DTU_2020_1007245_1_MG_RL_CPH_Sewage_701,Denmark,Copenhagen,55.6956,12.6139,Rensningsanlaeg Lynetten,72
1007245_1,Copenaghen_RL,Lenti-01,0.00026191,2020-06-17 00:00:00,DTU_2020_1007245_1_MG_RL_CPH_Sewage_701,Denmark,Copenhagen,55.6956,12.6139,Rensningsanlaeg Lynetten,72
1007245_1,Copenaghen_RL,Microthrix,5.59851e-05,2020-06-17 00:00:00,DTU_2020_1007245_1_MG_RL_CPH_Sewage_701,Denmark,Copenhagen,55.6956,12.6139,Rensningsanlaeg Lynetten,72
1007245_1,Copenaghen_RL,Moraxella_A,0.004841889,2020-06-17 00:00:00,DTU_2020_1007245_1_MG_RL_CPH_Sewage_701,Denmark,Copenhagen,55.6956,12.6139,Rensningsanlaeg Lynetten,72
1007245_1,Copenaghen_RL,Neisseria,0.045004563,2020-06-17 00:00:00,DTU_2020_1007245_1_MG_RL_CPH_Sewage_701,Denmark,Copenhagen,55.6956,12.6139,Rensningsanlaeg Lynetten,72
1007245_1,Copenaghen_RL,Novosphingobium,0.000248601,2020-06-17 00:00:00,DTU_2020_1007245_1_MG_RL_CPH_Sewage_701,Denmark,Copenhagen,55.6956,12.6139,Rensningsanlaeg Lynetten,72
1007245_1,Copenaghen_RL,Ottowia,0.028348109,2020-06-17 00:00:00,DTU_2020_1007245_1_MG_RL_CPH_Sewage_701,Denmark,Copenhagen,55.6956,12.6139,Rensningsanlaeg Lynetten,72
1007245_1,Copenaghen_RL,Paracoccus,0.001055447,2020-06-17 00:00:00,DTU_2020_1007245_1_MG_RL_CPH_Sewage_701,Denmark,Copenhagen,55.6956,12.6139,Rensningsanlaeg Lynetten,72
1007245_1,Copenaghen_RL,Phocaeicola,0.004343701,2020-06-17 00:00:00,DTU_2020_1007245_1_MG_RL_CPH_Sewage_701,Denmark,Copenhagen,55.6956,12.6139,Rensningsanlaeg Lynetten,72
1007245_1,Copenaghen_RL,Prevotella,0.004882207,2020-06-17 00:00:00,DTU_2020_1007245_1_MG_RL_CPH_Sewage_701,Denmark,Copenhagen,55.6956,12.6139,Rensningsanlaeg Lynetten,72
1007245_1,Copenaghen_RL,Propionivibrio,0.007648107,2020-06-17 00:00:00,DTU_2020_1007245_1_MG_RL_CPH_Sewage_701,Denmark,Copenhagen,55.6956,12.6139,Rensningsanlaeg Lynetten,72
1007245_1,Copenaghen_RL,Pseudomonas_E,0.008651062,2020-06-17 00:00:00,DTU_2020_1007245_1_MG_RL_CPH_Sewage_701,Denmark,Copenhagen,55.6956,12.6139,Rensningsanlaeg Lynetten,72
1007245_1,Copenaghen_RL,Pseudoxanthomonas,0.006610476,2020-06-17 00:00:00,DTU_2020_1007245_1_MG_RL_CPH_Sewage_701,Denmark,Copenhagen,55.6956,12.6139,Rensningsanlaeg Lynetten,72
1007245_1,Copenaghen_RL,Pseudoxanthomonas_A,0.008579859,2020-06-17 00:00:00,DTU_2020_1007245_1_MG_RL_CPH_Sewage_701,Denmark,Copenhagen,55.6956,12.6139,Rensningsanlaeg Lynetten,72
1007245_1,Copenaghen_RL,Psychrobacter,0.005321591,2020-06-17 00:00:00,DTU_2020_1007245_1_MG_RL_CPH_Sewage_701,Denmark,Copenhagen,55.6956,12.6139,Rensningsanlaeg Lynetten,72
1007245_1,Copenaghen_RL,Rubrivivax,0.000212672,2020-06-17 00:00:00,DTU_2020_1007245_1_MG_RL_CPH_Sewage_701,Denmark,Copenhagen,55.6956,12.6139,Rensningsanlaeg Lynetten,72
1007245_1,Copenaghen_RL,Streptococcus,0.043657136,2020-06-17 00:00:00,DTU_2020_1007245_1_MG_RL_CPH_Sewage_701,Denmark,Copenhagen,55.6956,12.6139,Rensningsanlaeg Lynetten,72
1007245_1,Copenaghen_RL,Telluria,0.00039109,2020-06-17 00:00:00,DTU_2020_1007245_1_MG_RL_CPH_Sewage_701,Denmark,Copenhagen,55.6956,12.6139,Rensningsanlaeg Lynetten,72
1007245_1,Copenaghen_RL,Thauera,0.018703673,2020-06-17 00:00:00,DTU_2020_1007245_1_MG_RL_CPH_Sewage_701,Denmark,Copenhagen,55.6956,12.6139,Rensningsanlaeg Lynetten,72
1007245_1,Copenaghen_RL,Thermomonas,0.006750582,2020-06-17 00:00:00,DTU_2020_1007245_1_MG_RL_CPH_Sewage_701,Denmark,Copenhagen,55.6956,12.6139,Rensningsanlaeg Lynetten,72
1007245_1,Copenaghen_RL,Thiothrix,0.000356667,2020-06-17 00:00:00,DTU_2020_1007245_1_MG_RL_CPH_Sewage_701,Denmark,Copenhagen,55.6956,12.6139,Rensningsanlaeg Lynetten,72
1007245_1,Copenaghen_RL,Tolumonas,0.000575905,2020-06-17 00:00:00,DTU_2020_1007245_1_MG_RL_CPH_Sewage_701,Denmark,Copenhagen,55.6956,12.6139,Rensningsanlaeg Lynetten,72
1007245_1,Copenaghen_RL,Trichococcus,0.016816077,2020-06-17 00:00:00,DTU_2020_1007245_1_MG_RL_CPH_Sewage_701,Denmark,Copenhagen,55.6956,12.6139,Rensningsanlaeg Lynetten,72
1007245_1,Copenaghen_RL,UBA1413,1.18781e-05,2020-06-17 00:00:00,DTU_2020_1007245_1_MG_RL_CPH_Sewage_701,Denmark,Copenhagen,55.6956,12.6139,Rensningsanlaeg Lynetten,72
1007245_1,Copenaghen_RL,merged,0.280125451,2020-06-17 00:00:00,DTU_2020_1007245_1_MG_RL_CPH_Sewage_701,Denmark,Copenhagen,55.6956,12.6139,Rensningsanlaeg Lynetten,72
1007248_1,Copenaghen_RD,Acidovorax,0.15497495,2020-06-24 00:00:00,DTU_2020_1007248_1_MG_RD_CPH_Sewage_709,Denmark,Copenhagen,55.6405,12.5058,Rensningsanlaeg Damhusaaen,73
1007248_1,Copenaghen_RD,Acinetobacter,0.014071906,2020-06-24 00:00:00,DTU_2020_1007248_1_MG_RD_CPH_Sewage_709,Denmark,Copenhagen,55.6405,12.5058,Rensningsanlaeg Damhusaaen,73
1007248_1,Copenaghen_RD,Aeromonas,0.006605966,2020-06-24 00:00:00,DTU_2020_1007248_1_MG_RD_CPH_Sewage_709,Denmark,Copenhagen,55.6405,12.5058,Rensningsanlaeg Damhusaaen,73
1007248_1,Copenaghen_RD,Aliarcobacter,0.010768862,2020-06-24 00:00:00,DTU_2020_1007248_1_MG_RD_CPH_Sewage_709,Denmark,Copenhagen,55.6405,12.5058,Rensningsanlaeg Damhusaaen,73
1007248_1,Copenaghen_RD,Aquabacterium_A,0.000436569,2020-06-24 00:00:00,DTU_2020_1007248_1_MG_RD_CPH_Sewage_709,Denmark,Copenhagen,55.6405,12.5058,Rensningsanlaeg Damhusaaen,73
1007248_1,Copenaghen_RD,Bacteroides,0.002691736,2020-06-24 00:00:00,DTU_2020_1007248_1_MG_RD_CPH_Sewage_709,Denmark,Copenhagen,55.6405,12.5058,Rensningsanlaeg Damhusaaen,73
1007248_1,Copenaghen_RD,Brachymonas,0.010596248,2020-06-24 00:00:00,DTU_2020_1007248_1_MG_RD_CPH_Sewage_709,Denmark,Copenhagen,55.6405,12.5058,Rensningsanlaeg Damhusaaen,73
1007248_1,Copenaghen_RD,Brevefilum,1.08087e-05,2020-06-24 00:00:00,DTU_2020_1007248_1_MG_RD_CPH_Sewage_709,Denmark,Copenhagen,55.6405,12.5058,Rensningsanlaeg Damhusaaen,73
1007248_1,Copenaghen_RD,Brevundimonas,0.000567372,2020-06-24 00:00:00,DTU_2020_1007248_1_MG_RD_CPH_Sewage_709,Denmark,Copenhagen,55.6405,12.5058,Rensningsanlaeg Damhusaaen,73
1007248_1,Copenaghen_RD,Cloacibacterium,0.01131057,2020-06-24 00:00:00,DTU_2020_1007248_1_MG_RD_CPH_Sewage_709,Denmark,Copenhagen,55.6405,12.5058,Rensningsanlaeg Damhusaaen,73
1007248_1,Copenaghen_RD,Comamonas,0.032199859,2020-06-24 00:00:00,DTU_2020_1007248_1_MG_RD_CPH_Sewage_709,Denmark,Copenhagen,55.6405,12.5058,Rensningsanlaeg Damhusaaen,73
1007248_1,Copenaghen_RD,Competibacter_A,5.80355e-05,2020-06-24 00:00:00,DTU_2020_1007248_1_MG_RD_CPH_Sewage_709,Denmark,Copenhagen,55.6405,12.5058,Rensningsanlaeg Damhusaaen,73
1007248_1,Copenaghen_RD,Enterobacter,0.000406336,2020-06-24 00:00:00,DTU_2020_1007248_1_MG_RD_CPH_Sewage_709,Denmark,Copenhagen,55.6405,12.5058,Rensningsanlaeg Damhusaaen,73
1007248_1,Copenaghen_RD,Fermentibacter,5.63627e-05,2020-06-24 00:00:00,DTU_2020_1007248_1_MG_RD_CPH_Sewage_709,Denmark,Copenhagen,55.6405,12.5058,Rensningsanlaeg Damhusaaen,73
1007248_1,Copenaghen_RD,Flavobacterium,0.010804663,2020-06-24 00:00:00,DTU_2020_1007248_1_MG_RD_CPH_Sewage_709,Denmark,Copenhagen,55.6405,12.5058,Rensningsanlaeg Damhusaaen,73
1007248_1,Copenaghen_RD,Giesbergeria,0.010752964,2020-06-24 00:00:00,DTU_2020_1007248_1_MG_RD_CPH_Sewage_709,Denmark,Copenhagen,55.6405,12.5058,Rensningsanlaeg Damhusaaen,73
1007248_1,Copenaghen_RD,Hydrogenophaga,0.00050536,2020-06-24 00:00:00,DTU_2020_1007248_1_MG_RD_CPH_Sewage_709,Denmark,Copenhagen,55.6405,12.5058,Rensningsanlaeg Damhusaaen,73
1007248_1,Copenaghen_RD,JAGOYM01,0.004135744,2020-06-24 00:00:00,DTU_2020_1007248_1_MG_RD_CPH_Sewage_709,Denmark,Copenhagen,55.6405,12.5058,Rensningsanlaeg Damhusaaen,73
1007248_1,Copenaghen_RD,Janthinobacterium,0.019046865,2020-06-24 00:00:00,DTU_2020_1007248_1_MG_RD_CPH_Sewage_709,Denmark,Copenhagen,55.6405,12.5058,Rensningsanlaeg Damhusaaen,73
1007248_1,Copenaghen_RD,Kaistella,0.007220012,2020-06-24 00:00:00,DTU_2020_1007248_1_MG_RD_CPH_Sewage_709,Denmark,Copenhagen,55.6405,12.5058,Rensningsanlaeg Damhusaaen,73
1007248_1,Copenaghen_RD,Lactococcus_A,0.003112475,2020-06-24 00:00:00,DTU_2020_1007248_1_MG_RD_CPH_Sewage_709,Denmark,Copenhagen,55.6405,12.5058,Rensningsanlaeg Damhusaaen,73
1007248_1,Copenaghen_RD,Lenti-01,0.000104043,2020-06-24 00:00:00,DTU_2020_1007248_1_MG_RD_CPH_Sewage_709,Denmark,Copenhagen,55.6405,12.5058,Rensningsanlaeg Damhusaaen,73
1007248_1,Copenaghen_RD,Microthrix,0.000248041,2020-06-24 00:00:00,DTU_2020_1007248_1_MG_RD_CPH_Sewage_709,Denmark,Copenhagen,55.6405,12.5058,Rensningsanlaeg Damhusaaen,73
1007248_1,Copenaghen_RD,Moraxella_A,0.002500319,2020-06-24 00:00:00,DTU_2020_1007248_1_MG_RD_CPH_Sewage_709,Denmark,Copenhagen,55.6405,12.5058,Rensningsanlaeg Damhusaaen,73
1007248_1,Copenaghen_RD,Neisseria,0.016471981,2020-06-24 00:00:00,DTU_2020_1007248_1_MG_RD_CPH_Sewage_709,Denmark,Copenhagen,55.6405,12.5058,Rensningsanlaeg Damhusaaen,73
1007248_1,Copenaghen_RD,Novosphingobium,0.000328839,2020-06-24 00:00:00,DTU_2020_1007248_1_MG_RD_CPH_Sewage_709,Denmark,Copenhagen,55.6405,12.5058,Rensningsanlaeg Damhusaaen,73
1007248_1,Copenaghen_RD,Ottowia,0.024356023,2020-06-24 00:00:00,DTU_2020_1007248_1_MG_RD_CPH_Sewage_709,Denmark,Copenhagen,55.6405,12.5058,Rensningsanlaeg Damhusaaen,73
1007248_1,Copenaghen_RD,Paracoccus,0.001515992,2020-06-24 00:00:00,DTU_2020_1007248_1_MG_RD_CPH_Sewage_709,Denmark,Copenhagen,55.6405,12.5058,Rensningsanlaeg Damhusaaen,73
1007248_1,Copenaghen_RD,Phocaeicola,0.002036475,2020-06-24 00:00:00,DTU_2020_1007248_1_MG_RD_CPH_Sewage_709,Denmark,Copenhagen,55.6405,12.5058,Rensningsanlaeg Damhusaaen,73
1007248_1,Copenaghen_RD,Prevotella,0.007428335,2020-06-24 00:00:00,DTU_2020_1007248_1_MG_RD_CPH_Sewage_709,Denmark,Copenhagen,55.6405,12.5058,Rensningsanlaeg Damhusaaen,73
1007248_1,Copenaghen_RD,Propionivibrio,0.004626901,2020-06-24 00:00:00,DTU_2020_1007248_1_MG_RD_CPH_Sewage_709,Denmark,Copenhagen,55.6405,12.5058,Rensningsanlaeg Damhusaaen,73
1007248_1,Copenaghen_RD,Pseudomonas_E,0.180290932,2020-06-24 00:00:00,DTU_2020_1007248_1_MG_RD_CPH_Sewage_709,Denmark,Copenhagen,55.6405,12.5058,Rensningsanlaeg Damhusaaen,73
1007248_1,Copenaghen_RD,Pseudoxanthomonas,0.004979136,2020-06-24 00:00:00,DTU_2020_1007248_1_MG_RD_CPH_Sewage_709,Denmark,Copenhagen,55.6405,12.5058,Rensningsanlaeg Damhusaaen,73
1007248_1,Copenaghen_RD,Pseudoxanthomonas_A,0.005174133,2020-06-24 00:00:00,DTU_2020_1007248_1_MG_RD_CPH_Sewage_709,Denmark,Copenhagen,55.6405,12.5058,Rensningsanlaeg Damhusaaen,73
1007248_1,Copenaghen_RD,Psychrobacter,0.117886405,2020-06-24 00:00:00,DTU_2020_1007248_1_MG_RD_CPH_Sewage_709,Denmark,Copenhagen,55.6405,12.5058,Rensningsanlaeg Damhusaaen,73
1007248_1,Copenaghen_RD,Rubrivivax,0.000177782,2020-06-24 00:00:00,DTU_2020_1007248_1_MG_RD_CPH_Sewage_709,Denmark,Copenhagen,55.6405,12.5058,Rensningsanlaeg Damhusaaen,73
1007248_1,Copenaghen_RD,Streptococcus,0.016982289,2020-06-24 00:00:00,DTU_2020_1007248_1_MG_RD_CPH_Sewage_709,Denmark,Copenhagen,55.6405,12.5058,Rensningsanlaeg Damhusaaen,73
1007248_1,Copenaghen_RD,Telluria,0.000740477,2020-06-24 00:00:00,DTU_2020_1007248_1_MG_RD_CPH_Sewage_709,Denmark,Copenhagen,55.6405,12.5058,Rensningsanlaeg Damhusaaen,73
1007248_1,Copenaghen_RD,Thauera,0.012708569,2020-06-24 00:00:00,DTU_2020_1007248_1_MG_RD_CPH_Sewage_709,Denmark,Copenhagen,55.6405,12.5058,Rensningsanlaeg Damhusaaen,73
1007248_1,Copenaghen_RD,Thermomonas,0.007168538,2020-06-24 00:00:00,DTU_2020_1007248_1_MG_RD_CPH_Sewage_709,Denmark,Copenhagen,55.6405,12.5058,Rensningsanlaeg Damhusaaen,73
1007248_1,Copenaghen_RD,Thiothrix,0.000745838,2020-06-24 00:00:00,DTU_2020_1007248_1_MG_RD_CPH_Sewage_709,Denmark,Copenhagen,55.6405,12.5058,Rensningsanlaeg Damhusaaen,73
1007248_1,Copenaghen_RD,Tolumonas,0.001155094,2020-06-24 00:00:00,DTU_2020_1007248_1_MG_RD_CPH_Sewage_709,Denmark,Copenhagen,55.6405,12.5058,Rensningsanlaeg Damhusaaen,73
1007248_1,Copenaghen_RD,Trichococcus,0.009825965,2020-06-24 00:00:00,DTU_2020_1007248_1_MG_RD_CPH_Sewage_709,Denmark,Copenhagen,55.6405,12.5058,Rensningsanlaeg Damhusaaen,73
1007248_1,Copenaghen_RD,UBA1413,6.01709e-06,2020-06-24 00:00:00,DTU_2020_1007248_1_MG_RD_CPH_Sewage_709,Denmark,Copenhagen,55.6405,12.5058,Rensningsanlaeg Damhusaaen,73
1007248_1,Copenaghen_RD,merged,0.282208214,2020-06-24 00:00:00,DTU_2020_1007248_1_MG_RD_CPH_Sewage_709,Denmark,Copenhagen,55.6405,12.5058,Rensningsanlaeg Damhusaaen,73
1007247_1,Copenaghen_RL,Acidovorax,0.152579996,2020-06-24 00:00:00,DTU_2020_1007247_1_MG_RL_CPH_Sewage_707,Denmark,Copenhagen,55.6956,12.6139,Rensningsanlaeg Lynetten,73
1007247_1,Copenaghen_RL,Acinetobacter,0.017868543,2020-06-24 00:00:00,DTU_2020_1007247_1_MG_RL_CPH_Sewage_707,Denmark,Copenhagen,55.6956,12.6139,Rensningsanlaeg Lynetten,73
1007247_1,Copenaghen_RL,Aeromonas,0.005923754,2020-06-24 00:00:00,DTU_2020_1007247_1_MG_RL_CPH_Sewage_707,Denmark,Copenhagen,55.6956,12.6139,Rensningsanlaeg Lynetten,73
1007247_1,Copenaghen_RL,Aliarcobacter,0.016831671,2020-06-24 00:00:00,DTU_2020_1007247_1_MG_RL_CPH_Sewage_707,Denmark,Copenhagen,55.6956,12.6139,Rensningsanlaeg Lynetten,73
1007247_1,Copenaghen_RL,Aquabacterium_A,0.000216138,2020-06-24 00:00:00,DTU_2020_1007247_1_MG_RL_CPH_Sewage_707,Denmark,Copenhagen,55.6956,12.6139,Rensningsanlaeg Lynetten,73
1007247_1,Copenaghen_RL,Bacteroides,0.003212506,2020-06-24 00:00:00,DTU_2020_1007247_1_MG_RL_CPH_Sewage_707,Denmark,Copenhagen,55.6956,12.6139,Rensningsanlaeg Lynetten,73
1007247_1,Copenaghen_RL,Brachymonas,0.022632447,2020-06-24 00:00:00,DTU_2020_1007247_1_MG_RL_CPH_Sewage_707,Denmark,Copenhagen,55.6956,12.6139,Rensningsanlaeg Lynetten,73
1007247_1,Copenaghen_RL,Brevefilum,4.11909e-05,2020-06-24 00:00:00,DTU_2020_1007247_1_MG_RL_CPH_Sewage_707,Denmark,Copenhagen,55.6956,12.6139,Rensningsanlaeg Lynetten,73
1007247_1,Copenaghen_RL,Brevundimonas,0.000742877,2020-06-24 00:00:00,DTU_2020_1007247_1_MG_RL_CPH_Sewage_707,Denmark,Copenhagen,55.6956,12.6139,Rensningsanlaeg Lynetten,73
1007247_1,Copenaghen_RL,Cloacibacterium,0.022011417,2020-06-24 00:00:00,DTU_2020_1007247_1_MG_RL_CPH_Sewage_707,Denmark,Copenhagen,55.6956,12.6139,Rensningsanlaeg Lynetten,73
1007247_1,Copenaghen_RL,Comamonas,0.053011044,2020-06-24 00:00:00,DTU_2020_1007247_1_MG_RL_CPH_Sewage_707,Denmark,Copenhagen,55.6956,12.6139,Rensningsanlaeg Lynetten,73
1007247_1,Copenaghen_RL,Competibacter_A,4.45921e-05,2020-06-24 00:00:00,DTU_2020_1007247_1_MG_RL_CPH_Sewage_707,Denmark,Copenhagen,55.6956,12.6139,Rensningsanlaeg Lynetten,73
1007247_1,Copenaghen_RL,Enterobacter,0.000735988,2020-06-24 00:00:00,DTU_2020_1007247_1_MG_RL_CPH_Sewage_707,Denmark,Copenhagen,55.6956,12.6139,Rensningsanlaeg Lynetten,73
1007247_1,Copenaghen_RL,Fermentibacter,6.99616e-06,2020-06-24 00:00:00,DTU_2020_1007247_1_MG_RL_CPH_Sewage_707,Denmark,Copenhagen,55.6956,12.6139,Rensningsanlaeg Lynetten,73
1007247_1,Copenaghen_RL,Flavobacterium,0.008670423,2020-06-24 00:00:00,DTU_2020_1007247_1_MG_RL_CPH_Sewage_707,Denmark,Copenhagen,55.6956,12.6139,Rensningsanlaeg Lynetten,73
1007247_1,Copenaghen_RL,Giesbergeria,0.013666978,2020-06-24 00:00:00,DTU_2020_1007247_1_MG_RL_CPH_Sewage_707,Denmark,Copenhagen,55.6956,12.6139,Rensningsanlaeg Lynetten,73
1007247_1,Copenaghen_RL,Hydrogenophaga,0.000394,2020-06-24 00:00:00,DTU_2020_1007247_1_MG_RL_CPH_Sewage_707,Denmark,Copenhagen,55.6956,12.6139,Rensningsanlaeg Lynetten,73
1007247_1,Copenaghen_RL,JAGOYM01,0.003971963,2020-06-24 00:00:00,DTU_2020_1007247_1_MG_RL_CPH_Sewage_707,Denmark,Copenhagen,55.6956,12.6139,Rensningsanlaeg Lynetten,73
1007247_1,Copenaghen_RL,Janthinobacterium,0.011754938,2020-06-24 00:00:00,DTU_2020_1007247_1_MG_RL_CPH_Sewage_707,Denmark,Copenhagen,55.6956,12.6139,Rensningsanlaeg Lynetten,73
1007247_1,Copenaghen_RL,Kaistella,0.003082094,2020-06-24 00:00:00,DTU_2020_1007247_1_MG_RL_CPH_Sewage_707,Denmark,Copenhagen,55.6956,12.6139,Rensningsanlaeg Lynetten,73
1007247_1,Copenaghen_RL,Lactococcus_A,0.01436275,2020-06-24 00:00:00,DTU_2020_1007247_1_MG_RL_CPH_Sewage_707,Denmark,Copenhagen,55.6956,12.6139,Rensningsanlaeg Lynetten,73
1007247_1,Copenaghen_RL,Lenti-01,0.000115494,2020-06-24 00:00:00,DTU_2020_1007247_1_MG_RL_CPH_Sewage_707,Denmark,Copenhagen,55.6956,12.6139,Rensningsanlaeg Lynetten,73
1007247_1,Copenaghen_RL,Microthrix,4.94715e-05,2020-06-24 00:00:00,DTU_2020_1007247_1_MG_RL_CPH_Sewage_707,Denmark,Copenhagen,55.6956,12.6139,Rensningsanlaeg Lynetten,73
1007247_1,Copenaghen_RL,Moraxella_A,0.011904046,2020-06-24 00:00:00,DTU_2020_1007247_1_MG_RL_CPH_Sewage_707,Denmark,Copenhagen,55.6956,12.6139,Rensningsanlaeg Lynetten,73
1007247_1,Copenaghen_RL,Neisseria,0.015197888,2020-06-24 00:00:00,DTU_2020_1007247_1_MG_RL_CPH_Sewage_707,Denmark,Copenhagen,55.6956,12.6139,Rensningsanlaeg Lynetten,73
1007247_1,Copenaghen_RL,Novosphingobium,0.000233805,2020-06-24 00:00:00,DTU_2020_1007247_1_MG_RL_CPH_Sewage_707,Denmark,Copenhagen,55.6956,12.6139,Rensningsanlaeg Lynetten,73
1007247_1,Copenaghen_RL,Ottowia,0.024591534,2020-06-24 00:00:00,DTU_2020_1007247_1_MG_RL_CPH_Sewage_707,Denmark,Copenhagen,55.6956,12.6139,Rensningsanlaeg Lynetten,73
1007247_1,Copenaghen_RL,Paracoccus,0.001071998,2020-06-24 00:00:00,DTU_2020_1007247_1_MG_RL_CPH_Sewage_707,Denmark,Copenhagen,55.6956,12.6139,Rensningsanlaeg Lynetten,73
1007247_1,Copenaghen_RL,Phocaeicola,0.001569887,2020-06-24 00:00:00,DTU_2020_1007247_1_MG_RL_CPH_Sewage_707,Denmark,Copenhagen,55.6956,12.6139,Rensningsanlaeg Lynetten,73
1007247_1,Copenaghen_RL,Prevotella,0.004323012,2020-06-24 00:00:00,DTU_2020_1007247_1_MG_RL_CPH_Sewage_707,Denmark,Copenhagen,55.6956,12.6139,Rensningsanlaeg Lynetten,73
1007247_1,Copenaghen_RL,Propionivibrio,0.004819201,2020-06-24 00:00:00,DTU_2020_1007247_1_MG_RL_CPH_Sewage_707,Denmark,Copenhagen,55.6956,12.6139,Rensningsanlaeg Lynetten,73
1007247_1,Copenaghen_RL,Pseudomonas_E,0.18499881,2020-06-24 00:00:00,DTU_2020_1007247_1_MG_RL_CPH_Sewage_707,Denmark,Copenhagen,55.6956,12.6139,Rensningsanlaeg Lynetten,73
1007247_1,Copenaghen_RL,Pseudoxanthomonas,0.005292812,2020-06-24 00:00:00,DTU_2020_1007247_1_MG_RL_CPH_Sewage_707,Denmark,Copenhagen,55.6956,12.6139,Rensningsanlaeg Lynetten,73
1007247_1,Copenaghen_RL,Pseudoxanthomonas_A,0.007512459,2020-06-24 00:00:00,DTU_2020_1007247_1_MG_RL_CPH_Sewage_707,Denmark,Copenhagen,55.6956,12.6139,Rensningsanlaeg Lynetten,73
1007247_1,Copenaghen_RL,Psychrobacter,0.024784145,2020-06-24 00:00:00,DTU_2020_1007247_1_MG_RL_CPH_Sewage_707,Denmark,Copenhagen,55.6956,12.6139,Rensningsanlaeg Lynetten,73
1007247_1,Copenaghen_RL,Rubrivivax,0.000130757,2020-06-24 00:00:00,DTU_2020_1007247_1_MG_RL_CPH_Sewage_707,Denmark,Copenhagen,55.6956,12.6139,Rensningsanlaeg Lynetten,73
1007247_1,Copenaghen_RL,Streptococcus,0.020424388,2020-06-24 00:00:00,DTU_2020_1007247_1_MG_RL_CPH_Sewage_707,Denmark,Copenhagen,55.6956,12.6139,Rensningsanlaeg Lynetten,73
1007247_1,Copenaghen_RL,Telluria,0.001509376,2020-06-24 00:00:00,DTU_2020_1007247_1_MG_RL_CPH_Sewage_707,Denmark,Copenhagen,55.6956,12.6139,Rensningsanlaeg Lynetten,73
1007247_1,Copenaghen_RL,Thauera,0.012357333,2020-06-24 00:00:00,DTU_2020_1007247_1_MG_RL_CPH_Sewage_707,Denmark,Copenhagen,55.6956,12.6139,Rensningsanlaeg Lynetten,73
1007247_1,Copenaghen_RL,Thermomonas,0.005222215,2020-06-24 00:00:00,DTU_2020_1007247_1_MG_RL_CPH_Sewage_707,Denmark,Copenhagen,55.6956,12.6139,Rensningsanlaeg Lynetten,73
1007247_1,Copenaghen_RL,Thiothrix,0.00050512,2020-06-24 00:00:00,DTU_2020_1007247_1_MG_RL_CPH_Sewage_707,Denmark,Copenhagen,55.6956,12.6139,Rensningsanlaeg Lynetten,73
1007247_1,Copenaghen_RL,Tolumonas,0.003049036,2020-06-24 00:00:00,DTU_2020_1007247_1_MG_RL_CPH_Sewage_707,Denmark,Copenhagen,55.6956,12.6139,Rensningsanlaeg Lynetten,73
1007247_1,Copenaghen_RL,Trichococcus,0.015106702,2020-06-24 00:00:00,DTU_2020_1007247_1_MG_RL_CPH_Sewage_707,Denmark,Copenhagen,55.6956,12.6139,Rensningsanlaeg Lynetten,73
1007247_1,Copenaghen_RL,UBA1413,6.37815e-06,2020-06-24 00:00:00,DTU_2020_1007247_1_MG_RL_CPH_Sewage_707,Denmark,Copenhagen,55.6956,12.6139,Rensningsanlaeg Lynetten,73
1007247_1,Copenaghen_RL,merged,0.303461826,2020-06-24 00:00:00,DTU_2020_1007247_1_MG_RL_CPH_Sewage_707,Denmark,Copenhagen,55.6956,12.6139,Rensningsanlaeg Lynetten,73
1007250_1,Copenaghen_RA,Acidovorax,0.18960132,2020-06-29 00:00:00,DTU_2020_1007250_1_MG_RA_CPH_Sewage_711,Denmark,Copenhagen,55.6085,12.4505,Rensningsanlaeg Avedoere,73
1007250_1,Copenaghen_RA,Acinetobacter,0.031488852,2020-06-29 00:00:00,DTU_2020_1007250_1_MG_RA_CPH_Sewage_711,Denmark,Copenhagen,55.6085,12.4505,Rensningsanlaeg Avedoere,73
1007250_1,Copenaghen_RA,Aeromonas,0.009940429,2020-06-29 00:00:00,DTU_2020_1007250_1_MG_RA_CPH_Sewage_711,Denmark,Copenhagen,55.6085,12.4505,Rensningsanlaeg Avedoere,73
1007250_1,Copenaghen_RA,Aliarcobacter,0.029913765,2020-06-29 00:00:00,DTU_2020_1007250_1_MG_RA_CPH_Sewage_711,Denmark,Copenhagen,55.6085,12.4505,Rensningsanlaeg Avedoere,73
1007250_1,Copenaghen_RA,Aquabacterium_A,0.000282376,2020-06-29 00:00:00,DTU_2020_1007250_1_MG_RA_CPH_Sewage_711,Denmark,Copenhagen,55.6085,12.4505,Rensningsanlaeg Avedoere,73
1007250_1,Copenaghen_RA,Bacteroides,0.002552087,2020-06-29 00:00:00,DTU_2020_1007250_1_MG_RA_CPH_Sewage_711,Denmark,Copenhagen,55.6085,12.4505,Rensningsanlaeg Avedoere,73
1007250_1,Copenaghen_RA,Brachymonas,0.013239484,2020-06-29 00:00:00,DTU_2020_1007250_1_MG_RA_CPH_Sewage_711,Denmark,Copenhagen,55.6085,12.4505,Rensningsanlaeg Avedoere,73
1007250_1,Copenaghen_RA,Brevefilum,2.04874e-05,2020-06-29 00:00:00,DTU_2020_1007250_1_MG_RA_CPH_Sewage_711,Denmark,Copenhagen,55.6085,12.4505,Rensningsanlaeg Avedoere,73
1007250_1,Copenaghen_RA,Brevundimonas,0.000909442,2020-06-29 00:00:00,DTU_2020_1007250_1_MG_RA_CPH_Sewage_711,Denmark,Copenhagen,55.6085,12.4505,Rensningsanlaeg Avedoere,73
1007250_1,Copenaghen_RA,Cloacibacterium,0.030137382,2020-06-29 00:00:00,DTU_2020_1007250_1_MG_RA_CPH_Sewage_711,Denmark,Copenhagen,55.6085,12.4505,Rensningsanlaeg Avedoere,73
1007250_1,Copenaghen_RA,Comamonas,0.020674951,2020-06-29 00:00:00,DTU_2020_1007250_1_MG_RA_CPH_Sewage_711,Denmark,Copenhagen,55.6085,12.4505,Rensningsanlaeg Avedoere,73
1007250_1,Copenaghen_RA,Competibacter_A,4.203e-05,2020-06-29 00:00:00,DTU_2020_1007250_1_MG_RA_CPH_Sewage_711,Denmark,Copenhagen,55.6085,12.4505,Rensningsanlaeg Avedoere,73
1007250_1,Copenaghen_RA,Enterobacter,0.000612281,2020-06-29 00:00:00,DTU_2020_1007250_1_MG_RA_CPH_Sewage_711,Denmark,Copenhagen,55.6085,12.4505,Rensningsanlaeg Avedoere,73
1007250_1,Copenaghen_RA,Fermentibacter,1.50712e-05,2020-06-29 00:00:00,DTU_2020_1007250_1_MG_RA_CPH_Sewage_711,Denmark,Copenhagen,55.6085,12.4505,Rensningsanlaeg Avedoere,73
1007250_1,Copenaghen_RA,Flavobacterium,0.013523882,2020-06-29 00:00:00,DTU_2020_1007250_1_MG_RA_CPH_Sewage_711,Denmark,Copenhagen,55.6085,12.4505,Rensningsanlaeg Avedoere,73
1007250_1,Copenaghen_RA,Giesbergeria,0.022741675,2020-06-29 00:00:00,DTU_2020_1007250_1_MG_RA_CPH_Sewage_711,Denmark,Copenhagen,55.6085,12.4505,Rensningsanlaeg Avedoere,73
1007250_1,Copenaghen_RA,Hydrogenophaga,0.001420907,2020-06-29 00:00:00,DTU_2020_1007250_1_MG_RA_CPH_Sewage_711,Denmark,Copenhagen,55.6085,12.4505,Rensningsanlaeg Avedoere,73
1007250_1,Copenaghen_RA,JAGOYM01,0.019942083,2020-06-29 00:00:00,DTU_2020_1007250_1_MG_RA_CPH_Sewage_711,Denmark,Copenhagen,55.6085,12.4505,Rensningsanlaeg Avedoere,73
1007250_1,Copenaghen_RA,Janthinobacterium,0.001937262,2020-06-29 00:00:00,DTU_2020_1007250_1_MG_RA_CPH_Sewage_711,Denmark,Copenhagen,55.6085,12.4505,Rensningsanlaeg Avedoere,73
1007250_1,Copenaghen_RA,Kaistella,0.004111487,2020-06-29 00:00:00,DTU_2020_1007250_1_MG_RA_CPH_Sewage_711,Denmark,Copenhagen,55.6085,12.4505,Rensningsanlaeg Avedoere,73
1007250_1,Copenaghen_RA,Lactococcus_A,0.00823473,2020-06-29 00:00:00,DTU_2020_1007250_1_MG_RA_CPH_Sewage_711,Denmark,Copenhagen,55.6085,12.4505,Rensningsanlaeg Avedoere,73
1007250_1,Copenaghen_RA,Lenti-01,0.00024049,2020-06-29 00:00:00,DTU_2020_1007250_1_MG_RA_CPH_Sewage_711,Denmark,Copenhagen,55.6085,12.4505,Rensningsanlaeg Avedoere,73
1007250_1,Copenaghen_RA,Microthrix,0.000125158,2020-06-29 00:00:00,DTU_2020_1007250_1_MG_RA_CPH_Sewage_711,Denmark,Copenhagen,55.6085,12.4505,Rensningsanlaeg Avedoere,73
1007250_1,Copenaghen_RA,Moraxella_A,0.003942072,2020-06-29 00:00:00,DTU_2020_1007250_1_MG_RA_CPH_Sewage_711,Denmark,Copenhagen,55.6085,12.4505,Rensningsanlaeg Avedoere,73
1007250_1,Copenaghen_RA,Neisseria,0.034569361,2020-06-29 00:00:00,DTU_2020_1007250_1_MG_RA_CPH_Sewage_711,Denmark,Copenhagen,55.6085,12.4505,Rensningsanlaeg Avedoere,73
1007250_1,Copenaghen_RA,Novosphingobium,0.000375513,2020-06-29 00:00:00,DTU_2020_1007250_1_MG_RA_CPH_Sewage_711,Denmark,Copenhagen,55.6085,12.4505,Rensningsanlaeg Avedoere,73
1007250_1,Copenaghen_RA,Ottowia,0.017742331,2020-06-29 00:00:00,DTU_2020_1007250_1_MG_RA_CPH_Sewage_711,Denmark,Copenhagen,55.6085,12.4505,Rensningsanlaeg Avedoere,73
1007250_1,Copenaghen_RA,Paracoccus,0.002906224,2020-06-29 00:00:00,DTU_2020_1007250_1_MG_RA_CPH_Sewage_711,Denmark,Copenhagen,55.6085,12.4505,Rensningsanlaeg Avedoere,73
1007250_1,Copenaghen_RA,Phocaeicola,0.001955818,2020-06-29 00:00:00,DTU_2020_1007250_1_MG_RA_CPH_Sewage_711,Denmark,Copenhagen,55.6085,12.4505,Rensningsanlaeg Avedoere,73
1007250_1,Copenaghen_RA,Prevotella,0.00391319,2020-06-29 00:00:00,DTU_2020_1007250_1_MG_RA_CPH_Sewage_711,Denmark,Copenhagen,55.6085,12.4505,Rensningsanlaeg Avedoere,73
1007250_1,Copenaghen_RA,Propionivibrio,0.01636135,2020-06-29 00:00:00,DTU_2020_1007250_1_MG_RA_CPH_Sewage_711,Denmark,Copenhagen,55.6085,12.4505,Rensningsanlaeg Avedoere,73
1007250_1,Copenaghen_RA,Pseudomonas_E,0.096472145,2020-06-29 00:00:00,DTU_2020_1007250_1_MG_RA_CPH_Sewage_711,Denmark,Copenhagen,55.6085,12.4505,Rensningsanlaeg Avedoere,73
1007250_1,Copenaghen_RA,Pseudoxanthomonas,0.002615556,2020-06-29 00:00:00,DTU_2020_1007250_1_MG_RA_CPH_Sewage_711,Denmark,Copenhagen,55.6085,12.4505,Rensningsanlaeg Avedoere,73
1007250_1,Copenaghen_RA,Pseudoxanthomonas_A,0.008363582,2020-06-29 00:00:00,DTU_2020_1007250_1_MG_RA_CPH_Sewage_711,Denmark,Copenhagen,55.6085,12.4505,Rensningsanlaeg Avedoere,73
1007250_1,Copenaghen_RA,Psychrobacter,0.006153247,2020-06-29 00:00:00,DTU_2020_1007250_1_MG_RA_CPH_Sewage_711,Denmark,Copenhagen,55.6085,12.4505,Rensningsanlaeg Avedoere,73
1007250_1,Copenaghen_RA,Rubrivivax,0.000229281,2020-06-29 00:00:00,DTU_2020_1007250_1_MG_RA_CPH_Sewage_711,Denmark,Copenhagen,55.6085,12.4505,Rensningsanlaeg Avedoere,73
1007250_1,Copenaghen_RA,Streptococcus,0.01330691,2020-06-29 00:00:00,DTU_2020_1007250_1_MG_RA_CPH_Sewage_711,Denmark,Copenhagen,55.6085,12.4505,Rensningsanlaeg Avedoere,73
1007250_1,Copenaghen_RA,Telluria,0.000760976,2020-06-29 00:00:00,DTU_2020_1007250_1_MG_RA_CPH_Sewage_711,Denmark,Copenhagen,55.6085,12.4505,Rensningsanlaeg Avedoere,73
1007250_1,Copenaghen_RA,Thauera,0.023511011,2020-06-29 00:00:00,DTU_2020_1007250_1_MG_RA_CPH_Sewage_711,Denmark,Copenhagen,55.6085,12.4505,Rensningsanlaeg Avedoere,73
1007250_1,Copenaghen_RA,Thermomonas,0.010796694,2020-06-29 00:00:00,DTU_2020_1007250_1_MG_RA_CPH_Sewage_711,Denmark,Copenhagen,55.6085,12.4505,Rensningsanlaeg Avedoere,73
1007250_1,Copenaghen_RA,Thiothrix,0.000889823,2020-06-29 00:00:00,DTU_2020_1007250_1_MG_RA_CPH_Sewage_711,Denmark,Copenhagen,55.6085,12.4505,Rensningsanlaeg Avedoere,73
1007250_1,Copenaghen_RA,Tolumonas,0.002444634,2020-06-29 00:00:00,DTU_2020_1007250_1_MG_RA_CPH_Sewage_711,Denmark,Copenhagen,55.6085,12.4505,Rensningsanlaeg Avedoere,73
1007250_1,Copenaghen_RA,Trichococcus,0.012325974,2020-06-29 00:00:00,DTU_2020_1007250_1_MG_RA_CPH_Sewage_711,Denmark,Copenhagen,55.6085,12.4505,Rensningsanlaeg Avedoere,73
1007250_1,Copenaghen_RA,UBA1413,7.95708e-06,2020-06-29 00:00:00,DTU_2020_1007250_1_MG_RA_CPH_Sewage_711,Denmark,Copenhagen,55.6085,12.4505,Rensningsanlaeg Avedoere,73
1007250_1,Copenaghen_RA,merged,0.338648719,2020-06-29 00:00:00,DTU_2020_1007250_1_MG_RA_CPH_Sewage_711,Denmark,Copenhagen,55.6085,12.4505,Rensningsanlaeg Avedoere,73
1007251_1,Copenaghen_RD,Acidovorax,0.164381077,2020-06-29 00:00:00,DTU_2020_1007251_1_MG_RD_CPH_Sewage_712,Denmark,Copenhagen,55.6405,12.5058,Rensningsanlaeg Damhusaaen,73
1007251_1,Copenaghen_RD,Acinetobacter,0.034105549,2020-06-29 00:00:00,DTU_2020_1007251_1_MG_RD_CPH_Sewage_712,Denmark,Copenhagen,55.6405,12.5058,Rensningsanlaeg Damhusaaen,73
1007251_1,Copenaghen_RD,Aeromonas,0.028934273,2020-06-29 00:00:00,DTU_2020_1007251_1_MG_RD_CPH_Sewage_712,Denmark,Copenhagen,55.6405,12.5058,Rensningsanlaeg Damhusaaen,73
1007251_1,Copenaghen_RD,Aliarcobacter,0.052986986,2020-06-29 00:00:00,DTU_2020_1007251_1_MG_RD_CPH_Sewage_712,Denmark,Copenhagen,55.6405,12.5058,Rensningsanlaeg Damhusaaen,73
1007251_1,Copenaghen_RD,Aquabacterium_A,0.000503628,2020-06-29 00:00:00,DTU_2020_1007251_1_MG_RD_CPH_Sewage_712,Denmark,Copenhagen,55.6405,12.5058,Rensningsanlaeg Damhusaaen,73
1007251_1,Copenaghen_RD,Bacteroides,0.007234694,2020-06-29 00:00:00,DTU_2020_1007251_1_MG_RD_CPH_Sewage_712,Denmark,Copenhagen,55.6405,12.5058,Rensningsanlaeg Damhusaaen,73
1007251_1,Copenaghen_RD,Brachymonas,0.0381492,2020-06-29 00:00:00,DTU_2020_1007251_1_MG_RD_CPH_Sewage_712,Denmark,Copenhagen,55.6405,12.5058,Rensningsanlaeg Damhusaaen,73
1007251_1,Copenaghen_RD,Brevefilum,4.92033e-05,2020-06-29 00:00:00,DTU_2020_1007251_1_MG_RD_CPH_Sewage_712,Denmark,Copenhagen,55.6405,12.5058,Rensningsanlaeg Damhusaaen,73
1007251_1,Copenaghen_RD,Brevundimonas,0.000711756,2020-06-29 00:00:00,DTU_2020_1007251_1_MG_RD_CPH_Sewage_712,Denmark,Copenhagen,55.6405,12.5058,Rensningsanlaeg Damhusaaen,73
1007251_1,Copenaghen_RD,Cloacibacterium,0.031128812,2020-06-29 00:00:00,DTU_2020_1007251_1_MG_RD_CPH_Sewage_712,Denmark,Copenhagen,55.6405,12.5058,Rensningsanlaeg Damhusaaen,73
1007251_1,Copenaghen_RD,Comamonas,0.019976029,2020-06-29 00:00:00,DTU_2020_1007251_1_MG_RD_CPH_Sewage_712,Denmark,Copenhagen,55.6405,12.5058,Rensningsanlaeg Damhusaaen,73
1007251_1,Copenaghen_RD,Competibacter_A,0.000106236,2020-06-29 00:00:00,DTU_2020_1007251_1_MG_RD_CPH_Sewage_712,Denmark,Copenhagen,55.6405,12.5058,Rensningsanlaeg Damhusaaen,73
1007251_1,Copenaghen_RD,Enterobacter,0.000813213,2020-06-29 00:00:00,DTU_2020_1007251_1_MG_RD_CPH_Sewage_712,Denmark,Copenhagen,55.6405,12.5058,Rensningsanlaeg Damhusaaen,73
1007251_1,Copenaghen_RD,Fermentibacter,1.44501e-05,2020-06-29 00:00:00,DTU_2020_1007251_1_MG_RD_CPH_Sewage_712,Denmark,Copenhagen,55.6405,12.5058,Rensningsanlaeg Damhusaaen,73
1007251_1,Copenaghen_RD,Flavobacterium,0.013125198,2020-06-29 00:00:00,DTU_2020_1007251_1_MG_RD_CPH_Sewage_712,Denmark,Copenhagen,55.6405,12.5058,Rensningsanlaeg Damhusaaen,73
1007251_1,Copenaghen_RD,Giesbergeria,0.014811324,2020-06-29 00:00:00,DTU_2020_1007251_1_MG_RD_CPH_Sewage_712,Denmark,Copenhagen,55.6405,12.5058,Rensningsanlaeg Damhusaaen,73
1007251_1,Copenaghen_RD,Hydrogenophaga,0.001072031,2020-06-29 00:00:00,DTU_2020_1007251_1_MG_RD_CPH_Sewage_712,Denmark,Copenhagen,55.6405,12.5058,Rensningsanlaeg Damhusaaen,73
1007251_1,Copenaghen_RD,JAGOYM01,0.006555655,2020-06-29 00:00:00,DTU_2020_1007251_1_MG_RD_CPH_Sewage_712,Denmark,Copenhagen,55.6405,12.5058,Rensningsanlaeg Damhusaaen,73
1007251_1,Copenaghen_RD,Janthinobacterium,0.000907804,2020-06-29 00:00:00,DTU_2020_1007251_1_MG_RD_CPH_Sewage_712,Denmark,Copenhagen,55.6405,12.5058,Rensningsanlaeg Damhusaaen,73
1007251_1,Copenaghen_RD,Kaistella,0.006902889,2020-06-29 00:00:00,DTU_2020_1007251_1_MG_RD_CPH_Sewage_712,Denmark,Copenhagen,55.6405,12.5058,Rensningsanlaeg Damhusaaen,73
1007251_1,Copenaghen_RD,Lactococcus_A,0.008543474,2020-06-29 00:00:00,DTU_2020_1007251_1_MG_RD_CPH_Sewage_712,Denmark,Copenhagen,55.6405,12.5058,Rensningsanlaeg Damhusaaen,73
1007251_1,Copenaghen_RD,Lenti-01,0.000231801,2020-06-29 00:00:00,DTU_2020_1007251_1_MG_RD_CPH_Sewage_712,Denmark,Copenhagen,55.6405,12.5058,Rensningsanlaeg Damhusaaen,73
1007251_1,Copenaghen_RD,Microthrix,0.000510464,2020-06-29 00:00:00,DTU_2020_1007251_1_MG_RD_CPH_Sewage_712,Denmark,Copenhagen,55.6405,12.5058,Rensningsanlaeg Damhusaaen,73
1007251_1,Copenaghen_RD,Moraxella_A,0.003986681,2020-06-29 00:00:00,DTU_2020_1007251_1_MG_RD_CPH_Sewage_712,Denmark,Copenhagen,55.6405,12.5058,Rensningsanlaeg Damhusaaen,73
1007251_1,Copenaghen_RD,Neisseria,0.023952009,2020-06-29 00:00:00,DTU_2020_1007251_1_MG_RD_CPH_Sewage_712,Denmark,Copenhagen,55.6405,12.5058,Rensningsanlaeg Damhusaaen,73
1007251_1,Copenaghen_RD,Novosphingobium,0.000467488,2020-06-29 00:00:00,DTU_2020_1007251_1_MG_RD_CPH_Sewage_712,Denmark,Copenhagen,55.6405,12.5058,Rensningsanlaeg Damhusaaen,73
1007251_1,Copenaghen_RD,Ottowia,0.015487661,2020-06-29 00:00:00,DTU_2020_1007251_1_MG_RD_CPH_Sewage_712,Denmark,Copenhagen,55.6405,12.5058,Rensningsanlaeg Damhusaaen,73
1007251_1,Copenaghen_RD,Paracoccus,0.001105248,2020-06-29 00:00:00,DTU_2020_1007251_1_MG_RD_CPH_Sewage_712,Denmark,Copenhagen,55.6405,12.5058,Rensningsanlaeg Damhusaaen,73
1007251_1,Copenaghen_RD,Phocaeicola,0.006176192,2020-06-29 00:00:00,DTU_2020_1007251_1_MG_RD_CPH_Sewage_712,Denmark,Copenhagen,55.6405,12.5058,Rensningsanlaeg Damhusaaen,73
1007251_1,Copenaghen_RD,Prevotella,0.020774249,2020-06-29 00:00:00,DTU_2020_1007251_1_MG_RD_CPH_Sewage_712,Denmark,Copenhagen,55.6405,12.5058,Rensningsanlaeg Damhusaaen,73
1007251_1,Copenaghen_RD,Propionivibrio,0.011015696,2020-06-29 00:00:00,DTU_2020_1007251_1_MG_RD_CPH_Sewage_712,Denmark,Copenhagen,55.6405,12.5058,Rensningsanlaeg Damhusaaen,73
1007251_1,Copenaghen_RD,Pseudomonas_E,0.017330783,2020-06-29 00:00:00,DTU_2020_1007251_1_MG_RD_CPH_Sewage_712,Denmark,Copenhagen,55.6405,12.5058,Rensningsanlaeg Damhusaaen,73
1007251_1,Copenaghen_RD,Pseudoxanthomonas,0.003039316,2020-06-29 00:00:00,DTU_2020_1007251_1_MG_RD_CPH_Sewage_712,Denmark,Copenhagen,55.6405,12.5058,Rensningsanlaeg Damhusaaen,73
1007251_1,Copenaghen_RD,Pseudoxanthomonas_A,0.021186075,2020-06-29 00:00:00,DTU_2020_1007251_1_MG_RD_CPH_Sewage_712,Denmark,Copenhagen,55.6405,12.5058,Rensningsanlaeg Damhusaaen,73
1007251_1,Copenaghen_RD,Psychrobacter,0.004848557,2020-06-29 00:00:00,DTU_2020_1007251_1_MG_RD_CPH_Sewage_712,Denmark,Copenhagen,55.6405,12.5058,Rensningsanlaeg Damhusaaen,73
1007251_1,Copenaghen_RD,Rubrivivax,0.000391328,2020-06-29 00:00:00,DTU_2020_1007251_1_MG_RD_CPH_Sewage_712,Denmark,Copenhagen,55.6405,12.5058,Rensningsanlaeg Damhusaaen,73
1007251_1,Copenaghen_RD,Streptococcus,0.058874811,2020-06-29 00:00:00,DTU_2020_1007251_1_MG_RD_CPH_Sewage_712,Denmark,Copenhagen,55.6405,12.5058,Rensningsanlaeg Damhusaaen,73
1007251_1,Copenaghen_RD,Telluria,0.000470396,2020-06-29 00:00:00,DTU_2020_1007251_1_MG_RD_CPH_Sewage_712,Denmark,Copenhagen,55.6405,12.5058,Rensningsanlaeg Damhusaaen,73
1007251_1,Copenaghen_RD,Thauera,0.013936186,2020-06-29 00:00:00,DTU_2020_1007251_1_MG_RD_CPH_Sewage_712,Denmark,Copenhagen,55.6405,12.5058,Rensningsanlaeg Damhusaaen,73
1007251_1,Copenaghen_RD,Thermomonas,0.009083414,2020-06-29 00:00:00,DTU_2020_1007251_1_MG_RD_CPH_Sewage_712,Denmark,Copenhagen,55.6405,12.5058,Rensningsanlaeg Damhusaaen,73
1007251_1,Copenaghen_RD,Thiothrix,0.001208991,2020-06-29 00:00:00,DTU_2020_1007251_1_MG_RD_CPH_Sewage_712,Denmark,Copenhagen,55.6405,12.5058,Rensningsanlaeg Damhusaaen,73
1007251_1,Copenaghen_RD,Tolumonas,0.001806735,2020-06-29 00:00:00,DTU_2020_1007251_1_MG_RD_CPH_Sewage_712,Denmark,Copenhagen,55.6405,12.5058,Rensningsanlaeg Damhusaaen,73
1007251_1,Copenaghen_RD,Trichococcus,0.007750164,2020-06-29 00:00:00,DTU_2020_1007251_1_MG_RD_CPH_Sewage_712,Denmark,Copenhagen,55.6405,12.5058,Rensningsanlaeg Damhusaaen,73
1007251_1,Copenaghen_RD,UBA1413,2.43688e-05,2020-06-29 00:00:00,DTU_2020_1007251_1_MG_RD_CPH_Sewage_712,Denmark,Copenhagen,55.6405,12.5058,Rensningsanlaeg Damhusaaen,73
1007251_1,Copenaghen_RD,merged,0.345327906,2020-06-29 00:00:00,DTU_2020_1007251_1_MG_RD_CPH_Sewage_712,Denmark,Copenhagen,55.6405,12.5058,Rensningsanlaeg Damhusaaen,73
1007249_1,Copenaghen_RL,Acidovorax,0.162668248,2020-06-29 00:00:00,DTU_2020_1007249_1_MG_RL_CPH_Sewage_710,Denmark,Copenhagen,55.6956,12.6139,Rensningsanlaeg Lynetten,73
1007249_1,Copenaghen_RL,Acinetobacter,0.032304121,2020-06-29 00:00:00,DTU_2020_1007249_1_MG_RL_CPH_Sewage_710,Denmark,Copenhagen,55.6956,12.6139,Rensningsanlaeg Lynetten,73
1007249_1,Copenaghen_RL,Aeromonas,0.005383241,2020-06-29 00:00:00,DTU_2020_1007249_1_MG_RL_CPH_Sewage_710,Denmark,Copenhagen,55.6956,12.6139,Rensningsanlaeg Lynetten,73
1007249_1,Copenaghen_RL,Aliarcobacter,0.036910063,2020-06-29 00:00:00,DTU_2020_1007249_1_MG_RL_CPH_Sewage_710,Denmark,Copenhagen,55.6956,12.6139,Rensningsanlaeg Lynetten,73
1007249_1,Copenaghen_RL,Aquabacterium_A,0.000184998,2020-06-29 00:00:00,DTU_2020_1007249_1_MG_RL_CPH_Sewage_710,Denmark,Copenhagen,55.6956,12.6139,Rensningsanlaeg Lynetten,73
1007249_1,Copenaghen_RL,Bacteroides,0.00625505,2020-06-29 00:00:00,DTU_2020_1007249_1_MG_RL_CPH_Sewage_710,Denmark,Copenhagen,55.6956,12.6139,Rensningsanlaeg Lynetten,73
1007249_1,Copenaghen_RL,Brachymonas,0.019372833,2020-06-29 00:00:00,DTU_2020_1007249_1_MG_RL_CPH_Sewage_710,Denmark,Copenhagen,55.6956,12.6139,Rensningsanlaeg Lynetten,73
1007249_1,Copenaghen_RL,Brevefilum,2.82572e-05,2020-06-29 00:00:00,DTU_2020_1007249_1_MG_RL_CPH_Sewage_710,Denmark,Copenhagen,55.6956,12.6139,Rensningsanlaeg Lynetten,73
1007249_1,Copenaghen_RL,Brevundimonas,0.00111149,2020-06-29 00:00:00,DTU_2020_1007249_1_MG_RL_CPH_Sewage_710,Denmark,Copenhagen,55.6956,12.6139,Rensningsanlaeg Lynetten,73
1007249_1,Copenaghen_RL,Cloacibacterium,0.02310664,2020-06-29 00:00:00,DTU_2020_1007249_1_MG_RL_CPH_Sewage_710,Denmark,Copenhagen,55.6956,12.6139,Rensningsanlaeg Lynetten,73
1007249_1,Copenaghen_RL,Comamonas,0.047970393,2020-06-29 00:00:00,DTU_2020_1007249_1_MG_RL_CPH_Sewage_710,Denmark,Copenhagen,55.6956,12.6139,Rensningsanlaeg Lynetten,73
1007249_1,Copenaghen_RL,Competibacter_A,5.09814e-05,2020-06-29 00:00:00,DTU_2020_1007249_1_MG_RL_CPH_Sewage_710,Denmark,Copenhagen,55.6956,12.6139,Rensningsanlaeg Lynetten,73
1007249_1,Copenaghen_RL,Enterobacter,0.000624352,2020-06-29 00:00:00,DTU_2020_1007249_1_MG_RL_CPH_Sewage_710,Denmark,Copenhagen,55.6956,12.6139,Rensningsanlaeg Lynetten,73
1007249_1,Copenaghen_RL,Fermentibacter,2.64993e-05,2020-06-29 00:00:00,DTU_2020_1007249_1_MG_RL_CPH_Sewage_710,Denmark,Copenhagen,55.6956,12.6139,Rensningsanlaeg Lynetten,73
1007249_1,Copenaghen_RL,Flavobacterium,0.010159531,2020-06-29 00:00:00,DTU_2020_1007249_1_MG_RL_CPH_Sewage_710,Denmark,Copenhagen,55.6956,12.6139,Rensningsanlaeg Lynetten,73
1007249_1,Copenaghen_RL,Giesbergeria,0.015456508,2020-06-29 00:00:00,DTU_2020_1007249_1_MG_RL_CPH_Sewage_710,Denmark,Copenhagen,55.6956,12.6139,Rensningsanlaeg Lynetten,73
1007249_1,Copenaghen_RL,Hydrogenophaga,0.000957232,2020-06-29 00:00:00,DTU_2020_1007249_1_MG_RL_CPH_Sewage_710,Denmark,Copenhagen,55.6956,12.6139,Rensningsanlaeg Lynetten,73
1007249_1,Copenaghen_RL,JAGOYM01,0.00769146,2020-06-29 00:00:00,DTU_2020_1007249_1_MG_RL_CPH_Sewage_710,Denmark,Copenhagen,55.6956,12.6139,Rensningsanlaeg Lynetten,73
1007249_1,Copenaghen_RL,Janthinobacterium,0.001243777,2020-06-29 00:00:00,DTU_2020_1007249_1_MG_RL_CPH_Sewage_710,Denmark,Copenhagen,55.6956,12.6139,Rensningsanlaeg Lynetten,73
1007249_1,Copenaghen_RL,Kaistella,0.00407645,2020-06-29 00:00:00,DTU_2020_1007249_1_MG_RL_CPH_Sewage_710,Denmark,Copenhagen,55.6956,12.6139,Rensningsanlaeg Lynetten,73
1007249_1,Copenaghen_RL,Lactococcus_A,0.013821903,2020-06-29 00:00:00,DTU_2020_1007249_1_MG_RL_CPH_Sewage_710,Denmark,Copenhagen,55.6956,12.6139,Rensningsanlaeg Lynetten,73
1007249_1,Copenaghen_RL,Lenti-01,0.000182095,2020-06-29 00:00:00,DTU_2020_1007249_1_MG_RL_CPH_Sewage_710,Denmark,Copenhagen,55.6956,12.6139,Rensningsanlaeg Lynetten,73
1007249_1,Copenaghen_RL,Microthrix,3.40247e-05,2020-06-29 00:00:00,DTU_2020_1007249_1_MG_RL_CPH_Sewage_710,Denmark,Copenhagen,55.6956,12.6139,Rensningsanlaeg Lynetten,73
1007249_1,Copenaghen_RL,Moraxella_A,0.00578294,2020-06-29 00:00:00,DTU_2020_1007249_1_MG_RL_CPH_Sewage_710,Denmark,Copenhagen,55.6956,12.6139,Rensningsanlaeg Lynetten,73
1007249_1,Copenaghen_RL,Neisseria,0.036125566,2020-06-29 00:00:00,DTU_2020_1007249_1_MG_RL_CPH_Sewage_710,Denmark,Copenhagen,55.6956,12.6139,Rensningsanlaeg Lynetten,73
1007249_1,Copenaghen_RL,Novosphingobium,0.000312402,2020-06-29 00:00:00,DTU_2020_1007249_1_MG_RL_CPH_Sewage_710,Denmark,Copenhagen,55.6956,12.6139,Rensningsanlaeg Lynetten,73
1007249_1,Copenaghen_RL,Ottowia,0.033841252,2020-06-29 00:00:00,DTU_2020_1007249_1_MG_RL_CPH_Sewage_710,Denmark,Copenhagen,55.6956,12.6139,Rensningsanlaeg Lynetten,73
1007249_1,Copenaghen_RL,Paracoccus,0.000828261,2020-06-29 00:00:00,DTU_2020_1007249_1_MG_RL_CPH_Sewage_710,Denmark,Copenhagen,55.6956,12.6139,Rensningsanlaeg Lynetten,73
1007249_1,Copenaghen_RL,Phocaeicola,0.006790939,2020-06-29 00:00:00,DTU_2020_1007249_1_MG_RL_CPH_Sewage_710,Denmark,Copenhagen,55.6956,12.6139,Rensningsanlaeg Lynetten,73
1007249_1,Copenaghen_RL,Prevotella,0.006543926,2020-06-29 00:00:00,DTU_2020_1007249_1_MG_RL_CPH_Sewage_710,Denmark,Copenhagen,55.6956,12.6139,Rensningsanlaeg Lynetten,73
1007249_1,Copenaghen_RL,Propionivibrio,0.016776443,2020-06-29 00:00:00,DTU_2020_1007249_1_MG_RL_CPH_Sewage_710,Denmark,Copenhagen,55.6956,12.6139,Rensningsanlaeg Lynetten,73
1007249_1,Copenaghen_RL,Pseudomonas_E,0.053951168,2020-06-29 00:00:00,DTU_2020_1007249_1_MG_RL_CPH_Sewage_710,Denmark,Copenhagen,55.6956,12.6139,Rensningsanlaeg Lynetten,73
1007249_1,Copenaghen_RL,Pseudoxanthomonas,0.006561086,2020-06-29 00:00:00,DTU_2020_1007249_1_MG_RL_CPH_Sewage_710,Denmark,Copenhagen,55.6956,12.6139,Rensningsanlaeg Lynetten,73
1007249_1,Copenaghen_RL,Pseudoxanthomonas_A,0.009285276,2020-06-29 00:00:00,DTU_2020_1007249_1_MG_RL_CPH_Sewage_710,Denmark,Copenhagen,55.6956,12.6139,Rensningsanlaeg Lynetten,73
1007249_1,Copenaghen_RL,Psychrobacter,0.031195535,2020-06-29 00:00:00,DTU_2020_1007249_1_MG_RL_CPH_Sewage_710,Denmark,Copenhagen,55.6956,12.6139,Rensningsanlaeg Lynetten,73
1007249_1,Copenaghen_RL,Rubrivivax,0.000353427,2020-06-29 00:00:00,DTU_2020_1007249_1_MG_RL_CPH_Sewage_710,Denmark,Copenhagen,55.6956,12.6139,Rensningsanlaeg Lynetten,73
1007249_1,Copenaghen_RL,Streptococcus,0.010283667,2020-06-29 00:00:00,DTU_2020_1007249_1_MG_RL_CPH_Sewage_710,Denmark,Copenhagen,55.6956,12.6139,Rensningsanlaeg Lynetten,73
1007249_1,Copenaghen_RL,Telluria,0.000763372,2020-06-29 00:00:00,DTU_2020_1007249_1_MG_RL_CPH_Sewage_710,Denmark,Copenhagen,55.6956,12.6139,Rensningsanlaeg Lynetten,73
1007249_1,Copenaghen_RL,Thauera,0.022655316,2020-06-29 00:00:00,DTU_2020_1007249_1_MG_RL_CPH_Sewage_710,Denmark,Copenhagen,55.6956,12.6139,Rensningsanlaeg Lynetten,73
1007249_1,Copenaghen_RL,Thermomonas,0.014204359,2020-06-29 00:00:00,DTU_2020_1007249_1_MG_RL_CPH_Sewage_710,Denmark,Copenhagen,55.6956,12.6139,Rensningsanlaeg Lynetten,73
1007249_1,Copenaghen_RL,Thiothrix,0.000531363,2020-06-29 00:00:00,DTU_2020_1007249_1_MG_RL_CPH_Sewage_710,Denmark,Copenhagen,55.6956,12.6139,Rensningsanlaeg Lynetten,73
1007249_1,Copenaghen_RL,Tolumonas,0.002323173,2020-06-29 00:00:00,DTU_2020_1007249_1_MG_RL_CPH_Sewage_710,Denmark,Copenhagen,55.6956,12.6139,Rensningsanlaeg Lynetten,73
1007249_1,Copenaghen_RL,Trichococcus,0.015569371,2020-06-29 00:00:00,DTU_2020_1007249_1_MG_RL_CPH_Sewage_710,Denmark,Copenhagen,55.6956,12.6139,Rensningsanlaeg Lynetten,73
1007249_1,Copenaghen_RL,UBA1413,1.37784e-05,2020-06-29 00:00:00,DTU_2020_1007249_1_MG_RL_CPH_Sewage_710,Denmark,Copenhagen,55.6956,12.6139,Rensningsanlaeg Lynetten,73
1007249_1,Copenaghen_RL,merged,0.335687233,2020-06-29 00:00:00,DTU_2020_1007249_1_MG_RL_CPH_Sewage_710,Denmark,Copenhagen,55.6956,12.6139,Rensningsanlaeg Lynetten,73
1007253_1,Copenaghen_RA,Acidovorax,0.16341312,2020-07-07 00:00:00,DTU_2020_1007253_1_MG_RA_CPH_Sewage_714,Denmark,Copenhagen,55.6085,12.4505,Rensningsanlaeg Avedoere,74
1007253_1,Copenaghen_RA,Acinetobacter,0.034941068,2020-07-07 00:00:00,DTU_2020_1007253_1_MG_RA_CPH_Sewage_714,Denmark,Copenhagen,55.6085,12.4505,Rensningsanlaeg Avedoere,74
1007253_1,Copenaghen_RA,Aeromonas,0.044580555,2020-07-07 00:00:00,DTU_2020_1007253_1_MG_RA_CPH_Sewage_714,Denmark,Copenhagen,55.6085,12.4505,Rensningsanlaeg Avedoere,74
1007253_1,Copenaghen_RA,Aliarcobacter,0.098171179,2020-07-07 00:00:00,DTU_2020_1007253_1_MG_RA_CPH_Sewage_714,Denmark,Copenhagen,55.6085,12.4505,Rensningsanlaeg Avedoere,74
1007253_1,Copenaghen_RA,Aquabacterium_A,0.00022229,2020-07-07 00:00:00,DTU_2020_1007253_1_MG_RA_CPH_Sewage_714,Denmark,Copenhagen,55.6085,12.4505,Rensningsanlaeg Avedoere,74
1007253_1,Copenaghen_RA,Bacteroides,0.005749652,2020-07-07 00:00:00,DTU_2020_1007253_1_MG_RA_CPH_Sewage_714,Denmark,Copenhagen,55.6085,12.4505,Rensningsanlaeg Avedoere,74
1007253_1,Copenaghen_RA,Brachymonas,0.0124127,2020-07-07 00:00:00,DTU_2020_1007253_1_MG_RA_CPH_Sewage_714,Denmark,Copenhagen,55.6085,12.4505,Rensningsanlaeg Avedoere,74
1007253_1,Copenaghen_RA,Brevefilum,1.90005e-05,2020-07-07 00:00:00,DTU_2020_1007253_1_MG_RA_CPH_Sewage_714,Denmark,Copenhagen,55.6085,12.4505,Rensningsanlaeg Avedoere,74
1007253_1,Copenaghen_RA,Brevundimonas,0.000874938,2020-07-07 00:00:00,DTU_2020_1007253_1_MG_RA_CPH_Sewage_714,Denmark,Copenhagen,55.6085,12.4505,Rensningsanlaeg Avedoere,74
1007253_1,Copenaghen_RA,Cloacibacterium,0.026351031,2020-07-07 00:00:00,DTU_2020_1007253_1_MG_RA_CPH_Sewage_714,Denmark,Copenhagen,55.6085,12.4505,Rensningsanlaeg Avedoere,74
1007253_1,Copenaghen_RA,Comamonas,0.040934412,2020-07-07 00:00:00,DTU_2020_1007253_1_MG_RA_CPH_Sewage_714,Denmark,Copenhagen,55.6085,12.4505,Rensningsanlaeg Avedoere,74
1007253_1,Copenaghen_RA,Competibacter_A,3.99678e-05,2020-07-07 00:00:00,DTU_2020_1007253_1_MG_RA_CPH_Sewage_714,Denmark,Copenhagen,55.6085,12.4505,Rensningsanlaeg Avedoere,74
1007253_1,Copenaghen_RA,Enterobacter,0.001033461,2020-07-07 00:00:00,DTU_2020_1007253_1_MG_RA_CPH_Sewage_714,Denmark,Copenhagen,55.6085,12.4505,Rensningsanlaeg Avedoere,74
1007253_1,Copenaghen_RA,Fermentibacter,2.5397e-05,2020-07-07 00:00:00,DTU_2020_1007253_1_MG_RA_CPH_Sewage_714,Denmark,Copenhagen,55.6085,12.4505,Rensningsanlaeg Avedoere,74
1007253_1,Copenaghen_RA,Flavobacterium,0.02220588,2020-07-07 00:00:00,DTU_2020_1007253_1_MG_RA_CPH_Sewage_714,Denmark,Copenhagen,55.6085,12.4505,Rensningsanlaeg Avedoere,74
1007253_1,Copenaghen_RA,Giesbergeria,0.017997999,2020-07-07 00:00:00,DTU_2020_1007253_1_MG_RA_CPH_Sewage_714,Denmark,Copenhagen,55.6085,12.4505,Rensningsanlaeg Avedoere,74
1007253_1,Copenaghen_RA,Hydrogenophaga,0.000824285,2020-07-07 00:00:00,DTU_2020_1007253_1_MG_RA_CPH_Sewage_714,Denmark,Copenhagen,55.6085,12.4505,Rensningsanlaeg Avedoere,74
1007253_1,Copenaghen_RA,JAGOYM01,0.007168771,2020-07-07 00:00:00,DTU_2020_1007253_1_MG_RA_CPH_Sewage_714,Denmark,Copenhagen,55.6085,12.4505,Rensningsanlaeg Avedoere,74
1007253_1,Copenaghen_RA,Janthinobacterium,0.00071796,2020-07-07 00:00:00,DTU_2020_1007253_1_MG_RA_CPH_Sewage_714,Denmark,Copenhagen,55.6085,12.4505,Rensningsanlaeg Avedoere,74
1007253_1,Copenaghen_RA,Kaistella,0.003146074,2020-07-07 00:00:00,DTU_2020_1007253_1_MG_RA_CPH_Sewage_714,Denmark,Copenhagen,55.6085,12.4505,Rensningsanlaeg Avedoere,74
1007253_1,Copenaghen_RA,Lactococcus_A,0.034830591,2020-07-07 00:00:00,DTU_2020_1007253_1_MG_RA_CPH_Sewage_714,Denmark,Copenhagen,55.6085,12.4505,Rensningsanlaeg Avedoere,74
1007253_1,Copenaghen_RA,Lenti-01,0.000125403,2020-07-07 00:00:00,DTU_2020_1007253_1_MG_RA_CPH_Sewage_714,Denmark,Copenhagen,55.6085,12.4505,Rensningsanlaeg Avedoere,74
1007253_1,Copenaghen_RA,Microthrix,0.000162759,2020-07-07 00:00:00,DTU_2020_1007253_1_MG_RA_CPH_Sewage_714,Denmark,Copenhagen,55.6085,12.4505,Rensningsanlaeg Avedoere,74
1007253_1,Copenaghen_RA,Moraxella_A,0.005226193,2020-07-07 00:00:00,DTU_2020_1007253_1_MG_RA_CPH_Sewage_714,Denmark,Copenhagen,55.6085,12.4505,Rensningsanlaeg Avedoere,74
1007253_1,Copenaghen_RA,Neisseria,0.012634357,2020-07-07 00:00:00,DTU_2020_1007253_1_MG_RA_CPH_Sewage_714,Denmark,Copenhagen,55.6085,12.4505,Rensningsanlaeg Avedoere,74
1007253_1,Copenaghen_RA,Novosphingobium,0.000424195,2020-07-07 00:00:00,DTU_2020_1007253_1_MG_RA_CPH_Sewage_714,Denmark,Copenhagen,55.6085,12.4505,Rensningsanlaeg Avedoere,74
1007253_1,Copenaghen_RA,Ottowia,0.014438556,2020-07-07 00:00:00,DTU_2020_1007253_1_MG_RA_CPH_Sewage_714,Denmark,Copenhagen,55.6085,12.4505,Rensningsanlaeg Avedoere,74
1007253_1,Copenaghen_RA,Paracoccus,0.001005074,2020-07-07 00:00:00,DTU_2020_1007253_1_MG_RA_CPH_Sewage_714,Denmark,Copenhagen,55.6085,12.4505,Rensningsanlaeg Avedoere,74
1007253_1,Copenaghen_RA,Phocaeicola,0.008453186,2020-07-07 00:00:00,DTU_2020_1007253_1_MG_RA_CPH_Sewage_714,Denmark,Copenhagen,55.6085,12.4505,Rensningsanlaeg Avedoere,74
1007253_1,Copenaghen_RA,Prevotella,0.00718182,2020-07-07 00:00:00,DTU_2020_1007253_1_MG_RA_CPH_Sewage_714,Denmark,Copenhagen,55.6085,12.4505,Rensningsanlaeg Avedoere,74
1007253_1,Copenaghen_RA,Propionivibrio,0.010531765,2020-07-07 00:00:00,DTU_2020_1007253_1_MG_RA_CPH_Sewage_714,Denmark,Copenhagen,55.6085,12.4505,Rensningsanlaeg Avedoere,74
1007253_1,Copenaghen_RA,Pseudomonas_E,0.019324012,2020-07-07 00:00:00,DTU_2020_1007253_1_MG_RA_CPH_Sewage_714,Denmark,Copenhagen,55.6085,12.4505,Rensningsanlaeg Avedoere,74
1007253_1,Copenaghen_RA,Pseudoxanthomonas,0.0023689,2020-07-07 00:00:00,DTU_2020_1007253_1_MG_RA_CPH_Sewage_714,Denmark,Copenhagen,55.6085,12.4505,Rensningsanlaeg Avedoere,74
1007253_1,Copenaghen_RA,Pseudoxanthomonas_A,0.005160762,2020-07-07 00:00:00,DTU_2020_1007253_1_MG_RA_CPH_Sewage_714,Denmark,Copenhagen,55.6085,12.4505,Rensningsanlaeg Avedoere,74
1007253_1,Copenaghen_RA,Psychrobacter,0.004812793,2020-07-07 00:00:00,DTU_2020_1007253_1_MG_RA_CPH_Sewage_714,Denmark,Copenhagen,55.6085,12.4505,Rensningsanlaeg Avedoere,74
1007253_1,Copenaghen_RA,Rubrivivax,0.000321158,2020-07-07 00:00:00,DTU_2020_1007253_1_MG_RA_CPH_Sewage_714,Denmark,Copenhagen,55.6085,12.4505,Rensningsanlaeg Avedoere,74
1007253_1,Copenaghen_RA,Streptococcus,0.025888548,2020-07-07 00:00:00,DTU_2020_1007253_1_MG_RA_CPH_Sewage_714,Denmark,Copenhagen,55.6085,12.4505,Rensningsanlaeg Avedoere,74
1007253_1,Copenaghen_RA,Telluria,0.000368053,2020-07-07 00:00:00,DTU_2020_1007253_1_MG_RA_CPH_Sewage_714,Denmark,Copenhagen,55.6085,12.4505,Rensningsanlaeg Avedoere,74
1007253_1,Copenaghen_RA,Thauera,0.032096203,2020-07-07 00:00:00,DTU_2020_1007253_1_MG_RA_CPH_Sewage_714,Denmark,Copenhagen,55.6085,12.4505,Rensningsanlaeg Avedoere,74
1007253_1,Copenaghen_RA,Thermomonas,0.007043793,2020-07-07 00:00:00,DTU_2020_1007253_1_MG_RA_CPH_Sewage_714,Denmark,Copenhagen,55.6085,12.4505,Rensningsanlaeg Avedoere,74
1007253_1,Copenaghen_RA,Thiothrix,0.002084947,2020-07-07 00:00:00,DTU_2020_1007253_1_MG_RA_CPH_Sewage_714,Denmark,Copenhagen,55.6085,12.4505,Rensningsanlaeg Avedoere,74
1007253_1,Copenaghen_RA,Tolumonas,0.005067572,2020-07-07 00:00:00,DTU_2020_1007253_1_MG_RA_CPH_Sewage_714,Denmark,Copenhagen,55.6085,12.4505,Rensningsanlaeg Avedoere,74
1007253_1,Copenaghen_RA,Trichococcus,0.007082129,2020-07-07 00:00:00,DTU_2020_1007253_1_MG_RA_CPH_Sewage_714,Denmark,Copenhagen,55.6085,12.4505,Rensningsanlaeg Avedoere,74
1007253_1,Copenaghen_RA,UBA1413,4.37194e-05,2020-07-07 00:00:00,DTU_2020_1007253_1_MG_RA_CPH_Sewage_714,Denmark,Copenhagen,55.6085,12.4505,Rensningsanlaeg Avedoere,74
1007253_1,Copenaghen_RA,merged,0.312493768,2020-07-07 00:00:00,DTU_2020_1007253_1_MG_RA_CPH_Sewage_714,Denmark,Copenhagen,55.6085,12.4505,Rensningsanlaeg Avedoere,74
1007254_1,Copenaghen_RD,Acidovorax,0.201031085,2020-07-07 00:00:00,DTU_2020_1007254_1_MG_RD_CPH_Sewage_715,Denmark,Copenhagen,55.6405,12.5058,Rensningsanlaeg Damhusaaen,74
1007254_1,Copenaghen_RD,Acinetobacter,0.032800733,2020-07-07 00:00:00,DTU_2020_1007254_1_MG_RD_CPH_Sewage_715,Denmark,Copenhagen,55.6405,12.5058,Rensningsanlaeg Damhusaaen,74
1007254_1,Copenaghen_RD,Aeromonas,0.041598548,2020-07-07 00:00:00,DTU_2020_1007254_1_MG_RD_CPH_Sewage_715,Denmark,Copenhagen,55.6405,12.5058,Rensningsanlaeg Damhusaaen,74
1007254_1,Copenaghen_RD,Aliarcobacter,0.027784591,2020-07-07 00:00:00,DTU_2020_1007254_1_MG_RD_CPH_Sewage_715,Denmark,Copenhagen,55.6405,12.5058,Rensningsanlaeg Damhusaaen,74
1007254_1,Copenaghen_RD,Aquabacterium_A,0.000975152,2020-07-07 00:00:00,DTU_2020_1007254_1_MG_RD_CPH_Sewage_715,Denmark,Copenhagen,55.6405,12.5058,Rensningsanlaeg Damhusaaen,74
1007254_1,Copenaghen_RD,Bacteroides,0.005659535,2020-07-07 00:00:00,DTU_2020_1007254_1_MG_RD_CPH_Sewage_715,Denmark,Copenhagen,55.6405,12.5058,Rensningsanlaeg Damhusaaen,74
1007254_1,Copenaghen_RD,Brachymonas,0.010587592,2020-07-07 00:00:00,DTU_2020_1007254_1_MG_RD_CPH_Sewage_715,Denmark,Copenhagen,55.6405,12.5058,Rensningsanlaeg Damhusaaen,74
1007254_1,Copenaghen_RD,Brevefilum,0.001464297,2020-07-07 00:00:00,DTU_2020_1007254_1_MG_RD_CPH_Sewage_715,Denmark,Copenhagen,55.6405,12.5058,Rensningsanlaeg Damhusaaen,74
1007254_1,Copenaghen_RD,Brevundimonas,0.000536319,2020-07-07 00:00:00,DTU_2020_1007254_1_MG_RD_CPH_Sewage_715,Denmark,Copenhagen,55.6405,12.5058,Rensningsanlaeg Damhusaaen,74
1007254_1,Copenaghen_RD,Cloacibacterium,0.027248363,2020-07-07 00:00:00,DTU_2020_1007254_1_MG_RD_CPH_Sewage_715,Denmark,Copenhagen,55.6405,12.5058,Rensningsanlaeg Damhusaaen,74
1007254_1,Copenaghen_RD,Comamonas,0.03494017,2020-07-07 00:00:00,DTU_2020_1007254_1_MG_RD_CPH_Sewage_715,Denmark,Copenhagen,55.6405,12.5058,Rensningsanlaeg Damhusaaen,74
1007254_1,Copenaghen_RD,Competibacter_A,0.000210435,2020-07-07 00:00:00,DTU_2020_1007254_1_MG_RD_CPH_Sewage_715,Denmark,Copenhagen,55.6405,12.5058,Rensningsanlaeg Damhusaaen,74
1007254_1,Copenaghen_RD,Enterobacter,0.001753004,2020-07-07 00:00:00,DTU_2020_1007254_1_MG_RD_CPH_Sewage_715,Denmark,Copenhagen,55.6405,12.5058,Rensningsanlaeg Damhusaaen,74
1007254_1,Copenaghen_RD,Fermentibacter,0.003811557,2020-07-07 00:00:00,DTU_2020_1007254_1_MG_RD_CPH_Sewage_715,Denmark,Copenhagen,55.6405,12.5058,Rensningsanlaeg Damhusaaen,74
1007254_1,Copenaghen_RD,Flavobacterium,0.022904382,2020-07-07 00:00:00,DTU_2020_1007254_1_MG_RD_CPH_Sewage_715,Denmark,Copenhagen,55.6405,12.5058,Rensningsanlaeg Damhusaaen,74
1007254_1,Copenaghen_RD,Giesbergeria,0.013383185,2020-07-07 00:00:00,DTU_2020_1007254_1_MG_RD_CPH_Sewage_715,Denmark,Copenhagen,55.6405,12.5058,Rensningsanlaeg Damhusaaen,74
1007254_1,Copenaghen_RD,Hydrogenophaga,0.000842981,2020-07-07 00:00:00,DTU_2020_1007254_1_MG_RD_CPH_Sewage_715,Denmark,Copenhagen,55.6405,12.5058,Rensningsanlaeg Damhusaaen,74
1007254_1,Copenaghen_RD,JAGOYM01,0.004558162,2020-07-07 00:00:00,DTU_2020_1007254_1_MG_RD_CPH_Sewage_715,Denmark,Copenhagen,55.6405,12.5058,Rensningsanlaeg Damhusaaen,74
1007254_1,Copenaghen_RD,Janthinobacterium,0.000756199,2020-07-07 00:00:00,DTU_2020_1007254_1_MG_RD_CPH_Sewage_715,Denmark,Copenhagen,55.6405,12.5058,Rensningsanlaeg Damhusaaen,74
1007254_1,Copenaghen_RD,Kaistella,0.005039383,2020-07-07 00:00:00,DTU_2020_1007254_1_MG_RD_CPH_Sewage_715,Denmark,Copenhagen,55.6405,12.5058,Rensningsanlaeg Damhusaaen,74
1007254_1,Copenaghen_RD,Lactococcus_A,0.004272932,2020-07-07 00:00:00,DTU_2020_1007254_1_MG_RD_CPH_Sewage_715,Denmark,Copenhagen,55.6405,12.5058,Rensningsanlaeg Damhusaaen,74
1007254_1,Copenaghen_RD,Lenti-01,0.000256952,2020-07-07 00:00:00,DTU_2020_1007254_1_MG_RD_CPH_Sewage_715,Denmark,Copenhagen,55.6405,12.5058,Rensningsanlaeg Damhusaaen,74
1007254_1,Copenaghen_RD,Microthrix,0.002428201,2020-07-07 00:00:00,DTU_2020_1007254_1_MG_RD_CPH_Sewage_715,Denmark,Copenhagen,55.6405,12.5058,Rensningsanlaeg Damhusaaen,74
1007254_1,Copenaghen_RD,Moraxella_A,0.004120911,2020-07-07 00:00:00,DTU_2020_1007254_1_MG_RD_CPH_Sewage_715,Denmark,Copenhagen,55.6405,12.5058,Rensningsanlaeg Damhusaaen,74
1007254_1,Copenaghen_RD,Neisseria,0.020911998,2020-07-07 00:00:00,DTU_2020_1007254_1_MG_RD_CPH_Sewage_715,Denmark,Copenhagen,55.6405,12.5058,Rensningsanlaeg Damhusaaen,74
1007254_1,Copenaghen_RD,Novosphingobium,0.000593127,2020-07-07 00:00:00,DTU_2020_1007254_1_MG_RD_CPH_Sewage_715,Denmark,Copenhagen,55.6405,12.5058,Rensningsanlaeg Damhusaaen,74
1007254_1,Copenaghen_RD,Ottowia,0.02637865,2020-07-07 00:00:00,DTU_2020_1007254_1_MG_RD_CPH_Sewage_715,Denmark,Copenhagen,55.6405,12.5058,Rensningsanlaeg Damhusaaen,74
1007254_1,Copenaghen_RD,Paracoccus,0.001128779,2020-07-07 00:00:00,DTU_2020_1007254_1_MG_RD_CPH_Sewage_715,Denmark,Copenhagen,55.6405,12.5058,Rensningsanlaeg Damhusaaen,74
1007254_1,Copenaghen_RD,Phocaeicola,0.008958254,2020-07-07 00:00:00,DTU_2020_1007254_1_MG_RD_CPH_Sewage_715,Denmark,Copenhagen,55.6405,12.5058,Rensningsanlaeg Damhusaaen,74
1007254_1,Copenaghen_RD,Prevotella,0.023601219,2020-07-07 00:00:00,DTU_2020_1007254_1_MG_RD_CPH_Sewage_715,Denmark,Copenhagen,55.6405,12.5058,Rensningsanlaeg Damhusaaen,74
1007254_1,Copenaghen_RD,Propionivibrio,0.008089114,2020-07-07 00:00:00,DTU_2020_1007254_1_MG_RD_CPH_Sewage_715,Denmark,Copenhagen,55.6405,12.5058,Rensningsanlaeg Damhusaaen,74
1007254_1,Copenaghen_RD,Pseudomonas_E,0.012407251,2020-07-07 00:00:00,DTU_2020_1007254_1_MG_RD_CPH_Sewage_715,Denmark,Copenhagen,55.6405,12.5058,Rensningsanlaeg Damhusaaen,74
1007254_1,Copenaghen_RD,Pseudoxanthomonas,0.003213428,2020-07-07 00:00:00,DTU_2020_1007254_1_MG_RD_CPH_Sewage_715,Denmark,Copenhagen,55.6405,12.5058,Rensningsanlaeg Damhusaaen,74
1007254_1,Copenaghen_RD,Pseudoxanthomonas_A,0.008675353,2020-07-07 00:00:00,DTU_2020_1007254_1_MG_RD_CPH_Sewage_715,Denmark,Copenhagen,55.6405,12.5058,Rensningsanlaeg Damhusaaen,74
1007254_1,Copenaghen_RD,Psychrobacter,0.004217056,2020-07-07 00:00:00,DTU_2020_1007254_1_MG_RD_CPH_Sewage_715,Denmark,Copenhagen,55.6405,12.5058,Rensningsanlaeg Damhusaaen,74
1007254_1,Copenaghen_RD,Rubrivivax,0.001665562,2020-07-07 00:00:00,DTU_2020_1007254_1_MG_RD_CPH_Sewage_715,Denmark,Copenhagen,55.6405,12.5058,Rensningsanlaeg Damhusaaen,74
1007254_1,Copenaghen_RD,Streptococcus,0.015150664,2020-07-07 00:00:00,DTU_2020_1007254_1_MG_RD_CPH_Sewage_715,Denmark,Copenhagen,55.6405,12.5058,Rensningsanlaeg Damhusaaen,74
1007254_1,Copenaghen_RD,Telluria,0.000418851,2020-07-07 00:00:00,DTU_2020_1007254_1_MG_RD_CPH_Sewage_715,Denmark,Copenhagen,55.6405,12.5058,Rensningsanlaeg Damhusaaen,74
1007254_1,Copenaghen_RD,Thauera,0.011093593,2020-07-07 00:00:00,DTU_2020_1007254_1_MG_RD_CPH_Sewage_715,Denmark,Copenhagen,55.6405,12.5058,Rensningsanlaeg Damhusaaen,74
1007254_1,Copenaghen_RD,Thermomonas,0.006151735,2020-07-07 00:00:00,DTU_2020_1007254_1_MG_RD_CPH_Sewage_715,Denmark,Copenhagen,55.6405,12.5058,Rensningsanlaeg Damhusaaen,74
1007254_1,Copenaghen_RD,Thiothrix,0.000798032,2020-07-07 00:00:00,DTU_2020_1007254_1_MG_RD_CPH_Sewage_715,Denmark,Copenhagen,55.6405,12.5058,Rensningsanlaeg Damhusaaen,74
1007254_1,Copenaghen_RD,Tolumonas,0.002220503,2020-07-07 00:00:00,DTU_2020_1007254_1_MG_RD_CPH_Sewage_715,Denmark,Copenhagen,55.6405,12.5058,Rensningsanlaeg Damhusaaen,74
1007254_1,Copenaghen_RD,Trichococcus,0.003987027,2020-07-07 00:00:00,DTU_2020_1007254_1_MG_RD_CPH_Sewage_715,Denmark,Copenhagen,55.6405,12.5058,Rensningsanlaeg Damhusaaen,74
1007254_1,Copenaghen_RD,UBA1413,0.010878388,2020-07-07 00:00:00,DTU_2020_1007254_1_MG_RD_CPH_Sewage_715,Denmark,Copenhagen,55.6405,12.5058,Rensningsanlaeg Damhusaaen,74
1007254_1,Copenaghen_RD,merged,0.380496745,2020-07-07 00:00:00,DTU_2020_1007254_1_MG_RD_CPH_Sewage_715,Denmark,Copenhagen,55.6405,12.5058,Rensningsanlaeg Damhusaaen,74
1007252_1,Copenaghen_RL,Acidovorax,0.192990177,2020-07-07 00:00:00,DTU_2020_1007252_1_MG_RL_CPH_Sewage_713,Denmark,Copenhagen,55.6956,12.6139,Rensningsanlaeg Lynetten,74
1007252_1,Copenaghen_RL,Acinetobacter,0.051110611,2020-07-07 00:00:00,DTU_2020_1007252_1_MG_RL_CPH_Sewage_713,Denmark,Copenhagen,55.6956,12.6139,Rensningsanlaeg Lynetten,74
1007252_1,Copenaghen_RL,Aeromonas,0.025758374,2020-07-07 00:00:00,DTU_2020_1007252_1_MG_RL_CPH_Sewage_713,Denmark,Copenhagen,55.6956,12.6139,Rensningsanlaeg Lynetten,74
1007252_1,Copenaghen_RL,Aliarcobacter,0.041363083,2020-07-07 00:00:00,DTU_2020_1007252_1_MG_RL_CPH_Sewage_713,Denmark,Copenhagen,55.6956,12.6139,Rensningsanlaeg Lynetten,74
1007252_1,Copenaghen_RL,Aquabacterium_A,0.000317632,2020-07-07 00:00:00,DTU_2020_1007252_1_MG_RL_CPH_Sewage_713,Denmark,Copenhagen,55.6956,12.6139,Rensningsanlaeg Lynetten,74
1007252_1,Copenaghen_RL,Bacteroides,0.008905463,2020-07-07 00:00:00,DTU_2020_1007252_1_MG_RL_CPH_Sewage_713,Denmark,Copenhagen,55.6956,12.6139,Rensningsanlaeg Lynetten,74
1007252_1,Copenaghen_RL,Brachymonas,0.011750931,2020-07-07 00:00:00,DTU_2020_1007252_1_MG_RL_CPH_Sewage_713,Denmark,Copenhagen,55.6956,12.6139,Rensningsanlaeg Lynetten,74
1007252_1,Copenaghen_RL,Brevefilum,0.001460009,2020-07-07 00:00:00,DTU_2020_1007252_1_MG_RL_CPH_Sewage_713,Denmark,Copenhagen,55.6956,12.6139,Rensningsanlaeg Lynetten,74
1007252_1,Copenaghen_RL,Brevundimonas,0.000948599,2020-07-07 00:00:00,DTU_2020_1007252_1_MG_RL_CPH_Sewage_713,Denmark,Copenhagen,55.6956,12.6139,Rensningsanlaeg Lynetten,74
1007252_1,Copenaghen_RL,Cloacibacterium,0.037681276,2020-07-07 00:00:00,DTU_2020_1007252_1_MG_RL_CPH_Sewage_713,Denmark,Copenhagen,55.6956,12.6139,Rensningsanlaeg Lynetten,74
1007252_1,Copenaghen_RL,Comamonas,0.061186576,2020-07-07 00:00:00,DTU_2020_1007252_1_MG_RL_CPH_Sewage_713,Denmark,Copenhagen,55.6956,12.6139,Rensningsanlaeg Lynetten,74
1007252_1,Copenaghen_RL,Competibacter_A,8.80134e-05,2020-07-07 00:00:00,DTU_2020_1007252_1_MG_RL_CPH_Sewage_713,Denmark,Copenhagen,55.6956,12.6139,Rensningsanlaeg Lynetten,74
1007252_1,Copenaghen_RL,Enterobacter,0.000374527,2020-07-07 00:00:00,DTU_2020_1007252_1_MG_RL_CPH_Sewage_713,Denmark,Copenhagen,55.6956,12.6139,Rensningsanlaeg Lynetten,74
1007252_1,Copenaghen_RL,Fermentibacter,0.000652936,2020-07-07 00:00:00,DTU_2020_1007252_1_MG_RL_CPH_Sewage_713,Denmark,Copenhagen,55.6956,12.6139,Rensningsanlaeg Lynetten,74
1007252_1,Copenaghen_RL,Flavobacterium,0.019099563,2020-07-07 00:00:00,DTU_2020_1007252_1_MG_RL_CPH_Sewage_713,Denmark,Copenhagen,55.6956,12.6139,Rensningsanlaeg Lynetten,74
1007252_1,Copenaghen_RL,Giesbergeria,0.035093141,2020-07-07 00:00:00,DTU_2020_1007252_1_MG_RL_CPH_Sewage_713,Denmark,Copenhagen,55.6956,12.6139,Rensningsanlaeg Lynetten,74
1007252_1,Copenaghen_RL,Hydrogenophaga,0.001240041,2020-07-07 00:00:00,DTU_2020_1007252_1_MG_RL_CPH_Sewage_713,Denmark,Copenhagen,55.6956,12.6139,Rensningsanlaeg Lynetten,74
1007252_1,Copenaghen_RL,JAGOYM01,0.00368375,2020-07-07 00:00:00,DTU_2020_1007252_1_MG_RL_CPH_Sewage_713,Denmark,Copenhagen,55.6956,12.6139,Rensningsanlaeg Lynetten,74
1007252_1,Copenaghen_RL,Janthinobacterium,0.001175356,2020-07-07 00:00:00,DTU_2020_1007252_1_MG_RL_CPH_Sewage_713,Denmark,Copenhagen,55.6956,12.6139,Rensningsanlaeg Lynetten,74
1007252_1,Copenaghen_RL,Kaistella,0.006047309,2020-07-07 00:00:00,DTU_2020_1007252_1_MG_RL_CPH_Sewage_713,Denmark,Copenhagen,55.6956,12.6139,Rensningsanlaeg Lynetten,74
1007252_1,Copenaghen_RL,Lactococcus_A,0.004048958,2020-07-07 00:00:00,DTU_2020_1007252_1_MG_RL_CPH_Sewage_713,Denmark,Copenhagen,55.6956,12.6139,Rensningsanlaeg Lynetten,74
1007252_1,Copenaghen_RL,Lenti-01,0.000511875,2020-07-07 00:00:00,DTU_2020_1007252_1_MG_RL_CPH_Sewage_713,Denmark,Copenhagen,55.6956,12.6139,Rensningsanlaeg Lynetten,74
1007252_1,Copenaghen_RL,Microthrix,0.000361718,2020-07-07 00:00:00,DTU_2020_1007252_1_MG_RL_CPH_Sewage_713,Denmark,Copenhagen,55.6956,12.6139,Rensningsanlaeg Lynetten,74
1007252_1,Copenaghen_RL,Moraxella_A,0.006052456,2020-07-07 00:00:00,DTU_2020_1007252_1_MG_RL_CPH_Sewage_713,Denmark,Copenhagen,55.6956,12.6139,Rensningsanlaeg Lynetten,74
1007252_1,Copenaghen_RL,Neisseria,0.015093521,2020-07-07 00:00:00,DTU_2020_1007252_1_MG_RL_CPH_Sewage_713,Denmark,Copenhagen,55.6956,12.6139,Rensningsanlaeg Lynetten,74
1007252_1,Copenaghen_RL,Novosphingobium,0.000321318,2020-07-07 00:00:00,DTU_2020_1007252_1_MG_RL_CPH_Sewage_713,Denmark,Copenhagen,55.6956,12.6139,Rensningsanlaeg Lynetten,74
1007252_1,Copenaghen_RL,Ottowia,0.031886378,2020-07-07 00:00:00,DTU_2020_1007252_1_MG_RL_CPH_Sewage_713,Denmark,Copenhagen,55.6956,12.6139,Rensningsanlaeg Lynetten,74
1007252_1,Copenaghen_RL,Paracoccus,0.001081601,2020-07-07 00:00:00,DTU_2020_1007252_1_MG_RL_CPH_Sewage_713,Denmark,Copenhagen,55.6956,12.6139,Rensningsanlaeg Lynetten,74
1007252_1,Copenaghen_RL,Phocaeicola,0.006349422,2020-07-07 00:00:00,DTU_2020_1007252_1_MG_RL_CPH_Sewage_713,Denmark,Copenhagen,55.6956,12.6139,Rensningsanlaeg Lynetten,74
1007252_1,Copenaghen_RL,Prevotella,0.006040872,2020-07-07 00:00:00,DTU_2020_1007252_1_MG_RL_CPH_Sewage_713,Denmark,Copenhagen,55.6956,12.6139,Rensningsanlaeg Lynetten,74
1007252_1,Copenaghen_RL,Propionivibrio,0.010511108,2020-07-07 00:00:00,DTU_2020_1007252_1_MG_RL_CPH_Sewage_713,Denmark,Copenhagen,55.6956,12.6139,Rensningsanlaeg Lynetten,74
1007252_1,Copenaghen_RL,Pseudomonas_E,0.011484849,2020-07-07 00:00:00,DTU_2020_1007252_1_MG_RL_CPH_Sewage_713,Denmark,Copenhagen,55.6956,12.6139,Rensningsanlaeg Lynetten,74
1007252_1,Copenaghen_RL,Pseudoxanthomonas,0.006838539,2020-07-07 00:00:00,DTU_2020_1007252_1_MG_RL_CPH_Sewage_713,Denmark,Copenhagen,55.6956,12.6139,Rensningsanlaeg Lynetten,74
1007252_1,Copenaghen_RL,Pseudoxanthomonas_A,0.007727606,2020-07-07 00:00:00,DTU_2020_1007252_1_MG_RL_CPH_Sewage_713,Denmark,Copenhagen,55.6956,12.6139,Rensningsanlaeg Lynetten,74
1007252_1,Copenaghen_RL,Psychrobacter,0.003161934,2020-07-07 00:00:00,DTU_2020_1007252_1_MG_RL_CPH_Sewage_713,Denmark,Copenhagen,55.6956,12.6139,Rensningsanlaeg Lynetten,74
1007252_1,Copenaghen_RL,Rubrivivax,0.001772463,2020-07-07 00:00:00,DTU_2020_1007252_1_MG_RL_CPH_Sewage_713,Denmark,Copenhagen,55.6956,12.6139,Rensningsanlaeg Lynetten,74
1007252_1,Copenaghen_RL,Streptococcus,0.022074981,2020-07-07 00:00:00,DTU_2020_1007252_1_MG_RL_CPH_Sewage_713,Denmark,Copenhagen,55.6956,12.6139,Rensningsanlaeg Lynetten,74
1007252_1,Copenaghen_RL,Telluria,0.000570851,2020-07-07 00:00:00,DTU_2020_1007252_1_MG_RL_CPH_Sewage_713,Denmark,Copenhagen,55.6956,12.6139,Rensningsanlaeg Lynetten,74
1007252_1,Copenaghen_RL,Thauera,0.0198573,2020-07-07 00:00:00,DTU_2020_1007252_1_MG_RL_CPH_Sewage_713,Denmark,Copenhagen,55.6956,12.6139,Rensningsanlaeg Lynetten,74
1007252_1,Copenaghen_RL,Thermomonas,0.010899353,2020-07-07 00:00:00,DTU_2020_1007252_1_MG_RL_CPH_Sewage_713,Denmark,Copenhagen,55.6956,12.6139,Rensningsanlaeg Lynetten,74
1007252_1,Copenaghen_RL,Thiothrix,0.000606144,2020-07-07 00:00:00,DTU_2020_1007252_1_MG_RL_CPH_Sewage_713,Denmark,Copenhagen,55.6956,12.6139,Rensningsanlaeg Lynetten,74
1007252_1,Copenaghen_RL,Tolumonas,0.005465036,2020-07-07 00:00:00,DTU_2020_1007252_1_MG_RL_CPH_Sewage_713,Denmark,Copenhagen,55.6956,12.6139,Rensningsanlaeg Lynetten,74
1007252_1,Copenaghen_RL,Trichococcus,0.004840148,2020-07-07 00:00:00,DTU_2020_1007252_1_MG_RL_CPH_Sewage_713,Denmark,Copenhagen,55.6956,12.6139,Rensningsanlaeg Lynetten,74
1007252_1,Copenaghen_RL,UBA1413,0.001702526,2020-07-07 00:00:00,DTU_2020_1007252_1_MG_RL_CPH_Sewage_713,Denmark,Copenhagen,55.6956,12.6139,Rensningsanlaeg Lynetten,74
1007252_1,Copenaghen_RL,merged,0.319811678,2020-07-07 00:00:00,DTU_2020_1007252_1_MG_RL_CPH_Sewage_713,Denmark,Copenhagen,55.6956,12.6139,Rensningsanlaeg Lynetten,74
1007256_1,Copenaghen_RA,Acidovorax,0.115250463,2020-07-14 00:00:00,DTU_2020_1007256_1_MG_RA_CPH_Sewage_717,Denmark,Copenhagen,55.6085,12.4505,Rensningsanlaeg Avedoere,75
1007256_1,Copenaghen_RA,Acinetobacter,0.05865637,2020-07-14 00:00:00,DTU_2020_1007256_1_MG_RA_CPH_Sewage_717,Denmark,Copenhagen,55.6085,12.4505,Rensningsanlaeg Avedoere,75
1007256_1,Copenaghen_RA,Aeromonas,0.028986202,2020-07-14 00:00:00,DTU_2020_1007256_1_MG_RA_CPH_Sewage_717,Denmark,Copenhagen,55.6085,12.4505,Rensningsanlaeg Avedoere,75
1007256_1,Copenaghen_RA,Aliarcobacter,0.120378161,2020-07-14 00:00:00,DTU_2020_1007256_1_MG_RA_CPH_Sewage_717,Denmark,Copenhagen,55.6085,12.4505,Rensningsanlaeg Avedoere,75
1007256_1,Copenaghen_RA,Aquabacterium_A,0.000238015,2020-07-14 00:00:00,DTU_2020_1007256_1_MG_RA_CPH_Sewage_717,Denmark,Copenhagen,55.6085,12.4505,Rensningsanlaeg Avedoere,75
1007256_1,Copenaghen_RA,Bacteroides,0.004769809,2020-07-14 00:00:00,DTU_2020_1007256_1_MG_RA_CPH_Sewage_717,Denmark,Copenhagen,55.6085,12.4505,Rensningsanlaeg Avedoere,75
1007256_1,Copenaghen_RA,Brachymonas,0.010958247,2020-07-14 00:00:00,DTU_2020_1007256_1_MG_RA_CPH_Sewage_717,Denmark,Copenhagen,55.6085,12.4505,Rensningsanlaeg Avedoere,75
1007256_1,Copenaghen_RA,Brevefilum,1.01473e-05,2020-07-14 00:00:00,DTU_2020_1007256_1_MG_RA_CPH_Sewage_717,Denmark,Copenhagen,55.6085,12.4505,Rensningsanlaeg Avedoere,75
1007256_1,Copenaghen_RA,Brevundimonas,0.000693785,2020-07-14 00:00:00,DTU_2020_1007256_1_MG_RA_CPH_Sewage_717,Denmark,Copenhagen,55.6085,12.4505,Rensningsanlaeg Avedoere,75
1007256_1,Copenaghen_RA,Cloacibacterium,0.029114603,2020-07-14 00:00:00,DTU_2020_1007256_1_MG_RA_CPH_Sewage_717,Denmark,Copenhagen,55.6085,12.4505,Rensningsanlaeg Avedoere,75
1007256_1,Copenaghen_RA,Comamonas,0.038389801,2020-07-14 00:00:00,DTU_2020_1007256_1_MG_RA_CPH_Sewage_717,Denmark,Copenhagen,55.6085,12.4505,Rensningsanlaeg Avedoere,75
1007256_1,Copenaghen_RA,Competibacter_A,3.33568e-05,2020-07-14 00:00:00,DTU_2020_1007256_1_MG_RA_CPH_Sewage_717,Denmark,Copenhagen,55.6085,12.4505,Rensningsanlaeg Avedoere,75
1007256_1,Copenaghen_RA,Enterobacter,0.001051535,2020-07-14 00:00:00,DTU_2020_1007256_1_MG_RA_CPH_Sewage_717,Denmark,Copenhagen,55.6085,12.4505,Rensningsanlaeg Avedoere,75
1007256_1,Copenaghen_RA,Fermentibacter,1.86773e-05,2020-07-14 00:00:00,DTU_2020_1007256_1_MG_RA_CPH_Sewage_717,Denmark,Copenhagen,55.6085,12.4505,Rensningsanlaeg Avedoere,75
1007256_1,Copenaghen_RA,Flavobacterium,0.012746324,2020-07-14 00:00:00,DTU_2020_1007256_1_MG_RA_CPH_Sewage_717,Denmark,Copenhagen,55.6085,12.4505,Rensningsanlaeg Avedoere,75
1007256_1,Copenaghen_RA,Giesbergeria,0.023084273,2020-07-14 00:00:00,DTU_2020_1007256_1_MG_RA_CPH_Sewage_717,Denmark,Copenhagen,55.6085,12.4505,Rensningsanlaeg Avedoere,75
1007256_1,Copenaghen_RA,Hydrogenophaga,0.000826873,2020-07-14 00:00:00,DTU_2020_1007256_1_MG_RA_CPH_Sewage_717,Denmark,Copenhagen,55.6085,12.4505,Rensningsanlaeg Avedoere,75
1007256_1,Copenaghen_RA,JAGOYM01,0.017188272,2020-07-14 00:00:00,DTU_2020_1007256_1_MG_RA_CPH_Sewage_717,Denmark,Copenhagen,55.6085,12.4505,Rensningsanlaeg Avedoere,75
1007256_1,Copenaghen_RA,Janthinobacterium,0.000875295,2020-07-14 00:00:00,DTU_2020_1007256_1_MG_RA_CPH_Sewage_717,Denmark,Copenhagen,55.6085,12.4505,Rensningsanlaeg Avedoere,75
1007256_1,Copenaghen_RA,Kaistella,0.003936232,2020-07-14 00:00:00,DTU_2020_1007256_1_MG_RA_CPH_Sewage_717,Denmark,Copenhagen,55.6085,12.4505,Rensningsanlaeg Avedoere,75
1007256_1,Copenaghen_RA,Lactococcus_A,0.014182401,2020-07-14 00:00:00,DTU_2020_1007256_1_MG_RA_CPH_Sewage_717,Denmark,Copenhagen,55.6085,12.4505,Rensningsanlaeg Avedoere,75
1007256_1,Copenaghen_RA,Lenti-01,0.000171966,2020-07-14 00:00:00,DTU_2020_1007256_1_MG_RA_CPH_Sewage_717,Denmark,Copenhagen,55.6085,12.4505,Rensningsanlaeg Avedoere,75
1007256_1,Copenaghen_RA,Microthrix,0.000150653,2020-07-14 00:00:00,DTU_2020_1007256_1_MG_RA_CPH_Sewage_717,Denmark,Copenhagen,55.6085,12.4505,Rensningsanlaeg Avedoere,75
1007256_1,Copenaghen_RA,Moraxella_A,0.003108783,2020-07-14 00:00:00,DTU_2020_1007256_1_MG_RA_CPH_Sewage_717,Denmark,Copenhagen,55.6085,12.4505,Rensningsanlaeg Avedoere,75
1007256_1,Copenaghen_RA,Neisseria,0.01622898,2020-07-14 00:00:00,DTU_2020_1007256_1_MG_RA_CPH_Sewage_717,Denmark,Copenhagen,55.6085,12.4505,Rensningsanlaeg Avedoere,75
1007256_1,Copenaghen_RA,Novosphingobium,0.000471934,2020-07-14 00:00:00,DTU_2020_1007256_1_MG_RA_CPH_Sewage_717,Denmark,Copenhagen,55.6085,12.4505,Rensningsanlaeg Avedoere,75
1007256_1,Copenaghen_RA,Ottowia,0.00860574,2020-07-14 00:00:00,DTU_2020_1007256_1_MG_RA_CPH_Sewage_717,Denmark,Copenhagen,55.6085,12.4505,Rensningsanlaeg Avedoere,75
1007256_1,Copenaghen_RA,Paracoccus,0.001089407,2020-07-14 00:00:00,DTU_2020_1007256_1_MG_RA_CPH_Sewage_717,Denmark,Copenhagen,55.6085,12.4505,Rensningsanlaeg Avedoere,75
1007256_1,Copenaghen_RA,Phocaeicola,0.012866658,2020-07-14 00:00:00,DTU_2020_1007256_1_MG_RA_CPH_Sewage_717,Denmark,Copenhagen,55.6085,12.4505,Rensningsanlaeg Avedoere,75
1007256_1,Copenaghen_RA,Prevotella,0.009131296,2020-07-14 00:00:00,DTU_2020_1007256_1_MG_RA_CPH_Sewage_717,Denmark,Copenhagen,55.6085,12.4505,Rensningsanlaeg Avedoere,75
1007256_1,Copenaghen_RA,Propionivibrio,0.010600544,2020-07-14 00:00:00,DTU_2020_1007256_1_MG_RA_CPH_Sewage_717,Denmark,Copenhagen,55.6085,12.4505,Rensningsanlaeg Avedoere,75
1007256_1,Copenaghen_RA,Pseudomonas_E,0.011392793,2020-07-14 00:00:00,DTU_2020_1007256_1_MG_RA_CPH_Sewage_717,Denmark,Copenhagen,55.6085,12.4505,Rensningsanlaeg Avedoere,75
1007256_1,Copenaghen_RA,Pseudoxanthomonas,0.002585023,2020-07-14 00:00:00,DTU_2020_1007256_1_MG_RA_CPH_Sewage_717,Denmark,Copenhagen,55.6085,12.4505,Rensningsanlaeg Avedoere,75
1007256_1,Copenaghen_RA,Pseudoxanthomonas_A,0.003804732,2020-07-14 00:00:00,DTU_2020_1007256_1_MG_RA_CPH_Sewage_717,Denmark,Copenhagen,55.6085,12.4505,Rensningsanlaeg Avedoere,75
1007256_1,Copenaghen_RA,Psychrobacter,0.004863821,2020-07-14 00:00:00,DTU_2020_1007256_1_MG_RA_CPH_Sewage_717,Denmark,Copenhagen,55.6085,12.4505,Rensningsanlaeg Avedoere,75
1007256_1,Copenaghen_RA,Rubrivivax,0.000126435,2020-07-14 00:00:00,DTU_2020_1007256_1_MG_RA_CPH_Sewage_717,Denmark,Copenhagen,55.6085,12.4505,Rensningsanlaeg Avedoere,75
1007256_1,Copenaghen_RA,Streptococcus,0.010057091,2020-07-14 00:00:00,DTU_2020_1007256_1_MG_RA_CPH_Sewage_717,Denmark,Copenhagen,55.6085,12.4505,Rensningsanlaeg Avedoere,75
1007256_1,Copenaghen_RA,Telluria,0.001181417,2020-07-14 00:00:00,DTU_2020_1007256_1_MG_RA_CPH_Sewage_717,Denmark,Copenhagen,55.6085,12.4505,Rensningsanlaeg Avedoere,75
1007256_1,Copenaghen_RA,Thauera,0.033106536,2020-07-14 00:00:00,DTU_2020_1007256_1_MG_RA_CPH_Sewage_717,Denmark,Copenhagen,55.6085,12.4505,Rensningsanlaeg Avedoere,75
1007256_1,Copenaghen_RA,Thermomonas,0.00548173,2020-07-14 00:00:00,DTU_2020_1007256_1_MG_RA_CPH_Sewage_717,Denmark,Copenhagen,55.6085,12.4505,Rensningsanlaeg Avedoere,75
1007256_1,Copenaghen_RA,Thiothrix,0.001757187,2020-07-14 00:00:00,DTU_2020_1007256_1_MG_RA_CPH_Sewage_717,Denmark,Copenhagen,55.6085,12.4505,Rensningsanlaeg Avedoere,75
1007256_1,Copenaghen_RA,Tolumonas,0.00468184,2020-07-14 00:00:00,DTU_2020_1007256_1_MG_RA_CPH_Sewage_717,Denmark,Copenhagen,55.6085,12.4505,Rensningsanlaeg Avedoere,75
1007256_1,Copenaghen_RA,Trichococcus,0.009755647,2020-07-14 00:00:00,DTU_2020_1007256_1_MG_RA_CPH_Sewage_717,Denmark,Copenhagen,55.6085,12.4505,Rensningsanlaeg Avedoere,75
1007256_1,Copenaghen_RA,UBA1413,3.49292e-05,2020-07-14 00:00:00,DTU_2020_1007256_1_MG_RA_CPH_Sewage_717,Denmark,Copenhagen,55.6085,12.4505,Rensningsanlaeg Avedoere,75
1007256_1,Copenaghen_RA,merged,0.367356015,2020-07-14 00:00:00,DTU_2020_1007256_1_MG_RA_CPH_Sewage_717,Denmark,Copenhagen,55.6085,12.4505,Rensningsanlaeg Avedoere,75
1007257_1,Copenaghen_RD,Acidovorax,0.153780433,2020-07-14 00:00:00,DTU_2020_1007257_1_MG_RD_CPH_Sewage_718,Denmark,Copenhagen,55.6405,12.5058,Rensningsanlaeg Damhusaaen,75
1007257_1,Copenaghen_RD,Acinetobacter,0.04705939,2020-07-14 00:00:00,DTU_2020_1007257_1_MG_RD_CPH_Sewage_718,Denmark,Copenhagen,55.6405,12.5058,Rensningsanlaeg Damhusaaen,75
1007257_1,Copenaghen_RD,Aeromonas,0.014240507,2020-07-14 00:00:00,DTU_2020_1007257_1_MG_RD_CPH_Sewage_718,Denmark,Copenhagen,55.6405,12.5058,Rensningsanlaeg Damhusaaen,75
1007257_1,Copenaghen_RD,Aliarcobacter,0.05830671,2020-07-14 00:00:00,DTU_2020_1007257_1_MG_RD_CPH_Sewage_718,Denmark,Copenhagen,55.6405,12.5058,Rensningsanlaeg Damhusaaen,75
1007257_1,Copenaghen_RD,Aquabacterium_A,0.000519197,2020-07-14 00:00:00,DTU_2020_1007257_1_MG_RD_CPH_Sewage_718,Denmark,Copenhagen,55.6405,12.5058,Rensningsanlaeg Damhusaaen,75
1007257_1,Copenaghen_RD,Bacteroides,0.005415733,2020-07-14 00:00:00,DTU_2020_1007257_1_MG_RD_CPH_Sewage_718,Denmark,Copenhagen,55.6405,12.5058,Rensningsanlaeg Damhusaaen,75
1007257_1,Copenaghen_RD,Brachymonas,0.009078257,2020-07-14 00:00:00,DTU_2020_1007257_1_MG_RD_CPH_Sewage_718,Denmark,Copenhagen,55.6405,12.5058,Rensningsanlaeg Damhusaaen,75
1007257_1,Copenaghen_RD,Brevefilum,0.001301759,2020-07-14 00:00:00,DTU_2020_1007257_1_MG_RD_CPH_Sewage_718,Denmark,Copenhagen,55.6405,12.5058,Rensningsanlaeg Damhusaaen,75
1007257_1,Copenaghen_RD,Brevundimonas,0.000894274,2020-07-14 00:00:00,DTU_2020_1007257_1_MG_RD_CPH_Sewage_718,Denmark,Copenhagen,55.6405,12.5058,Rensningsanlaeg Damhusaaen,75
1007257_1,Copenaghen_RD,Cloacibacterium,0.040724525,2020-07-14 00:00:00,DTU_2020_1007257_1_MG_RD_CPH_Sewage_718,Denmark,Copenhagen,55.6405,12.5058,Rensningsanlaeg Damhusaaen,75
1007257_1,Copenaghen_RD,Comamonas,0.028261782,2020-07-14 00:00:00,DTU_2020_1007257_1_MG_RD_CPH_Sewage_718,Denmark,Copenhagen,55.6405,12.5058,Rensningsanlaeg Damhusaaen,75
1007257_1,Copenaghen_RD,Competibacter_A,0.000809824,2020-07-14 00:00:00,DTU_2020_1007257_1_MG_RD_CPH_Sewage_718,Denmark,Copenhagen,55.6405,12.5058,Rensningsanlaeg Damhusaaen,75
1007257_1,Copenaghen_RD,Enterobacter,0.000407678,2020-07-14 00:00:00,DTU_2020_1007257_1_MG_RD_CPH_Sewage_718,Denmark,Copenhagen,55.6405,12.5058,Rensningsanlaeg Damhusaaen,75
1007257_1,Copenaghen_RD,Fermentibacter,0.00825345,2020-07-14 00:00:00,DTU_2020_1007257_1_MG_RD_CPH_Sewage_718,Denmark,Copenhagen,55.6405,12.5058,Rensningsanlaeg Damhusaaen,75
1007257_1,Copenaghen_RD,Flavobacterium,0.01497777,2020-07-14 00:00:00,DTU_2020_1007257_1_MG_RD_CPH_Sewage_718,Denmark,Copenhagen,55.6405,12.5058,Rensningsanlaeg Damhusaaen,75
1007257_1,Copenaghen_RD,Giesbergeria,0.010175998,2020-07-14 00:00:00,DTU_2020_1007257_1_MG_RD_CPH_Sewage_718,Denmark,Copenhagen,55.6405,12.5058,Rensningsanlaeg Damhusaaen,75
1007257_1,Copenaghen_RD,Hydrogenophaga,0.000554749,2020-07-14 00:00:00,DTU_2020_1007257_1_MG_RD_CPH_Sewage_718,Denmark,Copenhagen,55.6405,12.5058,Rensningsanlaeg Damhusaaen,75
1007257_1,Copenaghen_RD,JAGOYM01,0.00495632,2020-07-14 00:00:00,DTU_2020_1007257_1_MG_RD_CPH_Sewage_718,Denmark,Copenhagen,55.6405,12.5058,Rensningsanlaeg Damhusaaen,75
1007257_1,Copenaghen_RD,Janthinobacterium,0.000286799,2020-07-14 00:00:00,DTU_2020_1007257_1_MG_RD_CPH_Sewage_718,Denmark,Copenhagen,55.6405,12.5058,Rensningsanlaeg Damhusaaen,75
1007257_1,Copenaghen_RD,Kaistella,0.005872445,2020-07-14 00:00:00,DTU_2020_1007257_1_MG_RD_CPH_Sewage_718,Denmark,Copenhagen,55.6405,12.5058,Rensningsanlaeg Damhusaaen,75
1007257_1,Copenaghen_RD,Lactococcus_A,0.004781221,2020-07-14 00:00:00,DTU_2020_1007257_1_MG_RD_CPH_Sewage_718,Denmark,Copenhagen,55.6405,12.5058,Rensningsanlaeg Damhusaaen,75
1007257_1,Copenaghen_RD,Lenti-01,0.00025811,2020-07-14 00:00:00,DTU_2020_1007257_1_MG_RD_CPH_Sewage_718,Denmark,Copenhagen,55.6405,12.5058,Rensningsanlaeg Damhusaaen,75
1007257_1,Copenaghen_RD,Microthrix,0.003011124,2020-07-14 00:00:00,DTU_2020_1007257_1_MG_RD_CPH_Sewage_718,Denmark,Copenhagen,55.6405,12.5058,Rensningsanlaeg Damhusaaen,75
1007257_1,Copenaghen_RD,Moraxella_A,0.014728201,2020-07-14 00:00:00,DTU_2020_1007257_1_MG_RD_CPH_Sewage_718,Denmark,Copenhagen,55.6405,12.5058,Rensningsanlaeg Damhusaaen,75
1007257_1,Copenaghen_RD,Neisseria,0.00778986,2020-07-14 00:00:00,DTU_2020_1007257_1_MG_RD_CPH_Sewage_718,Denmark,Copenhagen,55.6405,12.5058,Rensningsanlaeg Damhusaaen,75
1007257_1,Copenaghen_RD,Novosphingobium,0.000494014,2020-07-14 00:00:00,DTU_2020_1007257_1_MG_RD_CPH_Sewage_718,Denmark,Copenhagen,55.6405,12.5058,Rensningsanlaeg Damhusaaen,75
1007257_1,Copenaghen_RD,Ottowia,0.013233264,2020-07-14 00:00:00,DTU_2020_1007257_1_MG_RD_CPH_Sewage_718,Denmark,Copenhagen,55.6405,12.5058,Rensningsanlaeg Damhusaaen,75
1007257_1,Copenaghen_RD,Paracoccus,0.000894926,2020-07-14 00:00:00,DTU_2020_1007257_1_MG_RD_CPH_Sewage_718,Denmark,Copenhagen,55.6405,12.5058,Rensningsanlaeg Damhusaaen,75
1007257_1,Copenaghen_RD,Phocaeicola,0.012998345,2020-07-14 00:00:00,DTU_2020_1007257_1_MG_RD_CPH_Sewage_718,Denmark,Copenhagen,55.6405,12.5058,Rensningsanlaeg Damhusaaen,75
1007257_1,Copenaghen_RD,Prevotella,0.038833726,2020-07-14 00:00:00,DTU_2020_1007257_1_MG_RD_CPH_Sewage_718,Denmark,Copenhagen,55.6405,12.5058,Rensningsanlaeg Damhusaaen,75
1007257_1,Copenaghen_RD,Propionivibrio,0.00671173,2020-07-14 00:00:00,DTU_2020_1007257_1_MG_RD_CPH_Sewage_718,Denmark,Copenhagen,55.6405,12.5058,Rensningsanlaeg Damhusaaen,75
1007257_1,Copenaghen_RD,Pseudomonas_E,0.007671662,2020-07-14 00:00:00,DTU_2020_1007257_1_MG_RD_CPH_Sewage_718,Denmark,Copenhagen,55.6405,12.5058,Rensningsanlaeg Damhusaaen,75
1007257_1,Copenaghen_RD,Pseudoxanthomonas,0.003976396,2020-07-14 00:00:00,DTU_2020_1007257_1_MG_RD_CPH_Sewage_718,Denmark,Copenhagen,55.6405,12.5058,Rensningsanlaeg Damhusaaen,75
1007257_1,Copenaghen_RD,Pseudoxanthomonas_A,0.006384957,2020-07-14 00:00:00,DTU_2020_1007257_1_MG_RD_CPH_Sewage_718,Denmark,Copenhagen,55.6405,12.5058,Rensningsanlaeg Damhusaaen,75
1007257_1,Copenaghen_RD,Psychrobacter,0.003116441,2020-07-14 00:00:00,DTU_2020_1007257_1_MG_RD_CPH_Sewage_718,Denmark,Copenhagen,55.6405,12.5058,Rensningsanlaeg Damhusaaen,75
1007257_1,Copenaghen_RD,Rubrivivax,0.009020598,2020-07-14 00:00:00,DTU_2020_1007257_1_MG_RD_CPH_Sewage_718,Denmark,Copenhagen,55.6405,12.5058,Rensningsanlaeg Damhusaaen,75
1007257_1,Copenaghen_RD,Streptococcus,0.0309789,2020-07-14 00:00:00,DTU_2020_1007257_1_MG_RD_CPH_Sewage_718,Denmark,Copenhagen,55.6405,12.5058,Rensningsanlaeg Damhusaaen,75
1007257_1,Copenaghen_RD,Telluria,0.000407993,2020-07-14 00:00:00,DTU_2020_1007257_1_MG_RD_CPH_Sewage_718,Denmark,Copenhagen,55.6405,12.5058,Rensningsanlaeg Damhusaaen,75
1007257_1,Copenaghen_RD,Thauera,0.014997242,2020-07-14 00:00:00,DTU_2020_1007257_1_MG_RD_CPH_Sewage_718,Denmark,Copenhagen,55.6405,12.5058,Rensningsanlaeg Damhusaaen,75
1007257_1,Copenaghen_RD,Thermomonas,0.004886365,2020-07-14 00:00:00,DTU_2020_1007257_1_MG_RD_CPH_Sewage_718,Denmark,Copenhagen,55.6405,12.5058,Rensningsanlaeg Damhusaaen,75
1007257_1,Copenaghen_RD,Thiothrix,0.001093257,2020-07-14 00:00:00,DTU_2020_1007257_1_MG_RD_CPH_Sewage_718,Denmark,Copenhagen,55.6405,12.5058,Rensningsanlaeg Damhusaaen,75
1007257_1,Copenaghen_RD,Tolumonas,0.001987199,2020-07-14 00:00:00,DTU_2020_1007257_1_MG_RD_CPH_Sewage_718,Denmark,Copenhagen,55.6405,12.5058,Rensningsanlaeg Damhusaaen,75
1007257_1,Copenaghen_RD,Trichococcus,0.003796013,2020-07-14 00:00:00,DTU_2020_1007257_1_MG_RD_CPH_Sewage_718,Denmark,Copenhagen,55.6405,12.5058,Rensningsanlaeg Damhusaaen,75
1007257_1,Copenaghen_RD,UBA1413,0.006144742,2020-07-14 00:00:00,DTU_2020_1007257_1_MG_RD_CPH_Sewage_718,Denmark,Copenhagen,55.6405,12.5058,Rensningsanlaeg Damhusaaen,75
1007257_1,Copenaghen_RD,merged,0.395926117,2020-07-14 00:00:00,DTU_2020_1007257_1_MG_RD_CPH_Sewage_718,Denmark,Copenhagen,55.6405,12.5058,Rensningsanlaeg Damhusaaen,75
1007255_1,Copenaghen_RL,Acidovorax,0.253551358,2020-07-14 00:00:00,DTU_2020_1007255_1_MG_RL_CPH_Sewage_716,Denmark,Copenhagen,55.6956,12.6139,Rensningsanlaeg Lynetten,75
1007255_1,Copenaghen_RL,Acinetobacter,0.04213664,2020-07-14 00:00:00,DTU_2020_1007255_1_MG_RL_CPH_Sewage_716,Denmark,Copenhagen,55.6956,12.6139,Rensningsanlaeg Lynetten,75
1007255_1,Copenaghen_RL,Aeromonas,0.016353478,2020-07-14 00:00:00,DTU_2020_1007255_1_MG_RL_CPH_Sewage_716,Denmark,Copenhagen,55.6956,12.6139,Rensningsanlaeg Lynetten,75
1007255_1,Copenaghen_RL,Aliarcobacter,0.047691784,2020-07-14 00:00:00,DTU_2020_1007255_1_MG_RL_CPH_Sewage_716,Denmark,Copenhagen,55.6956,12.6139,Rensningsanlaeg Lynetten,75
1007255_1,Copenaghen_RL,Aquabacterium_A,0.000214326,2020-07-14 00:00:00,DTU_2020_1007255_1_MG_RL_CPH_Sewage_716,Denmark,Copenhagen,55.6956,12.6139,Rensningsanlaeg Lynetten,75
1007255_1,Copenaghen_RL,Bacteroides,0.007027445,2020-07-14 00:00:00,DTU_2020_1007255_1_MG_RL_CPH_Sewage_716,Denmark,Copenhagen,55.6956,12.6139,Rensningsanlaeg Lynetten,75
1007255_1,Copenaghen_RL,Brachymonas,0.022086627,2020-07-14 00:00:00,DTU_2020_1007255_1_MG_RL_CPH_Sewage_716,Denmark,Copenhagen,55.6956,12.6139,Rensningsanlaeg Lynetten,75
1007255_1,Copenaghen_RL,Brevefilum,4.12345e-05,2020-07-14 00:00:00,DTU_2020_1007255_1_MG_RL_CPH_Sewage_716,Denmark,Copenhagen,55.6956,12.6139,Rensningsanlaeg Lynetten,75
1007255_1,Copenaghen_RL,Brevundimonas,0.001194121,2020-07-14 00:00:00,DTU_2020_1007255_1_MG_RL_CPH_Sewage_716,Denmark,Copenhagen,55.6956,12.6139,Rensningsanlaeg Lynetten,75
1007255_1,Copenaghen_RL,Cloacibacterium,0.045246222,2020-07-14 00:00:00,DTU_2020_1007255_1_MG_RL_CPH_Sewage_716,Denmark,Copenhagen,55.6956,12.6139,Rensningsanlaeg Lynetten,75
1007255_1,Copenaghen_RL,Comamonas,0.02588885,2020-07-14 00:00:00,DTU_2020_1007255_1_MG_RL_CPH_Sewage_716,Denmark,Copenhagen,55.6956,12.6139,Rensningsanlaeg Lynetten,75
1007255_1,Copenaghen_RL,Competibacter_A,1.91998e-05,2020-07-14 00:00:00,DTU_2020_1007255_1_MG_RL_CPH_Sewage_716,Denmark,Copenhagen,55.6956,12.6139,Rensningsanlaeg Lynetten,75
1007255_1,Copenaghen_RL,Enterobacter,0.001228487,2020-07-14 00:00:00,DTU_2020_1007255_1_MG_RL_CPH_Sewage_716,Denmark,Copenhagen,55.6956,12.6139,Rensningsanlaeg Lynetten,75
1007255_1,Copenaghen_RL,Fermentibacter,0.00016337,2020-07-14 00:00:00,DTU_2020_1007255_1_MG_RL_CPH_Sewage_716,Denmark,Copenhagen,55.6956,12.6139,Rensningsanlaeg Lynetten,75
1007255_1,Copenaghen_RL,Flavobacterium,0.015054005,2020-07-14 00:00:00,DTU_2020_1007255_1_MG_RL_CPH_Sewage_716,Denmark,Copenhagen,55.6956,12.6139,Rensningsanlaeg Lynetten,75
1007255_1,Copenaghen_RL,Giesbergeria,0.019409991,2020-07-14 00:00:00,DTU_2020_1007255_1_MG_RL_CPH_Sewage_716,Denmark,Copenhagen,55.6956,12.6139,Rensningsanlaeg Lynetten,75
1007255_1,Copenaghen_RL,Hydrogenophaga,0.000601828,2020-07-14 00:00:00,DTU_2020_1007255_1_MG_RL_CPH_Sewage_716,Denmark,Copenhagen,55.6956,12.6139,Rensningsanlaeg Lynetten,75
1007255_1,Copenaghen_RL,JAGOYM01,0.004364204,2020-07-14 00:00:00,DTU_2020_1007255_1_MG_RL_CPH_Sewage_716,Denmark,Copenhagen,55.6956,12.6139,Rensningsanlaeg Lynetten,75
1007255_1,Copenaghen_RL,Janthinobacterium,0.000501723,2020-07-14 00:00:00,DTU_2020_1007255_1_MG_RL_CPH_Sewage_716,Denmark,Copenhagen,55.6956,12.6139,Rensningsanlaeg Lynetten,75
1007255_1,Copenaghen_RL,Kaistella,0.005989715,2020-07-14 00:00:00,DTU_2020_1007255_1_MG_RL_CPH_Sewage_716,Denmark,Copenhagen,55.6956,12.6139,Rensningsanlaeg Lynetten,75
1007255_1,Copenaghen_RL,Lactococcus_A,0.007695138,2020-07-14 00:00:00,DTU_2020_1007255_1_MG_RL_CPH_Sewage_716,Denmark,Copenhagen,55.6956,12.6139,Rensningsanlaeg Lynetten,75
1007255_1,Copenaghen_RL,Lenti-01,0.000177224,2020-07-14 00:00:00,DTU_2020_1007255_1_MG_RL_CPH_Sewage_716,Denmark,Copenhagen,55.6956,12.6139,Rensningsanlaeg Lynetten,75
1007255_1,Copenaghen_RL,Microthrix,3.27924e-05,2020-07-14 00:00:00,DTU_2020_1007255_1_MG_RL_CPH_Sewage_716,Denmark,Copenhagen,55.6956,12.6139,Rensningsanlaeg Lynetten,75
1007255_1,Copenaghen_RL,Moraxella_A,0.003129622,2020-07-14 00:00:00,DTU_2020_1007255_1_MG_RL_CPH_Sewage_716,Denmark,Copenhagen,55.6956,12.6139,Rensningsanlaeg Lynetten,75
1007255_1,Copenaghen_RL,Neisseria,0.019091957,2020-07-14 00:00:00,DTU_2020_1007255_1_MG_RL_CPH_Sewage_716,Denmark,Copenhagen,55.6956,12.6139,Rensningsanlaeg Lynetten,75
1007255_1,Copenaghen_RL,Novosphingobium,0.000326031,2020-07-14 00:00:00,DTU_2020_1007255_1_MG_RL_CPH_Sewage_716,Denmark,Copenhagen,55.6956,12.6139,Rensningsanlaeg Lynetten,75
1007255_1,Copenaghen_RL,Ottowia,0.02355723,2020-07-14 00:00:00,DTU_2020_1007255_1_MG_RL_CPH_Sewage_716,Denmark,Copenhagen,55.6956,12.6139,Rensningsanlaeg Lynetten,75
1007255_1,Copenaghen_RL,Paracoccus,0.001049117,2020-07-14 00:00:00,DTU_2020_1007255_1_MG_RL_CPH_Sewage_716,Denmark,Copenhagen,55.6956,12.6139,Rensningsanlaeg Lynetten,75
1007255_1,Copenaghen_RL,Phocaeicola,0.005830935,2020-07-14 00:00:00,DTU_2020_1007255_1_MG_RL_CPH_Sewage_716,Denmark,Copenhagen,55.6956,12.6139,Rensningsanlaeg Lynetten,75
1007255_1,Copenaghen_RL,Prevotella,0.007041848,2020-07-14 00:00:00,DTU_2020_1007255_1_MG_RL_CPH_Sewage_716,Denmark,Copenhagen,55.6956,12.6139,Rensningsanlaeg Lynetten,75
1007255_1,Copenaghen_RL,Propionivibrio,0.012026999,2020-07-14 00:00:00,DTU_2020_1007255_1_MG_RL_CPH_Sewage_716,Denmark,Copenhagen,55.6956,12.6139,Rensningsanlaeg Lynetten,75
1007255_1,Copenaghen_RL,Pseudomonas_E,0.010764527,2020-07-14 00:00:00,DTU_2020_1007255_1_MG_RL_CPH_Sewage_716,Denmark,Copenhagen,55.6956,12.6139,Rensningsanlaeg Lynetten,75
1007255_1,Copenaghen_RL,Pseudoxanthomonas,0.006346054,2020-07-14 00:00:00,DTU_2020_1007255_1_MG_RL_CPH_Sewage_716,Denmark,Copenhagen,55.6956,12.6139,Rensningsanlaeg Lynetten,75
1007255_1,Copenaghen_RL,Pseudoxanthomonas_A,0.01418331,2020-07-14 00:00:00,DTU_2020_1007255_1_MG_RL_CPH_Sewage_716,Denmark,Copenhagen,55.6956,12.6139,Rensningsanlaeg Lynetten,75
1007255_1,Copenaghen_RL,Psychrobacter,0.002530384,2020-07-14 00:00:00,DTU_2020_1007255_1_MG_RL_CPH_Sewage_716,Denmark,Copenhagen,55.6956,12.6139,Rensningsanlaeg Lynetten,75
1007255_1,Copenaghen_RL,Rubrivivax,0.000200564,2020-07-14 00:00:00,DTU_2020_1007255_1_MG_RL_CPH_Sewage_716,Denmark,Copenhagen,55.6956,12.6139,Rensningsanlaeg Lynetten,75
1007255_1,Copenaghen_RL,Streptococcus,0.021832268,2020-07-14 00:00:00,DTU_2020_1007255_1_MG_RL_CPH_Sewage_716,Denmark,Copenhagen,55.6956,12.6139,Rensningsanlaeg Lynetten,75
1007255_1,Copenaghen_RL,Telluria,0.000915967,2020-07-14 00:00:00,DTU_2020_1007255_1_MG_RL_CPH_Sewage_716,Denmark,Copenhagen,55.6956,12.6139,Rensningsanlaeg Lynetten,75
1007255_1,Copenaghen_RL,Thauera,0.016580331,2020-07-14 00:00:00,DTU_2020_1007255_1_MG_RL_CPH_Sewage_716,Denmark,Copenhagen,55.6956,12.6139,Rensningsanlaeg Lynetten,75
1007255_1,Copenaghen_RL,Thermomonas,0.005708621,2020-07-14 00:00:00,DTU_2020_1007255_1_MG_RL_CPH_Sewage_716,Denmark,Copenhagen,55.6956,12.6139,Rensningsanlaeg Lynetten,75
1007255_1,Copenaghen_RL,Thiothrix,0.001152171,2020-07-14 00:00:00,DTU_2020_1007255_1_MG_RL_CPH_Sewage_716,Denmark,Copenhagen,55.6956,12.6139,Rensningsanlaeg Lynetten,75
1007255_1,Copenaghen_RL,Tolumonas,0.004862159,2020-07-14 00:00:00,DTU_2020_1007255_1_MG_RL_CPH_Sewage_716,Denmark,Copenhagen,55.6956,12.6139,Rensningsanlaeg Lynetten,75
1007255_1,Copenaghen_RL,Trichococcus,0.007199927,2020-07-14 00:00:00,DTU_2020_1007255_1_MG_RL_CPH_Sewage_716,Denmark,Copenhagen,55.6956,12.6139,Rensningsanlaeg Lynetten,75
1007255_1,Copenaghen_RL,UBA1413,4.1754e-05,2020-07-14 00:00:00,DTU_2020_1007255_1_MG_RL_CPH_Sewage_716,Denmark,Copenhagen,55.6956,12.6139,Rensningsanlaeg Lynetten,75
1007255_1,Copenaghen_RL,merged,0.318958458,2020-07-14 00:00:00,DTU_2020_1007255_1_MG_RL_CPH_Sewage_716,Denmark,Copenhagen,55.6956,12.6139,Rensningsanlaeg Lynetten,75
1007259_1,Copenaghen_RA,Acidovorax,0.109042368,2020-07-23 00:00:00,DTU_2020_1007259_1_MG_RA_CPH_Sewage_720,Denmark,Copenhagen,55.6085,12.4505,Rensningsanlaeg Avedoere,77
1007259_1,Copenaghen_RA,Acinetobacter,0.066482534,2020-07-23 00:00:00,DTU_2020_1007259_1_MG_RA_CPH_Sewage_720,Denmark,Copenhagen,55.6085,12.4505,Rensningsanlaeg Avedoere,77
1007259_1,Copenaghen_RA,Aeromonas,0.019440527,2020-07-23 00:00:00,DTU_2020_1007259_1_MG_RA_CPH_Sewage_720,Denmark,Copenhagen,55.6085,12.4505,Rensningsanlaeg Avedoere,77
1007259_1,Copenaghen_RA,Aliarcobacter,0.042352537,2020-07-23 00:00:00,DTU_2020_1007259_1_MG_RA_CPH_Sewage_720,Denmark,Copenhagen,55.6085,12.4505,Rensningsanlaeg Avedoere,77
1007259_1,Copenaghen_RA,Aquabacterium_A,0.000156558,2020-07-23 00:00:00,DTU_2020_1007259_1_MG_RA_CPH_Sewage_720,Denmark,Copenhagen,55.6085,12.4505,Rensningsanlaeg Avedoere,77
1007259_1,Copenaghen_RA,Bacteroides,0.003929467,2020-07-23 00:00:00,DTU_2020_1007259_1_MG_RA_CPH_Sewage_720,Denmark,Copenhagen,55.6085,12.4505,Rensningsanlaeg Avedoere,77
1007259_1,Copenaghen_RA,Brachymonas,0.013679078,2020-07-23 00:00:00,DTU_2020_1007259_1_MG_RA_CPH_Sewage_720,Denmark,Copenhagen,55.6085,12.4505,Rensningsanlaeg Avedoere,77
1007259_1,Copenaghen_RA,Brevefilum,1.59702e-05,2020-07-23 00:00:00,DTU_2020_1007259_1_MG_RA_CPH_Sewage_720,Denmark,Copenhagen,55.6085,12.4505,Rensningsanlaeg Avedoere,77
1007259_1,Copenaghen_RA,Brevundimonas,0.002311028,2020-07-23 00:00:00,DTU_2020_1007259_1_MG_RA_CPH_Sewage_720,Denmark,Copenhagen,55.6085,12.4505,Rensningsanlaeg Avedoere,77
1007259_1,Copenaghen_RA,Cloacibacterium,0.047167603,2020-07-23 00:00:00,DTU_2020_1007259_1_MG_RA_CPH_Sewage_720,Denmark,Copenhagen,55.6085,12.4505,Rensningsanlaeg Avedoere,77
1007259_1,Copenaghen_RA,Comamonas,0.031903243,2020-07-23 00:00:00,DTU_2020_1007259_1_MG_RA_CPH_Sewage_720,Denmark,Copenhagen,55.6085,12.4505,Rensningsanlaeg Avedoere,77
1007259_1,Copenaghen_RA,Competibacter_A,4.31045e-05,2020-07-23 00:00:00,DTU_2020_1007259_1_MG_RA_CPH_Sewage_720,Denmark,Copenhagen,55.6085,12.4505,Rensningsanlaeg Avedoere,77
1007259_1,Copenaghen_RA,Enterobacter,0.055800283,2020-07-23 00:00:00,DTU_2020_1007259_1_MG_RA_CPH_Sewage_720,Denmark,Copenhagen,55.6085,12.4505,Rensningsanlaeg Avedoere,77
1007259_1,Copenaghen_RA,Fermentibacter,2.70128e-05,2020-07-23 00:00:00,DTU_2020_1007259_1_MG_RA_CPH_Sewage_720,Denmark,Copenhagen,55.6085,12.4505,Rensningsanlaeg Avedoere,77
1007259_1,Copenaghen_RA,Flavobacterium,0.012219634,2020-07-23 00:00:00,DTU_2020_1007259_1_MG_RA_CPH_Sewage_720,Denmark,Copenhagen,55.6085,12.4505,Rensningsanlaeg Avedoere,77
1007259_1,Copenaghen_RA,Giesbergeria,0.014947686,2020-07-23 00:00:00,DTU_2020_1007259_1_MG_RA_CPH_Sewage_720,Denmark,Copenhagen,55.6085,12.4505,Rensningsanlaeg Avedoere,77
1007259_1,Copenaghen_RA,Hydrogenophaga,0.000710747,2020-07-23 00:00:00,DTU_2020_1007259_1_MG_RA_CPH_Sewage_720,Denmark,Copenhagen,55.6085,12.4505,Rensningsanlaeg Avedoere,77
1007259_1,Copenaghen_RA,JAGOYM01,0.013134435,2020-07-23 00:00:00,DTU_2020_1007259_1_MG_RA_CPH_Sewage_720,Denmark,Copenhagen,55.6085,12.4505,Rensningsanlaeg Avedoere,77
1007259_1,Copenaghen_RA,Janthinobacterium,0.000586207,2020-07-23 00:00:00,DTU_2020_1007259_1_MG_RA_CPH_Sewage_720,Denmark,Copenhagen,55.6085,12.4505,Rensningsanlaeg Avedoere,77
1007259_1,Copenaghen_RA,Kaistella,0.007264435,2020-07-23 00:00:00,DTU_2020_1007259_1_MG_RA_CPH_Sewage_720,Denmark,Copenhagen,55.6085,12.4505,Rensningsanlaeg Avedoere,77
1007259_1,Copenaghen_RA,Lactococcus_A,0.012948799,2020-07-23 00:00:00,DTU_2020_1007259_1_MG_RA_CPH_Sewage_720,Denmark,Copenhagen,55.6085,12.4505,Rensningsanlaeg Avedoere,77
1007259_1,Copenaghen_RA,Lenti-01,0.000233753,2020-07-23 00:00:00,DTU_2020_1007259_1_MG_RA_CPH_Sewage_720,Denmark,Copenhagen,55.6085,12.4505,Rensningsanlaeg Avedoere,77
1007259_1,Copenaghen_RA,Microthrix,8.05454e-05,2020-07-23 00:00:00,DTU_2020_1007259_1_MG_RA_CPH_Sewage_720,Denmark,Copenhagen,55.6085,12.4505,Rensningsanlaeg Avedoere,77
1007259_1,Copenaghen_RA,Moraxella_A,0.001751228,2020-07-23 00:00:00,DTU_2020_1007259_1_MG_RA_CPH_Sewage_720,Denmark,Copenhagen,55.6085,12.4505,Rensningsanlaeg Avedoere,77
1007259_1,Copenaghen_RA,Neisseria,0.013095634,2020-07-23 00:00:00,DTU_2020_1007259_1_MG_RA_CPH_Sewage_720,Denmark,Copenhagen,55.6085,12.4505,Rensningsanlaeg Avedoere,77
1007259_1,Copenaghen_RA,Novosphingobium,0.000559914,2020-07-23 00:00:00,DTU_2020_1007259_1_MG_RA_CPH_Sewage_720,Denmark,Copenhagen,55.6085,12.4505,Rensningsanlaeg Avedoere,77
1007259_1,Copenaghen_RA,Ottowia,0.012971377,2020-07-23 00:00:00,DTU_2020_1007259_1_MG_RA_CPH_Sewage_720,Denmark,Copenhagen,55.6085,12.4505,Rensningsanlaeg Avedoere,77
1007259_1,Copenaghen_RA,Paracoccus,0.001215308,2020-07-23 00:00:00,DTU_2020_1007259_1_MG_RA_CPH_Sewage_720,Denmark,Copenhagen,55.6085,12.4505,Rensningsanlaeg Avedoere,77
1007259_1,Copenaghen_RA,Phocaeicola,0.003928953,2020-07-23 00:00:00,DTU_2020_1007259_1_MG_RA_CPH_Sewage_720,Denmark,Copenhagen,55.6085,12.4505,Rensningsanlaeg Avedoere,77
1007259_1,Copenaghen_RA,Prevotella,0.008415813,2020-07-23 00:00:00,DTU_2020_1007259_1_MG_RA_CPH_Sewage_720,Denmark,Copenhagen,55.6085,12.4505,Rensningsanlaeg Avedoere,77
1007259_1,Copenaghen_RA,Propionivibrio,0.018874094,2020-07-23 00:00:00,DTU_2020_1007259_1_MG_RA_CPH_Sewage_720,Denmark,Copenhagen,55.6085,12.4505,Rensningsanlaeg Avedoere,77
1007259_1,Copenaghen_RA,Pseudomonas_E,0.011695809,2020-07-23 00:00:00,DTU_2020_1007259_1_MG_RA_CPH_Sewage_720,Denmark,Copenhagen,55.6085,12.4505,Rensningsanlaeg Avedoere,77
1007259_1,Copenaghen_RA,Pseudoxanthomonas,0.003020832,2020-07-23 00:00:00,DTU_2020_1007259_1_MG_RA_CPH_Sewage_720,Denmark,Copenhagen,55.6085,12.4505,Rensningsanlaeg Avedoere,77
1007259_1,Copenaghen_RA,Pseudoxanthomonas_A,0.004965811,2020-07-23 00:00:00,DTU_2020_1007259_1_MG_RA_CPH_Sewage_720,Denmark,Copenhagen,55.6085,12.4505,Rensningsanlaeg Avedoere,77
1007259_1,Copenaghen_RA,Psychrobacter,0.003104203,2020-07-23 00:00:00,DTU_2020_1007259_1_MG_RA_CPH_Sewage_720,Denmark,Copenhagen,55.6085,12.4505,Rensningsanlaeg Avedoere,77
1007259_1,Copenaghen_RA,Rubrivivax,0.0001582,2020-07-23 00:00:00,DTU_2020_1007259_1_MG_RA_CPH_Sewage_720,Denmark,Copenhagen,55.6085,12.4505,Rensningsanlaeg Avedoere,77
1007259_1,Copenaghen_RA,Streptococcus,0.023671929,2020-07-23 00:00:00,DTU_2020_1007259_1_MG_RA_CPH_Sewage_720,Denmark,Copenhagen,55.6085,12.4505,Rensningsanlaeg Avedoere,77
1007259_1,Copenaghen_RA,Telluria,0.000505749,2020-07-23 00:00:00,DTU_2020_1007259_1_MG_RA_CPH_Sewage_720,Denmark,Copenhagen,55.6085,12.4505,Rensningsanlaeg Avedoere,77
1007259_1,Copenaghen_RA,Thauera,0.023496649,2020-07-23 00:00:00,DTU_2020_1007259_1_MG_RA_CPH_Sewage_720,Denmark,Copenhagen,55.6085,12.4505,Rensningsanlaeg Avedoere,77
1007259_1,Copenaghen_RA,Thermomonas,0.006259206,2020-07-23 00:00:00,DTU_2020_1007259_1_MG_RA_CPH_Sewage_720,Denmark,Copenhagen,55.6085,12.4505,Rensningsanlaeg Avedoere,77
1007259_1,Copenaghen_RA,Thiothrix,0.001764885,2020-07-23 00:00:00,DTU_2020_1007259_1_MG_RA_CPH_Sewage_720,Denmark,Copenhagen,55.6085,12.4505,Rensningsanlaeg Avedoere,77
1007259_1,Copenaghen_RA,Tolumonas,0.007951831,2020-07-23 00:00:00,DTU_2020_1007259_1_MG_RA_CPH_Sewage_720,Denmark,Copenhagen,55.6085,12.4505,Rensningsanlaeg Avedoere,77
1007259_1,Copenaghen_RA,Trichococcus,0.009531856,2020-07-23 00:00:00,DTU_2020_1007259_1_MG_RA_CPH_Sewage_720,Denmark,Copenhagen,55.6085,12.4505,Rensningsanlaeg Avedoere,77
1007259_1,Copenaghen_RA,UBA1413,1.75242e-05,2020-07-23 00:00:00,DTU_2020_1007259_1_MG_RA_CPH_Sewage_720,Denmark,Copenhagen,55.6085,12.4505,Rensningsanlaeg Avedoere,77
1007259_1,Copenaghen_RA,merged,0.388565639,2020-07-23 00:00:00,DTU_2020_1007259_1_MG_RA_CPH_Sewage_720,Denmark,Copenhagen,55.6085,12.4505,Rensningsanlaeg Avedoere,77
1007260_1,Copenaghen_RD,Acidovorax,0.141480753,2020-07-23 00:00:00,DTU_2020_1007260_1_MG_RD_CPH_Sewage_721,Denmark,Copenhagen,55.6405,12.5058,Rensningsanlaeg Damhusaaen,77
1007260_1,Copenaghen_RD,Acinetobacter,0.046228842,2020-07-23 00:00:00,DTU_2020_1007260_1_MG_RD_CPH_Sewage_721,Denmark,Copenhagen,55.6405,12.5058,Rensningsanlaeg Damhusaaen,77
1007260_1,Copenaghen_RD,Aeromonas,0.014757886,2020-07-23 00:00:00,DTU_2020_1007260_1_MG_RD_CPH_Sewage_721,Denmark,Copenhagen,55.6405,12.5058,Rensningsanlaeg Damhusaaen,77
1007260_1,Copenaghen_RD,Aliarcobacter,0.044646139,2020-07-23 00:00:00,DTU_2020_1007260_1_MG_RD_CPH_Sewage_721,Denmark,Copenhagen,55.6405,12.5058,Rensningsanlaeg Damhusaaen,77
1007260_1,Copenaghen_RD,Aquabacterium_A,0.000559475,2020-07-23 00:00:00,DTU_2020_1007260_1_MG_RD_CPH_Sewage_721,Denmark,Copenhagen,55.6405,12.5058,Rensningsanlaeg Damhusaaen,77
1007260_1,Copenaghen_RD,Bacteroides,0.014479032,2020-07-23 00:00:00,DTU_2020_1007260_1_MG_RD_CPH_Sewage_721,Denmark,Copenhagen,55.6405,12.5058,Rensningsanlaeg Damhusaaen,77
1007260_1,Copenaghen_RD,Brachymonas,0.01245602,2020-07-23 00:00:00,DTU_2020_1007260_1_MG_RD_CPH_Sewage_721,Denmark,Copenhagen,55.6405,12.5058,Rensningsanlaeg Damhusaaen,77
1007260_1,Copenaghen_RD,Brevefilum,0.000134926,2020-07-23 00:00:00,DTU_2020_1007260_1_MG_RD_CPH_Sewage_721,Denmark,Copenhagen,55.6405,12.5058,Rensningsanlaeg Damhusaaen,77
1007260_1,Copenaghen_RD,Brevundimonas,0.000762179,2020-07-23 00:00:00,DTU_2020_1007260_1_MG_RD_CPH_Sewage_721,Denmark,Copenhagen,55.6405,12.5058,Rensningsanlaeg Damhusaaen,77
1007260_1,Copenaghen_RD,Cloacibacterium,0.06373606,2020-07-23 00:00:00,DTU_2020_1007260_1_MG_RD_CPH_Sewage_721,Denmark,Copenhagen,55.6405,12.5058,Rensningsanlaeg Damhusaaen,77
1007260_1,Copenaghen_RD,Comamonas,0.046196605,2020-07-23 00:00:00,DTU_2020_1007260_1_MG_RD_CPH_Sewage_721,Denmark,Copenhagen,55.6405,12.5058,Rensningsanlaeg Damhusaaen,77
1007260_1,Copenaghen_RD,Competibacter_A,8.07576e-05,2020-07-23 00:00:00,DTU_2020_1007260_1_MG_RD_CPH_Sewage_721,Denmark,Copenhagen,55.6405,12.5058,Rensningsanlaeg Damhusaaen,77
1007260_1,Copenaghen_RD,Enterobacter,0.000538813,2020-07-23 00:00:00,DTU_2020_1007260_1_MG_RD_CPH_Sewage_721,Denmark,Copenhagen,55.6405,12.5058,Rensningsanlaeg Damhusaaen,77
1007260_1,Copenaghen_RD,Fermentibacter,0.000316326,2020-07-23 00:00:00,DTU_2020_1007260_1_MG_RD_CPH_Sewage_721,Denmark,Copenhagen,55.6405,12.5058,Rensningsanlaeg Damhusaaen,77
1007260_1,Copenaghen_RD,Flavobacterium,0.021693514,2020-07-23 00:00:00,DTU_2020_1007260_1_MG_RD_CPH_Sewage_721,Denmark,Copenhagen,55.6405,12.5058,Rensningsanlaeg Damhusaaen,77
1007260_1,Copenaghen_RD,Giesbergeria,0.009460648,2020-07-23 00:00:00,DTU_2020_1007260_1_MG_RD_CPH_Sewage_721,Denmark,Copenhagen,55.6405,12.5058,Rensningsanlaeg Damhusaaen,77
1007260_1,Copenaghen_RD,Hydrogenophaga,0.000984396,2020-07-23 00:00:00,DTU_2020_1007260_1_MG_RD_CPH_Sewage_721,Denmark,Copenhagen,55.6405,12.5058,Rensningsanlaeg Damhusaaen,77
1007260_1,Copenaghen_RD,JAGOYM01,0.008181669,2020-07-23 00:00:00,DTU_2020_1007260_1_MG_RD_CPH_Sewage_721,Denmark,Copenhagen,55.6405,12.5058,Rensningsanlaeg Damhusaaen,77
1007260_1,Copenaghen_RD,Janthinobacterium,0.000585048,2020-07-23 00:00:00,DTU_2020_1007260_1_MG_RD_CPH_Sewage_721,Denmark,Copenhagen,55.6405,12.5058,Rensningsanlaeg Damhusaaen,77
1007260_1,Copenaghen_RD,Kaistella,0.007094716,2020-07-23 00:00:00,DTU_2020_1007260_1_MG_RD_CPH_Sewage_721,Denmark,Copenhagen,55.6405,12.5058,Rensningsanlaeg Damhusaaen,77
1007260_1,Copenaghen_RD,Lactococcus_A,0.008693998,2020-07-23 00:00:00,DTU_2020_1007260_1_MG_RD_CPH_Sewage_721,Denmark,Copenhagen,55.6405,12.5058,Rensningsanlaeg Damhusaaen,77
1007260_1,Copenaghen_RD,Lenti-01,0.00011201,2020-07-23 00:00:00,DTU_2020_1007260_1_MG_RD_CPH_Sewage_721,Denmark,Copenhagen,55.6405,12.5058,Rensningsanlaeg Damhusaaen,77
1007260_1,Copenaghen_RD,Microthrix,0.000342641,2020-07-23 00:00:00,DTU_2020_1007260_1_MG_RD_CPH_Sewage_721,Denmark,Copenhagen,55.6405,12.5058,Rensningsanlaeg Damhusaaen,77
1007260_1,Copenaghen_RD,Moraxella_A,0.005676464,2020-07-23 00:00:00,DTU_2020_1007260_1_MG_RD_CPH_Sewage_721,Denmark,Copenhagen,55.6405,12.5058,Rensningsanlaeg Damhusaaen,77
1007260_1,Copenaghen_RD,Neisseria,0.016086059,2020-07-23 00:00:00,DTU_2020_1007260_1_MG_RD_CPH_Sewage_721,Denmark,Copenhagen,55.6405,12.5058,Rensningsanlaeg Damhusaaen,77
1007260_1,Copenaghen_RD,Novosphingobium,0.000251155,2020-07-23 00:00:00,DTU_2020_1007260_1_MG_RD_CPH_Sewage_721,Denmark,Copenhagen,55.6405,12.5058,Rensningsanlaeg Damhusaaen,77
1007260_1,Copenaghen_RD,Ottowia,0.029546314,2020-07-23 00:00:00,DTU_2020_1007260_1_MG_RD_CPH_Sewage_721,Denmark,Copenhagen,55.6405,12.5058,Rensningsanlaeg Damhusaaen,77
1007260_1,Copenaghen_RD,Paracoccus,0.000952463,2020-07-23 00:00:00,DTU_2020_1007260_1_MG_RD_CPH_Sewage_721,Denmark,Copenhagen,55.6405,12.5058,Rensningsanlaeg Damhusaaen,77
1007260_1,Copenaghen_RD,Phocaeicola,0.007956919,2020-07-23 00:00:00,DTU_2020_1007260_1_MG_RD_CPH_Sewage_721,Denmark,Copenhagen,55.6405,12.5058,Rensningsanlaeg Damhusaaen,77
1007260_1,Copenaghen_RD,Prevotella,0.021563185,2020-07-23 00:00:00,DTU_2020_1007260_1_MG_RD_CPH_Sewage_721,Denmark,Copenhagen,55.6405,12.5058,Rensningsanlaeg Damhusaaen,77
1007260_1,Copenaghen_RD,Propionivibrio,0.010074768,2020-07-23 00:00:00,DTU_2020_1007260_1_MG_RD_CPH_Sewage_721,Denmark,Copenhagen,55.6405,12.5058,Rensningsanlaeg Damhusaaen,77
1007260_1,Copenaghen_RD,Pseudomonas_E,0.00708491,2020-07-23 00:00:00,DTU_2020_1007260_1_MG_RD_CPH_Sewage_721,Denmark,Copenhagen,55.6405,12.5058,Rensningsanlaeg Damhusaaen,77
1007260_1,Copenaghen_RD,Pseudoxanthomonas,0.004016222,2020-07-23 00:00:00,DTU_2020_1007260_1_MG_RD_CPH_Sewage_721,Denmark,Copenhagen,55.6405,12.5058,Rensningsanlaeg Damhusaaen,77
1007260_1,Copenaghen_RD,Pseudoxanthomonas_A,0.00555515,2020-07-23 00:00:00,DTU_2020_1007260_1_MG_RD_CPH_Sewage_721,Denmark,Copenhagen,55.6405,12.5058,Rensningsanlaeg Damhusaaen,77
1007260_1,Copenaghen_RD,Psychrobacter,0.006225,2020-07-23 00:00:00,DTU_2020_1007260_1_MG_RD_CPH_Sewage_721,Denmark,Copenhagen,55.6405,12.5058,Rensningsanlaeg Damhusaaen,77
1007260_1,Copenaghen_RD,Rubrivivax,0.00024438,2020-07-23 00:00:00,DTU_2020_1007260_1_MG_RD_CPH_Sewage_721,Denmark,Copenhagen,55.6405,12.5058,Rensningsanlaeg Damhusaaen,77
1007260_1,Copenaghen_RD,Streptococcus,0.02223308,2020-07-23 00:00:00,DTU_2020_1007260_1_MG_RD_CPH_Sewage_721,Denmark,Copenhagen,55.6405,12.5058,Rensningsanlaeg Damhusaaen,77
1007260_1,Copenaghen_RD,Telluria,0.000416569,2020-07-23 00:00:00,DTU_2020_1007260_1_MG_RD_CPH_Sewage_721,Denmark,Copenhagen,55.6405,12.5058,Rensningsanlaeg Damhusaaen,77
1007260_1,Copenaghen_RD,Thauera,0.010860443,2020-07-23 00:00:00,DTU_2020_1007260_1_MG_RD_CPH_Sewage_721,Denmark,Copenhagen,55.6405,12.5058,Rensningsanlaeg Damhusaaen,77
1007260_1,Copenaghen_RD,Thermomonas,0.0052508,2020-07-23 00:00:00,DTU_2020_1007260_1_MG_RD_CPH_Sewage_721,Denmark,Copenhagen,55.6405,12.5058,Rensningsanlaeg Damhusaaen,77
1007260_1,Copenaghen_RD,Thiothrix,0.000555469,2020-07-23 00:00:00,DTU_2020_1007260_1_MG_RD_CPH_Sewage_721,Denmark,Copenhagen,55.6405,12.5058,Rensningsanlaeg Damhusaaen,77
1007260_1,Copenaghen_RD,Tolumonas,0.006106983,2020-07-23 00:00:00,DTU_2020_1007260_1_MG_RD_CPH_Sewage_721,Denmark,Copenhagen,55.6405,12.5058,Rensningsanlaeg Damhusaaen,77
1007260_1,Copenaghen_RD,Trichococcus,0.006573243,2020-07-23 00:00:00,DTU_2020_1007260_1_MG_RD_CPH_Sewage_721,Denmark,Copenhagen,55.6405,12.5058,Rensningsanlaeg Damhusaaen,77
1007260_1,Copenaghen_RD,UBA1413,0.000935131,2020-07-23 00:00:00,DTU_2020_1007260_1_MG_RD_CPH_Sewage_721,Denmark,Copenhagen,55.6405,12.5058,Rensningsanlaeg Damhusaaen,77
1007260_1,Copenaghen_RD,merged,0.388312842,2020-07-23 00:00:00,DTU_2020_1007260_1_MG_RD_CPH_Sewage_721,Denmark,Copenhagen,55.6405,12.5058,Rensningsanlaeg Damhusaaen,77
1007258_1,Copenaghen_RL,Acidovorax,0.195468961,2020-07-23 00:00:00,DTU_2020_1007258_1_MG_RL_CPH_Sewage_719,Denmark,Copenhagen,55.6956,12.6139,Rensningsanlaeg Lynetten,77
1007258_1,Copenaghen_RL,Acinetobacter,0.047504157,2020-07-23 00:00:00,DTU_2020_1007258_1_MG_RL_CPH_Sewage_719,Denmark,Copenhagen,55.6956,12.6139,Rensningsanlaeg Lynetten,77
1007258_1,Copenaghen_RL,Aeromonas,0.014217263,2020-07-23 00:00:00,DTU_2020_1007258_1_MG_RL_CPH_Sewage_719,Denmark,Copenhagen,55.6956,12.6139,Rensningsanlaeg Lynetten,77
1007258_1,Copenaghen_RL,Aliarcobacter,0.0348805,2020-07-23 00:00:00,DTU_2020_1007258_1_MG_RL_CPH_Sewage_719,Denmark,Copenhagen,55.6956,12.6139,Rensningsanlaeg Lynetten,77
1007258_1,Copenaghen_RL,Aquabacterium_A,0.000148336,2020-07-23 00:00:00,DTU_2020_1007258_1_MG_RL_CPH_Sewage_719,Denmark,Copenhagen,55.6956,12.6139,Rensningsanlaeg Lynetten,77
1007258_1,Copenaghen_RL,Bacteroides,0.002834896,2020-07-23 00:00:00,DTU_2020_1007258_1_MG_RL_CPH_Sewage_719,Denmark,Copenhagen,55.6956,12.6139,Rensningsanlaeg Lynetten,77
1007258_1,Copenaghen_RL,Brachymonas,0.037274695,2020-07-23 00:00:00,DTU_2020_1007258_1_MG_RL_CPH_Sewage_719,Denmark,Copenhagen,55.6956,12.6139,Rensningsanlaeg Lynetten,77
1007258_1,Copenaghen_RL,Brevefilum,9.08896e-05,2020-07-23 00:00:00,DTU_2020_1007258_1_MG_RL_CPH_Sewage_719,Denmark,Copenhagen,55.6956,12.6139,Rensningsanlaeg Lynetten,77
1007258_1,Copenaghen_RL,Brevundimonas,0.001795408,2020-07-23 00:00:00,DTU_2020_1007258_1_MG_RL_CPH_Sewage_719,Denmark,Copenhagen,55.6956,12.6139,Rensningsanlaeg Lynetten,77
1007258_1,Copenaghen_RL,Cloacibacterium,0.041077091,2020-07-23 00:00:00,DTU_2020_1007258_1_MG_RL_CPH_Sewage_719,Denmark,Copenhagen,55.6956,12.6139,Rensningsanlaeg Lynetten,77
1007258_1,Copenaghen_RL,Comamonas,0.03934095,2020-07-23 00:00:00,DTU_2020_1007258_1_MG_RL_CPH_Sewage_719,Denmark,Copenhagen,55.6956,12.6139,Rensningsanlaeg Lynetten,77
1007258_1,Copenaghen_RL,Competibacter_A,2.77916e-05,2020-07-23 00:00:00,DTU_2020_1007258_1_MG_RL_CPH_Sewage_719,Denmark,Copenhagen,55.6956,12.6139,Rensningsanlaeg Lynetten,77
1007258_1,Copenaghen_RL,Enterobacter,0.000859442,2020-07-23 00:00:00,DTU_2020_1007258_1_MG_RL_CPH_Sewage_719,Denmark,Copenhagen,55.6956,12.6139,Rensningsanlaeg Lynetten,77
1007258_1,Copenaghen_RL,Fermentibacter,9.32399e-06,2020-07-23 00:00:00,DTU_2020_1007258_1_MG_RL_CPH_Sewage_719,Denmark,Copenhagen,55.6956,12.6139,Rensningsanlaeg Lynetten,77
1007258_1,Copenaghen_RL,Flavobacterium,0.018535744,2020-07-23 00:00:00,DTU_2020_1007258_1_MG_RL_CPH_Sewage_719,Denmark,Copenhagen,55.6956,12.6139,Rensningsanlaeg Lynetten,77
1007258_1,Copenaghen_RL,Giesbergeria,0.01554048,2020-07-23 00:00:00,DTU_2020_1007258_1_MG_RL_CPH_Sewage_719,Denmark,Copenhagen,55.6956,12.6139,Rensningsanlaeg Lynetten,77
1007258_1,Copenaghen_RL,Hydrogenophaga,0.000559456,2020-07-23 00:00:00,DTU_2020_1007258_1_MG_RL_CPH_Sewage_719,Denmark,Copenhagen,55.6956,12.6139,Rensningsanlaeg Lynetten,77
1007258_1,Copenaghen_RL,JAGOYM01,0.00361185,2020-07-23 00:00:00,DTU_2020_1007258_1_MG_RL_CPH_Sewage_719,Denmark,Copenhagen,55.6956,12.6139,Rensningsanlaeg Lynetten,77
1007258_1,Copenaghen_RL,Janthinobacterium,0.000592587,2020-07-23 00:00:00,DTU_2020_1007258_1_MG_RL_CPH_Sewage_719,Denmark,Copenhagen,55.6956,12.6139,Rensningsanlaeg Lynetten,77
1007258_1,Copenaghen_RL,Kaistella,0.007181728,2020-07-23 00:00:00,DTU_2020_1007258_1_MG_RL_CPH_Sewage_719,Denmark,Copenhagen,55.6956,12.6139,Rensningsanlaeg Lynetten,77
1007258_1,Copenaghen_RL,Lactococcus_A,0.008674281,2020-07-23 00:00:00,DTU_2020_1007258_1_MG_RL_CPH_Sewage_719,Denmark,Copenhagen,55.6956,12.6139,Rensningsanlaeg Lynetten,77
1007258_1,Copenaghen_RL,Lenti-01,0.00022289,2020-07-23 00:00:00,DTU_2020_1007258_1_MG_RL_CPH_Sewage_719,Denmark,Copenhagen,55.6956,12.6139,Rensningsanlaeg Lynetten,77
1007258_1,Copenaghen_RL,Microthrix,3.79418e-05,2020-07-23 00:00:00,DTU_2020_1007258_1_MG_RL_CPH_Sewage_719,Denmark,Copenhagen,55.6956,12.6139,Rensningsanlaeg Lynetten,77
1007258_1,Copenaghen_RL,Moraxella_A,0.006157121,2020-07-23 00:00:00,DTU_2020_1007258_1_MG_RL_CPH_Sewage_719,Denmark,Copenhagen,55.6956,12.6139,Rensningsanlaeg Lynetten,77
1007258_1,Copenaghen_RL,Neisseria,0.022941171,2020-07-23 00:00:00,DTU_2020_1007258_1_MG_RL_CPH_Sewage_719,Denmark,Copenhagen,55.6956,12.6139,Rensningsanlaeg Lynetten,77
1007258_1,Copenaghen_RL,Novosphingobium,0.000503543,2020-07-23 00:00:00,DTU_2020_1007258_1_MG_RL_CPH_Sewage_719,Denmark,Copenhagen,55.6956,12.6139,Rensningsanlaeg Lynetten,77
1007258_1,Copenaghen_RL,Ottowia,0.014671338,2020-07-23 00:00:00,DTU_2020_1007258_1_MG_RL_CPH_Sewage_719,Denmark,Copenhagen,55.6956,12.6139,Rensningsanlaeg Lynetten,77
1007258_1,Copenaghen_RL,Paracoccus,0.000988866,2020-07-23 00:00:00,DTU_2020_1007258_1_MG_RL_CPH_Sewage_719,Denmark,Copenhagen,55.6956,12.6139,Rensningsanlaeg Lynetten,77
1007258_1,Copenaghen_RL,Phocaeicola,0.006542984,2020-07-23 00:00:00,DTU_2020_1007258_1_MG_RL_CPH_Sewage_719,Denmark,Copenhagen,55.6956,12.6139,Rensningsanlaeg Lynetten,77
1007258_1,Copenaghen_RL,Prevotella,0.006392932,2020-07-23 00:00:00,DTU_2020_1007258_1_MG_RL_CPH_Sewage_719,Denmark,Copenhagen,55.6956,12.6139,Rensningsanlaeg Lynetten,77
1007258_1,Copenaghen_RL,Propionivibrio,0.010177944,2020-07-23 00:00:00,DTU_2020_1007258_1_MG_RL_CPH_Sewage_719,Denmark,Copenhagen,55.6956,12.6139,Rensningsanlaeg Lynetten,77
1007258_1,Copenaghen_RL,Pseudomonas_E,0.010280153,2020-07-23 00:00:00,DTU_2020_1007258_1_MG_RL_CPH_Sewage_719,Denmark,Copenhagen,55.6956,12.6139,Rensningsanlaeg Lynetten,77
1007258_1,Copenaghen_RL,Pseudoxanthomonas,0.003322073,2020-07-23 00:00:00,DTU_2020_1007258_1_MG_RL_CPH_Sewage_719,Denmark,Copenhagen,55.6956,12.6139,Rensningsanlaeg Lynetten,77
1007258_1,Copenaghen_RL,Pseudoxanthomonas_A,0.009678838,2020-07-23 00:00:00,DTU_2020_1007258_1_MG_RL_CPH_Sewage_719,Denmark,Copenhagen,55.6956,12.6139,Rensningsanlaeg Lynetten,77
1007258_1,Copenaghen_RL,Psychrobacter,0.004200728,2020-07-23 00:00:00,DTU_2020_1007258_1_MG_RL_CPH_Sewage_719,Denmark,Copenhagen,55.6956,12.6139,Rensningsanlaeg Lynetten,77
1007258_1,Copenaghen_RL,Rubrivivax,0.000174404,2020-07-23 00:00:00,DTU_2020_1007258_1_MG_RL_CPH_Sewage_719,Denmark,Copenhagen,55.6956,12.6139,Rensningsanlaeg Lynetten,77
1007258_1,Copenaghen_RL,Streptococcus,0.029521575,2020-07-23 00:00:00,DTU_2020_1007258_1_MG_RL_CPH_Sewage_719,Denmark,Copenhagen,55.6956,12.6139,Rensningsanlaeg Lynetten,77
1007258_1,Copenaghen_RL,Telluria,0.000605986,2020-07-23 00:00:00,DTU_2020_1007258_1_MG_RL_CPH_Sewage_719,Denmark,Copenhagen,55.6956,12.6139,Rensningsanlaeg Lynetten,77
1007258_1,Copenaghen_RL,Thauera,0.018828187,2020-07-23 00:00:00,DTU_2020_1007258_1_MG_RL_CPH_Sewage_719,Denmark,Copenhagen,55.6956,12.6139,Rensningsanlaeg Lynetten,77
1007258_1,Copenaghen_RL,Thermomonas,0.007088195,2020-07-23 00:00:00,DTU_2020_1007258_1_MG_RL_CPH_Sewage_719,Denmark,Copenhagen,55.6956,12.6139,Rensningsanlaeg Lynetten,77
1007258_1,Copenaghen_RL,Thiothrix,0.000501548,2020-07-23 00:00:00,DTU_2020_1007258_1_MG_RL_CPH_Sewage_719,Denmark,Copenhagen,55.6956,12.6139,Rensningsanlaeg Lynetten,77
1007258_1,Copenaghen_RL,Tolumonas,0.004150972,2020-07-23 00:00:00,DTU_2020_1007258_1_MG_RL_CPH_Sewage_719,Denmark,Copenhagen,55.6956,12.6139,Rensningsanlaeg Lynetten,77
1007258_1,Copenaghen_RL,Trichococcus,0.008510985,2020-07-23 00:00:00,DTU_2020_1007258_1_MG_RL_CPH_Sewage_719,Denmark,Copenhagen,55.6956,12.6139,Rensningsanlaeg Lynetten,77
1007258_1,Copenaghen_RL,UBA1413,1.19299e-05,2020-07-23 00:00:00,DTU_2020_1007258_1_MG_RL_CPH_Sewage_719,Denmark,Copenhagen,55.6956,12.6139,Rensningsanlaeg Lynetten,77
1007258_1,Copenaghen_RL,merged,0.364261866,2020-07-23 00:00:00,DTU_2020_1007258_1_MG_RL_CPH_Sewage_719,Denmark,Copenhagen,55.6956,12.6139,Rensningsanlaeg Lynetten,77
1007262_1,Copenaghen_RA,Acidovorax,0.113999864,2020-07-29 00:00:00,DTU_2020_1007262_1_MG_RA_CPH_Sewage_723,Denmark,Copenhagen,55.6085,12.4505,Rensningsanlaeg Avedoere,78
1007262_1,Copenaghen_RA,Acinetobacter,0.058481344,2020-07-29 00:00:00,DTU_2020_1007262_1_MG_RA_CPH_Sewage_723,Denmark,Copenhagen,55.6085,12.4505,Rensningsanlaeg Avedoere,78
1007262_1,Copenaghen_RA,Aeromonas,0.011732883,2020-07-29 00:00:00,DTU_2020_1007262_1_MG_RA_CPH_Sewage_723,Denmark,Copenhagen,55.6085,12.4505,Rensningsanlaeg Avedoere,78
1007262_1,Copenaghen_RA,Aliarcobacter,0.064186168,2020-07-29 00:00:00,DTU_2020_1007262_1_MG_RA_CPH_Sewage_723,Denmark,Copenhagen,55.6085,12.4505,Rensningsanlaeg Avedoere,78
1007262_1,Copenaghen_RA,Aquabacterium_A,0.000261118,2020-07-29 00:00:00,DTU_2020_1007262_1_MG_RA_CPH_Sewage_723,Denmark,Copenhagen,55.6085,12.4505,Rensningsanlaeg Avedoere,78
1007262_1,Copenaghen_RA,Bacteroides,0.003483775,2020-07-29 00:00:00,DTU_2020_1007262_1_MG_RA_CPH_Sewage_723,Denmark,Copenhagen,55.6085,12.4505,Rensningsanlaeg Avedoere,78
1007262_1,Copenaghen_RA,Brachymonas,0.009683138,2020-07-29 00:00:00,DTU_2020_1007262_1_MG_RA_CPH_Sewage_723,Denmark,Copenhagen,55.6085,12.4505,Rensningsanlaeg Avedoere,78
1007262_1,Copenaghen_RA,Brevefilum,1.85051e-05,2020-07-29 00:00:00,DTU_2020_1007262_1_MG_RA_CPH_Sewage_723,Denmark,Copenhagen,55.6085,12.4505,Rensningsanlaeg Avedoere,78
1007262_1,Copenaghen_RA,Brevundimonas,0.001918755,2020-07-29 00:00:00,DTU_2020_1007262_1_MG_RA_CPH_Sewage_723,Denmark,Copenhagen,55.6085,12.4505,Rensningsanlaeg Avedoere,78
1007262_1,Copenaghen_RA,Cloacibacterium,0.036019907,2020-07-29 00:00:00,DTU_2020_1007262_1_MG_RA_CPH_Sewage_723,Denmark,Copenhagen,55.6085,12.4505,Rensningsanlaeg Avedoere,78
1007262_1,Copenaghen_RA,Comamonas,0.046898306,2020-07-29 00:00:00,DTU_2020_1007262_1_MG_RA_CPH_Sewage_723,Denmark,Copenhagen,55.6085,12.4505,Rensningsanlaeg Avedoere,78
1007262_1,Copenaghen_RA,Competibacter_A,0.000115556,2020-07-29 00:00:00,DTU_2020_1007262_1_MG_RA_CPH_Sewage_723,Denmark,Copenhagen,55.6085,12.4505,Rensningsanlaeg Avedoere,78
1007262_1,Copenaghen_RA,Enterobacter,0.000919264,2020-07-29 00:00:00,DTU_2020_1007262_1_MG_RA_CPH_Sewage_723,Denmark,Copenhagen,55.6085,12.4505,Rensningsanlaeg Avedoere,78
1007262_1,Copenaghen_RA,Fermentibacter,0.000580271,2020-07-29 00:00:00,DTU_2020_1007262_1_MG_RA_CPH_Sewage_723,Denmark,Copenhagen,55.6085,12.4505,Rensningsanlaeg Avedoere,78
1007262_1,Copenaghen_RA,Flavobacterium,0.012222925,2020-07-29 00:00:00,DTU_2020_1007262_1_MG_RA_CPH_Sewage_723,Denmark,Copenhagen,55.6085,12.4505,Rensningsanlaeg Avedoere,78
1007262_1,Copenaghen_RA,Giesbergeria,0.011311657,2020-07-29 00:00:00,DTU_2020_1007262_1_MG_RA_CPH_Sewage_723,Denmark,Copenhagen,55.6085,12.4505,Rensningsanlaeg Avedoere,78
1007262_1,Copenaghen_RA,Hydrogenophaga,0.001049271,2020-07-29 00:00:00,DTU_2020_1007262_1_MG_RA_CPH_Sewage_723,Denmark,Copenhagen,55.6085,12.4505,Rensningsanlaeg Avedoere,78
1007262_1,Copenaghen_RA,JAGOYM01,0.025847325,2020-07-29 00:00:00,DTU_2020_1007262_1_MG_RA_CPH_Sewage_723,Denmark,Copenhagen,55.6085,12.4505,Rensningsanlaeg Avedoere,78
1007262_1,Copenaghen_RA,Janthinobacterium,0.000733455,2020-07-29 00:00:00,DTU_2020_1007262_1_MG_RA_CPH_Sewage_723,Denmark,Copenhagen,55.6085,12.4505,Rensningsanlaeg Avedoere,78
1007262_1,Copenaghen_RA,Kaistella,0.004744053,2020-07-29 00:00:00,DTU_2020_1007262_1_MG_RA_CPH_Sewage_723,Denmark,Copenhagen,55.6085,12.4505,Rensningsanlaeg Avedoere,78
1007262_1,Copenaghen_RA,Lactococcus_A,0.01464872,2020-07-29 00:00:00,DTU_2020_1007262_1_MG_RA_CPH_Sewage_723,Denmark,Copenhagen,55.6085,12.4505,Rensningsanlaeg Avedoere,78
1007262_1,Copenaghen_RA,Lenti-01,0.000395984,2020-07-29 00:00:00,DTU_2020_1007262_1_MG_RA_CPH_Sewage_723,Denmark,Copenhagen,55.6085,12.4505,Rensningsanlaeg Avedoere,78
1007262_1,Copenaghen_RA,Microthrix,0.001111874,2020-07-29 00:00:00,DTU_2020_1007262_1_MG_RA_CPH_Sewage_723,Denmark,Copenhagen,55.6085,12.4505,Rensningsanlaeg Avedoere,78
1007262_1,Copenaghen_RA,Moraxella_A,0.015475708,2020-07-29 00:00:00,DTU_2020_1007262_1_MG_RA_CPH_Sewage_723,Denmark,Copenhagen,55.6085,12.4505,Rensningsanlaeg Avedoere,78
1007262_1,Copenaghen_RA,Neisseria,0.02566523,2020-07-29 00:00:00,DTU_2020_1007262_1_MG_RA_CPH_Sewage_723,Denmark,Copenhagen,55.6085,12.4505,Rensningsanlaeg Avedoere,78
1007262_1,Copenaghen_RA,Novosphingobium,0.000414623,2020-07-29 00:00:00,DTU_2020_1007262_1_MG_RA_CPH_Sewage_723,Denmark,Copenhagen,55.6085,12.4505,Rensningsanlaeg Avedoere,78
1007262_1,Copenaghen_RA,Ottowia,0.01838214,2020-07-29 00:00:00,DTU_2020_1007262_1_MG_RA_CPH_Sewage_723,Denmark,Copenhagen,55.6085,12.4505,Rensningsanlaeg Avedoere,78
1007262_1,Copenaghen_RA,Paracoccus,0.001471512,2020-07-29 00:00:00,DTU_2020_1007262_1_MG_RA_CPH_Sewage_723,Denmark,Copenhagen,55.6085,12.4505,Rensningsanlaeg Avedoere,78
1007262_1,Copenaghen_RA,Phocaeicola,0.004994494,2020-07-29 00:00:00,DTU_2020_1007262_1_MG_RA_CPH_Sewage_723,Denmark,Copenhagen,55.6085,12.4505,Rensningsanlaeg Avedoere,78
1007262_1,Copenaghen_RA,Prevotella,0.005581217,2020-07-29 00:00:00,DTU_2020_1007262_1_MG_RA_CPH_Sewage_723,Denmark,Copenhagen,55.6085,12.4505,Rensningsanlaeg Avedoere,78
1007262_1,Copenaghen_RA,Propionivibrio,0.011555742,2020-07-29 00:00:00,DTU_2020_1007262_1_MG_RA_CPH_Sewage_723,Denmark,Copenhagen,55.6085,12.4505,Rensningsanlaeg Avedoere,78
1007262_1,Copenaghen_RA,Pseudomonas_E,0.015207912,2020-07-29 00:00:00,DTU_2020_1007262_1_MG_RA_CPH_Sewage_723,Denmark,Copenhagen,55.6085,12.4505,Rensningsanlaeg Avedoere,78
1007262_1,Copenaghen_RA,Pseudoxanthomonas,0.003125121,2020-07-29 00:00:00,DTU_2020_1007262_1_MG_RA_CPH_Sewage_723,Denmark,Copenhagen,55.6085,12.4505,Rensningsanlaeg Avedoere,78
1007262_1,Copenaghen_RA,Pseudoxanthomonas_A,0.006451856,2020-07-29 00:00:00,DTU_2020_1007262_1_MG_RA_CPH_Sewage_723,Denmark,Copenhagen,55.6085,12.4505,Rensningsanlaeg Avedoere,78
1007262_1,Copenaghen_RA,Psychrobacter,0.004281511,2020-07-29 00:00:00,DTU_2020_1007262_1_MG_RA_CPH_Sewage_723,Denmark,Copenhagen,55.6085,12.4505,Rensningsanlaeg Avedoere,78
1007262_1,Copenaghen_RA,Rubrivivax,0.000686665,2020-07-29 00:00:00,DTU_2020_1007262_1_MG_RA_CPH_Sewage_723,Denmark,Copenhagen,55.6085,12.4505,Rensningsanlaeg Avedoere,78
1007262_1,Copenaghen_RA,Streptococcus,0.014195266,2020-07-29 00:00:00,DTU_2020_1007262_1_MG_RA_CPH_Sewage_723,Denmark,Copenhagen,55.6085,12.4505,Rensningsanlaeg Avedoere,78
1007262_1,Copenaghen_RA,Telluria,0.000525524,2020-07-29 00:00:00,DTU_2020_1007262_1_MG_RA_CPH_Sewage_723,Denmark,Copenhagen,55.6085,12.4505,Rensningsanlaeg Avedoere,78
1007262_1,Copenaghen_RA,Thauera,0.026824268,2020-07-29 00:00:00,DTU_2020_1007262_1_MG_RA_CPH_Sewage_723,Denmark,Copenhagen,55.6085,12.4505,Rensningsanlaeg Avedoere,78
1007262_1,Copenaghen_RA,Thermomonas,0.009216927,2020-07-29 00:00:00,DTU_2020_1007262_1_MG_RA_CPH_Sewage_723,Denmark,Copenhagen,55.6085,12.4505,Rensningsanlaeg Avedoere,78
1007262_1,Copenaghen_RA,Thiothrix,0.001251013,2020-07-29 00:00:00,DTU_2020_1007262_1_MG_RA_CPH_Sewage_723,Denmark,Copenhagen,55.6085,12.4505,Rensningsanlaeg Avedoere,78
1007262_1,Copenaghen_RA,Tolumonas,0.003056024,2020-07-29 00:00:00,DTU_2020_1007262_1_MG_RA_CPH_Sewage_723,Denmark,Copenhagen,55.6085,12.4505,Rensningsanlaeg Avedoere,78
1007262_1,Copenaghen_RA,Trichococcus,0.007817138,2020-07-29 00:00:00,DTU_2020_1007262_1_MG_RA_CPH_Sewage_723,Denmark,Copenhagen,55.6085,12.4505,Rensningsanlaeg Avedoere,78
1007262_1,Copenaghen_RA,UBA1413,0.001002552,2020-07-29 00:00:00,DTU_2020_1007262_1_MG_RA_CPH_Sewage_723,Denmark,Copenhagen,55.6085,12.4505,Rensningsanlaeg Avedoere,78
1007262_1,Copenaghen_RA,merged,0.40245344,2020-07-29 00:00:00,DTU_2020_1007262_1_MG_RA_CPH_Sewage_723,Denmark,Copenhagen,55.6085,12.4505,Rensningsanlaeg Avedoere,78
1007263_1,Copenaghen_RD,Acidovorax,0.147576908,2020-07-29 00:00:00,DTU_2020_1007263_1_MG_RD_CPH_Sewage_724,Denmark,Copenhagen,55.6405,12.5058,Rensningsanlaeg Damhusaaen,78
1007263_1,Copenaghen_RD,Acinetobacter,0.079362626,2020-07-29 00:00:00,DTU_2020_1007263_1_MG_RD_CPH_Sewage_724,Denmark,Copenhagen,55.6405,12.5058,Rensningsanlaeg Damhusaaen,78
1007263_1,Copenaghen_RD,Aeromonas,0.019763805,2020-07-29 00:00:00,DTU_2020_1007263_1_MG_RD_CPH_Sewage_724,Denmark,Copenhagen,55.6405,12.5058,Rensningsanlaeg Damhusaaen,78
1007263_1,Copenaghen_RD,Aliarcobacter,0.041039837,2020-07-29 00:00:00,DTU_2020_1007263_1_MG_RD_CPH_Sewage_724,Denmark,Copenhagen,55.6405,12.5058,Rensningsanlaeg Damhusaaen,78
1007263_1,Copenaghen_RD,Aquabacterium_A,0.000652893,2020-07-29 00:00:00,DTU_2020_1007263_1_MG_RD_CPH_Sewage_724,Denmark,Copenhagen,55.6405,12.5058,Rensningsanlaeg Damhusaaen,78
1007263_1,Copenaghen_RD,Bacteroides,0.005300884,2020-07-29 00:00:00,DTU_2020_1007263_1_MG_RD_CPH_Sewage_724,Denmark,Copenhagen,55.6405,12.5058,Rensningsanlaeg Damhusaaen,78
1007263_1,Copenaghen_RD,Brachymonas,0.018988236,2020-07-29 00:00:00,DTU_2020_1007263_1_MG_RD_CPH_Sewage_724,Denmark,Copenhagen,55.6405,12.5058,Rensningsanlaeg Damhusaaen,78
1007263_1,Copenaghen_RD,Brevefilum,4.84604e-05,2020-07-29 00:00:00,DTU_2020_1007263_1_MG_RD_CPH_Sewage_724,Denmark,Copenhagen,55.6405,12.5058,Rensningsanlaeg Damhusaaen,78
1007263_1,Copenaghen_RD,Brevundimonas,0.000718371,2020-07-29 00:00:00,DTU_2020_1007263_1_MG_RD_CPH_Sewage_724,Denmark,Copenhagen,55.6405,12.5058,Rensningsanlaeg Damhusaaen,78
1007263_1,Copenaghen_RD,Cloacibacterium,0.033590603,2020-07-29 00:00:00,DTU_2020_1007263_1_MG_RD_CPH_Sewage_724,Denmark,Copenhagen,55.6405,12.5058,Rensningsanlaeg Damhusaaen,78
1007263_1,Copenaghen_RD,Comamonas,0.020849039,2020-07-29 00:00:00,DTU_2020_1007263_1_MG_RD_CPH_Sewage_724,Denmark,Copenhagen,55.6405,12.5058,Rensningsanlaeg Damhusaaen,78
1007263_1,Copenaghen_RD,Competibacter_A,0.000148293,2020-07-29 00:00:00,DTU_2020_1007263_1_MG_RD_CPH_Sewage_724,Denmark,Copenhagen,55.6405,12.5058,Rensningsanlaeg Damhusaaen,78
1007263_1,Copenaghen_RD,Enterobacter,0.000521132,2020-07-29 00:00:00,DTU_2020_1007263_1_MG_RD_CPH_Sewage_724,Denmark,Copenhagen,55.6405,12.5058,Rensningsanlaeg Damhusaaen,78
1007263_1,Copenaghen_RD,Fermentibacter,9.03756e-05,2020-07-29 00:00:00,DTU_2020_1007263_1_MG_RD_CPH_Sewage_724,Denmark,Copenhagen,55.6405,12.5058,Rensningsanlaeg Damhusaaen,78
1007263_1,Copenaghen_RD,Flavobacterium,0.020899134,2020-07-29 00:00:00,DTU_2020_1007263_1_MG_RD_CPH_Sewage_724,Denmark,Copenhagen,55.6405,12.5058,Rensningsanlaeg Damhusaaen,78
1007263_1,Copenaghen_RD,Giesbergeria,0.01482508,2020-07-29 00:00:00,DTU_2020_1007263_1_MG_RD_CPH_Sewage_724,Denmark,Copenhagen,55.6405,12.5058,Rensningsanlaeg Damhusaaen,78
1007263_1,Copenaghen_RD,Hydrogenophaga,0.001082539,2020-07-29 00:00:00,DTU_2020_1007263_1_MG_RD_CPH_Sewage_724,Denmark,Copenhagen,55.6405,12.5058,Rensningsanlaeg Damhusaaen,78
1007263_1,Copenaghen_RD,JAGOYM01,0.006979557,2020-07-29 00:00:00,DTU_2020_1007263_1_MG_RD_CPH_Sewage_724,Denmark,Copenhagen,55.6405,12.5058,Rensningsanlaeg Damhusaaen,78
1007263_1,Copenaghen_RD,Janthinobacterium,0.000871872,2020-07-29 00:00:00,DTU_2020_1007263_1_MG_RD_CPH_Sewage_724,Denmark,Copenhagen,55.6405,12.5058,Rensningsanlaeg Damhusaaen,78
1007263_1,Copenaghen_RD,Kaistella,0.00677624,2020-07-29 00:00:00,DTU_2020_1007263_1_MG_RD_CPH_Sewage_724,Denmark,Copenhagen,55.6405,12.5058,Rensningsanlaeg Damhusaaen,78
1007263_1,Copenaghen_RD,Lactococcus_A,0.005614657,2020-07-29 00:00:00,DTU_2020_1007263_1_MG_RD_CPH_Sewage_724,Denmark,Copenhagen,55.6405,12.5058,Rensningsanlaeg Damhusaaen,78
1007263_1,Copenaghen_RD,Lenti-01,0.000164512,2020-07-29 00:00:00,DTU_2020_1007263_1_MG_RD_CPH_Sewage_724,Denmark,Copenhagen,55.6405,12.5058,Rensningsanlaeg Damhusaaen,78
1007263_1,Copenaghen_RD,Microthrix,0.000140941,2020-07-29 00:00:00,DTU_2020_1007263_1_MG_RD_CPH_Sewage_724,Denmark,Copenhagen,55.6405,12.5058,Rensningsanlaeg Damhusaaen,78
1007263_1,Copenaghen_RD,Moraxella_A,0.004571699,2020-07-29 00:00:00,DTU_2020_1007263_1_MG_RD_CPH_Sewage_724,Denmark,Copenhagen,55.6405,12.5058,Rensningsanlaeg Damhusaaen,78
1007263_1,Copenaghen_RD,Neisseria,0.028467413,2020-07-29 00:00:00,DTU_2020_1007263_1_MG_RD_CPH_Sewage_724,Denmark,Copenhagen,55.6405,12.5058,Rensningsanlaeg Damhusaaen,78
1007263_1,Copenaghen_RD,Novosphingobium,0.000392125,2020-07-29 00:00:00,DTU_2020_1007263_1_MG_RD_CPH_Sewage_724,Denmark,Copenhagen,55.6405,12.5058,Rensningsanlaeg Damhusaaen,78
1007263_1,Copenaghen_RD,Ottowia,0.021922067,2020-07-29 00:00:00,DTU_2020_1007263_1_MG_RD_CPH_Sewage_724,Denmark,Copenhagen,55.6405,12.5058,Rensningsanlaeg Damhusaaen,78
1007263_1,Copenaghen_RD,Paracoccus,0.001293979,2020-07-29 00:00:00,DTU_2020_1007263_1_MG_RD_CPH_Sewage_724,Denmark,Copenhagen,55.6405,12.5058,Rensningsanlaeg Damhusaaen,78
1007263_1,Copenaghen_RD,Phocaeicola,0.022390066,2020-07-29 00:00:00,DTU_2020_1007263_1_MG_RD_CPH_Sewage_724,Denmark,Copenhagen,55.6405,12.5058,Rensningsanlaeg Damhusaaen,78
1007263_1,Copenaghen_RD,Prevotella,0.024196067,2020-07-29 00:00:00,DTU_2020_1007263_1_MG_RD_CPH_Sewage_724,Denmark,Copenhagen,55.6405,12.5058,Rensningsanlaeg Damhusaaen,78
1007263_1,Copenaghen_RD,Propionivibrio,0.01017537,2020-07-29 00:00:00,DTU_2020_1007263_1_MG_RD_CPH_Sewage_724,Denmark,Copenhagen,55.6405,12.5058,Rensningsanlaeg Damhusaaen,78
1007263_1,Copenaghen_RD,Pseudomonas_E,0.008426565,2020-07-29 00:00:00,DTU_2020_1007263_1_MG_RD_CPH_Sewage_724,Denmark,Copenhagen,55.6405,12.5058,Rensningsanlaeg Damhusaaen,78
1007263_1,Copenaghen_RD,Pseudoxanthomonas,0.003572039,2020-07-29 00:00:00,DTU_2020_1007263_1_MG_RD_CPH_Sewage_724,Denmark,Copenhagen,55.6405,12.5058,Rensningsanlaeg Damhusaaen,78
1007263_1,Copenaghen_RD,Pseudoxanthomonas_A,0.007757494,2020-07-29 00:00:00,DTU_2020_1007263_1_MG_RD_CPH_Sewage_724,Denmark,Copenhagen,55.6405,12.5058,Rensningsanlaeg Damhusaaen,78
1007263_1,Copenaghen_RD,Psychrobacter,0.013594592,2020-07-29 00:00:00,DTU_2020_1007263_1_MG_RD_CPH_Sewage_724,Denmark,Copenhagen,55.6405,12.5058,Rensningsanlaeg Damhusaaen,78
1007263_1,Copenaghen_RD,Rubrivivax,0.00023488,2020-07-29 00:00:00,DTU_2020_1007263_1_MG_RD_CPH_Sewage_724,Denmark,Copenhagen,55.6405,12.5058,Rensningsanlaeg Damhusaaen,78
1007263_1,Copenaghen_RD,Streptococcus,0.02903246,2020-07-29 00:00:00,DTU_2020_1007263_1_MG_RD_CPH_Sewage_724,Denmark,Copenhagen,55.6405,12.5058,Rensningsanlaeg Damhusaaen,78
1007263_1,Copenaghen_RD,Telluria,0.000690395,2020-07-29 00:00:00,DTU_2020_1007263_1_MG_RD_CPH_Sewage_724,Denmark,Copenhagen,55.6405,12.5058,Rensningsanlaeg Damhusaaen,78
1007263_1,Copenaghen_RD,Thauera,0.013494705,2020-07-29 00:00:00,DTU_2020_1007263_1_MG_RD_CPH_Sewage_724,Denmark,Copenhagen,55.6405,12.5058,Rensningsanlaeg Damhusaaen,78
1007263_1,Copenaghen_RD,Thermomonas,0.005802506,2020-07-29 00:00:00,DTU_2020_1007263_1_MG_RD_CPH_Sewage_724,Denmark,Copenhagen,55.6405,12.5058,Rensningsanlaeg Damhusaaen,78
1007263_1,Copenaghen_RD,Thiothrix,0.000884546,2020-07-29 00:00:00,DTU_2020_1007263_1_MG_RD_CPH_Sewage_724,Denmark,Copenhagen,55.6405,12.5058,Rensningsanlaeg Damhusaaen,78
1007263_1,Copenaghen_RD,Tolumonas,0.001817068,2020-07-29 00:00:00,DTU_2020_1007263_1_MG_RD_CPH_Sewage_724,Denmark,Copenhagen,55.6405,12.5058,Rensningsanlaeg Damhusaaen,78
1007263_1,Copenaghen_RD,Trichococcus,0.005211441,2020-07-29 00:00:00,DTU_2020_1007263_1_MG_RD_CPH_Sewage_724,Denmark,Copenhagen,55.6405,12.5058,Rensningsanlaeg Damhusaaen,78
1007263_1,Copenaghen_RD,UBA1413,0.000316027,2020-07-29 00:00:00,DTU_2020_1007263_1_MG_RD_CPH_Sewage_724,Denmark,Copenhagen,55.6405,12.5058,Rensningsanlaeg Damhusaaen,78
1007263_1,Copenaghen_RD,merged,0.369750499,2020-07-29 00:00:00,DTU_2020_1007263_1_MG_RD_CPH_Sewage_724,Denmark,Copenhagen,55.6405,12.5058,Rensningsanlaeg Damhusaaen,78
1007261_1,Copenaghen_RL,Acidovorax,0.155028922,2020-07-29 00:00:00,DTU_2020_1007261_1_MG_RL_CPH_Sewage_722,Denmark,Copenhagen,55.6956,12.6139,Rensningsanlaeg Lynetten,78
1007261_1,Copenaghen_RL,Acinetobacter,0.034947215,2020-07-29 00:00:00,DTU_2020_1007261_1_MG_RL_CPH_Sewage_722,Denmark,Copenhagen,55.6956,12.6139,Rensningsanlaeg Lynetten,78
1007261_1,Copenaghen_RL,Aeromonas,0.008966207,2020-07-29 00:00:00,DTU_2020_1007261_1_MG_RL_CPH_Sewage_722,Denmark,Copenhagen,55.6956,12.6139,Rensningsanlaeg Lynetten,78
1007261_1,Copenaghen_RL,Aliarcobacter,0.031135784,2020-07-29 00:00:00,DTU_2020_1007261_1_MG_RL_CPH_Sewage_722,Denmark,Copenhagen,55.6956,12.6139,Rensningsanlaeg Lynetten,78
1007261_1,Copenaghen_RL,Aquabacterium_A,0.000332057,2020-07-29 00:00:00,DTU_2020_1007261_1_MG_RL_CPH_Sewage_722,Denmark,Copenhagen,55.6956,12.6139,Rensningsanlaeg Lynetten,78
1007261_1,Copenaghen_RL,Bacteroides,0.003356265,2020-07-29 00:00:00,DTU_2020_1007261_1_MG_RL_CPH_Sewage_722,Denmark,Copenhagen,55.6956,12.6139,Rensningsanlaeg Lynetten,78
1007261_1,Copenaghen_RL,Brachymonas,0.016456482,2020-07-29 00:00:00,DTU_2020_1007261_1_MG_RL_CPH_Sewage_722,Denmark,Copenhagen,55.6956,12.6139,Rensningsanlaeg Lynetten,78
1007261_1,Copenaghen_RL,Brevefilum,1.31803e-05,2020-07-29 00:00:00,DTU_2020_1007261_1_MG_RL_CPH_Sewage_722,Denmark,Copenhagen,55.6956,12.6139,Rensningsanlaeg Lynetten,78
1007261_1,Copenaghen_RL,Brevundimonas,0.002057991,2020-07-29 00:00:00,DTU_2020_1007261_1_MG_RL_CPH_Sewage_722,Denmark,Copenhagen,55.6956,12.6139,Rensningsanlaeg Lynetten,78
1007261_1,Copenaghen_RL,Cloacibacterium,0.07124723,2020-07-29 00:00:00,DTU_2020_1007261_1_MG_RL_CPH_Sewage_722,Denmark,Copenhagen,55.6956,12.6139,Rensningsanlaeg Lynetten,78
1007261_1,Copenaghen_RL,Comamonas,0.191113896,2020-07-29 00:00:00,DTU_2020_1007261_1_MG_RL_CPH_Sewage_722,Denmark,Copenhagen,55.6956,12.6139,Rensningsanlaeg Lynetten,78
1007261_1,Copenaghen_RL,Competibacter_A,2.57073e-05,2020-07-29 00:00:00,DTU_2020_1007261_1_MG_RL_CPH_Sewage_722,Denmark,Copenhagen,55.6956,12.6139,Rensningsanlaeg Lynetten,78
1007261_1,Copenaghen_RL,Enterobacter,0.002633734,2020-07-29 00:00:00,DTU_2020_1007261_1_MG_RL_CPH_Sewage_722,Denmark,Copenhagen,55.6956,12.6139,Rensningsanlaeg Lynetten,78
1007261_1,Copenaghen_RL,Fermentibacter,1.13776e-05,2020-07-29 00:00:00,DTU_2020_1007261_1_MG_RL_CPH_Sewage_722,Denmark,Copenhagen,55.6956,12.6139,Rensningsanlaeg Lynetten,78
1007261_1,Copenaghen_RL,Flavobacterium,0.011980736,2020-07-29 00:00:00,DTU_2020_1007261_1_MG_RL_CPH_Sewage_722,Denmark,Copenhagen,55.6956,12.6139,Rensningsanlaeg Lynetten,78
1007261_1,Copenaghen_RL,Giesbergeria,0.012104075,2020-07-29 00:00:00,DTU_2020_1007261_1_MG_RL_CPH_Sewage_722,Denmark,Copenhagen,55.6956,12.6139,Rensningsanlaeg Lynetten,78
1007261_1,Copenaghen_RL,Hydrogenophaga,0.00077517,2020-07-29 00:00:00,DTU_2020_1007261_1_MG_RL_CPH_Sewage_722,Denmark,Copenhagen,55.6956,12.6139,Rensningsanlaeg Lynetten,78
1007261_1,Copenaghen_RL,JAGOYM01,0.007190448,2020-07-29 00:00:00,DTU_2020_1007261_1_MG_RL_CPH_Sewage_722,Denmark,Copenhagen,55.6956,12.6139,Rensningsanlaeg Lynetten,78
1007261_1,Copenaghen_RL,Janthinobacterium,0.000723849,2020-07-29 00:00:00,DTU_2020_1007261_1_MG_RL_CPH_Sewage_722,Denmark,Copenhagen,55.6956,12.6139,Rensningsanlaeg Lynetten,78
1007261_1,Copenaghen_RL,Kaistella,0.004645661,2020-07-29 00:00:00,DTU_2020_1007261_1_MG_RL_CPH_Sewage_722,Denmark,Copenhagen,55.6956,12.6139,Rensningsanlaeg Lynetten,78
1007261_1,Copenaghen_RL,Lactococcus_A,0.00491668,2020-07-29 00:00:00,DTU_2020_1007261_1_MG_RL_CPH_Sewage_722,Denmark,Copenhagen,55.6956,12.6139,Rensningsanlaeg Lynetten,78
1007261_1,Copenaghen_RL,Lenti-01,0.000190197,2020-07-29 00:00:00,DTU_2020_1007261_1_MG_RL_CPH_Sewage_722,Denmark,Copenhagen,55.6956,12.6139,Rensningsanlaeg Lynetten,78
1007261_1,Copenaghen_RL,Microthrix,6.17978e-05,2020-07-29 00:00:00,DTU_2020_1007261_1_MG_RL_CPH_Sewage_722,Denmark,Copenhagen,55.6956,12.6139,Rensningsanlaeg Lynetten,78
1007261_1,Copenaghen_RL,Moraxella_A,0.011387508,2020-07-29 00:00:00,DTU_2020_1007261_1_MG_RL_CPH_Sewage_722,Denmark,Copenhagen,55.6956,12.6139,Rensningsanlaeg Lynetten,78
1007261_1,Copenaghen_RL,Neisseria,0.031036056,2020-07-29 00:00:00,DTU_2020_1007261_1_MG_RL_CPH_Sewage_722,Denmark,Copenhagen,55.6956,12.6139,Rensningsanlaeg Lynetten,78
1007261_1,Copenaghen_RL,Novosphingobium,0.000330938,2020-07-29 00:00:00,DTU_2020_1007261_1_MG_RL_CPH_Sewage_722,Denmark,Copenhagen,55.6956,12.6139,Rensningsanlaeg Lynetten,78
1007261_1,Copenaghen_RL,Ottowia,0.020669451,2020-07-29 00:00:00,DTU_2020_1007261_1_MG_RL_CPH_Sewage_722,Denmark,Copenhagen,55.6956,12.6139,Rensningsanlaeg Lynetten,78
1007261_1,Copenaghen_RL,Paracoccus,0.001536923,2020-07-29 00:00:00,DTU_2020_1007261_1_MG_RL_CPH_Sewage_722,Denmark,Copenhagen,55.6956,12.6139,Rensningsanlaeg Lynetten,78
1007261_1,Copenaghen_RL,Phocaeicola,0.005660174,2020-07-29 00:00:00,DTU_2020_1007261_1_MG_RL_CPH_Sewage_722,Denmark,Copenhagen,55.6956,12.6139,Rensningsanlaeg Lynetten,78
1007261_1,Copenaghen_RL,Prevotella,0.005051247,2020-07-29 00:00:00,DTU_2020_1007261_1_MG_RL_CPH_Sewage_722,Denmark,Copenhagen,55.6956,12.6139,Rensningsanlaeg Lynetten,78
1007261_1,Copenaghen_RL,Propionivibrio,0.008055235,2020-07-29 00:00:00,DTU_2020_1007261_1_MG_RL_CPH_Sewage_722,Denmark,Copenhagen,55.6956,12.6139,Rensningsanlaeg Lynetten,78
1007261_1,Copenaghen_RL,Pseudomonas_E,0.008768902,2020-07-29 00:00:00,DTU_2020_1007261_1_MG_RL_CPH_Sewage_722,Denmark,Copenhagen,55.6956,12.6139,Rensningsanlaeg Lynetten,78
1007261_1,Copenaghen_RL,Pseudoxanthomonas,0.004287347,2020-07-29 00:00:00,DTU_2020_1007261_1_MG_RL_CPH_Sewage_722,Denmark,Copenhagen,55.6956,12.6139,Rensningsanlaeg Lynetten,78
1007261_1,Copenaghen_RL,Pseudoxanthomonas_A,0.00700069,2020-07-29 00:00:00,DTU_2020_1007261_1_MG_RL_CPH_Sewage_722,Denmark,Copenhagen,55.6956,12.6139,Rensningsanlaeg Lynetten,78
1007261_1,Copenaghen_RL,Psychrobacter,0.00409927,2020-07-29 00:00:00,DTU_2020_1007261_1_MG_RL_CPH_Sewage_722,Denmark,Copenhagen,55.6956,12.6139,Rensningsanlaeg Lynetten,78
1007261_1,Copenaghen_RL,Rubrivivax,0.000208644,2020-07-29 00:00:00,DTU_2020_1007261_1_MG_RL_CPH_Sewage_722,Denmark,Copenhagen,55.6956,12.6139,Rensningsanlaeg Lynetten,78
1007261_1,Copenaghen_RL,Streptococcus,0.019904501,2020-07-29 00:00:00,DTU_2020_1007261_1_MG_RL_CPH_Sewage_722,Denmark,Copenhagen,55.6956,12.6139,Rensningsanlaeg Lynetten,78
1007261_1,Copenaghen_RL,Telluria,0.000541996,2020-07-29 00:00:00,DTU_2020_1007261_1_MG_RL_CPH_Sewage_722,Denmark,Copenhagen,55.6956,12.6139,Rensningsanlaeg Lynetten,78
1007261_1,Copenaghen_RL,Thauera,0.015937883,2020-07-29 00:00:00,DTU_2020_1007261_1_MG_RL_CPH_Sewage_722,Denmark,Copenhagen,55.6956,12.6139,Rensningsanlaeg Lynetten,78
1007261_1,Copenaghen_RL,Thermomonas,0.009791563,2020-07-29 00:00:00,DTU_2020_1007261_1_MG_RL_CPH_Sewage_722,Denmark,Copenhagen,55.6956,12.6139,Rensningsanlaeg Lynetten,78
1007261_1,Copenaghen_RL,Thiothrix,0.000625271,2020-07-29 00:00:00,DTU_2020_1007261_1_MG_RL_CPH_Sewage_722,Denmark,Copenhagen,55.6956,12.6139,Rensningsanlaeg Lynetten,78
1007261_1,Copenaghen_RL,Tolumonas,0.003229665,2020-07-29 00:00:00,DTU_2020_1007261_1_MG_RL_CPH_Sewage_722,Denmark,Copenhagen,55.6956,12.6139,Rensningsanlaeg Lynetten,78
1007261_1,Copenaghen_RL,Trichococcus,0.008768836,2020-07-29 00:00:00,DTU_2020_1007261_1_MG_RL_CPH_Sewage_722,Denmark,Copenhagen,55.6956,12.6139,Rensningsanlaeg Lynetten,78
1007261_1,Copenaghen_RL,UBA1413,1.48885e-05,2020-07-29 00:00:00,DTU_2020_1007261_1_MG_RL_CPH_Sewage_722,Denmark,Copenhagen,55.6956,12.6139,Rensningsanlaeg Lynetten,78
1007261_1,Copenaghen_RL,merged,0.273178349,2020-07-29 00:00:00,DTU_2020_1007261_1_MG_RL_CPH_Sewage_722,Denmark,Copenhagen,55.6956,12.6139,Rensningsanlaeg Lynetten,78
1007265_1,Copenaghen_RA,Acidovorax,0.142561733,2020-08-04 00:00:00,DTU_2020_1007265_1_MG_RA_CPH_Sewage_726,Denmark,Copenhagen,55.6085,12.4505,Rensningsanlaeg Avedoere,78
1007265_1,Copenaghen_RA,Acinetobacter,0.063309488,2020-08-04 00:00:00,DTU_2020_1007265_1_MG_RA_CPH_Sewage_726,Denmark,Copenhagen,55.6085,12.4505,Rensningsanlaeg Avedoere,78
1007265_1,Copenaghen_RA,Aeromonas,0.011872546,2020-08-04 00:00:00,DTU_2020_1007265_1_MG_RA_CPH_Sewage_726,Denmark,Copenhagen,55.6085,12.4505,Rensningsanlaeg Avedoere,78
1007265_1,Copenaghen_RA,Aliarcobacter,0.090659918,2020-08-04 00:00:00,DTU_2020_1007265_1_MG_RA_CPH_Sewage_726,Denmark,Copenhagen,55.6085,12.4505,Rensningsanlaeg Avedoere,78
1007265_1,Copenaghen_RA,Aquabacterium_A,0.000193736,2020-08-04 00:00:00,DTU_2020_1007265_1_MG_RA_CPH_Sewage_726,Denmark,Copenhagen,55.6085,12.4505,Rensningsanlaeg Avedoere,78
1007265_1,Copenaghen_RA,Bacteroides,0.0066465,2020-08-04 00:00:00,DTU_2020_1007265_1_MG_RA_CPH_Sewage_726,Denmark,Copenhagen,55.6085,12.4505,Rensningsanlaeg Avedoere,78
1007265_1,Copenaghen_RA,Brachymonas,0.01853722,2020-08-04 00:00:00,DTU_2020_1007265_1_MG_RA_CPH_Sewage_726,Denmark,Copenhagen,55.6085,12.4505,Rensningsanlaeg Avedoere,78
1007265_1,Copenaghen_RA,Brevefilum,1.06151e-05,2020-08-04 00:00:00,DTU_2020_1007265_1_MG_RA_CPH_Sewage_726,Denmark,Copenhagen,55.6085,12.4505,Rensningsanlaeg Avedoere,78
1007265_1,Copenaghen_RA,Brevundimonas,0.00134098,2020-08-04 00:00:00,DTU_2020_1007265_1_MG_RA_CPH_Sewage_726,Denmark,Copenhagen,55.6085,12.4505,Rensningsanlaeg Avedoere,78
1007265_1,Copenaghen_RA,Cloacibacterium,0.041892088,2020-08-04 00:00:00,DTU_2020_1007265_1_MG_RA_CPH_Sewage_726,Denmark,Copenhagen,55.6085,12.4505,Rensningsanlaeg Avedoere,78
1007265_1,Copenaghen_RA,Comamonas,0.016798684,2020-08-04 00:00:00,DTU_2020_1007265_1_MG_RA_CPH_Sewage_726,Denmark,Copenhagen,55.6085,12.4505,Rensningsanlaeg Avedoere,78
1007265_1,Copenaghen_RA,Competibacter_A,8.27772e-05,2020-08-04 00:00:00,DTU_2020_1007265_1_MG_RA_CPH_Sewage_726,Denmark,Copenhagen,55.6085,12.4505,Rensningsanlaeg Avedoere,78
1007265_1,Copenaghen_RA,Enterobacter,0.001568731,2020-08-04 00:00:00,DTU_2020_1007265_1_MG_RA_CPH_Sewage_726,Denmark,Copenhagen,55.6085,12.4505,Rensningsanlaeg Avedoere,78
1007265_1,Copenaghen_RA,Fermentibacter,1.43939e-05,2020-08-04 00:00:00,DTU_2020_1007265_1_MG_RA_CPH_Sewage_726,Denmark,Copenhagen,55.6085,12.4505,Rensningsanlaeg Avedoere,78
1007265_1,Copenaghen_RA,Flavobacterium,0.009785157,2020-08-04 00:00:00,DTU_2020_1007265_1_MG_RA_CPH_Sewage_726,Denmark,Copenhagen,55.6085,12.4505,Rensningsanlaeg Avedoere,78
1007265_1,Copenaghen_RA,Giesbergeria,0.015403063,2020-08-04 00:00:00,DTU_2020_1007265_1_MG_RA_CPH_Sewage_726,Denmark,Copenhagen,55.6085,12.4505,Rensningsanlaeg Avedoere,78
1007265_1,Copenaghen_RA,Hydrogenophaga,0.001162566,2020-08-04 00:00:00,DTU_2020_1007265_1_MG_RA_CPH_Sewage_726,Denmark,Copenhagen,55.6085,12.4505,Rensningsanlaeg Avedoere,78
1007265_1,Copenaghen_RA,JAGOYM01,0.01468133,2020-08-04 00:00:00,DTU_2020_1007265_1_MG_RA_CPH_Sewage_726,Denmark,Copenhagen,55.6085,12.4505,Rensningsanlaeg Avedoere,78
1007265_1,Copenaghen_RA,Janthinobacterium,0.000679264,2020-08-04 00:00:00,DTU_2020_1007265_1_MG_RA_CPH_Sewage_726,Denmark,Copenhagen,55.6085,12.4505,Rensningsanlaeg Avedoere,78
1007265_1,Copenaghen_RA,Kaistella,0.003268921,2020-08-04 00:00:00,DTU_2020_1007265_1_MG_RA_CPH_Sewage_726,Denmark,Copenhagen,55.6085,12.4505,Rensningsanlaeg Avedoere,78
1007265_1,Copenaghen_RA,Lactococcus_A,0.014555906,2020-08-04 00:00:00,DTU_2020_1007265_1_MG_RA_CPH_Sewage_726,Denmark,Copenhagen,55.6085,12.4505,Rensningsanlaeg Avedoere,78
1007265_1,Copenaghen_RA,Lenti-01,0.000277085,2020-08-04 00:00:00,DTU_2020_1007265_1_MG_RA_CPH_Sewage_726,Denmark,Copenhagen,55.6085,12.4505,Rensningsanlaeg Avedoere,78
1007265_1,Copenaghen_RA,Microthrix,3.50294e-05,2020-08-04 00:00:00,DTU_2020_1007265_1_MG_RA_CPH_Sewage_726,Denmark,Copenhagen,55.6085,12.4505,Rensningsanlaeg Avedoere,78
1007265_1,Copenaghen_RA,Moraxella_A,0.00420244,2020-08-04 00:00:00,DTU_2020_1007265_1_MG_RA_CPH_Sewage_726,Denmark,Copenhagen,55.6085,12.4505,Rensningsanlaeg Avedoere,78
1007265_1,Copenaghen_RA,Neisseria,0.025056649,2020-08-04 00:00:00,DTU_2020_1007265_1_MG_RA_CPH_Sewage_726,Denmark,Copenhagen,55.6085,12.4505,Rensningsanlaeg Avedoere,78
1007265_1,Copenaghen_RA,Novosphingobium,0.000308472,2020-08-04 00:00:00,DTU_2020_1007265_1_MG_RA_CPH_Sewage_726,Denmark,Copenhagen,55.6085,12.4505,Rensningsanlaeg Avedoere,78
1007265_1,Copenaghen_RA,Ottowia,0.012268433,2020-08-04 00:00:00,DTU_2020_1007265_1_MG_RA_CPH_Sewage_726,Denmark,Copenhagen,55.6085,12.4505,Rensningsanlaeg Avedoere,78
1007265_1,Copenaghen_RA,Paracoccus,0.001556516,2020-08-04 00:00:00,DTU_2020_1007265_1_MG_RA_CPH_Sewage_726,Denmark,Copenhagen,55.6085,12.4505,Rensningsanlaeg Avedoere,78
1007265_1,Copenaghen_RA,Phocaeicola,0.008001531,2020-08-04 00:00:00,DTU_2020_1007265_1_MG_RA_CPH_Sewage_726,Denmark,Copenhagen,55.6085,12.4505,Rensningsanlaeg Avedoere,78
1007265_1,Copenaghen_RA,Prevotella,0.009735314,2020-08-04 00:00:00,DTU_2020_1007265_1_MG_RA_CPH_Sewage_726,Denmark,Copenhagen,55.6085,12.4505,Rensningsanlaeg Avedoere,78
1007265_1,Copenaghen_RA,Propionivibrio,0.009451598,2020-08-04 00:00:00,DTU_2020_1007265_1_MG_RA_CPH_Sewage_726,Denmark,Copenhagen,55.6085,12.4505,Rensningsanlaeg Avedoere,78
1007265_1,Copenaghen_RA,Pseudomonas_E,0.009554805,2020-08-04 00:00:00,DTU_2020_1007265_1_MG_RA_CPH_Sewage_726,Denmark,Copenhagen,55.6085,12.4505,Rensningsanlaeg Avedoere,78
1007265_1,Copenaghen_RA,Pseudoxanthomonas,0.005795266,2020-08-04 00:00:00,DTU_2020_1007265_1_MG_RA_CPH_Sewage_726,Denmark,Copenhagen,55.6085,12.4505,Rensningsanlaeg Avedoere,78
1007265_1,Copenaghen_RA,Pseudoxanthomonas_A,0.00529248,2020-08-04 00:00:00,DTU_2020_1007265_1_MG_RA_CPH_Sewage_726,Denmark,Copenhagen,55.6085,12.4505,Rensningsanlaeg Avedoere,78
1007265_1,Copenaghen_RA,Psychrobacter,0.00771117,2020-08-04 00:00:00,DTU_2020_1007265_1_MG_RA_CPH_Sewage_726,Denmark,Copenhagen,55.6085,12.4505,Rensningsanlaeg Avedoere,78
1007265_1,Copenaghen_RA,Rubrivivax,0.000147003,2020-08-04 00:00:00,DTU_2020_1007265_1_MG_RA_CPH_Sewage_726,Denmark,Copenhagen,55.6085,12.4505,Rensningsanlaeg Avedoere,78
1007265_1,Copenaghen_RA,Streptococcus,0.022717507,2020-08-04 00:00:00,DTU_2020_1007265_1_MG_RA_CPH_Sewage_726,Denmark,Copenhagen,55.6085,12.4505,Rensningsanlaeg Avedoere,78
1007265_1,Copenaghen_RA,Telluria,0.000573315,2020-08-04 00:00:00,DTU_2020_1007265_1_MG_RA_CPH_Sewage_726,Denmark,Copenhagen,55.6085,12.4505,Rensningsanlaeg Avedoere,78
1007265_1,Copenaghen_RA,Thauera,0.017674447,2020-08-04 00:00:00,DTU_2020_1007265_1_MG_RA_CPH_Sewage_726,Denmark,Copenhagen,55.6085,12.4505,Rensningsanlaeg Avedoere,78
1007265_1,Copenaghen_RA,Thermomonas,0.004375587,2020-08-04 00:00:00,DTU_2020_1007265_1_MG_RA_CPH_Sewage_726,Denmark,Copenhagen,55.6085,12.4505,Rensningsanlaeg Avedoere,78
1007265_1,Copenaghen_RA,Thiothrix,0.002248855,2020-08-04 00:00:00,DTU_2020_1007265_1_MG_RA_CPH_Sewage_726,Denmark,Copenhagen,55.6085,12.4505,Rensningsanlaeg Avedoere,78
1007265_1,Copenaghen_RA,Tolumonas,0.003840884,2020-08-04 00:00:00,DTU_2020_1007265_1_MG_RA_CPH_Sewage_726,Denmark,Copenhagen,55.6085,12.4505,Rensningsanlaeg Avedoere,78
1007265_1,Copenaghen_RA,Trichococcus,0.013111067,2020-08-04 00:00:00,DTU_2020_1007265_1_MG_RA_CPH_Sewage_726,Denmark,Copenhagen,55.6085,12.4505,Rensningsanlaeg Avedoere,78
1007265_1,Copenaghen_RA,UBA1413,1.21603e-05,2020-08-04 00:00:00,DTU_2020_1007265_1_MG_RA_CPH_Sewage_726,Denmark,Copenhagen,55.6085,12.4505,Rensningsanlaeg Avedoere,78
1007265_1,Copenaghen_RA,merged,0.381026769,2020-08-04 00:00:00,DTU_2020_1007265_1_MG_RA_CPH_Sewage_726,Denmark,Copenhagen,55.6085,12.4505,Rensningsanlaeg Avedoere,78
1007266_1,Copenaghen_RD,Acidovorax,0.126308471,2020-08-04 00:00:00,DTU_2020_1007266_1_MG_RD_CPH_Sewage_727,Denmark,Copenhagen,55.6405,12.5058,Rensningsanlaeg Damhusaaen,78
1007266_1,Copenaghen_RD,Acinetobacter,0.047182201,2020-08-04 00:00:00,DTU_2020_1007266_1_MG_RD_CPH_Sewage_727,Denmark,Copenhagen,55.6405,12.5058,Rensningsanlaeg Damhusaaen,78
1007266_1,Copenaghen_RD,Aeromonas,0.013737355,2020-08-04 00:00:00,DTU_2020_1007266_1_MG_RD_CPH_Sewage_727,Denmark,Copenhagen,55.6405,12.5058,Rensningsanlaeg Damhusaaen,78
1007266_1,Copenaghen_RD,Aliarcobacter,0.05758034,2020-08-04 00:00:00,DTU_2020_1007266_1_MG_RD_CPH_Sewage_727,Denmark,Copenhagen,55.6405,12.5058,Rensningsanlaeg Damhusaaen,78
1007266_1,Copenaghen_RD,Aquabacterium_A,0.000401191,2020-08-04 00:00:00,DTU_2020_1007266_1_MG_RD_CPH_Sewage_727,Denmark,Copenhagen,55.6405,12.5058,Rensningsanlaeg Damhusaaen,78
1007266_1,Copenaghen_RD,Bacteroides,0.00537447,2020-08-04 00:00:00,DTU_2020_1007266_1_MG_RD_CPH_Sewage_727,Denmark,Copenhagen,55.6405,12.5058,Rensningsanlaeg Damhusaaen,78
1007266_1,Copenaghen_RD,Brachymonas,0.01651037,2020-08-04 00:00:00,DTU_2020_1007266_1_MG_RD_CPH_Sewage_727,Denmark,Copenhagen,55.6405,12.5058,Rensningsanlaeg Damhusaaen,78
1007266_1,Copenaghen_RD,Brevefilum,1.78034e-05,2020-08-04 00:00:00,DTU_2020_1007266_1_MG_RD_CPH_Sewage_727,Denmark,Copenhagen,55.6405,12.5058,Rensningsanlaeg Damhusaaen,78
1007266_1,Copenaghen_RD,Brevundimonas,0.000557911,2020-08-04 00:00:00,DTU_2020_1007266_1_MG_RD_CPH_Sewage_727,Denmark,Copenhagen,55.6405,12.5058,Rensningsanlaeg Damhusaaen,78
1007266_1,Copenaghen_RD,Cloacibacterium,0.032223764,2020-08-04 00:00:00,DTU_2020_1007266_1_MG_RD_CPH_Sewage_727,Denmark,Copenhagen,55.6405,12.5058,Rensningsanlaeg Damhusaaen,78
1007266_1,Copenaghen_RD,Comamonas,0.124491884,2020-08-04 00:00:00,DTU_2020_1007266_1_MG_RD_CPH_Sewage_727,Denmark,Copenhagen,55.6405,12.5058,Rensningsanlaeg Damhusaaen,78
1007266_1,Copenaghen_RD,Competibacter_A,0.000110932,2020-08-04 00:00:00,DTU_2020_1007266_1_MG_RD_CPH_Sewage_727,Denmark,Copenhagen,55.6405,12.5058,Rensningsanlaeg Damhusaaen,78
1007266_1,Copenaghen_RD,Enterobacter,0.001138097,2020-08-04 00:00:00,DTU_2020_1007266_1_MG_RD_CPH_Sewage_727,Denmark,Copenhagen,55.6405,12.5058,Rensningsanlaeg Damhusaaen,78
1007266_1,Copenaghen_RD,Fermentibacter,5.4105e-05,2020-08-04 00:00:00,DTU_2020_1007266_1_MG_RD_CPH_Sewage_727,Denmark,Copenhagen,55.6405,12.5058,Rensningsanlaeg Damhusaaen,78
1007266_1,Copenaghen_RD,Flavobacterium,0.009237785,2020-08-04 00:00:00,DTU_2020_1007266_1_MG_RD_CPH_Sewage_727,Denmark,Copenhagen,55.6405,12.5058,Rensningsanlaeg Damhusaaen,78
1007266_1,Copenaghen_RD,Giesbergeria,0.014402694,2020-08-04 00:00:00,DTU_2020_1007266_1_MG_RD_CPH_Sewage_727,Denmark,Copenhagen,55.6405,12.5058,Rensningsanlaeg Damhusaaen,78
1007266_1,Copenaghen_RD,Hydrogenophaga,0.001115226,2020-08-04 00:00:00,DTU_2020_1007266_1_MG_RD_CPH_Sewage_727,Denmark,Copenhagen,55.6405,12.5058,Rensningsanlaeg Damhusaaen,78
1007266_1,Copenaghen_RD,JAGOYM01,0.00658757,2020-08-04 00:00:00,DTU_2020_1007266_1_MG_RD_CPH_Sewage_727,Denmark,Copenhagen,55.6405,12.5058,Rensningsanlaeg Damhusaaen,78
1007266_1,Copenaghen_RD,Janthinobacterium,0.000646418,2020-08-04 00:00:00,DTU_2020_1007266_1_MG_RD_CPH_Sewage_727,Denmark,Copenhagen,55.6405,12.5058,Rensningsanlaeg Damhusaaen,78
1007266_1,Copenaghen_RD,Kaistella,0.006137409,2020-08-04 00:00:00,DTU_2020_1007266_1_MG_RD_CPH_Sewage_727,Denmark,Copenhagen,55.6405,12.5058,Rensningsanlaeg Damhusaaen,78
1007266_1,Copenaghen_RD,Lactococcus_A,0.005442719,2020-08-04 00:00:00,DTU_2020_1007266_1_MG_RD_CPH_Sewage_727,Denmark,Copenhagen,55.6405,12.5058,Rensningsanlaeg Damhusaaen,78
1007266_1,Copenaghen_RD,Lenti-01,0.000189349,2020-08-04 00:00:00,DTU_2020_1007266_1_MG_RD_CPH_Sewage_727,Denmark,Copenhagen,55.6405,12.5058,Rensningsanlaeg Damhusaaen,78
1007266_1,Copenaghen_RD,Microthrix,5.52576e-05,2020-08-04 00:00:00,DTU_2020_1007266_1_MG_RD_CPH_Sewage_727,Denmark,Copenhagen,55.6405,12.5058,Rensningsanlaeg Damhusaaen,78
1007266_1,Copenaghen_RD,Moraxella_A,0.003177252,2020-08-04 00:00:00,DTU_2020_1007266_1_MG_RD_CPH_Sewage_727,Denmark,Copenhagen,55.6405,12.5058,Rensningsanlaeg Damhusaaen,78
1007266_1,Copenaghen_RD,Neisseria,0.012914126,2020-08-04 00:00:00,DTU_2020_1007266_1_MG_RD_CPH_Sewage_727,Denmark,Copenhagen,55.6405,12.5058,Rensningsanlaeg Damhusaaen,78
1007266_1,Copenaghen_RD,Novosphingobium,0.000263142,2020-08-04 00:00:00,DTU_2020_1007266_1_MG_RD_CPH_Sewage_727,Denmark,Copenhagen,55.6405,12.5058,Rensningsanlaeg Damhusaaen,78
1007266_1,Copenaghen_RD,Ottowia,0.019710117,2020-08-04 00:00:00,DTU_2020_1007266_1_MG_RD_CPH_Sewage_727,Denmark,Copenhagen,55.6405,12.5058,Rensningsanlaeg Damhusaaen,78
1007266_1,Copenaghen_RD,Paracoccus,0.001537684,2020-08-04 00:00:00,DTU_2020_1007266_1_MG_RD_CPH_Sewage_727,Denmark,Copenhagen,55.6405,12.5058,Rensningsanlaeg Damhusaaen,78
1007266_1,Copenaghen_RD,Phocaeicola,0.003166356,2020-08-04 00:00:00,DTU_2020_1007266_1_MG_RD_CPH_Sewage_727,Denmark,Copenhagen,55.6405,12.5058,Rensningsanlaeg Damhusaaen,78
1007266_1,Copenaghen_RD,Prevotella,0.036429662,2020-08-04 00:00:00,DTU_2020_1007266_1_MG_RD_CPH_Sewage_727,Denmark,Copenhagen,55.6405,12.5058,Rensningsanlaeg Damhusaaen,78
1007266_1,Copenaghen_RD,Propionivibrio,0.009504175,2020-08-04 00:00:00,DTU_2020_1007266_1_MG_RD_CPH_Sewage_727,Denmark,Copenhagen,55.6405,12.5058,Rensningsanlaeg Damhusaaen,78
1007266_1,Copenaghen_RD,Pseudomonas_E,0.007790598,2020-08-04 00:00:00,DTU_2020_1007266_1_MG_RD_CPH_Sewage_727,Denmark,Copenhagen,55.6405,12.5058,Rensningsanlaeg Damhusaaen,78
1007266_1,Copenaghen_RD,Pseudoxanthomonas,0.004965811,2020-08-04 00:00:00,DTU_2020_1007266_1_MG_RD_CPH_Sewage_727,Denmark,Copenhagen,55.6405,12.5058,Rensningsanlaeg Damhusaaen,78
1007266_1,Copenaghen_RD,Pseudoxanthomonas_A,0.006426671,2020-08-04 00:00:00,DTU_2020_1007266_1_MG_RD_CPH_Sewage_727,Denmark,Copenhagen,55.6405,12.5058,Rensningsanlaeg Damhusaaen,78
1007266_1,Copenaghen_RD,Psychrobacter,0.00808531,2020-08-04 00:00:00,DTU_2020_1007266_1_MG_RD_CPH_Sewage_727,Denmark,Copenhagen,55.6405,12.5058,Rensningsanlaeg Damhusaaen,78
1007266_1,Copenaghen_RD,Rubrivivax,0.000386003,2020-08-04 00:00:00,DTU_2020_1007266_1_MG_RD_CPH_Sewage_727,Denmark,Copenhagen,55.6405,12.5058,Rensningsanlaeg Damhusaaen,78
1007266_1,Copenaghen_RD,Streptococcus,0.049260825,2020-08-04 00:00:00,DTU_2020_1007266_1_MG_RD_CPH_Sewage_727,Denmark,Copenhagen,55.6405,12.5058,Rensningsanlaeg Damhusaaen,78
1007266_1,Copenaghen_RD,Telluria,0.000521007,2020-08-04 00:00:00,DTU_2020_1007266_1_MG_RD_CPH_Sewage_727,Denmark,Copenhagen,55.6405,12.5058,Rensningsanlaeg Damhusaaen,78
1007266_1,Copenaghen_RD,Thauera,0.010998822,2020-08-04 00:00:00,DTU_2020_1007266_1_MG_RD_CPH_Sewage_727,Denmark,Copenhagen,55.6405,12.5058,Rensningsanlaeg Damhusaaen,78
1007266_1,Copenaghen_RD,Thermomonas,0.006462021,2020-08-04 00:00:00,DTU_2020_1007266_1_MG_RD_CPH_Sewage_727,Denmark,Copenhagen,55.6405,12.5058,Rensningsanlaeg Damhusaaen,78
1007266_1,Copenaghen_RD,Thiothrix,0.001348605,2020-08-04 00:00:00,DTU_2020_1007266_1_MG_RD_CPH_Sewage_727,Denmark,Copenhagen,55.6405,12.5058,Rensningsanlaeg Damhusaaen,78
1007266_1,Copenaghen_RD,Tolumonas,0.003652077,2020-08-04 00:00:00,DTU_2020_1007266_1_MG_RD_CPH_Sewage_727,Denmark,Copenhagen,55.6405,12.5058,Rensningsanlaeg Damhusaaen,78
1007266_1,Copenaghen_RD,Trichococcus,0.00706106,2020-08-04 00:00:00,DTU_2020_1007266_1_MG_RD_CPH_Sewage_727,Denmark,Copenhagen,55.6405,12.5058,Rensningsanlaeg Damhusaaen,78
1007266_1,Copenaghen_RD,UBA1413,5.06316e-05,2020-08-04 00:00:00,DTU_2020_1007266_1_MG_RD_CPH_Sewage_727,Denmark,Copenhagen,55.6405,12.5058,Rensningsanlaeg Damhusaaen,78
1007266_1,Copenaghen_RD,merged,0.336784724,2020-08-04 00:00:00,DTU_2020_1007266_1_MG_RD_CPH_Sewage_727,Denmark,Copenhagen,55.6405,12.5058,Rensningsanlaeg Damhusaaen,78
1007264_1,Copenaghen_RL,Acidovorax,0.15723686,2020-08-04 00:00:00,DTU_2020_1007264_1_MG_RL_CPH_Sewage_725,Denmark,Copenhagen,55.6956,12.6139,Rensningsanlaeg Lynetten,78
1007264_1,Copenaghen_RL,Acinetobacter,0.041840141,2020-08-04 00:00:00,DTU_2020_1007264_1_MG_RL_CPH_Sewage_725,Denmark,Copenhagen,55.6956,12.6139,Rensningsanlaeg Lynetten,78
1007264_1,Copenaghen_RL,Aeromonas,0.009117787,2020-08-04 00:00:00,DTU_2020_1007264_1_MG_RL_CPH_Sewage_725,Denmark,Copenhagen,55.6956,12.6139,Rensningsanlaeg Lynetten,78
1007264_1,Copenaghen_RL,Aliarcobacter,0.036607117,2020-08-04 00:00:00,DTU_2020_1007264_1_MG_RL_CPH_Sewage_725,Denmark,Copenhagen,55.6956,12.6139,Rensningsanlaeg Lynetten,78
1007264_1,Copenaghen_RL,Aquabacterium_A,0.000418487,2020-08-04 00:00:00,DTU_2020_1007264_1_MG_RL_CPH_Sewage_725,Denmark,Copenhagen,55.6956,12.6139,Rensningsanlaeg Lynetten,78
1007264_1,Copenaghen_RL,Bacteroides,0.004391825,2020-08-04 00:00:00,DTU_2020_1007264_1_MG_RL_CPH_Sewage_725,Denmark,Copenhagen,55.6956,12.6139,Rensningsanlaeg Lynetten,78
1007264_1,Copenaghen_RL,Brachymonas,0.01924325,2020-08-04 00:00:00,DTU_2020_1007264_1_MG_RL_CPH_Sewage_725,Denmark,Copenhagen,55.6956,12.6139,Rensningsanlaeg Lynetten,78
1007264_1,Copenaghen_RL,Brevefilum,4.50116e-05,2020-08-04 00:00:00,DTU_2020_1007264_1_MG_RL_CPH_Sewage_725,Denmark,Copenhagen,55.6956,12.6139,Rensningsanlaeg Lynetten,78
1007264_1,Copenaghen_RL,Brevundimonas,0.000990799,2020-08-04 00:00:00,DTU_2020_1007264_1_MG_RL_CPH_Sewage_725,Denmark,Copenhagen,55.6956,12.6139,Rensningsanlaeg Lynetten,78
1007264_1,Copenaghen_RL,Cloacibacterium,0.038753186,2020-08-04 00:00:00,DTU_2020_1007264_1_MG_RL_CPH_Sewage_725,Denmark,Copenhagen,55.6956,12.6139,Rensningsanlaeg Lynetten,78
1007264_1,Copenaghen_RL,Comamonas,0.041534599,2020-08-04 00:00:00,DTU_2020_1007264_1_MG_RL_CPH_Sewage_725,Denmark,Copenhagen,55.6956,12.6139,Rensningsanlaeg Lynetten,78
1007264_1,Copenaghen_RL,Competibacter_A,3.11713e-05,2020-08-04 00:00:00,DTU_2020_1007264_1_MG_RL_CPH_Sewage_725,Denmark,Copenhagen,55.6956,12.6139,Rensningsanlaeg Lynetten,78
1007264_1,Copenaghen_RL,Enterobacter,0.000617132,2020-08-04 00:00:00,DTU_2020_1007264_1_MG_RL_CPH_Sewage_725,Denmark,Copenhagen,55.6956,12.6139,Rensningsanlaeg Lynetten,78
1007264_1,Copenaghen_RL,Fermentibacter,2.05525e-05,2020-08-04 00:00:00,DTU_2020_1007264_1_MG_RL_CPH_Sewage_725,Denmark,Copenhagen,55.6956,12.6139,Rensningsanlaeg Lynetten,78
1007264_1,Copenaghen_RL,Flavobacterium,0.012839113,2020-08-04 00:00:00,DTU_2020_1007264_1_MG_RL_CPH_Sewage_725,Denmark,Copenhagen,55.6956,12.6139,Rensningsanlaeg Lynetten,78
1007264_1,Copenaghen_RL,Giesbergeria,0.016078507,2020-08-04 00:00:00,DTU_2020_1007264_1_MG_RL_CPH_Sewage_725,Denmark,Copenhagen,55.6956,12.6139,Rensningsanlaeg Lynetten,78
1007264_1,Copenaghen_RL,Hydrogenophaga,0.000831735,2020-08-04 00:00:00,DTU_2020_1007264_1_MG_RL_CPH_Sewage_725,Denmark,Copenhagen,55.6956,12.6139,Rensningsanlaeg Lynetten,78
1007264_1,Copenaghen_RL,JAGOYM01,0.003842719,2020-08-04 00:00:00,DTU_2020_1007264_1_MG_RL_CPH_Sewage_725,Denmark,Copenhagen,55.6956,12.6139,Rensningsanlaeg Lynetten,78
1007264_1,Copenaghen_RL,Janthinobacterium,0.000819626,2020-08-04 00:00:00,DTU_2020_1007264_1_MG_RL_CPH_Sewage_725,Denmark,Copenhagen,55.6956,12.6139,Rensningsanlaeg Lynetten,78
1007264_1,Copenaghen_RL,Kaistella,0.006590201,2020-08-04 00:00:00,DTU_2020_1007264_1_MG_RL_CPH_Sewage_725,Denmark,Copenhagen,55.6956,12.6139,Rensningsanlaeg Lynetten,78
1007264_1,Copenaghen_RL,Lactococcus_A,0.003716091,2020-08-04 00:00:00,DTU_2020_1007264_1_MG_RL_CPH_Sewage_725,Denmark,Copenhagen,55.6956,12.6139,Rensningsanlaeg Lynetten,78
1007264_1,Copenaghen_RL,Lenti-01,0.000269578,2020-08-04 00:00:00,DTU_2020_1007264_1_MG_RL_CPH_Sewage_725,Denmark,Copenhagen,55.6956,12.6139,Rensningsanlaeg Lynetten,78
1007264_1,Copenaghen_RL,Microthrix,3.20016e-05,2020-08-04 00:00:00,DTU_2020_1007264_1_MG_RL_CPH_Sewage_725,Denmark,Copenhagen,55.6956,12.6139,Rensningsanlaeg Lynetten,78
1007264_1,Copenaghen_RL,Moraxella_A,0.024141358,2020-08-04 00:00:00,DTU_2020_1007264_1_MG_RL_CPH_Sewage_725,Denmark,Copenhagen,55.6956,12.6139,Rensningsanlaeg Lynetten,78
1007264_1,Copenaghen_RL,Neisseria,0.045060584,2020-08-04 00:00:00,DTU_2020_1007264_1_MG_RL_CPH_Sewage_725,Denmark,Copenhagen,55.6956,12.6139,Rensningsanlaeg Lynetten,78
1007264_1,Copenaghen_RL,Novosphingobium,0.000318164,2020-08-04 00:00:00,DTU_2020_1007264_1_MG_RL_CPH_Sewage_725,Denmark,Copenhagen,55.6956,12.6139,Rensningsanlaeg Lynetten,78
1007264_1,Copenaghen_RL,Ottowia,0.018105431,2020-08-04 00:00:00,DTU_2020_1007264_1_MG_RL_CPH_Sewage_725,Denmark,Copenhagen,55.6956,12.6139,Rensningsanlaeg Lynetten,78
1007264_1,Copenaghen_RL,Paracoccus,0.000903146,2020-08-04 00:00:00,DTU_2020_1007264_1_MG_RL_CPH_Sewage_725,Denmark,Copenhagen,55.6956,12.6139,Rensningsanlaeg Lynetten,78
1007264_1,Copenaghen_RL,Phocaeicola,0.009012448,2020-08-04 00:00:00,DTU_2020_1007264_1_MG_RL_CPH_Sewage_725,Denmark,Copenhagen,55.6956,12.6139,Rensningsanlaeg Lynetten,78
1007264_1,Copenaghen_RL,Prevotella,0.006826297,2020-08-04 00:00:00,DTU_2020_1007264_1_MG_RL_CPH_Sewage_725,Denmark,Copenhagen,55.6956,12.6139,Rensningsanlaeg Lynetten,78
1007264_1,Copenaghen_RL,Propionivibrio,0.018664067,2020-08-04 00:00:00,DTU_2020_1007264_1_MG_RL_CPH_Sewage_725,Denmark,Copenhagen,55.6956,12.6139,Rensningsanlaeg Lynetten,78
1007264_1,Copenaghen_RL,Pseudomonas_E,0.014822445,2020-08-04 00:00:00,DTU_2020_1007264_1_MG_RL_CPH_Sewage_725,Denmark,Copenhagen,55.6956,12.6139,Rensningsanlaeg Lynetten,78
1007264_1,Copenaghen_RL,Pseudoxanthomonas,0.007369154,2020-08-04 00:00:00,DTU_2020_1007264_1_MG_RL_CPH_Sewage_725,Denmark,Copenhagen,55.6956,12.6139,Rensningsanlaeg Lynetten,78
1007264_1,Copenaghen_RL,Pseudoxanthomonas_A,0.005711373,2020-08-04 00:00:00,DTU_2020_1007264_1_MG_RL_CPH_Sewage_725,Denmark,Copenhagen,55.6956,12.6139,Rensningsanlaeg Lynetten,78
1007264_1,Copenaghen_RL,Psychrobacter,0.004912699,2020-08-04 00:00:00,DTU_2020_1007264_1_MG_RL_CPH_Sewage_725,Denmark,Copenhagen,55.6956,12.6139,Rensningsanlaeg Lynetten,78
1007264_1,Copenaghen_RL,Rubrivivax,0.000303831,2020-08-04 00:00:00,DTU_2020_1007264_1_MG_RL_CPH_Sewage_725,Denmark,Copenhagen,55.6956,12.6139,Rensningsanlaeg Lynetten,78
1007264_1,Copenaghen_RL,Streptococcus,0.030654296,2020-08-04 00:00:00,DTU_2020_1007264_1_MG_RL_CPH_Sewage_725,Denmark,Copenhagen,55.6956,12.6139,Rensningsanlaeg Lynetten,78
1007264_1,Copenaghen_RL,Telluria,0.000766259,2020-08-04 00:00:00,DTU_2020_1007264_1_MG_RL_CPH_Sewage_725,Denmark,Copenhagen,55.6956,12.6139,Rensningsanlaeg Lynetten,78
1007264_1,Copenaghen_RL,Thauera,0.028122565,2020-08-04 00:00:00,DTU_2020_1007264_1_MG_RL_CPH_Sewage_725,Denmark,Copenhagen,55.6956,12.6139,Rensningsanlaeg Lynetten,78
1007264_1,Copenaghen_RL,Thermomonas,0.007156499,2020-08-04 00:00:00,DTU_2020_1007264_1_MG_RL_CPH_Sewage_725,Denmark,Copenhagen,55.6956,12.6139,Rensningsanlaeg Lynetten,78
1007264_1,Copenaghen_RL,Thiothrix,0.00061525,2020-08-04 00:00:00,DTU_2020_1007264_1_MG_RL_CPH_Sewage_725,Denmark,Copenhagen,55.6956,12.6139,Rensningsanlaeg Lynetten,78
1007264_1,Copenaghen_RL,Tolumonas,0.002387213,2020-08-04 00:00:00,DTU_2020_1007264_1_MG_RL_CPH_Sewage_725,Denmark,Copenhagen,55.6956,12.6139,Rensningsanlaeg Lynetten,78
1007264_1,Copenaghen_RL,Trichococcus,0.008257164,2020-08-04 00:00:00,DTU_2020_1007264_1_MG_RL_CPH_Sewage_725,Denmark,Copenhagen,55.6956,12.6139,Rensningsanlaeg Lynetten,78
1007264_1,Copenaghen_RL,UBA1413,6.43496e-06,2020-08-04 00:00:00,DTU_2020_1007264_1_MG_RL_CPH_Sewage_725,Denmark,Copenhagen,55.6956,12.6139,Rensningsanlaeg Lynetten,78
1007264_1,Copenaghen_RL,merged,0.370015833,2020-08-04 00:00:00,DTU_2020_1007264_1_MG_RL_CPH_Sewage_725,Denmark,Copenhagen,55.6956,12.6139,Rensningsanlaeg Lynetten,78
1007268_1,Copenaghen_RA,Acidovorax,0.108162284,2020-08-12 00:00:00,DTU_2020_1007268_1_MG_RA_CPH_Sewage_732,Denmark,Copenhagen,55.6085,12.4505,Rensningsanlaeg Avedoere,80
1007268_1,Copenaghen_RA,Acinetobacter,0.102304966,2020-08-12 00:00:00,DTU_2020_1007268_1_MG_RA_CPH_Sewage_732,Denmark,Copenhagen,55.6085,12.4505,Rensningsanlaeg Avedoere,80
1007268_1,Copenaghen_RA,Aeromonas,0.024769619,2020-08-12 00:00:00,DTU_2020_1007268_1_MG_RA_CPH_Sewage_732,Denmark,Copenhagen,55.6085,12.4505,Rensningsanlaeg Avedoere,80
1007268_1,Copenaghen_RA,Aliarcobacter,0.047053488,2020-08-12 00:00:00,DTU_2020_1007268_1_MG_RA_CPH_Sewage_732,Denmark,Copenhagen,55.6085,12.4505,Rensningsanlaeg Avedoere,80
1007268_1,Copenaghen_RA,Aquabacterium_A,0.000179817,2020-08-12 00:00:00,DTU_2020_1007268_1_MG_RA_CPH_Sewage_732,Denmark,Copenhagen,55.6085,12.4505,Rensningsanlaeg Avedoere,80
1007268_1,Copenaghen_RA,Bacteroides,0.004368556,2020-08-12 00:00:00,DTU_2020_1007268_1_MG_RA_CPH_Sewage_732,Denmark,Copenhagen,55.6085,12.4505,Rensningsanlaeg Avedoere,80
1007268_1,Copenaghen_RA,Brachymonas,0.020380266,2020-08-12 00:00:00,DTU_2020_1007268_1_MG_RA_CPH_Sewage_732,Denmark,Copenhagen,55.6085,12.4505,Rensningsanlaeg Avedoere,80
1007268_1,Copenaghen_RA,Brevefilum,1.59725e-05,2020-08-12 00:00:00,DTU_2020_1007268_1_MG_RA_CPH_Sewage_732,Denmark,Copenhagen,55.6085,12.4505,Rensningsanlaeg Avedoere,80
1007268_1,Copenaghen_RA,Brevundimonas,0.000579652,2020-08-12 00:00:00,DTU_2020_1007268_1_MG_RA_CPH_Sewage_732,Denmark,Copenhagen,55.6085,12.4505,Rensningsanlaeg Avedoere,80
1007268_1,Copenaghen_RA,Cloacibacterium,0.030811455,2020-08-12 00:00:00,DTU_2020_1007268_1_MG_RA_CPH_Sewage_732,Denmark,Copenhagen,55.6085,12.4505,Rensningsanlaeg Avedoere,80
1007268_1,Copenaghen_RA,Comamonas,0.037063153,2020-08-12 00:00:00,DTU_2020_1007268_1_MG_RA_CPH_Sewage_732,Denmark,Copenhagen,55.6085,12.4505,Rensningsanlaeg Avedoere,80
1007268_1,Copenaghen_RA,Competibacter_A,4.25975e-05,2020-08-12 00:00:00,DTU_2020_1007268_1_MG_RA_CPH_Sewage_732,Denmark,Copenhagen,55.6085,12.4505,Rensningsanlaeg Avedoere,80
1007268_1,Copenaghen_RA,Enterobacter,0.003630639,2020-08-12 00:00:00,DTU_2020_1007268_1_MG_RA_CPH_Sewage_732,Denmark,Copenhagen,55.6085,12.4505,Rensningsanlaeg Avedoere,80
1007268_1,Copenaghen_RA,Fermentibacter,5.06335e-05,2020-08-12 00:00:00,DTU_2020_1007268_1_MG_RA_CPH_Sewage_732,Denmark,Copenhagen,55.6085,12.4505,Rensningsanlaeg Avedoere,80
1007268_1,Copenaghen_RA,Flavobacterium,0.012751214,2020-08-12 00:00:00,DTU_2020_1007268_1_MG_RA_CPH_Sewage_732,Denmark,Copenhagen,55.6085,12.4505,Rensningsanlaeg Avedoere,80
1007268_1,Copenaghen_RA,Giesbergeria,0.012176364,2020-08-12 00:00:00,DTU_2020_1007268_1_MG_RA_CPH_Sewage_732,Denmark,Copenhagen,55.6085,12.4505,Rensningsanlaeg Avedoere,80
1007268_1,Copenaghen_RA,Hydrogenophaga,0.00118895,2020-08-12 00:00:00,DTU_2020_1007268_1_MG_RA_CPH_Sewage_732,Denmark,Copenhagen,55.6085,12.4505,Rensningsanlaeg Avedoere,80
1007268_1,Copenaghen_RA,JAGOYM01,0.020527042,2020-08-12 00:00:00,DTU_2020_1007268_1_MG_RA_CPH_Sewage_732,Denmark,Copenhagen,55.6085,12.4505,Rensningsanlaeg Avedoere,80
1007268_1,Copenaghen_RA,Janthinobacterium,0.000563186,2020-08-12 00:00:00,DTU_2020_1007268_1_MG_RA_CPH_Sewage_732,Denmark,Copenhagen,55.6085,12.4505,Rensningsanlaeg Avedoere,80
1007268_1,Copenaghen_RA,Kaistella,0.002105076,2020-08-12 00:00:00,DTU_2020_1007268_1_MG_RA_CPH_Sewage_732,Denmark,Copenhagen,55.6085,12.4505,Rensningsanlaeg Avedoere,80
1007268_1,Copenaghen_RA,Lactococcus_A,0.012498109,2020-08-12 00:00:00,DTU_2020_1007268_1_MG_RA_CPH_Sewage_732,Denmark,Copenhagen,55.6085,12.4505,Rensningsanlaeg Avedoere,80
1007268_1,Copenaghen_RA,Lenti-01,0.000209028,2020-08-12 00:00:00,DTU_2020_1007268_1_MG_RA_CPH_Sewage_732,Denmark,Copenhagen,55.6085,12.4505,Rensningsanlaeg Avedoere,80
1007268_1,Copenaghen_RA,Microthrix,3.75541e-05,2020-08-12 00:00:00,DTU_2020_1007268_1_MG_RA_CPH_Sewage_732,Denmark,Copenhagen,55.6085,12.4505,Rensningsanlaeg Avedoere,80
1007268_1,Copenaghen_RA,Moraxella_A,0.006069628,2020-08-12 00:00:00,DTU_2020_1007268_1_MG_RA_CPH_Sewage_732,Denmark,Copenhagen,55.6085,12.4505,Rensningsanlaeg Avedoere,80
1007268_1,Copenaghen_RA,Neisseria,0.018002156,2020-08-12 00:00:00,DTU_2020_1007268_1_MG_RA_CPH_Sewage_732,Denmark,Copenhagen,55.6085,12.4505,Rensningsanlaeg Avedoere,80
1007268_1,Copenaghen_RA,Novosphingobium,0.00058213,2020-08-12 00:00:00,DTU_2020_1007268_1_MG_RA_CPH_Sewage_732,Denmark,Copenhagen,55.6085,12.4505,Rensningsanlaeg Avedoere,80
1007268_1,Copenaghen_RA,Ottowia,0.011453774,2020-08-12 00:00:00,DTU_2020_1007268_1_MG_RA_CPH_Sewage_732,Denmark,Copenhagen,55.6085,12.4505,Rensningsanlaeg Avedoere,80
1007268_1,Copenaghen_RA,Paracoccus,0.002031016,2020-08-12 00:00:00,DTU_2020_1007268_1_MG_RA_CPH_Sewage_732,Denmark,Copenhagen,55.6085,12.4505,Rensningsanlaeg Avedoere,80
1007268_1,Copenaghen_RA,Phocaeicola,0.006340875,2020-08-12 00:00:00,DTU_2020_1007268_1_MG_RA_CPH_Sewage_732,Denmark,Copenhagen,55.6085,12.4505,Rensningsanlaeg Avedoere,80
1007268_1,Copenaghen_RA,Prevotella,0.010547332,2020-08-12 00:00:00,DTU_2020_1007268_1_MG_RA_CPH_Sewage_732,Denmark,Copenhagen,55.6085,12.4505,Rensningsanlaeg Avedoere,80
1007268_1,Copenaghen_RA,Propionivibrio,0.018431623,2020-08-12 00:00:00,DTU_2020_1007268_1_MG_RA_CPH_Sewage_732,Denmark,Copenhagen,55.6085,12.4505,Rensningsanlaeg Avedoere,80
1007268_1,Copenaghen_RA,Pseudomonas_E,0.012684725,2020-08-12 00:00:00,DTU_2020_1007268_1_MG_RA_CPH_Sewage_732,Denmark,Copenhagen,55.6085,12.4505,Rensningsanlaeg Avedoere,80
1007268_1,Copenaghen_RA,Pseudoxanthomonas,0.00227815,2020-08-12 00:00:00,DTU_2020_1007268_1_MG_RA_CPH_Sewage_732,Denmark,Copenhagen,55.6085,12.4505,Rensningsanlaeg Avedoere,80
1007268_1,Copenaghen_RA,Pseudoxanthomonas_A,0.004103586,2020-08-12 00:00:00,DTU_2020_1007268_1_MG_RA_CPH_Sewage_732,Denmark,Copenhagen,55.6085,12.4505,Rensningsanlaeg Avedoere,80
1007268_1,Copenaghen_RA,Psychrobacter,0.006084346,2020-08-12 00:00:00,DTU_2020_1007268_1_MG_RA_CPH_Sewage_732,Denmark,Copenhagen,55.6085,12.4505,Rensningsanlaeg Avedoere,80
1007268_1,Copenaghen_RA,Rubrivivax,0.000137699,2020-08-12 00:00:00,DTU_2020_1007268_1_MG_RA_CPH_Sewage_732,Denmark,Copenhagen,55.6085,12.4505,Rensningsanlaeg Avedoere,80
1007268_1,Copenaghen_RA,Streptococcus,0.046494611,2020-08-12 00:00:00,DTU_2020_1007268_1_MG_RA_CPH_Sewage_732,Denmark,Copenhagen,55.6085,12.4505,Rensningsanlaeg Avedoere,80
1007268_1,Copenaghen_RA,Telluria,0.000396187,2020-08-12 00:00:00,DTU_2020_1007268_1_MG_RA_CPH_Sewage_732,Denmark,Copenhagen,55.6085,12.4505,Rensningsanlaeg Avedoere,80
1007268_1,Copenaghen_RA,Thauera,0.013642582,2020-08-12 00:00:00,DTU_2020_1007268_1_MG_RA_CPH_Sewage_732,Denmark,Copenhagen,55.6085,12.4505,Rensningsanlaeg Avedoere,80
1007268_1,Copenaghen_RA,Thermomonas,0.003863527,2020-08-12 00:00:00,DTU_2020_1007268_1_MG_RA_CPH_Sewage_732,Denmark,Copenhagen,55.6085,12.4505,Rensningsanlaeg Avedoere,80
1007268_1,Copenaghen_RA,Thiothrix,0.001882666,2020-08-12 00:00:00,DTU_2020_1007268_1_MG_RA_CPH_Sewage_732,Denmark,Copenhagen,55.6085,12.4505,Rensningsanlaeg Avedoere,80
1007268_1,Copenaghen_RA,Tolumonas,0.008045544,2020-08-12 00:00:00,DTU_2020_1007268_1_MG_RA_CPH_Sewage_732,Denmark,Copenhagen,55.6085,12.4505,Rensningsanlaeg Avedoere,80
1007268_1,Copenaghen_RA,Trichococcus,0.015846099,2020-08-12 00:00:00,DTU_2020_1007268_1_MG_RA_CPH_Sewage_732,Denmark,Copenhagen,55.6085,12.4505,Rensningsanlaeg Avedoere,80
1007268_1,Copenaghen_RA,UBA1413,9.96731e-06,2020-08-12 00:00:00,DTU_2020_1007268_1_MG_RA_CPH_Sewage_732,Denmark,Copenhagen,55.6085,12.4505,Rensningsanlaeg Avedoere,80
1007268_1,Copenaghen_RA,merged,0.369602154,2020-08-12 00:00:00,DTU_2020_1007268_1_MG_RA_CPH_Sewage_732,Denmark,Copenhagen,55.6085,12.4505,Rensningsanlaeg Avedoere,80
1007269_1,Copenaghen_RD,Acidovorax,0.160004664,2020-08-12 00:00:00,DTU_2020_1007269_1_MG_RD_CPH_Sewage_733,Denmark,Copenhagen,55.6405,12.5058,Rensningsanlaeg Damhusaaen,80
1007269_1,Copenaghen_RD,Acinetobacter,0.076164387,2020-08-12 00:00:00,DTU_2020_1007269_1_MG_RD_CPH_Sewage_733,Denmark,Copenhagen,55.6405,12.5058,Rensningsanlaeg Damhusaaen,80
1007269_1,Copenaghen_RD,Aeromonas,0.008968255,2020-08-12 00:00:00,DTU_2020_1007269_1_MG_RD_CPH_Sewage_733,Denmark,Copenhagen,55.6405,12.5058,Rensningsanlaeg Damhusaaen,80
1007269_1,Copenaghen_RD,Aliarcobacter,0.026733408,2020-08-12 00:00:00,DTU_2020_1007269_1_MG_RD_CPH_Sewage_733,Denmark,Copenhagen,55.6405,12.5058,Rensningsanlaeg Damhusaaen,80
1007269_1,Copenaghen_RD,Aquabacterium_A,0.000185591,2020-08-12 00:00:00,DTU_2020_1007269_1_MG_RD_CPH_Sewage_733,Denmark,Copenhagen,55.6405,12.5058,Rensningsanlaeg Damhusaaen,80
1007269_1,Copenaghen_RD,Bacteroides,0.007026519,2020-08-12 00:00:00,DTU_2020_1007269_1_MG_RD_CPH_Sewage_733,Denmark,Copenhagen,55.6405,12.5058,Rensningsanlaeg Damhusaaen,80
1007269_1,Copenaghen_RD,Brachymonas,0.023985069,2020-08-12 00:00:00,DTU_2020_1007269_1_MG_RD_CPH_Sewage_733,Denmark,Copenhagen,55.6405,12.5058,Rensningsanlaeg Damhusaaen,80
1007269_1,Copenaghen_RD,Brevefilum,7.87152e-06,2020-08-12 00:00:00,DTU_2020_1007269_1_MG_RD_CPH_Sewage_733,Denmark,Copenhagen,55.6405,12.5058,Rensningsanlaeg Damhusaaen,80
1007269_1,Copenaghen_RD,Brevundimonas,0.000556309,2020-08-12 00:00:00,DTU_2020_1007269_1_MG_RD_CPH_Sewage_733,Denmark,Copenhagen,55.6405,12.5058,Rensningsanlaeg Damhusaaen,80
1007269_1,Copenaghen_RD,Cloacibacterium,0.025644014,2020-08-12 00:00:00,DTU_2020_1007269_1_MG_RD_CPH_Sewage_733,Denmark,Copenhagen,55.6405,12.5058,Rensningsanlaeg Damhusaaen,80
1007269_1,Copenaghen_RD,Comamonas,0.034272644,2020-08-12 00:00:00,DTU_2020_1007269_1_MG_RD_CPH_Sewage_733,Denmark,Copenhagen,55.6405,12.5058,Rensningsanlaeg Damhusaaen,80
1007269_1,Copenaghen_RD,Competibacter_A,5.32733e-05,2020-08-12 00:00:00,DTU_2020_1007269_1_MG_RD_CPH_Sewage_733,Denmark,Copenhagen,55.6405,12.5058,Rensningsanlaeg Damhusaaen,80
1007269_1,Copenaghen_RD,Enterobacter,0.000585423,2020-08-12 00:00:00,DTU_2020_1007269_1_MG_RD_CPH_Sewage_733,Denmark,Copenhagen,55.6405,12.5058,Rensningsanlaeg Damhusaaen,80
1007269_1,Copenaghen_RD,Fermentibacter,1.41496e-05,2020-08-12 00:00:00,DTU_2020_1007269_1_MG_RD_CPH_Sewage_733,Denmark,Copenhagen,55.6405,12.5058,Rensningsanlaeg Damhusaaen,80
1007269_1,Copenaghen_RD,Flavobacterium,0.006913198,2020-08-12 00:00:00,DTU_2020_1007269_1_MG_RD_CPH_Sewage_733,Denmark,Copenhagen,55.6405,12.5058,Rensningsanlaeg Damhusaaen,80
1007269_1,Copenaghen_RD,Giesbergeria,0.013360791,2020-08-12 00:00:00,DTU_2020_1007269_1_MG_RD_CPH_Sewage_733,Denmark,Copenhagen,55.6405,12.5058,Rensningsanlaeg Damhusaaen,80
1007269_1,Copenaghen_RD,Hydrogenophaga,0.001359349,2020-08-12 00:00:00,DTU_2020_1007269_1_MG_RD_CPH_Sewage_733,Denmark,Copenhagen,55.6405,12.5058,Rensningsanlaeg Damhusaaen,80
1007269_1,Copenaghen_RD,JAGOYM01,0.010206203,2020-08-12 00:00:00,DTU_2020_1007269_1_MG_RD_CPH_Sewage_733,Denmark,Copenhagen,55.6405,12.5058,Rensningsanlaeg Damhusaaen,80
1007269_1,Copenaghen_RD,Janthinobacterium,0.00062891,2020-08-12 00:00:00,DTU_2020_1007269_1_MG_RD_CPH_Sewage_733,Denmark,Copenhagen,55.6405,12.5058,Rensningsanlaeg Damhusaaen,80
1007269_1,Copenaghen_RD,Kaistella,0.004074005,2020-08-12 00:00:00,DTU_2020_1007269_1_MG_RD_CPH_Sewage_733,Denmark,Copenhagen,55.6405,12.5058,Rensningsanlaeg Damhusaaen,80
1007269_1,Copenaghen_RD,Lactococcus_A,0.00397695,2020-08-12 00:00:00,DTU_2020_1007269_1_MG_RD_CPH_Sewage_733,Denmark,Copenhagen,55.6405,12.5058,Rensningsanlaeg Damhusaaen,80
1007269_1,Copenaghen_RD,Lenti-01,0.000272474,2020-08-12 00:00:00,DTU_2020_1007269_1_MG_RD_CPH_Sewage_733,Denmark,Copenhagen,55.6405,12.5058,Rensningsanlaeg Damhusaaen,80
1007269_1,Copenaghen_RD,Microthrix,4.29026e-05,2020-08-12 00:00:00,DTU_2020_1007269_1_MG_RD_CPH_Sewage_733,Denmark,Copenhagen,55.6405,12.5058,Rensningsanlaeg Damhusaaen,80
1007269_1,Copenaghen_RD,Moraxella_A,0.002501027,2020-08-12 00:00:00,DTU_2020_1007269_1_MG_RD_CPH_Sewage_733,Denmark,Copenhagen,55.6405,12.5058,Rensningsanlaeg Damhusaaen,80
1007269_1,Copenaghen_RD,Neisseria,0.016574522,2020-08-12 00:00:00,DTU_2020_1007269_1_MG_RD_CPH_Sewage_733,Denmark,Copenhagen,55.6405,12.5058,Rensningsanlaeg Damhusaaen,80
1007269_1,Copenaghen_RD,Novosphingobium,0.000373974,2020-08-12 00:00:00,DTU_2020_1007269_1_MG_RD_CPH_Sewage_733,Denmark,Copenhagen,55.6405,12.5058,Rensningsanlaeg Damhusaaen,80
1007269_1,Copenaghen_RD,Ottowia,0.01918381,2020-08-12 00:00:00,DTU_2020_1007269_1_MG_RD_CPH_Sewage_733,Denmark,Copenhagen,55.6405,12.5058,Rensningsanlaeg Damhusaaen,80
1007269_1,Copenaghen_RD,Paracoccus,0.001064831,2020-08-12 00:00:00,DTU_2020_1007269_1_MG_RD_CPH_Sewage_733,Denmark,Copenhagen,55.6405,12.5058,Rensningsanlaeg Damhusaaen,80
1007269_1,Copenaghen_RD,Phocaeicola,0.006664509,2020-08-12 00:00:00,DTU_2020_1007269_1_MG_RD_CPH_Sewage_733,Denmark,Copenhagen,55.6405,12.5058,Rensningsanlaeg Damhusaaen,80
1007269_1,Copenaghen_RD,Prevotella,0.017993556,2020-08-12 00:00:00,DTU_2020_1007269_1_MG_RD_CPH_Sewage_733,Denmark,Copenhagen,55.6405,12.5058,Rensningsanlaeg Damhusaaen,80
1007269_1,Copenaghen_RD,Propionivibrio,0.012659664,2020-08-12 00:00:00,DTU_2020_1007269_1_MG_RD_CPH_Sewage_733,Denmark,Copenhagen,55.6405,12.5058,Rensningsanlaeg Damhusaaen,80
1007269_1,Copenaghen_RD,Pseudomonas_E,0.008419751,2020-08-12 00:00:00,DTU_2020_1007269_1_MG_RD_CPH_Sewage_733,Denmark,Copenhagen,55.6405,12.5058,Rensningsanlaeg Damhusaaen,80
1007269_1,Copenaghen_RD,Pseudoxanthomonas,0.00747457,2020-08-12 00:00:00,DTU_2020_1007269_1_MG_RD_CPH_Sewage_733,Denmark,Copenhagen,55.6405,12.5058,Rensningsanlaeg Damhusaaen,80
1007269_1,Copenaghen_RD,Pseudoxanthomonas_A,0.006327327,2020-08-12 00:00:00,DTU_2020_1007269_1_MG_RD_CPH_Sewage_733,Denmark,Copenhagen,55.6405,12.5058,Rensningsanlaeg Damhusaaen,80
1007269_1,Copenaghen_RD,Psychrobacter,0.005711055,2020-08-12 00:00:00,DTU_2020_1007269_1_MG_RD_CPH_Sewage_733,Denmark,Copenhagen,55.6405,12.5058,Rensningsanlaeg Damhusaaen,80
1007269_1,Copenaghen_RD,Rubrivivax,0.000376082,2020-08-12 00:00:00,DTU_2020_1007269_1_MG_RD_CPH_Sewage_733,Denmark,Copenhagen,55.6405,12.5058,Rensningsanlaeg Damhusaaen,80
1007269_1,Copenaghen_RD,Streptococcus,0.026322555,2020-08-12 00:00:00,DTU_2020_1007269_1_MG_RD_CPH_Sewage_733,Denmark,Copenhagen,55.6405,12.5058,Rensningsanlaeg Damhusaaen,80
1007269_1,Copenaghen_RD,Telluria,0.000940103,2020-08-12 00:00:00,DTU_2020_1007269_1_MG_RD_CPH_Sewage_733,Denmark,Copenhagen,55.6405,12.5058,Rensningsanlaeg Damhusaaen,80
1007269_1,Copenaghen_RD,Thauera,0.010620471,2020-08-12 00:00:00,DTU_2020_1007269_1_MG_RD_CPH_Sewage_733,Denmark,Copenhagen,55.6405,12.5058,Rensningsanlaeg Damhusaaen,80
1007269_1,Copenaghen_RD,Thermomonas,0.008193927,2020-08-12 00:00:00,DTU_2020_1007269_1_MG_RD_CPH_Sewage_733,Denmark,Copenhagen,55.6405,12.5058,Rensningsanlaeg Damhusaaen,80
1007269_1,Copenaghen_RD,Thiothrix,0.000960266,2020-08-12 00:00:00,DTU_2020_1007269_1_MG_RD_CPH_Sewage_733,Denmark,Copenhagen,55.6405,12.5058,Rensningsanlaeg Damhusaaen,80
1007269_1,Copenaghen_RD,Tolumonas,0.002867144,2020-08-12 00:00:00,DTU_2020_1007269_1_MG_RD_CPH_Sewage_733,Denmark,Copenhagen,55.6405,12.5058,Rensningsanlaeg Damhusaaen,80
1007269_1,Copenaghen_RD,Trichococcus,0.003247028,2020-08-12 00:00:00,DTU_2020_1007269_1_MG_RD_CPH_Sewage_733,Denmark,Copenhagen,55.6405,12.5058,Rensningsanlaeg Damhusaaen,80
1007269_1,Copenaghen_RD,UBA1413,1.36695e-05,2020-08-12 00:00:00,DTU_2020_1007269_1_MG_RD_CPH_Sewage_733,Denmark,Copenhagen,55.6405,12.5058,Rensningsanlaeg Damhusaaen,80
1007269_1,Copenaghen_RD,merged,0.436473798,2020-08-12 00:00:00,DTU_2020_1007269_1_MG_RD_CPH_Sewage_733,Denmark,Copenhagen,55.6405,12.5058,Rensningsanlaeg Damhusaaen,80
1007267_2,Copenaghen_RL,Acidovorax,0.100082629,2020-08-12 00:00:00,DTU_2020_1007267_2_MG_RL_CPH_Sewage_731,Denmark,Copenhagen,55.6956,12.6139,Rensningsanlaeg Lynetten,80
1007267_2,Copenaghen_RL,Acinetobacter,0.045877437,2020-08-12 00:00:00,DTU_2020_1007267_2_MG_RL_CPH_Sewage_731,Denmark,Copenhagen,55.6956,12.6139,Rensningsanlaeg Lynetten,80
1007267_2,Copenaghen_RL,Aeromonas,0.023836443,2020-08-12 00:00:00,DTU_2020_1007267_2_MG_RL_CPH_Sewage_731,Denmark,Copenhagen,55.6956,12.6139,Rensningsanlaeg Lynetten,80
1007267_2,Copenaghen_RL,Aliarcobacter,0.095561479,2020-08-12 00:00:00,DTU_2020_1007267_2_MG_RL_CPH_Sewage_731,Denmark,Copenhagen,55.6956,12.6139,Rensningsanlaeg Lynetten,80
1007267_2,Copenaghen_RL,Aquabacterium_A,0.000291089,2020-08-12 00:00:00,DTU_2020_1007267_2_MG_RL_CPH_Sewage_731,Denmark,Copenhagen,55.6956,12.6139,Rensningsanlaeg Lynetten,80
1007267_2,Copenaghen_RL,Bacteroides,0.014841548,2020-08-12 00:00:00,DTU_2020_1007267_2_MG_RL_CPH_Sewage_731,Denmark,Copenhagen,55.6956,12.6139,Rensningsanlaeg Lynetten,80
1007267_2,Copenaghen_RL,Brachymonas,0.013911478,2020-08-12 00:00:00,DTU_2020_1007267_2_MG_RL_CPH_Sewage_731,Denmark,Copenhagen,55.6956,12.6139,Rensningsanlaeg Lynetten,80
1007267_2,Copenaghen_RL,Brevefilum,2.00389e-05,2020-08-12 00:00:00,DTU_2020_1007267_2_MG_RL_CPH_Sewage_731,Denmark,Copenhagen,55.6956,12.6139,Rensningsanlaeg Lynetten,80
1007267_2,Copenaghen_RL,Brevundimonas,0.000340079,2020-08-12 00:00:00,DTU_2020_1007267_2_MG_RL_CPH_Sewage_731,Denmark,Copenhagen,55.6956,12.6139,Rensningsanlaeg Lynetten,80
1007267_2,Copenaghen_RL,Cloacibacterium,0.062492073,2020-08-12 00:00:00,DTU_2020_1007267_2_MG_RL_CPH_Sewage_731,Denmark,Copenhagen,55.6956,12.6139,Rensningsanlaeg Lynetten,80
1007267_2,Copenaghen_RL,Comamonas,0.051977663,2020-08-12 00:00:00,DTU_2020_1007267_2_MG_RL_CPH_Sewage_731,Denmark,Copenhagen,55.6956,12.6139,Rensningsanlaeg Lynetten,80
1007267_2,Copenaghen_RL,Competibacter_A,5.38094e-05,2020-08-12 00:00:00,DTU_2020_1007267_2_MG_RL_CPH_Sewage_731,Denmark,Copenhagen,55.6956,12.6139,Rensningsanlaeg Lynetten,80
1007267_2,Copenaghen_RL,Enterobacter,0.001057227,2020-08-12 00:00:00,DTU_2020_1007267_2_MG_RL_CPH_Sewage_731,Denmark,Copenhagen,55.6956,12.6139,Rensningsanlaeg Lynetten,80
1007267_2,Copenaghen_RL,Fermentibacter,8.16187e-06,2020-08-12 00:00:00,DTU_2020_1007267_2_MG_RL_CPH_Sewage_731,Denmark,Copenhagen,55.6956,12.6139,Rensningsanlaeg Lynetten,80
1007267_2,Copenaghen_RL,Flavobacterium,0.008486817,2020-08-12 00:00:00,DTU_2020_1007267_2_MG_RL_CPH_Sewage_731,Denmark,Copenhagen,55.6956,12.6139,Rensningsanlaeg Lynetten,80
1007267_2,Copenaghen_RL,Giesbergeria,0.011160926,2020-08-12 00:00:00,DTU_2020_1007267_2_MG_RL_CPH_Sewage_731,Denmark,Copenhagen,55.6956,12.6139,Rensningsanlaeg Lynetten,80
1007267_2,Copenaghen_RL,Hydrogenophaga,0.001152785,2020-08-12 00:00:00,DTU_2020_1007267_2_MG_RL_CPH_Sewage_731,Denmark,Copenhagen,55.6956,12.6139,Rensningsanlaeg Lynetten,80
1007267_2,Copenaghen_RL,JAGOYM01,0.003527052,2020-08-12 00:00:00,DTU_2020_1007267_2_MG_RL_CPH_Sewage_731,Denmark,Copenhagen,55.6956,12.6139,Rensningsanlaeg Lynetten,80
1007267_2,Copenaghen_RL,Janthinobacterium,0.000472823,2020-08-12 00:00:00,DTU_2020_1007267_2_MG_RL_CPH_Sewage_731,Denmark,Copenhagen,55.6956,12.6139,Rensningsanlaeg Lynetten,80
1007267_2,Copenaghen_RL,Kaistella,0.002618957,2020-08-12 00:00:00,DTU_2020_1007267_2_MG_RL_CPH_Sewage_731,Denmark,Copenhagen,55.6956,12.6139,Rensningsanlaeg Lynetten,80
1007267_2,Copenaghen_RL,Lactococcus_A,0.005238935,2020-08-12 00:00:00,DTU_2020_1007267_2_MG_RL_CPH_Sewage_731,Denmark,Copenhagen,55.6956,12.6139,Rensningsanlaeg Lynetten,80
1007267_2,Copenaghen_RL,Lenti-01,0.000203274,2020-08-12 00:00:00,DTU_2020_1007267_2_MG_RL_CPH_Sewage_731,Denmark,Copenhagen,55.6956,12.6139,Rensningsanlaeg Lynetten,80
1007267_2,Copenaghen_RL,Microthrix,4.01758e-05,2020-08-12 00:00:00,DTU_2020_1007267_2_MG_RL_CPH_Sewage_731,Denmark,Copenhagen,55.6956,12.6139,Rensningsanlaeg Lynetten,80
1007267_2,Copenaghen_RL,Moraxella_A,0.00268916,2020-08-12 00:00:00,DTU_2020_1007267_2_MG_RL_CPH_Sewage_731,Denmark,Copenhagen,55.6956,12.6139,Rensningsanlaeg Lynetten,80
1007267_2,Copenaghen_RL,Neisseria,0.013559411,2020-08-12 00:00:00,DTU_2020_1007267_2_MG_RL_CPH_Sewage_731,Denmark,Copenhagen,55.6956,12.6139,Rensningsanlaeg Lynetten,80
1007267_2,Copenaghen_RL,Novosphingobium,0.000195408,2020-08-12 00:00:00,DTU_2020_1007267_2_MG_RL_CPH_Sewage_731,Denmark,Copenhagen,55.6956,12.6139,Rensningsanlaeg Lynetten,80
1007267_2,Copenaghen_RL,Ottowia,0.01681969,2020-08-12 00:00:00,DTU_2020_1007267_2_MG_RL_CPH_Sewage_731,Denmark,Copenhagen,55.6956,12.6139,Rensningsanlaeg Lynetten,80
1007267_2,Copenaghen_RL,Paracoccus,0.000551414,2020-08-12 00:00:00,DTU_2020_1007267_2_MG_RL_CPH_Sewage_731,Denmark,Copenhagen,55.6956,12.6139,Rensningsanlaeg Lynetten,80
1007267_2,Copenaghen_RL,Phocaeicola,0.013513057,2020-08-12 00:00:00,DTU_2020_1007267_2_MG_RL_CPH_Sewage_731,Denmark,Copenhagen,55.6956,12.6139,Rensningsanlaeg Lynetten,80
1007267_2,Copenaghen_RL,Prevotella,0.01567189,2020-08-12 00:00:00,DTU_2020_1007267_2_MG_RL_CPH_Sewage_731,Denmark,Copenhagen,55.6956,12.6139,Rensningsanlaeg Lynetten,80
1007267_2,Copenaghen_RL,Propionivibrio,0.023462289,2020-08-12 00:00:00,DTU_2020_1007267_2_MG_RL_CPH_Sewage_731,Denmark,Copenhagen,55.6956,12.6139,Rensningsanlaeg Lynetten,80
1007267_2,Copenaghen_RL,Pseudomonas_E,0.012931971,2020-08-12 00:00:00,DTU_2020_1007267_2_MG_RL_CPH_Sewage_731,Denmark,Copenhagen,55.6956,12.6139,Rensningsanlaeg Lynetten,80
1007267_2,Copenaghen_RL,Pseudoxanthomonas,0.00240192,2020-08-12 00:00:00,DTU_2020_1007267_2_MG_RL_CPH_Sewage_731,Denmark,Copenhagen,55.6956,12.6139,Rensningsanlaeg Lynetten,80
1007267_2,Copenaghen_RL,Pseudoxanthomonas_A,0.005480137,2020-08-12 00:00:00,DTU_2020_1007267_2_MG_RL_CPH_Sewage_731,Denmark,Copenhagen,55.6956,12.6139,Rensningsanlaeg Lynetten,80
1007267_2,Copenaghen_RL,Psychrobacter,0.002854702,2020-08-12 00:00:00,DTU_2020_1007267_2_MG_RL_CPH_Sewage_731,Denmark,Copenhagen,55.6956,12.6139,Rensningsanlaeg Lynetten,80
1007267_2,Copenaghen_RL,Rubrivivax,0.000100757,2020-08-12 00:00:00,DTU_2020_1007267_2_MG_RL_CPH_Sewage_731,Denmark,Copenhagen,55.6956,12.6139,Rensningsanlaeg Lynetten,80
1007267_2,Copenaghen_RL,Streptococcus,0.012562251,2020-08-12 00:00:00,DTU_2020_1007267_2_MG_RL_CPH_Sewage_731,Denmark,Copenhagen,55.6956,12.6139,Rensningsanlaeg Lynetten,80
1007267_2,Copenaghen_RL,Telluria,0.000446648,2020-08-12 00:00:00,DTU_2020_1007267_2_MG_RL_CPH_Sewage_731,Denmark,Copenhagen,55.6956,12.6139,Rensningsanlaeg Lynetten,80
1007267_2,Copenaghen_RL,Thauera,0.024350853,2020-08-12 00:00:00,DTU_2020_1007267_2_MG_RL_CPH_Sewage_731,Denmark,Copenhagen,55.6956,12.6139,Rensningsanlaeg Lynetten,80
1007267_2,Copenaghen_RL,Thermomonas,0.004940676,2020-08-12 00:00:00,DTU_2020_1007267_2_MG_RL_CPH_Sewage_731,Denmark,Copenhagen,55.6956,12.6139,Rensningsanlaeg Lynetten,80
1007267_2,Copenaghen_RL,Thiothrix,0.000581801,2020-08-12 00:00:00,DTU_2020_1007267_2_MG_RL_CPH_Sewage_731,Denmark,Copenhagen,55.6956,12.6139,Rensningsanlaeg Lynetten,80
1007267_2,Copenaghen_RL,Tolumonas,0.007476415,2020-08-12 00:00:00,DTU_2020_1007267_2_MG_RL_CPH_Sewage_731,Denmark,Copenhagen,55.6956,12.6139,Rensningsanlaeg Lynetten,80
1007267_2,Copenaghen_RL,Trichococcus,0.010156889,2020-08-12 00:00:00,DTU_2020_1007267_2_MG_RL_CPH_Sewage_731,Denmark,Copenhagen,55.6956,12.6139,Rensningsanlaeg Lynetten,80
1007267_2,Copenaghen_RL,UBA1413,6.25871e-07,2020-08-12 00:00:00,DTU_2020_1007267_2_MG_RL_CPH_Sewage_731,Denmark,Copenhagen,55.6956,12.6139,Rensningsanlaeg Lynetten,80
1007267_2,Copenaghen_RL,merged,0.385999136,2020-08-12 00:00:00,DTU_2020_1007267_2_MG_RL_CPH_Sewage_731,Denmark,Copenhagen,55.6956,12.6139,Rensningsanlaeg Lynetten,80
1007271_2,Copenaghen_RA,Acidovorax,0.091671603,2020-08-19 00:00:00,DTU_2020_1007271_2_MG_RA_CPH_Sewage_735,Denmark,Copenhagen,55.6085,12.4505,Rensningsanlaeg Avedoere,81
1007271_2,Copenaghen_RA,Acinetobacter,0.04601815,2020-08-19 00:00:00,DTU_2020_1007271_2_MG_RA_CPH_Sewage_735,Denmark,Copenhagen,55.6085,12.4505,Rensningsanlaeg Avedoere,81
1007271_2,Copenaghen_RA,Aeromonas,0.031130813,2020-08-19 00:00:00,DTU_2020_1007271_2_MG_RA_CPH_Sewage_735,Denmark,Copenhagen,55.6085,12.4505,Rensningsanlaeg Avedoere,81
1007271_2,Copenaghen_RA,Aliarcobacter,0.047009322,2020-08-19 00:00:00,DTU_2020_1007271_2_MG_RA_CPH_Sewage_735,Denmark,Copenhagen,55.6085,12.4505,Rensningsanlaeg Avedoere,81
1007271_2,Copenaghen_RA,Aquabacterium_A,0.000123612,2020-08-19 00:00:00,DTU_2020_1007271_2_MG_RA_CPH_Sewage_735,Denmark,Copenhagen,55.6085,12.4505,Rensningsanlaeg Avedoere,81
1007271_2,Copenaghen_RA,Bacteroides,0.018920113,2020-08-19 00:00:00,DTU_2020_1007271_2_MG_RA_CPH_Sewage_735,Denmark,Copenhagen,55.6085,12.4505,Rensningsanlaeg Avedoere,81
1007271_2,Copenaghen_RA,Brachymonas,0.043577488,2020-08-19 00:00:00,DTU_2020_1007271_2_MG_RA_CPH_Sewage_735,Denmark,Copenhagen,55.6085,12.4505,Rensningsanlaeg Avedoere,81
1007271_2,Copenaghen_RA,Brevefilum,7.95463e-05,2020-08-19 00:00:00,DTU_2020_1007271_2_MG_RA_CPH_Sewage_735,Denmark,Copenhagen,55.6085,12.4505,Rensningsanlaeg Avedoere,81
1007271_2,Copenaghen_RA,Brevundimonas,0.000735122,2020-08-19 00:00:00,DTU_2020_1007271_2_MG_RA_CPH_Sewage_735,Denmark,Copenhagen,55.6085,12.4505,Rensningsanlaeg Avedoere,81
1007271_2,Copenaghen_RA,Cloacibacterium,0.036916712,2020-08-19 00:00:00,DTU_2020_1007271_2_MG_RA_CPH_Sewage_735,Denmark,Copenhagen,55.6085,12.4505,Rensningsanlaeg Avedoere,81
1007271_2,Copenaghen_RA,Comamonas,0.048909329,2020-08-19 00:00:00,DTU_2020_1007271_2_MG_RA_CPH_Sewage_735,Denmark,Copenhagen,55.6085,12.4505,Rensningsanlaeg Avedoere,81
1007271_2,Copenaghen_RA,Competibacter_A,5.33829e-05,2020-08-19 00:00:00,DTU_2020_1007271_2_MG_RA_CPH_Sewage_735,Denmark,Copenhagen,55.6085,12.4505,Rensningsanlaeg Avedoere,81
1007271_2,Copenaghen_RA,Enterobacter,0.001180856,2020-08-19 00:00:00,DTU_2020_1007271_2_MG_RA_CPH_Sewage_735,Denmark,Copenhagen,55.6085,12.4505,Rensningsanlaeg Avedoere,81
1007271_2,Copenaghen_RA,Fermentibacter,3.70077e-05,2020-08-19 00:00:00,DTU_2020_1007271_2_MG_RA_CPH_Sewage_735,Denmark,Copenhagen,55.6085,12.4505,Rensningsanlaeg Avedoere,81
1007271_2,Copenaghen_RA,Flavobacterium,0.007947411,2020-08-19 00:00:00,DTU_2020_1007271_2_MG_RA_CPH_Sewage_735,Denmark,Copenhagen,55.6085,12.4505,Rensningsanlaeg Avedoere,81
1007271_2,Copenaghen_RA,Giesbergeria,0.013336574,2020-08-19 00:00:00,DTU_2020_1007271_2_MG_RA_CPH_Sewage_735,Denmark,Copenhagen,55.6085,12.4505,Rensningsanlaeg Avedoere,81
1007271_2,Copenaghen_RA,Hydrogenophaga,0.001410821,2020-08-19 00:00:00,DTU_2020_1007271_2_MG_RA_CPH_Sewage_735,Denmark,Copenhagen,55.6085,12.4505,Rensningsanlaeg Avedoere,81
1007271_2,Copenaghen_RA,JAGOYM01,0.008117684,2020-08-19 00:00:00,DTU_2020_1007271_2_MG_RA_CPH_Sewage_735,Denmark,Copenhagen,55.6085,12.4505,Rensningsanlaeg Avedoere,81
1007271_2,Copenaghen_RA,Janthinobacterium,0.000285902,2020-08-19 00:00:00,DTU_2020_1007271_2_MG_RA_CPH_Sewage_735,Denmark,Copenhagen,55.6085,12.4505,Rensningsanlaeg Avedoere,81
1007271_2,Copenaghen_RA,Kaistella,0.004875598,2020-08-19 00:00:00,DTU_2020_1007271_2_MG_RA_CPH_Sewage_735,Denmark,Copenhagen,55.6085,12.4505,Rensningsanlaeg Avedoere,81
1007271_2,Copenaghen_RA,Lactococcus_A,0.014929091,2020-08-19 00:00:00,DTU_2020_1007271_2_MG_RA_CPH_Sewage_735,Denmark,Copenhagen,55.6085,12.4505,Rensningsanlaeg Avedoere,81
1007271_2,Copenaghen_RA,Lenti-01,0.000208074,2020-08-19 00:00:00,DTU_2020_1007271_2_MG_RA_CPH_Sewage_735,Denmark,Copenhagen,55.6085,12.4505,Rensningsanlaeg Avedoere,81
1007271_2,Copenaghen_RA,Microthrix,3.82017e-05,2020-08-19 00:00:00,DTU_2020_1007271_2_MG_RA_CPH_Sewage_735,Denmark,Copenhagen,55.6085,12.4505,Rensningsanlaeg Avedoere,81
1007271_2,Copenaghen_RA,Moraxella_A,0.007581734,2020-08-19 00:00:00,DTU_2020_1007271_2_MG_RA_CPH_Sewage_735,Denmark,Copenhagen,55.6085,12.4505,Rensningsanlaeg Avedoere,81
1007271_2,Copenaghen_RA,Neisseria,0.015161576,2020-08-19 00:00:00,DTU_2020_1007271_2_MG_RA_CPH_Sewage_735,Denmark,Copenhagen,55.6085,12.4505,Rensningsanlaeg Avedoere,81
1007271_2,Copenaghen_RA,Novosphingobium,0.0002705,2020-08-19 00:00:00,DTU_2020_1007271_2_MG_RA_CPH_Sewage_735,Denmark,Copenhagen,55.6085,12.4505,Rensningsanlaeg Avedoere,81
1007271_2,Copenaghen_RA,Ottowia,0.010476616,2020-08-19 00:00:00,DTU_2020_1007271_2_MG_RA_CPH_Sewage_735,Denmark,Copenhagen,55.6085,12.4505,Rensningsanlaeg Avedoere,81
1007271_2,Copenaghen_RA,Paracoccus,0.001066487,2020-08-19 00:00:00,DTU_2020_1007271_2_MG_RA_CPH_Sewage_735,Denmark,Copenhagen,55.6085,12.4505,Rensningsanlaeg Avedoere,81
1007271_2,Copenaghen_RA,Phocaeicola,0.009476007,2020-08-19 00:00:00,DTU_2020_1007271_2_MG_RA_CPH_Sewage_735,Denmark,Copenhagen,55.6085,12.4505,Rensningsanlaeg Avedoere,81
1007271_2,Copenaghen_RA,Prevotella,0.018104056,2020-08-19 00:00:00,DTU_2020_1007271_2_MG_RA_CPH_Sewage_735,Denmark,Copenhagen,55.6085,12.4505,Rensningsanlaeg Avedoere,81
1007271_2,Copenaghen_RA,Propionivibrio,0.015229945,2020-08-19 00:00:00,DTU_2020_1007271_2_MG_RA_CPH_Sewage_735,Denmark,Copenhagen,55.6085,12.4505,Rensningsanlaeg Avedoere,81
1007271_2,Copenaghen_RA,Pseudomonas_E,0.020723323,2020-08-19 00:00:00,DTU_2020_1007271_2_MG_RA_CPH_Sewage_735,Denmark,Copenhagen,55.6085,12.4505,Rensningsanlaeg Avedoere,81
1007271_2,Copenaghen_RA,Pseudoxanthomonas,0.004039131,2020-08-19 00:00:00,DTU_2020_1007271_2_MG_RA_CPH_Sewage_735,Denmark,Copenhagen,55.6085,12.4505,Rensningsanlaeg Avedoere,81
1007271_2,Copenaghen_RA,Pseudoxanthomonas_A,0.00419993,2020-08-19 00:00:00,DTU_2020_1007271_2_MG_RA_CPH_Sewage_735,Denmark,Copenhagen,55.6085,12.4505,Rensningsanlaeg Avedoere,81
1007271_2,Copenaghen_RA,Psychrobacter,0.006833303,2020-08-19 00:00:00,DTU_2020_1007271_2_MG_RA_CPH_Sewage_735,Denmark,Copenhagen,55.6085,12.4505,Rensningsanlaeg Avedoere,81
1007271_2,Copenaghen_RA,Rubrivivax,0.000141286,2020-08-19 00:00:00,DTU_2020_1007271_2_MG_RA_CPH_Sewage_735,Denmark,Copenhagen,55.6085,12.4505,Rensningsanlaeg Avedoere,81
1007271_2,Copenaghen_RA,Streptococcus,0.026278265,2020-08-19 00:00:00,DTU_2020_1007271_2_MG_RA_CPH_Sewage_735,Denmark,Copenhagen,55.6085,12.4505,Rensningsanlaeg Avedoere,81
1007271_2,Copenaghen_RA,Telluria,0.000424121,2020-08-19 00:00:00,DTU_2020_1007271_2_MG_RA_CPH_Sewage_735,Denmark,Copenhagen,55.6085,12.4505,Rensningsanlaeg Avedoere,81
1007271_2,Copenaghen_RA,Thauera,0.022490925,2020-08-19 00:00:00,DTU_2020_1007271_2_MG_RA_CPH_Sewage_735,Denmark,Copenhagen,55.6085,12.4505,Rensningsanlaeg Avedoere,81
1007271_2,Copenaghen_RA,Thermomonas,0.004456945,2020-08-19 00:00:00,DTU_2020_1007271_2_MG_RA_CPH_Sewage_735,Denmark,Copenhagen,55.6085,12.4505,Rensningsanlaeg Avedoere,81
1007271_2,Copenaghen_RA,Thiothrix,0.002187723,2020-08-19 00:00:00,DTU_2020_1007271_2_MG_RA_CPH_Sewage_735,Denmark,Copenhagen,55.6085,12.4505,Rensningsanlaeg Avedoere,81
1007271_2,Copenaghen_RA,Tolumonas,0.007705221,2020-08-19 00:00:00,DTU_2020_1007271_2_MG_RA_CPH_Sewage_735,Denmark,Copenhagen,55.6085,12.4505,Rensningsanlaeg Avedoere,81
1007271_2,Copenaghen_RA,Trichococcus,0.009727545,2020-08-19 00:00:00,DTU_2020_1007271_2_MG_RA_CPH_Sewage_735,Denmark,Copenhagen,55.6085,12.4505,Rensningsanlaeg Avedoere,81
1007271_2,Copenaghen_RA,UBA1413,2.80616e-06,2020-08-19 00:00:00,DTU_2020_1007271_2_MG_RA_CPH_Sewage_735,Denmark,Copenhagen,55.6085,12.4505,Rensningsanlaeg Avedoere,81
1007271_2,Copenaghen_RA,merged,0.395910141,2020-08-19 00:00:00,DTU_2020_1007271_2_MG_RA_CPH_Sewage_735,Denmark,Copenhagen,55.6085,12.4505,Rensningsanlaeg Avedoere,81
1007270_2,Copenaghen_RL,Acidovorax,0.135507258,2020-08-19 00:00:00,DTU_2020_1007270_2_MG_RL_CPH_Sewage_734,Denmark,Copenhagen,55.6956,12.6139,Rensningsanlaeg Lynetten,81
1007270_2,Copenaghen_RL,Acinetobacter,0.033068757,2020-08-19 00:00:00,DTU_2020_1007270_2_MG_RL_CPH_Sewage_734,Denmark,Copenhagen,55.6956,12.6139,Rensningsanlaeg Lynetten,81
1007270_2,Copenaghen_RL,Aeromonas,0.025341009,2020-08-19 00:00:00,DTU_2020_1007270_2_MG_RL_CPH_Sewage_734,Denmark,Copenhagen,55.6956,12.6139,Rensningsanlaeg Lynetten,81
1007270_2,Copenaghen_RL,Aliarcobacter,0.063206625,2020-08-19 00:00:00,DTU_2020_1007270_2_MG_RL_CPH_Sewage_734,Denmark,Copenhagen,55.6956,12.6139,Rensningsanlaeg Lynetten,81
1007270_2,Copenaghen_RL,Aquabacterium_A,0.000189925,2020-08-19 00:00:00,DTU_2020_1007270_2_MG_RL_CPH_Sewage_734,Denmark,Copenhagen,55.6956,12.6139,Rensningsanlaeg Lynetten,81
1007270_2,Copenaghen_RL,Bacteroides,0.010397099,2020-08-19 00:00:00,DTU_2020_1007270_2_MG_RL_CPH_Sewage_734,Denmark,Copenhagen,55.6956,12.6139,Rensningsanlaeg Lynetten,81
1007270_2,Copenaghen_RL,Brachymonas,0.029064769,2020-08-19 00:00:00,DTU_2020_1007270_2_MG_RL_CPH_Sewage_734,Denmark,Copenhagen,55.6956,12.6139,Rensningsanlaeg Lynetten,81
1007270_2,Copenaghen_RL,Brevefilum,1.10489e-05,2020-08-19 00:00:00,DTU_2020_1007270_2_MG_RL_CPH_Sewage_734,Denmark,Copenhagen,55.6956,12.6139,Rensningsanlaeg Lynetten,81
1007270_2,Copenaghen_RL,Brevundimonas,0.000434697,2020-08-19 00:00:00,DTU_2020_1007270_2_MG_RL_CPH_Sewage_734,Denmark,Copenhagen,55.6956,12.6139,Rensningsanlaeg Lynetten,81
1007270_2,Copenaghen_RL,Cloacibacterium,0.069733925,2020-08-19 00:00:00,DTU_2020_1007270_2_MG_RL_CPH_Sewage_734,Denmark,Copenhagen,55.6956,12.6139,Rensningsanlaeg Lynetten,81
1007270_2,Copenaghen_RL,Comamonas,0.045046606,2020-08-19 00:00:00,DTU_2020_1007270_2_MG_RL_CPH_Sewage_734,Denmark,Copenhagen,55.6956,12.6139,Rensningsanlaeg Lynetten,81
1007270_2,Copenaghen_RL,Competibacter_A,4.36566e-05,2020-08-19 00:00:00,DTU_2020_1007270_2_MG_RL_CPH_Sewage_734,Denmark,Copenhagen,55.6956,12.6139,Rensningsanlaeg Lynetten,81
1007270_2,Copenaghen_RL,Enterobacter,0.001549685,2020-08-19 00:00:00,DTU_2020_1007270_2_MG_RL_CPH_Sewage_734,Denmark,Copenhagen,55.6956,12.6139,Rensningsanlaeg Lynetten,81
1007270_2,Copenaghen_RL,Fermentibacter,1.13237e-05,2020-08-19 00:00:00,DTU_2020_1007270_2_MG_RL_CPH_Sewage_734,Denmark,Copenhagen,55.6956,12.6139,Rensningsanlaeg Lynetten,81
1007270_2,Copenaghen_RL,Flavobacterium,0.004747302,2020-08-19 00:00:00,DTU_2020_1007270_2_MG_RL_CPH_Sewage_734,Denmark,Copenhagen,55.6956,12.6139,Rensningsanlaeg Lynetten,81
1007270_2,Copenaghen_RL,Giesbergeria,0.009554277,2020-08-19 00:00:00,DTU_2020_1007270_2_MG_RL_CPH_Sewage_734,Denmark,Copenhagen,55.6956,12.6139,Rensningsanlaeg Lynetten,81
1007270_2,Copenaghen_RL,Hydrogenophaga,0.000775296,2020-08-19 00:00:00,DTU_2020_1007270_2_MG_RL_CPH_Sewage_734,Denmark,Copenhagen,55.6956,12.6139,Rensningsanlaeg Lynetten,81
1007270_2,Copenaghen_RL,JAGOYM01,0.007135128,2020-08-19 00:00:00,DTU_2020_1007270_2_MG_RL_CPH_Sewage_734,Denmark,Copenhagen,55.6956,12.6139,Rensningsanlaeg Lynetten,81
1007270_2,Copenaghen_RL,Janthinobacterium,0.00048733,2020-08-19 00:00:00,DTU_2020_1007270_2_MG_RL_CPH_Sewage_734,Denmark,Copenhagen,55.6956,12.6139,Rensningsanlaeg Lynetten,81
1007270_2,Copenaghen_RL,Kaistella,0.002793737,2020-08-19 00:00:00,DTU_2020_1007270_2_MG_RL_CPH_Sewage_734,Denmark,Copenhagen,55.6956,12.6139,Rensningsanlaeg Lynetten,81
1007270_2,Copenaghen_RL,Lactococcus_A,0.002075483,2020-08-19 00:00:00,DTU_2020_1007270_2_MG_RL_CPH_Sewage_734,Denmark,Copenhagen,55.6956,12.6139,Rensningsanlaeg Lynetten,81
1007270_2,Copenaghen_RL,Lenti-01,0.000324057,2020-08-19 00:00:00,DTU_2020_1007270_2_MG_RL_CPH_Sewage_734,Denmark,Copenhagen,55.6956,12.6139,Rensningsanlaeg Lynetten,81
1007270_2,Copenaghen_RL,Microthrix,2.59289e-05,2020-08-19 00:00:00,DTU_2020_1007270_2_MG_RL_CPH_Sewage_734,Denmark,Copenhagen,55.6956,12.6139,Rensningsanlaeg Lynetten,81
1007270_2,Copenaghen_RL,Moraxella_A,0.001940951,2020-08-19 00:00:00,DTU_2020_1007270_2_MG_RL_CPH_Sewage_734,Denmark,Copenhagen,55.6956,12.6139,Rensningsanlaeg Lynetten,81
1007270_2,Copenaghen_RL,Neisseria,0.019790632,2020-08-19 00:00:00,DTU_2020_1007270_2_MG_RL_CPH_Sewage_734,Denmark,Copenhagen,55.6956,12.6139,Rensningsanlaeg Lynetten,81
1007270_2,Copenaghen_RL,Novosphingobium,0.000412954,2020-08-19 00:00:00,DTU_2020_1007270_2_MG_RL_CPH_Sewage_734,Denmark,Copenhagen,55.6956,12.6139,Rensningsanlaeg Lynetten,81
1007270_2,Copenaghen_RL,Ottowia,0.01254396,2020-08-19 00:00:00,DTU_2020_1007270_2_MG_RL_CPH_Sewage_734,Denmark,Copenhagen,55.6956,12.6139,Rensningsanlaeg Lynetten,81
1007270_2,Copenaghen_RL,Paracoccus,0.0008548,2020-08-19 00:00:00,DTU_2020_1007270_2_MG_RL_CPH_Sewage_734,Denmark,Copenhagen,55.6956,12.6139,Rensningsanlaeg Lynetten,81
1007270_2,Copenaghen_RL,Phocaeicola,0.006931396,2020-08-19 00:00:00,DTU_2020_1007270_2_MG_RL_CPH_Sewage_734,Denmark,Copenhagen,55.6956,12.6139,Rensningsanlaeg Lynetten,81
1007270_2,Copenaghen_RL,Prevotella,0.009424105,2020-08-19 00:00:00,DTU_2020_1007270_2_MG_RL_CPH_Sewage_734,Denmark,Copenhagen,55.6956,12.6139,Rensningsanlaeg Lynetten,81
1007270_2,Copenaghen_RL,Propionivibrio,0.013196052,2020-08-19 00:00:00,DTU_2020_1007270_2_MG_RL_CPH_Sewage_734,Denmark,Copenhagen,55.6956,12.6139,Rensningsanlaeg Lynetten,81
1007270_2,Copenaghen_RL,Pseudomonas_E,0.012530049,2020-08-19 00:00:00,DTU_2020_1007270_2_MG_RL_CPH_Sewage_734,Denmark,Copenhagen,55.6956,12.6139,Rensningsanlaeg Lynetten,81
1007270_2,Copenaghen_RL,Pseudoxanthomonas,0.008868675,2020-08-19 00:00:00,DTU_2020_1007270_2_MG_RL_CPH_Sewage_734,Denmark,Copenhagen,55.6956,12.6139,Rensningsanlaeg Lynetten,81
1007270_2,Copenaghen_RL,Pseudoxanthomonas_A,0.006603965,2020-08-19 00:00:00,DTU_2020_1007270_2_MG_RL_CPH_Sewage_734,Denmark,Copenhagen,55.6956,12.6139,Rensningsanlaeg Lynetten,81
1007270_2,Copenaghen_RL,Psychrobacter,0.003402129,2020-08-19 00:00:00,DTU_2020_1007270_2_MG_RL_CPH_Sewage_734,Denmark,Copenhagen,55.6956,12.6139,Rensningsanlaeg Lynetten,81
1007270_2,Copenaghen_RL,Rubrivivax,0.00020679,2020-08-19 00:00:00,DTU_2020_1007270_2_MG_RL_CPH_Sewage_734,Denmark,Copenhagen,55.6956,12.6139,Rensningsanlaeg Lynetten,81
1007270_2,Copenaghen_RL,Streptococcus,0.015221172,2020-08-19 00:00:00,DTU_2020_1007270_2_MG_RL_CPH_Sewage_734,Denmark,Copenhagen,55.6956,12.6139,Rensningsanlaeg Lynetten,81
1007270_2,Copenaghen_RL,Telluria,0.000636267,2020-08-19 00:00:00,DTU_2020_1007270_2_MG_RL_CPH_Sewage_734,Denmark,Copenhagen,55.6956,12.6139,Rensningsanlaeg Lynetten,81
1007270_2,Copenaghen_RL,Thauera,0.021490864,2020-08-19 00:00:00,DTU_2020_1007270_2_MG_RL_CPH_Sewage_734,Denmark,Copenhagen,55.6956,12.6139,Rensningsanlaeg Lynetten,81
1007270_2,Copenaghen_RL,Thermomonas,0.006604579,2020-08-19 00:00:00,DTU_2020_1007270_2_MG_RL_CPH_Sewage_734,Denmark,Copenhagen,55.6956,12.6139,Rensningsanlaeg Lynetten,81
1007270_2,Copenaghen_RL,Thiothrix,0.000523873,2020-08-19 00:00:00,DTU_2020_1007270_2_MG_RL_CPH_Sewage_734,Denmark,Copenhagen,55.6956,12.6139,Rensningsanlaeg Lynetten,81
1007270_2,Copenaghen_RL,Tolumonas,0.008676242,2020-08-19 00:00:00,DTU_2020_1007270_2_MG_RL_CPH_Sewage_734,Denmark,Copenhagen,55.6956,12.6139,Rensningsanlaeg Lynetten,81
1007270_2,Copenaghen_RL,Trichococcus,0.005062872,2020-08-19 00:00:00,DTU_2020_1007270_2_MG_RL_CPH_Sewage_734,Denmark,Copenhagen,55.6956,12.6139,Rensningsanlaeg Lynetten,81
1007270_2,Copenaghen_RL,UBA1413,1.4113e-06,2020-08-19 00:00:00,DTU_2020_1007270_2_MG_RL_CPH_Sewage_734,Denmark,Copenhagen,55.6956,12.6139,Rensningsanlaeg Lynetten,81
1007270_2,Copenaghen_RL,merged,0.403551336,2020-08-19 00:00:00,DTU_2020_1007270_2_MG_RL_CPH_Sewage_734,Denmark,Copenhagen,55.6956,12.6139,Rensningsanlaeg Lynetten,81
1007273_2,Copenaghen_RA,Acidovorax,0.181764936,2020-08-27 00:00:00,DTU_2020_1007273_2_MG_RA_CPH_Sewage_741,Denmark,Copenhagen,55.6085,12.4505,Rensningsanlaeg Avedoere,82
1007273_2,Copenaghen_RA,Acinetobacter,0.046663301,2020-08-27 00:00:00,DTU_2020_1007273_2_MG_RA_CPH_Sewage_741,Denmark,Copenhagen,55.6085,12.4505,Rensningsanlaeg Avedoere,82
1007273_2,Copenaghen_RA,Aeromonas,0.015432623,2020-08-27 00:00:00,DTU_2020_1007273_2_MG_RA_CPH_Sewage_741,Denmark,Copenhagen,55.6085,12.4505,Rensningsanlaeg Avedoere,82
1007273_2,Copenaghen_RA,Aliarcobacter,0.05826527,2020-08-27 00:00:00,DTU_2020_1007273_2_MG_RA_CPH_Sewage_741,Denmark,Copenhagen,55.6085,12.4505,Rensningsanlaeg Avedoere,82
1007273_2,Copenaghen_RA,Aquabacterium_A,0.000211356,2020-08-27 00:00:00,DTU_2020_1007273_2_MG_RA_CPH_Sewage_741,Denmark,Copenhagen,55.6085,12.4505,Rensningsanlaeg Avedoere,82
1007273_2,Copenaghen_RA,Bacteroides,0.004581781,2020-08-27 00:00:00,DTU_2020_1007273_2_MG_RA_CPH_Sewage_741,Denmark,Copenhagen,55.6085,12.4505,Rensningsanlaeg Avedoere,82
1007273_2,Copenaghen_RA,Brachymonas,0.028240764,2020-08-27 00:00:00,DTU_2020_1007273_2_MG_RA_CPH_Sewage_741,Denmark,Copenhagen,55.6085,12.4505,Rensningsanlaeg Avedoere,82
1007273_2,Copenaghen_RA,Brevefilum,8.33411e-06,2020-08-27 00:00:00,DTU_2020_1007273_2_MG_RA_CPH_Sewage_741,Denmark,Copenhagen,55.6085,12.4505,Rensningsanlaeg Avedoere,82
1007273_2,Copenaghen_RA,Brevundimonas,0.001464194,2020-08-27 00:00:00,DTU_2020_1007273_2_MG_RA_CPH_Sewage_741,Denmark,Copenhagen,55.6085,12.4505,Rensningsanlaeg Avedoere,82
1007273_2,Copenaghen_RA,Cloacibacterium,0.029490251,2020-08-27 00:00:00,DTU_2020_1007273_2_MG_RA_CPH_Sewage_741,Denmark,Copenhagen,55.6085,12.4505,Rensningsanlaeg Avedoere,82
1007273_2,Copenaghen_RA,Comamonas,0.060358067,2020-08-27 00:00:00,DTU_2020_1007273_2_MG_RA_CPH_Sewage_741,Denmark,Copenhagen,55.6085,12.4505,Rensningsanlaeg Avedoere,82
1007273_2,Copenaghen_RA,Competibacter_A,3.13556e-05,2020-08-27 00:00:00,DTU_2020_1007273_2_MG_RA_CPH_Sewage_741,Denmark,Copenhagen,55.6085,12.4505,Rensningsanlaeg Avedoere,82
1007273_2,Copenaghen_RA,Enterobacter,0.000877281,2020-08-27 00:00:00,DTU_2020_1007273_2_MG_RA_CPH_Sewage_741,Denmark,Copenhagen,55.6085,12.4505,Rensningsanlaeg Avedoere,82
1007273_2,Copenaghen_RA,Fermentibacter,1.60998e-05,2020-08-27 00:00:00,DTU_2020_1007273_2_MG_RA_CPH_Sewage_741,Denmark,Copenhagen,55.6085,12.4505,Rensningsanlaeg Avedoere,82
1007273_2,Copenaghen_RA,Flavobacterium,0.013244293,2020-08-27 00:00:00,DTU_2020_1007273_2_MG_RA_CPH_Sewage_741,Denmark,Copenhagen,55.6085,12.4505,Rensningsanlaeg Avedoere,82
1007273_2,Copenaghen_RA,Giesbergeria,0.009980611,2020-08-27 00:00:00,DTU_2020_1007273_2_MG_RA_CPH_Sewage_741,Denmark,Copenhagen,55.6085,12.4505,Rensningsanlaeg Avedoere,82
1007273_2,Copenaghen_RA,Hydrogenophaga,0.001446027,2020-08-27 00:00:00,DTU_2020_1007273_2_MG_RA_CPH_Sewage_741,Denmark,Copenhagen,55.6085,12.4505,Rensningsanlaeg Avedoere,82
1007273_2,Copenaghen_RA,JAGOYM01,0.013259566,2020-08-27 00:00:00,DTU_2020_1007273_2_MG_RA_CPH_Sewage_741,Denmark,Copenhagen,55.6085,12.4505,Rensningsanlaeg Avedoere,82
1007273_2,Copenaghen_RA,Janthinobacterium,0.000825759,2020-08-27 00:00:00,DTU_2020_1007273_2_MG_RA_CPH_Sewage_741,Denmark,Copenhagen,55.6085,12.4505,Rensningsanlaeg Avedoere,82
1007273_2,Copenaghen_RA,Kaistella,0.003081638,2020-08-27 00:00:00,DTU_2020_1007273_2_MG_RA_CPH_Sewage_741,Denmark,Copenhagen,55.6085,12.4505,Rensningsanlaeg Avedoere,82
1007273_2,Copenaghen_RA,Lactococcus_A,0.00897138,2020-08-27 00:00:00,DTU_2020_1007273_2_MG_RA_CPH_Sewage_741,Denmark,Copenhagen,55.6085,12.4505,Rensningsanlaeg Avedoere,82
1007273_2,Copenaghen_RA,Lenti-01,0.000315334,2020-08-27 00:00:00,DTU_2020_1007273_2_MG_RA_CPH_Sewage_741,Denmark,Copenhagen,55.6085,12.4505,Rensningsanlaeg Avedoere,82
1007273_2,Copenaghen_RA,Microthrix,2.06497e-05,2020-08-27 00:00:00,DTU_2020_1007273_2_MG_RA_CPH_Sewage_741,Denmark,Copenhagen,55.6085,12.4505,Rensningsanlaeg Avedoere,82
1007273_2,Copenaghen_RA,Moraxella_A,0.004514645,2020-08-27 00:00:00,DTU_2020_1007273_2_MG_RA_CPH_Sewage_741,Denmark,Copenhagen,55.6085,12.4505,Rensningsanlaeg Avedoere,82
1007273_2,Copenaghen_RA,Neisseria,0.016512776,2020-08-27 00:00:00,DTU_2020_1007273_2_MG_RA_CPH_Sewage_741,Denmark,Copenhagen,55.6085,12.4505,Rensningsanlaeg Avedoere,82
1007273_2,Copenaghen_RA,Novosphingobium,0.000342335,2020-08-27 00:00:00,DTU_2020_1007273_2_MG_RA_CPH_Sewage_741,Denmark,Copenhagen,55.6085,12.4505,Rensningsanlaeg Avedoere,82
1007273_2,Copenaghen_RA,Ottowia,0.014664912,2020-08-27 00:00:00,DTU_2020_1007273_2_MG_RA_CPH_Sewage_741,Denmark,Copenhagen,55.6085,12.4505,Rensningsanlaeg Avedoere,82
1007273_2,Copenaghen_RA,Paracoccus,0.000824895,2020-08-27 00:00:00,DTU_2020_1007273_2_MG_RA_CPH_Sewage_741,Denmark,Copenhagen,55.6085,12.4505,Rensningsanlaeg Avedoere,82
1007273_2,Copenaghen_RA,Phocaeicola,0.007061384,2020-08-27 00:00:00,DTU_2020_1007273_2_MG_RA_CPH_Sewage_741,Denmark,Copenhagen,55.6085,12.4505,Rensningsanlaeg Avedoere,82
1007273_2,Copenaghen_RA,Prevotella,0.009156249,2020-08-27 00:00:00,DTU_2020_1007273_2_MG_RA_CPH_Sewage_741,Denmark,Copenhagen,55.6085,12.4505,Rensningsanlaeg Avedoere,82
1007273_2,Copenaghen_RA,Propionivibrio,0.0141351,2020-08-27 00:00:00,DTU_2020_1007273_2_MG_RA_CPH_Sewage_741,Denmark,Copenhagen,55.6085,12.4505,Rensningsanlaeg Avedoere,82
1007273_2,Copenaghen_RA,Pseudomonas_E,0.015083604,2020-08-27 00:00:00,DTU_2020_1007273_2_MG_RA_CPH_Sewage_741,Denmark,Copenhagen,55.6085,12.4505,Rensningsanlaeg Avedoere,82
1007273_2,Copenaghen_RA,Pseudoxanthomonas,0.004385577,2020-08-27 00:00:00,DTU_2020_1007273_2_MG_RA_CPH_Sewage_741,Denmark,Copenhagen,55.6085,12.4505,Rensningsanlaeg Avedoere,82
1007273_2,Copenaghen_RA,Pseudoxanthomonas_A,0.00425934,2020-08-27 00:00:00,DTU_2020_1007273_2_MG_RA_CPH_Sewage_741,Denmark,Copenhagen,55.6085,12.4505,Rensningsanlaeg Avedoere,82
1007273_2,Copenaghen_RA,Psychrobacter,0.003223097,2020-08-27 00:00:00,DTU_2020_1007273_2_MG_RA_CPH_Sewage_741,Denmark,Copenhagen,55.6085,12.4505,Rensningsanlaeg Avedoere,82
1007273_2,Copenaghen_RA,Rubrivivax,0.000238536,2020-08-27 00:00:00,DTU_2020_1007273_2_MG_RA_CPH_Sewage_741,Denmark,Copenhagen,55.6085,12.4505,Rensningsanlaeg Avedoere,82
1007273_2,Copenaghen_RA,Streptococcus,0.022424539,2020-08-27 00:00:00,DTU_2020_1007273_2_MG_RA_CPH_Sewage_741,Denmark,Copenhagen,55.6085,12.4505,Rensningsanlaeg Avedoere,82
1007273_2,Copenaghen_RA,Telluria,0.000401566,2020-08-27 00:00:00,DTU_2020_1007273_2_MG_RA_CPH_Sewage_741,Denmark,Copenhagen,55.6085,12.4505,Rensningsanlaeg Avedoere,82
1007273_2,Copenaghen_RA,Thauera,0.035342252,2020-08-27 00:00:00,DTU_2020_1007273_2_MG_RA_CPH_Sewage_741,Denmark,Copenhagen,55.6085,12.4505,Rensningsanlaeg Avedoere,82
1007273_2,Copenaghen_RA,Thermomonas,0.004215952,2020-08-27 00:00:00,DTU_2020_1007273_2_MG_RA_CPH_Sewage_741,Denmark,Copenhagen,55.6085,12.4505,Rensningsanlaeg Avedoere,82
1007273_2,Copenaghen_RA,Thiothrix,0.001211466,2020-08-27 00:00:00,DTU_2020_1007273_2_MG_RA_CPH_Sewage_741,Denmark,Copenhagen,55.6085,12.4505,Rensningsanlaeg Avedoere,82
1007273_2,Copenaghen_RA,Tolumonas,0.00743141,2020-08-27 00:00:00,DTU_2020_1007273_2_MG_RA_CPH_Sewage_741,Denmark,Copenhagen,55.6085,12.4505,Rensningsanlaeg Avedoere,82
1007273_2,Copenaghen_RA,Trichococcus,0.004463343,2020-08-27 00:00:00,DTU_2020_1007273_2_MG_RA_CPH_Sewage_741,Denmark,Copenhagen,55.6085,12.4505,Rensningsanlaeg Avedoere,82
1007273_2,Copenaghen_RA,UBA1413,5.21843e-06,2020-08-27 00:00:00,DTU_2020_1007273_2_MG_RA_CPH_Sewage_741,Denmark,Copenhagen,55.6085,12.4505,Rensningsanlaeg Avedoere,82
1007273_2,Copenaghen_RA,merged,0.351550932,2020-08-27 00:00:00,DTU_2020_1007273_2_MG_RA_CPH_Sewage_741,Denmark,Copenhagen,55.6085,12.4505,Rensningsanlaeg Avedoere,82
1007274_1,Copenaghen_RD,Acidovorax,0.183810658,2020-08-27 00:00:00,DTU_2020_1007274_1_MG_RD_CPH_Sewage_742,Denmark,Copenhagen,55.6405,12.5058,Rensningsanlaeg Damhusaaen,82
1007274_1,Copenaghen_RD,Acinetobacter,0.129619362,2020-08-27 00:00:00,DTU_2020_1007274_1_MG_RD_CPH_Sewage_742,Denmark,Copenhagen,55.6405,12.5058,Rensningsanlaeg Damhusaaen,82
1007274_1,Copenaghen_RD,Aeromonas,0.011765942,2020-08-27 00:00:00,DTU_2020_1007274_1_MG_RD_CPH_Sewage_742,Denmark,Copenhagen,55.6405,12.5058,Rensningsanlaeg Damhusaaen,82
1007274_1,Copenaghen_RD,Aliarcobacter,0.027668678,2020-08-27 00:00:00,DTU_2020_1007274_1_MG_RD_CPH_Sewage_742,Denmark,Copenhagen,55.6405,12.5058,Rensningsanlaeg Damhusaaen,82
1007274_1,Copenaghen_RD,Aquabacterium_A,0.000303806,2020-08-27 00:00:00,DTU_2020_1007274_1_MG_RD_CPH_Sewage_742,Denmark,Copenhagen,55.6405,12.5058,Rensningsanlaeg Damhusaaen,82
1007274_1,Copenaghen_RD,Bacteroides,0.011307744,2020-08-27 00:00:00,DTU_2020_1007274_1_MG_RD_CPH_Sewage_742,Denmark,Copenhagen,55.6405,12.5058,Rensningsanlaeg Damhusaaen,82
1007274_1,Copenaghen_RD,Brachymonas,0.015941264,2020-08-27 00:00:00,DTU_2020_1007274_1_MG_RD_CPH_Sewage_742,Denmark,Copenhagen,55.6405,12.5058,Rensningsanlaeg Damhusaaen,82
1007274_1,Copenaghen_RD,Brevefilum,1.01092e-05,2020-08-27 00:00:00,DTU_2020_1007274_1_MG_RD_CPH_Sewage_742,Denmark,Copenhagen,55.6405,12.5058,Rensningsanlaeg Damhusaaen,82
1007274_1,Copenaghen_RD,Brevundimonas,0.000756697,2020-08-27 00:00:00,DTU_2020_1007274_1_MG_RD_CPH_Sewage_742,Denmark,Copenhagen,55.6405,12.5058,Rensningsanlaeg Damhusaaen,82
1007274_1,Copenaghen_RD,Cloacibacterium,0.024226042,2020-08-27 00:00:00,DTU_2020_1007274_1_MG_RD_CPH_Sewage_742,Denmark,Copenhagen,55.6405,12.5058,Rensningsanlaeg Damhusaaen,82
1007274_1,Copenaghen_RD,Comamonas,0.022211617,2020-08-27 00:00:00,DTU_2020_1007274_1_MG_RD_CPH_Sewage_742,Denmark,Copenhagen,55.6405,12.5058,Rensningsanlaeg Damhusaaen,82
1007274_1,Copenaghen_RD,Competibacter_A,6.27492e-05,2020-08-27 00:00:00,DTU_2020_1007274_1_MG_RD_CPH_Sewage_742,Denmark,Copenhagen,55.6405,12.5058,Rensningsanlaeg Damhusaaen,82
1007274_1,Copenaghen_RD,Enterobacter,0.000418372,2020-08-27 00:00:00,DTU_2020_1007274_1_MG_RD_CPH_Sewage_742,Denmark,Copenhagen,55.6405,12.5058,Rensningsanlaeg Damhusaaen,82
1007274_1,Copenaghen_RD,Fermentibacter,8.20148e-06,2020-08-27 00:00:00,DTU_2020_1007274_1_MG_RD_CPH_Sewage_742,Denmark,Copenhagen,55.6405,12.5058,Rensningsanlaeg Damhusaaen,82
1007274_1,Copenaghen_RD,Flavobacterium,0.012665551,2020-08-27 00:00:00,DTU_2020_1007274_1_MG_RD_CPH_Sewage_742,Denmark,Copenhagen,55.6405,12.5058,Rensningsanlaeg Damhusaaen,82
1007274_1,Copenaghen_RD,Giesbergeria,0.012265567,2020-08-27 00:00:00,DTU_2020_1007274_1_MG_RD_CPH_Sewage_742,Denmark,Copenhagen,55.6405,12.5058,Rensningsanlaeg Damhusaaen,82
1007274_1,Copenaghen_RD,Hydrogenophaga,0.000773739,2020-08-27 00:00:00,DTU_2020_1007274_1_MG_RD_CPH_Sewage_742,Denmark,Copenhagen,55.6405,12.5058,Rensningsanlaeg Damhusaaen,82
1007274_1,Copenaghen_RD,JAGOYM01,0.003441246,2020-08-27 00:00:00,DTU_2020_1007274_1_MG_RD_CPH_Sewage_742,Denmark,Copenhagen,55.6405,12.5058,Rensningsanlaeg Damhusaaen,82
1007274_1,Copenaghen_RD,Janthinobacterium,0.000713423,2020-08-27 00:00:00,DTU_2020_1007274_1_MG_RD_CPH_Sewage_742,Denmark,Copenhagen,55.6405,12.5058,Rensningsanlaeg Damhusaaen,82
1007274_1,Copenaghen_RD,Kaistella,0.006771462,2020-08-27 00:00:00,DTU_2020_1007274_1_MG_RD_CPH_Sewage_742,Denmark,Copenhagen,55.6405,12.5058,Rensningsanlaeg Damhusaaen,82
1007274_1,Copenaghen_RD,Lactococcus_A,0.003002359,2020-08-27 00:00:00,DTU_2020_1007274_1_MG_RD_CPH_Sewage_742,Denmark,Copenhagen,55.6405,12.5058,Rensningsanlaeg Damhusaaen,82
1007274_1,Copenaghen_RD,Lenti-01,0.000184581,2020-08-27 00:00:00,DTU_2020_1007274_1_MG_RD_CPH_Sewage_742,Denmark,Copenhagen,55.6405,12.5058,Rensningsanlaeg Damhusaaen,82
1007274_1,Copenaghen_RD,Microthrix,5.61059e-05,2020-08-27 00:00:00,DTU_2020_1007274_1_MG_RD_CPH_Sewage_742,Denmark,Copenhagen,55.6405,12.5058,Rensningsanlaeg Damhusaaen,82
1007274_1,Copenaghen_RD,Moraxella_A,0.004255535,2020-08-27 00:00:00,DTU_2020_1007274_1_MG_RD_CPH_Sewage_742,Denmark,Copenhagen,55.6405,12.5058,Rensningsanlaeg Damhusaaen,82
1007274_1,Copenaghen_RD,Neisseria,0.00680121,2020-08-27 00:00:00,DTU_2020_1007274_1_MG_RD_CPH_Sewage_742,Denmark,Copenhagen,55.6405,12.5058,Rensningsanlaeg Damhusaaen,82
1007274_1,Copenaghen_RD,Novosphingobium,0.000397513,2020-08-27 00:00:00,DTU_2020_1007274_1_MG_RD_CPH_Sewage_742,Denmark,Copenhagen,55.6405,12.5058,Rensningsanlaeg Damhusaaen,82
1007274_1,Copenaghen_RD,Ottowia,0.020108411,2020-08-27 00:00:00,DTU_2020_1007274_1_MG_RD_CPH_Sewage_742,Denmark,Copenhagen,55.6405,12.5058,Rensningsanlaeg Damhusaaen,82
1007274_1,Copenaghen_RD,Paracoccus,0.001024675,2020-08-27 00:00:00,DTU_2020_1007274_1_MG_RD_CPH_Sewage_742,Denmark,Copenhagen,55.6405,12.5058,Rensningsanlaeg Damhusaaen,82
1007274_1,Copenaghen_RD,Phocaeicola,0.011066839,2020-08-27 00:00:00,DTU_2020_1007274_1_MG_RD_CPH_Sewage_742,Denmark,Copenhagen,55.6405,12.5058,Rensningsanlaeg Damhusaaen,82
1007274_1,Copenaghen_RD,Prevotella,0.025307721,2020-08-27 00:00:00,DTU_2020_1007274_1_MG_RD_CPH_Sewage_742,Denmark,Copenhagen,55.6405,12.5058,Rensningsanlaeg Damhusaaen,82
1007274_1,Copenaghen_RD,Propionivibrio,0.009770339,2020-08-27 00:00:00,DTU_2020_1007274_1_MG_RD_CPH_Sewage_742,Denmark,Copenhagen,55.6405,12.5058,Rensningsanlaeg Damhusaaen,82
1007274_1,Copenaghen_RD,Pseudomonas_E,0.009270831,2020-08-27 00:00:00,DTU_2020_1007274_1_MG_RD_CPH_Sewage_742,Denmark,Copenhagen,55.6405,12.5058,Rensningsanlaeg Damhusaaen,82
1007274_1,Copenaghen_RD,Pseudoxanthomonas,0.003689361,2020-08-27 00:00:00,DTU_2020_1007274_1_MG_RD_CPH_Sewage_742,Denmark,Copenhagen,55.6405,12.5058,Rensningsanlaeg Damhusaaen,82
1007274_1,Copenaghen_RD,Pseudoxanthomonas_A,0.005338254,2020-08-27 00:00:00,DTU_2020_1007274_1_MG_RD_CPH_Sewage_742,Denmark,Copenhagen,55.6405,12.5058,Rensningsanlaeg Damhusaaen,82
1007274_1,Copenaghen_RD,Psychrobacter,0.007755275,2020-08-27 00:00:00,DTU_2020_1007274_1_MG_RD_CPH_Sewage_742,Denmark,Copenhagen,55.6405,12.5058,Rensningsanlaeg Damhusaaen,82
1007274_1,Copenaghen_RD,Rubrivivax,0.000200855,2020-08-27 00:00:00,DTU_2020_1007274_1_MG_RD_CPH_Sewage_742,Denmark,Copenhagen,55.6405,12.5058,Rensningsanlaeg Damhusaaen,82
1007274_1,Copenaghen_RD,Streptococcus,0.020852802,2020-08-27 00:00:00,DTU_2020_1007274_1_MG_RD_CPH_Sewage_742,Denmark,Copenhagen,55.6405,12.5058,Rensningsanlaeg Damhusaaen,82
1007274_1,Copenaghen_RD,Telluria,0.000507663,2020-08-27 00:00:00,DTU_2020_1007274_1_MG_RD_CPH_Sewage_742,Denmark,Copenhagen,55.6405,12.5058,Rensningsanlaeg Damhusaaen,82
1007274_1,Copenaghen_RD,Thauera,0.013443181,2020-08-27 00:00:00,DTU_2020_1007274_1_MG_RD_CPH_Sewage_742,Denmark,Copenhagen,55.6405,12.5058,Rensningsanlaeg Damhusaaen,82
1007274_1,Copenaghen_RD,Thermomonas,0.006244868,2020-08-27 00:00:00,DTU_2020_1007274_1_MG_RD_CPH_Sewage_742,Denmark,Copenhagen,55.6405,12.5058,Rensningsanlaeg Damhusaaen,82
1007274_1,Copenaghen_RD,Thiothrix,0.000789216,2020-08-27 00:00:00,DTU_2020_1007274_1_MG_RD_CPH_Sewage_742,Denmark,Copenhagen,55.6405,12.5058,Rensningsanlaeg Damhusaaen,82
1007274_1,Copenaghen_RD,Tolumonas,0.002843346,2020-08-27 00:00:00,DTU_2020_1007274_1_MG_RD_CPH_Sewage_742,Denmark,Copenhagen,55.6405,12.5058,Rensningsanlaeg Damhusaaen,82
1007274_1,Copenaghen_RD,Trichococcus,0.009603297,2020-08-27 00:00:00,DTU_2020_1007274_1_MG_RD_CPH_Sewage_742,Denmark,Copenhagen,55.6405,12.5058,Rensningsanlaeg Damhusaaen,82
1007274_1,Copenaghen_RD,UBA1413,1.38721e-05,2020-08-27 00:00:00,DTU_2020_1007274_1_MG_RD_CPH_Sewage_742,Denmark,Copenhagen,55.6405,12.5058,Rensningsanlaeg Damhusaaen,82
1007274_1,Copenaghen_RD,merged,0.372729661,2020-08-27 00:00:00,DTU_2020_1007274_1_MG_RD_CPH_Sewage_742,Denmark,Copenhagen,55.6405,12.5058,Rensningsanlaeg Damhusaaen,82
1007272_2,Copenaghen_RL,Acidovorax,0.126378618,2020-08-27 00:00:00,DTU_2020_1007272_2_MG_RL_CPH_Sewage_740,Denmark,Copenhagen,55.6956,12.6139,Rensningsanlaeg Lynetten,82
1007272_2,Copenaghen_RL,Acinetobacter,0.051301898,2020-08-27 00:00:00,DTU_2020_1007272_2_MG_RL_CPH_Sewage_740,Denmark,Copenhagen,55.6956,12.6139,Rensningsanlaeg Lynetten,82
1007272_2,Copenaghen_RL,Aeromonas,0.005809655,2020-08-27 00:00:00,DTU_2020_1007272_2_MG_RL_CPH_Sewage_740,Denmark,Copenhagen,55.6956,12.6139,Rensningsanlaeg Lynetten,82
1007272_2,Copenaghen_RL,Aliarcobacter,0.023907165,2020-08-27 00:00:00,DTU_2020_1007272_2_MG_RL_CPH_Sewage_740,Denmark,Copenhagen,55.6956,12.6139,Rensningsanlaeg Lynetten,82
1007272_2,Copenaghen_RL,Aquabacterium_A,0.000375567,2020-08-27 00:00:00,DTU_2020_1007272_2_MG_RL_CPH_Sewage_740,Denmark,Copenhagen,55.6956,12.6139,Rensningsanlaeg Lynetten,82
1007272_2,Copenaghen_RL,Bacteroides,0.006794254,2020-08-27 00:00:00,DTU_2020_1007272_2_MG_RL_CPH_Sewage_740,Denmark,Copenhagen,55.6956,12.6139,Rensningsanlaeg Lynetten,82
1007272_2,Copenaghen_RL,Brachymonas,0.047878914,2020-08-27 00:00:00,DTU_2020_1007272_2_MG_RL_CPH_Sewage_740,Denmark,Copenhagen,55.6956,12.6139,Rensningsanlaeg Lynetten,82
1007272_2,Copenaghen_RL,Brevefilum,2.71757e-05,2020-08-27 00:00:00,DTU_2020_1007272_2_MG_RL_CPH_Sewage_740,Denmark,Copenhagen,55.6956,12.6139,Rensningsanlaeg Lynetten,82
1007272_2,Copenaghen_RL,Brevundimonas,0.000909343,2020-08-27 00:00:00,DTU_2020_1007272_2_MG_RL_CPH_Sewage_740,Denmark,Copenhagen,55.6956,12.6139,Rensningsanlaeg Lynetten,82
1007272_2,Copenaghen_RL,Cloacibacterium,0.028868268,2020-08-27 00:00:00,DTU_2020_1007272_2_MG_RL_CPH_Sewage_740,Denmark,Copenhagen,55.6956,12.6139,Rensningsanlaeg Lynetten,82
1007272_2,Copenaghen_RL,Comamonas,0.050994254,2020-08-27 00:00:00,DTU_2020_1007272_2_MG_RL_CPH_Sewage_740,Denmark,Copenhagen,55.6956,12.6139,Rensningsanlaeg Lynetten,82
1007272_2,Copenaghen_RL,Competibacter_A,6.86746e-05,2020-08-27 00:00:00,DTU_2020_1007272_2_MG_RL_CPH_Sewage_740,Denmark,Copenhagen,55.6956,12.6139,Rensningsanlaeg Lynetten,82
1007272_2,Copenaghen_RL,Enterobacter,0.001177212,2020-08-27 00:00:00,DTU_2020_1007272_2_MG_RL_CPH_Sewage_740,Denmark,Copenhagen,55.6956,12.6139,Rensningsanlaeg Lynetten,82
1007272_2,Copenaghen_RL,Fermentibacter,7.37269e-06,2020-08-27 00:00:00,DTU_2020_1007272_2_MG_RL_CPH_Sewage_740,Denmark,Copenhagen,55.6956,12.6139,Rensningsanlaeg Lynetten,82
1007272_2,Copenaghen_RL,Flavobacterium,0.011160911,2020-08-27 00:00:00,DTU_2020_1007272_2_MG_RL_CPH_Sewage_740,Denmark,Copenhagen,55.6956,12.6139,Rensningsanlaeg Lynetten,82
1007272_2,Copenaghen_RL,Giesbergeria,0.012555496,2020-08-27 00:00:00,DTU_2020_1007272_2_MG_RL_CPH_Sewage_740,Denmark,Copenhagen,55.6956,12.6139,Rensningsanlaeg Lynetten,82
1007272_2,Copenaghen_RL,Hydrogenophaga,0.001062891,2020-08-27 00:00:00,DTU_2020_1007272_2_MG_RL_CPH_Sewage_740,Denmark,Copenhagen,55.6956,12.6139,Rensningsanlaeg Lynetten,82
1007272_2,Copenaghen_RL,JAGOYM01,0.002216358,2020-08-27 00:00:00,DTU_2020_1007272_2_MG_RL_CPH_Sewage_740,Denmark,Copenhagen,55.6956,12.6139,Rensningsanlaeg Lynetten,82
1007272_2,Copenaghen_RL,Janthinobacterium,0.001132973,2020-08-27 00:00:00,DTU_2020_1007272_2_MG_RL_CPH_Sewage_740,Denmark,Copenhagen,55.6956,12.6139,Rensningsanlaeg Lynetten,82
1007272_2,Copenaghen_RL,Kaistella,0.003924179,2020-08-27 00:00:00,DTU_2020_1007272_2_MG_RL_CPH_Sewage_740,Denmark,Copenhagen,55.6956,12.6139,Rensningsanlaeg Lynetten,82
1007272_2,Copenaghen_RL,Lactococcus_A,0.006982853,2020-08-27 00:00:00,DTU_2020_1007272_2_MG_RL_CPH_Sewage_740,Denmark,Copenhagen,55.6956,12.6139,Rensningsanlaeg Lynetten,82
1007272_2,Copenaghen_RL,Lenti-01,0.000364895,2020-08-27 00:00:00,DTU_2020_1007272_2_MG_RL_CPH_Sewage_740,Denmark,Copenhagen,55.6956,12.6139,Rensningsanlaeg Lynetten,82
1007272_2,Copenaghen_RL,Microthrix,6.26245e-05,2020-08-27 00:00:00,DTU_2020_1007272_2_MG_RL_CPH_Sewage_740,Denmark,Copenhagen,55.6956,12.6139,Rensningsanlaeg Lynetten,82
1007272_2,Copenaghen_RL,Moraxella_A,0.011743923,2020-08-27 00:00:00,DTU_2020_1007272_2_MG_RL_CPH_Sewage_740,Denmark,Copenhagen,55.6956,12.6139,Rensningsanlaeg Lynetten,82
1007272_2,Copenaghen_RL,Neisseria,0.033344039,2020-08-27 00:00:00,DTU_2020_1007272_2_MG_RL_CPH_Sewage_740,Denmark,Copenhagen,55.6956,12.6139,Rensningsanlaeg Lynetten,82
1007272_2,Copenaghen_RL,Novosphingobium,0.000382493,2020-08-27 00:00:00,DTU_2020_1007272_2_MG_RL_CPH_Sewage_740,Denmark,Copenhagen,55.6956,12.6139,Rensningsanlaeg Lynetten,82
1007272_2,Copenaghen_RL,Ottowia,0.021947318,2020-08-27 00:00:00,DTU_2020_1007272_2_MG_RL_CPH_Sewage_740,Denmark,Copenhagen,55.6956,12.6139,Rensningsanlaeg Lynetten,82
1007272_2,Copenaghen_RL,Paracoccus,0.001083644,2020-08-27 00:00:00,DTU_2020_1007272_2_MG_RL_CPH_Sewage_740,Denmark,Copenhagen,55.6956,12.6139,Rensningsanlaeg Lynetten,82
1007272_2,Copenaghen_RL,Phocaeicola,0.009493324,2020-08-27 00:00:00,DTU_2020_1007272_2_MG_RL_CPH_Sewage_740,Denmark,Copenhagen,55.6956,12.6139,Rensningsanlaeg Lynetten,82
1007272_2,Copenaghen_RL,Prevotella,0.007220652,2020-08-27 00:00:00,DTU_2020_1007272_2_MG_RL_CPH_Sewage_740,Denmark,Copenhagen,55.6956,12.6139,Rensningsanlaeg Lynetten,82
1007272_2,Copenaghen_RL,Propionivibrio,0.016232707,2020-08-27 00:00:00,DTU_2020_1007272_2_MG_RL_CPH_Sewage_740,Denmark,Copenhagen,55.6956,12.6139,Rensningsanlaeg Lynetten,82
1007272_2,Copenaghen_RL,Pseudomonas_E,0.011196328,2020-08-27 00:00:00,DTU_2020_1007272_2_MG_RL_CPH_Sewage_740,Denmark,Copenhagen,55.6956,12.6139,Rensningsanlaeg Lynetten,82
1007272_2,Copenaghen_RL,Pseudoxanthomonas,0.005737469,2020-08-27 00:00:00,DTU_2020_1007272_2_MG_RL_CPH_Sewage_740,Denmark,Copenhagen,55.6956,12.6139,Rensningsanlaeg Lynetten,82
1007272_2,Copenaghen_RL,Pseudoxanthomonas_A,0.006775099,2020-08-27 00:00:00,DTU_2020_1007272_2_MG_RL_CPH_Sewage_740,Denmark,Copenhagen,55.6956,12.6139,Rensningsanlaeg Lynetten,82
1007272_2,Copenaghen_RL,Psychrobacter,0.005770212,2020-08-27 00:00:00,DTU_2020_1007272_2_MG_RL_CPH_Sewage_740,Denmark,Copenhagen,55.6956,12.6139,Rensningsanlaeg Lynetten,82
1007272_2,Copenaghen_RL,Rubrivivax,0.000269672,2020-08-27 00:00:00,DTU_2020_1007272_2_MG_RL_CPH_Sewage_740,Denmark,Copenhagen,55.6956,12.6139,Rensningsanlaeg Lynetten,82
1007272_2,Copenaghen_RL,Streptococcus,0.039049218,2020-08-27 00:00:00,DTU_2020_1007272_2_MG_RL_CPH_Sewage_740,Denmark,Copenhagen,55.6956,12.6139,Rensningsanlaeg Lynetten,82
1007272_2,Copenaghen_RL,Telluria,0.000666795,2020-08-27 00:00:00,DTU_2020_1007272_2_MG_RL_CPH_Sewage_740,Denmark,Copenhagen,55.6956,12.6139,Rensningsanlaeg Lynetten,82
1007272_2,Copenaghen_RL,Thauera,0.041997365,2020-08-27 00:00:00,DTU_2020_1007272_2_MG_RL_CPH_Sewage_740,Denmark,Copenhagen,55.6956,12.6139,Rensningsanlaeg Lynetten,82
1007272_2,Copenaghen_RL,Thermomonas,0.008232913,2020-08-27 00:00:00,DTU_2020_1007272_2_MG_RL_CPH_Sewage_740,Denmark,Copenhagen,55.6956,12.6139,Rensningsanlaeg Lynetten,82
1007272_2,Copenaghen_RL,Thiothrix,0.000975543,2020-08-27 00:00:00,DTU_2020_1007272_2_MG_RL_CPH_Sewage_740,Denmark,Copenhagen,55.6956,12.6139,Rensningsanlaeg Lynetten,82
1007272_2,Copenaghen_RL,Tolumonas,0.00214904,2020-08-27 00:00:00,DTU_2020_1007272_2_MG_RL_CPH_Sewage_740,Denmark,Copenhagen,55.6956,12.6139,Rensningsanlaeg Lynetten,82
1007272_2,Copenaghen_RL,Trichococcus,0.01100425,2020-08-27 00:00:00,DTU_2020_1007272_2_MG_RL_CPH_Sewage_740,Denmark,Copenhagen,55.6956,12.6139,Rensningsanlaeg Lynetten,82
1007272_2,Copenaghen_RL,UBA1413,5.40411e-06,2020-08-27 00:00:00,DTU_2020_1007272_2_MG_RL_CPH_Sewage_740,Denmark,Copenhagen,55.6956,12.6139,Rensningsanlaeg Lynetten,82
1007272_2,Copenaghen_RL,merged,0.380761041,2020-08-27 00:00:00,DTU_2020_1007272_2_MG_RL_CPH_Sewage_740,Denmark,Copenhagen,55.6956,12.6139,Rensningsanlaeg Lynetten,82
1007278_1,Copenaghen_RA,Acidovorax,0.074898364,2020-09-28 00:00:00,DTU_2020_1007278_1_MG_RA_CPH_Sewage_2_587,Denmark,Copenhagen,55.6085,12.4505,Rensningsanlaeg Avedoere,86
1007278_1,Copenaghen_RA,Acinetobacter,0.017878433,2020-09-28 00:00:00,DTU_2020_1007278_1_MG_RA_CPH_Sewage_2_587,Denmark,Copenhagen,55.6085,12.4505,Rensningsanlaeg Avedoere,86
1007278_1,Copenaghen_RA,Aeromonas,0.00182419,2020-09-28 00:00:00,DTU_2020_1007278_1_MG_RA_CPH_Sewage_2_587,Denmark,Copenhagen,55.6085,12.4505,Rensningsanlaeg Avedoere,86
1007278_1,Copenaghen_RA,Aliarcobacter,0.004116477,2020-09-28 00:00:00,DTU_2020_1007278_1_MG_RA_CPH_Sewage_2_587,Denmark,Copenhagen,55.6085,12.4505,Rensningsanlaeg Avedoere,86
1007278_1,Copenaghen_RA,Aquabacterium_A,0.000169266,2020-09-28 00:00:00,DTU_2020_1007278_1_MG_RA_CPH_Sewage_2_587,Denmark,Copenhagen,55.6085,12.4505,Rensningsanlaeg Avedoere,86
1007278_1,Copenaghen_RA,Bacteroides,0.001194587,2020-09-28 00:00:00,DTU_2020_1007278_1_MG_RA_CPH_Sewage_2_587,Denmark,Copenhagen,55.6085,12.4505,Rensningsanlaeg Avedoere,86
1007278_1,Copenaghen_RA,Brachymonas,0.009800359,2020-09-28 00:00:00,DTU_2020_1007278_1_MG_RA_CPH_Sewage_2_587,Denmark,Copenhagen,55.6085,12.4505,Rensningsanlaeg Avedoere,86
1007278_1,Copenaghen_RA,Brevefilum,1.65928e-05,2020-09-28 00:00:00,DTU_2020_1007278_1_MG_RA_CPH_Sewage_2_587,Denmark,Copenhagen,55.6085,12.4505,Rensningsanlaeg Avedoere,86
1007278_1,Copenaghen_RA,Brevundimonas,0.000646577,2020-09-28 00:00:00,DTU_2020_1007278_1_MG_RA_CPH_Sewage_2_587,Denmark,Copenhagen,55.6085,12.4505,Rensningsanlaeg Avedoere,86
1007278_1,Copenaghen_RA,Cloacibacterium,0.007708371,2020-09-28 00:00:00,DTU_2020_1007278_1_MG_RA_CPH_Sewage_2_587,Denmark,Copenhagen,55.6085,12.4505,Rensningsanlaeg Avedoere,86
1007278_1,Copenaghen_RA,Comamonas,0.009874139,2020-09-28 00:00:00,DTU_2020_1007278_1_MG_RA_CPH_Sewage_2_587,Denmark,Copenhagen,55.6085,12.4505,Rensningsanlaeg Avedoere,86
1007278_1,Copenaghen_RA,Competibacter_A,0.0001969,2020-09-28 00:00:00,DTU_2020_1007278_1_MG_RA_CPH_Sewage_2_587,Denmark,Copenhagen,55.6085,12.4505,Rensningsanlaeg Avedoere,86
1007278_1,Copenaghen_RA,Enterobacter,0.000411411,2020-09-28 00:00:00,DTU_2020_1007278_1_MG_RA_CPH_Sewage_2_587,Denmark,Copenhagen,55.6085,12.4505,Rensningsanlaeg Avedoere,86
1007278_1,Copenaghen_RA,Fermentibacter,3.04882e-05,2020-09-28 00:00:00,DTU_2020_1007278_1_MG_RA_CPH_Sewage_2_587,Denmark,Copenhagen,55.6085,12.4505,Rensningsanlaeg Avedoere,86
1007278_1,Copenaghen_RA,Flavobacterium,0.004598099,2020-09-28 00:00:00,DTU_2020_1007278_1_MG_RA_CPH_Sewage_2_587,Denmark,Copenhagen,55.6085,12.4505,Rensningsanlaeg Avedoere,86
1007278_1,Copenaghen_RA,Giesbergeria,0.009905714,2020-09-28 00:00:00,DTU_2020_1007278_1_MG_RA_CPH_Sewage_2_587,Denmark,Copenhagen,55.6085,12.4505,Rensningsanlaeg Avedoere,86
1007278_1,Copenaghen_RA,Hydrogenophaga,0.000346231,2020-09-28 00:00:00,DTU_2020_1007278_1_MG_RA_CPH_Sewage_2_587,Denmark,Copenhagen,55.6085,12.4505,Rensningsanlaeg Avedoere,86
1007278_1,Copenaghen_RA,JAGOYM01,0.00289622,2020-09-28 00:00:00,DTU_2020_1007278_1_MG_RA_CPH_Sewage_2_587,Denmark,Copenhagen,55.6085,12.4505,Rensningsanlaeg Avedoere,86
1007278_1,Copenaghen_RA,Janthinobacterium,0.064587346,2020-09-28 00:00:00,DTU_2020_1007278_1_MG_RA_CPH_Sewage_2_587,Denmark,Copenhagen,55.6085,12.4505,Rensningsanlaeg Avedoere,86
1007278_1,Copenaghen_RA,Kaistella,0.00138467,2020-09-28 00:00:00,DTU_2020_1007278_1_MG_RA_CPH_Sewage_2_587,Denmark,Copenhagen,55.6085,12.4505,Rensningsanlaeg Avedoere,86
1007278_1,Copenaghen_RA,Lactococcus_A,0.007125586,2020-09-28 00:00:00,DTU_2020_1007278_1_MG_RA_CPH_Sewage_2_587,Denmark,Copenhagen,55.6085,12.4505,Rensningsanlaeg Avedoere,86
1007278_1,Copenaghen_RA,Lenti-01,0.000228847,2020-09-28 00:00:00,DTU_2020_1007278_1_MG_RA_CPH_Sewage_2_587,Denmark,Copenhagen,55.6085,12.4505,Rensningsanlaeg Avedoere,86
1007278_1,Copenaghen_RA,Microthrix,2.62693e-05,2020-09-28 00:00:00,DTU_2020_1007278_1_MG_RA_CPH_Sewage_2_587,Denmark,Copenhagen,55.6085,12.4505,Rensningsanlaeg Avedoere,86
1007278_1,Copenaghen_RA,Moraxella_A,0.000989059,2020-09-28 00:00:00,DTU_2020_1007278_1_MG_RA_CPH_Sewage_2_587,Denmark,Copenhagen,55.6085,12.4505,Rensningsanlaeg Avedoere,86
1007278_1,Copenaghen_RA,Neisseria,0.008308946,2020-09-28 00:00:00,DTU_2020_1007278_1_MG_RA_CPH_Sewage_2_587,Denmark,Copenhagen,55.6085,12.4505,Rensningsanlaeg Avedoere,86
1007278_1,Copenaghen_RA,Novosphingobium,0.000746178,2020-09-28 00:00:00,DTU_2020_1007278_1_MG_RA_CPH_Sewage_2_587,Denmark,Copenhagen,55.6085,12.4505,Rensningsanlaeg Avedoere,86
1007278_1,Copenaghen_RA,Ottowia,0.020264766,2020-09-28 00:00:00,DTU_2020_1007278_1_MG_RA_CPH_Sewage_2_587,Denmark,Copenhagen,55.6085,12.4505,Rensningsanlaeg Avedoere,86
1007278_1,Copenaghen_RA,Paracoccus,0.000832936,2020-09-28 00:00:00,DTU_2020_1007278_1_MG_RA_CPH_Sewage_2_587,Denmark,Copenhagen,55.6085,12.4505,Rensningsanlaeg Avedoere,86
1007278_1,Copenaghen_RA,Phocaeicola,0.001758589,2020-09-28 00:00:00,DTU_2020_1007278_1_MG_RA_CPH_Sewage_2_587,Denmark,Copenhagen,55.6085,12.4505,Rensningsanlaeg Avedoere,86
1007278_1,Copenaghen_RA,Prevotella,0.001791152,2020-09-28 00:00:00,DTU_2020_1007278_1_MG_RA_CPH_Sewage_2_587,Denmark,Copenhagen,55.6085,12.4505,Rensningsanlaeg Avedoere,86
1007278_1,Copenaghen_RA,Propionivibrio,0.007169657,2020-09-28 00:00:00,DTU_2020_1007278_1_MG_RA_CPH_Sewage_2_587,Denmark,Copenhagen,55.6085,12.4505,Rensningsanlaeg Avedoere,86
1007278_1,Copenaghen_RA,Pseudomonas_E,0.445387523,2020-09-28 00:00:00,DTU_2020_1007278_1_MG_RA_CPH_Sewage_2_587,Denmark,Copenhagen,55.6085,12.4505,Rensningsanlaeg Avedoere,86
1007278_1,Copenaghen_RA,Pseudoxanthomonas,0.010835299,2020-09-28 00:00:00,DTU_2020_1007278_1_MG_RA_CPH_Sewage_2_587,Denmark,Copenhagen,55.6085,12.4505,Rensningsanlaeg Avedoere,86
1007278_1,Copenaghen_RA,Pseudoxanthomonas_A,0.003830551,2020-09-28 00:00:00,DTU_2020_1007278_1_MG_RA_CPH_Sewage_2_587,Denmark,Copenhagen,55.6085,12.4505,Rensningsanlaeg Avedoere,86
1007278_1,Copenaghen_RA,Psychrobacter,0.00544533,2020-09-28 00:00:00,DTU_2020_1007278_1_MG_RA_CPH_Sewage_2_587,Denmark,Copenhagen,55.6085,12.4505,Rensningsanlaeg Avedoere,86
1007278_1,Copenaghen_RA,Rubrivivax,0.000240844,2020-09-28 00:00:00,DTU_2020_1007278_1_MG_RA_CPH_Sewage_2_587,Denmark,Copenhagen,55.6085,12.4505,Rensningsanlaeg Avedoere,86
1007278_1,Copenaghen_RA,Streptococcus,0.004878393,2020-09-28 00:00:00,DTU_2020_1007278_1_MG_RA_CPH_Sewage_2_587,Denmark,Copenhagen,55.6085,12.4505,Rensningsanlaeg Avedoere,86
1007278_1,Copenaghen_RA,Telluria,0.000917282,2020-09-28 00:00:00,DTU_2020_1007278_1_MG_RA_CPH_Sewage_2_587,Denmark,Copenhagen,55.6085,12.4505,Rensningsanlaeg Avedoere,86
1007278_1,Copenaghen_RA,Thauera,0.010055882,2020-09-28 00:00:00,DTU_2020_1007278_1_MG_RA_CPH_Sewage_2_587,Denmark,Copenhagen,55.6085,12.4505,Rensningsanlaeg Avedoere,86
1007278_1,Copenaghen_RA,Thermomonas,0.008799233,2020-09-28 00:00:00,DTU_2020_1007278_1_MG_RA_CPH_Sewage_2_587,Denmark,Copenhagen,55.6085,12.4505,Rensningsanlaeg Avedoere,86
1007278_1,Copenaghen_RA,Thiothrix,0.000931317,2020-09-28 00:00:00,DTU_2020_1007278_1_MG_RA_CPH_Sewage_2_587,Denmark,Copenhagen,55.6085,12.4505,Rensningsanlaeg Avedoere,86
1007278_1,Copenaghen_RA,Tolumonas,0.000477258,2020-09-28 00:00:00,DTU_2020_1007278_1_MG_RA_CPH_Sewage_2_587,Denmark,Copenhagen,55.6085,12.4505,Rensningsanlaeg Avedoere,86
1007278_1,Copenaghen_RA,Trichococcus,0.004108361,2020-09-28 00:00:00,DTU_2020_1007278_1_MG_RA_CPH_Sewage_2_587,Denmark,Copenhagen,55.6085,12.4505,Rensningsanlaeg Avedoere,86
1007278_1,Copenaghen_RA,UBA1413,2.50461e-05,2020-09-28 00:00:00,DTU_2020_1007278_1_MG_RA_CPH_Sewage_2_587,Denmark,Copenhagen,55.6085,12.4505,Rensningsanlaeg Avedoere,86
1007278_1,Copenaghen_RA,merged,0.242341261,2020-09-28 00:00:00,DTU_2020_1007278_1_MG_RA_CPH_Sewage_2_587,Denmark,Copenhagen,55.6085,12.4505,Rensningsanlaeg Avedoere,86
1007280_2,Copenaghen_RD,Acidovorax,0.107192811,2020-09-28 00:00:00,DTU_2020_1007280_2_MG_RD_CPH_Sewage_2_588,Denmark,Copenhagen,55.6405,12.5058,Rensningsanlaeg Damhusaaen,86
1007280_2,Copenaghen_RD,Acinetobacter,0.027835053,2020-09-28 00:00:00,DTU_2020_1007280_2_MG_RD_CPH_Sewage_2_588,Denmark,Copenhagen,55.6405,12.5058,Rensningsanlaeg Damhusaaen,86
1007280_2,Copenaghen_RD,Aeromonas,0.0007474,2020-09-28 00:00:00,DTU_2020_1007280_2_MG_RD_CPH_Sewage_2_588,Denmark,Copenhagen,55.6405,12.5058,Rensningsanlaeg Damhusaaen,86
1007280_2,Copenaghen_RD,Aliarcobacter,0.003692795,2020-09-28 00:00:00,DTU_2020_1007280_2_MG_RD_CPH_Sewage_2_588,Denmark,Copenhagen,55.6405,12.5058,Rensningsanlaeg Damhusaaen,86
1007280_2,Copenaghen_RD,Aquabacterium_A,0.000317026,2020-09-28 00:00:00,DTU_2020_1007280_2_MG_RD_CPH_Sewage_2_588,Denmark,Copenhagen,55.6405,12.5058,Rensningsanlaeg Damhusaaen,86
1007280_2,Copenaghen_RD,Bacteroides,0.003847838,2020-09-28 00:00:00,DTU_2020_1007280_2_MG_RD_CPH_Sewage_2_588,Denmark,Copenhagen,55.6405,12.5058,Rensningsanlaeg Damhusaaen,86
1007280_2,Copenaghen_RD,Brachymonas,0.008297041,2020-09-28 00:00:00,DTU_2020_1007280_2_MG_RD_CPH_Sewage_2_588,Denmark,Copenhagen,55.6405,12.5058,Rensningsanlaeg Damhusaaen,86
1007280_2,Copenaghen_RD,Brevefilum,1.70781e-05,2020-09-28 00:00:00,DTU_2020_1007280_2_MG_RD_CPH_Sewage_2_588,Denmark,Copenhagen,55.6405,12.5058,Rensningsanlaeg Damhusaaen,86
1007280_2,Copenaghen_RD,Brevundimonas,0.000917322,2020-09-28 00:00:00,DTU_2020_1007280_2_MG_RD_CPH_Sewage_2_588,Denmark,Copenhagen,55.6405,12.5058,Rensningsanlaeg Damhusaaen,86
1007280_2,Copenaghen_RD,Cloacibacterium,0.007673988,2020-09-28 00:00:00,DTU_2020_1007280_2_MG_RD_CPH_Sewage_2_588,Denmark,Copenhagen,55.6405,12.5058,Rensningsanlaeg Damhusaaen,86
1007280_2,Copenaghen_RD,Comamonas,0.005990961,2020-09-28 00:00:00,DTU_2020_1007280_2_MG_RD_CPH_Sewage_2_588,Denmark,Copenhagen,55.6405,12.5058,Rensningsanlaeg Damhusaaen,86
1007280_2,Copenaghen_RD,Competibacter_A,0.000504139,2020-09-28 00:00:00,DTU_2020_1007280_2_MG_RD_CPH_Sewage_2_588,Denmark,Copenhagen,55.6405,12.5058,Rensningsanlaeg Damhusaaen,86
1007280_2,Copenaghen_RD,Enterobacter,0.000198518,2020-09-28 00:00:00,DTU_2020_1007280_2_MG_RD_CPH_Sewage_2_588,Denmark,Copenhagen,55.6405,12.5058,Rensningsanlaeg Damhusaaen,86
1007280_2,Copenaghen_RD,Fermentibacter,6.70958e-05,2020-09-28 00:00:00,DTU_2020_1007280_2_MG_RD_CPH_Sewage_2_588,Denmark,Copenhagen,55.6405,12.5058,Rensningsanlaeg Damhusaaen,86
1007280_2,Copenaghen_RD,Flavobacterium,0.023441154,2020-09-28 00:00:00,DTU_2020_1007280_2_MG_RD_CPH_Sewage_2_588,Denmark,Copenhagen,55.6405,12.5058,Rensningsanlaeg Damhusaaen,86
1007280_2,Copenaghen_RD,Giesbergeria,0.008506533,2020-09-28 00:00:00,DTU_2020_1007280_2_MG_RD_CPH_Sewage_2_588,Denmark,Copenhagen,55.6405,12.5058,Rensningsanlaeg Damhusaaen,86
1007280_2,Copenaghen_RD,Hydrogenophaga,0.000773437,2020-09-28 00:00:00,DTU_2020_1007280_2_MG_RD_CPH_Sewage_2_588,Denmark,Copenhagen,55.6405,12.5058,Rensningsanlaeg Damhusaaen,86
1007280_2,Copenaghen_RD,JAGOYM01,0.000984799,2020-09-28 00:00:00,DTU_2020_1007280_2_MG_RD_CPH_Sewage_2_588,Denmark,Copenhagen,55.6405,12.5058,Rensningsanlaeg Damhusaaen,86
1007280_2,Copenaghen_RD,Janthinobacterium,0.060002806,2020-09-28 00:00:00,DTU_2020_1007280_2_MG_RD_CPH_Sewage_2_588,Denmark,Copenhagen,55.6405,12.5058,Rensningsanlaeg Damhusaaen,86
1007280_2,Copenaghen_RD,Kaistella,0.008617732,2020-09-28 00:00:00,DTU_2020_1007280_2_MG_RD_CPH_Sewage_2_588,Denmark,Copenhagen,55.6405,12.5058,Rensningsanlaeg Damhusaaen,86
1007280_2,Copenaghen_RD,Lactococcus_A,0.001212894,2020-09-28 00:00:00,DTU_2020_1007280_2_MG_RD_CPH_Sewage_2_588,Denmark,Copenhagen,55.6405,12.5058,Rensningsanlaeg Damhusaaen,86
1007280_2,Copenaghen_RD,Lenti-01,0.000144112,2020-09-28 00:00:00,DTU_2020_1007280_2_MG_RD_CPH_Sewage_2_588,Denmark,Copenhagen,55.6405,12.5058,Rensningsanlaeg Damhusaaen,86
1007280_2,Copenaghen_RD,Microthrix,7.587e-05,2020-09-28 00:00:00,DTU_2020_1007280_2_MG_RD_CPH_Sewage_2_588,Denmark,Copenhagen,55.6405,12.5058,Rensningsanlaeg Damhusaaen,86
1007280_2,Copenaghen_RD,Moraxella_A,0.004081843,2020-09-28 00:00:00,DTU_2020_1007280_2_MG_RD_CPH_Sewage_2_588,Denmark,Copenhagen,55.6405,12.5058,Rensningsanlaeg Damhusaaen,86
1007280_2,Copenaghen_RD,Neisseria,0.012686205,2020-09-28 00:00:00,DTU_2020_1007280_2_MG_RD_CPH_Sewage_2_588,Denmark,Copenhagen,55.6405,12.5058,Rensningsanlaeg Damhusaaen,86
1007280_2,Copenaghen_RD,Novosphingobium,0.00058133,2020-09-28 00:00:00,DTU_2020_1007280_2_MG_RD_CPH_Sewage_2_588,Denmark,Copenhagen,55.6405,12.5058,Rensningsanlaeg Damhusaaen,86
1007280_2,Copenaghen_RD,Ottowia,0.015717625,2020-09-28 00:00:00,DTU_2020_1007280_2_MG_RD_CPH_Sewage_2_588,Denmark,Copenhagen,55.6405,12.5058,Rensningsanlaeg Damhusaaen,86
1007280_2,Copenaghen_RD,Paracoccus,0.001006642,2020-09-28 00:00:00,DTU_2020_1007280_2_MG_RD_CPH_Sewage_2_588,Denmark,Copenhagen,55.6405,12.5058,Rensningsanlaeg Damhusaaen,86
1007280_2,Copenaghen_RD,Phocaeicola,0.002546996,2020-09-28 00:00:00,DTU_2020_1007280_2_MG_RD_CPH_Sewage_2_588,Denmark,Copenhagen,55.6405,12.5058,Rensningsanlaeg Damhusaaen,86
1007280_2,Copenaghen_RD,Prevotella,0.012906407,2020-09-28 00:00:00,DTU_2020_1007280_2_MG_RD_CPH_Sewage_2_588,Denmark,Copenhagen,55.6405,12.5058,Rensningsanlaeg Damhusaaen,86
1007280_2,Copenaghen_RD,Propionivibrio,0.00378207,2020-09-28 00:00:00,DTU_2020_1007280_2_MG_RD_CPH_Sewage_2_588,Denmark,Copenhagen,55.6405,12.5058,Rensningsanlaeg Damhusaaen,86
1007280_2,Copenaghen_RD,Pseudomonas_E,0.274654611,2020-09-28 00:00:00,DTU_2020_1007280_2_MG_RD_CPH_Sewage_2_588,Denmark,Copenhagen,55.6405,12.5058,Rensningsanlaeg Damhusaaen,86
1007280_2,Copenaghen_RD,Pseudoxanthomonas,0.003285483,2020-09-28 00:00:00,DTU_2020_1007280_2_MG_RD_CPH_Sewage_2_588,Denmark,Copenhagen,55.6405,12.5058,Rensningsanlaeg Damhusaaen,86
1007280_2,Copenaghen_RD,Pseudoxanthomonas_A,0.005058127,2020-09-28 00:00:00,DTU_2020_1007280_2_MG_RD_CPH_Sewage_2_588,Denmark,Copenhagen,55.6405,12.5058,Rensningsanlaeg Damhusaaen,86
1007280_2,Copenaghen_RD,Psychrobacter,0.005020343,2020-09-28 00:00:00,DTU_2020_1007280_2_MG_RD_CPH_Sewage_2_588,Denmark,Copenhagen,55.6405,12.5058,Rensningsanlaeg Damhusaaen,86
1007280_2,Copenaghen_RD,Rubrivivax,0.000181788,2020-09-28 00:00:00,DTU_2020_1007280_2_MG_RD_CPH_Sewage_2_588,Denmark,Copenhagen,55.6405,12.5058,Rensningsanlaeg Damhusaaen,86
1007280_2,Copenaghen_RD,Streptococcus,0.030257975,2020-09-28 00:00:00,DTU_2020_1007280_2_MG_RD_CPH_Sewage_2_588,Denmark,Copenhagen,55.6405,12.5058,Rensningsanlaeg Damhusaaen,86
1007280_2,Copenaghen_RD,Telluria,0.005210309,2020-09-28 00:00:00,DTU_2020_1007280_2_MG_RD_CPH_Sewage_2_588,Denmark,Copenhagen,55.6405,12.5058,Rensningsanlaeg Damhusaaen,86
1007280_2,Copenaghen_RD,Thauera,0.008340115,2020-09-28 00:00:00,DTU_2020_1007280_2_MG_RD_CPH_Sewage_2_588,Denmark,Copenhagen,55.6405,12.5058,Rensningsanlaeg Damhusaaen,86
1007280_2,Copenaghen_RD,Thermomonas,0.00625336,2020-09-28 00:00:00,DTU_2020_1007280_2_MG_RD_CPH_Sewage_2_588,Denmark,Copenhagen,55.6405,12.5058,Rensningsanlaeg Damhusaaen,86
1007280_2,Copenaghen_RD,Thiothrix,0.00069616,2020-09-28 00:00:00,DTU_2020_1007280_2_MG_RD_CPH_Sewage_2_588,Denmark,Copenhagen,55.6405,12.5058,Rensningsanlaeg Damhusaaen,86
1007280_2,Copenaghen_RD,Tolumonas,0.000262177,2020-09-28 00:00:00,DTU_2020_1007280_2_MG_RD_CPH_Sewage_2_588,Denmark,Copenhagen,55.6405,12.5058,Rensningsanlaeg Damhusaaen,86
1007280_2,Copenaghen_RD,Trichococcus,0.003410888,2020-09-28 00:00:00,DTU_2020_1007280_2_MG_RD_CPH_Sewage_2_588,Denmark,Copenhagen,55.6405,12.5058,Rensningsanlaeg Damhusaaen,86
1007280_2,Copenaghen_RD,UBA1413,0.000134843,2020-09-28 00:00:00,DTU_2020_1007280_2_MG_RD_CPH_Sewage_2_588,Denmark,Copenhagen,55.6405,12.5058,Rensningsanlaeg Damhusaaen,86
1007280_2,Copenaghen_RD,merged,0.332866301,2020-09-28 00:00:00,DTU_2020_1007280_2_MG_RD_CPH_Sewage_2_588,Denmark,Copenhagen,55.6405,12.5058,Rensningsanlaeg Damhusaaen,86
1007276_1,Copenaghen_RL,Acidovorax,0.162635443,2020-09-28 00:00:00,DTU_2020_1007276_1_MG_RL_CPH_Sewage_2_586,Denmark,Copenhagen,55.6956,12.6139,Rensningsanlaeg Lynetten,86
1007276_1,Copenaghen_RL,Acinetobacter,0.101982563,2020-09-28 00:00:00,DTU_2020_1007276_1_MG_RL_CPH_Sewage_2_586,Denmark,Copenhagen,55.6956,12.6139,Rensningsanlaeg Lynetten,86
1007276_1,Copenaghen_RL,Aeromonas,0.001422154,2020-09-28 00:00:00,DTU_2020_1007276_1_MG_RL_CPH_Sewage_2_586,Denmark,Copenhagen,55.6956,12.6139,Rensningsanlaeg Lynetten,86
1007276_1,Copenaghen_RL,Aliarcobacter,0.011436972,2020-09-28 00:00:00,DTU_2020_1007276_1_MG_RL_CPH_Sewage_2_586,Denmark,Copenhagen,55.6956,12.6139,Rensningsanlaeg Lynetten,86
1007276_1,Copenaghen_RL,Aquabacterium_A,0.00022254,2020-09-28 00:00:00,DTU_2020_1007276_1_MG_RL_CPH_Sewage_2_586,Denmark,Copenhagen,55.6956,12.6139,Rensningsanlaeg Lynetten,86
1007276_1,Copenaghen_RL,Bacteroides,0.003332306,2020-09-28 00:00:00,DTU_2020_1007276_1_MG_RL_CPH_Sewage_2_586,Denmark,Copenhagen,55.6956,12.6139,Rensningsanlaeg Lynetten,86
1007276_1,Copenaghen_RL,Brachymonas,0.015722484,2020-09-28 00:00:00,DTU_2020_1007276_1_MG_RL_CPH_Sewage_2_586,Denmark,Copenhagen,55.6956,12.6139,Rensningsanlaeg Lynetten,86
1007276_1,Copenaghen_RL,Brevefilum,7.83427e-05,2020-09-28 00:00:00,DTU_2020_1007276_1_MG_RL_CPH_Sewage_2_586,Denmark,Copenhagen,55.6956,12.6139,Rensningsanlaeg Lynetten,86
1007276_1,Copenaghen_RL,Brevundimonas,0.000833249,2020-09-28 00:00:00,DTU_2020_1007276_1_MG_RL_CPH_Sewage_2_586,Denmark,Copenhagen,55.6956,12.6139,Rensningsanlaeg Lynetten,86
1007276_1,Copenaghen_RL,Cloacibacterium,0.013139031,2020-09-28 00:00:00,DTU_2020_1007276_1_MG_RL_CPH_Sewage_2_586,Denmark,Copenhagen,55.6956,12.6139,Rensningsanlaeg Lynetten,86
1007276_1,Copenaghen_RL,Comamonas,0.026593251,2020-09-28 00:00:00,DTU_2020_1007276_1_MG_RL_CPH_Sewage_2_586,Denmark,Copenhagen,55.6956,12.6139,Rensningsanlaeg Lynetten,86
1007276_1,Copenaghen_RL,Competibacter_A,6.32023e-05,2020-09-28 00:00:00,DTU_2020_1007276_1_MG_RL_CPH_Sewage_2_586,Denmark,Copenhagen,55.6956,12.6139,Rensningsanlaeg Lynetten,86
1007276_1,Copenaghen_RL,Enterobacter,0.000211118,2020-09-28 00:00:00,DTU_2020_1007276_1_MG_RL_CPH_Sewage_2_586,Denmark,Copenhagen,55.6956,12.6139,Rensningsanlaeg Lynetten,86
1007276_1,Copenaghen_RL,Fermentibacter,2.46566e-05,2020-09-28 00:00:00,DTU_2020_1007276_1_MG_RL_CPH_Sewage_2_586,Denmark,Copenhagen,55.6956,12.6139,Rensningsanlaeg Lynetten,86
1007276_1,Copenaghen_RL,Flavobacterium,0.006606326,2020-09-28 00:00:00,DTU_2020_1007276_1_MG_RL_CPH_Sewage_2_586,Denmark,Copenhagen,55.6956,12.6139,Rensningsanlaeg Lynetten,86
1007276_1,Copenaghen_RL,Giesbergeria,0.008651143,2020-09-28 00:00:00,DTU_2020_1007276_1_MG_RL_CPH_Sewage_2_586,Denmark,Copenhagen,55.6956,12.6139,Rensningsanlaeg Lynetten,86
1007276_1,Copenaghen_RL,Hydrogenophaga,0.000530005,2020-09-28 00:00:00,DTU_2020_1007276_1_MG_RL_CPH_Sewage_2_586,Denmark,Copenhagen,55.6956,12.6139,Rensningsanlaeg Lynetten,86
1007276_1,Copenaghen_RL,JAGOYM01,0.003231435,2020-09-28 00:00:00,DTU_2020_1007276_1_MG_RL_CPH_Sewage_2_586,Denmark,Copenhagen,55.6956,12.6139,Rensningsanlaeg Lynetten,86
1007276_1,Copenaghen_RL,Janthinobacterium,0.022174227,2020-09-28 00:00:00,DTU_2020_1007276_1_MG_RL_CPH_Sewage_2_586,Denmark,Copenhagen,55.6956,12.6139,Rensningsanlaeg Lynetten,86
1007276_1,Copenaghen_RL,Kaistella,0.00174412,2020-09-28 00:00:00,DTU_2020_1007276_1_MG_RL_CPH_Sewage_2_586,Denmark,Copenhagen,55.6956,12.6139,Rensningsanlaeg Lynetten,86
1007276_1,Copenaghen_RL,Lactococcus_A,0.002071367,2020-09-28 00:00:00,DTU_2020_1007276_1_MG_RL_CPH_Sewage_2_586,Denmark,Copenhagen,55.6956,12.6139,Rensningsanlaeg Lynetten,86
1007276_1,Copenaghen_RL,Lenti-01,0.000172121,2020-09-28 00:00:00,DTU_2020_1007276_1_MG_RL_CPH_Sewage_2_586,Denmark,Copenhagen,55.6956,12.6139,Rensningsanlaeg Lynetten,86
1007276_1,Copenaghen_RL,Microthrix,3.91391e-05,2020-09-28 00:00:00,DTU_2020_1007276_1_MG_RL_CPH_Sewage_2_586,Denmark,Copenhagen,55.6956,12.6139,Rensningsanlaeg Lynetten,86
1007276_1,Copenaghen_RL,Moraxella_A,0.002637189,2020-09-28 00:00:00,DTU_2020_1007276_1_MG_RL_CPH_Sewage_2_586,Denmark,Copenhagen,55.6956,12.6139,Rensningsanlaeg Lynetten,86
1007276_1,Copenaghen_RL,Neisseria,0.009518584,2020-09-28 00:00:00,DTU_2020_1007276_1_MG_RL_CPH_Sewage_2_586,Denmark,Copenhagen,55.6956,12.6139,Rensningsanlaeg Lynetten,86
1007276_1,Copenaghen_RL,Novosphingobium,0.000272802,2020-09-28 00:00:00,DTU_2020_1007276_1_MG_RL_CPH_Sewage_2_586,Denmark,Copenhagen,55.6956,12.6139,Rensningsanlaeg Lynetten,86
1007276_1,Copenaghen_RL,Ottowia,0.023248546,2020-09-28 00:00:00,DTU_2020_1007276_1_MG_RL_CPH_Sewage_2_586,Denmark,Copenhagen,55.6956,12.6139,Rensningsanlaeg Lynetten,86
1007276_1,Copenaghen_RL,Paracoccus,0.001132932,2020-09-28 00:00:00,DTU_2020_1007276_1_MG_RL_CPH_Sewage_2_586,Denmark,Copenhagen,55.6956,12.6139,Rensningsanlaeg Lynetten,86
1007276_1,Copenaghen_RL,Phocaeicola,0.002404335,2020-09-28 00:00:00,DTU_2020_1007276_1_MG_RL_CPH_Sewage_2_586,Denmark,Copenhagen,55.6956,12.6139,Rensningsanlaeg Lynetten,86
1007276_1,Copenaghen_RL,Prevotella,0.005972053,2020-09-28 00:00:00,DTU_2020_1007276_1_MG_RL_CPH_Sewage_2_586,Denmark,Copenhagen,55.6956,12.6139,Rensningsanlaeg Lynetten,86
1007276_1,Copenaghen_RL,Propionivibrio,0.01092191,2020-09-28 00:00:00,DTU_2020_1007276_1_MG_RL_CPH_Sewage_2_586,Denmark,Copenhagen,55.6956,12.6139,Rensningsanlaeg Lynetten,86
1007276_1,Copenaghen_RL,Pseudomonas_E,0.201414193,2020-09-28 00:00:00,DTU_2020_1007276_1_MG_RL_CPH_Sewage_2_586,Denmark,Copenhagen,55.6956,12.6139,Rensningsanlaeg Lynetten,86
1007276_1,Copenaghen_RL,Pseudoxanthomonas,0.003883809,2020-09-28 00:00:00,DTU_2020_1007276_1_MG_RL_CPH_Sewage_2_586,Denmark,Copenhagen,55.6956,12.6139,Rensningsanlaeg Lynetten,86
1007276_1,Copenaghen_RL,Pseudoxanthomonas_A,0.00562378,2020-09-28 00:00:00,DTU_2020_1007276_1_MG_RL_CPH_Sewage_2_586,Denmark,Copenhagen,55.6956,12.6139,Rensningsanlaeg Lynetten,86
1007276_1,Copenaghen_RL,Psychrobacter,0.002896214,2020-09-28 00:00:00,DTU_2020_1007276_1_MG_RL_CPH_Sewage_2_586,Denmark,Copenhagen,55.6956,12.6139,Rensningsanlaeg Lynetten,86
1007276_1,Copenaghen_RL,Rubrivivax,0.000249878,2020-09-28 00:00:00,DTU_2020_1007276_1_MG_RL_CPH_Sewage_2_586,Denmark,Copenhagen,55.6956,12.6139,Rensningsanlaeg Lynetten,86
1007276_1,Copenaghen_RL,Streptococcus,0.020561421,2020-09-28 00:00:00,DTU_2020_1007276_1_MG_RL_CPH_Sewage_2_586,Denmark,Copenhagen,55.6956,12.6139,Rensningsanlaeg Lynetten,86
1007276_1,Copenaghen_RL,Telluria,0.004308292,2020-09-28 00:00:00,DTU_2020_1007276_1_MG_RL_CPH_Sewage_2_586,Denmark,Copenhagen,55.6956,12.6139,Rensningsanlaeg Lynetten,86
1007276_1,Copenaghen_RL,Thauera,0.020348304,2020-09-28 00:00:00,DTU_2020_1007276_1_MG_RL_CPH_Sewage_2_586,Denmark,Copenhagen,55.6956,12.6139,Rensningsanlaeg Lynetten,86
1007276_1,Copenaghen_RL,Thermomonas,0.005826722,2020-09-28 00:00:00,DTU_2020_1007276_1_MG_RL_CPH_Sewage_2_586,Denmark,Copenhagen,55.6956,12.6139,Rensningsanlaeg Lynetten,86
1007276_1,Copenaghen_RL,Thiothrix,0.000349977,2020-09-28 00:00:00,DTU_2020_1007276_1_MG_RL_CPH_Sewage_2_586,Denmark,Copenhagen,55.6956,12.6139,Rensningsanlaeg Lynetten,86
1007276_1,Copenaghen_RL,Tolumonas,0.000457364,2020-09-28 00:00:00,DTU_2020_1007276_1_MG_RL_CPH_Sewage_2_586,Denmark,Copenhagen,55.6956,12.6139,Rensningsanlaeg Lynetten,86
1007276_1,Copenaghen_RL,Trichococcus,0.005715633,2020-09-28 00:00:00,DTU_2020_1007276_1_MG_RL_CPH_Sewage_2_586,Denmark,Copenhagen,55.6956,12.6139,Rensningsanlaeg Lynetten,86
1007276_1,Copenaghen_RL,UBA1413,0.000393202,2020-09-28 00:00:00,DTU_2020_1007276_1_MG_RL_CPH_Sewage_2_586,Denmark,Copenhagen,55.6956,12.6139,Rensningsanlaeg Lynetten,86
1007276_1,Copenaghen_RL,merged,0.288945663,2020-09-28 00:00:00,DTU_2020_1007276_1_MG_RL_CPH_Sewage_2_586,Denmark,Copenhagen,55.6956,12.6139,Rensningsanlaeg Lynetten,86
1015075_1,Rome,Acidovorax,0.205810998,2020-03-31 00:00:00,DTU_2022_1015075_1_MG_IT_RO_200331_GSL_3,Italy,Rome,41.9028,12.4964,ATO2 Wastewater Treatment Plant,60
1015075_1,Rome,Acinetobacter,0.069455426,2020-03-31 00:00:00,DTU_2022_1015075_1_MG_IT_RO_200331_GSL_3,Italy,Rome,41.9028,12.4964,ATO2 Wastewater Treatment Plant,60
1015075_1,Rome,Aeromonas,0.005669589,2020-03-31 00:00:00,DTU_2022_1015075_1_MG_IT_RO_200331_GSL_3,Italy,Rome,41.9028,12.4964,ATO2 Wastewater Treatment Plant,60
1015075_1,Rome,Aliarcobacter,0.003748395,2020-03-31 00:00:00,DTU_2022_1015075_1_MG_IT_RO_200331_GSL_3,Italy,Rome,41.9028,12.4964,ATO2 Wastewater Treatment Plant,60
1015075_1,Rome,Aquabacterium_A,0.000351211,2020-03-31 00:00:00,DTU_2022_1015075_1_MG_IT_RO_200331_GSL_3,Italy,Rome,41.9028,12.4964,ATO2 Wastewater Treatment Plant,60
1015075_1,Rome,Bacteroides,0.001207082,2020-03-31 00:00:00,DTU_2022_1015075_1_MG_IT_RO_200331_GSL_3,Italy,Rome,41.9028,12.4964,ATO2 Wastewater Treatment Plant,60
1015075_1,Rome,Brachymonas,0.005954325,2020-03-31 00:00:00,DTU_2022_1015075_1_MG_IT_RO_200331_GSL_3,Italy,Rome,41.9028,12.4964,ATO2 Wastewater Treatment Plant,60
1015075_1,Rome,Brevefilum,2.25465e-05,2020-03-31 00:00:00,DTU_2022_1015075_1_MG_IT_RO_200331_GSL_3,Italy,Rome,41.9028,12.4964,ATO2 Wastewater Treatment Plant,60
1015075_1,Rome,Brevundimonas,0.000795167,2020-03-31 00:00:00,DTU_2022_1015075_1_MG_IT_RO_200331_GSL_3,Italy,Rome,41.9028,12.4964,ATO2 Wastewater Treatment Plant,60
1015075_1,Rome,Cloacibacterium,0.014484289,2020-03-31 00:00:00,DTU_2022_1015075_1_MG_IT_RO_200331_GSL_3,Italy,Rome,41.9028,12.4964,ATO2 Wastewater Treatment Plant,60
1015075_1,Rome,Comamonas,0.06472636,2020-03-31 00:00:00,DTU_2022_1015075_1_MG_IT_RO_200331_GSL_3,Italy,Rome,41.9028,12.4964,ATO2 Wastewater Treatment Plant,60
1015075_1,Rome,Competibacter_A,0.000203001,2020-03-31 00:00:00,DTU_2022_1015075_1_MG_IT_RO_200331_GSL_3,Italy,Rome,41.9028,12.4964,ATO2 Wastewater Treatment Plant,60
1015075_1,Rome,Enterobacter,0.000187232,2020-03-31 00:00:00,DTU_2022_1015075_1_MG_IT_RO_200331_GSL_3,Italy,Rome,41.9028,12.4964,ATO2 Wastewater Treatment Plant,60
1015075_1,Rome,Fermentibacter,1.60695e-05,2020-03-31 00:00:00,DTU_2022_1015075_1_MG_IT_RO_200331_GSL_3,Italy,Rome,41.9028,12.4964,ATO2 Wastewater Treatment Plant,60
1015075_1,Rome,Flavobacterium,0.025425653,2020-03-31 00:00:00,DTU_2022_1015075_1_MG_IT_RO_200331_GSL_3,Italy,Rome,41.9028,12.4964,ATO2 Wastewater Treatment Plant,60
1015075_1,Rome,Giesbergeria,0.012186655,2020-03-31 00:00:00,DTU_2022_1015075_1_MG_IT_RO_200331_GSL_3,Italy,Rome,41.9028,12.4964,ATO2 Wastewater Treatment Plant,60
1015075_1,Rome,Hydrogenophaga,0.001293458,2020-03-31 00:00:00,DTU_2022_1015075_1_MG_IT_RO_200331_GSL_3,Italy,Rome,41.9028,12.4964,ATO2 Wastewater Treatment Plant,60
1015075_1,Rome,JAGOYM01,0.002018049,2020-03-31 00:00:00,DTU_2022_1015075_1_MG_IT_RO_200331_GSL_3,Italy,Rome,41.9028,12.4964,ATO2 Wastewater Treatment Plant,60
1015075_1,Rome,Janthinobacterium,0.001283719,2020-03-31 00:00:00,DTU_2022_1015075_1_MG_IT_RO_200331_GSL_3,Italy,Rome,41.9028,12.4964,ATO2 Wastewater Treatment Plant,60
1015075_1,Rome,Kaistella,0.017831103,2020-03-31 00:00:00,DTU_2022_1015075_1_MG_IT_RO_200331_GSL_3,Italy,Rome,41.9028,12.4964,ATO2 Wastewater Treatment Plant,60
1015075_1,Rome,Lactococcus_A,0.000575119,2020-03-31 00:00:00,DTU_2022_1015075_1_MG_IT_RO_200331_GSL_3,Italy,Rome,41.9028,12.4964,ATO2 Wastewater Treatment Plant,60
1015075_1,Rome,Lenti-01,0.004952296,2020-03-31 00:00:00,DTU_2022_1015075_1_MG_IT_RO_200331_GSL_3,Italy,Rome,41.9028,12.4964,ATO2 Wastewater Treatment Plant,60
1015075_1,Rome,Microthrix,0.005017523,2020-03-31 00:00:00,DTU_2022_1015075_1_MG_IT_RO_200331_GSL_3,Italy,Rome,41.9028,12.4964,ATO2 Wastewater Treatment Plant,60
1015075_1,Rome,Moraxella_A,0.072465755,2020-03-31 00:00:00,DTU_2022_1015075_1_MG_IT_RO_200331_GSL_3,Italy,Rome,41.9028,12.4964,ATO2 Wastewater Treatment Plant,60
1015075_1,Rome,Neisseria,0.008816488,2020-03-31 00:00:00,DTU_2022_1015075_1_MG_IT_RO_200331_GSL_3,Italy,Rome,41.9028,12.4964,ATO2 Wastewater Treatment Plant,60
1015075_1,Rome,Novosphingobium,0.002232034,2020-03-31 00:00:00,DTU_2022_1015075_1_MG_IT_RO_200331_GSL_3,Italy,Rome,41.9028,12.4964,ATO2 Wastewater Treatment Plant,60
1015075_1,Rome,Ottowia,0.010198026,2020-03-31 00:00:00,DTU_2022_1015075_1_MG_IT_RO_200331_GSL_3,Italy,Rome,41.9028,12.4964,ATO2 Wastewater Treatment Plant,60
1015075_1,Rome,Paracoccus,0.006198184,2020-03-31 00:00:00,DTU_2022_1015075_1_MG_IT_RO_200331_GSL_3,Italy,Rome,41.9028,12.4964,ATO2 Wastewater Treatment Plant,60
1015075_1,Rome,Phocaeicola,0.002329552,2020-03-31 00:00:00,DTU_2022_1015075_1_MG_IT_RO_200331_GSL_3,Italy,Rome,41.9028,12.4964,ATO2 Wastewater Treatment Plant,60
1015075_1,Rome,Prevotella,0.003176444,2020-03-31 00:00:00,DTU_2022_1015075_1_MG_IT_RO_200331_GSL_3,Italy,Rome,41.9028,12.4964,ATO2 Wastewater Treatment Plant,60
1015075_1,Rome,Propionivibrio,0.005929333,2020-03-31 00:00:00,DTU_2022_1015075_1_MG_IT_RO_200331_GSL_3,Italy,Rome,41.9028,12.4964,ATO2 Wastewater Treatment Plant,60
1015075_1,Rome,Pseudomonas_E,0.020021036,2020-03-31 00:00:00,DTU_2022_1015075_1_MG_IT_RO_200331_GSL_3,Italy,Rome,41.9028,12.4964,ATO2 Wastewater Treatment Plant,60
1015075_1,Rome,Pseudoxanthomonas,0.002795802,2020-03-31 00:00:00,DTU_2022_1015075_1_MG_IT_RO_200331_GSL_3,Italy,Rome,41.9028,12.4964,ATO2 Wastewater Treatment Plant,60
1015075_1,Rome,Pseudoxanthomonas_A,0.004090754,2020-03-31 00:00:00,DTU_2022_1015075_1_MG_IT_RO_200331_GSL_3,Italy,Rome,41.9028,12.4964,ATO2 Wastewater Treatment Plant,60
1015075_1,Rome,Psychrobacter,0.003806302,2020-03-31 00:00:00,DTU_2022_1015075_1_MG_IT_RO_200331_GSL_3,Italy,Rome,41.9028,12.4964,ATO2 Wastewater Treatment Plant,60
1015075_1,Rome,Rubrivivax,0.000311807,2020-03-31 00:00:00,DTU_2022_1015075_1_MG_IT_RO_200331_GSL_3,Italy,Rome,41.9028,12.4964,ATO2 Wastewater Treatment Plant,60
1015075_1,Rome,Streptococcus,0.001158391,2020-03-31 00:00:00,DTU_2022_1015075_1_MG_IT_RO_200331_GSL_3,Italy,Rome,41.9028,12.4964,ATO2 Wastewater Treatment Plant,60
1015075_1,Rome,Telluria,0.00069286,2020-03-31 00:00:00,DTU_2022_1015075_1_MG_IT_RO_200331_GSL_3,Italy,Rome,41.9028,12.4964,ATO2 Wastewater Treatment Plant,60
1015075_1,Rome,Thauera,0.006333821,2020-03-31 00:00:00,DTU_2022_1015075_1_MG_IT_RO_200331_GSL_3,Italy,Rome,41.9028,12.4964,ATO2 Wastewater Treatment Plant,60
1015075_1,Rome,Thermomonas,0.005321299,2020-03-31 00:00:00,DTU_2022_1015075_1_MG_IT_RO_200331_GSL_3,Italy,Rome,41.9028,12.4964,ATO2 Wastewater Treatment Plant,60
1015075_1,Rome,Thiothrix,0.002744915,2020-03-31 00:00:00,DTU_2022_1015075_1_MG_IT_RO_200331_GSL_3,Italy,Rome,41.9028,12.4964,ATO2 Wastewater Treatment Plant,60
1015075_1,Rome,Tolumonas,0.00092284,2020-03-31 00:00:00,DTU_2022_1015075_1_MG_IT_RO_200331_GSL_3,Italy,Rome,41.9028,12.4964,ATO2 Wastewater Treatment Plant,60
1015075_1,Rome,Trichococcus,0.001606998,2020-03-31 00:00:00,DTU_2022_1015075_1_MG_IT_RO_200331_GSL_3,Italy,Rome,41.9028,12.4964,ATO2 Wastewater Treatment Plant,60
1015075_1,Rome,UBA1413,5.81453e-06,2020-03-31 00:00:00,DTU_2022_1015075_1_MG_IT_RO_200331_GSL_3,Italy,Rome,41.9028,12.4964,ATO2 Wastewater Treatment Plant,60
1015075_1,Rome,merged,0.39562628,2020-03-31 00:00:00,DTU_2022_1015075_1_MG_IT_RO_200331_GSL_3,Italy,Rome,41.9028,12.4964,ATO2 Wastewater Treatment Plant,60
1015077_1,Rome,Acidovorax,0.255617029,2020-04-14 00:00:00,DTU_2022_1015077_1_MG_IT_RO_200414_GSL_5,Italy,Rome,41.9028,12.4964,ATO2 Wastewater Treatment Plant,62
1015077_1,Rome,Acinetobacter,0.050893234,2020-04-14 00:00:00,DTU_2022_1015077_1_MG_IT_RO_200414_GSL_5,Italy,Rome,41.9028,12.4964,ATO2 Wastewater Treatment Plant,62
1015077_1,Rome,Aeromonas,0.001495695,2020-04-14 00:00:00,DTU_2022_1015077_1_MG_IT_RO_200414_GSL_5,Italy,Rome,41.9028,12.4964,ATO2 Wastewater Treatment Plant,62
1015077_1,Rome,Aliarcobacter,0.001258231,2020-04-14 00:00:00,DTU_2022_1015077_1_MG_IT_RO_200414_GSL_5,Italy,Rome,41.9028,12.4964,ATO2 Wastewater Treatment Plant,62
1015077_1,Rome,Aquabacterium_A,0.000209032,2020-04-14 00:00:00,DTU_2022_1015077_1_MG_IT_RO_200414_GSL_5,Italy,Rome,41.9028,12.4964,ATO2 Wastewater Treatment Plant,62
1015077_1,Rome,Bacteroides,0.000230788,2020-04-14 00:00:00,DTU_2022_1015077_1_MG_IT_RO_200414_GSL_5,Italy,Rome,41.9028,12.4964,ATO2 Wastewater Treatment Plant,62
1015077_1,Rome,Brachymonas,0.007291973,2020-04-14 00:00:00,DTU_2022_1015077_1_MG_IT_RO_200414_GSL_5,Italy,Rome,41.9028,12.4964,ATO2 Wastewater Treatment Plant,62
1015077_1,Rome,Brevefilum,3.9889e-06,2020-04-14 00:00:00,DTU_2022_1015077_1_MG_IT_RO_200414_GSL_5,Italy,Rome,41.9028,12.4964,ATO2 Wastewater Treatment Plant,62
1015077_1,Rome,Brevundimonas,0.064486016,2020-04-14 00:00:00,DTU_2022_1015077_1_MG_IT_RO_200414_GSL_5,Italy,Rome,41.9028,12.4964,ATO2 Wastewater Treatment Plant,62
1015077_1,Rome,Cloacibacterium,0.004416272,2020-04-14 00:00:00,DTU_2022_1015077_1_MG_IT_RO_200414_GSL_5,Italy,Rome,41.9028,12.4964,ATO2 Wastewater Treatment Plant,62
1015077_1,Rome,Comamonas,0.021908781,2020-04-14 00:00:00,DTU_2022_1015077_1_MG_IT_RO_200414_GSL_5,Italy,Rome,41.9028,12.4964,ATO2 Wastewater Treatment Plant,62
1015077_1,Rome,Competibacter_A,0.000173118,2020-04-14 00:00:00,DTU_2022_1015077_1_MG_IT_RO_200414_GSL_5,Italy,Rome,41.9028,12.4964,ATO2 Wastewater Treatment Plant,62
1015077_1,Rome,Enterobacter,0.000282756,2020-04-14 00:00:00,DTU_2022_1015077_1_MG_IT_RO_200414_GSL_5,Italy,Rome,41.9028,12.4964,ATO2 Wastewater Treatment Plant,62
1015077_1,Rome,Fermentibacter,3.49288e-06,2020-04-14 00:00:00,DTU_2022_1015077_1_MG_IT_RO_200414_GSL_5,Italy,Rome,41.9028,12.4964,ATO2 Wastewater Treatment Plant,62
1015077_1,Rome,Flavobacterium,0.034040064,2020-04-14 00:00:00,DTU_2022_1015077_1_MG_IT_RO_200414_GSL_5,Italy,Rome,41.9028,12.4964,ATO2 Wastewater Treatment Plant,62
1015077_1,Rome,Giesbergeria,0.007761559,2020-04-14 00:00:00,DTU_2022_1015077_1_MG_IT_RO_200414_GSL_5,Italy,Rome,41.9028,12.4964,ATO2 Wastewater Treatment Plant,62
1015077_1,Rome,Hydrogenophaga,0.000718143,2020-04-14 00:00:00,DTU_2022_1015077_1_MG_IT_RO_200414_GSL_5,Italy,Rome,41.9028,12.4964,ATO2 Wastewater Treatment Plant,62
1015077_1,Rome,JAGOYM01,0.002229326,2020-04-14 00:00:00,DTU_2022_1015077_1_MG_IT_RO_200414_GSL_5,Italy,Rome,41.9028,12.4964,ATO2 Wastewater Treatment Plant,62
1015077_1,Rome,Janthinobacterium,0.001667426,2020-04-14 00:00:00,DTU_2022_1015077_1_MG_IT_RO_200414_GSL_5,Italy,Rome,41.9028,12.4964,ATO2 Wastewater Treatment Plant,62
1015077_1,Rome,Kaistella,0.018691452,2020-04-14 00:00:00,DTU_2022_1015077_1_MG_IT_RO_200414_GSL_5,Italy,Rome,41.9028,12.4964,ATO2 Wastewater Treatment Plant,62
1015077_1,Rome,Lactococcus_A,0.00031538,2020-04-14 00:00:00,DTU_2022_1015077_1_MG_IT_RO_200414_GSL_5,Italy,Rome,41.9028,12.4964,ATO2 Wastewater Treatment Plant,62
1015077_1,Rome,Lenti-01,0.000887406,2020-04-14 00:00:00,DTU_2022_1015077_1_MG_IT_RO_200414_GSL_5,Italy,Rome,41.9028,12.4964,ATO2 Wastewater Treatment Plant,62
1015077_1,Rome,Microthrix,0.000383562,2020-04-14 00:00:00,DTU_2022_1015077_1_MG_IT_RO_200414_GSL_5,Italy,Rome,41.9028,12.4964,ATO2 Wastewater Treatment Plant,62
1015077_1,Rome,Moraxella_A,0.016366368,2020-04-14 00:00:00,DTU_2022_1015077_1_MG_IT_RO_200414_GSL_5,Italy,Rome,41.9028,12.4964,ATO2 Wastewater Treatment Plant,62
1015077_1,Rome,Neisseria,0.009241243,2020-04-14 00:00:00,DTU_2022_1015077_1_MG_IT_RO_200414_GSL_5,Italy,Rome,41.9028,12.4964,ATO2 Wastewater Treatment Plant,62
1015077_1,Rome,Novosphingobium,0.000734383,2020-04-14 00:00:00,DTU_2022_1015077_1_MG_IT_RO_200414_GSL_5,Italy,Rome,41.9028,12.4964,ATO2 Wastewater Treatment Plant,62
1015077_1,Rome,Ottowia,0.007475856,2020-04-14 00:00:00,DTU_2022_1015077_1_MG_IT_RO_200414_GSL_5,Italy,Rome,41.9028,12.4964,ATO2 Wastewater Treatment Plant,62
1015077_1,Rome,Paracoccus,0.014034917,2020-04-14 00:00:00,DTU_2022_1015077_1_MG_IT_RO_200414_GSL_5,Italy,Rome,41.9028,12.4964,ATO2 Wastewater Treatment Plant,62
1015077_1,Rome,Phocaeicola,0.000561149,2020-04-14 00:00:00,DTU_2022_1015077_1_MG_IT_RO_200414_GSL_5,Italy,Rome,41.9028,12.4964,ATO2 Wastewater Treatment Plant,62
1015077_1,Rome,Prevotella,0.000452995,2020-04-14 00:00:00,DTU_2022_1015077_1_MG_IT_RO_200414_GSL_5,Italy,Rome,41.9028,12.4964,ATO2 Wastewater Treatment Plant,62
1015077_1,Rome,Propionivibrio,0.007325098,2020-04-14 00:00:00,DTU_2022_1015077_1_MG_IT_RO_200414_GSL_5,Italy,Rome,41.9028,12.4964,ATO2 Wastewater Treatment Plant,62
1015077_1,Rome,Pseudomonas_E,0.14152161,2020-04-14 00:00:00,DTU_2022_1015077_1_MG_IT_RO_200414_GSL_5,Italy,Rome,41.9028,12.4964,ATO2 Wastewater Treatment Plant,62
1015077_1,Rome,Pseudoxanthomonas,0.005858639,2020-04-14 00:00:00,DTU_2022_1015077_1_MG_IT_RO_200414_GSL_5,Italy,Rome,41.9028,12.4964,ATO2 Wastewater Treatment Plant,62
1015077_1,Rome,Pseudoxanthomonas_A,0.011298625,2020-04-14 00:00:00,DTU_2022_1015077_1_MG_IT_RO_200414_GSL_5,Italy,Rome,41.9028,12.4964,ATO2 Wastewater Treatment Plant,62
1015077_1,Rome,Psychrobacter,0.015583109,2020-04-14 00:00:00,DTU_2022_1015077_1_MG_IT_RO_200414_GSL_5,Italy,Rome,41.9028,12.4964,ATO2 Wastewater Treatment Plant,62
1015077_1,Rome,Rubrivivax,0.00015562,2020-04-14 00:00:00,DTU_2022_1015077_1_MG_IT_RO_200414_GSL_5,Italy,Rome,41.9028,12.4964,ATO2 Wastewater Treatment Plant,62
1015077_1,Rome,Streptococcus,0.00155961,2020-04-14 00:00:00,DTU_2022_1015077_1_MG_IT_RO_200414_GSL_5,Italy,Rome,41.9028,12.4964,ATO2 Wastewater Treatment Plant,62
1015077_1,Rome,Telluria,0.002852444,2020-04-14 00:00:00,DTU_2022_1015077_1_MG_IT_RO_200414_GSL_5,Italy,Rome,41.9028,12.4964,ATO2 Wastewater Treatment Plant,62
1015077_1,Rome,Thauera,0.005843866,2020-04-14 00:00:00,DTU_2022_1015077_1_MG_IT_RO_200414_GSL_5,Italy,Rome,41.9028,12.4964,ATO2 Wastewater Treatment Plant,62
1015077_1,Rome,Thermomonas,0.006623308,2020-04-14 00:00:00,DTU_2022_1015077_1_MG_IT_RO_200414_GSL_5,Italy,Rome,41.9028,12.4964,ATO2 Wastewater Treatment Plant,62
1015077_1,Rome,Thiothrix,0.001789275,2020-04-14 00:00:00,DTU_2022_1015077_1_MG_IT_RO_200414_GSL_5,Italy,Rome,41.9028,12.4964,ATO2 Wastewater Treatment Plant,62
1015077_1,Rome,Tolumonas,0.000205432,2020-04-14 00:00:00,DTU_2022_1015077_1_MG_IT_RO_200414_GSL_5,Italy,Rome,41.9028,12.4964,ATO2 Wastewater Treatment Plant,62
1015077_1,Rome,Trichococcus,0.00290573,2020-04-14 00:00:00,DTU_2022_1015077_1_MG_IT_RO_200414_GSL_5,Italy,Rome,41.9028,12.4964,ATO2 Wastewater Treatment Plant,62
1015077_1,Rome,UBA1413,4.83034e-07,2020-04-14 00:00:00,DTU_2022_1015077_1_MG_IT_RO_200414_GSL_5,Italy,Rome,41.9028,12.4964,ATO2 Wastewater Treatment Plant,62
1015077_1,Rome,merged,0.272645512,2020-04-14 00:00:00,DTU_2022_1015077_1_MG_IT_RO_200414_GSL_5,Italy,Rome,41.9028,12.4964,ATO2 Wastewater Treatment Plant,62
1015078_1,Rome,Acidovorax,0.244870587,2020-04-21 00:00:00,DTU_2022_1015078_1_MG_IT_RO_200421_GSL_84,Italy,Rome,41.9028,12.4964,ATO2 Wastewater Treatment Plant,63
1015078_1,Rome,Acinetobacter,0.071296222,2020-04-21 00:00:00,DTU_2022_1015078_1_MG_IT_RO_200421_GSL_84,Italy,Rome,41.9028,12.4964,ATO2 Wastewater Treatment Plant,63
1015078_1,Rome,Aeromonas,0.001228514,2020-04-21 00:00:00,DTU_2022_1015078_1_MG_IT_RO_200421_GSL_84,Italy,Rome,41.9028,12.4964,ATO2 Wastewater Treatment Plant,63
1015078_1,Rome,Aliarcobacter,0.001498694,2020-04-21 00:00:00,DTU_2022_1015078_1_MG_IT_RO_200421_GSL_84,Italy,Rome,41.9028,12.4964,ATO2 Wastewater Treatment Plant,63
1015078_1,Rome,Aquabacterium_A,0.000517434,2020-04-21 00:00:00,DTU_2022_1015078_1_MG_IT_RO_200421_GSL_84,Italy,Rome,41.9028,12.4964,ATO2 Wastewater Treatment Plant,63
1015078_1,Rome,Bacteroides,0.000251139,2020-04-21 00:00:00,DTU_2022_1015078_1_MG_IT_RO_200421_GSL_84,Italy,Rome,41.9028,12.4964,ATO2 Wastewater Treatment Plant,63
1015078_1,Rome,Brachymonas,0.011656047,2020-04-21 00:00:00,DTU_2022_1015078_1_MG_IT_RO_200421_GSL_84,Italy,Rome,41.9028,12.4964,ATO2 Wastewater Treatment Plant,63
1015078_1,Rome,Brevefilum,4.89505e-06,2020-04-21 00:00:00,DTU_2022_1015078_1_MG_IT_RO_200421_GSL_84,Italy,Rome,41.9028,12.4964,ATO2 Wastewater Treatment Plant,63
1015078_1,Rome,Brevundimonas,0.018349965,2020-04-21 00:00:00,DTU_2022_1015078_1_MG_IT_RO_200421_GSL_84,Italy,Rome,41.9028,12.4964,ATO2 Wastewater Treatment Plant,63
1015078_1,Rome,Cloacibacterium,0.01156722,2020-04-21 00:00:00,DTU_2022_1015078_1_MG_IT_RO_200421_GSL_84,Italy,Rome,41.9028,12.4964,ATO2 Wastewater Treatment Plant,63
1015078_1,Rome,Comamonas,0.017725399,2020-04-21 00:00:00,DTU_2022_1015078_1_MG_IT_RO_200421_GSL_84,Italy,Rome,41.9028,12.4964,ATO2 Wastewater Treatment Plant,63
1015078_1,Rome,Competibacter_A,0.000102823,2020-04-21 00:00:00,DTU_2022_1015078_1_MG_IT_RO_200421_GSL_84,Italy,Rome,41.9028,12.4964,ATO2 Wastewater Treatment Plant,63
1015078_1,Rome,Enterobacter,0.000132933,2020-04-21 00:00:00,DTU_2022_1015078_1_MG_IT_RO_200421_GSL_84,Italy,Rome,41.9028,12.4964,ATO2 Wastewater Treatment Plant,63
1015078_1,Rome,Fermentibacter,4.48672e-05,2020-04-21 00:00:00,DTU_2022_1015078_1_MG_IT_RO_200421_GSL_84,Italy,Rome,41.9028,12.4964,ATO2 Wastewater Treatment Plant,63
1015078_1,Rome,Flavobacterium,0.02339804,2020-04-21 00:00:00,DTU_2022_1015078_1_MG_IT_RO_200421_GSL_84,Italy,Rome,41.9028,12.4964,ATO2 Wastewater Treatment Plant,63
1015078_1,Rome,Giesbergeria,0.008357127,2020-04-21 00:00:00,DTU_2022_1015078_1_MG_IT_RO_200421_GSL_84,Italy,Rome,41.9028,12.4964,ATO2 Wastewater Treatment Plant,63
1015078_1,Rome,Hydrogenophaga,0.000955426,2020-04-21 00:00:00,DTU_2022_1015078_1_MG_IT_RO_200421_GSL_84,Italy,Rome,41.9028,12.4964,ATO2 Wastewater Treatment Plant,63
1015078_1,Rome,JAGOYM01,0.002348929,2020-04-21 00:00:00,DTU_2022_1015078_1_MG_IT_RO_200421_GSL_84,Italy,Rome,41.9028,12.4964,ATO2 Wastewater Treatment Plant,63
1015078_1,Rome,Janthinobacterium,0.00272447,2020-04-21 00:00:00,DTU_2022_1015078_1_MG_IT_RO_200421_GSL_84,Italy,Rome,41.9028,12.4964,ATO2 Wastewater Treatment Plant,63
1015078_1,Rome,Kaistella,0.015630152,2020-04-21 00:00:00,DTU_2022_1015078_1_MG_IT_RO_200421_GSL_84,Italy,Rome,41.9028,12.4964,ATO2 Wastewater Treatment Plant,63
1015078_1,Rome,Lactococcus_A,0.000531773,2020-04-21 00:00:00,DTU_2022_1015078_1_MG_IT_RO_200421_GSL_84,Italy,Rome,41.9028,12.4964,ATO2 Wastewater Treatment Plant,63
1015078_1,Rome,Lenti-01,0.00194787,2020-04-21 00:00:00,DTU_2022_1015078_1_MG_IT_RO_200421_GSL_84,Italy,Rome,41.9028,12.4964,ATO2 Wastewater Treatment Plant,63
1015078_1,Rome,Microthrix,0.000176952,2020-04-21 00:00:00,DTU_2022_1015078_1_MG_IT_RO_200421_GSL_84,Italy,Rome,41.9028,12.4964,ATO2 Wastewater Treatment Plant,63
1015078_1,Rome,Moraxella_A,0.018785856,2020-04-21 00:00:00,DTU_2022_1015078_1_MG_IT_RO_200421_GSL_84,Italy,Rome,41.9028,12.4964,ATO2 Wastewater Treatment Plant,63
1015078_1,Rome,Neisseria,0.007062737,2020-04-21 00:00:00,DTU_2022_1015078_1_MG_IT_RO_200421_GSL_84,Italy,Rome,41.9028,12.4964,ATO2 Wastewater Treatment Plant,63
1015078_1,Rome,Novosphingobium,0.001026416,2020-04-21 00:00:00,DTU_2022_1015078_1_MG_IT_RO_200421_GSL_84,Italy,Rome,41.9028,12.4964,ATO2 Wastewater Treatment Plant,63
1015078_1,Rome,Ottowia,0.015536876,2020-04-21 00:00:00,DTU_2022_1015078_1_MG_IT_RO_200421_GSL_84,Italy,Rome,41.9028,12.4964,ATO2 Wastewater Treatment Plant,63
1015078_1,Rome,Paracoccus,0.013344402,2020-04-21 00:00:00,DTU_2022_1015078_1_MG_IT_RO_200421_GSL_84,Italy,Rome,41.9028,12.4964,ATO2 Wastewater Treatment Plant,63
1015078_1,Rome,Phocaeicola,0.000201282,2020-04-21 00:00:00,DTU_2022_1015078_1_MG_IT_RO_200421_GSL_84,Italy,Rome,41.9028,12.4964,ATO2 Wastewater Treatment Plant,63
1015078_1,Rome,Prevotella,0.000707754,2020-04-21 00:00:00,DTU_2022_1015078_1_MG_IT_RO_200421_GSL_84,Italy,Rome,41.9028,12.4964,ATO2 Wastewater Treatment Plant,63
1015078_1,Rome,Propionivibrio,0.010414039,2020-04-21 00:00:00,DTU_2022_1015078_1_MG_IT_RO_200421_GSL_84,Italy,Rome,41.9028,12.4964,ATO2 Wastewater Treatment Plant,63
1015078_1,Rome,Pseudomonas_E,0.064557363,2020-04-21 00:00:00,DTU_2022_1015078_1_MG_IT_RO_200421_GSL_84,Italy,Rome,41.9028,12.4964,ATO2 Wastewater Treatment Plant,63
1015078_1,Rome,Pseudoxanthomonas,0.008687305,2020-04-21 00:00:00,DTU_2022_1015078_1_MG_IT_RO_200421_GSL_84,Italy,Rome,41.9028,12.4964,ATO2 Wastewater Treatment Plant,63
1015078_1,Rome,Pseudoxanthomonas_A,0.026141742,2020-04-21 00:00:00,DTU_2022_1015078_1_MG_IT_RO_200421_GSL_84,Italy,Rome,41.9028,12.4964,ATO2 Wastewater Treatment Plant,63
1015078_1,Rome,Psychrobacter,0.004946218,2020-04-21 00:00:00,DTU_2022_1015078_1_MG_IT_RO_200421_GSL_84,Italy,Rome,41.9028,12.4964,ATO2 Wastewater Treatment Plant,63
1015078_1,Rome,Rubrivivax,0.000368408,2020-04-21 00:00:00,DTU_2022_1015078_1_MG_IT_RO_200421_GSL_84,Italy,Rome,41.9028,12.4964,ATO2 Wastewater Treatment Plant,63
1015078_1,Rome,Streptococcus,0.000660525,2020-04-21 00:00:00,DTU_2022_1015078_1_MG_IT_RO_200421_GSL_84,Italy,Rome,41.9028,12.4964,ATO2 Wastewater Treatment Plant,63
1015078_1,Rome,Telluria,0.030761117,2020-04-21 00:00:00,DTU_2022_1015078_1_MG_IT_RO_200421_GSL_84,Italy,Rome,41.9028,12.4964,ATO2 Wastewater Treatment Plant,63
1015078_1,Rome,Thauera,0.010648822,2020-04-21 00:00:00,DTU_2022_1015078_1_MG_IT_RO_200421_GSL_84,Italy,Rome,41.9028,12.4964,ATO2 Wastewater Treatment Plant,63
1015078_1,Rome,Thermomonas,0.010760346,2020-04-21 00:00:00,DTU_2022_1015078_1_MG_IT_RO_200421_GSL_84,Italy,Rome,41.9028,12.4964,ATO2 Wastewater Treatment Plant,63
1015078_1,Rome,Thiothrix,0.002229779,2020-04-21 00:00:00,DTU_2022_1015078_1_MG_IT_RO_200421_GSL_84,Italy,Rome,41.9028,12.4964,ATO2 Wastewater Treatment Plant,63
1015078_1,Rome,Tolumonas,0.00025307,2020-04-21 00:00:00,DTU_2022_1015078_1_MG_IT_RO_200421_GSL_84,Italy,Rome,41.9028,12.4964,ATO2 Wastewater Treatment Plant,63
1015078_1,Rome,Trichococcus,0.002521617,2020-04-21 00:00:00,DTU_2022_1015078_1_MG_IT_RO_200421_GSL_84,Italy,Rome,41.9028,12.4964,ATO2 Wastewater Treatment Plant,63
1015078_1,Rome,UBA1413,5.40701e-07,2020-04-21 00:00:00,DTU_2022_1015078_1_MG_IT_RO_200421_GSL_84,Italy,Rome,41.9028,12.4964,ATO2 Wastewater Treatment Plant,63
1015078_1,Rome,merged,0.335066307,2020-04-21 00:00:00,DTU_2022_1015078_1_MG_IT_RO_200421_GSL_84,Italy,Rome,41.9028,12.4964,ATO2 Wastewater Treatment Plant,63
1015081_1,Rome,Acidovorax,0.096903792,2020-05-12 00:00:00,DTU_2022_1015081_1_MG_IT_RO_200512_GSL_87,Italy,Rome,41.9028,12.4964,ATO2 Wastewater Treatment Plant,66
1015081_1,Rome,Acinetobacter,0.089188154,2020-05-12 00:00:00,DTU_2022_1015081_1_MG_IT_RO_200512_GSL_87,Italy,Rome,41.9028,12.4964,ATO2 Wastewater Treatment Plant,66
1015081_1,Rome,Aeromonas,0.002623768,2020-05-12 00:00:00,DTU_2022_1015081_1_MG_IT_RO_200512_GSL_87,Italy,Rome,41.9028,12.4964,ATO2 Wastewater Treatment Plant,66
1015081_1,Rome,Aliarcobacter,0.001938948,2020-05-12 00:00:00,DTU_2022_1015081_1_MG_IT_RO_200512_GSL_87,Italy,Rome,41.9028,12.4964,ATO2 Wastewater Treatment Plant,66
1015081_1,Rome,Aquabacterium_A,0.000227666,2020-05-12 00:00:00,DTU_2022_1015081_1_MG_IT_RO_200512_GSL_87,Italy,Rome,41.9028,12.4964,ATO2 Wastewater Treatment Plant,66
1015081_1,Rome,Bacteroides,0.000421626,2020-05-12 00:00:00,DTU_2022_1015081_1_MG_IT_RO_200512_GSL_87,Italy,Rome,41.9028,12.4964,ATO2 Wastewater Treatment Plant,66
1015081_1,Rome,Brachymonas,0.003436831,2020-05-12 00:00:00,DTU_2022_1015081_1_MG_IT_RO_200512_GSL_87,Italy,Rome,41.9028,12.4964,ATO2 Wastewater Treatment Plant,66
1015081_1,Rome,Brevefilum,7.33966e-06,2020-05-12 00:00:00,DTU_2022_1015081_1_MG_IT_RO_200512_GSL_87,Italy,Rome,41.9028,12.4964,ATO2 Wastewater Treatment Plant,66
1015081_1,Rome,Brevundimonas,0.035241359,2020-05-12 00:00:00,DTU_2022_1015081_1_MG_IT_RO_200512_GSL_87,Italy,Rome,41.9028,12.4964,ATO2 Wastewater Treatment Plant,66
1015081_1,Rome,Cloacibacterium,0.002883085,2020-05-12 00:00:00,DTU_2022_1015081_1_MG_IT_RO_200512_GSL_87,Italy,Rome,41.9028,12.4964,ATO2 Wastewater Treatment Plant,66
1015081_1,Rome,Comamonas,0.008434784,2020-05-12 00:00:00,DTU_2022_1015081_1_MG_IT_RO_200512_GSL_87,Italy,Rome,41.9028,12.4964,ATO2 Wastewater Treatment Plant,66
1015081_1,Rome,Competibacter_A,0.000827138,2020-05-12 00:00:00,DTU_2022_1015081_1_MG_IT_RO_200512_GSL_87,Italy,Rome,41.9028,12.4964,ATO2 Wastewater Treatment Plant,66
1015081_1,Rome,Enterobacter,0.000229965,2020-05-12 00:00:00,DTU_2022_1015081_1_MG_IT_RO_200512_GSL_87,Italy,Rome,41.9028,12.4964,ATO2 Wastewater Treatment Plant,66
1015081_1,Rome,Fermentibacter,2.05985e-05,2020-05-12 00:00:00,DTU_2022_1015081_1_MG_IT_RO_200512_GSL_87,Italy,Rome,41.9028,12.4964,ATO2 Wastewater Treatment Plant,66
1015081_1,Rome,Flavobacterium,0.035711302,2020-05-12 00:00:00,DTU_2022_1015081_1_MG_IT_RO_200512_GSL_87,Italy,Rome,41.9028,12.4964,ATO2 Wastewater Treatment Plant,66
1015081_1,Rome,Giesbergeria,0.004739367,2020-05-12 00:00:00,DTU_2022_1015081_1_MG_IT_RO_200512_GSL_87,Italy,Rome,41.9028,12.4964,ATO2 Wastewater Treatment Plant,66
1015081_1,Rome,Hydrogenophaga,0.000415222,2020-05-12 00:00:00,DTU_2022_1015081_1_MG_IT_RO_200512_GSL_87,Italy,Rome,41.9028,12.4964,ATO2 Wastewater Treatment Plant,66
1015081_1,Rome,JAGOYM01,0.001805922,2020-05-12 00:00:00,DTU_2022_1015081_1_MG_IT_RO_200512_GSL_87,Italy,Rome,41.9028,12.4964,ATO2 Wastewater Treatment Plant,66
1015081_1,Rome,Janthinobacterium,0.002439775,2020-05-12 00:00:00,DTU_2022_1015081_1_MG_IT_RO_200512_GSL_87,Italy,Rome,41.9028,12.4964,ATO2 Wastewater Treatment Plant,66
1015081_1,Rome,Kaistella,0.018431859,2020-05-12 00:00:00,DTU_2022_1015081_1_MG_IT_RO_200512_GSL_87,Italy,Rome,41.9028,12.4964,ATO2 Wastewater Treatment Plant,66
1015081_1,Rome,Lactococcus_A,0.000335075,2020-05-12 00:00:00,DTU_2022_1015081_1_MG_IT_RO_200512_GSL_87,Italy,Rome,41.9028,12.4964,ATO2 Wastewater Treatment Plant,66
1015081_1,Rome,Lenti-01,0.000298133,2020-05-12 00:00:00,DTU_2022_1015081_1_MG_IT_RO_200512_GSL_87,Italy,Rome,41.9028,12.4964,ATO2 Wastewater Treatment Plant,66
1015081_1,Rome,Microthrix,0.000159905,2020-05-12 00:00:00,DTU_2022_1015081_1_MG_IT_RO_200512_GSL_87,Italy,Rome,41.9028,12.4964,ATO2 Wastewater Treatment Plant,66
1015081_1,Rome,Moraxella_A,0.011707408,2020-05-12 00:00:00,DTU_2022_1015081_1_MG_IT_RO_200512_GSL_87,Italy,Rome,41.9028,12.4964,ATO2 Wastewater Treatment Plant,66
1015081_1,Rome,Neisseria,0.002402718,2020-05-12 00:00:00,DTU_2022_1015081_1_MG_IT_RO_200512_GSL_87,Italy,Rome,41.9028,12.4964,ATO2 Wastewater Treatment Plant,66
1015081_1,Rome,Novosphingobium,0.000548719,2020-05-12 00:00:00,DTU_2022_1015081_1_MG_IT_RO_200512_GSL_87,Italy,Rome,41.9028,12.4964,ATO2 Wastewater Treatment Plant,66
1015081_1,Rome,Ottowia,0.002912592,2020-05-12 00:00:00,DTU_2022_1015081_1_MG_IT_RO_200512_GSL_87,Italy,Rome,41.9028,12.4964,ATO2 Wastewater Treatment Plant,66
1015081_1,Rome,Paracoccus,0.023376036,2020-05-12 00:00:00,DTU_2022_1015081_1_MG_IT_RO_200512_GSL_87,Italy,Rome,41.9028,12.4964,ATO2 Wastewater Treatment Plant,66
1015081_1,Rome,Phocaeicola,0.001260257,2020-05-12 00:00:00,DTU_2022_1015081_1_MG_IT_RO_200512_GSL_87,Italy,Rome,41.9028,12.4964,ATO2 Wastewater Treatment Plant,66
1015081_1,Rome,Prevotella,0.00078346,2020-05-12 00:00:00,DTU_2022_1015081_1_MG_IT_RO_200512_GSL_87,Italy,Rome,41.9028,12.4964,ATO2 Wastewater Treatment Plant,66
1015081_1,Rome,Propionivibrio,0.002433072,2020-05-12 00:00:00,DTU_2022_1015081_1_MG_IT_RO_200512_GSL_87,Italy,Rome,41.9028,12.4964,ATO2 Wastewater Treatment Plant,66
1015081_1,Rome,Pseudomonas_E,0.240639732,2020-05-12 00:00:00,DTU_2022_1015081_1_MG_IT_RO_200512_GSL_87,Italy,Rome,41.9028,12.4964,ATO2 Wastewater Treatment Plant,66
1015081_1,Rome,Pseudoxanthomonas,0.001816354,2020-05-12 00:00:00,DTU_2022_1015081_1_MG_IT_RO_200512_GSL_87,Italy,Rome,41.9028,12.4964,ATO2 Wastewater Treatment Plant,66
1015081_1,Rome,Pseudoxanthomonas_A,0.016267939,2020-05-12 00:00:00,DTU_2022_1015081_1_MG_IT_RO_200512_GSL_87,Italy,Rome,41.9028,12.4964,ATO2 Wastewater Treatment Plant,66
1015081_1,Rome,Psychrobacter,0.079972223,2020-05-12 00:00:00,DTU_2022_1015081_1_MG_IT_RO_200512_GSL_87,Italy,Rome,41.9028,12.4964,ATO2 Wastewater Treatment Plant,66
1015081_1,Rome,Rubrivivax,0.000149094,2020-05-12 00:00:00,DTU_2022_1015081_1_MG_IT_RO_200512_GSL_87,Italy,Rome,41.9028,12.4964,ATO2 Wastewater Treatment Plant,66
1015081_1,Rome,Streptococcus,0.000395256,2020-05-12 00:00:00,DTU_2022_1015081_1_MG_IT_RO_200512_GSL_87,Italy,Rome,41.9028,12.4964,ATO2 Wastewater Treatment Plant,66
1015081_1,Rome,Telluria,0.058300131,2020-05-12 00:00:00,DTU_2022_1015081_1_MG_IT_RO_200512_GSL_87,Italy,Rome,41.9028,12.4964,ATO2 Wastewater Treatment Plant,66
1015081_1,Rome,Thauera,0.002543931,2020-05-12 00:00:00,DTU_2022_1015081_1_MG_IT_RO_200512_GSL_87,Italy,Rome,41.9028,12.4964,ATO2 Wastewater Treatment Plant,66
1015081_1,Rome,Thermomonas,0.004946473,2020-05-12 00:00:00,DTU_2022_1015081_1_MG_IT_RO_200512_GSL_87,Italy,Rome,41.9028,12.4964,ATO2 Wastewater Treatment Plant,66
1015081_1,Rome,Thiothrix,0.0005724,2020-05-12 00:00:00,DTU_2022_1015081_1_MG_IT_RO_200512_GSL_87,Italy,Rome,41.9028,12.4964,ATO2 Wastewater Treatment Plant,66
1015081_1,Rome,Tolumonas,0.000351437,2020-05-12 00:00:00,DTU_2022_1015081_1_MG_IT_RO_200512_GSL_87,Italy,Rome,41.9028,12.4964,ATO2 Wastewater Treatment Plant,66
1015081_1,Rome,Trichococcus,0.001988499,2020-05-12 00:00:00,DTU_2022_1015081_1_MG_IT_RO_200512_GSL_87,Italy,Rome,41.9028,12.4964,ATO2 Wastewater Treatment Plant,66
1015081_1,Rome,UBA1413,6.09477e-07,2020-05-12 00:00:00,DTU_2022_1015081_1_MG_IT_RO_200512_GSL_87,Italy,Rome,41.9028,12.4964,ATO2 Wastewater Treatment Plant,66
1015081_1,Rome,merged,0.239910046,2020-05-12 00:00:00,DTU_2022_1015081_1_MG_IT_RO_200512_GSL_87,Italy,Rome,41.9028,12.4964,ATO2 Wastewater Treatment Plant,66
1015083_1,Rome,Acidovorax,0.290561785,2020-05-26 00:00:00,DTU_2022_1015083_1_MG_IT_RO_200526_GSL_89,Italy,Rome,41.9028,12.4964,ATO2 Wastewater Treatment Plant,68
1015083_1,Rome,Acinetobacter,0.051891736,2020-05-26 00:00:00,DTU_2022_1015083_1_MG_IT_RO_200526_GSL_89,Italy,Rome,41.9028,12.4964,ATO2 Wastewater Treatment Plant,68
1015083_1,Rome,Aeromonas,0.001846151,2020-05-26 00:00:00,DTU_2022_1015083_1_MG_IT_RO_200526_GSL_89,Italy,Rome,41.9028,12.4964,ATO2 Wastewater Treatment Plant,68
1015083_1,Rome,Aliarcobacter,0.002235632,2020-05-26 00:00:00,DTU_2022_1015083_1_MG_IT_RO_200526_GSL_89,Italy,Rome,41.9028,12.4964,ATO2 Wastewater Treatment Plant,68
1015083_1,Rome,Aquabacterium_A,0.000272164,2020-05-26 00:00:00,DTU_2022_1015083_1_MG_IT_RO_200526_GSL_89,Italy,Rome,41.9028,12.4964,ATO2 Wastewater Treatment Plant,68
1015083_1,Rome,Bacteroides,0.000231318,2020-05-26 00:00:00,DTU_2022_1015083_1_MG_IT_RO_200526_GSL_89,Italy,Rome,41.9028,12.4964,ATO2 Wastewater Treatment Plant,68
1015083_1,Rome,Brachymonas,0.010659847,2020-05-26 00:00:00,DTU_2022_1015083_1_MG_IT_RO_200526_GSL_89,Italy,Rome,41.9028,12.4964,ATO2 Wastewater Treatment Plant,68
1015083_1,Rome,Brevefilum,8.08568e-06,2020-05-26 00:00:00,DTU_2022_1015083_1_MG_IT_RO_200526_GSL_89,Italy,Rome,41.9028,12.4964,ATO2 Wastewater Treatment Plant,68
1015083_1,Rome,Brevundimonas,0.005551865,2020-05-26 00:00:00,DTU_2022_1015083_1_MG_IT_RO_200526_GSL_89,Italy,Rome,41.9028,12.4964,ATO2 Wastewater Treatment Plant,68
1015083_1,Rome,Cloacibacterium,0.007823115,2020-05-26 00:00:00,DTU_2022_1015083_1_MG_IT_RO_200526_GSL_89,Italy,Rome,41.9028,12.4964,ATO2 Wastewater Treatment Plant,68
1015083_1,Rome,Comamonas,0.01950386,2020-05-26 00:00:00,DTU_2022_1015083_1_MG_IT_RO_200526_GSL_89,Italy,Rome,41.9028,12.4964,ATO2 Wastewater Treatment Plant,68
1015083_1,Rome,Competibacter_A,7.42505e-05,2020-05-26 00:00:00,DTU_2022_1015083_1_MG_IT_RO_200526_GSL_89,Italy,Rome,41.9028,12.4964,ATO2 Wastewater Treatment Plant,68
1015083_1,Rome,Enterobacter,0.000189021,2020-05-26 00:00:00,DTU_2022_1015083_1_MG_IT_RO_200526_GSL_89,Italy,Rome,41.9028,12.4964,ATO2 Wastewater Treatment Plant,68
1015083_1,Rome,Fermentibacter,1.09731e-05,2020-05-26 00:00:00,DTU_2022_1015083_1_MG_IT_RO_200526_GSL_89,Italy,Rome,41.9028,12.4964,ATO2 Wastewater Treatment Plant,68
1015083_1,Rome,Flavobacterium,0.026063692,2020-05-26 00:00:00,DTU_2022_1015083_1_MG_IT_RO_200526_GSL_89,Italy,Rome,41.9028,12.4964,ATO2 Wastewater Treatment Plant,68
1015083_1,Rome,Giesbergeria,0.011561859,2020-05-26 00:00:00,DTU_2022_1015083_1_MG_IT_RO_200526_GSL_89,Italy,Rome,41.9028,12.4964,ATO2 Wastewater Treatment Plant,68
1015083_1,Rome,Hydrogenophaga,0.00048562,2020-05-26 00:00:00,DTU_2022_1015083_1_MG_IT_RO_200526_GSL_89,Italy,Rome,41.9028,12.4964,ATO2 Wastewater Treatment Plant,68
1015083_1,Rome,JAGOYM01,0.001718323,2020-05-26 00:00:00,DTU_2022_1015083_1_MG_IT_RO_200526_GSL_89,Italy,Rome,41.9028,12.4964,ATO2 Wastewater Treatment Plant,68
1015083_1,Rome,Janthinobacterium,0.004539939,2020-05-26 00:00:00,DTU_2022_1015083_1_MG_IT_RO_200526_GSL_89,Italy,Rome,41.9028,12.4964,ATO2 Wastewater Treatment Plant,68
1015083_1,Rome,Kaistella,0.017025011,2020-05-26 00:00:00,DTU_2022_1015083_1_MG_IT_RO_200526_GSL_89,Italy,Rome,41.9028,12.4964,ATO2 Wastewater Treatment Plant,68
1015083_1,Rome,Lactococcus_A,0.000273089,2020-05-26 00:00:00,DTU_2022_1015083_1_MG_IT_RO_200526_GSL_89,Italy,Rome,41.9028,12.4964,ATO2 Wastewater Treatment Plant,68
1015083_1,Rome,Lenti-01,0.000926182,2020-05-26 00:00:00,DTU_2022_1015083_1_MG_IT_RO_200526_GSL_89,Italy,Rome,41.9028,12.4964,ATO2 Wastewater Treatment Plant,68
1015083_1,Rome,Microthrix,0.000758099,2020-05-26 00:00:00,DTU_2022_1015083_1_MG_IT_RO_200526_GSL_89,Italy,Rome,41.9028,12.4964,ATO2 Wastewater Treatment Plant,68
1015083_1,Rome,Moraxella_A,0.019022667,2020-05-26 00:00:00,DTU_2022_1015083_1_MG_IT_RO_200526_GSL_89,Italy,Rome,41.9028,12.4964,ATO2 Wastewater Treatment Plant,68
1015083_1,Rome,Neisseria,0.007539549,2020-05-26 00:00:00,DTU_2022_1015083_1_MG_IT_RO_200526_GSL_89,Italy,Rome,41.9028,12.4964,ATO2 Wastewater Treatment Plant,68
1015083_1,Rome,Novosphingobium,0.000547933,2020-05-26 00:00:00,DTU_2022_1015083_1_MG_IT_RO_200526_GSL_89,Italy,Rome,41.9028,12.4964,ATO2 Wastewater Treatment Plant,68
1015083_1,Rome,Ottowia,0.012233414,2020-05-26 00:00:00,DTU_2022_1015083_1_MG_IT_RO_200526_GSL_89,Italy,Rome,41.9028,12.4964,ATO2 Wastewater Treatment Plant,68
1015083_1,Rome,Paracoccus,0.009461459,2020-05-26 00:00:00,DTU_2022_1015083_1_MG_IT_RO_200526_GSL_89,Italy,Rome,41.9028,12.4964,ATO2 Wastewater Treatment Plant,68
1015083_1,Rome,Phocaeicola,0.000124923,2020-05-26 00:00:00,DTU_2022_1015083_1_MG_IT_RO_200526_GSL_89,Italy,Rome,41.9028,12.4964,ATO2 Wastewater Treatment Plant,68
1015083_1,Rome,Prevotella,0.000389595,2020-05-26 00:00:00,DTU_2022_1015083_1_MG_IT_RO_200526_GSL_89,Italy,Rome,41.9028,12.4964,ATO2 Wastewater Treatment Plant,68
1015083_1,Rome,Propionivibrio,0.006050779,2020-05-26 00:00:00,DTU_2022_1015083_1_MG_IT_RO_200526_GSL_89,Italy,Rome,41.9028,12.4964,ATO2 Wastewater Treatment Plant,68
1015083_1,Rome,Pseudomonas_E,0.137521756,2020-05-26 00:00:00,DTU_2022_1015083_1_MG_IT_RO_200526_GSL_89,Italy,Rome,41.9028,12.4964,ATO2 Wastewater Treatment Plant,68
1015083_1,Rome,Pseudoxanthomonas,0.0074292,2020-05-26 00:00:00,DTU_2022_1015083_1_MG_IT_RO_200526_GSL_89,Italy,Rome,41.9028,12.4964,ATO2 Wastewater Treatment Plant,68
1015083_1,Rome,Pseudoxanthomonas_A,0.007856292,2020-05-26 00:00:00,DTU_2022_1015083_1_MG_IT_RO_200526_GSL_89,Italy,Rome,41.9028,12.4964,ATO2 Wastewater Treatment Plant,68
1015083_1,Rome,Psychrobacter,0.06344461,2020-05-26 00:00:00,DTU_2022_1015083_1_MG_IT_RO_200526_GSL_89,Italy,Rome,41.9028,12.4964,ATO2 Wastewater Treatment Plant,68
1015083_1,Rome,Rubrivivax,0.000197757,2020-05-26 00:00:00,DTU_2022_1015083_1_MG_IT_RO_200526_GSL_89,Italy,Rome,41.9028,12.4964,ATO2 Wastewater Treatment Plant,68
1015083_1,Rome,Streptococcus,0.002699624,2020-05-26 00:00:00,DTU_2022_1015083_1_MG_IT_RO_200526_GSL_89,Italy,Rome,41.9028,12.4964,ATO2 Wastewater Treatment Plant,68
1015083_1,Rome,Telluria,0.006359283,2020-05-26 00:00:00,DTU_2022_1015083_1_MG_IT_RO_200526_GSL_89,Italy,Rome,41.9028,12.4964,ATO2 Wastewater Treatment Plant,68
1015083_1,Rome,Thauera,0.004219878,2020-05-26 00:00:00,DTU_2022_1015083_1_MG_IT_RO_200526_GSL_89,Italy,Rome,41.9028,12.4964,ATO2 Wastewater Treatment Plant,68
1015083_1,Rome,Thermomonas,0.010977718,2020-05-26 00:00:00,DTU_2022_1015083_1_MG_IT_RO_200526_GSL_89,Italy,Rome,41.9028,12.4964,ATO2 Wastewater Treatment Plant,68
1015083_1,Rome,Thiothrix,0.003899246,2020-05-26 00:00:00,DTU_2022_1015083_1_MG_IT_RO_200526_GSL_89,Italy,Rome,41.9028,12.4964,ATO2 Wastewater Treatment Plant,68
1015083_1,Rome,Tolumonas,0.000204961,2020-05-26 00:00:00,DTU_2022_1015083_1_MG_IT_RO_200526_GSL_89,Italy,Rome,41.9028,12.4964,ATO2 Wastewater Treatment Plant,68
1015083_1,Rome,Trichococcus,0.002158227,2020-05-26 00:00:00,DTU_2022_1015083_1_MG_IT_RO_200526_GSL_89,Italy,Rome,41.9028,12.4964,ATO2 Wastewater Treatment Plant,68
1015083_1,Rome,UBA1413,6.24438e-07,2020-05-26 00:00:00,DTU_2022_1015083_1_MG_IT_RO_200526_GSL_89,Italy,Rome,41.9028,12.4964,ATO2 Wastewater Treatment Plant,68
1015083_1,Rome,merged,0.243448888,2020-05-26 00:00:00,DTU_2022_1015083_1_MG_IT_RO_200526_GSL_89,Italy,Rome,41.9028,12.4964,ATO2 Wastewater Treatment Plant,68
1015085_1,Rome,Acidovorax,0.263746444,2020-06-16 00:00:00,DTU_2022_1015085_1_MG_IT_RO_200616_GSL_91,Italy,Rome,41.9028,12.4964,ATO2 Wastewater Treatment Plant,71
1015085_1,Rome,Acinetobacter,0.112779833,2020-06-16 00:00:00,DTU_2022_1015085_1_MG_IT_RO_200616_GSL_91,Italy,Rome,41.9028,12.4964,ATO2 Wastewater Treatment Plant,71
1015085_1,Rome,Aeromonas,0.004548894,2020-06-16 00:00:00,DTU_2022_1015085_1_MG_IT_RO_200616_GSL_91,Italy,Rome,41.9028,12.4964,ATO2 Wastewater Treatment Plant,71
1015085_1,Rome,Aliarcobacter,0.001287927,2020-06-16 00:00:00,DTU_2022_1015085_1_MG_IT_RO_200616_GSL_91,Italy,Rome,41.9028,12.4964,ATO2 Wastewater Treatment Plant,71
1015085_1,Rome,Aquabacterium_A,0.000184276,2020-06-16 00:00:00,DTU_2022_1015085_1_MG_IT_RO_200616_GSL_91,Italy,Rome,41.9028,12.4964,ATO2 Wastewater Treatment Plant,71
1015085_1,Rome,Bacteroides,0.000803064,2020-06-16 00:00:00,DTU_2022_1015085_1_MG_IT_RO_200616_GSL_91,Italy,Rome,41.9028,12.4964,ATO2 Wastewater Treatment Plant,71
1015085_1,Rome,Brachymonas,0.007339889,2020-06-16 00:00:00,DTU_2022_1015085_1_MG_IT_RO_200616_GSL_91,Italy,Rome,41.9028,12.4964,ATO2 Wastewater Treatment Plant,71
1015085_1,Rome,Brevefilum,7.36266e-06,2020-06-16 00:00:00,DTU_2022_1015085_1_MG_IT_RO_200616_GSL_91,Italy,Rome,41.9028,12.4964,ATO2 Wastewater Treatment Plant,71
1015085_1,Rome,Brevundimonas,0.00416942,2020-06-16 00:00:00,DTU_2022_1015085_1_MG_IT_RO_200616_GSL_91,Italy,Rome,41.9028,12.4964,ATO2 Wastewater Treatment Plant,71
1015085_1,Rome,Cloacibacterium,0.015706233,2020-06-16 00:00:00,DTU_2022_1015085_1_MG_IT_RO_200616_GSL_91,Italy,Rome,41.9028,12.4964,ATO2 Wastewater Treatment Plant,71
1015085_1,Rome,Comamonas,0.039991553,2020-06-16 00:00:00,DTU_2022_1015085_1_MG_IT_RO_200616_GSL_91,Italy,Rome,41.9028,12.4964,ATO2 Wastewater Treatment Plant,71
1015085_1,Rome,Competibacter_A,6.51172e-05,2020-06-16 00:00:00,DTU_2022_1015085_1_MG_IT_RO_200616_GSL_91,Italy,Rome,41.9028,12.4964,ATO2 Wastewater Treatment Plant,71
1015085_1,Rome,Enterobacter,0.000344929,2020-06-16 00:00:00,DTU_2022_1015085_1_MG_IT_RO_200616_GSL_91,Italy,Rome,41.9028,12.4964,ATO2 Wastewater Treatment Plant,71
1015085_1,Rome,Fermentibacter,2.0964e-05,2020-06-16 00:00:00,DTU_2022_1015085_1_MG_IT_RO_200616_GSL_91,Italy,Rome,41.9028,12.4964,ATO2 Wastewater Treatment Plant,71
1015085_1,Rome,Flavobacterium,0.035094258,2020-06-16 00:00:00,DTU_2022_1015085_1_MG_IT_RO_200616_GSL_91,Italy,Rome,41.9028,12.4964,ATO2 Wastewater Treatment Plant,71
1015085_1,Rome,Giesbergeria,0.011097276,2020-06-16 00:00:00,DTU_2022_1015085_1_MG_IT_RO_200616_GSL_91,Italy,Rome,41.9028,12.4964,ATO2 Wastewater Treatment Plant,71
1015085_1,Rome,Hydrogenophaga,0.000714987,2020-06-16 00:00:00,DTU_2022_1015085_1_MG_IT_RO_200616_GSL_91,Italy,Rome,41.9028,12.4964,ATO2 Wastewater Treatment Plant,71
1015085_1,Rome,JAGOYM01,0.003266665,2020-06-16 00:00:00,DTU_2022_1015085_1_MG_IT_RO_200616_GSL_91,Italy,Rome,41.9028,12.4964,ATO2 Wastewater Treatment Plant,71
1015085_1,Rome,Janthinobacterium,0.001149362,2020-06-16 00:00:00,DTU_2022_1015085_1_MG_IT_RO_200616_GSL_91,Italy,Rome,41.9028,12.4964,ATO2 Wastewater Treatment Plant,71
1015085_1,Rome,Kaistella,0.024716389,2020-06-16 00:00:00,DTU_2022_1015085_1_MG_IT_RO_200616_GSL_91,Italy,Rome,41.9028,12.4964,ATO2 Wastewater Treatment Plant,71
1015085_1,Rome,Lactococcus_A,0.000242856,2020-06-16 00:00:00,DTU_2022_1015085_1_MG_IT_RO_200616_GSL_91,Italy,Rome,41.9028,12.4964,ATO2 Wastewater Treatment Plant,71
1015085_1,Rome,Lenti-01,0.003313481,2020-06-16 00:00:00,DTU_2022_1015085_1_MG_IT_RO_200616_GSL_91,Italy,Rome,41.9028,12.4964,ATO2 Wastewater Treatment Plant,71
1015085_1,Rome,Microthrix,5.53949e-05,2020-06-16 00:00:00,DTU_2022_1015085_1_MG_IT_RO_200616_GSL_91,Italy,Rome,41.9028,12.4964,ATO2 Wastewater Treatment Plant,71
1015085_1,Rome,Moraxella_A,0.044698871,2020-06-16 00:00:00,DTU_2022_1015085_1_MG_IT_RO_200616_GSL_91,Italy,Rome,41.9028,12.4964,ATO2 Wastewater Treatment Plant,71
1015085_1,Rome,Neisseria,0.010601239,2020-06-16 00:00:00,DTU_2022_1015085_1_MG_IT_RO_200616_GSL_91,Italy,Rome,41.9028,12.4964,ATO2 Wastewater Treatment Plant,71
1015085_1,Rome,Novosphingobium,0.000303361,2020-06-16 00:00:00,DTU_2022_1015085_1_MG_IT_RO_200616_GSL_91,Italy,Rome,41.9028,12.4964,ATO2 Wastewater Treatment Plant,71
1015085_1,Rome,Ottowia,0.006476249,2020-06-16 00:00:00,DTU_2022_1015085_1_MG_IT_RO_200616_GSL_91,Italy,Rome,41.9028,12.4964,ATO2 Wastewater Treatment Plant,71
1015085_1,Rome,Paracoccus,0.005712787,2020-06-16 00:00:00,DTU_2022_1015085_1_MG_IT_RO_200616_GSL_91,Italy,Rome,41.9028,12.4964,ATO2 Wastewater Treatment Plant,71
1015085_1,Rome,Phocaeicola,0.000349812,2020-06-16 00:00:00,DTU_2022_1015085_1_MG_IT_RO_200616_GSL_91,Italy,Rome,41.9028,12.4964,ATO2 Wastewater Treatment Plant,71
1015085_1,Rome,Prevotella,0.000777989,2020-06-16 00:00:00,DTU_2022_1015085_1_MG_IT_RO_200616_GSL_91,Italy,Rome,41.9028,12.4964,ATO2 Wastewater Treatment Plant,71
1015085_1,Rome,Propionivibrio,0.00361145,2020-06-16 00:00:00,DTU_2022_1015085_1_MG_IT_RO_200616_GSL_91,Italy,Rome,41.9028,12.4964,ATO2 Wastewater Treatment Plant,71
1015085_1,Rome,Pseudomonas_E,0.063198472,2020-06-16 00:00:00,DTU_2022_1015085_1_MG_IT_RO_200616_GSL_91,Italy,Rome,41.9028,12.4964,ATO2 Wastewater Treatment Plant,71
1015085_1,Rome,Pseudoxanthomonas,0.002635174,2020-06-16 00:00:00,DTU_2022_1015085_1_MG_IT_RO_200616_GSL_91,Italy,Rome,41.9028,12.4964,ATO2 Wastewater Treatment Plant,71
1015085_1,Rome,Pseudoxanthomonas_A,0.01076388,2020-06-16 00:00:00,DTU_2022_1015085_1_MG_IT_RO_200616_GSL_91,Italy,Rome,41.9028,12.4964,ATO2 Wastewater Treatment Plant,71
1015085_1,Rome,Psychrobacter,0.028700008,2020-06-16 00:00:00,DTU_2022_1015085_1_MG_IT_RO_200616_GSL_91,Italy,Rome,41.9028,12.4964,ATO2 Wastewater Treatment Plant,71
1015085_1,Rome,Rubrivivax,0.000118803,2020-06-16 00:00:00,DTU_2022_1015085_1_MG_IT_RO_200616_GSL_91,Italy,Rome,41.9028,12.4964,ATO2 Wastewater Treatment Plant,71
1015085_1,Rome,Streptococcus,0.002759721,2020-06-16 00:00:00,DTU_2022_1015085_1_MG_IT_RO_200616_GSL_91,Italy,Rome,41.9028,12.4964,ATO2 Wastewater Treatment Plant,71
1015085_1,Rome,Telluria,0.004894396,2020-06-16 00:00:00,DTU_2022_1015085_1_MG_IT_RO_200616_GSL_91,Italy,Rome,41.9028,12.4964,ATO2 Wastewater Treatment Plant,71
1015085_1,Rome,Thauera,0.003645292,2020-06-16 00:00:00,DTU_2022_1015085_1_MG_IT_RO_200616_GSL_91,Italy,Rome,41.9028,12.4964,ATO2 Wastewater Treatment Plant,71
1015085_1,Rome,Thermomonas,0.004914866,2020-06-16 00:00:00,DTU_2022_1015085_1_MG_IT_RO_200616_GSL_91,Italy,Rome,41.9028,12.4964,ATO2 Wastewater Treatment Plant,71
1015085_1,Rome,Thiothrix,0.000686255,2020-06-16 00:00:00,DTU_2022_1015085_1_MG_IT_RO_200616_GSL_91,Italy,Rome,41.9028,12.4964,ATO2 Wastewater Treatment Plant,71
1015085_1,Rome,Tolumonas,0.000685766,2020-06-16 00:00:00,DTU_2022_1015085_1_MG_IT_RO_200616_GSL_91,Italy,Rome,41.9028,12.4964,ATO2 Wastewater Treatment Plant,71
1015085_1,Rome,Trichococcus,0.002714001,2020-06-16 00:00:00,DTU_2022_1015085_1_MG_IT_RO_200616_GSL_91,Italy,Rome,41.9028,12.4964,ATO2 Wastewater Treatment Plant,71
1015085_1,Rome,UBA1413,8.84267e-05,2020-06-16 00:00:00,DTU_2022_1015085_1_MG_IT_RO_200616_GSL_91,Italy,Rome,41.9028,12.4964,ATO2 Wastewater Treatment Plant,71
1015085_1,Rome,merged,0.271016606,2020-06-16 00:00:00,DTU_2022_1015085_1_MG_IT_RO_200616_GSL_91,Italy,Rome,41.9028,12.4964,ATO2 Wastewater Treatment Plant,71
1015087_1,Rome,Acidovorax,0.299259847,2020-06-30 00:00:00,DTU_2022_1015087_1_MG_IT_RO_200630_GSL_351,Italy,Rome,41.9028,12.4964,ATO2 Wastewater Treatment Plant,73
1015087_1,Rome,Acinetobacter,0.08325883,2020-06-30 00:00:00,DTU_2022_1015087_1_MG_IT_RO_200630_GSL_351,Italy,Rome,41.9028,12.4964,ATO2 Wastewater Treatment Plant,73
1015087_1,Rome,Aeromonas,0.002054364,2020-06-30 00:00:00,DTU_2022_1015087_1_MG_IT_RO_200630_GSL_351,Italy,Rome,41.9028,12.4964,ATO2 Wastewater Treatment Plant,73
1015087_1,Rome,Aliarcobacter,0.001437386,2020-06-30 00:00:00,DTU_2022_1015087_1_MG_IT_RO_200630_GSL_351,Italy,Rome,41.9028,12.4964,ATO2 Wastewater Treatment Plant,73
1015087_1,Rome,Aquabacterium_A,0.000207588,2020-06-30 00:00:00,DTU_2022_1015087_1_MG_IT_RO_200630_GSL_351,Italy,Rome,41.9028,12.4964,ATO2 Wastewater Treatment Plant,73
1015087_1,Rome,Bacteroides,0.000358943,2020-06-30 00:00:00,DTU_2022_1015087_1_MG_IT_RO_200630_GSL_351,Italy,Rome,41.9028,12.4964,ATO2 Wastewater Treatment Plant,73
1015087_1,Rome,Brachymonas,0.00989642,2020-06-30 00:00:00,DTU_2022_1015087_1_MG_IT_RO_200630_GSL_351,Italy,Rome,41.9028,12.4964,ATO2 Wastewater Treatment Plant,73
1015087_1,Rome,Brevefilum,5.1266e-06,2020-06-30 00:00:00,DTU_2022_1015087_1_MG_IT_RO_200630_GSL_351,Italy,Rome,41.9028,12.4964,ATO2 Wastewater Treatment Plant,73
1015087_1,Rome,Brevundimonas,0.002838507,2020-06-30 00:00:00,DTU_2022_1015087_1_MG_IT_RO_200630_GSL_351,Italy,Rome,41.9028,12.4964,ATO2 Wastewater Treatment Plant,73
1015087_1,Rome,Cloacibacterium,0.01903122,2020-06-30 00:00:00,DTU_2022_1015087_1_MG_IT_RO_200630_GSL_351,Italy,Rome,41.9028,12.4964,ATO2 Wastewater Treatment Plant,73
1015087_1,Rome,Comamonas,0.038957381,2020-06-30 00:00:00,DTU_2022_1015087_1_MG_IT_RO_200630_GSL_351,Italy,Rome,41.9028,12.4964,ATO2 Wastewater Treatment Plant,73
1015087_1,Rome,Competibacter_A,6.70386e-05,2020-06-30 00:00:00,DTU_2022_1015087_1_MG_IT_RO_200630_GSL_351,Italy,Rome,41.9028,12.4964,ATO2 Wastewater Treatment Plant,73
1015087_1,Rome,Enterobacter,0.000114625,2020-06-30 00:00:00,DTU_2022_1015087_1_MG_IT_RO_200630_GSL_351,Italy,Rome,41.9028,12.4964,ATO2 Wastewater Treatment Plant,73
1015087_1,Rome,Fermentibacter,3.46088e-05,2020-06-30 00:00:00,DTU_2022_1015087_1_MG_IT_RO_200630_GSL_351,Italy,Rome,41.9028,12.4964,ATO2 Wastewater Treatment Plant,73
1015087_1,Rome,Flavobacterium,0.052978818,2020-06-30 00:00:00,DTU_2022_1015087_1_MG_IT_RO_200630_GSL_351,Italy,Rome,41.9028,12.4964,ATO2 Wastewater Treatment Plant,73
1015087_1,Rome,Giesbergeria,0.010318237,2020-06-30 00:00:00,DTU_2022_1015087_1_MG_IT_RO_200630_GSL_351,Italy,Rome,41.9028,12.4964,ATO2 Wastewater Treatment Plant,73
1015087_1,Rome,Hydrogenophaga,0.000664099,2020-06-30 00:00:00,DTU_2022_1015087_1_MG_IT_RO_200630_GSL_351,Italy,Rome,41.9028,12.4964,ATO2 Wastewater Treatment Plant,73
1015087_1,Rome,JAGOYM01,0.000245928,2020-06-30 00:00:00,DTU_2022_1015087_1_MG_IT_RO_200630_GSL_351,Italy,Rome,41.9028,12.4964,ATO2 Wastewater Treatment Plant,73
1015087_1,Rome,Janthinobacterium,0.038011189,2020-06-30 00:00:00,DTU_2022_1015087_1_MG_IT_RO_200630_GSL_351,Italy,Rome,41.9028,12.4964,ATO2 Wastewater Treatment Plant,73
1015087_1,Rome,Kaistella,0.014283295,2020-06-30 00:00:00,DTU_2022_1015087_1_MG_IT_RO_200630_GSL_351,Italy,Rome,41.9028,12.4964,ATO2 Wastewater Treatment Plant,73
1015087_1,Rome,Lactococcus_A,0.000116965,2020-06-30 00:00:00,DTU_2022_1015087_1_MG_IT_RO_200630_GSL_351,Italy,Rome,41.9028,12.4964,ATO2 Wastewater Treatment Plant,73
1015087_1,Rome,Lenti-01,0.001137095,2020-06-30 00:00:00,DTU_2022_1015087_1_MG_IT_RO_200630_GSL_351,Italy,Rome,41.9028,12.4964,ATO2 Wastewater Treatment Plant,73
1015087_1,Rome,Microthrix,0.000793789,2020-06-30 00:00:00,DTU_2022_1015087_1_MG_IT_RO_200630_GSL_351,Italy,Rome,41.9028,12.4964,ATO2 Wastewater Treatment Plant,73
1015087_1,Rome,Moraxella_A,0.04600898,2020-06-30 00:00:00,DTU_2022_1015087_1_MG_IT_RO_200630_GSL_351,Italy,Rome,41.9028,12.4964,ATO2 Wastewater Treatment Plant,73
1015087_1,Rome,Neisseria,0.00289086,2020-06-30 00:00:00,DTU_2022_1015087_1_MG_IT_RO_200630_GSL_351,Italy,Rome,41.9028,12.4964,ATO2 Wastewater Treatment Plant,73
1015087_1,Rome,Novosphingobium,0.000549224,2020-06-30 00:00:00,DTU_2022_1015087_1_MG_IT_RO_200630_GSL_351,Italy,Rome,41.9028,12.4964,ATO2 Wastewater Treatment Plant,73
1015087_1,Rome,Ottowia,0.002806803,2020-06-30 00:00:00,DTU_2022_1015087_1_MG_IT_RO_200630_GSL_351,Italy,Rome,41.9028,12.4964,ATO2 Wastewater Treatment Plant,73
1015087_1,Rome,Paracoccus,0.003767991,2020-06-30 00:00:00,DTU_2022_1015087_1_MG_IT_RO_200630_GSL_351,Italy,Rome,41.9028,12.4964,ATO2 Wastewater Treatment Plant,73
1015087_1,Rome,Phocaeicola,0.000123429,2020-06-30 00:00:00,DTU_2022_1015087_1_MG_IT_RO_200630_GSL_351,Italy,Rome,41.9028,12.4964,ATO2 Wastewater Treatment Plant,73
1015087_1,Rome,Prevotella,0.000377783,2020-06-30 00:00:00,DTU_2022_1015087_1_MG_IT_RO_200630_GSL_351,Italy,Rome,41.9028,12.4964,ATO2 Wastewater Treatment Plant,73
1015087_1,Rome,Propionivibrio,0.007372718,2020-06-30 00:00:00,DTU_2022_1015087_1_MG_IT_RO_200630_GSL_351,Italy,Rome,41.9028,12.4964,ATO2 Wastewater Treatment Plant,73
1015087_1,Rome,Pseudomonas_E,0.096593611,2020-06-30 00:00:00,DTU_2022_1015087_1_MG_IT_RO_200630_GSL_351,Italy,Rome,41.9028,12.4964,ATO2 Wastewater Treatment Plant,73
1015087_1,Rome,Pseudoxanthomonas,0.005691081,2020-06-30 00:00:00,DTU_2022_1015087_1_MG_IT_RO_200630_GSL_351,Italy,Rome,41.9028,12.4964,ATO2 Wastewater Treatment Plant,73
1015087_1,Rome,Pseudoxanthomonas_A,0.003048113,2020-06-30 00:00:00,DTU_2022_1015087_1_MG_IT_RO_200630_GSL_351,Italy,Rome,41.9028,12.4964,ATO2 Wastewater Treatment Plant,73
1015087_1,Rome,Psychrobacter,0.026204522,2020-06-30 00:00:00,DTU_2022_1015087_1_MG_IT_RO_200630_GSL_351,Italy,Rome,41.9028,12.4964,ATO2 Wastewater Treatment Plant,73
1015087_1,Rome,Rubrivivax,0.000136638,2020-06-30 00:00:00,DTU_2022_1015087_1_MG_IT_RO_200630_GSL_351,Italy,Rome,41.9028,12.4964,ATO2 Wastewater Treatment Plant,73
1015087_1,Rome,Streptococcus,0.000683163,2020-06-30 00:00:00,DTU_2022_1015087_1_MG_IT_RO_200630_GSL_351,Italy,Rome,41.9028,12.4964,ATO2 Wastewater Treatment Plant,73
1015087_1,Rome,Telluria,0.050431702,2020-06-30 00:00:00,DTU_2022_1015087_1_MG_IT_RO_200630_GSL_351,Italy,Rome,41.9028,12.4964,ATO2 Wastewater Treatment Plant,73
1015087_1,Rome,Thauera,0.004863764,2020-06-30 00:00:00,DTU_2022_1015087_1_MG_IT_RO_200630_GSL_351,Italy,Rome,41.9028,12.4964,ATO2 Wastewater Treatment Plant,73
1015087_1,Rome,Thermomonas,0.004231896,2020-06-30 00:00:00,DTU_2022_1015087_1_MG_IT_RO_200630_GSL_351,Italy,Rome,41.9028,12.4964,ATO2 Wastewater Treatment Plant,73
1015087_1,Rome,Thiothrix,0.001883338,2020-06-30 00:00:00,DTU_2022_1015087_1_MG_IT_RO_200630_GSL_351,Italy,Rome,41.9028,12.4964,ATO2 Wastewater Treatment Plant,73
1015087_1,Rome,Tolumonas,0.00017623,2020-06-30 00:00:00,DTU_2022_1015087_1_MG_IT_RO_200630_GSL_351,Italy,Rome,41.9028,12.4964,ATO2 Wastewater Treatment Plant,73
1015087_1,Rome,Trichococcus,0.000671629,2020-06-30 00:00:00,DTU_2022_1015087_1_MG_IT_RO_200630_GSL_351,Italy,Rome,41.9028,12.4964,ATO2 Wastewater Treatment Plant,73
1015087_1,Rome,UBA1413,2.00078e-05,2020-06-30 00:00:00,DTU_2022_1015087_1_MG_IT_RO_200630_GSL_351,Italy,Rome,41.9028,12.4964,ATO2 Wastewater Treatment Plant,73
1015087_1,Rome,merged,0.165395218,2020-06-30 00:00:00,DTU_2022_1015087_1_MG_IT_RO_200630_GSL_351,Italy,Rome,41.9028,12.4964,ATO2 Wastewater Treatment Plant,73
1015089_1,Rome,Acidovorax,0.170577341,2020-07-14 00:00:00,DTU_2022_1015089_1_MG_IT_RO_200714_GSL_353,Italy,Rome,41.9028,12.4964,ATO2 Wastewater Treatment Plant,75
1015089_1,Rome,Acinetobacter,0.044422576,2020-07-14 00:00:00,DTU_2022_1015089_1_MG_IT_RO_200714_GSL_353,Italy,Rome,41.9028,12.4964,ATO2 Wastewater Treatment Plant,75
1015089_1,Rome,Aeromonas,0.000676289,2020-07-14 00:00:00,DTU_2022_1015089_1_MG_IT_RO_200714_GSL_353,Italy,Rome,41.9028,12.4964,ATO2 Wastewater Treatment Plant,75
1015089_1,Rome,Aliarcobacter,0.000505703,2020-07-14 00:00:00,DTU_2022_1015089_1_MG_IT_RO_200714_GSL_353,Italy,Rome,41.9028,12.4964,ATO2 Wastewater Treatment Plant,75
1015089_1,Rome,Aquabacterium_A,7.68627e-05,2020-07-14 00:00:00,DTU_2022_1015089_1_MG_IT_RO_200714_GSL_353,Italy,Rome,41.9028,12.4964,ATO2 Wastewater Treatment Plant,75
1015089_1,Rome,Bacteroides,9.55086e-05,2020-07-14 00:00:00,DTU_2022_1015089_1_MG_IT_RO_200714_GSL_353,Italy,Rome,41.9028,12.4964,ATO2 Wastewater Treatment Plant,75
1015089_1,Rome,Brachymonas,0.005129267,2020-07-14 00:00:00,DTU_2022_1015089_1_MG_IT_RO_200714_GSL_353,Italy,Rome,41.9028,12.4964,ATO2 Wastewater Treatment Plant,75
1015089_1,Rome,Brevefilum,1.47173e-06,2020-07-14 00:00:00,DTU_2022_1015089_1_MG_IT_RO_200714_GSL_353,Italy,Rome,41.9028,12.4964,ATO2 Wastewater Treatment Plant,75
1015089_1,Rome,Brevundimonas,0.001628463,2020-07-14 00:00:00,DTU_2022_1015089_1_MG_IT_RO_200714_GSL_353,Italy,Rome,41.9028,12.4964,ATO2 Wastewater Treatment Plant,75
1015089_1,Rome,Cloacibacterium,0.003653564,2020-07-14 00:00:00,DTU_2022_1015089_1_MG_IT_RO_200714_GSL_353,Italy,Rome,41.9028,12.4964,ATO2 Wastewater Treatment Plant,75
1015089_1,Rome,Comamonas,0.007458238,2020-07-14 00:00:00,DTU_2022_1015089_1_MG_IT_RO_200714_GSL_353,Italy,Rome,41.9028,12.4964,ATO2 Wastewater Treatment Plant,75
1015089_1,Rome,Competibacter_A,8.79151e-05,2020-07-14 00:00:00,DTU_2022_1015089_1_MG_IT_RO_200714_GSL_353,Italy,Rome,41.9028,12.4964,ATO2 Wastewater Treatment Plant,75
1015089_1,Rome,Enterobacter,6.72089e-05,2020-07-14 00:00:00,DTU_2022_1015089_1_MG_IT_RO_200714_GSL_353,Italy,Rome,41.9028,12.4964,ATO2 Wastewater Treatment Plant,75
1015089_1,Rome,Fermentibacter,5.76653e-06,2020-07-14 00:00:00,DTU_2022_1015089_1_MG_IT_RO_200714_GSL_353,Italy,Rome,41.9028,12.4964,ATO2 Wastewater Treatment Plant,75
1015089_1,Rome,Flavobacterium,0.024265027,2020-07-14 00:00:00,DTU_2022_1015089_1_MG_IT_RO_200714_GSL_353,Italy,Rome,41.9028,12.4964,ATO2 Wastewater Treatment Plant,75
1015089_1,Rome,Giesbergeria,0.00385228,2020-07-14 00:00:00,DTU_2022_1015089_1_MG_IT_RO_200714_GSL_353,Italy,Rome,41.9028,12.4964,ATO2 Wastewater Treatment Plant,75
1015089_1,Rome,Hydrogenophaga,0.000442122,2020-07-14 00:00:00,DTU_2022_1015089_1_MG_IT_RO_200714_GSL_353,Italy,Rome,41.9028,12.4964,ATO2 Wastewater Treatment Plant,75
1015089_1,Rome,JAGOYM01,0.00025368,2020-07-14 00:00:00,DTU_2022_1015089_1_MG_IT_RO_200714_GSL_353,Italy,Rome,41.9028,12.4964,ATO2 Wastewater Treatment Plant,75
1015089_1,Rome,Janthinobacterium,0.027279344,2020-07-14 00:00:00,DTU_2022_1015089_1_MG_IT_RO_200714_GSL_353,Italy,Rome,41.9028,12.4964,ATO2 Wastewater Treatment Plant,75
1015089_1,Rome,Kaistella,0.018929263,2020-07-14 00:00:00,DTU_2022_1015089_1_MG_IT_RO_200714_GSL_353,Italy,Rome,41.9028,12.4964,ATO2 Wastewater Treatment Plant,75
1015089_1,Rome,Lactococcus_A,7.29934e-05,2020-07-14 00:00:00,DTU_2022_1015089_1_MG_IT_RO_200714_GSL_353,Italy,Rome,41.9028,12.4964,ATO2 Wastewater Treatment Plant,75
1015089_1,Rome,Lenti-01,0.000811097,2020-07-14 00:00:00,DTU_2022_1015089_1_MG_IT_RO_200714_GSL_353,Italy,Rome,41.9028,12.4964,ATO2 Wastewater Treatment Plant,75
1015089_1,Rome,Microthrix,1.96131e-05,2020-07-14 00:00:00,DTU_2022_1015089_1_MG_IT_RO_200714_GSL_353,Italy,Rome,41.9028,12.4964,ATO2 Wastewater Treatment Plant,75
1015089_1,Rome,Moraxella_A,0.053503159,2020-07-14 00:00:00,DTU_2022_1015089_1_MG_IT_RO_200714_GSL_353,Italy,Rome,41.9028,12.4964,ATO2 Wastewater Treatment Plant,75
1015089_1,Rome,Neisseria,0.002837496,2020-07-14 00:00:00,DTU_2022_1015089_1_MG_IT_RO_200714_GSL_353,Italy,Rome,41.9028,12.4964,ATO2 Wastewater Treatment Plant,75
1015089_1,Rome,Novosphingobium,0.000489934,2020-07-14 00:00:00,DTU_2022_1015089_1_MG_IT_RO_200714_GSL_353,Italy,Rome,41.9028,12.4964,ATO2 Wastewater Treatment Plant,75
1015089_1,Rome,Ottowia,0.003768752,2020-07-14 00:00:00,DTU_2022_1015089_1_MG_IT_RO_200714_GSL_353,Italy,Rome,41.9028,12.4964,ATO2 Wastewater Treatment Plant,75
1015089_1,Rome,Paracoccus,0.004479681,2020-07-14 00:00:00,DTU_2022_1015089_1_MG_IT_RO_200714_GSL_353,Italy,Rome,41.9028,12.4964,ATO2 Wastewater Treatment Plant,75
1015089_1,Rome,Phocaeicola,9.6106e-05,2020-07-14 00:00:00,DTU_2022_1015089_1_MG_IT_RO_200714_GSL_353,Italy,Rome,41.9028,12.4964,ATO2 Wastewater Treatment Plant,75
1015089_1,Rome,Prevotella,0.000191134,2020-07-14 00:00:00,DTU_2022_1015089_1_MG_IT_RO_200714_GSL_353,Italy,Rome,41.9028,12.4964,ATO2 Wastewater Treatment Plant,75
1015089_1,Rome,Propionivibrio,0.003590837,2020-07-14 00:00:00,DTU_2022_1015089_1_MG_IT_RO_200714_GSL_353,Italy,Rome,41.9028,12.4964,ATO2 Wastewater Treatment Plant,75
1015089_1,Rome,Pseudomonas_E,0.355459427,2020-07-14 00:00:00,DTU_2022_1015089_1_MG_IT_RO_200714_GSL_353,Italy,Rome,41.9028,12.4964,ATO2 Wastewater Treatment Plant,75
1015089_1,Rome,Pseudoxanthomonas,0.002790607,2020-07-14 00:00:00,DTU_2022_1015089_1_MG_IT_RO_200714_GSL_353,Italy,Rome,41.9028,12.4964,ATO2 Wastewater Treatment Plant,75
1015089_1,Rome,Pseudoxanthomonas_A,0.007101074,2020-07-14 00:00:00,DTU_2022_1015089_1_MG_IT_RO_200714_GSL_353,Italy,Rome,41.9028,12.4964,ATO2 Wastewater Treatment Plant,75
1015089_1,Rome,Psychrobacter,0.087078166,2020-07-14 00:00:00,DTU_2022_1015089_1_MG_IT_RO_200714_GSL_353,Italy,Rome,41.9028,12.4964,ATO2 Wastewater Treatment Plant,75
1015089_1,Rome,Rubrivivax,7.74833e-05,2020-07-14 00:00:00,DTU_2022_1015089_1_MG_IT_RO_200714_GSL_353,Italy,Rome,41.9028,12.4964,ATO2 Wastewater Treatment Plant,75
1015089_1,Rome,Streptococcus,0.000517711,2020-07-14 00:00:00,DTU_2022_1015089_1_MG_IT_RO_200714_GSL_353,Italy,Rome,41.9028,12.4964,ATO2 Wastewater Treatment Plant,75
1015089_1,Rome,Telluria,0.019711533,2020-07-14 00:00:00,DTU_2022_1015089_1_MG_IT_RO_200714_GSL_353,Italy,Rome,41.9028,12.4964,ATO2 Wastewater Treatment Plant,75
1015089_1,Rome,Thauera,0.002533945,2020-07-14 00:00:00,DTU_2022_1015089_1_MG_IT_RO_200714_GSL_353,Italy,Rome,41.9028,12.4964,ATO2 Wastewater Treatment Plant,75
1015089_1,Rome,Thermomonas,0.004376602,2020-07-14 00:00:00,DTU_2022_1015089_1_MG_IT_RO_200714_GSL_353,Italy,Rome,41.9028,12.4964,ATO2 Wastewater Treatment Plant,75
1015089_1,Rome,Thiothrix,0.000943657,2020-07-14 00:00:00,DTU_2022_1015089_1_MG_IT_RO_200714_GSL_353,Italy,Rome,41.9028,12.4964,ATO2 Wastewater Treatment Plant,75
1015089_1,Rome,Tolumonas,0.000224508,2020-07-14 00:00:00,DTU_2022_1015089_1_MG_IT_RO_200714_GSL_353,Italy,Rome,41.9028,12.4964,ATO2 Wastewater Treatment Plant,75
1015089_1,Rome,Trichococcus,0.000576685,2020-07-14 00:00:00,DTU_2022_1015089_1_MG_IT_RO_200714_GSL_353,Italy,Rome,41.9028,12.4964,ATO2 Wastewater Treatment Plant,75
1015089_1,Rome,UBA1413,1.39653e-06,2020-07-14 00:00:00,DTU_2022_1015089_1_MG_IT_RO_200714_GSL_353,Italy,Rome,41.9028,12.4964,ATO2 Wastewater Treatment Plant,75
1015089_1,Rome,merged,0.139338513,2020-07-14 00:00:00,DTU_2022_1015089_1_MG_IT_RO_200714_GSL_353,Italy,Rome,41.9028,12.4964,ATO2 Wastewater Treatment Plant,75
1015091_1,Rome,Acidovorax,0.121070117,2020-07-31 00:00:00,DTU_2022_1015091_1_MG_IT_RO_200731_GSL_355,Italy,Rome,41.9028,12.4964,ATO2 Wastewater Treatment Plant,78
1015091_1,Rome,Acinetobacter,0.108506983,2020-07-31 00:00:00,DTU_2022_1015091_1_MG_IT_RO_200731_GSL_355,Italy,Rome,41.9028,12.4964,ATO2 Wastewater Treatment Plant,78
1015091_1,Rome,Aeromonas,0.000581556,2020-07-31 00:00:00,DTU_2022_1015091_1_MG_IT_RO_200731_GSL_355,Italy,Rome,41.9028,12.4964,ATO2 Wastewater Treatment Plant,78
1015091_1,Rome,Aliarcobacter,0.000881113,2020-07-31 00:00:00,DTU_2022_1015091_1_MG_IT_RO_200731_GSL_355,Italy,Rome,41.9028,12.4964,ATO2 Wastewater Treatment Plant,78
1015091_1,Rome,Aquabacterium_A,0.000101736,2020-07-31 00:00:00,DTU_2022_1015091_1_MG_IT_RO_200731_GSL_355,Italy,Rome,41.9028,12.4964,ATO2 Wastewater Treatment Plant,78
1015091_1,Rome,Bacteroides,3.26164e-05,2020-07-31 00:00:00,DTU_2022_1015091_1_MG_IT_RO_200731_GSL_355,Italy,Rome,41.9028,12.4964,ATO2 Wastewater Treatment Plant,78
1015091_1,Rome,Brachymonas,0.005223183,2020-07-31 00:00:00,DTU_2022_1015091_1_MG_IT_RO_200731_GSL_355,Italy,Rome,41.9028,12.4964,ATO2 Wastewater Treatment Plant,78
1015091_1,Rome,Brevefilum,1.1521e-06,2020-07-31 00:00:00,DTU_2022_1015091_1_MG_IT_RO_200731_GSL_355,Italy,Rome,41.9028,12.4964,ATO2 Wastewater Treatment Plant,78
1015091_1,Rome,Brevundimonas,0.000700144,2020-07-31 00:00:00,DTU_2022_1015091_1_MG_IT_RO_200731_GSL_355,Italy,Rome,41.9028,12.4964,ATO2 Wastewater Treatment Plant,78
1015091_1,Rome,Cloacibacterium,0.006625856,2020-07-31 00:00:00,DTU_2022_1015091_1_MG_IT_RO_200731_GSL_355,Italy,Rome,41.9028,12.4964,ATO2 Wastewater Treatment Plant,78
1015091_1,Rome,Comamonas,0.006752619,2020-07-31 00:00:00,DTU_2022_1015091_1_MG_IT_RO_200731_GSL_355,Italy,Rome,41.9028,12.4964,ATO2 Wastewater Treatment Plant,78
1015091_1,Rome,Competibacter_A,0.000101126,2020-07-31 00:00:00,DTU_2022_1015091_1_MG_IT_RO_200731_GSL_355,Italy,Rome,41.9028,12.4964,ATO2 Wastewater Treatment Plant,78
1015091_1,Rome,Enterobacter,9.83896e-05,2020-07-31 00:00:00,DTU_2022_1015091_1_MG_IT_RO_200731_GSL_355,Italy,Rome,41.9028,12.4964,ATO2 Wastewater Treatment Plant,78
1015091_1,Rome,Fermentibacter,9.72686e-06,2020-07-31 00:00:00,DTU_2022_1015091_1_MG_IT_RO_200731_GSL_355,Italy,Rome,41.9028,12.4964,ATO2 Wastewater Treatment Plant,78
1015091_1,Rome,Flavobacterium,0.019341009,2020-07-31 00:00:00,DTU_2022_1015091_1_MG_IT_RO_200731_GSL_355,Italy,Rome,41.9028,12.4964,ATO2 Wastewater Treatment Plant,78
1015091_1,Rome,Giesbergeria,0.003696715,2020-07-31 00:00:00,DTU_2022_1015091_1_MG_IT_RO_200731_GSL_355,Italy,Rome,41.9028,12.4964,ATO2 Wastewater Treatment Plant,78
1015091_1,Rome,Hydrogenophaga,0.000256053,2020-07-31 00:00:00,DTU_2022_1015091_1_MG_IT_RO_200731_GSL_355,Italy,Rome,41.9028,12.4964,ATO2 Wastewater Treatment Plant,78
1015091_1,Rome,JAGOYM01,0.000271237,2020-07-31 00:00:00,DTU_2022_1015091_1_MG_IT_RO_200731_GSL_355,Italy,Rome,41.9028,12.4964,ATO2 Wastewater Treatment Plant,78
1015091_1,Rome,Janthinobacterium,0.008379603,2020-07-31 00:00:00,DTU_2022_1015091_1_MG_IT_RO_200731_GSL_355,Italy,Rome,41.9028,12.4964,ATO2 Wastewater Treatment Plant,78
1015091_1,Rome,Kaistella,0.009376807,2020-07-31 00:00:00,DTU_2022_1015091_1_MG_IT_RO_200731_GSL_355,Italy,Rome,41.9028,12.4964,ATO2 Wastewater Treatment Plant,78
1015091_1,Rome,Lactococcus_A,0.000106756,2020-07-31 00:00:00,DTU_2022_1015091_1_MG_IT_RO_200731_GSL_355,Italy,Rome,41.9028,12.4964,ATO2 Wastewater Treatment Plant,78
1015091_1,Rome,Lenti-01,0.000591567,2020-07-31 00:00:00,DTU_2022_1015091_1_MG_IT_RO_200731_GSL_355,Italy,Rome,41.9028,12.4964,ATO2 Wastewater Treatment Plant,78
1015091_1,Rome,Microthrix,1.06792e-05,2020-07-31 00:00:00,DTU_2022_1015091_1_MG_IT_RO_200731_GSL_355,Italy,Rome,41.9028,12.4964,ATO2 Wastewater Treatment Plant,78
1015091_1,Rome,Moraxella_A,0.024127079,2020-07-31 00:00:00,DTU_2022_1015091_1_MG_IT_RO_200731_GSL_355,Italy,Rome,41.9028,12.4964,ATO2 Wastewater Treatment Plant,78
1015091_1,Rome,Neisseria,0.004723241,2020-07-31 00:00:00,DTU_2022_1015091_1_MG_IT_RO_200731_GSL_355,Italy,Rome,41.9028,12.4964,ATO2 Wastewater Treatment Plant,78
1015091_1,Rome,Novosphingobium,0.000476715,2020-07-31 00:00:00,DTU_2022_1015091_1_MG_IT_RO_200731_GSL_355,Italy,Rome,41.9028,12.4964,ATO2 Wastewater Treatment Plant,78
1015091_1,Rome,Ottowia,0.004624438,2020-07-31 00:00:00,DTU_2022_1015091_1_MG_IT_RO_200731_GSL_355,Italy,Rome,41.9028,12.4964,ATO2 Wastewater Treatment Plant,78
1015091_1,Rome,Paracoccus,0.003982654,2020-07-31 00:00:00,DTU_2022_1015091_1_MG_IT_RO_200731_GSL_355,Italy,Rome,41.9028,12.4964,ATO2 Wastewater Treatment Plant,78
1015091_1,Rome,Phocaeicola,2.94853e-05,2020-07-31 00:00:00,DTU_2022_1015091_1_MG_IT_RO_200731_GSL_355,Italy,Rome,41.9028,12.4964,ATO2 Wastewater Treatment Plant,78
1015091_1,Rome,Prevotella,7.47195e-05,2020-07-31 00:00:00,DTU_2022_1015091_1_MG_IT_RO_200731_GSL_355,Italy,Rome,41.9028,12.4964,ATO2 Wastewater Treatment Plant,78
1015091_1,Rome,Propionivibrio,0.005658855,2020-07-31 00:00:00,DTU_2022_1015091_1_MG_IT_RO_200731_GSL_355,Italy,Rome,41.9028,12.4964,ATO2 Wastewater Treatment Plant,78
1015091_1,Rome,Pseudomonas_E,0.460280804,2020-07-31 00:00:00,DTU_2022_1015091_1_MG_IT_RO_200731_GSL_355,Italy,Rome,41.9028,12.4964,ATO2 Wastewater Treatment Plant,78
1015091_1,Rome,Pseudoxanthomonas,0.002317612,2020-07-31 00:00:00,DTU_2022_1015091_1_MG_IT_RO_200731_GSL_355,Italy,Rome,41.9028,12.4964,ATO2 Wastewater Treatment Plant,78
1015091_1,Rome,Pseudoxanthomonas_A,0.003478658,2020-07-31 00:00:00,DTU_2022_1015091_1_MG_IT_RO_200731_GSL_355,Italy,Rome,41.9028,12.4964,ATO2 Wastewater Treatment Plant,78
1015091_1,Rome,Psychrobacter,0.063821255,2020-07-31 00:00:00,DTU_2022_1015091_1_MG_IT_RO_200731_GSL_355,Italy,Rome,41.9028,12.4964,ATO2 Wastewater Treatment Plant,78
1015091_1,Rome,Rubrivivax,8.71489e-05,2020-07-31 00:00:00,DTU_2022_1015091_1_MG_IT_RO_200731_GSL_355,Italy,Rome,41.9028,12.4964,ATO2 Wastewater Treatment Plant,78
1015091_1,Rome,Streptococcus,0.00039221,2020-07-31 00:00:00,DTU_2022_1015091_1_MG_IT_RO_200731_GSL_355,Italy,Rome,41.9028,12.4964,ATO2 Wastewater Treatment Plant,78
1015091_1,Rome,Telluria,0.002731854,2020-07-31 00:00:00,DTU_2022_1015091_1_MG_IT_RO_200731_GSL_355,Italy,Rome,41.9028,12.4964,ATO2 Wastewater Treatment Plant,78
1015091_1,Rome,Thauera,0.002868364,2020-07-31 00:00:00,DTU_2022_1015091_1_MG_IT_RO_200731_GSL_355,Italy,Rome,41.9028,12.4964,ATO2 Wastewater Treatment Plant,78
1015091_1,Rome,Thermomonas,0.002360852,2020-07-31 00:00:00,DTU_2022_1015091_1_MG_IT_RO_200731_GSL_355,Italy,Rome,41.9028,12.4964,ATO2 Wastewater Treatment Plant,78
1015091_1,Rome,Thiothrix,0.002262869,2020-07-31 00:00:00,DTU_2022_1015091_1_MG_IT_RO_200731_GSL_355,Italy,Rome,41.9028,12.4964,ATO2 Wastewater Treatment Plant,78
1015091_1,Rome,Tolumonas,0.000157601,2020-07-31 00:00:00,DTU_2022_1015091_1_MG_IT_RO_200731_GSL_355,Italy,Rome,41.9028,12.4964,ATO2 Wastewater Treatment Plant,78
1015091_1,Rome,Trichococcus,0.000628037,2020-07-31 00:00:00,DTU_2022_1015091_1_MG_IT_RO_200731_GSL_355,Italy,Rome,41.9028,12.4964,ATO2 Wastewater Treatment Plant,78
1015091_1,Rome,UBA1413,5.42607e-08,2020-07-31 00:00:00,DTU_2022_1015091_1_MG_IT_RO_200731_GSL_355,Italy,Rome,41.9028,12.4964,ATO2 Wastewater Treatment Plant,78
1015091_1,Rome,merged,0.122198749,2020-07-31 00:00:00,DTU_2022_1015091_1_MG_IT_RO_200731_GSL_355,Italy,Rome,41.9028,12.4964,ATO2 Wastewater Treatment Plant,78
1015093_1,Rome,Acidovorax,0.008698257,2020-08-13 00:00:00,DTU_2022_1015093_1_MG_IT_RO_200813_GSL_357,Italy,Rome,41.9028,12.4964,ATO2 Wastewater Treatment Plant,80
1015093_1,Rome,Acinetobacter,0.001356189,2020-08-13 00:00:00,DTU_2022_1015093_1_MG_IT_RO_200813_GSL_357,Italy,Rome,41.9028,12.4964,ATO2 Wastewater Treatment Plant,80
1015093_1,Rome,Aeromonas,0.000236567,2020-08-13 00:00:00,DTU_2022_1015093_1_MG_IT_RO_200813_GSL_357,Italy,Rome,41.9028,12.4964,ATO2 Wastewater Treatment Plant,80
1015093_1,Rome,Aliarcobacter,8.95993e-05,2020-08-13 00:00:00,DTU_2022_1015093_1_MG_IT_RO_200813_GSL_357,Italy,Rome,41.9028,12.4964,ATO2 Wastewater Treatment Plant,80
1015093_1,Rome,Aquabacterium_A,3.38783e-05,2020-08-13 00:00:00,DTU_2022_1015093_1_MG_IT_RO_200813_GSL_357,Italy,Rome,41.9028,12.4964,ATO2 Wastewater Treatment Plant,80
1015093_1,Rome,Bacteroides,2.2139e-05,2020-08-13 00:00:00,DTU_2022_1015093_1_MG_IT_RO_200813_GSL_357,Italy,Rome,41.9028,12.4964,ATO2 Wastewater Treatment Plant,80
1015093_1,Rome,Brachymonas,0.003210041,2020-08-13 00:00:00,DTU_2022_1015093_1_MG_IT_RO_200813_GSL_357,Italy,Rome,41.9028,12.4964,ATO2 Wastewater Treatment Plant,80
1015093_1,Rome,Brevefilum,1.26145e-07,2020-08-13 00:00:00,DTU_2022_1015093_1_MG_IT_RO_200813_GSL_357,Italy,Rome,41.9028,12.4964,ATO2 Wastewater Treatment Plant,80
1015093_1,Rome,Brevundimonas,0.000247954,2020-08-13 00:00:00,DTU_2022_1015093_1_MG_IT_RO_200813_GSL_357,Italy,Rome,41.9028,12.4964,ATO2 Wastewater Treatment Plant,80
1015093_1,Rome,Cloacibacterium,9.84594e-05,2020-08-13 00:00:00,DTU_2022_1015093_1_MG_IT_RO_200813_GSL_357,Italy,Rome,41.9028,12.4964,ATO2 Wastewater Treatment Plant,80
1015093_1,Rome,Comamonas,0.002435701,2020-08-13 00:00:00,DTU_2022_1015093_1_MG_IT_RO_200813_GSL_357,Italy,Rome,41.9028,12.4964,ATO2 Wastewater Treatment Plant,80
1015093_1,Rome,Competibacter_A,0.000181262,2020-08-13 00:00:00,DTU_2022_1015093_1_MG_IT_RO_200813_GSL_357,Italy,Rome,41.9028,12.4964,ATO2 Wastewater Treatment Plant,80
1015093_1,Rome,Enterobacter,0.000348769,2020-08-13 00:00:00,DTU_2022_1015093_1_MG_IT_RO_200813_GSL_357,Italy,Rome,41.9028,12.4964,ATO2 Wastewater Treatment Plant,80
1015093_1,Rome,Fermentibacter,1.40562e-06,2020-08-13 00:00:00,DTU_2022_1015093_1_MG_IT_RO_200813_GSL_357,Italy,Rome,41.9028,12.4964,ATO2 Wastewater Treatment Plant,80
1015093_1,Rome,Flavobacterium,7.10374e-05,2020-08-13 00:00:00,DTU_2022_1015093_1_MG_IT_RO_200813_GSL_357,Italy,Rome,41.9028,12.4964,ATO2 Wastewater Treatment Plant,80
1015093_1,Rome,Giesbergeria,0.001034388,2020-08-13 00:00:00,DTU_2022_1015093_1_MG_IT_RO_200813_GSL_357,Italy,Rome,41.9028,12.4964,ATO2 Wastewater Treatment Plant,80
1015093_1,Rome,Hydrogenophaga,5.8641e-05,2020-08-13 00:00:00,DTU_2022_1015093_1_MG_IT_RO_200813_GSL_357,Italy,Rome,41.9028,12.4964,ATO2 Wastewater Treatment Plant,80
1015093_1,Rome,JAGOYM01,3.60501e-05,2020-08-13 00:00:00,DTU_2022_1015093_1_MG_IT_RO_200813_GSL_357,Italy,Rome,41.9028,12.4964,ATO2 Wastewater Treatment Plant,80
1015093_1,Rome,Janthinobacterium,0.002312868,2020-08-13 00:00:00,DTU_2022_1015093_1_MG_IT_RO_200813_GSL_357,Italy,Rome,41.9028,12.4964,ATO2 Wastewater Treatment Plant,80
1015093_1,Rome,Kaistella,8.33074e-05,2020-08-13 00:00:00,DTU_2022_1015093_1_MG_IT_RO_200813_GSL_357,Italy,Rome,41.9028,12.4964,ATO2 Wastewater Treatment Plant,80
1015093_1,Rome,Lactococcus_A,3.57436e-06,2020-08-13 00:00:00,DTU_2022_1015093_1_MG_IT_RO_200813_GSL_357,Italy,Rome,41.9028,12.4964,ATO2 Wastewater Treatment Plant,80
1015093_1,Rome,Lenti-01,0.000973203,2020-08-13 00:00:00,DTU_2022_1015093_1_MG_IT_RO_200813_GSL_357,Italy,Rome,41.9028,12.4964,ATO2 Wastewater Treatment Plant,80
1015093_1,Rome,Microthrix,6.06532e-06,2020-08-13 00:00:00,DTU_2022_1015093_1_MG_IT_RO_200813_GSL_357,Italy,Rome,41.9028,12.4964,ATO2 Wastewater Treatment Plant,80
1015093_1,Rome,Moraxella_A,0.000276943,2020-08-13 00:00:00,DTU_2022_1015093_1_MG_IT_RO_200813_GSL_357,Italy,Rome,41.9028,12.4964,ATO2 Wastewater Treatment Plant,80
1015093_1,Rome,Neisseria,0.000933433,2020-08-13 00:00:00,DTU_2022_1015093_1_MG_IT_RO_200813_GSL_357,Italy,Rome,41.9028,12.4964,ATO2 Wastewater Treatment Plant,80
1015093_1,Rome,Novosphingobium,6.59705e-05,2020-08-13 00:00:00,DTU_2022_1015093_1_MG_IT_RO_200813_GSL_357,Italy,Rome,41.9028,12.4964,ATO2 Wastewater Treatment Plant,80
1015093_1,Rome,Ottowia,0.00115724,2020-08-13 00:00:00,DTU_2022_1015093_1_MG_IT_RO_200813_GSL_357,Italy,Rome,41.9028,12.4964,ATO2 Wastewater Treatment Plant,80
1015093_1,Rome,Paracoccus,0.000333157,2020-08-13 00:00:00,DTU_2022_1015093_1_MG_IT_RO_200813_GSL_357,Italy,Rome,41.9028,12.4964,ATO2 Wastewater Treatment Plant,80
1015093_1,Rome,Phocaeicola,1.95616e-05,2020-08-13 00:00:00,DTU_2022_1015093_1_MG_IT_RO_200813_GSL_357,Italy,Rome,41.9028,12.4964,ATO2 Wastewater Treatment Plant,80
1015093_1,Rome,Prevotella,6.25608e-05,2020-08-13 00:00:00,DTU_2022_1015093_1_MG_IT_RO_200813_GSL_357,Italy,Rome,41.9028,12.4964,ATO2 Wastewater Treatment Plant,80
1015093_1,Rome,Propionivibrio,0.001500451,2020-08-13 00:00:00,DTU_2022_1015093_1_MG_IT_RO_200813_GSL_357,Italy,Rome,41.9028,12.4964,ATO2 Wastewater Treatment Plant,80
1015093_1,Rome,Pseudomonas_E,0.899228742,2020-08-13 00:00:00,DTU_2022_1015093_1_MG_IT_RO_200813_GSL_357,Italy,Rome,41.9028,12.4964,ATO2 Wastewater Treatment Plant,80
1015093_1,Rome,Pseudoxanthomonas,0.002486058,2020-08-13 00:00:00,DTU_2022_1015093_1_MG_IT_RO_200813_GSL_357,Italy,Rome,41.9028,12.4964,ATO2 Wastewater Treatment Plant,80
1015093_1,Rome,Pseudoxanthomonas_A,0.001964871,2020-08-13 00:00:00,DTU_2022_1015093_1_MG_IT_RO_200813_GSL_357,Italy,Rome,41.9028,12.4964,ATO2 Wastewater Treatment Plant,80
1015093_1,Rome,Psychrobacter,0.026636308,2020-08-13 00:00:00,DTU_2022_1015093_1_MG_IT_RO_200813_GSL_357,Italy,Rome,41.9028,12.4964,ATO2 Wastewater Treatment Plant,80
1015093_1,Rome,Rubrivivax,1.74283e-05,2020-08-13 00:00:00,DTU_2022_1015093_1_MG_IT_RO_200813_GSL_357,Italy,Rome,41.9028,12.4964,ATO2 Wastewater Treatment Plant,80
1015093_1,Rome,Streptococcus,7.60689e-05,2020-08-13 00:00:00,DTU_2022_1015093_1_MG_IT_RO_200813_GSL_357,Italy,Rome,41.9028,12.4964,ATO2 Wastewater Treatment Plant,80
1015093_1,Rome,Telluria,0.001285789,2020-08-13 00:00:00,DTU_2022_1015093_1_MG_IT_RO_200813_GSL_357,Italy,Rome,41.9028,12.4964,ATO2 Wastewater Treatment Plant,80
1015093_1,Rome,Thauera,0.002021335,2020-08-13 00:00:00,DTU_2022_1015093_1_MG_IT_RO_200813_GSL_357,Italy,Rome,41.9028,12.4964,ATO2 Wastewater Treatment Plant,80
1015093_1,Rome,Thermomonas,0.00150843,2020-08-13 00:00:00,DTU_2022_1015093_1_MG_IT_RO_200813_GSL_357,Italy,Rome,41.9028,12.4964,ATO2 Wastewater Treatment Plant,80
1015093_1,Rome,Thiothrix,2.33931e-05,2020-08-13 00:00:00,DTU_2022_1015093_1_MG_IT_RO_200813_GSL_357,Italy,Rome,41.9028,12.4964,ATO2 Wastewater Treatment Plant,80
1015093_1,Rome,Tolumonas,6.01463e-05,2020-08-13 00:00:00,DTU_2022_1015093_1_MG_IT_RO_200813_GSL_357,Italy,Rome,41.9028,12.4964,ATO2 Wastewater Treatment Plant,80
1015093_1,Rome,Trichococcus,8.95337e-05,2020-08-13 00:00:00,DTU_2022_1015093_1_MG_IT_RO_200813_GSL_357,Italy,Rome,41.9028,12.4964,ATO2 Wastewater Treatment Plant,80
1015093_1,Rome,UBA1413,5.89419e-08,2020-08-13 00:00:00,DTU_2022_1015093_1_MG_IT_RO_200813_GSL_357,Italy,Rome,41.9028,12.4964,ATO2 Wastewater Treatment Plant,80
1015093_1,Rome,merged,0.038713035,2020-08-13 00:00:00,DTU_2022_1015093_1_MG_IT_RO_200813_GSL_357,Italy,Rome,41.9028,12.4964,ATO2 Wastewater Treatment Plant,80
1015094_1,Rome,Acidovorax,0.121022449,2020-08-26 00:00:00,DTU_2022_1015094_1_MG_IT_RO_200826_GSL_358,Italy,Rome,41.9028,12.4964,ATO2 Wastewater Treatment Plant,82
1015094_1,Rome,Acinetobacter,0.051709675,2020-08-26 00:00:00,DTU_2022_1015094_1_MG_IT_RO_200826_GSL_358,Italy,Rome,41.9028,12.4964,ATO2 Wastewater Treatment Plant,82
1015094_1,Rome,Aeromonas,0.000414927,2020-08-26 00:00:00,DTU_2022_1015094_1_MG_IT_RO_200826_GSL_358,Italy,Rome,41.9028,12.4964,ATO2 Wastewater Treatment Plant,82
1015094_1,Rome,Aliarcobacter,0.00046293,2020-08-26 00:00:00,DTU_2022_1015094_1_MG_IT_RO_200826_GSL_358,Italy,Rome,41.9028,12.4964,ATO2 Wastewater Treatment Plant,82
1015094_1,Rome,Aquabacterium_A,0.000223696,2020-08-26 00:00:00,DTU_2022_1015094_1_MG_IT_RO_200826_GSL_358,Italy,Rome,41.9028,12.4964,ATO2 Wastewater Treatment Plant,82
1015094_1,Rome,Bacteroides,5.84231e-05,2020-08-26 00:00:00,DTU_2022_1015094_1_MG_IT_RO_200826_GSL_358,Italy,Rome,41.9028,12.4964,ATO2 Wastewater Treatment Plant,82
1015094_1,Rome,Brachymonas,0.004297751,2020-08-26 00:00:00,DTU_2022_1015094_1_MG_IT_RO_200826_GSL_358,Italy,Rome,41.9028,12.4964,ATO2 Wastewater Treatment Plant,82
1015094_1,Rome,Brevefilum,2.5527e-06,2020-08-26 00:00:00,DTU_2022_1015094_1_MG_IT_RO_200826_GSL_358,Italy,Rome,41.9028,12.4964,ATO2 Wastewater Treatment Plant,82
1015094_1,Rome,Brevundimonas,0.001341217,2020-08-26 00:00:00,DTU_2022_1015094_1_MG_IT_RO_200826_GSL_358,Italy,Rome,41.9028,12.4964,ATO2 Wastewater Treatment Plant,82
1015094_1,Rome,Cloacibacterium,0.005145344,2020-08-26 00:00:00,DTU_2022_1015094_1_MG_IT_RO_200826_GSL_358,Italy,Rome,41.9028,12.4964,ATO2 Wastewater Treatment Plant,82
1015094_1,Rome,Comamonas,0.006096484,2020-08-26 00:00:00,DTU_2022_1015094_1_MG_IT_RO_200826_GSL_358,Italy,Rome,41.9028,12.4964,ATO2 Wastewater Treatment Plant,82
1015094_1,Rome,Competibacter_A,0.000182491,2020-08-26 00:00:00,DTU_2022_1015094_1_MG_IT_RO_200826_GSL_358,Italy,Rome,41.9028,12.4964,ATO2 Wastewater Treatment Plant,82
1015094_1,Rome,Enterobacter,9.61015e-05,2020-08-26 00:00:00,DTU_2022_1015094_1_MG_IT_RO_200826_GSL_358,Italy,Rome,41.9028,12.4964,ATO2 Wastewater Treatment Plant,82
1015094_1,Rome,Fermentibacter,2.08925e-05,2020-08-26 00:00:00,DTU_2022_1015094_1_MG_IT_RO_200826_GSL_358,Italy,Rome,41.9028,12.4964,ATO2 Wastewater Treatment Plant,82
1015094_1,Rome,Flavobacterium,0.016503208,2020-08-26 00:00:00,DTU_2022_1015094_1_MG_IT_RO_200826_GSL_358,Italy,Rome,41.9028,12.4964,ATO2 Wastewater Treatment Plant,82
1015094_1,Rome,Giesbergeria,0.005140284,2020-08-26 00:00:00,DTU_2022_1015094_1_MG_IT_RO_200826_GSL_358,Italy,Rome,41.9028,12.4964,ATO2 Wastewater Treatment Plant,82
1015094_1,Rome,Hydrogenophaga,0.00031467,2020-08-26 00:00:00,DTU_2022_1015094_1_MG_IT_RO_200826_GSL_358,Italy,Rome,41.9028,12.4964,ATO2 Wastewater Treatment Plant,82
1015094_1,Rome,JAGOYM01,0.000225715,2020-08-26 00:00:00,DTU_2022_1015094_1_MG_IT_RO_200826_GSL_358,Italy,Rome,41.9028,12.4964,ATO2 Wastewater Treatment Plant,82
1015094_1,Rome,Janthinobacterium,0.045625029,2020-08-26 00:00:00,DTU_2022_1015094_1_MG_IT_RO_200826_GSL_358,Italy,Rome,41.9028,12.4964,ATO2 Wastewater Treatment Plant,82
1015094_1,Rome,Kaistella,0.008513539,2020-08-26 00:00:00,DTU_2022_1015094_1_MG_IT_RO_200826_GSL_358,Italy,Rome,41.9028,12.4964,ATO2 Wastewater Treatment Plant,82
1015094_1,Rome,Lactococcus_A,9.311e-05,2020-08-26 00:00:00,DTU_2022_1015094_1_MG_IT_RO_200826_GSL_358,Italy,Rome,41.9028,12.4964,ATO2 Wastewater Treatment Plant,82
1015094_1,Rome,Lenti-01,0.001307579,2020-08-26 00:00:00,DTU_2022_1015094_1_MG_IT_RO_200826_GSL_358,Italy,Rome,41.9028,12.4964,ATO2 Wastewater Treatment Plant,82
1015094_1,Rome,Microthrix,9.1738e-06,2020-08-26 00:00:00,DTU_2022_1015094_1_MG_IT_RO_200826_GSL_358,Italy,Rome,41.9028,12.4964,ATO2 Wastewater Treatment Plant,82
1015094_1,Rome,Moraxella_A,0.01425997,2020-08-26 00:00:00,DTU_2022_1015094_1_MG_IT_RO_200826_GSL_358,Italy,Rome,41.9028,12.4964,ATO2 Wastewater Treatment Plant,82
1015094_1,Rome,Neisseria,0.002627679,2020-08-26 00:00:00,DTU_2022_1015094_1_MG_IT_RO_200826_GSL_358,Italy,Rome,41.9028,12.4964,ATO2 Wastewater Treatment Plant,82
1015094_1,Rome,Novosphingobium,0.001117136,2020-08-26 00:00:00,DTU_2022_1015094_1_MG_IT_RO_200826_GSL_358,Italy,Rome,41.9028,12.4964,ATO2 Wastewater Treatment Plant,82
1015094_1,Rome,Ottowia,0.003307179,2020-08-26 00:00:00,DTU_2022_1015094_1_MG_IT_RO_200826_GSL_358,Italy,Rome,41.9028,12.4964,ATO2 Wastewater Treatment Plant,82
1015094_1,Rome,Paracoccus,0.002872838,2020-08-26 00:00:00,DTU_2022_1015094_1_MG_IT_RO_200826_GSL_358,Italy,Rome,41.9028,12.4964,ATO2 Wastewater Treatment Plant,82
1015094_1,Rome,Phocaeicola,5.66175e-05,2020-08-26 00:00:00,DTU_2022_1015094_1_MG_IT_RO_200826_GSL_358,Italy,Rome,41.9028,12.4964,ATO2 Wastewater Treatment Plant,82
1015094_1,Rome,Prevotella,0.000116191,2020-08-26 00:00:00,DTU_2022_1015094_1_MG_IT_RO_200826_GSL_358,Italy,Rome,41.9028,12.4964,ATO2 Wastewater Treatment Plant,82
1015094_1,Rome,Propionivibrio,0.004566567,2020-08-26 00:00:00,DTU_2022_1015094_1_MG_IT_RO_200826_GSL_358,Italy,Rome,41.9028,12.4964,ATO2 Wastewater Treatment Plant,82
1015094_1,Rome,Pseudomonas_E,0.491547254,2020-08-26 00:00:00,DTU_2022_1015094_1_MG_IT_RO_200826_GSL_358,Italy,Rome,41.9028,12.4964,ATO2 Wastewater Treatment Plant,82
1015094_1,Rome,Pseudoxanthomonas,0.005084778,2020-08-26 00:00:00,DTU_2022_1015094_1_MG_IT_RO_200826_GSL_358,Italy,Rome,41.9028,12.4964,ATO2 Wastewater Treatment Plant,82
1015094_1,Rome,Pseudoxanthomonas_A,0.004753941,2020-08-26 00:00:00,DTU_2022_1015094_1_MG_IT_RO_200826_GSL_358,Italy,Rome,41.9028,12.4964,ATO2 Wastewater Treatment Plant,82
1015094_1,Rome,Psychrobacter,0.047099073,2020-08-26 00:00:00,DTU_2022_1015094_1_MG_IT_RO_200826_GSL_358,Italy,Rome,41.9028,12.4964,ATO2 Wastewater Treatment Plant,82
1015094_1,Rome,Rubrivivax,0.000100228,2020-08-26 00:00:00,DTU_2022_1015094_1_MG_IT_RO_200826_GSL_358,Italy,Rome,41.9028,12.4964,ATO2 Wastewater Treatment Plant,82
1015094_1,Rome,Streptococcus,0.000338602,2020-08-26 00:00:00,DTU_2022_1015094_1_MG_IT_RO_200826_GSL_358,Italy,Rome,41.9028,12.4964,ATO2 Wastewater Treatment Plant,82
1015094_1,Rome,Telluria,0.005455411,2020-08-26 00:00:00,DTU_2022_1015094_1_MG_IT_RO_200826_GSL_358,Italy,Rome,41.9028,12.4964,ATO2 Wastewater Treatment Plant,82
1015094_1,Rome,Thauera,0.003352464,2020-08-26 00:00:00,DTU_2022_1015094_1_MG_IT_RO_200826_GSL_358,Italy,Rome,41.9028,12.4964,ATO2 Wastewater Treatment Plant,82
1015094_1,Rome,Thermomonas,0.010561775,2020-08-26 00:00:00,DTU_2022_1015094_1_MG_IT_RO_200826_GSL_358,Italy,Rome,41.9028,12.4964,ATO2 Wastewater Treatment Plant,82
1015094_1,Rome,Thiothrix,0.000517956,2020-08-26 00:00:00,DTU_2022_1015094_1_MG_IT_RO_200826_GSL_358,Italy,Rome,41.9028,12.4964,ATO2 Wastewater Treatment Plant,82
1015094_1,Rome,Tolumonas,7.02187e-05,2020-08-26 00:00:00,DTU_2022_1015094_1_MG_IT_RO_200826_GSL_358,Italy,Rome,41.9028,12.4964,ATO2 Wastewater Treatment Plant,82
1015094_1,Rome,Trichococcus,0.001036208,2020-08-26 00:00:00,DTU_2022_1015094_1_MG_IT_RO_200826_GSL_358,Italy,Rome,41.9028,12.4964,ATO2 Wastewater Treatment Plant,82
1015094_1,Rome,UBA1413,7.4474e-07,2020-08-26 00:00:00,DTU_2022_1015094_1_MG_IT_RO_200826_GSL_358,Italy,Rome,41.9028,12.4964,ATO2 Wastewater Treatment Plant,82
1015094_1,Rome,merged,0.132349927,2020-08-26 00:00:00,DTU_2022_1015094_1_MG_IT_RO_200826_GSL_358,Italy,Rome,41.9028,12.4964,ATO2 Wastewater Treatment Plant,82
1015096_1,Rome,Acidovorax,0.132690968,2020-09-08 00:00:00,DTU_2022_1015096_1_MG_IT_RO_200908_GSL_360,Italy,Rome,41.9028,12.4964,ATO2 Wastewater Treatment Plant,83
1015096_1,Rome,Acinetobacter,0.057513723,2020-09-08 00:00:00,DTU_2022_1015096_1_MG_IT_RO_200908_GSL_360,Italy,Rome,41.9028,12.4964,ATO2 Wastewater Treatment Plant,83
1015096_1,Rome,Aeromonas,0.001549048,2020-09-08 00:00:00,DTU_2022_1015096_1_MG_IT_RO_200908_GSL_360,Italy,Rome,41.9028,12.4964,ATO2 Wastewater Treatment Plant,83
1015096_1,Rome,Aliarcobacter,0.001358449,2020-09-08 00:00:00,DTU_2022_1015096_1_MG_IT_RO_200908_GSL_360,Italy,Rome,41.9028,12.4964,ATO2 Wastewater Treatment Plant,83
1015096_1,Rome,Aquabacterium_A,0.00036665,2020-09-08 00:00:00,DTU_2022_1015096_1_MG_IT_RO_200908_GSL_360,Italy,Rome,41.9028,12.4964,ATO2 Wastewater Treatment Plant,83
1015096_1,Rome,Bacteroides,0.00025091,2020-09-08 00:00:00,DTU_2022_1015096_1_MG_IT_RO_200908_GSL_360,Italy,Rome,41.9028,12.4964,ATO2 Wastewater Treatment Plant,83
1015096_1,Rome,Brachymonas,0.004547775,2020-09-08 00:00:00,DTU_2022_1015096_1_MG_IT_RO_200908_GSL_360,Italy,Rome,41.9028,12.4964,ATO2 Wastewater Treatment Plant,83
1015096_1,Rome,Brevefilum,1.17787e-05,2020-09-08 00:00:00,DTU_2022_1015096_1_MG_IT_RO_200908_GSL_360,Italy,Rome,41.9028,12.4964,ATO2 Wastewater Treatment Plant,83
1015096_1,Rome,Brevundimonas,0.000695202,2020-09-08 00:00:00,DTU_2022_1015096_1_MG_IT_RO_200908_GSL_360,Italy,Rome,41.9028,12.4964,ATO2 Wastewater Treatment Plant,83
1015096_1,Rome,Cloacibacterium,0.006021722,2020-09-08 00:00:00,DTU_2022_1015096_1_MG_IT_RO_200908_GSL_360,Italy,Rome,41.9028,12.4964,ATO2 Wastewater Treatment Plant,83
1015096_1,Rome,Comamonas,0.009420499,2020-09-08 00:00:00,DTU_2022_1015096_1_MG_IT_RO_200908_GSL_360,Italy,Rome,41.9028,12.4964,ATO2 Wastewater Treatment Plant,83
1015096_1,Rome,Competibacter_A,0.000128295,2020-09-08 00:00:00,DTU_2022_1015096_1_MG_IT_RO_200908_GSL_360,Italy,Rome,41.9028,12.4964,ATO2 Wastewater Treatment Plant,83
1015096_1,Rome,Enterobacter,9.14716e-05,2020-09-08 00:00:00,DTU_2022_1015096_1_MG_IT_RO_200908_GSL_360,Italy,Rome,41.9028,12.4964,ATO2 Wastewater Treatment Plant,83
1015096_1,Rome,Fermentibacter,0.001331331,2020-09-08 00:00:00,DTU_2022_1015096_1_MG_IT_RO_200908_GSL_360,Italy,Rome,41.9028,12.4964,ATO2 Wastewater Treatment Plant,83
1015096_1,Rome,Flavobacterium,0.078094134,2020-09-08 00:00:00,DTU_2022_1015096_1_MG_IT_RO_200908_GSL_360,Italy,Rome,41.9028,12.4964,ATO2 Wastewater Treatment Plant,83
1015096_1,Rome,Giesbergeria,0.006364016,2020-09-08 00:00:00,DTU_2022_1015096_1_MG_IT_RO_200908_GSL_360,Italy,Rome,41.9028,12.4964,ATO2 Wastewater Treatment Plant,83
1015096_1,Rome,Hydrogenophaga,0.000366323,2020-09-08 00:00:00,DTU_2022_1015096_1_MG_IT_RO_200908_GSL_360,Italy,Rome,41.9028,12.4964,ATO2 Wastewater Treatment Plant,83
1015096_1,Rome,JAGOYM01,0.000114157,2020-09-08 00:00:00,DTU_2022_1015096_1_MG_IT_RO_200908_GSL_360,Italy,Rome,41.9028,12.4964,ATO2 Wastewater Treatment Plant,83
1015096_1,Rome,Janthinobacterium,0.066297645,2020-09-08 00:00:00,DTU_2022_1015096_1_MG_IT_RO_200908_GSL_360,Italy,Rome,41.9028,12.4964,ATO2 Wastewater Treatment Plant,83
1015096_1,Rome,Kaistella,0.028060088,2020-09-08 00:00:00,DTU_2022_1015096_1_MG_IT_RO_200908_GSL_360,Italy,Rome,41.9028,12.4964,ATO2 Wastewater Treatment Plant,83
1015096_1,Rome,Lactococcus_A,0.000106629,2020-09-08 00:00:00,DTU_2022_1015096_1_MG_IT_RO_200908_GSL_360,Italy,Rome,41.9028,12.4964,ATO2 Wastewater Treatment Plant,83
1015096_1,Rome,Lenti-01,0.002973392,2020-09-08 00:00:00,DTU_2022_1015096_1_MG_IT_RO_200908_GSL_360,Italy,Rome,41.9028,12.4964,ATO2 Wastewater Treatment Plant,83
1015096_1,Rome,Microthrix,1.578e-05,2020-09-08 00:00:00,DTU_2022_1015096_1_MG_IT_RO_200908_GSL_360,Italy,Rome,41.9028,12.4964,ATO2 Wastewater Treatment Plant,83
1015096_1,Rome,Moraxella_A,0.023602861,2020-09-08 00:00:00,DTU_2022_1015096_1_MG_IT_RO_200908_GSL_360,Italy,Rome,41.9028,12.4964,ATO2 Wastewater Treatment Plant,83
1015096_1,Rome,Neisseria,0.006787268,2020-09-08 00:00:00,DTU_2022_1015096_1_MG_IT_RO_200908_GSL_360,Italy,Rome,41.9028,12.4964,ATO2 Wastewater Treatment Plant,83
1015096_1,Rome,Novosphingobium,0.000389179,2020-09-08 00:00:00,DTU_2022_1015096_1_MG_IT_RO_200908_GSL_360,Italy,Rome,41.9028,12.4964,ATO2 Wastewater Treatment Plant,83
1015096_1,Rome,Ottowia,0.002894499,2020-09-08 00:00:00,DTU_2022_1015096_1_MG_IT_RO_200908_GSL_360,Italy,Rome,41.9028,12.4964,ATO2 Wastewater Treatment Plant,83
1015096_1,Rome,Paracoccus,0.001984748,2020-09-08 00:00:00,DTU_2022_1015096_1_MG_IT_RO_200908_GSL_360,Italy,Rome,41.9028,12.4964,ATO2 Wastewater Treatment Plant,83
1015096_1,Rome,Phocaeicola,0.000547091,2020-09-08 00:00:00,DTU_2022_1015096_1_MG_IT_RO_200908_GSL_360,Italy,Rome,41.9028,12.4964,ATO2 Wastewater Treatment Plant,83
1015096_1,Rome,Prevotella,0.000428731,2020-09-08 00:00:00,DTU_2022_1015096_1_MG_IT_RO_200908_GSL_360,Italy,Rome,41.9028,12.4964,ATO2 Wastewater Treatment Plant,83
1015096_1,Rome,Propionivibrio,0.005367589,2020-09-08 00:00:00,DTU_2022_1015096_1_MG_IT_RO_200908_GSL_360,Italy,Rome,41.9028,12.4964,ATO2 Wastewater Treatment Plant,83
1015096_1,Rome,Pseudomonas_E,0.338669074,2020-09-08 00:00:00,DTU_2022_1015096_1_MG_IT_RO_200908_GSL_360,Italy,Rome,41.9028,12.4964,ATO2 Wastewater Treatment Plant,83
1015096_1,Rome,Pseudoxanthomonas,0.002257096,2020-09-08 00:00:00,DTU_2022_1015096_1_MG_IT_RO_200908_GSL_360,Italy,Rome,41.9028,12.4964,ATO2 Wastewater Treatment Plant,83
1015096_1,Rome,Pseudoxanthomonas_A,0.004244738,2020-09-08 00:00:00,DTU_2022_1015096_1_MG_IT_RO_200908_GSL_360,Italy,Rome,41.9028,12.4964,ATO2 Wastewater Treatment Plant,83
1015096_1,Rome,Psychrobacter,0.069282569,2020-09-08 00:00:00,DTU_2022_1015096_1_MG_IT_RO_200908_GSL_360,Italy,Rome,41.9028,12.4964,ATO2 Wastewater Treatment Plant,83
1015096_1,Rome,Rubrivivax,5.70157e-05,2020-09-08 00:00:00,DTU_2022_1015096_1_MG_IT_RO_200908_GSL_360,Italy,Rome,41.9028,12.4964,ATO2 Wastewater Treatment Plant,83
1015096_1,Rome,Streptococcus,0.000731594,2020-09-08 00:00:00,DTU_2022_1015096_1_MG_IT_RO_200908_GSL_360,Italy,Rome,41.9028,12.4964,ATO2 Wastewater Treatment Plant,83
1015096_1,Rome,Telluria,0.00831445,2020-09-08 00:00:00,DTU_2022_1015096_1_MG_IT_RO_200908_GSL_360,Italy,Rome,41.9028,12.4964,ATO2 Wastewater Treatment Plant,83
1015096_1,Rome,Thauera,0.004505077,2020-09-08 00:00:00,DTU_2022_1015096_1_MG_IT_RO_200908_GSL_360,Italy,Rome,41.9028,12.4964,ATO2 Wastewater Treatment Plant,83
1015096_1,Rome,Thermomonas,0.005052192,2020-09-08 00:00:00,DTU_2022_1015096_1_MG_IT_RO_200908_GSL_360,Italy,Rome,41.9028,12.4964,ATO2 Wastewater Treatment Plant,83
1015096_1,Rome,Thiothrix,0.000312158,2020-09-08 00:00:00,DTU_2022_1015096_1_MG_IT_RO_200908_GSL_360,Italy,Rome,41.9028,12.4964,ATO2 Wastewater Treatment Plant,83
1015096_1,Rome,Tolumonas,0.000168563,2020-09-08 00:00:00,DTU_2022_1015096_1_MG_IT_RO_200908_GSL_360,Italy,Rome,41.9028,12.4964,ATO2 Wastewater Treatment Plant,83
1015096_1,Rome,Trichococcus,0.000744002,2020-09-08 00:00:00,DTU_2022_1015096_1_MG_IT_RO_200908_GSL_360,Italy,Rome,41.9028,12.4964,ATO2 Wastewater Treatment Plant,83
1015096_1,Rome,UBA1413,4.69875e-05,2020-09-08 00:00:00,DTU_2022_1015096_1_MG_IT_RO_200908_GSL_360,Italy,Rome,41.9028,12.4964,ATO2 Wastewater Treatment Plant,83
1015096_1,Rome,merged,0.125242537,2020-09-08 00:00:00,DTU_2022_1015096_1_MG_IT_RO_200908_GSL_360,Italy,Rome,41.9028,12.4964,ATO2 Wastewater Treatment Plant,83
1015098_1,Rome,Acidovorax,0.136282042,2020-09-22 00:00:00,DTU_2022_1015098_1_MG_IT_RO_200922_GSL_362,Italy,Rome,41.9028,12.4964,ATO2 Wastewater Treatment Plant,85
1015098_1,Rome,Acinetobacter,0.038235353,2020-09-22 00:00:00,DTU_2022_1015098_1_MG_IT_RO_200922_GSL_362,Italy,Rome,41.9028,12.4964,ATO2 Wastewater Treatment Plant,85
1015098_1,Rome,Aeromonas,0.000577155,2020-09-22 00:00:00,DTU_2022_1015098_1_MG_IT_RO_200922_GSL_362,Italy,Rome,41.9028,12.4964,ATO2 Wastewater Treatment Plant,85
1015098_1,Rome,Aliarcobacter,0.000793329,2020-09-22 00:00:00,DTU_2022_1015098_1_MG_IT_RO_200922_GSL_362,Italy,Rome,41.9028,12.4964,ATO2 Wastewater Treatment Plant,85
1015098_1,Rome,Aquabacterium_A,9.41014e-05,2020-09-22 00:00:00,DTU_2022_1015098_1_MG_IT_RO_200922_GSL_362,Italy,Rome,41.9028,12.4964,ATO2 Wastewater Treatment Plant,85
1015098_1,Rome,Bacteroides,0.000125313,2020-09-22 00:00:00,DTU_2022_1015098_1_MG_IT_RO_200922_GSL_362,Italy,Rome,41.9028,12.4964,ATO2 Wastewater Treatment Plant,85
1015098_1,Rome,Brachymonas,0.011816451,2020-09-22 00:00:00,DTU_2022_1015098_1_MG_IT_RO_200922_GSL_362,Italy,Rome,41.9028,12.4964,ATO2 Wastewater Treatment Plant,85
1015098_1,Rome,Brevefilum,4.13212e-06,2020-09-22 00:00:00,DTU_2022_1015098_1_MG_IT_RO_200922_GSL_362,Italy,Rome,41.9028,12.4964,ATO2 Wastewater Treatment Plant,85
1015098_1,Rome,Brevundimonas,0.004104843,2020-09-22 00:00:00,DTU_2022_1015098_1_MG_IT_RO_200922_GSL_362,Italy,Rome,41.9028,12.4964,ATO2 Wastewater Treatment Plant,85
1015098_1,Rome,Cloacibacterium,0.006672698,2020-09-22 00:00:00,DTU_2022_1015098_1_MG_IT_RO_200922_GSL_362,Italy,Rome,41.9028,12.4964,ATO2 Wastewater Treatment Plant,85
1015098_1,Rome,Comamonas,0.009049791,2020-09-22 00:00:00,DTU_2022_1015098_1_MG_IT_RO_200922_GSL_362,Italy,Rome,41.9028,12.4964,ATO2 Wastewater Treatment Plant,85
1015098_1,Rome,Competibacter_A,0.000116667,2020-09-22 00:00:00,DTU_2022_1015098_1_MG_IT_RO_200922_GSL_362,Italy,Rome,41.9028,12.4964,ATO2 Wastewater Treatment Plant,85
1015098_1,Rome,Enterobacter,0.000167631,2020-09-22 00:00:00,DTU_2022_1015098_1_MG_IT_RO_200922_GSL_362,Italy,Rome,41.9028,12.4964,ATO2 Wastewater Treatment Plant,85
1015098_1,Rome,Fermentibacter,4.00827e-05,2020-09-22 00:00:00,DTU_2022_1015098_1_MG_IT_RO_200922_GSL_362,Italy,Rome,41.9028,12.4964,ATO2 Wastewater Treatment Plant,85
1015098_1,Rome,Flavobacterium,0.014364419,2020-09-22 00:00:00,DTU_2022_1015098_1_MG_IT_RO_200922_GSL_362,Italy,Rome,41.9028,12.4964,ATO2 Wastewater Treatment Plant,85
1015098_1,Rome,Giesbergeria,0.009261089,2020-09-22 00:00:00,DTU_2022_1015098_1_MG_IT_RO_200922_GSL_362,Italy,Rome,41.9028,12.4964,ATO2 Wastewater Treatment Plant,85
1015098_1,Rome,Hydrogenophaga,0.000477274,2020-09-22 00:00:00,DTU_2022_1015098_1_MG_IT_RO_200922_GSL_362,Italy,Rome,41.9028,12.4964,ATO2 Wastewater Treatment Plant,85
1015098_1,Rome,JAGOYM01,0.000279736,2020-09-22 00:00:00,DTU_2022_1015098_1_MG_IT_RO_200922_GSL_362,Italy,Rome,41.9028,12.4964,ATO2 Wastewater Treatment Plant,85
1015098_1,Rome,Janthinobacterium,0.002616762,2020-09-22 00:00:00,DTU_2022_1015098_1_MG_IT_RO_200922_GSL_362,Italy,Rome,41.9028,12.4964,ATO2 Wastewater Treatment Plant,85
1015098_1,Rome,Kaistella,0.010279375,2020-09-22 00:00:00,DTU_2022_1015098_1_MG_IT_RO_200922_GSL_362,Italy,Rome,41.9028,12.4964,ATO2 Wastewater Treatment Plant,85
1015098_1,Rome,Lactococcus_A,4.38959e-05,2020-09-22 00:00:00,DTU_2022_1015098_1_MG_IT_RO_200922_GSL_362,Italy,Rome,41.9028,12.4964,ATO2 Wastewater Treatment Plant,85
1015098_1,Rome,Lenti-01,0.001257093,2020-09-22 00:00:00,DTU_2022_1015098_1_MG_IT_RO_200922_GSL_362,Italy,Rome,41.9028,12.4964,ATO2 Wastewater Treatment Plant,85
1015098_1,Rome,Microthrix,9.98126e-06,2020-09-22 00:00:00,DTU_2022_1015098_1_MG_IT_RO_200922_GSL_362,Italy,Rome,41.9028,12.4964,ATO2 Wastewater Treatment Plant,85
1015098_1,Rome,Moraxella_A,0.013041558,2020-09-22 00:00:00,DTU_2022_1015098_1_MG_IT_RO_200922_GSL_362,Italy,Rome,41.9028,12.4964,ATO2 Wastewater Treatment Plant,85
1015098_1,Rome,Neisseria,0.003407159,2020-09-22 00:00:00,DTU_2022_1015098_1_MG_IT_RO_200922_GSL_362,Italy,Rome,41.9028,12.4964,ATO2 Wastewater Treatment Plant,85
1015098_1,Rome,Novosphingobium,0.000479541,2020-09-22 00:00:00,DTU_2022_1015098_1_MG_IT_RO_200922_GSL_362,Italy,Rome,41.9028,12.4964,ATO2 Wastewater Treatment Plant,85
1015098_1,Rome,Ottowia,0.003926129,2020-09-22 00:00:00,DTU_2022_1015098_1_MG_IT_RO_200922_GSL_362,Italy,Rome,41.9028,12.4964,ATO2 Wastewater Treatment Plant,85
1015098_1,Rome,Paracoccus,0.002550045,2020-09-22 00:00:00,DTU_2022_1015098_1_MG_IT_RO_200922_GSL_362,Italy,Rome,41.9028,12.4964,ATO2 Wastewater Treatment Plant,85
1015098_1,Rome,Phocaeicola,0.000141269,2020-09-22 00:00:00,DTU_2022_1015098_1_MG_IT_RO_200922_GSL_362,Italy,Rome,41.9028,12.4964,ATO2 Wastewater Treatment Plant,85
1015098_1,Rome,Prevotella,0.000215957,2020-09-22 00:00:00,DTU_2022_1015098_1_MG_IT_RO_200922_GSL_362,Italy,Rome,41.9028,12.4964,ATO2 Wastewater Treatment Plant,85
1015098_1,Rome,Propionivibrio,0.005664525,2020-09-22 00:00:00,DTU_2022_1015098_1_MG_IT_RO_200922_GSL_362,Italy,Rome,41.9028,12.4964,ATO2 Wastewater Treatment Plant,85
1015098_1,Rome,Pseudomonas_E,0.466805154,2020-09-22 00:00:00,DTU_2022_1015098_1_MG_IT_RO_200922_GSL_362,Italy,Rome,41.9028,12.4964,ATO2 Wastewater Treatment Plant,85
1015098_1,Rome,Pseudoxanthomonas,0.005988338,2020-09-22 00:00:00,DTU_2022_1015098_1_MG_IT_RO_200922_GSL_362,Italy,Rome,41.9028,12.4964,ATO2 Wastewater Treatment Plant,85
1015098_1,Rome,Pseudoxanthomonas_A,0.021594883,2020-09-22 00:00:00,DTU_2022_1015098_1_MG_IT_RO_200922_GSL_362,Italy,Rome,41.9028,12.4964,ATO2 Wastewater Treatment Plant,85
1015098_1,Rome,Psychrobacter,0.034205064,2020-09-22 00:00:00,DTU_2022_1015098_1_MG_IT_RO_200922_GSL_362,Italy,Rome,41.9028,12.4964,ATO2 Wastewater Treatment Plant,85
1015098_1,Rome,Rubrivivax,0.000110938,2020-09-22 00:00:00,DTU_2022_1015098_1_MG_IT_RO_200922_GSL_362,Italy,Rome,41.9028,12.4964,ATO2 Wastewater Treatment Plant,85
1015098_1,Rome,Streptococcus,0.000590047,2020-09-22 00:00:00,DTU_2022_1015098_1_MG_IT_RO_200922_GSL_362,Italy,Rome,41.9028,12.4964,ATO2 Wastewater Treatment Plant,85
1015098_1,Rome,Telluria,0.010479611,2020-09-22 00:00:00,DTU_2022_1015098_1_MG_IT_RO_200922_GSL_362,Italy,Rome,41.9028,12.4964,ATO2 Wastewater Treatment Plant,85
1015098_1,Rome,Thauera,0.005120746,2020-09-22 00:00:00,DTU_2022_1015098_1_MG_IT_RO_200922_GSL_362,Italy,Rome,41.9028,12.4964,ATO2 Wastewater Treatment Plant,85
1015098_1,Rome,Thermomonas,0.005321605,2020-09-22 00:00:00,DTU_2022_1015098_1_MG_IT_RO_200922_GSL_362,Italy,Rome,41.9028,12.4964,ATO2 Wastewater Treatment Plant,85
1015098_1,Rome,Thiothrix,0.000469658,2020-09-22 00:00:00,DTU_2022_1015098_1_MG_IT_RO_200922_GSL_362,Italy,Rome,41.9028,12.4964,ATO2 Wastewater Treatment Plant,85
1015098_1,Rome,Tolumonas,8.7615e-05,2020-09-22 00:00:00,DTU_2022_1015098_1_MG_IT_RO_200922_GSL_362,Italy,Rome,41.9028,12.4964,ATO2 Wastewater Treatment Plant,85
1015098_1,Rome,Trichococcus,0.000778264,2020-09-22 00:00:00,DTU_2022_1015098_1_MG_IT_RO_200922_GSL_362,Italy,Rome,41.9028,12.4964,ATO2 Wastewater Treatment Plant,85
1015098_1,Rome,UBA1413,5.65504e-06,2020-09-22 00:00:00,DTU_2022_1015098_1_MG_IT_RO_200922_GSL_362,Italy,Rome,41.9028,12.4964,ATO2 Wastewater Treatment Plant,85
1015098_1,Rome,merged,0.172347024,2020-09-22 00:00:00,DTU_2022_1015098_1_MG_IT_RO_200922_GSL_362,Italy,Rome,41.9028,12.4964,ATO2 Wastewater Treatment Plant,85
1015100_1,Rome,Acidovorax,0.143490669,2020-10-06 00:00:00,DTU_2022_1015100_1_MG_IT_RO_201006_GSL_364,Italy,Rome,41.9028,12.4964,ATO2 Wastewater Treatment Plant,87
1015100_1,Rome,Acinetobacter,0.05102285,2020-10-06 00:00:00,DTU_2022_1015100_1_MG_IT_RO_201006_GSL_364,Italy,Rome,41.9028,12.4964,ATO2 Wastewater Treatment Plant,87
1015100_1,Rome,Aeromonas,0.001213864,2020-10-06 00:00:00,DTU_2022_1015100_1_MG_IT_RO_201006_GSL_364,Italy,Rome,41.9028,12.4964,ATO2 Wastewater Treatment Plant,87
1015100_1,Rome,Aliarcobacter,0.000666967,2020-10-06 00:00:00,DTU_2022_1015100_1_MG_IT_RO_201006_GSL_364,Italy,Rome,41.9028,12.4964,ATO2 Wastewater Treatment Plant,87
1015100_1,Rome,Aquabacterium_A,0.000176327,2020-10-06 00:00:00,DTU_2022_1015100_1_MG_IT_RO_201006_GSL_364,Italy,Rome,41.9028,12.4964,ATO2 Wastewater Treatment Plant,87
1015100_1,Rome,Bacteroides,0.001042622,2020-10-06 00:00:00,DTU_2022_1015100_1_MG_IT_RO_201006_GSL_364,Italy,Rome,41.9028,12.4964,ATO2 Wastewater Treatment Plant,87
1015100_1,Rome,Brachymonas,0.004375714,2020-10-06 00:00:00,DTU_2022_1015100_1_MG_IT_RO_201006_GSL_364,Italy,Rome,41.9028,12.4964,ATO2 Wastewater Treatment Plant,87
1015100_1,Rome,Brevefilum,1.95204e-06,2020-10-06 00:00:00,DTU_2022_1015100_1_MG_IT_RO_201006_GSL_364,Italy,Rome,41.9028,12.4964,ATO2 Wastewater Treatment Plant,87
1015100_1,Rome,Brevundimonas,0.003303178,2020-10-06 00:00:00,DTU_2022_1015100_1_MG_IT_RO_201006_GSL_364,Italy,Rome,41.9028,12.4964,ATO2 Wastewater Treatment Plant,87
1015100_1,Rome,Cloacibacterium,0.002392827,2020-10-06 00:00:00,DTU_2022_1015100_1_MG_IT_RO_201006_GSL_364,Italy,Rome,41.9028,12.4964,ATO2 Wastewater Treatment Plant,87
1015100_1,Rome,Comamonas,0.017647264,2020-10-06 00:00:00,DTU_2022_1015100_1_MG_IT_RO_201006_GSL_364,Italy,Rome,41.9028,12.4964,ATO2 Wastewater Treatment Plant,87
1015100_1,Rome,Competibacter_A,6.36672e-05,2020-10-06 00:00:00,DTU_2022_1015100_1_MG_IT_RO_201006_GSL_364,Italy,Rome,41.9028,12.4964,ATO2 Wastewater Treatment Plant,87
1015100_1,Rome,Enterobacter,0.000290588,2020-10-06 00:00:00,DTU_2022_1015100_1_MG_IT_RO_201006_GSL_364,Italy,Rome,41.9028,12.4964,ATO2 Wastewater Treatment Plant,87
1015100_1,Rome,Fermentibacter,6.26134e-06,2020-10-06 00:00:00,DTU_2022_1015100_1_MG_IT_RO_201006_GSL_364,Italy,Rome,41.9028,12.4964,ATO2 Wastewater Treatment Plant,87
1015100_1,Rome,Flavobacterium,0.062994696,2020-10-06 00:00:00,DTU_2022_1015100_1_MG_IT_RO_201006_GSL_364,Italy,Rome,41.9028,12.4964,ATO2 Wastewater Treatment Plant,87
1015100_1,Rome,Giesbergeria,0.018985762,2020-10-06 00:00:00,DTU_2022_1015100_1_MG_IT_RO_201006_GSL_364,Italy,Rome,41.9028,12.4964,ATO2 Wastewater Treatment Plant,87
1015100_1,Rome,Hydrogenophaga,0.003181238,2020-10-06 00:00:00,DTU_2022_1015100_1_MG_IT_RO_201006_GSL_364,Italy,Rome,41.9028,12.4964,ATO2 Wastewater Treatment Plant,87
1015100_1,Rome,JAGOYM01,9.43248e-05,2020-10-06 00:00:00,DTU_2022_1015100_1_MG_IT_RO_201006_GSL_364,Italy,Rome,41.9028,12.4964,ATO2 Wastewater Treatment Plant,87
1015100_1,Rome,Janthinobacterium,0.00453808,2020-10-06 00:00:00,DTU_2022_1015100_1_MG_IT_RO_201006_GSL_364,Italy,Rome,41.9028,12.4964,ATO2 Wastewater Treatment Plant,87
1015100_1,Rome,Kaistella,0.009039778,2020-10-06 00:00:00,DTU_2022_1015100_1_MG_IT_RO_201006_GSL_364,Italy,Rome,41.9028,12.4964,ATO2 Wastewater Treatment Plant,87
1015100_1,Rome,Lactococcus_A,4.37763e-05,2020-10-06 00:00:00,DTU_2022_1015100_1_MG_IT_RO_201006_GSL_364,Italy,Rome,41.9028,12.4964,ATO2 Wastewater Treatment Plant,87
1015100_1,Rome,Lenti-01,0.000333018,2020-10-06 00:00:00,DTU_2022_1015100_1_MG_IT_RO_201006_GSL_364,Italy,Rome,41.9028,12.4964,ATO2 Wastewater Treatment Plant,87
1015100_1,Rome,Microthrix,8.20964e-06,2020-10-06 00:00:00,DTU_2022_1015100_1_MG_IT_RO_201006_GSL_364,Italy,Rome,41.9028,12.4964,ATO2 Wastewater Treatment Plant,87
1015100_1,Rome,Moraxella_A,0.0108218,2020-10-06 00:00:00,DTU_2022_1015100_1_MG_IT_RO_201006_GSL_364,Italy,Rome,41.9028,12.4964,ATO2 Wastewater Treatment Plant,87
1015100_1,Rome,Neisseria,0.001624692,2020-10-06 00:00:00,DTU_2022_1015100_1_MG_IT_RO_201006_GSL_364,Italy,Rome,41.9028,12.4964,ATO2 Wastewater Treatment Plant,87
1015100_1,Rome,Novosphingobium,0.000863346,2020-10-06 00:00:00,DTU_2022_1015100_1_MG_IT_RO_201006_GSL_364,Italy,Rome,41.9028,12.4964,ATO2 Wastewater Treatment Plant,87
1015100_1,Rome,Ottowia,0.002297391,2020-10-06 00:00:00,DTU_2022_1015100_1_MG_IT_RO_201006_GSL_364,Italy,Rome,41.9028,12.4964,ATO2 Wastewater Treatment Plant,87
1015100_1,Rome,Paracoccus,0.002568173,2020-10-06 00:00:00,DTU_2022_1015100_1_MG_IT_RO_201006_GSL_364,Italy,Rome,41.9028,12.4964,ATO2 Wastewater Treatment Plant,87
1015100_1,Rome,Phocaeicola,0.000202673,2020-10-06 00:00:00,DTU_2022_1015100_1_MG_IT_RO_201006_GSL_364,Italy,Rome,41.9028,12.4964,ATO2 Wastewater Treatment Plant,87
1015100_1,Rome,Prevotella,0.000467487,2020-10-06 00:00:00,DTU_2022_1015100_1_MG_IT_RO_201006_GSL_364,Italy,Rome,41.9028,12.4964,ATO2 Wastewater Treatment Plant,87
1015100_1,Rome,Propionivibrio,0.003171725,2020-10-06 00:00:00,DTU_2022_1015100_1_MG_IT_RO_201006_GSL_364,Italy,Rome,41.9028,12.4964,ATO2 Wastewater Treatment Plant,87
1015100_1,Rome,Pseudomonas_E,0.155081781,2020-10-06 00:00:00,DTU_2022_1015100_1_MG_IT_RO_201006_GSL_364,Italy,Rome,41.9028,12.4964,ATO2 Wastewater Treatment Plant,87
1015100_1,Rome,Pseudoxanthomonas,0.001202857,2020-10-06 00:00:00,DTU_2022_1015100_1_MG_IT_RO_201006_GSL_364,Italy,Rome,41.9028,12.4964,ATO2 Wastewater Treatment Plant,87
1015100_1,Rome,Pseudoxanthomonas_A,0.039693897,2020-10-06 00:00:00,DTU_2022_1015100_1_MG_IT_RO_201006_GSL_364,Italy,Rome,41.9028,12.4964,ATO2 Wastewater Treatment Plant,87
1015100_1,Rome,Psychrobacter,0.010880095,2020-10-06 00:00:00,DTU_2022_1015100_1_MG_IT_RO_201006_GSL_364,Italy,Rome,41.9028,12.4964,ATO2 Wastewater Treatment Plant,87
1015100_1,Rome,Rubrivivax,0.000128932,2020-10-06 00:00:00,DTU_2022_1015100_1_MG_IT_RO_201006_GSL_364,Italy,Rome,41.9028,12.4964,ATO2 Wastewater Treatment Plant,87
1015100_1,Rome,Streptococcus,0.000236977,2020-10-06 00:00:00,DTU_2022_1015100_1_MG_IT_RO_201006_GSL_364,Italy,Rome,41.9028,12.4964,ATO2 Wastewater Treatment Plant,87
1015100_1,Rome,Telluria,0.017903752,2020-10-06 00:00:00,DTU_2022_1015100_1_MG_IT_RO_201006_GSL_364,Italy,Rome,41.9028,12.4964,ATO2 Wastewater Treatment Plant,87
1015100_1,Rome,Thauera,0.005562411,2020-10-06 00:00:00,DTU_2022_1015100_1_MG_IT_RO_201006_GSL_364,Italy,Rome,41.9028,12.4964,ATO2 Wastewater Treatment Plant,87
1015100_1,Rome,Thermomonas,0.030047676,2020-10-06 00:00:00,DTU_2022_1015100_1_MG_IT_RO_201006_GSL_364,Italy,Rome,41.9028,12.4964,ATO2 Wastewater Treatment Plant,87
1015100_1,Rome,Thiothrix,0.000224602,2020-10-06 00:00:00,DTU_2022_1015100_1_MG_IT_RO_201006_GSL_364,Italy,Rome,41.9028,12.4964,ATO2 Wastewater Treatment Plant,87
1015100_1,Rome,Tolumonas,0.000477856,2020-10-06 00:00:00,DTU_2022_1015100_1_MG_IT_RO_201006_GSL_364,Italy,Rome,41.9028,12.4964,ATO2 Wastewater Treatment Plant,87
1015100_1,Rome,Trichococcus,0.000131395,2020-10-06 00:00:00,DTU_2022_1015100_1_MG_IT_RO_201006_GSL_364,Italy,Rome,41.9028,12.4964,ATO2 Wastewater Treatment Plant,87
1015100_1,Rome,UBA1413,3.33781e-07,2020-10-06 00:00:00,DTU_2022_1015100_1_MG_IT_RO_201006_GSL_364,Italy,Rome,41.9028,12.4964,ATO2 Wastewater Treatment Plant,87
1015100_1,Rome,merged,0.391496514,2020-10-06 00:00:00,DTU_2022_1015100_1_MG_IT_RO_201006_GSL_364,Italy,Rome,41.9028,12.4964,ATO2 Wastewater Treatment Plant,87
1015103_1,Rome,Acidovorax,0.259314062,2020-10-27 00:00:00,DTU_2022_1015103_1_MG_IT_RO_201027_GSL_367,Italy,Rome,41.9028,12.4964,ATO2 Wastewater Treatment Plant,90
1015103_1,Rome,Acinetobacter,0.081983994,2020-10-27 00:00:00,DTU_2022_1015103_1_MG_IT_RO_201027_GSL_367,Italy,Rome,41.9028,12.4964,ATO2 Wastewater Treatment Plant,90
1015103_1,Rome,Aeromonas,0.001878753,2020-10-27 00:00:00,DTU_2022_1015103_1_MG_IT_RO_201027_GSL_367,Italy,Rome,41.9028,12.4964,ATO2 Wastewater Treatment Plant,90
1015103_1,Rome,Aliarcobacter,0.001394005,2020-10-27 00:00:00,DTU_2022_1015103_1_MG_IT_RO_201027_GSL_367,Italy,Rome,41.9028,12.4964,ATO2 Wastewater Treatment Plant,90
1015103_1,Rome,Aquabacterium_A,0.000219415,2020-10-27 00:00:00,DTU_2022_1015103_1_MG_IT_RO_201027_GSL_367,Italy,Rome,41.9028,12.4964,ATO2 Wastewater Treatment Plant,90
1015103_1,Rome,Bacteroides,0.000164926,2020-10-27 00:00:00,DTU_2022_1015103_1_MG_IT_RO_201027_GSL_367,Italy,Rome,41.9028,12.4964,ATO2 Wastewater Treatment Plant,90
1015103_1,Rome,Brachymonas,0.010806463,2020-10-27 00:00:00,DTU_2022_1015103_1_MG_IT_RO_201027_GSL_367,Italy,Rome,41.9028,12.4964,ATO2 Wastewater Treatment Plant,90
1015103_1,Rome,Brevefilum,3.31483e-06,2020-10-27 00:00:00,DTU_2022_1015103_1_MG_IT_RO_201027_GSL_367,Italy,Rome,41.9028,12.4964,ATO2 Wastewater Treatment Plant,90
1015103_1,Rome,Brevundimonas,0.002719707,2020-10-27 00:00:00,DTU_2022_1015103_1_MG_IT_RO_201027_GSL_367,Italy,Rome,41.9028,12.4964,ATO2 Wastewater Treatment Plant,90
1015103_1,Rome,Cloacibacterium,0.006739282,2020-10-27 00:00:00,DTU_2022_1015103_1_MG_IT_RO_201027_GSL_367,Italy,Rome,41.9028,12.4964,ATO2 Wastewater Treatment Plant,90
1015103_1,Rome,Comamonas,0.014364639,2020-10-27 00:00:00,DTU_2022_1015103_1_MG_IT_RO_201027_GSL_367,Italy,Rome,41.9028,12.4964,ATO2 Wastewater Treatment Plant,90
1015103_1,Rome,Competibacter_A,6.20971e-05,2020-10-27 00:00:00,DTU_2022_1015103_1_MG_IT_RO_201027_GSL_367,Italy,Rome,41.9028,12.4964,ATO2 Wastewater Treatment Plant,90
1015103_1,Rome,Enterobacter,7.44211e-05,2020-10-27 00:00:00,DTU_2022_1015103_1_MG_IT_RO_201027_GSL_367,Italy,Rome,41.9028,12.4964,ATO2 Wastewater Treatment Plant,90
1015103_1,Rome,Fermentibacter,0.000207321,2020-10-27 00:00:00,DTU_2022_1015103_1_MG_IT_RO_201027_GSL_367,Italy,Rome,41.9028,12.4964,ATO2 Wastewater Treatment Plant,90
1015103_1,Rome,Flavobacterium,0.032420158,2020-10-27 00:00:00,DTU_2022_1015103_1_MG_IT_RO_201027_GSL_367,Italy,Rome,41.9028,12.4964,ATO2 Wastewater Treatment Plant,90
1015103_1,Rome,Giesbergeria,0.007733487,2020-10-27 00:00:00,DTU_2022_1015103_1_MG_IT_RO_201027_GSL_367,Italy,Rome,41.9028,12.4964,ATO2 Wastewater Treatment Plant,90
1015103_1,Rome,Hydrogenophaga,0.000701374,2020-10-27 00:00:00,DTU_2022_1015103_1_MG_IT_RO_201027_GSL_367,Italy,Rome,41.9028,12.4964,ATO2 Wastewater Treatment Plant,90
1015103_1,Rome,JAGOYM01,0.000740307,2020-10-27 00:00:00,DTU_2022_1015103_1_MG_IT_RO_201027_GSL_367,Italy,Rome,41.9028,12.4964,ATO2 Wastewater Treatment Plant,90
1015103_1,Rome,Janthinobacterium,0.004242467,2020-10-27 00:00:00,DTU_2022_1015103_1_MG_IT_RO_201027_GSL_367,Italy,Rome,41.9028,12.4964,ATO2 Wastewater Treatment Plant,90
1015103_1,Rome,Kaistella,0.026665693,2020-10-27 00:00:00,DTU_2022_1015103_1_MG_IT_RO_201027_GSL_367,Italy,Rome,41.9028,12.4964,ATO2 Wastewater Treatment Plant,90
1015103_1,Rome,Lactococcus_A,0.000275952,2020-10-27 00:00:00,DTU_2022_1015103_1_MG_IT_RO_201027_GSL_367,Italy,Rome,41.9028,12.4964,ATO2 Wastewater Treatment Plant,90
1015103_1,Rome,Lenti-01,0.001132042,2020-10-27 00:00:00,DTU_2022_1015103_1_MG_IT_RO_201027_GSL_367,Italy,Rome,41.9028,12.4964,ATO2 Wastewater Treatment Plant,90
1015103_1,Rome,Microthrix,1.4165e-05,2020-10-27 00:00:00,DTU_2022_1015103_1_MG_IT_RO_201027_GSL_367,Italy,Rome,41.9028,12.4964,ATO2 Wastewater Treatment Plant,90
1015103_1,Rome,Moraxella_A,0.035455353,2020-10-27 00:00:00,DTU_2022_1015103_1_MG_IT_RO_201027_GSL_367,Italy,Rome,41.9028,12.4964,ATO2 Wastewater Treatment Plant,90
1015103_1,Rome,Neisseria,0.01805257,2020-10-27 00:00:00,DTU_2022_1015103_1_MG_IT_RO_201027_GSL_367,Italy,Rome,41.9028,12.4964,ATO2 Wastewater Treatment Plant,90
1015103_1,Rome,Novosphingobium,0.000682231,2020-10-27 00:00:00,DTU_2022_1015103_1_MG_IT_RO_201027_GSL_367,Italy,Rome,41.9028,12.4964,ATO2 Wastewater Treatment Plant,90
1015103_1,Rome,Ottowia,0.003491274,2020-10-27 00:00:00,DTU_2022_1015103_1_MG_IT_RO_201027_GSL_367,Italy,Rome,41.9028,12.4964,ATO2 Wastewater Treatment Plant,90
1015103_1,Rome,Paracoccus,0.00524972,2020-10-27 00:00:00,DTU_2022_1015103_1_MG_IT_RO_201027_GSL_367,Italy,Rome,41.9028,12.4964,ATO2 Wastewater Treatment Plant,90
1015103_1,Rome,Phocaeicola,0.000314537,2020-10-27 00:00:00,DTU_2022_1015103_1_MG_IT_RO_201027_GSL_367,Italy,Rome,41.9028,12.4964,ATO2 Wastewater Treatment Plant,90
1015103_1,Rome,Prevotella,0.000247796,2020-10-27 00:00:00,DTU_2022_1015103_1_MG_IT_RO_201027_GSL_367,Italy,Rome,41.9028,12.4964,ATO2 Wastewater Treatment Plant,90
1015103_1,Rome,Propionivibrio,0.003320082,2020-10-27 00:00:00,DTU_2022_1015103_1_MG_IT_RO_201027_GSL_367,Italy,Rome,41.9028,12.4964,ATO2 Wastewater Treatment Plant,90
1015103_1,Rome,Pseudomonas_E,0.235650441,2020-10-27 00:00:00,DTU_2022_1015103_1_MG_IT_RO_201027_GSL_367,Italy,Rome,41.9028,12.4964,ATO2 Wastewater Treatment Plant,90
1015103_1,Rome,Pseudoxanthomonas,0.009595428,2020-10-27 00:00:00,DTU_2022_1015103_1_MG_IT_RO_201027_GSL_367,Italy,Rome,41.9028,12.4964,ATO2 Wastewater Treatment Plant,90
1015103_1,Rome,Pseudoxanthomonas_A,0.01131519,2020-10-27 00:00:00,DTU_2022_1015103_1_MG_IT_RO_201027_GSL_367,Italy,Rome,41.9028,12.4964,ATO2 Wastewater Treatment Plant,90
1015103_1,Rome,Psychrobacter,0.021883788,2020-10-27 00:00:00,DTU_2022_1015103_1_MG_IT_RO_201027_GSL_367,Italy,Rome,41.9028,12.4964,ATO2 Wastewater Treatment Plant,90
1015103_1,Rome,Rubrivivax,0.000212659,2020-10-27 00:00:00,DTU_2022_1015103_1_MG_IT_RO_201027_GSL_367,Italy,Rome,41.9028,12.4964,ATO2 Wastewater Treatment Plant,90
1015103_1,Rome,Streptococcus,0.000415132,2020-10-27 00:00:00,DTU_2022_1015103_1_MG_IT_RO_201027_GSL_367,Italy,Rome,41.9028,12.4964,ATO2 Wastewater Treatment Plant,90
1015103_1,Rome,Telluria,0.006786446,2020-10-27 00:00:00,DTU_2022_1015103_1_MG_IT_RO_201027_GSL_367,Italy,Rome,41.9028,12.4964,ATO2 Wastewater Treatment Plant,90
1015103_1,Rome,Thauera,0.006978291,2020-10-27 00:00:00,DTU_2022_1015103_1_MG_IT_RO_201027_GSL_367,Italy,Rome,41.9028,12.4964,ATO2 Wastewater Treatment Plant,90
1015103_1,Rome,Thermomonas,0.005766052,2020-10-27 00:00:00,DTU_2022_1015103_1_MG_IT_RO_201027_GSL_367,Italy,Rome,41.9028,12.4964,ATO2 Wastewater Treatment Plant,90
1015103_1,Rome,Thiothrix,0.000424648,2020-10-27 00:00:00,DTU_2022_1015103_1_MG_IT_RO_201027_GSL_367,Italy,Rome,41.9028,12.4964,ATO2 Wastewater Treatment Plant,90
1015103_1,Rome,Tolumonas,0.000176579,2020-10-27 00:00:00,DTU_2022_1015103_1_MG_IT_RO_201027_GSL_367,Italy,Rome,41.9028,12.4964,ATO2 Wastewater Treatment Plant,90
1015103_1,Rome,Trichococcus,0.001477774,2020-10-27 00:00:00,DTU_2022_1015103_1_MG_IT_RO_201027_GSL_367,Italy,Rome,41.9028,12.4964,ATO2 Wastewater Treatment Plant,90
1015103_1,Rome,UBA1413,1.35109e-05,2020-10-27 00:00:00,DTU_2022_1015103_1_MG_IT_RO_201027_GSL_367,Italy,Rome,41.9028,12.4964,ATO2 Wastewater Treatment Plant,90
1015103_1,Rome,merged,0.17863245,2020-10-27 00:00:00,DTU_2022_1015103_1_MG_IT_RO_201027_GSL_367,Italy,Rome,41.9028,12.4964,ATO2 Wastewater Treatment Plant,90
1014139_1,Rotterdam,Acidovorax,0.116991846,2020-04-08 00:00:00,DTU_2022_1014139_1_MG_NL_RO_200408_GSL_1065,Netherlands,Rotterdam,51.9244,4.4777,Dokhaven,62
1014139_1,Rotterdam,Acinetobacter,0.024420544,2020-04-08 00:00:00,DTU_2022_1014139_1_MG_NL_RO_200408_GSL_1065,Netherlands,Rotterdam,51.9244,4.4777,Dokhaven,62
1014139_1,Rotterdam,Aeromonas,0.011880321,2020-04-08 00:00:00,DTU_2022_1014139_1_MG_NL_RO_200408_GSL_1065,Netherlands,Rotterdam,51.9244,4.4777,Dokhaven,62
1014139_1,Rotterdam,Aliarcobacter,0.014875503,2020-04-08 00:00:00,DTU_2022_1014139_1_MG_NL_RO_200408_GSL_1065,Netherlands,Rotterdam,51.9244,4.4777,Dokhaven,62
1014139_1,Rotterdam,Aquabacterium_A,0.000421683,2020-04-08 00:00:00,DTU_2022_1014139_1_MG_NL_RO_200408_GSL_1065,Netherlands,Rotterdam,51.9244,4.4777,Dokhaven,62
1014139_1,Rotterdam,Bacteroides,0.003988099,2020-04-08 00:00:00,DTU_2022_1014139_1_MG_NL_RO_200408_GSL_1065,Netherlands,Rotterdam,51.9244,4.4777,Dokhaven,62
1014139_1,Rotterdam,Brachymonas,0.018044334,2020-04-08 00:00:00,DTU_2022_1014139_1_MG_NL_RO_200408_GSL_1065,Netherlands,Rotterdam,51.9244,4.4777,Dokhaven,62
1014139_1,Rotterdam,Brevefilum,1.30594e-05,2020-04-08 00:00:00,DTU_2022_1014139_1_MG_NL_RO_200408_GSL_1065,Netherlands,Rotterdam,51.9244,4.4777,Dokhaven,62
1014139_1,Rotterdam,Brevundimonas,0.001783221,2020-04-08 00:00:00,DTU_2022_1014139_1_MG_NL_RO_200408_GSL_1065,Netherlands,Rotterdam,51.9244,4.4777,Dokhaven,62
1014139_1,Rotterdam,Cloacibacterium,0.014098819,2020-04-08 00:00:00,DTU_2022_1014139_1_MG_NL_RO_200408_GSL_1065,Netherlands,Rotterdam,51.9244,4.4777,Dokhaven,62
1014139_1,Rotterdam,Comamonas,0.014948155,2020-04-08 00:00:00,DTU_2022_1014139_1_MG_NL_RO_200408_GSL_1065,Netherlands,Rotterdam,51.9244,4.4777,Dokhaven,62
1014139_1,Rotterdam,Competibacter_A,7.96279e-05,2020-04-08 00:00:00,DTU_2022_1014139_1_MG_NL_RO_200408_GSL_1065,Netherlands,Rotterdam,51.9244,4.4777,Dokhaven,62
1014139_1,Rotterdam,Enterobacter,0.002185934,2020-04-08 00:00:00,DTU_2022_1014139_1_MG_NL_RO_200408_GSL_1065,Netherlands,Rotterdam,51.9244,4.4777,Dokhaven,62
1014139_1,Rotterdam,Fermentibacter,8.16335e-06,2020-04-08 00:00:00,DTU_2022_1014139_1_MG_NL_RO_200408_GSL_1065,Netherlands,Rotterdam,51.9244,4.4777,Dokhaven,62
1014139_1,Rotterdam,Flavobacterium,0.007720471,2020-04-08 00:00:00,DTU_2022_1014139_1_MG_NL_RO_200408_GSL_1065,Netherlands,Rotterdam,51.9244,4.4777,Dokhaven,62
1014139_1,Rotterdam,Giesbergeria,0.01513959,2020-04-08 00:00:00,DTU_2022_1014139_1_MG_NL_RO_200408_GSL_1065,Netherlands,Rotterdam,51.9244,4.4777,Dokhaven,62
1014139_1,Rotterdam,Hydrogenophaga,0.001525912,2020-04-08 00:00:00,DTU_2022_1014139_1_MG_NL_RO_200408_GSL_1065,Netherlands,Rotterdam,51.9244,4.4777,Dokhaven,62
1014139_1,Rotterdam,JAGOYM01,0.004895996,2020-04-08 00:00:00,DTU_2022_1014139_1_MG_NL_RO_200408_GSL_1065,Netherlands,Rotterdam,51.9244,4.4777,Dokhaven,62
1014139_1,Rotterdam,Janthinobacterium,0.000639618,2020-04-08 00:00:00,DTU_2022_1014139_1_MG_NL_RO_200408_GSL_1065,Netherlands,Rotterdam,51.9244,4.4777,Dokhaven,62
1014139_1,Rotterdam,Kaistella,0.001927273,2020-04-08 00:00:00,DTU_2022_1014139_1_MG_NL_RO_200408_GSL_1065,Netherlands,Rotterdam,51.9244,4.4777,Dokhaven,62
1014139_1,Rotterdam,Lactococcus_A,0.030830763,2020-04-08 00:00:00,DTU_2022_1014139_1_MG_NL_RO_200408_GSL_1065,Netherlands,Rotterdam,51.9244,4.4777,Dokhaven,62
1014139_1,Rotterdam,Lenti-01,0.003899289,2020-04-08 00:00:00,DTU_2022_1014139_1_MG_NL_RO_200408_GSL_1065,Netherlands,Rotterdam,51.9244,4.4777,Dokhaven,62
1014139_1,Rotterdam,Microthrix,1.38892e-05,2020-04-08 00:00:00,DTU_2022_1014139_1_MG_NL_RO_200408_GSL_1065,Netherlands,Rotterdam,51.9244,4.4777,Dokhaven,62
1014139_1,Rotterdam,Moraxella_A,0.001177911,2020-04-08 00:00:00,DTU_2022_1014139_1_MG_NL_RO_200408_GSL_1065,Netherlands,Rotterdam,51.9244,4.4777,Dokhaven,62
1014139_1,Rotterdam,Neisseria,0.005660484,2020-04-08 00:00:00,DTU_2022_1014139_1_MG_NL_RO_200408_GSL_1065,Netherlands,Rotterdam,51.9244,4.4777,Dokhaven,62
1014139_1,Rotterdam,Novosphingobium,0.000573121,2020-04-08 00:00:00,DTU_2022_1014139_1_MG_NL_RO_200408_GSL_1065,Netherlands,Rotterdam,51.9244,4.4777,Dokhaven,62
1014139_1,Rotterdam,Ottowia,0.020965236,2020-04-08 00:00:00,DTU_2022_1014139_1_MG_NL_RO_200408_GSL_1065,Netherlands,Rotterdam,51.9244,4.4777,Dokhaven,62
1014139_1,Rotterdam,Paracoccus,0.003631546,2020-04-08 00:00:00,DTU_2022_1014139_1_MG_NL_RO_200408_GSL_1065,Netherlands,Rotterdam,51.9244,4.4777,Dokhaven,62
1014139_1,Rotterdam,Phocaeicola,0.011685068,2020-04-08 00:00:00,DTU_2022_1014139_1_MG_NL_RO_200408_GSL_1065,Netherlands,Rotterdam,51.9244,4.4777,Dokhaven,62
1014139_1,Rotterdam,Prevotella,0.032874927,2020-04-08 00:00:00,DTU_2022_1014139_1_MG_NL_RO_200408_GSL_1065,Netherlands,Rotterdam,51.9244,4.4777,Dokhaven,62
1014139_1,Rotterdam,Propionivibrio,0.025760635,2020-04-08 00:00:00,DTU_2022_1014139_1_MG_NL_RO_200408_GSL_1065,Netherlands,Rotterdam,51.9244,4.4777,Dokhaven,62
1014139_1,Rotterdam,Pseudomonas_E,0.014761413,2020-04-08 00:00:00,DTU_2022_1014139_1_MG_NL_RO_200408_GSL_1065,Netherlands,Rotterdam,51.9244,4.4777,Dokhaven,62
1014139_1,Rotterdam,Pseudoxanthomonas,0.002327394,2020-04-08 00:00:00,DTU_2022_1014139_1_MG_NL_RO_200408_GSL_1065,Netherlands,Rotterdam,51.9244,4.4777,Dokhaven,62
1014139_1,Rotterdam,Pseudoxanthomonas_A,0.024832927,2020-04-08 00:00:00,DTU_2022_1014139_1_MG_NL_RO_200408_GSL_1065,Netherlands,Rotterdam,51.9244,4.4777,Dokhaven,62
1014139_1,Rotterdam,Psychrobacter,0.001117283,2020-04-08 00:00:00,DTU_2022_1014139_1_MG_NL_RO_200408_GSL_1065,Netherlands,Rotterdam,51.9244,4.4777,Dokhaven,62
1014139_1,Rotterdam,Rubrivivax,0.000195707,2020-04-08 00:00:00,DTU_2022_1014139_1_MG_NL_RO_200408_GSL_1065,Netherlands,Rotterdam,51.9244,4.4777,Dokhaven,62
1014139_1,Rotterdam,Streptococcus,0.004971815,2020-04-08 00:00:00,DTU_2022_1014139_1_MG_NL_RO_200408_GSL_1065,Netherlands,Rotterdam,51.9244,4.4777,Dokhaven,62
1014139_1,Rotterdam,Telluria,0.000705579,2020-04-08 00:00:00,DTU_2022_1014139_1_MG_NL_RO_200408_GSL_1065,Netherlands,Rotterdam,51.9244,4.4777,Dokhaven,62
1014139_1,Rotterdam,Thauera,0.012390036,2020-04-08 00:00:00,DTU_2022_1014139_1_MG_NL_RO_200408_GSL_1065,Netherlands,Rotterdam,51.9244,4.4777,Dokhaven,62
1014139_1,Rotterdam,Thermomonas,0.00602192,2020-04-08 00:00:00,DTU_2022_1014139_1_MG_NL_RO_200408_GSL_1065,Netherlands,Rotterdam,51.9244,4.4777,Dokhaven,62
1014139_1,Rotterdam,Thiothrix,0.002421497,2020-04-08 00:00:00,DTU_2022_1014139_1_MG_NL_RO_200408_GSL_1065,Netherlands,Rotterdam,51.9244,4.4777,Dokhaven,62
1014139_1,Rotterdam,Tolumonas,0.006871664,2020-04-08 00:00:00,DTU_2022_1014139_1_MG_NL_RO_200408_GSL_1065,Netherlands,Rotterdam,51.9244,4.4777,Dokhaven,62
1014139_1,Rotterdam,Trichococcus,0.043432293,2020-04-08 00:00:00,DTU_2022_1014139_1_MG_NL_RO_200408_GSL_1065,Netherlands,Rotterdam,51.9244,4.4777,Dokhaven,62
1014139_1,Rotterdam,UBA1413,7.56545e-07,2020-04-08 00:00:00,DTU_2022_1014139_1_MG_NL_RO_200408_GSL_1065,Netherlands,Rotterdam,51.9244,4.4777,Dokhaven,62
1014139_1,Rotterdam,merged,0.487288677,2020-04-08 00:00:00,DTU_2022_1014139_1_MG_NL_RO_200408_GSL_1065,Netherlands,Rotterdam,51.9244,4.4777,Dokhaven,62
1014141_1,Rotterdam,Acidovorax,0.114493738,2020-04-23 00:00:00,DTU_2022_1014141_1_MG_NL_RO_200423_GSL_1067,Netherlands,Rotterdam,51.9244,4.4777,Dokhaven,64
1014141_1,Rotterdam,Acinetobacter,0.015609889,2020-04-23 00:00:00,DTU_2022_1014141_1_MG_NL_RO_200423_GSL_1067,Netherlands,Rotterdam,51.9244,4.4777,Dokhaven,64
1014141_1,Rotterdam,Aeromonas,0.027986777,2020-04-23 00:00:00,DTU_2022_1014141_1_MG_NL_RO_200423_GSL_1067,Netherlands,Rotterdam,51.9244,4.4777,Dokhaven,64
1014141_1,Rotterdam,Aliarcobacter,0.019896713,2020-04-23 00:00:00,DTU_2022_1014141_1_MG_NL_RO_200423_GSL_1067,Netherlands,Rotterdam,51.9244,4.4777,Dokhaven,64
1014141_1,Rotterdam,Aquabacterium_A,0.000662978,2020-04-23 00:00:00,DTU_2022_1014141_1_MG_NL_RO_200423_GSL_1067,Netherlands,Rotterdam,51.9244,4.4777,Dokhaven,64
1014141_1,Rotterdam,Bacteroides,0.006133589,2020-04-23 00:00:00,DTU_2022_1014141_1_MG_NL_RO_200423_GSL_1067,Netherlands,Rotterdam,51.9244,4.4777,Dokhaven,64
1014141_1,Rotterdam,Brachymonas,0.021948515,2020-04-23 00:00:00,DTU_2022_1014141_1_MG_NL_RO_200423_GSL_1067,Netherlands,Rotterdam,51.9244,4.4777,Dokhaven,64
1014141_1,Rotterdam,Brevefilum,7.1369e-06,2020-04-23 00:00:00,DTU_2022_1014141_1_MG_NL_RO_200423_GSL_1067,Netherlands,Rotterdam,51.9244,4.4777,Dokhaven,64
1014141_1,Rotterdam,Brevundimonas,0.00269054,2020-04-23 00:00:00,DTU_2022_1014141_1_MG_NL_RO_200423_GSL_1067,Netherlands,Rotterdam,51.9244,4.4777,Dokhaven,64
1014141_1,Rotterdam,Cloacibacterium,0.028714096,2020-04-23 00:00:00,DTU_2022_1014141_1_MG_NL_RO_200423_GSL_1067,Netherlands,Rotterdam,51.9244,4.4777,Dokhaven,64
1014141_1,Rotterdam,Comamonas,0.013405508,2020-04-23 00:00:00,DTU_2022_1014141_1_MG_NL_RO_200423_GSL_1067,Netherlands,Rotterdam,51.9244,4.4777,Dokhaven,64
1014141_1,Rotterdam,Competibacter_A,9.42149e-05,2020-04-23 00:00:00,DTU_2022_1014141_1_MG_NL_RO_200423_GSL_1067,Netherlands,Rotterdam,51.9244,4.4777,Dokhaven,64
1014141_1,Rotterdam,Enterobacter,0.001310256,2020-04-23 00:00:00,DTU_2022_1014141_1_MG_NL_RO_200423_GSL_1067,Netherlands,Rotterdam,51.9244,4.4777,Dokhaven,64
1014141_1,Rotterdam,Fermentibacter,3.69128e-06,2020-04-23 00:00:00,DTU_2022_1014141_1_MG_NL_RO_200423_GSL_1067,Netherlands,Rotterdam,51.9244,4.4777,Dokhaven,64
1014141_1,Rotterdam,Flavobacterium,0.004059191,2020-04-23 00:00:00,DTU_2022_1014141_1_MG_NL_RO_200423_GSL_1067,Netherlands,Rotterdam,51.9244,4.4777,Dokhaven,64
1014141_1,Rotterdam,Giesbergeria,0.016259298,2020-04-23 00:00:00,DTU_2022_1014141_1_MG_NL_RO_200423_GSL_1067,Netherlands,Rotterdam,51.9244,4.4777,Dokhaven,64
1014141_1,Rotterdam,Hydrogenophaga,0.00119091,2020-04-23 00:00:00,DTU_2022_1014141_1_MG_NL_RO_200423_GSL_1067,Netherlands,Rotterdam,51.9244,4.4777,Dokhaven,64
1014141_1,Rotterdam,JAGOYM01,0.003300678,2020-04-23 00:00:00,DTU_2022_1014141_1_MG_NL_RO_200423_GSL_1067,Netherlands,Rotterdam,51.9244,4.4777,Dokhaven,64
1014141_1,Rotterdam,Janthinobacterium,0.000502161,2020-04-23 00:00:00,DTU_2022_1014141_1_MG_NL_RO_200423_GSL_1067,Netherlands,Rotterdam,51.9244,4.4777,Dokhaven,64
1014141_1,Rotterdam,Kaistella,0.002632272,2020-04-23 00:00:00,DTU_2022_1014141_1_MG_NL_RO_200423_GSL_1067,Netherlands,Rotterdam,51.9244,4.4777,Dokhaven,64
1014141_1,Rotterdam,Lactococcus_A,0.021017036,2020-04-23 00:00:00,DTU_2022_1014141_1_MG_NL_RO_200423_GSL_1067,Netherlands,Rotterdam,51.9244,4.4777,Dokhaven,64
1014141_1,Rotterdam,Lenti-01,0.002081294,2020-04-23 00:00:00,DTU_2022_1014141_1_MG_NL_RO_200423_GSL_1067,Netherlands,Rotterdam,51.9244,4.4777,Dokhaven,64
1014141_1,Rotterdam,Microthrix,6.7832e-06,2020-04-23 00:00:00,DTU_2022_1014141_1_MG_NL_RO_200423_GSL_1067,Netherlands,Rotterdam,51.9244,4.4777,Dokhaven,64
1014141_1,Rotterdam,Moraxella_A,0.000859895,2020-04-23 00:00:00,DTU_2022_1014141_1_MG_NL_RO_200423_GSL_1067,Netherlands,Rotterdam,51.9244,4.4777,Dokhaven,64
1014141_1,Rotterdam,Neisseria,0.002588228,2020-04-23 00:00:00,DTU_2022_1014141_1_MG_NL_RO_200423_GSL_1067,Netherlands,Rotterdam,51.9244,4.4777,Dokhaven,64
1014141_1,Rotterdam,Novosphingobium,0.001278241,2020-04-23 00:00:00,DTU_2022_1014141_1_MG_NL_RO_200423_GSL_1067,Netherlands,Rotterdam,51.9244,4.4777,Dokhaven,64
1014141_1,Rotterdam,Ottowia,0.017624168,2020-04-23 00:00:00,DTU_2022_1014141_1_MG_NL_RO_200423_GSL_1067,Netherlands,Rotterdam,51.9244,4.4777,Dokhaven,64
1014141_1,Rotterdam,Paracoccus,0.004577588,2020-04-23 00:00:00,DTU_2022_1014141_1_MG_NL_RO_200423_GSL_1067,Netherlands,Rotterdam,51.9244,4.4777,Dokhaven,64
1014141_1,Rotterdam,Phocaeicola,0.008308264,2020-04-23 00:00:00,DTU_2022_1014141_1_MG_NL_RO_200423_GSL_1067,Netherlands,Rotterdam,51.9244,4.4777,Dokhaven,64
1014141_1,Rotterdam,Prevotella,0.017864232,2020-04-23 00:00:00,DTU_2022_1014141_1_MG_NL_RO_200423_GSL_1067,Netherlands,Rotterdam,51.9244,4.4777,Dokhaven,64
1014141_1,Rotterdam,Propionivibrio,0.019261305,2020-04-23 00:00:00,DTU_2022_1014141_1_MG_NL_RO_200423_GSL_1067,Netherlands,Rotterdam,51.9244,4.4777,Dokhaven,64
1014141_1,Rotterdam,Pseudomonas_E,0.01130257,2020-04-23 00:00:00,DTU_2022_1014141_1_MG_NL_RO_200423_GSL_1067,Netherlands,Rotterdam,51.9244,4.4777,Dokhaven,64
1014141_1,Rotterdam,Pseudoxanthomonas,0.002360351,2020-04-23 00:00:00,DTU_2022_1014141_1_MG_NL_RO_200423_GSL_1067,Netherlands,Rotterdam,51.9244,4.4777,Dokhaven,64
1014141_1,Rotterdam,Pseudoxanthomonas_A,0.012218828,2020-04-23 00:00:00,DTU_2022_1014141_1_MG_NL_RO_200423_GSL_1067,Netherlands,Rotterdam,51.9244,4.4777,Dokhaven,64
1014141_1,Rotterdam,Psychrobacter,0.000450026,2020-04-23 00:00:00,DTU_2022_1014141_1_MG_NL_RO_200423_GSL_1067,Netherlands,Rotterdam,51.9244,4.4777,Dokhaven,64
1014141_1,Rotterdam,Rubrivivax,0.000255214,2020-04-23 00:00:00,DTU_2022_1014141_1_MG_NL_RO_200423_GSL_1067,Netherlands,Rotterdam,51.9244,4.4777,Dokhaven,64
1014141_1,Rotterdam,Streptococcus,0.001848968,2020-04-23 00:00:00,DTU_2022_1014141_1_MG_NL_RO_200423_GSL_1067,Netherlands,Rotterdam,51.9244,4.4777,Dokhaven,64
1014141_1,Rotterdam,Telluria,0.001154708,2020-04-23 00:00:00,DTU_2022_1014141_1_MG_NL_RO_200423_GSL_1067,Netherlands,Rotterdam,51.9244,4.4777,Dokhaven,64
1014141_1,Rotterdam,Thauera,0.009329268,2020-04-23 00:00:00,DTU_2022_1014141_1_MG_NL_RO_200423_GSL_1067,Netherlands,Rotterdam,51.9244,4.4777,Dokhaven,64
1014141_1,Rotterdam,Thermomonas,0.005839637,2020-04-23 00:00:00,DTU_2022_1014141_1_MG_NL_RO_200423_GSL_1067,Netherlands,Rotterdam,51.9244,4.4777,Dokhaven,64
1014141_1,Rotterdam,Thiothrix,0.001109204,2020-04-23 00:00:00,DTU_2022_1014141_1_MG_NL_RO_200423_GSL_1067,Netherlands,Rotterdam,51.9244,4.4777,Dokhaven,64
1014141_1,Rotterdam,Tolumonas,0.016313269,2020-04-23 00:00:00,DTU_2022_1014141_1_MG_NL_RO_200423_GSL_1067,Netherlands,Rotterdam,51.9244,4.4777,Dokhaven,64
1014141_1,Rotterdam,Trichococcus,0.042104674,2020-04-23 00:00:00,DTU_2022_1014141_1_MG_NL_RO_200423_GSL_1067,Netherlands,Rotterdam,51.9244,4.4777,Dokhaven,64
1014141_1,Rotterdam,UBA1413,2.10601e-06,2020-04-23 00:00:00,DTU_2022_1014141_1_MG_NL_RO_200423_GSL_1067,Netherlands,Rotterdam,51.9244,4.4777,Dokhaven,64
1014141_1,Rotterdam,merged,0.51934199,2020-04-23 00:00:00,DTU_2022_1014141_1_MG_NL_RO_200423_GSL_1067,Netherlands,Rotterdam,51.9244,4.4777,Dokhaven,64
1014143_1,Rotterdam,Acidovorax,0.202235567,2020-05-04 00:00:00,DTU_2022_1014143_1_MG_NL_RO_200504_GSL_1069,Netherlands,Rotterdam,51.9244,4.4777,Dokhaven,65
1014143_1,Rotterdam,Acinetobacter,0.017101703,2020-05-04 00:00:00,DTU_2022_1014143_1_MG_NL_RO_200504_GSL_1069,Netherlands,Rotterdam,51.9244,4.4777,Dokhaven,65
1014143_1,Rotterdam,Aeromonas,0.013337768,2020-05-04 00:00:00,DTU_2022_1014143_1_MG_NL_RO_200504_GSL_1069,Netherlands,Rotterdam,51.9244,4.4777,Dokhaven,65
1014143_1,Rotterdam,Aliarcobacter,0.009358939,2020-05-04 00:00:00,DTU_2022_1014143_1_MG_NL_RO_200504_GSL_1069,Netherlands,Rotterdam,51.9244,4.4777,Dokhaven,65
1014143_1,Rotterdam,Aquabacterium_A,0.001908,2020-05-04 00:00:00,DTU_2022_1014143_1_MG_NL_RO_200504_GSL_1069,Netherlands,Rotterdam,51.9244,4.4777,Dokhaven,65
1014143_1,Rotterdam,Bacteroides,0.001865174,2020-05-04 00:00:00,DTU_2022_1014143_1_MG_NL_RO_200504_GSL_1069,Netherlands,Rotterdam,51.9244,4.4777,Dokhaven,65
1014143_1,Rotterdam,Brachymonas,0.008988495,2020-05-04 00:00:00,DTU_2022_1014143_1_MG_NL_RO_200504_GSL_1069,Netherlands,Rotterdam,51.9244,4.4777,Dokhaven,65
1014143_1,Rotterdam,Brevefilum,6.53688e-06,2020-05-04 00:00:00,DTU_2022_1014143_1_MG_NL_RO_200504_GSL_1069,Netherlands,Rotterdam,51.9244,4.4777,Dokhaven,65
1014143_1,Rotterdam,Brevundimonas,0.001765006,2020-05-04 00:00:00,DTU_2022_1014143_1_MG_NL_RO_200504_GSL_1069,Netherlands,Rotterdam,51.9244,4.4777,Dokhaven,65
1014143_1,Rotterdam,Cloacibacterium,0.006399893,2020-05-04 00:00:00,DTU_2022_1014143_1_MG_NL_RO_200504_GSL_1069,Netherlands,Rotterdam,51.9244,4.4777,Dokhaven,65
1014143_1,Rotterdam,Comamonas,0.006056786,2020-05-04 00:00:00,DTU_2022_1014143_1_MG_NL_RO_200504_GSL_1069,Netherlands,Rotterdam,51.9244,4.4777,Dokhaven,65
1014143_1,Rotterdam,Competibacter_A,0.000238541,2020-05-04 00:00:00,DTU_2022_1014143_1_MG_NL_RO_200504_GSL_1069,Netherlands,Rotterdam,51.9244,4.4777,Dokhaven,65
1014143_1,Rotterdam,Enterobacter,0.001360124,2020-05-04 00:00:00,DTU_2022_1014143_1_MG_NL_RO_200504_GSL_1069,Netherlands,Rotterdam,51.9244,4.4777,Dokhaven,65
1014143_1,Rotterdam,Fermentibacter,6.23334e-06,2020-05-04 00:00:00,DTU_2022_1014143_1_MG_NL_RO_200504_GSL_1069,Netherlands,Rotterdam,51.9244,4.4777,Dokhaven,65
1014143_1,Rotterdam,Flavobacterium,0.004500043,2020-05-04 00:00:00,DTU_2022_1014143_1_MG_NL_RO_200504_GSL_1069,Netherlands,Rotterdam,51.9244,4.4777,Dokhaven,65
1014143_1,Rotterdam,Giesbergeria,0.023794727,2020-05-04 00:00:00,DTU_2022_1014143_1_MG_NL_RO_200504_GSL_1069,Netherlands,Rotterdam,51.9244,4.4777,Dokhaven,65
1014143_1,Rotterdam,Hydrogenophaga,0.003726881,2020-05-04 00:00:00,DTU_2022_1014143_1_MG_NL_RO_200504_GSL_1069,Netherlands,Rotterdam,51.9244,4.4777,Dokhaven,65
1014143_1,Rotterdam,JAGOYM01,0.002539103,2020-05-04 00:00:00,DTU_2022_1014143_1_MG_NL_RO_200504_GSL_1069,Netherlands,Rotterdam,51.9244,4.4777,Dokhaven,65
1014143_1,Rotterdam,Janthinobacterium,0.00036139,2020-05-04 00:00:00,DTU_2022_1014143_1_MG_NL_RO_200504_GSL_1069,Netherlands,Rotterdam,51.9244,4.4777,Dokhaven,65
1014143_1,Rotterdam,Kaistella,0.001790024,2020-05-04 00:00:00,DTU_2022_1014143_1_MG_NL_RO_200504_GSL_1069,Netherlands,Rotterdam,51.9244,4.4777,Dokhaven,65
1014143_1,Rotterdam,Lactococcus_A,0.001182301,2020-05-04 00:00:00,DTU_2022_1014143_1_MG_NL_RO_200504_GSL_1069,Netherlands,Rotterdam,51.9244,4.4777,Dokhaven,65
1014143_1,Rotterdam,Lenti-01,0.007815692,2020-05-04 00:00:00,DTU_2022_1014143_1_MG_NL_RO_200504_GSL_1069,Netherlands,Rotterdam,51.9244,4.4777,Dokhaven,65
1014143_1,Rotterdam,Microthrix,8.74348e-06,2020-05-04 00:00:00,DTU_2022_1014143_1_MG_NL_RO_200504_GSL_1069,Netherlands,Rotterdam,51.9244,4.4777,Dokhaven,65
1014143_1,Rotterdam,Moraxella_A,0.00035783,2020-05-04 00:00:00,DTU_2022_1014143_1_MG_NL_RO_200504_GSL_1069,Netherlands,Rotterdam,51.9244,4.4777,Dokhaven,65
1014143_1,Rotterdam,Neisseria,0.0021057,2020-05-04 00:00:00,DTU_2022_1014143_1_MG_NL_RO_200504_GSL_1069,Netherlands,Rotterdam,51.9244,4.4777,Dokhaven,65
1014143_1,Rotterdam,Novosphingobium,0.05901469,2020-05-04 00:00:00,DTU_2022_1014143_1_MG_NL_RO_200504_GSL_1069,Netherlands,Rotterdam,51.9244,4.4777,Dokhaven,65
1014143_1,Rotterdam,Ottowia,0.016262192,2020-05-04 00:00:00,DTU_2022_1014143_1_MG_NL_RO_200504_GSL_1069,Netherlands,Rotterdam,51.9244,4.4777,Dokhaven,65
1014143_1,Rotterdam,Paracoccus,0.002494838,2020-05-04 00:00:00,DTU_2022_1014143_1_MG_NL_RO_200504_GSL_1069,Netherlands,Rotterdam,51.9244,4.4777,Dokhaven,65
1014143_1,Rotterdam,Phocaeicola,0.001683745,2020-05-04 00:00:00,DTU_2022_1014143_1_MG_NL_RO_200504_GSL_1069,Netherlands,Rotterdam,51.9244,4.4777,Dokhaven,65
1014143_1,Rotterdam,Prevotella,0.003572491,2020-05-04 00:00:00,DTU_2022_1014143_1_MG_NL_RO_200504_GSL_1069,Netherlands,Rotterdam,51.9244,4.4777,Dokhaven,65
1014143_1,Rotterdam,Propionivibrio,0.013867037,2020-05-04 00:00:00,DTU_2022_1014143_1_MG_NL_RO_200504_GSL_1069,Netherlands,Rotterdam,51.9244,4.4777,Dokhaven,65
1014143_1,Rotterdam,Pseudomonas_E,0.012663868,2020-05-04 00:00:00,DTU_2022_1014143_1_MG_NL_RO_200504_GSL_1069,Netherlands,Rotterdam,51.9244,4.4777,Dokhaven,65
1014143_1,Rotterdam,Pseudoxanthomonas,0.001470571,2020-05-04 00:00:00,DTU_2022_1014143_1_MG_NL_RO_200504_GSL_1069,Netherlands,Rotterdam,51.9244,4.4777,Dokhaven,65
1014143_1,Rotterdam,Pseudoxanthomonas_A,0.017462673,2020-05-04 00:00:00,DTU_2022_1014143_1_MG_NL_RO_200504_GSL_1069,Netherlands,Rotterdam,51.9244,4.4777,Dokhaven,65
1014143_1,Rotterdam,Psychrobacter,0.000238057,2020-05-04 00:00:00,DTU_2022_1014143_1_MG_NL_RO_200504_GSL_1069,Netherlands,Rotterdam,51.9244,4.4777,Dokhaven,65
1014143_1,Rotterdam,Rubrivivax,0.000274961,2020-05-04 00:00:00,DTU_2022_1014143_1_MG_NL_RO_200504_GSL_1069,Netherlands,Rotterdam,51.9244,4.4777,Dokhaven,65
1014143_1,Rotterdam,Streptococcus,0.000623095,2020-05-04 00:00:00,DTU_2022_1014143_1_MG_NL_RO_200504_GSL_1069,Netherlands,Rotterdam,51.9244,4.4777,Dokhaven,65
1014143_1,Rotterdam,Telluria,0.001211166,2020-05-04 00:00:00,DTU_2022_1014143_1_MG_NL_RO_200504_GSL_1069,Netherlands,Rotterdam,51.9244,4.4777,Dokhaven,65
1014143_1,Rotterdam,Thauera,0.018538898,2020-05-04 00:00:00,DTU_2022_1014143_1_MG_NL_RO_200504_GSL_1069,Netherlands,Rotterdam,51.9244,4.4777,Dokhaven,65
1014143_1,Rotterdam,Thermomonas,0.021084962,2020-05-04 00:00:00,DTU_2022_1014143_1_MG_NL_RO_200504_GSL_1069,Netherlands,Rotterdam,51.9244,4.4777,Dokhaven,65
1014143_1,Rotterdam,Thiothrix,0.061410735,2020-05-04 00:00:00,DTU_2022_1014143_1_MG_NL_RO_200504_GSL_1069,Netherlands,Rotterdam,51.9244,4.4777,Dokhaven,65
1014143_1,Rotterdam,Tolumonas,0.012280775,2020-05-04 00:00:00,DTU_2022_1014143_1_MG_NL_RO_200504_GSL_1069,Netherlands,Rotterdam,51.9244,4.4777,Dokhaven,65
1014143_1,Rotterdam,Trichococcus,0.002112919,2020-05-04 00:00:00,DTU_2022_1014143_1_MG_NL_RO_200504_GSL_1069,Netherlands,Rotterdam,51.9244,4.4777,Dokhaven,65
1014143_1,Rotterdam,UBA1413,7.96948e-07,2020-05-04 00:00:00,DTU_2022_1014143_1_MG_NL_RO_200504_GSL_1069,Netherlands,Rotterdam,51.9244,4.4777,Dokhaven,65
1014143_1,Rotterdam,merged,0.434920331,2020-05-04 00:00:00,DTU_2022_1014143_1_MG_NL_RO_200504_GSL_1069,Netherlands,Rotterdam,51.9244,4.4777,Dokhaven,65
1014145_1,Rotterdam,Acidovorax,0.109116643,2020-05-21 00:00:00,DTU_2022_1014145_1_MG_NL_RO_200521_GSL_1071,Netherlands,Rotterdam,51.9244,4.4777,Dokhaven,68
1014145_1,Rotterdam,Acinetobacter,0.018569952,2020-05-21 00:00:00,DTU_2022_1014145_1_MG_NL_RO_200521_GSL_1071,Netherlands,Rotterdam,51.9244,4.4777,Dokhaven,68
1014145_1,Rotterdam,Aeromonas,0.025231275,2020-05-21 00:00:00,DTU_2022_1014145_1_MG_NL_RO_200521_GSL_1071,Netherlands,Rotterdam,51.9244,4.4777,Dokhaven,68
1014145_1,Rotterdam,Aliarcobacter,0.029906794,2020-05-21 00:00:00,DTU_2022_1014145_1_MG_NL_RO_200521_GSL_1071,Netherlands,Rotterdam,51.9244,4.4777,Dokhaven,68
1014145_1,Rotterdam,Aquabacterium_A,0.000183167,2020-05-21 00:00:00,DTU_2022_1014145_1_MG_NL_RO_200521_GSL_1071,Netherlands,Rotterdam,51.9244,4.4777,Dokhaven,68
1014145_1,Rotterdam,Bacteroides,0.004019515,2020-05-21 00:00:00,DTU_2022_1014145_1_MG_NL_RO_200521_GSL_1071,Netherlands,Rotterdam,51.9244,4.4777,Dokhaven,68
1014145_1,Rotterdam,Brachymonas,0.020408929,2020-05-21 00:00:00,DTU_2022_1014145_1_MG_NL_RO_200521_GSL_1071,Netherlands,Rotterdam,51.9244,4.4777,Dokhaven,68
1014145_1,Rotterdam,Brevefilum,1.71359e-05,2020-05-21 00:00:00,DTU_2022_1014145_1_MG_NL_RO_200521_GSL_1071,Netherlands,Rotterdam,51.9244,4.4777,Dokhaven,68
1014145_1,Rotterdam,Brevundimonas,0.001298152,2020-05-21 00:00:00,DTU_2022_1014145_1_MG_NL_RO_200521_GSL_1071,Netherlands,Rotterdam,51.9244,4.4777,Dokhaven,68
1014145_1,Rotterdam,Cloacibacterium,0.011456951,2020-05-21 00:00:00,DTU_2022_1014145_1_MG_NL_RO_200521_GSL_1071,Netherlands,Rotterdam,51.9244,4.4777,Dokhaven,68
1014145_1,Rotterdam,Comamonas,0.010953053,2020-05-21 00:00:00,DTU_2022_1014145_1_MG_NL_RO_200521_GSL_1071,Netherlands,Rotterdam,51.9244,4.4777,Dokhaven,68
1014145_1,Rotterdam,Competibacter_A,0.000234887,2020-05-21 00:00:00,DTU_2022_1014145_1_MG_NL_RO_200521_GSL_1071,Netherlands,Rotterdam,51.9244,4.4777,Dokhaven,68
1014145_1,Rotterdam,Enterobacter,0.002707852,2020-05-21 00:00:00,DTU_2022_1014145_1_MG_NL_RO_200521_GSL_1071,Netherlands,Rotterdam,51.9244,4.4777,Dokhaven,68
1014145_1,Rotterdam,Fermentibacter,9.38136e-06,2020-05-21 00:00:00,DTU_2022_1014145_1_MG_NL_RO_200521_GSL_1071,Netherlands,Rotterdam,51.9244,4.4777,Dokhaven,68
1014145_1,Rotterdam,Flavobacterium,0.003345927,2020-05-21 00:00:00,DTU_2022_1014145_1_MG_NL_RO_200521_GSL_1071,Netherlands,Rotterdam,51.9244,4.4777,Dokhaven,68
1014145_1,Rotterdam,Giesbergeria,0.024378933,2020-05-21 00:00:00,DTU_2022_1014145_1_MG_NL_RO_200521_GSL_1071,Netherlands,Rotterdam,51.9244,4.4777,Dokhaven,68
1014145_1,Rotterdam,Hydrogenophaga,0.004639623,2020-05-21 00:00:00,DTU_2022_1014145_1_MG_NL_RO_200521_GSL_1071,Netherlands,Rotterdam,51.9244,4.4777,Dokhaven,68
1014145_1,Rotterdam,JAGOYM01,0.001445815,2020-05-21 00:00:00,DTU_2022_1014145_1_MG_NL_RO_200521_GSL_1071,Netherlands,Rotterdam,51.9244,4.4777,Dokhaven,68
1014145_1,Rotterdam,Janthinobacterium,0.000776758,2020-05-21 00:00:00,DTU_2022_1014145_1_MG_NL_RO_200521_GSL_1071,Netherlands,Rotterdam,51.9244,4.4777,Dokhaven,68
1014145_1,Rotterdam,Kaistella,0.003421554,2020-05-21 00:00:00,DTU_2022_1014145_1_MG_NL_RO_200521_GSL_1071,Netherlands,Rotterdam,51.9244,4.4777,Dokhaven,68
1014145_1,Rotterdam,Lactococcus_A,0.008236888,2020-05-21 00:00:00,DTU_2022_1014145_1_MG_NL_RO_200521_GSL_1071,Netherlands,Rotterdam,51.9244,4.4777,Dokhaven,68
1014145_1,Rotterdam,Lenti-01,0.002492759,2020-05-21 00:00:00,DTU_2022_1014145_1_MG_NL_RO_200521_GSL_1071,Netherlands,Rotterdam,51.9244,4.4777,Dokhaven,68
1014145_1,Rotterdam,Microthrix,9.4488e-06,2020-05-21 00:00:00,DTU_2022_1014145_1_MG_NL_RO_200521_GSL_1071,Netherlands,Rotterdam,51.9244,4.4777,Dokhaven,68
1014145_1,Rotterdam,Moraxella_A,0.001306014,2020-05-21 00:00:00,DTU_2022_1014145_1_MG_NL_RO_200521_GSL_1071,Netherlands,Rotterdam,51.9244,4.4777,Dokhaven,68
1014145_1,Rotterdam,Neisseria,0.005473843,2020-05-21 00:00:00,DTU_2022_1014145_1_MG_NL_RO_200521_GSL_1071,Netherlands,Rotterdam,51.9244,4.4777,Dokhaven,68
1014145_1,Rotterdam,Novosphingobium,0.001617437,2020-05-21 00:00:00,DTU_2022_1014145_1_MG_NL_RO_200521_GSL_1071,Netherlands,Rotterdam,51.9244,4.4777,Dokhaven,68
1014145_1,Rotterdam,Ottowia,0.013994526,2020-05-21 00:00:00,DTU_2022_1014145_1_MG_NL_RO_200521_GSL_1071,Netherlands,Rotterdam,51.9244,4.4777,Dokhaven,68
1014145_1,Rotterdam,Paracoccus,0.001918551,2020-05-21 00:00:00,DTU_2022_1014145_1_MG_NL_RO_200521_GSL_1071,Netherlands,Rotterdam,51.9244,4.4777,Dokhaven,68
1014145_1,Rotterdam,Phocaeicola,0.007323644,2020-05-21 00:00:00,DTU_2022_1014145_1_MG_NL_RO_200521_GSL_1071,Netherlands,Rotterdam,51.9244,4.4777,Dokhaven,68
1014145_1,Rotterdam,Prevotella,0.011837557,2020-05-21 00:00:00,DTU_2022_1014145_1_MG_NL_RO_200521_GSL_1071,Netherlands,Rotterdam,51.9244,4.4777,Dokhaven,68
1014145_1,Rotterdam,Propionivibrio,0.033727816,2020-05-21 00:00:00,DTU_2022_1014145_1_MG_NL_RO_200521_GSL_1071,Netherlands,Rotterdam,51.9244,4.4777,Dokhaven,68
1014145_1,Rotterdam,Pseudomonas_E,0.011683706,2020-05-21 00:00:00,DTU_2022_1014145_1_MG_NL_RO_200521_GSL_1071,Netherlands,Rotterdam,51.9244,4.4777,Dokhaven,68
1014145_1,Rotterdam,Pseudoxanthomonas,0.002577765,2020-05-21 00:00:00,DTU_2022_1014145_1_MG_NL_RO_200521_GSL_1071,Netherlands,Rotterdam,51.9244,4.4777,Dokhaven,68
1014145_1,Rotterdam,Pseudoxanthomonas_A,0.004710176,2020-05-21 00:00:00,DTU_2022_1014145_1_MG_NL_RO_200521_GSL_1071,Netherlands,Rotterdam,51.9244,4.4777,Dokhaven,68
1014145_1,Rotterdam,Psychrobacter,0.000344427,2020-05-21 00:00:00,DTU_2022_1014145_1_MG_NL_RO_200521_GSL_1071,Netherlands,Rotterdam,51.9244,4.4777,Dokhaven,68
1014145_1,Rotterdam,Rubrivivax,0.000277228,2020-05-21 00:00:00,DTU_2022_1014145_1_MG_NL_RO_200521_GSL_1071,Netherlands,Rotterdam,51.9244,4.4777,Dokhaven,68
1014145_1,Rotterdam,Streptococcus,0.002712909,2020-05-21 00:00:00,DTU_2022_1014145_1_MG_NL_RO_200521_GSL_1071,Netherlands,Rotterdam,51.9244,4.4777,Dokhaven,68
1014145_1,Rotterdam,Telluria,0.001110877,2020-05-21 00:00:00,DTU_2022_1014145_1_MG_NL_RO_200521_GSL_1071,Netherlands,Rotterdam,51.9244,4.4777,Dokhaven,68
1014145_1,Rotterdam,Thauera,0.012932327,2020-05-21 00:00:00,DTU_2022_1014145_1_MG_NL_RO_200521_GSL_1071,Netherlands,Rotterdam,51.9244,4.4777,Dokhaven,68
1014145_1,Rotterdam,Thermomonas,0.006467898,2020-05-21 00:00:00,DTU_2022_1014145_1_MG_NL_RO_200521_GSL_1071,Netherlands,Rotterdam,51.9244,4.4777,Dokhaven,68
1014145_1,Rotterdam,Thiothrix,0.001084595,2020-05-21 00:00:00,DTU_2022_1014145_1_MG_NL_RO_200521_GSL_1071,Netherlands,Rotterdam,51.9244,4.4777,Dokhaven,68
1014145_1,Rotterdam,Tolumonas,0.026001133,2020-05-21 00:00:00,DTU_2022_1014145_1_MG_NL_RO_200521_GSL_1071,Netherlands,Rotterdam,51.9244,4.4777,Dokhaven,68
1014145_1,Rotterdam,Trichococcus,0.012727751,2020-05-21 00:00:00,DTU_2022_1014145_1_MG_NL_RO_200521_GSL_1071,Netherlands,Rotterdam,51.9244,4.4777,Dokhaven,68
1014145_1,Rotterdam,UBA1413,1.08505e-06,2020-05-21 00:00:00,DTU_2022_1014145_1_MG_NL_RO_200521_GSL_1071,Netherlands,Rotterdam,51.9244,4.4777,Dokhaven,68
1014145_1,Rotterdam,merged,0.557307341,2020-05-21 00:00:00,DTU_2022_1014145_1_MG_NL_RO_200521_GSL_1071,Netherlands,Rotterdam,51.9244,4.4777,Dokhaven,68
1014146_1,Rotterdam,Acidovorax,0.125846465,2020-06-03 00:00:00,DTU_2022_1014146_1_MG_NL_RO_200603_GSL_1072,Netherlands,Rotterdam,51.9244,4.4777,Dokhaven,70
1014146_1,Rotterdam,Acinetobacter,0.017000815,2020-06-03 00:00:00,DTU_2022_1014146_1_MG_NL_RO_200603_GSL_1072,Netherlands,Rotterdam,51.9244,4.4777,Dokhaven,70
1014146_1,Rotterdam,Aeromonas,0.031027453,2020-06-03 00:00:00,DTU_2022_1014146_1_MG_NL_RO_200603_GSL_1072,Netherlands,Rotterdam,51.9244,4.4777,Dokhaven,70
1014146_1,Rotterdam,Aliarcobacter,0.011869885,2020-06-03 00:00:00,DTU_2022_1014146_1_MG_NL_RO_200603_GSL_1072,Netherlands,Rotterdam,51.9244,4.4777,Dokhaven,70
1014146_1,Rotterdam,Aquabacterium_A,0.000340541,2020-06-03 00:00:00,DTU_2022_1014146_1_MG_NL_RO_200603_GSL_1072,Netherlands,Rotterdam,51.9244,4.4777,Dokhaven,70
1014146_1,Rotterdam,Bacteroides,0.003200935,2020-06-03 00:00:00,DTU_2022_1014146_1_MG_NL_RO_200603_GSL_1072,Netherlands,Rotterdam,51.9244,4.4777,Dokhaven,70
1014146_1,Rotterdam,Brachymonas,0.019315765,2020-06-03 00:00:00,DTU_2022_1014146_1_MG_NL_RO_200603_GSL_1072,Netherlands,Rotterdam,51.9244,4.4777,Dokhaven,70
1014146_1,Rotterdam,Brevefilum,2.54765e-05,2020-06-03 00:00:00,DTU_2022_1014146_1_MG_NL_RO_200603_GSL_1072,Netherlands,Rotterdam,51.9244,4.4777,Dokhaven,70
1014146_1,Rotterdam,Brevundimonas,0.007567453,2020-06-03 00:00:00,DTU_2022_1014146_1_MG_NL_RO_200603_GSL_1072,Netherlands,Rotterdam,51.9244,4.4777,Dokhaven,70
1014146_1,Rotterdam,Cloacibacterium,0.005939681,2020-06-03 00:00:00,DTU_2022_1014146_1_MG_NL_RO_200603_GSL_1072,Netherlands,Rotterdam,51.9244,4.4777,Dokhaven,70
1014146_1,Rotterdam,Comamonas,0.023623776,2020-06-03 00:00:00,DTU_2022_1014146_1_MG_NL_RO_200603_GSL_1072,Netherlands,Rotterdam,51.9244,4.4777,Dokhaven,70
1014146_1,Rotterdam,Competibacter_A,0.000192661,2020-06-03 00:00:00,DTU_2022_1014146_1_MG_NL_RO_200603_GSL_1072,Netherlands,Rotterdam,51.9244,4.4777,Dokhaven,70
1014146_1,Rotterdam,Enterobacter,0.001988639,2020-06-03 00:00:00,DTU_2022_1014146_1_MG_NL_RO_200603_GSL_1072,Netherlands,Rotterdam,51.9244,4.4777,Dokhaven,70
1014146_1,Rotterdam,Fermentibacter,1.70963e-05,2020-06-03 00:00:00,DTU_2022_1014146_1_MG_NL_RO_200603_GSL_1072,Netherlands,Rotterdam,51.9244,4.4777,Dokhaven,70
1014146_1,Rotterdam,Flavobacterium,0.003599233,2020-06-03 00:00:00,DTU_2022_1014146_1_MG_NL_RO_200603_GSL_1072,Netherlands,Rotterdam,51.9244,4.4777,Dokhaven,70
1014146_1,Rotterdam,Giesbergeria,0.041659636,2020-06-03 00:00:00,DTU_2022_1014146_1_MG_NL_RO_200603_GSL_1072,Netherlands,Rotterdam,51.9244,4.4777,Dokhaven,70
1014146_1,Rotterdam,Hydrogenophaga,0.012673624,2020-06-03 00:00:00,DTU_2022_1014146_1_MG_NL_RO_200603_GSL_1072,Netherlands,Rotterdam,51.9244,4.4777,Dokhaven,70
1014146_1,Rotterdam,JAGOYM01,0.001134191,2020-06-03 00:00:00,DTU_2022_1014146_1_MG_NL_RO_200603_GSL_1072,Netherlands,Rotterdam,51.9244,4.4777,Dokhaven,70
1014146_1,Rotterdam,Janthinobacterium,0.000905102,2020-06-03 00:00:00,DTU_2022_1014146_1_MG_NL_RO_200603_GSL_1072,Netherlands,Rotterdam,51.9244,4.4777,Dokhaven,70
1014146_1,Rotterdam,Kaistella,0.00109909,2020-06-03 00:00:00,DTU_2022_1014146_1_MG_NL_RO_200603_GSL_1072,Netherlands,Rotterdam,51.9244,4.4777,Dokhaven,70
1014146_1,Rotterdam,Lactococcus_A,0.002476986,2020-06-03 00:00:00,DTU_2022_1014146_1_MG_NL_RO_200603_GSL_1072,Netherlands,Rotterdam,51.9244,4.4777,Dokhaven,70
1014146_1,Rotterdam,Lenti-01,0.005201994,2020-06-03 00:00:00,DTU_2022_1014146_1_MG_NL_RO_200603_GSL_1072,Netherlands,Rotterdam,51.9244,4.4777,Dokhaven,70
1014146_1,Rotterdam,Microthrix,1.06252e-05,2020-06-03 00:00:00,DTU_2022_1014146_1_MG_NL_RO_200603_GSL_1072,Netherlands,Rotterdam,51.9244,4.4777,Dokhaven,70
1014146_1,Rotterdam,Moraxella_A,0.000651469,2020-06-03 00:00:00,DTU_2022_1014146_1_MG_NL_RO_200603_GSL_1072,Netherlands,Rotterdam,51.9244,4.4777,Dokhaven,70
1014146_1,Rotterdam,Neisseria,0.004670614,2020-06-03 00:00:00,DTU_2022_1014146_1_MG_NL_RO_200603_GSL_1072,Netherlands,Rotterdam,51.9244,4.4777,Dokhaven,70
1014146_1,Rotterdam,Novosphingobium,0.002549401,2020-06-03 00:00:00,DTU_2022_1014146_1_MG_NL_RO_200603_GSL_1072,Netherlands,Rotterdam,51.9244,4.4777,Dokhaven,70
1014146_1,Rotterdam,Ottowia,0.021132615,2020-06-03 00:00:00,DTU_2022_1014146_1_MG_NL_RO_200603_GSL_1072,Netherlands,Rotterdam,51.9244,4.4777,Dokhaven,70
1014146_1,Rotterdam,Paracoccus,0.006440767,2020-06-03 00:00:00,DTU_2022_1014146_1_MG_NL_RO_200603_GSL_1072,Netherlands,Rotterdam,51.9244,4.4777,Dokhaven,70
1014146_1,Rotterdam,Phocaeicola,0.005016494,2020-06-03 00:00:00,DTU_2022_1014146_1_MG_NL_RO_200603_GSL_1072,Netherlands,Rotterdam,51.9244,4.4777,Dokhaven,70
1014146_1,Rotterdam,Prevotella,0.01261637,2020-06-03 00:00:00,DTU_2022_1014146_1_MG_NL_RO_200603_GSL_1072,Netherlands,Rotterdam,51.9244,4.4777,Dokhaven,70
1014146_1,Rotterdam,Propionivibrio,0.037121195,2020-06-03 00:00:00,DTU_2022_1014146_1_MG_NL_RO_200603_GSL_1072,Netherlands,Rotterdam,51.9244,4.4777,Dokhaven,70
1014146_1,Rotterdam,Pseudomonas_E,0.014823269,2020-06-03 00:00:00,DTU_2022_1014146_1_MG_NL_RO_200603_GSL_1072,Netherlands,Rotterdam,51.9244,4.4777,Dokhaven,70
1014146_1,Rotterdam,Pseudoxanthomonas,0.004124395,2020-06-03 00:00:00,DTU_2022_1014146_1_MG_NL_RO_200603_GSL_1072,Netherlands,Rotterdam,51.9244,4.4777,Dokhaven,70
1014146_1,Rotterdam,Pseudoxanthomonas_A,0.007259302,2020-06-03 00:00:00,DTU_2022_1014146_1_MG_NL_RO_200603_GSL_1072,Netherlands,Rotterdam,51.9244,4.4777,Dokhaven,70
1014146_1,Rotterdam,Psychrobacter,0.000472271,2020-06-03 00:00:00,DTU_2022_1014146_1_MG_NL_RO_200603_GSL_1072,Netherlands,Rotterdam,51.9244,4.4777,Dokhaven,70
1014146_1,Rotterdam,Rubrivivax,0.00019531,2020-06-03 00:00:00,DTU_2022_1014146_1_MG_NL_RO_200603_GSL_1072,Netherlands,Rotterdam,51.9244,4.4777,Dokhaven,70
1014146_1,Rotterdam,Streptococcus,0.002255935,2020-06-03 00:00:00,DTU_2022_1014146_1_MG_NL_RO_200603_GSL_1072,Netherlands,Rotterdam,51.9244,4.4777,Dokhaven,70
1014146_1,Rotterdam,Telluria,0.000785546,2020-06-03 00:00:00,DTU_2022_1014146_1_MG_NL_RO_200603_GSL_1072,Netherlands,Rotterdam,51.9244,4.4777,Dokhaven,70
1014146_1,Rotterdam,Thauera,0.008103991,2020-06-03 00:00:00,DTU_2022_1014146_1_MG_NL_RO_200603_GSL_1072,Netherlands,Rotterdam,51.9244,4.4777,Dokhaven,70
1014146_1,Rotterdam,Thermomonas,0.008976031,2020-06-03 00:00:00,DTU_2022_1014146_1_MG_NL_RO_200603_GSL_1072,Netherlands,Rotterdam,51.9244,4.4777,Dokhaven,70
1014146_1,Rotterdam,Thiothrix,0.001994067,2020-06-03 00:00:00,DTU_2022_1014146_1_MG_NL_RO_200603_GSL_1072,Netherlands,Rotterdam,51.9244,4.4777,Dokhaven,70
1014146_1,Rotterdam,Tolumonas,0.033594423,2020-06-03 00:00:00,DTU_2022_1014146_1_MG_NL_RO_200603_GSL_1072,Netherlands,Rotterdam,51.9244,4.4777,Dokhaven,70
1014146_1,Rotterdam,Trichococcus,0.006354836,2020-06-03 00:00:00,DTU_2022_1014146_1_MG_NL_RO_200603_GSL_1072,Netherlands,Rotterdam,51.9244,4.4777,Dokhaven,70
1014146_1,Rotterdam,UBA1413,7.26128e-07,2020-06-03 00:00:00,DTU_2022_1014146_1_MG_NL_RO_200603_GSL_1072,Netherlands,Rotterdam,51.9244,4.4777,Dokhaven,70
1014146_1,Rotterdam,merged,0.504143848,2020-06-03 00:00:00,DTU_2022_1014146_1_MG_NL_RO_200603_GSL_1072,Netherlands,Rotterdam,51.9244,4.4777,Dokhaven,70
1014149_1,Rotterdam,Acidovorax,0.077049877,2020-06-24 00:00:00,DTU_2022_1014149_1_MG_NL_RO_200624_GSL_1075,Netherlands,Rotterdam,51.9244,4.4777,Dokhaven,73
1014149_1,Rotterdam,Acinetobacter,0.013451972,2020-06-24 00:00:00,DTU_2022_1014149_1_MG_NL_RO_200624_GSL_1075,Netherlands,Rotterdam,51.9244,4.4777,Dokhaven,73
1014149_1,Rotterdam,Aeromonas,0.030665995,2020-06-24 00:00:00,DTU_2022_1014149_1_MG_NL_RO_200624_GSL_1075,Netherlands,Rotterdam,51.9244,4.4777,Dokhaven,73
1014149_1,Rotterdam,Aliarcobacter,0.034839912,2020-06-24 00:00:00,DTU_2022_1014149_1_MG_NL_RO_200624_GSL_1075,Netherlands,Rotterdam,51.9244,4.4777,Dokhaven,73
1014149_1,Rotterdam,Aquabacterium_A,0.000141206,2020-06-24 00:00:00,DTU_2022_1014149_1_MG_NL_RO_200624_GSL_1075,Netherlands,Rotterdam,51.9244,4.4777,Dokhaven,73
1014149_1,Rotterdam,Bacteroides,0.003185522,2020-06-24 00:00:00,DTU_2022_1014149_1_MG_NL_RO_200624_GSL_1075,Netherlands,Rotterdam,51.9244,4.4777,Dokhaven,73
1014149_1,Rotterdam,Brachymonas,0.021124251,2020-06-24 00:00:00,DTU_2022_1014149_1_MG_NL_RO_200624_GSL_1075,Netherlands,Rotterdam,51.9244,4.4777,Dokhaven,73
1014149_1,Rotterdam,Brevefilum,5.47815e-06,2020-06-24 00:00:00,DTU_2022_1014149_1_MG_NL_RO_200624_GSL_1075,Netherlands,Rotterdam,51.9244,4.4777,Dokhaven,73
1014149_1,Rotterdam,Brevundimonas,0.001783567,2020-06-24 00:00:00,DTU_2022_1014149_1_MG_NL_RO_200624_GSL_1075,Netherlands,Rotterdam,51.9244,4.4777,Dokhaven,73
1014149_1,Rotterdam,Cloacibacterium,0.005876969,2020-06-24 00:00:00,DTU_2022_1014149_1_MG_NL_RO_200624_GSL_1075,Netherlands,Rotterdam,51.9244,4.4777,Dokhaven,73
1014149_1,Rotterdam,Comamonas,0.013143683,2020-06-24 00:00:00,DTU_2022_1014149_1_MG_NL_RO_200624_GSL_1075,Netherlands,Rotterdam,51.9244,4.4777,Dokhaven,73
1014149_1,Rotterdam,Competibacter_A,0.000115024,2020-06-24 00:00:00,DTU_2022_1014149_1_MG_NL_RO_200624_GSL_1075,Netherlands,Rotterdam,51.9244,4.4777,Dokhaven,73
1014149_1,Rotterdam,Enterobacter,0.002679573,2020-06-24 00:00:00,DTU_2022_1014149_1_MG_NL_RO_200624_GSL_1075,Netherlands,Rotterdam,51.9244,4.4777,Dokhaven,73
1014149_1,Rotterdam,Fermentibacter,3.52242e-05,2020-06-24 00:00:00,DTU_2022_1014149_1_MG_NL_RO_200624_GSL_1075,Netherlands,Rotterdam,51.9244,4.4777,Dokhaven,73
1014149_1,Rotterdam,Flavobacterium,0.002783662,2020-06-24 00:00:00,DTU_2022_1014149_1_MG_NL_RO_200624_GSL_1075,Netherlands,Rotterdam,51.9244,4.4777,Dokhaven,73
1014149_1,Rotterdam,Giesbergeria,0.051634059,2020-06-24 00:00:00,DTU_2022_1014149_1_MG_NL_RO_200624_GSL_1075,Netherlands,Rotterdam,51.9244,4.4777,Dokhaven,73
1014149_1,Rotterdam,Hydrogenophaga,0.029216563,2020-06-24 00:00:00,DTU_2022_1014149_1_MG_NL_RO_200624_GSL_1075,Netherlands,Rotterdam,51.9244,4.4777,Dokhaven,73
1014149_1,Rotterdam,JAGOYM01,0.000521628,2020-06-24 00:00:00,DTU_2022_1014149_1_MG_NL_RO_200624_GSL_1075,Netherlands,Rotterdam,51.9244,4.4777,Dokhaven,73
1014149_1,Rotterdam,Janthinobacterium,0.004835309,2020-06-24 00:00:00,DTU_2022_1014149_1_MG_NL_RO_200624_GSL_1075,Netherlands,Rotterdam,51.9244,4.4777,Dokhaven,73
1014149_1,Rotterdam,Kaistella,0.00106323,2020-06-24 00:00:00,DTU_2022_1014149_1_MG_NL_RO_200624_GSL_1075,Netherlands,Rotterdam,51.9244,4.4777,Dokhaven,73
1014149_1,Rotterdam,Lactococcus_A,0.001517223,2020-06-24 00:00:00,DTU_2022_1014149_1_MG_NL_RO_200624_GSL_1075,Netherlands,Rotterdam,51.9244,4.4777,Dokhaven,73
1014149_1,Rotterdam,Lenti-01,0.002304968,2020-06-24 00:00:00,DTU_2022_1014149_1_MG_NL_RO_200624_GSL_1075,Netherlands,Rotterdam,51.9244,4.4777,Dokhaven,73
1014149_1,Rotterdam,Microthrix,5.79748e-06,2020-06-24 00:00:00,DTU_2022_1014149_1_MG_NL_RO_200624_GSL_1075,Netherlands,Rotterdam,51.9244,4.4777,Dokhaven,73
1014149_1,Rotterdam,Moraxella_A,0.000895294,2020-06-24 00:00:00,DTU_2022_1014149_1_MG_NL_RO_200624_GSL_1075,Netherlands,Rotterdam,51.9244,4.4777,Dokhaven,73
1014149_1,Rotterdam,Neisseria,0.005487893,2020-06-24 00:00:00,DTU_2022_1014149_1_MG_NL_RO_200624_GSL_1075,Netherlands,Rotterdam,51.9244,4.4777,Dokhaven,73
1014149_1,Rotterdam,Novosphingobium,0.000996543,2020-06-24 00:00:00,DTU_2022_1014149_1_MG_NL_RO_200624_GSL_1075,Netherlands,Rotterdam,51.9244,4.4777,Dokhaven,73
1014149_1,Rotterdam,Ottowia,0.016356346,2020-06-24 00:00:00,DTU_2022_1014149_1_MG_NL_RO_200624_GSL_1075,Netherlands,Rotterdam,51.9244,4.4777,Dokhaven,73
1014149_1,Rotterdam,Paracoccus,0.00118527,2020-06-24 00:00:00,DTU_2022_1014149_1_MG_NL_RO_200624_GSL_1075,Netherlands,Rotterdam,51.9244,4.4777,Dokhaven,73
1014149_1,Rotterdam,Phocaeicola,0.004422334,2020-06-24 00:00:00,DTU_2022_1014149_1_MG_NL_RO_200624_GSL_1075,Netherlands,Rotterdam,51.9244,4.4777,Dokhaven,73
1014149_1,Rotterdam,Prevotella,0.008238175,2020-06-24 00:00:00,DTU_2022_1014149_1_MG_NL_RO_200624_GSL_1075,Netherlands,Rotterdam,51.9244,4.4777,Dokhaven,73
1014149_1,Rotterdam,Propionivibrio,0.037107073,2020-06-24 00:00:00,DTU_2022_1014149_1_MG_NL_RO_200624_GSL_1075,Netherlands,Rotterdam,51.9244,4.4777,Dokhaven,73
1014149_1,Rotterdam,Pseudomonas_E,0.124956169,2020-06-24 00:00:00,DTU_2022_1014149_1_MG_NL_RO_200624_GSL_1075,Netherlands,Rotterdam,51.9244,4.4777,Dokhaven,73
1014149_1,Rotterdam,Pseudoxanthomonas,0.003367282,2020-06-24 00:00:00,DTU_2022_1014149_1_MG_NL_RO_200624_GSL_1075,Netherlands,Rotterdam,51.9244,4.4777,Dokhaven,73
1014149_1,Rotterdam,Pseudoxanthomonas_A,0.00768689,2020-06-24 00:00:00,DTU_2022_1014149_1_MG_NL_RO_200624_GSL_1075,Netherlands,Rotterdam,51.9244,4.4777,Dokhaven,73
1014149_1,Rotterdam,Psychrobacter,0.003988314,2020-06-24 00:00:00,DTU_2022_1014149_1_MG_NL_RO_200624_GSL_1075,Netherlands,Rotterdam,51.9244,4.4777,Dokhaven,73
1014149_1,Rotterdam,Rubrivivax,0.000129624,2020-06-24 00:00:00,DTU_2022_1014149_1_MG_NL_RO_200624_GSL_1075,Netherlands,Rotterdam,51.9244,4.4777,Dokhaven,73
1014149_1,Rotterdam,Streptococcus,0.000618601,2020-06-24 00:00:00,DTU_2022_1014149_1_MG_NL_RO_200624_GSL_1075,Netherlands,Rotterdam,51.9244,4.4777,Dokhaven,73
1014149_1,Rotterdam,Telluria,0.001042102,2020-06-24 00:00:00,DTU_2022_1014149_1_MG_NL_RO_200624_GSL_1075,Netherlands,Rotterdam,51.9244,4.4777,Dokhaven,73
1014149_1,Rotterdam,Thauera,0.010693378,2020-06-24 00:00:00,DTU_2022_1014149_1_MG_NL_RO_200624_GSL_1075,Netherlands,Rotterdam,51.9244,4.4777,Dokhaven,73
1014149_1,Rotterdam,Thermomonas,0.012126846,2020-06-24 00:00:00,DTU_2022_1014149_1_MG_NL_RO_200624_GSL_1075,Netherlands,Rotterdam,51.9244,4.4777,Dokhaven,73
1014149_1,Rotterdam,Thiothrix,0.000683637,2020-06-24 00:00:00,DTU_2022_1014149_1_MG_NL_RO_200624_GSL_1075,Netherlands,Rotterdam,51.9244,4.4777,Dokhaven,73
1014149_1,Rotterdam,Tolumonas,0.018668119,2020-06-24 00:00:00,DTU_2022_1014149_1_MG_NL_RO_200624_GSL_1075,Netherlands,Rotterdam,51.9244,4.4777,Dokhaven,73
1014149_1,Rotterdam,Trichococcus,0.004133815,2020-06-24 00:00:00,DTU_2022_1014149_1_MG_NL_RO_200624_GSL_1075,Netherlands,Rotterdam,51.9244,4.4777,Dokhaven,73
1014149_1,Rotterdam,UBA1413,8.91042e-07,2020-06-24 00:00:00,DTU_2022_1014149_1_MG_NL_RO_200624_GSL_1075,Netherlands,Rotterdam,51.9244,4.4777,Dokhaven,73
1014149_1,Rotterdam,merged,0.439234713,2020-06-24 00:00:00,DTU_2022_1014149_1_MG_NL_RO_200624_GSL_1075,Netherlands,Rotterdam,51.9244,4.4777,Dokhaven,73
1014151_1,Rotterdam,Acidovorax,0.081182167,2020-07-06 00:00:00,DTU_2022_1014151_1_MG_NL_RO_200706_GSL_1077,Netherlands,Rotterdam,51.9244,4.4777,Dokhaven,74
1014151_1,Rotterdam,Acinetobacter,0.017388994,2020-07-06 00:00:00,DTU_2022_1014151_1_MG_NL_RO_200706_GSL_1077,Netherlands,Rotterdam,51.9244,4.4777,Dokhaven,74
1014151_1,Rotterdam,Aeromonas,0.029168859,2020-07-06 00:00:00,DTU_2022_1014151_1_MG_NL_RO_200706_GSL_1077,Netherlands,Rotterdam,51.9244,4.4777,Dokhaven,74
1014151_1,Rotterdam,Aliarcobacter,0.006574074,2020-07-06 00:00:00,DTU_2022_1014151_1_MG_NL_RO_200706_GSL_1077,Netherlands,Rotterdam,51.9244,4.4777,Dokhaven,74
1014151_1,Rotterdam,Aquabacterium_A,0.000255299,2020-07-06 00:00:00,DTU_2022_1014151_1_MG_NL_RO_200706_GSL_1077,Netherlands,Rotterdam,51.9244,4.4777,Dokhaven,74
1014151_1,Rotterdam,Bacteroides,0.003819545,2020-07-06 00:00:00,DTU_2022_1014151_1_MG_NL_RO_200706_GSL_1077,Netherlands,Rotterdam,51.9244,4.4777,Dokhaven,74
1014151_1,Rotterdam,Brachymonas,0.010720233,2020-07-06 00:00:00,DTU_2022_1014151_1_MG_NL_RO_200706_GSL_1077,Netherlands,Rotterdam,51.9244,4.4777,Dokhaven,74
1014151_1,Rotterdam,Brevefilum,8.17468e-06,2020-07-06 00:00:00,DTU_2022_1014151_1_MG_NL_RO_200706_GSL_1077,Netherlands,Rotterdam,51.9244,4.4777,Dokhaven,74
1014151_1,Rotterdam,Brevundimonas,0.002338393,2020-07-06 00:00:00,DTU_2022_1014151_1_MG_NL_RO_200706_GSL_1077,Netherlands,Rotterdam,51.9244,4.4777,Dokhaven,74
1014151_1,Rotterdam,Cloacibacterium,0.006435852,2020-07-06 00:00:00,DTU_2022_1014151_1_MG_NL_RO_200706_GSL_1077,Netherlands,Rotterdam,51.9244,4.4777,Dokhaven,74
1014151_1,Rotterdam,Comamonas,0.015340002,2020-07-06 00:00:00,DTU_2022_1014151_1_MG_NL_RO_200706_GSL_1077,Netherlands,Rotterdam,51.9244,4.4777,Dokhaven,74
1014151_1,Rotterdam,Competibacter_A,0.000705519,2020-07-06 00:00:00,DTU_2022_1014151_1_MG_NL_RO_200706_GSL_1077,Netherlands,Rotterdam,51.9244,4.4777,Dokhaven,74
1014151_1,Rotterdam,Enterobacter,0.002758656,2020-07-06 00:00:00,DTU_2022_1014151_1_MG_NL_RO_200706_GSL_1077,Netherlands,Rotterdam,51.9244,4.4777,Dokhaven,74
1014151_1,Rotterdam,Fermentibacter,8.07924e-06,2020-07-06 00:00:00,DTU_2022_1014151_1_MG_NL_RO_200706_GSL_1077,Netherlands,Rotterdam,51.9244,4.4777,Dokhaven,74
1014151_1,Rotterdam,Flavobacterium,0.003370294,2020-07-06 00:00:00,DTU_2022_1014151_1_MG_NL_RO_200706_GSL_1077,Netherlands,Rotterdam,51.9244,4.4777,Dokhaven,74
1014151_1,Rotterdam,Giesbergeria,0.010773834,2020-07-06 00:00:00,DTU_2022_1014151_1_MG_NL_RO_200706_GSL_1077,Netherlands,Rotterdam,51.9244,4.4777,Dokhaven,74
1014151_1,Rotterdam,Hydrogenophaga,0.077333948,2020-07-06 00:00:00,DTU_2022_1014151_1_MG_NL_RO_200706_GSL_1077,Netherlands,Rotterdam,51.9244,4.4777,Dokhaven,74
1014151_1,Rotterdam,JAGOYM01,0.000244981,2020-07-06 00:00:00,DTU_2022_1014151_1_MG_NL_RO_200706_GSL_1077,Netherlands,Rotterdam,51.9244,4.4777,Dokhaven,74
1014151_1,Rotterdam,Janthinobacterium,0.001442752,2020-07-06 00:00:00,DTU_2022_1014151_1_MG_NL_RO_200706_GSL_1077,Netherlands,Rotterdam,51.9244,4.4777,Dokhaven,74
1014151_1,Rotterdam,Kaistella,0.001121187,2020-07-06 00:00:00,DTU_2022_1014151_1_MG_NL_RO_200706_GSL_1077,Netherlands,Rotterdam,51.9244,4.4777,Dokhaven,74
1014151_1,Rotterdam,Lactococcus_A,0.000347001,2020-07-06 00:00:00,DTU_2022_1014151_1_MG_NL_RO_200706_GSL_1077,Netherlands,Rotterdam,51.9244,4.4777,Dokhaven,74
1014151_1,Rotterdam,Lenti-01,0.003824299,2020-07-06 00:00:00,DTU_2022_1014151_1_MG_NL_RO_200706_GSL_1077,Netherlands,Rotterdam,51.9244,4.4777,Dokhaven,74
1014151_1,Rotterdam,Microthrix,1.04298e-05,2020-07-06 00:00:00,DTU_2022_1014151_1_MG_NL_RO_200706_GSL_1077,Netherlands,Rotterdam,51.9244,4.4777,Dokhaven,74
1014151_1,Rotterdam,Moraxella_A,0.002104351,2020-07-06 00:00:00,DTU_2022_1014151_1_MG_NL_RO_200706_GSL_1077,Netherlands,Rotterdam,51.9244,4.4777,Dokhaven,74
1014151_1,Rotterdam,Neisseria,0.003712365,2020-07-06 00:00:00,DTU_2022_1014151_1_MG_NL_RO_200706_GSL_1077,Netherlands,Rotterdam,51.9244,4.4777,Dokhaven,74
1014151_1,Rotterdam,Novosphingobium,0.003945206,2020-07-06 00:00:00,DTU_2022_1014151_1_MG_NL_RO_200706_GSL_1077,Netherlands,Rotterdam,51.9244,4.4777,Dokhaven,74
1014151_1,Rotterdam,Ottowia,0.011494601,2020-07-06 00:00:00,DTU_2022_1014151_1_MG_NL_RO_200706_GSL_1077,Netherlands,Rotterdam,51.9244,4.4777,Dokhaven,74
1014151_1,Rotterdam,Paracoccus,0.001864232,2020-07-06 00:00:00,DTU_2022_1014151_1_MG_NL_RO_200706_GSL_1077,Netherlands,Rotterdam,51.9244,4.4777,Dokhaven,74
1014151_1,Rotterdam,Phocaeicola,0.004799852,2020-07-06 00:00:00,DTU_2022_1014151_1_MG_NL_RO_200706_GSL_1077,Netherlands,Rotterdam,51.9244,4.4777,Dokhaven,74
1014151_1,Rotterdam,Prevotella,0.010447994,2020-07-06 00:00:00,DTU_2022_1014151_1_MG_NL_RO_200706_GSL_1077,Netherlands,Rotterdam,51.9244,4.4777,Dokhaven,74
1014151_1,Rotterdam,Propionivibrio,0.017570073,2020-07-06 00:00:00,DTU_2022_1014151_1_MG_NL_RO_200706_GSL_1077,Netherlands,Rotterdam,51.9244,4.4777,Dokhaven,74
1014151_1,Rotterdam,Pseudomonas_E,0.014289718,2020-07-06 00:00:00,DTU_2022_1014151_1_MG_NL_RO_200706_GSL_1077,Netherlands,Rotterdam,51.9244,4.4777,Dokhaven,74
1014151_1,Rotterdam,Pseudoxanthomonas,0.002848918,2020-07-06 00:00:00,DTU_2022_1014151_1_MG_NL_RO_200706_GSL_1077,Netherlands,Rotterdam,51.9244,4.4777,Dokhaven,74
1014151_1,Rotterdam,Pseudoxanthomonas_A,0.014025296,2020-07-06 00:00:00,DTU_2022_1014151_1_MG_NL_RO_200706_GSL_1077,Netherlands,Rotterdam,51.9244,4.4777,Dokhaven,74
1014151_1,Rotterdam,Psychrobacter,0.001292259,2020-07-06 00:00:00,DTU_2022_1014151_1_MG_NL_RO_200706_GSL_1077,Netherlands,Rotterdam,51.9244,4.4777,Dokhaven,74
1014151_1,Rotterdam,Rubrivivax,0.000267618,2020-07-06 00:00:00,DTU_2022_1014151_1_MG_NL_RO_200706_GSL_1077,Netherlands,Rotterdam,51.9244,4.4777,Dokhaven,74
1014151_1,Rotterdam,Streptococcus,0.000801616,2020-07-06 00:00:00,DTU_2022_1014151_1_MG_NL_RO_200706_GSL_1077,Netherlands,Rotterdam,51.9244,4.4777,Dokhaven,74
1014151_1,Rotterdam,Telluria,0.001120588,2020-07-06 00:00:00,DTU_2022_1014151_1_MG_NL_RO_200706_GSL_1077,Netherlands,Rotterdam,51.9244,4.4777,Dokhaven,74
1014151_1,Rotterdam,Thauera,0.011259708,2020-07-06 00:00:00,DTU_2022_1014151_1_MG_NL_RO_200706_GSL_1077,Netherlands,Rotterdam,51.9244,4.4777,Dokhaven,74
1014151_1,Rotterdam,Thermomonas,0.01166842,2020-07-06 00:00:00,DTU_2022_1014151_1_MG_NL_RO_200706_GSL_1077,Netherlands,Rotterdam,51.9244,4.4777,Dokhaven,74
1014151_1,Rotterdam,Thiothrix,0.001439262,2020-07-06 00:00:00,DTU_2022_1014151_1_MG_NL_RO_200706_GSL_1077,Netherlands,Rotterdam,51.9244,4.4777,Dokhaven,74
1014151_1,Rotterdam,Tolumonas,0.106762038,2020-07-06 00:00:00,DTU_2022_1014151_1_MG_NL_RO_200706_GSL_1077,Netherlands,Rotterdam,51.9244,4.4777,Dokhaven,74
1014151_1,Rotterdam,Trichococcus,0.000597796,2020-07-06 00:00:00,DTU_2022_1014151_1_MG_NL_RO_200706_GSL_1077,Netherlands,Rotterdam,51.9244,4.4777,Dokhaven,74
1014151_1,Rotterdam,UBA1413,2.91359e-06,2020-07-06 00:00:00,DTU_2022_1014151_1_MG_NL_RO_200706_GSL_1077,Netherlands,Rotterdam,51.9244,4.4777,Dokhaven,74
1014151_1,Rotterdam,merged,0.5025126,2020-07-06 00:00:00,DTU_2022_1014151_1_MG_NL_RO_200706_GSL_1077,Netherlands,Rotterdam,51.9244,4.4777,Dokhaven,74
1014154_1,Rotterdam,Acidovorax,0.086126103,2020-07-24 00:00:00,DTU_2022_1014154_1_MG_NL_RO_200724_GSL_1080,Netherlands,Rotterdam,51.9244,4.4777,Dokhaven,77
1014154_1,Rotterdam,Acinetobacter,0.014416349,2020-07-24 00:00:00,DTU_2022_1014154_1_MG_NL_RO_200724_GSL_1080,Netherlands,Rotterdam,51.9244,4.4777,Dokhaven,77
1014154_1,Rotterdam,Aeromonas,0.012281045,2020-07-24 00:00:00,DTU_2022_1014154_1_MG_NL_RO_200724_GSL_1080,Netherlands,Rotterdam,51.9244,4.4777,Dokhaven,77
1014154_1,Rotterdam,Aliarcobacter,0.031033474,2020-07-24 00:00:00,DTU_2022_1014154_1_MG_NL_RO_200724_GSL_1080,Netherlands,Rotterdam,51.9244,4.4777,Dokhaven,77
1014154_1,Rotterdam,Aquabacterium_A,0.000140592,2020-07-24 00:00:00,DTU_2022_1014154_1_MG_NL_RO_200724_GSL_1080,Netherlands,Rotterdam,51.9244,4.4777,Dokhaven,77
1014154_1,Rotterdam,Bacteroides,0.003448297,2020-07-24 00:00:00,DTU_2022_1014154_1_MG_NL_RO_200724_GSL_1080,Netherlands,Rotterdam,51.9244,4.4777,Dokhaven,77
1014154_1,Rotterdam,Brachymonas,0.011126395,2020-07-24 00:00:00,DTU_2022_1014154_1_MG_NL_RO_200724_GSL_1080,Netherlands,Rotterdam,51.9244,4.4777,Dokhaven,77
1014154_1,Rotterdam,Brevefilum,1.37129e-05,2020-07-24 00:00:00,DTU_2022_1014154_1_MG_NL_RO_200724_GSL_1080,Netherlands,Rotterdam,51.9244,4.4777,Dokhaven,77
1014154_1,Rotterdam,Brevundimonas,0.00109313,2020-07-24 00:00:00,DTU_2022_1014154_1_MG_NL_RO_200724_GSL_1080,Netherlands,Rotterdam,51.9244,4.4777,Dokhaven,77
1014154_1,Rotterdam,Cloacibacterium,0.015137747,2020-07-24 00:00:00,DTU_2022_1014154_1_MG_NL_RO_200724_GSL_1080,Netherlands,Rotterdam,51.9244,4.4777,Dokhaven,77
1014154_1,Rotterdam,Comamonas,0.013607595,2020-07-24 00:00:00,DTU_2022_1014154_1_MG_NL_RO_200724_GSL_1080,Netherlands,Rotterdam,51.9244,4.4777,Dokhaven,77
1014154_1,Rotterdam,Competibacter_A,0.005029515,2020-07-24 00:00:00,DTU_2022_1014154_1_MG_NL_RO_200724_GSL_1080,Netherlands,Rotterdam,51.9244,4.4777,Dokhaven,77
1014154_1,Rotterdam,Enterobacter,0.001094473,2020-07-24 00:00:00,DTU_2022_1014154_1_MG_NL_RO_200724_GSL_1080,Netherlands,Rotterdam,51.9244,4.4777,Dokhaven,77
1014154_1,Rotterdam,Fermentibacter,7.03776e-06,2020-07-24 00:00:00,DTU_2022_1014154_1_MG_NL_RO_200724_GSL_1080,Netherlands,Rotterdam,51.9244,4.4777,Dokhaven,77
1014154_1,Rotterdam,Flavobacterium,0.003541725,2020-07-24 00:00:00,DTU_2022_1014154_1_MG_NL_RO_200724_GSL_1080,Netherlands,Rotterdam,51.9244,4.4777,Dokhaven,77
1014154_1,Rotterdam,Giesbergeria,0.016231168,2020-07-24 00:00:00,DTU_2022_1014154_1_MG_NL_RO_200724_GSL_1080,Netherlands,Rotterdam,51.9244,4.4777,Dokhaven,77
1014154_1,Rotterdam,Hydrogenophaga,0.00908002,2020-07-24 00:00:00,DTU_2022_1014154_1_MG_NL_RO_200724_GSL_1080,Netherlands,Rotterdam,51.9244,4.4777,Dokhaven,77
1014154_1,Rotterdam,JAGOYM01,0.000635958,2020-07-24 00:00:00,DTU_2022_1014154_1_MG_NL_RO_200724_GSL_1080,Netherlands,Rotterdam,51.9244,4.4777,Dokhaven,77
1014154_1,Rotterdam,Janthinobacterium,0.001485731,2020-07-24 00:00:00,DTU_2022_1014154_1_MG_NL_RO_200724_GSL_1080,Netherlands,Rotterdam,51.9244,4.4777,Dokhaven,77
1014154_1,Rotterdam,Kaistella,0.001691935,2020-07-24 00:00:00,DTU_2022_1014154_1_MG_NL_RO_200724_GSL_1080,Netherlands,Rotterdam,51.9244,4.4777,Dokhaven,77
1014154_1,Rotterdam,Lactococcus_A,0.011706778,2020-07-24 00:00:00,DTU_2022_1014154_1_MG_NL_RO_200724_GSL_1080,Netherlands,Rotterdam,51.9244,4.4777,Dokhaven,77
1014154_1,Rotterdam,Lenti-01,0.005773843,2020-07-24 00:00:00,DTU_2022_1014154_1_MG_NL_RO_200724_GSL_1080,Netherlands,Rotterdam,51.9244,4.4777,Dokhaven,77
1014154_1,Rotterdam,Microthrix,8.78662e-06,2020-07-24 00:00:00,DTU_2022_1014154_1_MG_NL_RO_200724_GSL_1080,Netherlands,Rotterdam,51.9244,4.4777,Dokhaven,77
1014154_1,Rotterdam,Moraxella_A,0.000714619,2020-07-24 00:00:00,DTU_2022_1014154_1_MG_NL_RO_200724_GSL_1080,Netherlands,Rotterdam,51.9244,4.4777,Dokhaven,77
1014154_1,Rotterdam,Neisseria,0.002596926,2020-07-24 00:00:00,DTU_2022_1014154_1_MG_NL_RO_200724_GSL_1080,Netherlands,Rotterdam,51.9244,4.4777,Dokhaven,77
1014154_1,Rotterdam,Novosphingobium,0.00430767,2020-07-24 00:00:00,DTU_2022_1014154_1_MG_NL_RO_200724_GSL_1080,Netherlands,Rotterdam,51.9244,4.4777,Dokhaven,77
1014154_1,Rotterdam,Ottowia,0.011496803,2020-07-24 00:00:00,DTU_2022_1014154_1_MG_NL_RO_200724_GSL_1080,Netherlands,Rotterdam,51.9244,4.4777,Dokhaven,77
1014154_1,Rotterdam,Paracoccus,0.000514147,2020-07-24 00:00:00,DTU_2022_1014154_1_MG_NL_RO_200724_GSL_1080,Netherlands,Rotterdam,51.9244,4.4777,Dokhaven,77
1014154_1,Rotterdam,Phocaeicola,0.005229847,2020-07-24 00:00:00,DTU_2022_1014154_1_MG_NL_RO_200724_GSL_1080,Netherlands,Rotterdam,51.9244,4.4777,Dokhaven,77
1014154_1,Rotterdam,Prevotella,0.011209769,2020-07-24 00:00:00,DTU_2022_1014154_1_MG_NL_RO_200724_GSL_1080,Netherlands,Rotterdam,51.9244,4.4777,Dokhaven,77
1014154_1,Rotterdam,Propionivibrio,0.02777236,2020-07-24 00:00:00,DTU_2022_1014154_1_MG_NL_RO_200724_GSL_1080,Netherlands,Rotterdam,51.9244,4.4777,Dokhaven,77
1014154_1,Rotterdam,Pseudomonas_E,0.026622312,2020-07-24 00:00:00,DTU_2022_1014154_1_MG_NL_RO_200724_GSL_1080,Netherlands,Rotterdam,51.9244,4.4777,Dokhaven,77
1014154_1,Rotterdam,Pseudoxanthomonas,0.00289633,2020-07-24 00:00:00,DTU_2022_1014154_1_MG_NL_RO_200724_GSL_1080,Netherlands,Rotterdam,51.9244,4.4777,Dokhaven,77
1014154_1,Rotterdam,Pseudoxanthomonas_A,0.009847357,2020-07-24 00:00:00,DTU_2022_1014154_1_MG_NL_RO_200724_GSL_1080,Netherlands,Rotterdam,51.9244,4.4777,Dokhaven,77
1014154_1,Rotterdam,Psychrobacter,0.010218797,2020-07-24 00:00:00,DTU_2022_1014154_1_MG_NL_RO_200724_GSL_1080,Netherlands,Rotterdam,51.9244,4.4777,Dokhaven,77
1014154_1,Rotterdam,Rubrivivax,0.000130108,2020-07-24 00:00:00,DTU_2022_1014154_1_MG_NL_RO_200724_GSL_1080,Netherlands,Rotterdam,51.9244,4.4777,Dokhaven,77
1014154_1,Rotterdam,Streptococcus,0.00179572,2020-07-24 00:00:00,DTU_2022_1014154_1_MG_NL_RO_200724_GSL_1080,Netherlands,Rotterdam,51.9244,4.4777,Dokhaven,77
1014154_1,Rotterdam,Telluria,0.000760573,2020-07-24 00:00:00,DTU_2022_1014154_1_MG_NL_RO_200724_GSL_1080,Netherlands,Rotterdam,51.9244,4.4777,Dokhaven,77
1014154_1,Rotterdam,Thauera,0.007566104,2020-07-24 00:00:00,DTU_2022_1014154_1_MG_NL_RO_200724_GSL_1080,Netherlands,Rotterdam,51.9244,4.4777,Dokhaven,77
1014154_1,Rotterdam,Thermomonas,0.007283101,2020-07-24 00:00:00,DTU_2022_1014154_1_MG_NL_RO_200724_GSL_1080,Netherlands,Rotterdam,51.9244,4.4777,Dokhaven,77
1014154_1,Rotterdam,Thiothrix,0.003442378,2020-07-24 00:00:00,DTU_2022_1014154_1_MG_NL_RO_200724_GSL_1080,Netherlands,Rotterdam,51.9244,4.4777,Dokhaven,77
1014154_1,Rotterdam,Tolumonas,0.021335048,2020-07-24 00:00:00,DTU_2022_1014154_1_MG_NL_RO_200724_GSL_1080,Netherlands,Rotterdam,51.9244,4.4777,Dokhaven,77
1014154_1,Rotterdam,Trichococcus,0.006413238,2020-07-24 00:00:00,DTU_2022_1014154_1_MG_NL_RO_200724_GSL_1080,Netherlands,Rotterdam,51.9244,4.4777,Dokhaven,77
1014154_1,Rotterdam,UBA1413,1.86919e-06,2020-07-24 00:00:00,DTU_2022_1014154_1_MG_NL_RO_200724_GSL_1080,Netherlands,Rotterdam,51.9244,4.4777,Dokhaven,77
1014154_1,Rotterdam,merged,0.593133516,2020-07-24 00:00:00,DTU_2022_1014154_1_MG_NL_RO_200724_GSL_1080,Netherlands,Rotterdam,51.9244,4.4777,Dokhaven,77
1014156_1,Rotterdam,Acidovorax,0.138493494,2020-08-05 00:00:00,DTU_2022_1014156_1_MG_NL_RO_200805_GSL_1082,Netherlands,Rotterdam,51.9244,4.4777,Dokhaven,79
1014156_1,Rotterdam,Acinetobacter,0.011906093,2020-08-05 00:00:00,DTU_2022_1014156_1_MG_NL_RO_200805_GSL_1082,Netherlands,Rotterdam,51.9244,4.4777,Dokhaven,79
1014156_1,Rotterdam,Aeromonas,0.025122409,2020-08-05 00:00:00,DTU_2022_1014156_1_MG_NL_RO_200805_GSL_1082,Netherlands,Rotterdam,51.9244,4.4777,Dokhaven,79
1014156_1,Rotterdam,Aliarcobacter,0.010043188,2020-08-05 00:00:00,DTU_2022_1014156_1_MG_NL_RO_200805_GSL_1082,Netherlands,Rotterdam,51.9244,4.4777,Dokhaven,79
1014156_1,Rotterdam,Aquabacterium_A,0.000300291,2020-08-05 00:00:00,DTU_2022_1014156_1_MG_NL_RO_200805_GSL_1082,Netherlands,Rotterdam,51.9244,4.4777,Dokhaven,79
1014156_1,Rotterdam,Bacteroides,0.002726674,2020-08-05 00:00:00,DTU_2022_1014156_1_MG_NL_RO_200805_GSL_1082,Netherlands,Rotterdam,51.9244,4.4777,Dokhaven,79
1014156_1,Rotterdam,Brachymonas,0.009628245,2020-08-05 00:00:00,DTU_2022_1014156_1_MG_NL_RO_200805_GSL_1082,Netherlands,Rotterdam,51.9244,4.4777,Dokhaven,79
1014156_1,Rotterdam,Brevefilum,1.11798e-05,2020-08-05 00:00:00,DTU_2022_1014156_1_MG_NL_RO_200805_GSL_1082,Netherlands,Rotterdam,51.9244,4.4777,Dokhaven,79
1014156_1,Rotterdam,Brevundimonas,0.002238188,2020-08-05 00:00:00,DTU_2022_1014156_1_MG_NL_RO_200805_GSL_1082,Netherlands,Rotterdam,51.9244,4.4777,Dokhaven,79
1014156_1,Rotterdam,Cloacibacterium,0.005700223,2020-08-05 00:00:00,DTU_2022_1014156_1_MG_NL_RO_200805_GSL_1082,Netherlands,Rotterdam,51.9244,4.4777,Dokhaven,79
1014156_1,Rotterdam,Comamonas,0.008233331,2020-08-05 00:00:00,DTU_2022_1014156_1_MG_NL_RO_200805_GSL_1082,Netherlands,Rotterdam,51.9244,4.4777,Dokhaven,79
1014156_1,Rotterdam,Competibacter_A,0.004652208,2020-08-05 00:00:00,DTU_2022_1014156_1_MG_NL_RO_200805_GSL_1082,Netherlands,Rotterdam,51.9244,4.4777,Dokhaven,79
1014156_1,Rotterdam,Enterobacter,0.002019144,2020-08-05 00:00:00,DTU_2022_1014156_1_MG_NL_RO_200805_GSL_1082,Netherlands,Rotterdam,51.9244,4.4777,Dokhaven,79
1014156_1,Rotterdam,Fermentibacter,2.66027e-05,2020-08-05 00:00:00,DTU_2022_1014156_1_MG_NL_RO_200805_GSL_1082,Netherlands,Rotterdam,51.9244,4.4777,Dokhaven,79
1014156_1,Rotterdam,Flavobacterium,0.003104333,2020-08-05 00:00:00,DTU_2022_1014156_1_MG_NL_RO_200805_GSL_1082,Netherlands,Rotterdam,51.9244,4.4777,Dokhaven,79
1014156_1,Rotterdam,Giesbergeria,0.010014838,2020-08-05 00:00:00,DTU_2022_1014156_1_MG_NL_RO_200805_GSL_1082,Netherlands,Rotterdam,51.9244,4.4777,Dokhaven,79
1014156_1,Rotterdam,Hydrogenophaga,0.00287633,2020-08-05 00:00:00,DTU_2022_1014156_1_MG_NL_RO_200805_GSL_1082,Netherlands,Rotterdam,51.9244,4.4777,Dokhaven,79
1014156_1,Rotterdam,JAGOYM01,0.00028308,2020-08-05 00:00:00,DTU_2022_1014156_1_MG_NL_RO_200805_GSL_1082,Netherlands,Rotterdam,51.9244,4.4777,Dokhaven,79
1014156_1,Rotterdam,Janthinobacterium,0.000801089,2020-08-05 00:00:00,DTU_2022_1014156_1_MG_NL_RO_200805_GSL_1082,Netherlands,Rotterdam,51.9244,4.4777,Dokhaven,79
1014156_1,Rotterdam,Kaistella,0.001327237,2020-08-05 00:00:00,DTU_2022_1014156_1_MG_NL_RO_200805_GSL_1082,Netherlands,Rotterdam,51.9244,4.4777,Dokhaven,79
1014156_1,Rotterdam,Lactococcus_A,0.001734044,2020-08-05 00:00:00,DTU_2022_1014156_1_MG_NL_RO_200805_GSL_1082,Netherlands,Rotterdam,51.9244,4.4777,Dokhaven,79
1014156_1,Rotterdam,Lenti-01,0.005282172,2020-08-05 00:00:00,DTU_2022_1014156_1_MG_NL_RO_200805_GSL_1082,Netherlands,Rotterdam,51.9244,4.4777,Dokhaven,79
1014156_1,Rotterdam,Microthrix,7.28208e-06,2020-08-05 00:00:00,DTU_2022_1014156_1_MG_NL_RO_200805_GSL_1082,Netherlands,Rotterdam,51.9244,4.4777,Dokhaven,79
1014156_1,Rotterdam,Moraxella_A,0.000561861,2020-08-05 00:00:00,DTU_2022_1014156_1_MG_NL_RO_200805_GSL_1082,Netherlands,Rotterdam,51.9244,4.4777,Dokhaven,79
1014156_1,Rotterdam,Neisseria,0.002811112,2020-08-05 00:00:00,DTU_2022_1014156_1_MG_NL_RO_200805_GSL_1082,Netherlands,Rotterdam,51.9244,4.4777,Dokhaven,79
1014156_1,Rotterdam,Novosphingobium,0.017962708,2020-08-05 00:00:00,DTU_2022_1014156_1_MG_NL_RO_200805_GSL_1082,Netherlands,Rotterdam,51.9244,4.4777,Dokhaven,79
1014156_1,Rotterdam,Ottowia,0.008386878,2020-08-05 00:00:00,DTU_2022_1014156_1_MG_NL_RO_200805_GSL_1082,Netherlands,Rotterdam,51.9244,4.4777,Dokhaven,79
1014156_1,Rotterdam,Paracoccus,0.000624843,2020-08-05 00:00:00,DTU_2022_1014156_1_MG_NL_RO_200805_GSL_1082,Netherlands,Rotterdam,51.9244,4.4777,Dokhaven,79
1014156_1,Rotterdam,Phocaeicola,0.002872133,2020-08-05 00:00:00,DTU_2022_1014156_1_MG_NL_RO_200805_GSL_1082,Netherlands,Rotterdam,51.9244,4.4777,Dokhaven,79
1014156_1,Rotterdam,Prevotella,0.005690361,2020-08-05 00:00:00,DTU_2022_1014156_1_MG_NL_RO_200805_GSL_1082,Netherlands,Rotterdam,51.9244,4.4777,Dokhaven,79
1014156_1,Rotterdam,Propionivibrio,0.022285057,2020-08-05 00:00:00,DTU_2022_1014156_1_MG_NL_RO_200805_GSL_1082,Netherlands,Rotterdam,51.9244,4.4777,Dokhaven,79
1014156_1,Rotterdam,Pseudomonas_E,0.01743448,2020-08-05 00:00:00,DTU_2022_1014156_1_MG_NL_RO_200805_GSL_1082,Netherlands,Rotterdam,51.9244,4.4777,Dokhaven,79
1014156_1,Rotterdam,Pseudoxanthomonas,0.004593787,2020-08-05 00:00:00,DTU_2022_1014156_1_MG_NL_RO_200805_GSL_1082,Netherlands,Rotterdam,51.9244,4.4777,Dokhaven,79
1014156_1,Rotterdam,Pseudoxanthomonas_A,0.013303792,2020-08-05 00:00:00,DTU_2022_1014156_1_MG_NL_RO_200805_GSL_1082,Netherlands,Rotterdam,51.9244,4.4777,Dokhaven,79
1014156_1,Rotterdam,Psychrobacter,0.00086077,2020-08-05 00:00:00,DTU_2022_1014156_1_MG_NL_RO_200805_GSL_1082,Netherlands,Rotterdam,51.9244,4.4777,Dokhaven,79
1014156_1,Rotterdam,Rubrivivax,0.000530332,2020-08-05 00:00:00,DTU_2022_1014156_1_MG_NL_RO_200805_GSL_1082,Netherlands,Rotterdam,51.9244,4.4777,Dokhaven,79
1014156_1,Rotterdam,Streptococcus,0.001244778,2020-08-05 00:00:00,DTU_2022_1014156_1_MG_NL_RO_200805_GSL_1082,Netherlands,Rotterdam,51.9244,4.4777,Dokhaven,79
1014156_1,Rotterdam,Telluria,0.000955973,2020-08-05 00:00:00,DTU_2022_1014156_1_MG_NL_RO_200805_GSL_1082,Netherlands,Rotterdam,51.9244,4.4777,Dokhaven,79
1014156_1,Rotterdam,Thauera,0.007591928,2020-08-05 00:00:00,DTU_2022_1014156_1_MG_NL_RO_200805_GSL_1082,Netherlands,Rotterdam,51.9244,4.4777,Dokhaven,79
1014156_1,Rotterdam,Thermomonas,0.077786062,2020-08-05 00:00:00,DTU_2022_1014156_1_MG_NL_RO_200805_GSL_1082,Netherlands,Rotterdam,51.9244,4.4777,Dokhaven,79
1014156_1,Rotterdam,Thiothrix,0.003590975,2020-08-05 00:00:00,DTU_2022_1014156_1_MG_NL_RO_200805_GSL_1082,Netherlands,Rotterdam,51.9244,4.4777,Dokhaven,79
1014156_1,Rotterdam,Tolumonas,0.035293908,2020-08-05 00:00:00,DTU_2022_1014156_1_MG_NL_RO_200805_GSL_1082,Netherlands,Rotterdam,51.9244,4.4777,Dokhaven,79
1014156_1,Rotterdam,Trichococcus,0.001645207,2020-08-05 00:00:00,DTU_2022_1014156_1_MG_NL_RO_200805_GSL_1082,Netherlands,Rotterdam,51.9244,4.4777,Dokhaven,79
1014156_1,Rotterdam,UBA1413,1.1201e-06,2020-08-05 00:00:00,DTU_2022_1014156_1_MG_NL_RO_200805_GSL_1082,Netherlands,Rotterdam,51.9244,4.4777,Dokhaven,79
1014156_1,Rotterdam,merged,0.527440261,2020-08-05 00:00:00,DTU_2022_1014156_1_MG_NL_RO_200805_GSL_1082,Netherlands,Rotterdam,51.9244,4.4777,Dokhaven,79
1014158_1,Rotterdam,Acidovorax,0.105995723,2020-08-25 00:00:00,DTU_2022_1014158_1_MG_NL_RO_200823_GSL_1084,Netherlands,Rotterdam,51.9244,4.4777,Dokhaven,81
1014158_1,Rotterdam,Acinetobacter,0.015630702,2020-08-25 00:00:00,DTU_2022_1014158_1_MG_NL_RO_200823_GSL_1084,Netherlands,Rotterdam,51.9244,4.4777,Dokhaven,81
1014158_1,Rotterdam,Aeromonas,0.035313411,2020-08-25 00:00:00,DTU_2022_1014158_1_MG_NL_RO_200823_GSL_1084,Netherlands,Rotterdam,51.9244,4.4777,Dokhaven,81
1014158_1,Rotterdam,Aliarcobacter,0.025516536,2020-08-25 00:00:00,DTU_2022_1014158_1_MG_NL_RO_200823_GSL_1084,Netherlands,Rotterdam,51.9244,4.4777,Dokhaven,81
1014158_1,Rotterdam,Aquabacterium_A,0.000258633,2020-08-25 00:00:00,DTU_2022_1014158_1_MG_NL_RO_200823_GSL_1084,Netherlands,Rotterdam,51.9244,4.4777,Dokhaven,81
1014158_1,Rotterdam,Bacteroides,0.001467941,2020-08-25 00:00:00,DTU_2022_1014158_1_MG_NL_RO_200823_GSL_1084,Netherlands,Rotterdam,51.9244,4.4777,Dokhaven,81
1014158_1,Rotterdam,Brachymonas,0.016307988,2020-08-25 00:00:00,DTU_2022_1014158_1_MG_NL_RO_200823_GSL_1084,Netherlands,Rotterdam,51.9244,4.4777,Dokhaven,81
1014158_1,Rotterdam,Brevefilum,2.07099e-05,2020-08-25 00:00:00,DTU_2022_1014158_1_MG_NL_RO_200823_GSL_1084,Netherlands,Rotterdam,51.9244,4.4777,Dokhaven,81
1014158_1,Rotterdam,Brevundimonas,0.001543351,2020-08-25 00:00:00,DTU_2022_1014158_1_MG_NL_RO_200823_GSL_1084,Netherlands,Rotterdam,51.9244,4.4777,Dokhaven,81
1014158_1,Rotterdam,Cloacibacterium,0.011940786,2020-08-25 00:00:00,DTU_2022_1014158_1_MG_NL_RO_200823_GSL_1084,Netherlands,Rotterdam,51.9244,4.4777,Dokhaven,81
1014158_1,Rotterdam,Comamonas,0.022134935,2020-08-25 00:00:00,DTU_2022_1014158_1_MG_NL_RO_200823_GSL_1084,Netherlands,Rotterdam,51.9244,4.4777,Dokhaven,81
1014158_1,Rotterdam,Competibacter_A,0.002296776,2020-08-25 00:00:00,DTU_2022_1014158_1_MG_NL_RO_200823_GSL_1084,Netherlands,Rotterdam,51.9244,4.4777,Dokhaven,81
1014158_1,Rotterdam,Enterobacter,0.002952162,2020-08-25 00:00:00,DTU_2022_1014158_1_MG_NL_RO_200823_GSL_1084,Netherlands,Rotterdam,51.9244,4.4777,Dokhaven,81
1014158_1,Rotterdam,Fermentibacter,8.81452e-06,2020-08-25 00:00:00,DTU_2022_1014158_1_MG_NL_RO_200823_GSL_1084,Netherlands,Rotterdam,51.9244,4.4777,Dokhaven,81
1014158_1,Rotterdam,Flavobacterium,0.003077225,2020-08-25 00:00:00,DTU_2022_1014158_1_MG_NL_RO_200823_GSL_1084,Netherlands,Rotterdam,51.9244,4.4777,Dokhaven,81
1014158_1,Rotterdam,Giesbergeria,0.013644106,2020-08-25 00:00:00,DTU_2022_1014158_1_MG_NL_RO_200823_GSL_1084,Netherlands,Rotterdam,51.9244,4.4777,Dokhaven,81
1014158_1,Rotterdam,Hydrogenophaga,0.000855353,2020-08-25 00:00:00,DTU_2022_1014158_1_MG_NL_RO_200823_GSL_1084,Netherlands,Rotterdam,51.9244,4.4777,Dokhaven,81
1014158_1,Rotterdam,JAGOYM01,0.000283723,2020-08-25 00:00:00,DTU_2022_1014158_1_MG_NL_RO_200823_GSL_1084,Netherlands,Rotterdam,51.9244,4.4777,Dokhaven,81
1014158_1,Rotterdam,Janthinobacterium,0.000539779,2020-08-25 00:00:00,DTU_2022_1014158_1_MG_NL_RO_200823_GSL_1084,Netherlands,Rotterdam,51.9244,4.4777,Dokhaven,81
1014158_1,Rotterdam,Kaistella,0.001433531,2020-08-25 00:00:00,DTU_2022_1014158_1_MG_NL_RO_200823_GSL_1084,Netherlands,Rotterdam,51.9244,4.4777,Dokhaven,81
1014158_1,Rotterdam,Lactococcus_A,0.004970457,2020-08-25 00:00:00,DTU_2022_1014158_1_MG_NL_RO_200823_GSL_1084,Netherlands,Rotterdam,51.9244,4.4777,Dokhaven,81
1014158_1,Rotterdam,Lenti-01,0.005311426,2020-08-25 00:00:00,DTU_2022_1014158_1_MG_NL_RO_200823_GSL_1084,Netherlands,Rotterdam,51.9244,4.4777,Dokhaven,81
1014158_1,Rotterdam,Microthrix,7.52528e-06,2020-08-25 00:00:00,DTU_2022_1014158_1_MG_NL_RO_200823_GSL_1084,Netherlands,Rotterdam,51.9244,4.4777,Dokhaven,81
1014158_1,Rotterdam,Moraxella_A,0.001374305,2020-08-25 00:00:00,DTU_2022_1014158_1_MG_NL_RO_200823_GSL_1084,Netherlands,Rotterdam,51.9244,4.4777,Dokhaven,81
1014158_1,Rotterdam,Neisseria,0.004512124,2020-08-25 00:00:00,DTU_2022_1014158_1_MG_NL_RO_200823_GSL_1084,Netherlands,Rotterdam,51.9244,4.4777,Dokhaven,81
1014158_1,Rotterdam,Novosphingobium,0.002546271,2020-08-25 00:00:00,DTU_2022_1014158_1_MG_NL_RO_200823_GSL_1084,Netherlands,Rotterdam,51.9244,4.4777,Dokhaven,81
1014158_1,Rotterdam,Ottowia,0.014537173,2020-08-25 00:00:00,DTU_2022_1014158_1_MG_NL_RO_200823_GSL_1084,Netherlands,Rotterdam,51.9244,4.4777,Dokhaven,81
1014158_1,Rotterdam,Paracoccus,0.000986716,2020-08-25 00:00:00,DTU_2022_1014158_1_MG_NL_RO_200823_GSL_1084,Netherlands,Rotterdam,51.9244,4.4777,Dokhaven,81
1014158_1,Rotterdam,Phocaeicola,0.004910047,2020-08-25 00:00:00,DTU_2022_1014158_1_MG_NL_RO_200823_GSL_1084,Netherlands,Rotterdam,51.9244,4.4777,Dokhaven,81
1014158_1,Rotterdam,Prevotella,0.007165313,2020-08-25 00:00:00,DTU_2022_1014158_1_MG_NL_RO_200823_GSL_1084,Netherlands,Rotterdam,51.9244,4.4777,Dokhaven,81
1014158_1,Rotterdam,Propionivibrio,0.035510816,2020-08-25 00:00:00,DTU_2022_1014158_1_MG_NL_RO_200823_GSL_1084,Netherlands,Rotterdam,51.9244,4.4777,Dokhaven,81
1014158_1,Rotterdam,Pseudomonas_E,0.021339435,2020-08-25 00:00:00,DTU_2022_1014158_1_MG_NL_RO_200823_GSL_1084,Netherlands,Rotterdam,51.9244,4.4777,Dokhaven,81
1014158_1,Rotterdam,Pseudoxanthomonas,0.004503417,2020-08-25 00:00:00,DTU_2022_1014158_1_MG_NL_RO_200823_GSL_1084,Netherlands,Rotterdam,51.9244,4.4777,Dokhaven,81
1014158_1,Rotterdam,Pseudoxanthomonas_A,0.007108837,2020-08-25 00:00:00,DTU_2022_1014158_1_MG_NL_RO_200823_GSL_1084,Netherlands,Rotterdam,51.9244,4.4777,Dokhaven,81
1014158_1,Rotterdam,Psychrobacter,0.000880715,2020-08-25 00:00:00,DTU_2022_1014158_1_MG_NL_RO_200823_GSL_1084,Netherlands,Rotterdam,51.9244,4.4777,Dokhaven,81
1014158_1,Rotterdam,Rubrivivax,0.000180264,2020-08-25 00:00:00,DTU_2022_1014158_1_MG_NL_RO_200823_GSL_1084,Netherlands,Rotterdam,51.9244,4.4777,Dokhaven,81
1014158_1,Rotterdam,Streptococcus,0.001473374,2020-08-25 00:00:00,DTU_2022_1014158_1_MG_NL_RO_200823_GSL_1084,Netherlands,Rotterdam,51.9244,4.4777,Dokhaven,81
1014158_1,Rotterdam,Telluria,0.000660787,2020-08-25 00:00:00,DTU_2022_1014158_1_MG_NL_RO_200823_GSL_1084,Netherlands,Rotterdam,51.9244,4.4777,Dokhaven,81
1014158_1,Rotterdam,Thauera,0.009190804,2020-08-25 00:00:00,DTU_2022_1014158_1_MG_NL_RO_200823_GSL_1084,Netherlands,Rotterdam,51.9244,4.4777,Dokhaven,81
1014158_1,Rotterdam,Thermomonas,0.007535159,2020-08-25 00:00:00,DTU_2022_1014158_1_MG_NL_RO_200823_GSL_1084,Netherlands,Rotterdam,51.9244,4.4777,Dokhaven,81
1014158_1,Rotterdam,Thiothrix,0.011103695,2020-08-25 00:00:00,DTU_2022_1014158_1_MG_NL_RO_200823_GSL_1084,Netherlands,Rotterdam,51.9244,4.4777,Dokhaven,81
1014158_1,Rotterdam,Tolumonas,0.044986495,2020-08-25 00:00:00,DTU_2022_1014158_1_MG_NL_RO_200823_GSL_1084,Netherlands,Rotterdam,51.9244,4.4777,Dokhaven,81
1014158_1,Rotterdam,Trichococcus,0.003053242,2020-08-25 00:00:00,DTU_2022_1014158_1_MG_NL_RO_200823_GSL_1084,Netherlands,Rotterdam,51.9244,4.4777,Dokhaven,81
1014158_1,Rotterdam,UBA1413,9.9551e-07,2020-08-25 00:00:00,DTU_2022_1014158_1_MG_NL_RO_200823_GSL_1084,Netherlands,Rotterdam,51.9244,4.4777,Dokhaven,81
1014158_1,Rotterdam,merged,0.544928421,2020-08-25 00:00:00,DTU_2022_1014158_1_MG_NL_RO_200823_GSL_1084,Netherlands,Rotterdam,51.9244,4.4777,Dokhaven,81
1014159_1,Rotterdam,Acidovorax,0.105785419,2020-09-02 00:00:00,DTU_2022_1014159_1_MG_NL_RO_200902_GSL_1085,Netherlands,Rotterdam,51.9244,4.4777,Dokhaven,83
1014159_1,Rotterdam,Acinetobacter,0.015965815,2020-09-02 00:00:00,DTU_2022_1014159_1_MG_NL_RO_200902_GSL_1085,Netherlands,Rotterdam,51.9244,4.4777,Dokhaven,83
1014159_1,Rotterdam,Aeromonas,0.053811671,2020-09-02 00:00:00,DTU_2022_1014159_1_MG_NL_RO_200902_GSL_1085,Netherlands,Rotterdam,51.9244,4.4777,Dokhaven,83
1014159_1,Rotterdam,Aliarcobacter,0.005354213,2020-09-02 00:00:00,DTU_2022_1014159_1_MG_NL_RO_200902_GSL_1085,Netherlands,Rotterdam,51.9244,4.4777,Dokhaven,83
1014159_1,Rotterdam,Aquabacterium_A,0.000793559,2020-09-02 00:00:00,DTU_2022_1014159_1_MG_NL_RO_200902_GSL_1085,Netherlands,Rotterdam,51.9244,4.4777,Dokhaven,83
1014159_1,Rotterdam,Bacteroides,0.002660505,2020-09-02 00:00:00,DTU_2022_1014159_1_MG_NL_RO_200902_GSL_1085,Netherlands,Rotterdam,51.9244,4.4777,Dokhaven,83
1014159_1,Rotterdam,Brachymonas,0.035748605,2020-09-02 00:00:00,DTU_2022_1014159_1_MG_NL_RO_200902_GSL_1085,Netherlands,Rotterdam,51.9244,4.4777,Dokhaven,83
1014159_1,Rotterdam,Brevefilum,2.37395e-05,2020-09-02 00:00:00,DTU_2022_1014159_1_MG_NL_RO_200902_GSL_1085,Netherlands,Rotterdam,51.9244,4.4777,Dokhaven,83
1014159_1,Rotterdam,Brevundimonas,0.001215633,2020-09-02 00:00:00,DTU_2022_1014159_1_MG_NL_RO_200902_GSL_1085,Netherlands,Rotterdam,51.9244,4.4777,Dokhaven,83
1014159_1,Rotterdam,Cloacibacterium,0.00575753,2020-09-02 00:00:00,DTU_2022_1014159_1_MG_NL_RO_200902_GSL_1085,Netherlands,Rotterdam,51.9244,4.4777,Dokhaven,83
1014159_1,Rotterdam,Comamonas,0.012563314,2020-09-02 00:00:00,DTU_2022_1014159_1_MG_NL_RO_200902_GSL_1085,Netherlands,Rotterdam,51.9244,4.4777,Dokhaven,83
1014159_1,Rotterdam,Competibacter_A,0.000169876,2020-09-02 00:00:00,DTU_2022_1014159_1_MG_NL_RO_200902_GSL_1085,Netherlands,Rotterdam,51.9244,4.4777,Dokhaven,83
1014159_1,Rotterdam,Enterobacter,0.004182148,2020-09-02 00:00:00,DTU_2022_1014159_1_MG_NL_RO_200902_GSL_1085,Netherlands,Rotterdam,51.9244,4.4777,Dokhaven,83
1014159_1,Rotterdam,Fermentibacter,2.7628e-05,2020-09-02 00:00:00,DTU_2022_1014159_1_MG_NL_RO_200902_GSL_1085,Netherlands,Rotterdam,51.9244,4.4777,Dokhaven,83
1014159_1,Rotterdam,Flavobacterium,0.002692222,2020-09-02 00:00:00,DTU_2022_1014159_1_MG_NL_RO_200902_GSL_1085,Netherlands,Rotterdam,51.9244,4.4777,Dokhaven,83
1014159_1,Rotterdam,Giesbergeria,0.023608563,2020-09-02 00:00:00,DTU_2022_1014159_1_MG_NL_RO_200902_GSL_1085,Netherlands,Rotterdam,51.9244,4.4777,Dokhaven,83
1014159_1,Rotterdam,Hydrogenophaga,0.006642815,2020-09-02 00:00:00,DTU_2022_1014159_1_MG_NL_RO_200902_GSL_1085,Netherlands,Rotterdam,51.9244,4.4777,Dokhaven,83
1014159_1,Rotterdam,JAGOYM01,0.000241554,2020-09-02 00:00:00,DTU_2022_1014159_1_MG_NL_RO_200902_GSL_1085,Netherlands,Rotterdam,51.9244,4.4777,Dokhaven,83
1014159_1,Rotterdam,Janthinobacterium,0.000787002,2020-09-02 00:00:00,DTU_2022_1014159_1_MG_NL_RO_200902_GSL_1085,Netherlands,Rotterdam,51.9244,4.4777,Dokhaven,83
1014159_1,Rotterdam,Kaistella,0.001092459,2020-09-02 00:00:00,DTU_2022_1014159_1_MG_NL_RO_200902_GSL_1085,Netherlands,Rotterdam,51.9244,4.4777,Dokhaven,83
1014159_1,Rotterdam,Lactococcus_A,0.006214623,2020-09-02 00:00:00,DTU_2022_1014159_1_MG_NL_RO_200902_GSL_1085,Netherlands,Rotterdam,51.9244,4.4777,Dokhaven,83
1014159_1,Rotterdam,Lenti-01,0.003788605,2020-09-02 00:00:00,DTU_2022_1014159_1_MG_NL_RO_200902_GSL_1085,Netherlands,Rotterdam,51.9244,4.4777,Dokhaven,83
1014159_1,Rotterdam,Microthrix,1.33363e-05,2020-09-02 00:00:00,DTU_2022_1014159_1_MG_NL_RO_200902_GSL_1085,Netherlands,Rotterdam,51.9244,4.4777,Dokhaven,83
1014159_1,Rotterdam,Moraxella_A,0.000971163,2020-09-02 00:00:00,DTU_2022_1014159_1_MG_NL_RO_200902_GSL_1085,Netherlands,Rotterdam,51.9244,4.4777,Dokhaven,83
1014159_1,Rotterdam,Neisseria,0.006683703,2020-09-02 00:00:00,DTU_2022_1014159_1_MG_NL_RO_200902_GSL_1085,Netherlands,Rotterdam,51.9244,4.4777,Dokhaven,83
1014159_1,Rotterdam,Novosphingobium,0.002121786,2020-09-02 00:00:00,DTU_2022_1014159_1_MG_NL_RO_200902_GSL_1085,Netherlands,Rotterdam,51.9244,4.4777,Dokhaven,83
1014159_1,Rotterdam,Ottowia,0.01531885,2020-09-02 00:00:00,DTU_2022_1014159_1_MG_NL_RO_200902_GSL_1085,Netherlands,Rotterdam,51.9244,4.4777,Dokhaven,83
1014159_1,Rotterdam,Paracoccus,0.001126303,2020-09-02 00:00:00,DTU_2022_1014159_1_MG_NL_RO_200902_GSL_1085,Netherlands,Rotterdam,51.9244,4.4777,Dokhaven,83
1014159_1,Rotterdam,Phocaeicola,0.006579558,2020-09-02 00:00:00,DTU_2022_1014159_1_MG_NL_RO_200902_GSL_1085,Netherlands,Rotterdam,51.9244,4.4777,Dokhaven,83
1014159_1,Rotterdam,Prevotella,0.009946052,2020-09-02 00:00:00,DTU_2022_1014159_1_MG_NL_RO_200902_GSL_1085,Netherlands,Rotterdam,51.9244,4.4777,Dokhaven,83
1014159_1,Rotterdam,Propionivibrio,0.023294576,2020-09-02 00:00:00,DTU_2022_1014159_1_MG_NL_RO_200902_GSL_1085,Netherlands,Rotterdam,51.9244,4.4777,Dokhaven,83
1014159_1,Rotterdam,Pseudomonas_E,0.013761412,2020-09-02 00:00:00,DTU_2022_1014159_1_MG_NL_RO_200902_GSL_1085,Netherlands,Rotterdam,51.9244,4.4777,Dokhaven,83
1014159_1,Rotterdam,Pseudoxanthomonas,0.003381763,2020-09-02 00:00:00,DTU_2022_1014159_1_MG_NL_RO_200902_GSL_1085,Netherlands,Rotterdam,51.9244,4.4777,Dokhaven,83
1014159_1,Rotterdam,Pseudoxanthomonas_A,0.004129128,2020-09-02 00:00:00,DTU_2022_1014159_1_MG_NL_RO_200902_GSL_1085,Netherlands,Rotterdam,51.9244,4.4777,Dokhaven,83
1014159_1,Rotterdam,Psychrobacter,0.000396429,2020-09-02 00:00:00,DTU_2022_1014159_1_MG_NL_RO_200902_GSL_1085,Netherlands,Rotterdam,51.9244,4.4777,Dokhaven,83
1014159_1,Rotterdam,Rubrivivax,0.000194222,2020-09-02 00:00:00,DTU_2022_1014159_1_MG_NL_RO_200902_GSL_1085,Netherlands,Rotterdam,51.9244,4.4777,Dokhaven,83
1014159_1,Rotterdam,Streptococcus,0.001966499,2020-09-02 00:00:00,DTU_2022_1014159_1_MG_NL_RO_200902_GSL_1085,Netherlands,Rotterdam,51.9244,4.4777,Dokhaven,83
1014159_1,Rotterdam,Telluria,0.000809802,2020-09-02 00:00:00,DTU_2022_1014159_1_MG_NL_RO_200902_GSL_1085,Netherlands,Rotterdam,51.9244,4.4777,Dokhaven,83
1014159_1,Rotterdam,Thauera,0.0094168,2020-09-02 00:00:00,DTU_2022_1014159_1_MG_NL_RO_200902_GSL_1085,Netherlands,Rotterdam,51.9244,4.4777,Dokhaven,83
1014159_1,Rotterdam,Thermomonas,0.009874968,2020-09-02 00:00:00,DTU_2022_1014159_1_MG_NL_RO_200902_GSL_1085,Netherlands,Rotterdam,51.9244,4.4777,Dokhaven,83
1014159_1,Rotterdam,Thiothrix,0.006490705,2020-09-02 00:00:00,DTU_2022_1014159_1_MG_NL_RO_200902_GSL_1085,Netherlands,Rotterdam,51.9244,4.4777,Dokhaven,83
1014159_1,Rotterdam,Tolumonas,0.041901215,2020-09-02 00:00:00,DTU_2022_1014159_1_MG_NL_RO_200902_GSL_1085,Netherlands,Rotterdam,51.9244,4.4777,Dokhaven,83
1014159_1,Rotterdam,Trichococcus,0.006661915,2020-09-02 00:00:00,DTU_2022_1014159_1_MG_NL_RO_200902_GSL_1085,Netherlands,Rotterdam,51.9244,4.4777,Dokhaven,83
1014159_1,Rotterdam,UBA1413,8.49352e-07,2020-09-02 00:00:00,DTU_2022_1014159_1_MG_NL_RO_200902_GSL_1085,Netherlands,Rotterdam,51.9244,4.4777,Dokhaven,83
1014159_1,Rotterdam,merged,0.545831466,2020-09-02 00:00:00,DTU_2022_1014159_1_MG_NL_RO_200902_GSL_1085,Netherlands,Rotterdam,51.9244,4.4777,Dokhaven,83
1014162_1,Rotterdam,Acidovorax,0.091636222,2020-09-23 00:00:00,DTU_2022_1014162_1_MG_NL_RO_200923_GSL_1088,Netherlands,Rotterdam,51.9244,4.4777,Dokhaven,86
1014162_1,Rotterdam,Acinetobacter,0.018642221,2020-09-23 00:00:00,DTU_2022_1014162_1_MG_NL_RO_200923_GSL_1088,Netherlands,Rotterdam,51.9244,4.4777,Dokhaven,86
1014162_1,Rotterdam,Aeromonas,0.020534889,2020-09-23 00:00:00,DTU_2022_1014162_1_MG_NL_RO_200923_GSL_1088,Netherlands,Rotterdam,51.9244,4.4777,Dokhaven,86
1014162_1,Rotterdam,Aliarcobacter,0.053226329,2020-09-23 00:00:00,DTU_2022_1014162_1_MG_NL_RO_200923_GSL_1088,Netherlands,Rotterdam,51.9244,4.4777,Dokhaven,86
1014162_1,Rotterdam,Aquabacterium_A,0.000308656,2020-09-23 00:00:00,DTU_2022_1014162_1_MG_NL_RO_200923_GSL_1088,Netherlands,Rotterdam,51.9244,4.4777,Dokhaven,86
1014162_1,Rotterdam,Bacteroides,0.009597409,2020-09-23 00:00:00,DTU_2022_1014162_1_MG_NL_RO_200923_GSL_1088,Netherlands,Rotterdam,51.9244,4.4777,Dokhaven,86
1014162_1,Rotterdam,Brachymonas,0.015569053,2020-09-23 00:00:00,DTU_2022_1014162_1_MG_NL_RO_200923_GSL_1088,Netherlands,Rotterdam,51.9244,4.4777,Dokhaven,86
1014162_1,Rotterdam,Brevefilum,6.70461e-06,2020-09-23 00:00:00,DTU_2022_1014162_1_MG_NL_RO_200923_GSL_1088,Netherlands,Rotterdam,51.9244,4.4777,Dokhaven,86
1014162_1,Rotterdam,Brevundimonas,0.000987727,2020-09-23 00:00:00,DTU_2022_1014162_1_MG_NL_RO_200923_GSL_1088,Netherlands,Rotterdam,51.9244,4.4777,Dokhaven,86
1014162_1,Rotterdam,Cloacibacterium,0.00628709,2020-09-23 00:00:00,DTU_2022_1014162_1_MG_NL_RO_200923_GSL_1088,Netherlands,Rotterdam,51.9244,4.4777,Dokhaven,86
1014162_1,Rotterdam,Comamonas,0.015926666,2020-09-23 00:00:00,DTU_2022_1014162_1_MG_NL_RO_200923_GSL_1088,Netherlands,Rotterdam,51.9244,4.4777,Dokhaven,86
1014162_1,Rotterdam,Competibacter_A,0.000215362,2020-09-23 00:00:00,DTU_2022_1014162_1_MG_NL_RO_200923_GSL_1088,Netherlands,Rotterdam,51.9244,4.4777,Dokhaven,86
1014162_1,Rotterdam,Enterobacter,0.001662262,2020-09-23 00:00:00,DTU_2022_1014162_1_MG_NL_RO_200923_GSL_1088,Netherlands,Rotterdam,51.9244,4.4777,Dokhaven,86
1014162_1,Rotterdam,Fermentibacter,8.49734e-06,2020-09-23 00:00:00,DTU_2022_1014162_1_MG_NL_RO_200923_GSL_1088,Netherlands,Rotterdam,51.9244,4.4777,Dokhaven,86
1014162_1,Rotterdam,Flavobacterium,0.001861672,2020-09-23 00:00:00,DTU_2022_1014162_1_MG_NL_RO_200923_GSL_1088,Netherlands,Rotterdam,51.9244,4.4777,Dokhaven,86
1014162_1,Rotterdam,Giesbergeria,0.021142645,2020-09-23 00:00:00,DTU_2022_1014162_1_MG_NL_RO_200923_GSL_1088,Netherlands,Rotterdam,51.9244,4.4777,Dokhaven,86
1014162_1,Rotterdam,Hydrogenophaga,0.001338322,2020-09-23 00:00:00,DTU_2022_1014162_1_MG_NL_RO_200923_GSL_1088,Netherlands,Rotterdam,51.9244,4.4777,Dokhaven,86
1014162_1,Rotterdam,JAGOYM01,0.000434277,2020-09-23 00:00:00,DTU_2022_1014162_1_MG_NL_RO_200923_GSL_1088,Netherlands,Rotterdam,51.9244,4.4777,Dokhaven,86
1014162_1,Rotterdam,Janthinobacterium,0.010252324,2020-09-23 00:00:00,DTU_2022_1014162_1_MG_NL_RO_200923_GSL_1088,Netherlands,Rotterdam,51.9244,4.4777,Dokhaven,86
1014162_1,Rotterdam,Kaistella,0.000935727,2020-09-23 00:00:00,DTU_2022_1014162_1_MG_NL_RO_200923_GSL_1088,Netherlands,Rotterdam,51.9244,4.4777,Dokhaven,86
1014162_1,Rotterdam,Lactococcus_A,0.00417816,2020-09-23 00:00:00,DTU_2022_1014162_1_MG_NL_RO_200923_GSL_1088,Netherlands,Rotterdam,51.9244,4.4777,Dokhaven,86
1014162_1,Rotterdam,Lenti-01,0.004224331,2020-09-23 00:00:00,DTU_2022_1014162_1_MG_NL_RO_200923_GSL_1088,Netherlands,Rotterdam,51.9244,4.4777,Dokhaven,86
1014162_1,Rotterdam,Microthrix,8.97718e-06,2020-09-23 00:00:00,DTU_2022_1014162_1_MG_NL_RO_200923_GSL_1088,Netherlands,Rotterdam,51.9244,4.4777,Dokhaven,86
1014162_1,Rotterdam,Moraxella_A,0.000475167,2020-09-23 00:00:00,DTU_2022_1014162_1_MG_NL_RO_200923_GSL_1088,Netherlands,Rotterdam,51.9244,4.4777,Dokhaven,86
1014162_1,Rotterdam,Neisseria,0.004466957,2020-09-23 00:00:00,DTU_2022_1014162_1_MG_NL_RO_200923_GSL_1088,Netherlands,Rotterdam,51.9244,4.4777,Dokhaven,86
1014162_1,Rotterdam,Novosphingobium,0.004374982,2020-09-23 00:00:00,DTU_2022_1014162_1_MG_NL_RO_200923_GSL_1088,Netherlands,Rotterdam,51.9244,4.4777,Dokhaven,86
1014162_1,Rotterdam,Ottowia,0.011884842,2020-09-23 00:00:00,DTU_2022_1014162_1_MG_NL_RO_200923_GSL_1088,Netherlands,Rotterdam,51.9244,4.4777,Dokhaven,86
1014162_1,Rotterdam,Paracoccus,0.000762858,2020-09-23 00:00:00,DTU_2022_1014162_1_MG_NL_RO_200923_GSL_1088,Netherlands,Rotterdam,51.9244,4.4777,Dokhaven,86
1014162_1,Rotterdam,Phocaeicola,0.011799226,2020-09-23 00:00:00,DTU_2022_1014162_1_MG_NL_RO_200923_GSL_1088,Netherlands,Rotterdam,51.9244,4.4777,Dokhaven,86
1014162_1,Rotterdam,Prevotella,0.009443076,2020-09-23 00:00:00,DTU_2022_1014162_1_MG_NL_RO_200923_GSL_1088,Netherlands,Rotterdam,51.9244,4.4777,Dokhaven,86
1014162_1,Rotterdam,Propionivibrio,0.032809094,2020-09-23 00:00:00,DTU_2022_1014162_1_MG_NL_RO_200923_GSL_1088,Netherlands,Rotterdam,51.9244,4.4777,Dokhaven,86
1014162_1,Rotterdam,Pseudomonas_E,0.140776727,2020-09-23 00:00:00,DTU_2022_1014162_1_MG_NL_RO_200923_GSL_1088,Netherlands,Rotterdam,51.9244,4.4777,Dokhaven,86
1014162_1,Rotterdam,Pseudoxanthomonas,0.002521215,2020-09-23 00:00:00,DTU_2022_1014162_1_MG_NL_RO_200923_GSL_1088,Netherlands,Rotterdam,51.9244,4.4777,Dokhaven,86
1014162_1,Rotterdam,Pseudoxanthomonas_A,0.004264519,2020-09-23 00:00:00,DTU_2022_1014162_1_MG_NL_RO_200923_GSL_1088,Netherlands,Rotterdam,51.9244,4.4777,Dokhaven,86
1014162_1,Rotterdam,Psychrobacter,0.004161189,2020-09-23 00:00:00,DTU_2022_1014162_1_MG_NL_RO_200923_GSL_1088,Netherlands,Rotterdam,51.9244,4.4777,Dokhaven,86
1014162_1,Rotterdam,Rubrivivax,0.000217928,2020-09-23 00:00:00,DTU_2022_1014162_1_MG_NL_RO_200923_GSL_1088,Netherlands,Rotterdam,51.9244,4.4777,Dokhaven,86
1014162_1,Rotterdam,Streptococcus,0.001472501,2020-09-23 00:00:00,DTU_2022_1014162_1_MG_NL_RO_200923_GSL_1088,Netherlands,Rotterdam,51.9244,4.4777,Dokhaven,86
1014162_1,Rotterdam,Telluria,0.000810615,2020-09-23 00:00:00,DTU_2022_1014162_1_MG_NL_RO_200923_GSL_1088,Netherlands,Rotterdam,51.9244,4.4777,Dokhaven,86
1014162_1,Rotterdam,Thauera,0.008465352,2020-09-23 00:00:00,DTU_2022_1014162_1_MG_NL_RO_200923_GSL_1088,Netherlands,Rotterdam,51.9244,4.4777,Dokhaven,86
1014162_1,Rotterdam,Thermomonas,0.011715868,2020-09-23 00:00:00,DTU_2022_1014162_1_MG_NL_RO_200923_GSL_1088,Netherlands,Rotterdam,51.9244,4.4777,Dokhaven,86
1014162_1,Rotterdam,Thiothrix,0.008237382,2020-09-23 00:00:00,DTU_2022_1014162_1_MG_NL_RO_200923_GSL_1088,Netherlands,Rotterdam,51.9244,4.4777,Dokhaven,86
1014162_1,Rotterdam,Tolumonas,0.025953158,2020-09-23 00:00:00,DTU_2022_1014162_1_MG_NL_RO_200923_GSL_1088,Netherlands,Rotterdam,51.9244,4.4777,Dokhaven,86
1014162_1,Rotterdam,Trichococcus,0.005578494,2020-09-23 00:00:00,DTU_2022_1014162_1_MG_NL_RO_200923_GSL_1088,Netherlands,Rotterdam,51.9244,4.4777,Dokhaven,86
1014162_1,Rotterdam,UBA1413,1.28488e-06,2020-09-23 00:00:00,DTU_2022_1014162_1_MG_NL_RO_200923_GSL_1088,Netherlands,Rotterdam,51.9244,4.4777,Dokhaven,86
1014162_1,Rotterdam,merged,0.430822041,2020-09-23 00:00:00,DTU_2022_1014162_1_MG_NL_RO_200923_GSL_1088,Netherlands,Rotterdam,51.9244,4.4777,Dokhaven,86
1014164_1,Rotterdam,Acidovorax,0.179892912,2020-10-07 00:00:00,DTU_2022_1014164_1_MG_NL_RO_201007_GSL_1090,Netherlands,Rotterdam,51.9244,4.4777,Dokhaven,88
1014164_1,Rotterdam,Acinetobacter,0.048067837,2020-10-07 00:00:00,DTU_2022_1014164_1_MG_NL_RO_201007_GSL_1090,Netherlands,Rotterdam,51.9244,4.4777,Dokhaven,88
1014164_1,Rotterdam,Aeromonas,0.015812213,2020-10-07 00:00:00,DTU_2022_1014164_1_MG_NL_RO_201007_GSL_1090,Netherlands,Rotterdam,51.9244,4.4777,Dokhaven,88
1014164_1,Rotterdam,Aliarcobacter,0.007985929,2020-10-07 00:00:00,DTU_2022_1014164_1_MG_NL_RO_201007_GSL_1090,Netherlands,Rotterdam,51.9244,4.4777,Dokhaven,88
1014164_1,Rotterdam,Aquabacterium_A,0.000467563,2020-10-07 00:00:00,DTU_2022_1014164_1_MG_NL_RO_201007_GSL_1090,Netherlands,Rotterdam,51.9244,4.4777,Dokhaven,88
1014164_1,Rotterdam,Bacteroides,0.005611296,2020-10-07 00:00:00,DTU_2022_1014164_1_MG_NL_RO_201007_GSL_1090,Netherlands,Rotterdam,51.9244,4.4777,Dokhaven,88
1014164_1,Rotterdam,Brachymonas,0.013625081,2020-10-07 00:00:00,DTU_2022_1014164_1_MG_NL_RO_201007_GSL_1090,Netherlands,Rotterdam,51.9244,4.4777,Dokhaven,88
1014164_1,Rotterdam,Brevefilum,8.5422e-06,2020-10-07 00:00:00,DTU_2022_1014164_1_MG_NL_RO_201007_GSL_1090,Netherlands,Rotterdam,51.9244,4.4777,Dokhaven,88
1014164_1,Rotterdam,Brevundimonas,0.001488085,2020-10-07 00:00:00,DTU_2022_1014164_1_MG_NL_RO_201007_GSL_1090,Netherlands,Rotterdam,51.9244,4.4777,Dokhaven,88
1014164_1,Rotterdam,Cloacibacterium,0.011668491,2020-10-07 00:00:00,DTU_2022_1014164_1_MG_NL_RO_201007_GSL_1090,Netherlands,Rotterdam,51.9244,4.4777,Dokhaven,88
1014164_1,Rotterdam,Comamonas,0.008862326,2020-10-07 00:00:00,DTU_2022_1014164_1_MG_NL_RO_201007_GSL_1090,Netherlands,Rotterdam,51.9244,4.4777,Dokhaven,88
1014164_1,Rotterdam,Competibacter_A,0.000237911,2020-10-07 00:00:00,DTU_2022_1014164_1_MG_NL_RO_201007_GSL_1090,Netherlands,Rotterdam,51.9244,4.4777,Dokhaven,88
1014164_1,Rotterdam,Enterobacter,0.000725576,2020-10-07 00:00:00,DTU_2022_1014164_1_MG_NL_RO_201007_GSL_1090,Netherlands,Rotterdam,51.9244,4.4777,Dokhaven,88
1014164_1,Rotterdam,Fermentibacter,1.17841e-05,2020-10-07 00:00:00,DTU_2022_1014164_1_MG_NL_RO_201007_GSL_1090,Netherlands,Rotterdam,51.9244,4.4777,Dokhaven,88
1014164_1,Rotterdam,Flavobacterium,0.010176781,2020-10-07 00:00:00,DTU_2022_1014164_1_MG_NL_RO_201007_GSL_1090,Netherlands,Rotterdam,51.9244,4.4777,Dokhaven,88
1014164_1,Rotterdam,Giesbergeria,0.014807523,2020-10-07 00:00:00,DTU_2022_1014164_1_MG_NL_RO_201007_GSL_1090,Netherlands,Rotterdam,51.9244,4.4777,Dokhaven,88
1014164_1,Rotterdam,Hydrogenophaga,0.002204511,2020-10-07 00:00:00,DTU_2022_1014164_1_MG_NL_RO_201007_GSL_1090,Netherlands,Rotterdam,51.9244,4.4777,Dokhaven,88
1014164_1,Rotterdam,JAGOYM01,0.000705207,2020-10-07 00:00:00,DTU_2022_1014164_1_MG_NL_RO_201007_GSL_1090,Netherlands,Rotterdam,51.9244,4.4777,Dokhaven,88
1014164_1,Rotterdam,Janthinobacterium,0.001179,2020-10-07 00:00:00,DTU_2022_1014164_1_MG_NL_RO_201007_GSL_1090,Netherlands,Rotterdam,51.9244,4.4777,Dokhaven,88
1014164_1,Rotterdam,Kaistella,0.001998911,2020-10-07 00:00:00,DTU_2022_1014164_1_MG_NL_RO_201007_GSL_1090,Netherlands,Rotterdam,51.9244,4.4777,Dokhaven,88
1014164_1,Rotterdam,Lactococcus_A,0.002150275,2020-10-07 00:00:00,DTU_2022_1014164_1_MG_NL_RO_201007_GSL_1090,Netherlands,Rotterdam,51.9244,4.4777,Dokhaven,88
1014164_1,Rotterdam,Lenti-01,0.004167489,2020-10-07 00:00:00,DTU_2022_1014164_1_MG_NL_RO_201007_GSL_1090,Netherlands,Rotterdam,51.9244,4.4777,Dokhaven,88
1014164_1,Rotterdam,Microthrix,8.07337e-06,2020-10-07 00:00:00,DTU_2022_1014164_1_MG_NL_RO_201007_GSL_1090,Netherlands,Rotterdam,51.9244,4.4777,Dokhaven,88
1014164_1,Rotterdam,Moraxella_A,0.005550457,2020-10-07 00:00:00,DTU_2022_1014164_1_MG_NL_RO_201007_GSL_1090,Netherlands,Rotterdam,51.9244,4.4777,Dokhaven,88
1014164_1,Rotterdam,Neisseria,0.005388365,2020-10-07 00:00:00,DTU_2022_1014164_1_MG_NL_RO_201007_GSL_1090,Netherlands,Rotterdam,51.9244,4.4777,Dokhaven,88
1014164_1,Rotterdam,Novosphingobium,0.006182023,2020-10-07 00:00:00,DTU_2022_1014164_1_MG_NL_RO_201007_GSL_1090,Netherlands,Rotterdam,51.9244,4.4777,Dokhaven,88
1014164_1,Rotterdam,Ottowia,0.019986154,2020-10-07 00:00:00,DTU_2022_1014164_1_MG_NL_RO_201007_GSL_1090,Netherlands,Rotterdam,51.9244,4.4777,Dokhaven,88
1014164_1,Rotterdam,Paracoccus,0.001371156,2020-10-07 00:00:00,DTU_2022_1014164_1_MG_NL_RO_201007_GSL_1090,Netherlands,Rotterdam,51.9244,4.4777,Dokhaven,88
1014164_1,Rotterdam,Phocaeicola,0.015046301,2020-10-07 00:00:00,DTU_2022_1014164_1_MG_NL_RO_201007_GSL_1090,Netherlands,Rotterdam,51.9244,4.4777,Dokhaven,88
1014164_1,Rotterdam,Prevotella,0.021301491,2020-10-07 00:00:00,DTU_2022_1014164_1_MG_NL_RO_201007_GSL_1090,Netherlands,Rotterdam,51.9244,4.4777,Dokhaven,88
1014164_1,Rotterdam,Propionivibrio,0.034396814,2020-10-07 00:00:00,DTU_2022_1014164_1_MG_NL_RO_201007_GSL_1090,Netherlands,Rotterdam,51.9244,4.4777,Dokhaven,88
1014164_1,Rotterdam,Pseudomonas_E,0.017031162,2020-10-07 00:00:00,DTU_2022_1014164_1_MG_NL_RO_201007_GSL_1090,Netherlands,Rotterdam,51.9244,4.4777,Dokhaven,88
1014164_1,Rotterdam,Pseudoxanthomonas,0.011723466,2020-10-07 00:00:00,DTU_2022_1014164_1_MG_NL_RO_201007_GSL_1090,Netherlands,Rotterdam,51.9244,4.4777,Dokhaven,88
1014164_1,Rotterdam,Pseudoxanthomonas_A,0.007123671,2020-10-07 00:00:00,DTU_2022_1014164_1_MG_NL_RO_201007_GSL_1090,Netherlands,Rotterdam,51.9244,4.4777,Dokhaven,88
1014164_1,Rotterdam,Psychrobacter,0.000632806,2020-10-07 00:00:00,DTU_2022_1014164_1_MG_NL_RO_201007_GSL_1090,Netherlands,Rotterdam,51.9244,4.4777,Dokhaven,88
1014164_1,Rotterdam,Rubrivivax,0.000404868,2020-10-07 00:00:00,DTU_2022_1014164_1_MG_NL_RO_201007_GSL_1090,Netherlands,Rotterdam,51.9244,4.4777,Dokhaven,88
1014164_1,Rotterdam,Streptococcus,0.002930229,2020-10-07 00:00:00,DTU_2022_1014164_1_MG_NL_RO_201007_GSL_1090,Netherlands,Rotterdam,51.9244,4.4777,Dokhaven,88
1014164_1,Rotterdam,Telluria,0.000808765,2020-10-07 00:00:00,DTU_2022_1014164_1_MG_NL_RO_201007_GSL_1090,Netherlands,Rotterdam,51.9244,4.4777,Dokhaven,88
1014164_1,Rotterdam,Thauera,0.013374366,2020-10-07 00:00:00,DTU_2022_1014164_1_MG_NL_RO_201007_GSL_1090,Netherlands,Rotterdam,51.9244,4.4777,Dokhaven,88
1014164_1,Rotterdam,Thermomonas,0.017956367,2020-10-07 00:00:00,DTU_2022_1014164_1_MG_NL_RO_201007_GSL_1090,Netherlands,Rotterdam,51.9244,4.4777,Dokhaven,88
1014164_1,Rotterdam,Thiothrix,0.005514655,2020-10-07 00:00:00,DTU_2022_1014164_1_MG_NL_RO_201007_GSL_1090,Netherlands,Rotterdam,51.9244,4.4777,Dokhaven,88
1014164_1,Rotterdam,Tolumonas,0.012432759,2020-10-07 00:00:00,DTU_2022_1014164_1_MG_NL_RO_201007_GSL_1090,Netherlands,Rotterdam,51.9244,4.4777,Dokhaven,88
1014164_1,Rotterdam,Trichococcus,0.005761413,2020-10-07 00:00:00,DTU_2022_1014164_1_MG_NL_RO_201007_GSL_1090,Netherlands,Rotterdam,51.9244,4.4777,Dokhaven,88
1014164_1,Rotterdam,UBA1413,1.42489e-06,2020-10-07 00:00:00,DTU_2022_1014164_1_MG_NL_RO_201007_GSL_1090,Netherlands,Rotterdam,51.9244,4.4777,Dokhaven,88
1014164_1,Rotterdam,merged,0.463217971,2020-10-07 00:00:00,DTU_2022_1014164_1_MG_NL_RO_201007_GSL_1090,Netherlands,Rotterdam,51.9244,4.4777,Dokhaven,88
1014166_1,Rotterdam,Acidovorax,0.143163584,2020-10-23 00:00:00,DTU_2022_1014166_1_MG_NL_RO_201023_GSL_1092,Netherlands,Rotterdam,51.9244,4.4777,Dokhaven,90
1014166_1,Rotterdam,Acinetobacter,0.02233097,2020-10-23 00:00:00,DTU_2022_1014166_1_MG_NL_RO_201023_GSL_1092,Netherlands,Rotterdam,51.9244,4.4777,Dokhaven,90
1014166_1,Rotterdam,Aeromonas,0.028447805,2020-10-23 00:00:00,DTU_2022_1014166_1_MG_NL_RO_201023_GSL_1092,Netherlands,Rotterdam,51.9244,4.4777,Dokhaven,90
1014166_1,Rotterdam,Aliarcobacter,0.007901664,2020-10-23 00:00:00,DTU_2022_1014166_1_MG_NL_RO_201023_GSL_1092,Netherlands,Rotterdam,51.9244,4.4777,Dokhaven,90
1014166_1,Rotterdam,Aquabacterium_A,0.000217335,2020-10-23 00:00:00,DTU_2022_1014166_1_MG_NL_RO_201023_GSL_1092,Netherlands,Rotterdam,51.9244,4.4777,Dokhaven,90
1014166_1,Rotterdam,Bacteroides,0.00346539,2020-10-23 00:00:00,DTU_2022_1014166_1_MG_NL_RO_201023_GSL_1092,Netherlands,Rotterdam,51.9244,4.4777,Dokhaven,90
1014166_1,Rotterdam,Brachymonas,0.019110236,2020-10-23 00:00:00,DTU_2022_1014166_1_MG_NL_RO_201023_GSL_1092,Netherlands,Rotterdam,51.9244,4.4777,Dokhaven,90
1014166_1,Rotterdam,Brevefilum,5.02267e-06,2020-10-23 00:00:00,DTU_2022_1014166_1_MG_NL_RO_201023_GSL_1092,Netherlands,Rotterdam,51.9244,4.4777,Dokhaven,90
1014166_1,Rotterdam,Brevundimonas,0.005588943,2020-10-23 00:00:00,DTU_2022_1014166_1_MG_NL_RO_201023_GSL_1092,Netherlands,Rotterdam,51.9244,4.4777,Dokhaven,90
1014166_1,Rotterdam,Cloacibacterium,0.010350787,2020-10-23 00:00:00,DTU_2022_1014166_1_MG_NL_RO_201023_GSL_1092,Netherlands,Rotterdam,51.9244,4.4777,Dokhaven,90
1014166_1,Rotterdam,Comamonas,0.021818734,2020-10-23 00:00:00,DTU_2022_1014166_1_MG_NL_RO_201023_GSL_1092,Netherlands,Rotterdam,51.9244,4.4777,Dokhaven,90
1014166_1,Rotterdam,Competibacter_A,6.3953e-05,2020-10-23 00:00:00,DTU_2022_1014166_1_MG_NL_RO_201023_GSL_1092,Netherlands,Rotterdam,51.9244,4.4777,Dokhaven,90
1014166_1,Rotterdam,Enterobacter,0.002345298,2020-10-23 00:00:00,DTU_2022_1014166_1_MG_NL_RO_201023_GSL_1092,Netherlands,Rotterdam,51.9244,4.4777,Dokhaven,90
1014166_1,Rotterdam,Fermentibacter,6.8733e-06,2020-10-23 00:00:00,DTU_2022_1014166_1_MG_NL_RO_201023_GSL_1092,Netherlands,Rotterdam,51.9244,4.4777,Dokhaven,90
1014166_1,Rotterdam,Flavobacterium,0.003875242,2020-10-23 00:00:00,DTU_2022_1014166_1_MG_NL_RO_201023_GSL_1092,Netherlands,Rotterdam,51.9244,4.4777,Dokhaven,90
1014166_1,Rotterdam,Giesbergeria,0.014407412,2020-10-23 00:00:00,DTU_2022_1014166_1_MG_NL_RO_201023_GSL_1092,Netherlands,Rotterdam,51.9244,4.4777,Dokhaven,90
1014166_1,Rotterdam,Hydrogenophaga,0.002284647,2020-10-23 00:00:00,DTU_2022_1014166_1_MG_NL_RO_201023_GSL_1092,Netherlands,Rotterdam,51.9244,4.4777,Dokhaven,90
1014166_1,Rotterdam,JAGOYM01,0.001894975,2020-10-23 00:00:00,DTU_2022_1014166_1_MG_NL_RO_201023_GSL_1092,Netherlands,Rotterdam,51.9244,4.4777,Dokhaven,90
1014166_1,Rotterdam,Janthinobacterium,0.000765001,2020-10-23 00:00:00,DTU_2022_1014166_1_MG_NL_RO_201023_GSL_1092,Netherlands,Rotterdam,51.9244,4.4777,Dokhaven,90
1014166_1,Rotterdam,Kaistella,0.001424623,2020-10-23 00:00:00,DTU_2022_1014166_1_MG_NL_RO_201023_GSL_1092,Netherlands,Rotterdam,51.9244,4.4777,Dokhaven,90
1014166_1,Rotterdam,Lactococcus_A,0.00034171,2020-10-23 00:00:00,DTU_2022_1014166_1_MG_NL_RO_201023_GSL_1092,Netherlands,Rotterdam,51.9244,4.4777,Dokhaven,90
1014166_1,Rotterdam,Lenti-01,0.007375649,2020-10-23 00:00:00,DTU_2022_1014166_1_MG_NL_RO_201023_GSL_1092,Netherlands,Rotterdam,51.9244,4.4777,Dokhaven,90
1014166_1,Rotterdam,Microthrix,6.35881e-06,2020-10-23 00:00:00,DTU_2022_1014166_1_MG_NL_RO_201023_GSL_1092,Netherlands,Rotterdam,51.9244,4.4777,Dokhaven,90
1014166_1,Rotterdam,Moraxella_A,0.004715735,2020-10-23 00:00:00,DTU_2022_1014166_1_MG_NL_RO_201023_GSL_1092,Netherlands,Rotterdam,51.9244,4.4777,Dokhaven,90
1014166_1,Rotterdam,Neisseria,0.008516153,2020-10-23 00:00:00,DTU_2022_1014166_1_MG_NL_RO_201023_GSL_1092,Netherlands,Rotterdam,51.9244,4.4777,Dokhaven,90
1014166_1,Rotterdam,Novosphingobium,0.001353806,2020-10-23 00:00:00,DTU_2022_1014166_1_MG_NL_RO_201023_GSL_1092,Netherlands,Rotterdam,51.9244,4.4777,Dokhaven,90
1014166_1,Rotterdam,Ottowia,0.026414323,2020-10-23 00:00:00,DTU_2022_1014166_1_MG_NL_RO_201023_GSL_1092,Netherlands,Rotterdam,51.9244,4.4777,Dokhaven,90
1014166_1,Rotterdam,Paracoccus,0.00336741,2020-10-23 00:00:00,DTU_2022_1014166_1_MG_NL_RO_201023_GSL_1092,Netherlands,Rotterdam,51.9244,4.4777,Dokhaven,90
1014166_1,Rotterdam,Phocaeicola,0.003898843,2020-10-23 00:00:00,DTU_2022_1014166_1_MG_NL_RO_201023_GSL_1092,Netherlands,Rotterdam,51.9244,4.4777,Dokhaven,90
1014166_1,Rotterdam,Prevotella,0.008059337,2020-10-23 00:00:00,DTU_2022_1014166_1_MG_NL_RO_201023_GSL_1092,Netherlands,Rotterdam,51.9244,4.4777,Dokhaven,90
1014166_1,Rotterdam,Propionivibrio,0.026689908,2020-10-23 00:00:00,DTU_2022_1014166_1_MG_NL_RO_201023_GSL_1092,Netherlands,Rotterdam,51.9244,4.4777,Dokhaven,90
1014166_1,Rotterdam,Pseudomonas_E,0.014516217,2020-10-23 00:00:00,DTU_2022_1014166_1_MG_NL_RO_201023_GSL_1092,Netherlands,Rotterdam,51.9244,4.4777,Dokhaven,90
1014166_1,Rotterdam,Pseudoxanthomonas,0.006077374,2020-10-23 00:00:00,DTU_2022_1014166_1_MG_NL_RO_201023_GSL_1092,Netherlands,Rotterdam,51.9244,4.4777,Dokhaven,90
1014166_1,Rotterdam,Pseudoxanthomonas_A,0.009760251,2020-10-23 00:00:00,DTU_2022_1014166_1_MG_NL_RO_201023_GSL_1092,Netherlands,Rotterdam,51.9244,4.4777,Dokhaven,90
1014166_1,Rotterdam,Psychrobacter,0.000382773,2020-10-23 00:00:00,DTU_2022_1014166_1_MG_NL_RO_201023_GSL_1092,Netherlands,Rotterdam,51.9244,4.4777,Dokhaven,90
1014166_1,Rotterdam,Rubrivivax,0.000279074,2020-10-23 00:00:00,DTU_2022_1014166_1_MG_NL_RO_201023_GSL_1092,Netherlands,Rotterdam,51.9244,4.4777,Dokhaven,90
1014166_1,Rotterdam,Streptococcus,0.00082075,2020-10-23 00:00:00,DTU_2022_1014166_1_MG_NL_RO_201023_GSL_1092,Netherlands,Rotterdam,51.9244,4.4777,Dokhaven,90
1014166_1,Rotterdam,Telluria,0.001197999,2020-10-23 00:00:00,DTU_2022_1014166_1_MG_NL_RO_201023_GSL_1092,Netherlands,Rotterdam,51.9244,4.4777,Dokhaven,90
1014166_1,Rotterdam,Thauera,0.0090621,2020-10-23 00:00:00,DTU_2022_1014166_1_MG_NL_RO_201023_GSL_1092,Netherlands,Rotterdam,51.9244,4.4777,Dokhaven,90
1014166_1,Rotterdam,Thermomonas,0.010926304,2020-10-23 00:00:00,DTU_2022_1014166_1_MG_NL_RO_201023_GSL_1092,Netherlands,Rotterdam,51.9244,4.4777,Dokhaven,90
1014166_1,Rotterdam,Thiothrix,0.004041822,2020-10-23 00:00:00,DTU_2022_1014166_1_MG_NL_RO_201023_GSL_1092,Netherlands,Rotterdam,51.9244,4.4777,Dokhaven,90
1014166_1,Rotterdam,Tolumonas,0.026275913,2020-10-23 00:00:00,DTU_2022_1014166_1_MG_NL_RO_201023_GSL_1092,Netherlands,Rotterdam,51.9244,4.4777,Dokhaven,90
1014166_1,Rotterdam,Trichococcus,0.003334942,2020-10-23 00:00:00,DTU_2022_1014166_1_MG_NL_RO_201023_GSL_1092,Netherlands,Rotterdam,51.9244,4.4777,Dokhaven,90
1014166_1,Rotterdam,UBA1413,1.21414e-06,2020-10-23 00:00:00,DTU_2022_1014166_1_MG_NL_RO_201023_GSL_1092,Netherlands,Rotterdam,51.9244,4.4777,Dokhaven,90
1014166_1,Rotterdam,merged,0.533115541,2020-10-23 00:00:00,DTU_2022_1014166_1_MG_NL_RO_201023_GSL_1092,Netherlands,Rotterdam,51.9244,4.4777,Dokhaven,90
